

================================================================
== Vitis HLS Report for 'dense_array_array_ap_fixed_32u_config3_Pipeline_DataPrepare'
================================================================
* Date:           Sun May 17 14:56:10 2026

* Version:        2025.1 (Build 6135595 on May 21 2025)
* Project:        wedrowiec_hls_prj
* Solution:       solution1 (Vivado IP Flow Target)
* Product family: zynq
* Target device:  xc7z020-clg400-1


================================================================
== Performance Estimates
================================================================
+ Timing: 
    * Summary: 
    +--------+----------+----------+------------+
    |  Clock |  Target  | Estimated| Uncertainty|
    +--------+----------+----------+------------+
    |ap_clk  |  20.00 ns|  4.826 ns|     5.40 ns|
    +--------+----------+----------+------------+

+ Latency: 
    * Summary: 
    +---------+---------+----------+----------+-----+-----+------------------------------------------------+
    |  Latency (cycles) |  Latency (absolute) |  Interval |                    Pipeline                    |
    |   min   |   max   |    min   |    max   | min | max |                      Type                      |
    +---------+---------+----------+----------+-----+-----+------------------------------------------------+
    |        9|        9|  0.180 us|  0.180 us|    8|    8|  loop auto-rewind stp (delay=0 clock cycles(s))|
    +---------+---------+----------+----------+-----+-----+------------------------------------------------+

    + Detail: 
        * Instance: 
        N/A

        * Loop: 
        +---------------+---------+---------+----------+-----------+-----------+------+----------+
        |               |  Latency (cycles) | Iteration|  Initiation Interval  | Trip |          |
        |   Loop Name   |   min   |   max   |  Latency |  achieved |   target  | Count| Pipelined|
        +---------------+---------+---------+----------+-----------+-----------+------+----------+
        |- DataPrepare  |        7|        7|         1|          1|          1|     8|       yes|
        +---------------+---------+---------+----------+-----------+-----------+------+----------+



================================================================
== Utilization Estimates
================================================================
* Summary: 
+-----------------+---------+-----+--------+-------+-----+
|       Name      | BRAM_18K| DSP |   FF   |  LUT  | URAM|
+-----------------+---------+-----+--------+-------+-----+
|DSP              |        -|    -|       -|      -|    -|
|Expression       |        -|    -|       0|     24|    -|
|FIFO             |        -|    -|       -|      -|    -|
|Instance         |        -|    -|       -|      -|    -|
|Memory           |        -|    -|       -|      -|    -|
|Multiplexer      |        -|    -|       0|     36|    -|
|Register         |        -|    -|     517|      -|    -|
+-----------------+---------+-----+--------+-------+-----+
|Total            |        0|    0|     517|     60|    0|
+-----------------+---------+-----+--------+-------+-----+
|Available        |      280|  220|  106400|  53200|    0|
+-----------------+---------+-----+--------+-------+-----+
|Utilization (%)  |        0|    0|      ~0|     ~0|    0|
+-----------------+---------+-----+--------+-------+-----+

+ Detail: 
    * Instance: 
    N/A

    * DSP: 
    N/A

    * Memory: 
    N/A

    * FIFO: 
    N/A

    * Expression: 
    +----------------------------------+----------+----+---+----+------------+------------+
    |           Variable Name          | Operation| DSP| FF| LUT| Bitwidth P0| Bitwidth P1|
    +----------------------------------+----------+----+---+----+------------+------------+
    |i_in_fu_970_p2                    |         +|   0|  0|  11|           3|           1|
    |icmp_ln33_fu_1314_p2              |      icmp|   0|  0|  11|           3|           2|
    |ap_block_state1_pp0_stage0_iter0  |        or|   0|  0|   2|           1|           1|
    +----------------------------------+----------+----+---+----+------------+------------+
    |Total                             |          |   0|  0|  24|           7|           4|
    +----------------------------------+----------+----+---+----+------------+------------+

    * Multiplexer: 
    +-------------------------------+----+-----------+-----+-----------+
    |              Name             | LUT| Input Size| Bits| Total Bits|
    +-------------------------------+----+-----------+-----+-----------+
    |ap_done_int                    |   9|          2|    1|          2|
    |ap_sig_allocacmp_i_in129_load  |   9|          2|    3|          6|
    |i_in129_fu_188                 |   9|          2|    3|          6|
    |input_layer_TDATA_blk_n        |   9|          2|    1|          2|
    +-------------------------------+----+-----------+-----+-----------+
    |Total                          |  36|          8|    8|         16|
    +-------------------------------+----+-----------+-----+-----------+

    * Register: 
    +-------------------------+---+----+-----+-----------+
    |           Name          | FF| LUT| Bits| Const Bits|
    +-------------------------+---+----+-----+-----------+
    |ap_CS_fsm                |  1|   0|    1|          0|
    |ap_done_reg              |  1|   0|    1|          0|
    |i_in129_fu_188           |  3|   0|    3|          0|
    |p_0_0_0_0_01128_fu_444   |  8|   0|    8|          0|
    |p_0_0_0_0_011316_fu_220  |  8|   0|    8|          0|
    |p_0_0_0_0_017112_fu_412  |  8|   0|    8|          0|
    |p_0_0_0_0_03396_fu_380   |  8|   0|    8|          0|
    |p_0_0_0_0_04980_fu_348   |  8|   0|    8|          0|
    |p_0_0_0_0_06564_fu_316   |  8|   0|    8|          0|
    |p_0_0_0_0_08148_fu_284   |  8|   0|    8|          0|
    |p_0_0_0_0_09732_fu_252   |  8|   0|    8|          0|
    |p_0_1_0_0_011514_fu_216  |  8|   0|    8|          0|
    |p_0_1_0_0_019110_fu_408  |  8|   0|    8|          0|
    |p_0_1_0_0_03126_fu_440   |  8|   0|    8|          0|
    |p_0_1_0_0_03594_fu_376   |  8|   0|    8|          0|
    |p_0_1_0_0_05178_fu_344   |  8|   0|    8|          0|
    |p_0_1_0_0_06762_fu_312   |  8|   0|    8|          0|
    |p_0_1_0_0_08346_fu_280   |  8|   0|    8|          0|
    |p_0_1_0_0_09930_fu_248   |  8|   0|    8|          0|
    |p_0_2_0_0_010128_fu_244  |  8|   0|    8|          0|
    |p_0_2_0_0_011712_fu_212  |  8|   0|    8|          0|
    |p_0_2_0_0_021108_fu_404  |  8|   0|    8|          0|
    |p_0_2_0_0_03792_fu_372   |  8|   0|    8|          0|
    |p_0_2_0_0_05124_fu_436   |  8|   0|    8|          0|
    |p_0_2_0_0_05376_fu_340   |  8|   0|    8|          0|
    |p_0_2_0_0_06960_fu_308   |  8|   0|    8|          0|
    |p_0_2_0_0_08544_fu_276   |  8|   0|    8|          0|
    |p_0_3_0_0_010326_fu_240  |  8|   0|    8|          0|
    |p_0_3_0_0_011910_fu_208  |  8|   0|    8|          0|
    |p_0_3_0_0_023106_fu_400  |  8|   0|    8|          0|
    |p_0_3_0_0_03990_fu_368   |  8|   0|    8|          0|
    |p_0_3_0_0_05574_fu_336   |  8|   0|    8|          0|
    |p_0_3_0_0_07122_fu_432   |  8|   0|    8|          0|
    |p_0_3_0_0_07158_fu_304   |  8|   0|    8|          0|
    |p_0_3_0_0_08742_fu_272   |  8|   0|    8|          0|
    |p_0_4_0_0_010524_fu_236  |  8|   0|    8|          0|
    |p_0_4_0_0_01218_fu_204   |  8|   0|    8|          0|
    |p_0_4_0_0_025104_fu_396  |  8|   0|    8|          0|
    |p_0_4_0_0_04188_fu_364   |  8|   0|    8|          0|
    |p_0_4_0_0_05772_fu_332   |  8|   0|    8|          0|
    |p_0_4_0_0_07356_fu_300   |  8|   0|    8|          0|
    |p_0_4_0_0_08940_fu_268   |  8|   0|    8|          0|
    |p_0_4_0_0_09120_fu_428   |  8|   0|    8|          0|
    |p_0_5_0_0_010722_fu_232  |  8|   0|    8|          0|
    |p_0_5_0_0_011118_fu_424  |  8|   0|    8|          0|
    |p_0_5_0_0_01236_fu_200   |  8|   0|    8|          0|
    |p_0_5_0_0_027102_fu_392  |  8|   0|    8|          0|
    |p_0_5_0_0_04386_fu_360   |  8|   0|    8|          0|
    |p_0_5_0_0_05970_fu_328   |  8|   0|    8|          0|
    |p_0_5_0_0_07554_fu_296   |  8|   0|    8|          0|
    |p_0_5_0_0_09138_fu_264   |  8|   0|    8|          0|
    |p_0_6_0_0_010920_fu_228  |  8|   0|    8|          0|
    |p_0_6_0_0_01254_fu_196   |  8|   0|    8|          0|
    |p_0_6_0_0_013116_fu_420  |  8|   0|    8|          0|
    |p_0_6_0_0_029100_fu_388  |  8|   0|    8|          0|
    |p_0_6_0_0_04584_fu_356   |  8|   0|    8|          0|
    |p_0_6_0_0_06168_fu_324   |  8|   0|    8|          0|
    |p_0_6_0_0_07752_fu_292   |  8|   0|    8|          0|
    |p_0_6_0_0_09336_fu_260   |  8|   0|    8|          0|
    |p_0_7_0_0_011118_fu_224  |  8|   0|    8|          0|
    |p_0_7_0_0_01272_fu_192   |  8|   0|    8|          0|
    |p_0_7_0_0_015114_fu_416  |  8|   0|    8|          0|
    |p_0_7_0_0_03198_fu_384   |  8|   0|    8|          0|
    |p_0_7_0_0_04782_fu_352   |  8|   0|    8|          0|
    |p_0_7_0_0_06366_fu_320   |  8|   0|    8|          0|
    |p_0_7_0_0_07950_fu_288   |  8|   0|    8|          0|
    |p_0_7_0_0_09534_fu_256   |  8|   0|    8|          0|
    +-------------------------+---+----+-----+-----------+
    |Total                    |517|   0|  517|          0|
    +-------------------------+---+----+-----+-----------+



================================================================
== Interface
================================================================
* Summary: 
+--------------------+-----+-----+------------+---------------------------------------------------------------+--------------+
|      RTL Ports     | Dir | Bits|  Protocol  |                         Source Object                         |    C Type    |
+--------------------+-----+-----+------------+---------------------------------------------------------------+--------------+
|ap_clk              |   in|    1|  ap_ctrl_hs|  dense<array,array<ap_fixed,32u>,config3>_Pipeline_DataPrepare|  return value|
|ap_rst              |   in|    1|  ap_ctrl_hs|  dense<array,array<ap_fixed,32u>,config3>_Pipeline_DataPrepare|  return value|
|ap_start            |   in|    1|  ap_ctrl_hs|  dense<array,array<ap_fixed,32u>,config3>_Pipeline_DataPrepare|  return value|
|ap_done             |  out|    1|  ap_ctrl_hs|  dense<array,array<ap_fixed,32u>,config3>_Pipeline_DataPrepare|  return value|
|ap_idle             |  out|    1|  ap_ctrl_hs|  dense<array,array<ap_fixed,32u>,config3>_Pipeline_DataPrepare|  return value|
|ap_ready            |  out|    1|  ap_ctrl_hs|  dense<array,array<ap_fixed,32u>,config3>_Pipeline_DataPrepare|  return value|
|input_layer_TVALID  |   in|    1|        axis|                                                    input_layer|       pointer|
|input_layer_TDATA   |   in|   64|        axis|                                                    input_layer|       pointer|
|input_layer_TREADY  |  out|    1|        axis|                                                    input_layer|       pointer|
|data_63_out         |  out|    8|      ap_vld|                                                    data_63_out|       pointer|
|data_63_out_ap_vld  |  out|    1|      ap_vld|                                                    data_63_out|       pointer|
|data_62_out         |  out|    8|      ap_vld|                                                    data_62_out|       pointer|
|data_62_out_ap_vld  |  out|    1|      ap_vld|                                                    data_62_out|       pointer|
|data_61_out         |  out|    8|      ap_vld|                                                    data_61_out|       pointer|
|data_61_out_ap_vld  |  out|    1|      ap_vld|                                                    data_61_out|       pointer|
|data_60_out         |  out|    8|      ap_vld|                                                    data_60_out|       pointer|
|data_60_out_ap_vld  |  out|    1|      ap_vld|                                                    data_60_out|       pointer|
|data_59_out         |  out|    8|      ap_vld|                                                    data_59_out|       pointer|
|data_59_out_ap_vld  |  out|    1|      ap_vld|                                                    data_59_out|       pointer|
|data_58_out         |  out|    8|      ap_vld|                                                    data_58_out|       pointer|
|data_58_out_ap_vld  |  out|    1|      ap_vld|                                                    data_58_out|       pointer|
|data_57_out         |  out|    8|      ap_vld|                                                    data_57_out|       pointer|
|data_57_out_ap_vld  |  out|    1|      ap_vld|                                                    data_57_out|       pointer|
|data_56_out         |  out|    8|      ap_vld|                                                    data_56_out|       pointer|
|data_56_out_ap_vld  |  out|    1|      ap_vld|                                                    data_56_out|       pointer|
|data_55_out         |  out|    8|      ap_vld|                                                    data_55_out|       pointer|
|data_55_out_ap_vld  |  out|    1|      ap_vld|                                                    data_55_out|       pointer|
|data_54_out         |  out|    8|      ap_vld|                                                    data_54_out|       pointer|
|data_54_out_ap_vld  |  out|    1|      ap_vld|                                                    data_54_out|       pointer|
|data_53_out         |  out|    8|      ap_vld|                                                    data_53_out|       pointer|
|data_53_out_ap_vld  |  out|    1|      ap_vld|                                                    data_53_out|       pointer|
|data_52_out         |  out|    8|      ap_vld|                                                    data_52_out|       pointer|
|data_52_out_ap_vld  |  out|    1|      ap_vld|                                                    data_52_out|       pointer|
|data_51_out         |  out|    8|      ap_vld|                                                    data_51_out|       pointer|
|data_51_out_ap_vld  |  out|    1|      ap_vld|                                                    data_51_out|       pointer|
|data_50_out         |  out|    8|      ap_vld|                                                    data_50_out|       pointer|
|data_50_out_ap_vld  |  out|    1|      ap_vld|                                                    data_50_out|       pointer|
|data_49_out         |  out|    8|      ap_vld|                                                    data_49_out|       pointer|
|data_49_out_ap_vld  |  out|    1|      ap_vld|                                                    data_49_out|       pointer|
|data_48_out         |  out|    8|      ap_vld|                                                    data_48_out|       pointer|
|data_48_out_ap_vld  |  out|    1|      ap_vld|                                                    data_48_out|       pointer|
|data_47_out         |  out|    8|      ap_vld|                                                    data_47_out|       pointer|
|data_47_out_ap_vld  |  out|    1|      ap_vld|                                                    data_47_out|       pointer|
|data_46_out         |  out|    8|      ap_vld|                                                    data_46_out|       pointer|
|data_46_out_ap_vld  |  out|    1|      ap_vld|                                                    data_46_out|       pointer|
|data_45_out         |  out|    8|      ap_vld|                                                    data_45_out|       pointer|
|data_45_out_ap_vld  |  out|    1|      ap_vld|                                                    data_45_out|       pointer|
|data_44_out         |  out|    8|      ap_vld|                                                    data_44_out|       pointer|
|data_44_out_ap_vld  |  out|    1|      ap_vld|                                                    data_44_out|       pointer|
|data_43_out         |  out|    8|      ap_vld|                                                    data_43_out|       pointer|
|data_43_out_ap_vld  |  out|    1|      ap_vld|                                                    data_43_out|       pointer|
|data_42_out         |  out|    8|      ap_vld|                                                    data_42_out|       pointer|
|data_42_out_ap_vld  |  out|    1|      ap_vld|                                                    data_42_out|       pointer|
|data_41_out         |  out|    8|      ap_vld|                                                    data_41_out|       pointer|
|data_41_out_ap_vld  |  out|    1|      ap_vld|                                                    data_41_out|       pointer|
|data_40_out         |  out|    8|      ap_vld|                                                    data_40_out|       pointer|
|data_40_out_ap_vld  |  out|    1|      ap_vld|                                                    data_40_out|       pointer|
|data_39_out         |  out|    8|      ap_vld|                                                    data_39_out|       pointer|
|data_39_out_ap_vld  |  out|    1|      ap_vld|                                                    data_39_out|       pointer|
|data_38_out         |  out|    8|      ap_vld|                                                    data_38_out|       pointer|
|data_38_out_ap_vld  |  out|    1|      ap_vld|                                                    data_38_out|       pointer|
|data_37_out         |  out|    8|      ap_vld|                                                    data_37_out|       pointer|
|data_37_out_ap_vld  |  out|    1|      ap_vld|                                                    data_37_out|       pointer|
|data_36_out         |  out|    8|      ap_vld|                                                    data_36_out|       pointer|
|data_36_out_ap_vld  |  out|    1|      ap_vld|                                                    data_36_out|       pointer|
|data_35_out         |  out|    8|      ap_vld|                                                    data_35_out|       pointer|
|data_35_out_ap_vld  |  out|    1|      ap_vld|                                                    data_35_out|       pointer|
|data_34_out         |  out|    8|      ap_vld|                                                    data_34_out|       pointer|
|data_34_out_ap_vld  |  out|    1|      ap_vld|                                                    data_34_out|       pointer|
|data_33_out         |  out|    8|      ap_vld|                                                    data_33_out|       pointer|
|data_33_out_ap_vld  |  out|    1|      ap_vld|                                                    data_33_out|       pointer|
|data_32_out         |  out|    8|      ap_vld|                                                    data_32_out|       pointer|
|data_32_out_ap_vld  |  out|    1|      ap_vld|                                                    data_32_out|       pointer|
|data_31_out         |  out|    8|      ap_vld|                                                    data_31_out|       pointer|
|data_31_out_ap_vld  |  out|    1|      ap_vld|                                                    data_31_out|       pointer|
|data_30_out         |  out|    8|      ap_vld|                                                    data_30_out|       pointer|
|data_30_out_ap_vld  |  out|    1|      ap_vld|                                                    data_30_out|       pointer|
|data_29_out         |  out|    8|      ap_vld|                                                    data_29_out|       pointer|
|data_29_out_ap_vld  |  out|    1|      ap_vld|                                                    data_29_out|       pointer|
|data_28_out         |  out|    8|      ap_vld|                                                    data_28_out|       pointer|
|data_28_out_ap_vld  |  out|    1|      ap_vld|                                                    data_28_out|       pointer|
|data_27_out         |  out|    8|      ap_vld|                                                    data_27_out|       pointer|
|data_27_out_ap_vld  |  out|    1|      ap_vld|                                                    data_27_out|       pointer|
|data_26_out         |  out|    8|      ap_vld|                                                    data_26_out|       pointer|
|data_26_out_ap_vld  |  out|    1|      ap_vld|                                                    data_26_out|       pointer|
|data_25_out         |  out|    8|      ap_vld|                                                    data_25_out|       pointer|
|data_25_out_ap_vld  |  out|    1|      ap_vld|                                                    data_25_out|       pointer|
|data_24_out         |  out|    8|      ap_vld|                                                    data_24_out|       pointer|
|data_24_out_ap_vld  |  out|    1|      ap_vld|                                                    data_24_out|       pointer|
|data_23_out         |  out|    8|      ap_vld|                                                    data_23_out|       pointer|
|data_23_out_ap_vld  |  out|    1|      ap_vld|                                                    data_23_out|       pointer|
|data_22_out         |  out|    8|      ap_vld|                                                    data_22_out|       pointer|
|data_22_out_ap_vld  |  out|    1|      ap_vld|                                                    data_22_out|       pointer|
|data_21_out         |  out|    8|      ap_vld|                                                    data_21_out|       pointer|
|data_21_out_ap_vld  |  out|    1|      ap_vld|                                                    data_21_out|       pointer|
|data_20_out         |  out|    8|      ap_vld|                                                    data_20_out|       pointer|
|data_20_out_ap_vld  |  out|    1|      ap_vld|                                                    data_20_out|       pointer|
|data_19_out         |  out|    8|      ap_vld|                                                    data_19_out|       pointer|
|data_19_out_ap_vld  |  out|    1|      ap_vld|                                                    data_19_out|       pointer|
|data_18_out         |  out|    8|      ap_vld|                                                    data_18_out|       pointer|
|data_18_out_ap_vld  |  out|    1|      ap_vld|                                                    data_18_out|       pointer|
|data_17_out         |  out|    8|      ap_vld|                                                    data_17_out|       pointer|
|data_17_out_ap_vld  |  out|    1|      ap_vld|                                                    data_17_out|       pointer|
|data_16_out         |  out|    8|      ap_vld|                                                    data_16_out|       pointer|
|data_16_out_ap_vld  |  out|    1|      ap_vld|                                                    data_16_out|       pointer|
|data_15_out         |  out|    8|      ap_vld|                                                    data_15_out|       pointer|
|data_15_out_ap_vld  |  out|    1|      ap_vld|                                                    data_15_out|       pointer|
|data_14_out         |  out|    8|      ap_vld|                                                    data_14_out|       pointer|
|data_14_out_ap_vld  |  out|    1|      ap_vld|                                                    data_14_out|       pointer|
|data_13_out         |  out|    8|      ap_vld|                                                    data_13_out|       pointer|
|data_13_out_ap_vld  |  out|    1|      ap_vld|                                                    data_13_out|       pointer|
|data_12_out         |  out|    8|      ap_vld|                                                    data_12_out|       pointer|
|data_12_out_ap_vld  |  out|    1|      ap_vld|                                                    data_12_out|       pointer|
|data_11_out         |  out|    8|      ap_vld|                                                    data_11_out|       pointer|
|data_11_out_ap_vld  |  out|    1|      ap_vld|                                                    data_11_out|       pointer|
|data_10_out         |  out|    8|      ap_vld|                                                    data_10_out|       pointer|
|data_10_out_ap_vld  |  out|    1|      ap_vld|                                                    data_10_out|       pointer|
|data_9_out          |  out|    8|      ap_vld|                                                     data_9_out|       pointer|
|data_9_out_ap_vld   |  out|    1|      ap_vld|                                                     data_9_out|       pointer|
|data_8_out          |  out|    8|      ap_vld|                                                     data_8_out|       pointer|
|data_8_out_ap_vld   |  out|    1|      ap_vld|                                                     data_8_out|       pointer|
|data_7_out          |  out|    8|      ap_vld|                                                     data_7_out|       pointer|
|data_7_out_ap_vld   |  out|    1|      ap_vld|                                                     data_7_out|       pointer|
|data_6_out          |  out|    8|      ap_vld|                                                     data_6_out|       pointer|
|data_6_out_ap_vld   |  out|    1|      ap_vld|                                                     data_6_out|       pointer|
|data_5_out          |  out|    8|      ap_vld|                                                     data_5_out|       pointer|
|data_5_out_ap_vld   |  out|    1|      ap_vld|                                                     data_5_out|       pointer|
|data_4_out          |  out|    8|      ap_vld|                                                     data_4_out|       pointer|
|data_4_out_ap_vld   |  out|    1|      ap_vld|                                                     data_4_out|       pointer|
|data_3_out          |  out|    8|      ap_vld|                                                     data_3_out|       pointer|
|data_3_out_ap_vld   |  out|    1|      ap_vld|                                                     data_3_out|       pointer|
|data_2_out          |  out|    8|      ap_vld|                                                     data_2_out|       pointer|
|data_2_out_ap_vld   |  out|    1|      ap_vld|                                                     data_2_out|       pointer|
|data_1_out          |  out|    8|      ap_vld|                                                     data_1_out|       pointer|
|data_1_out_ap_vld   |  out|    1|      ap_vld|                                                     data_1_out|       pointer|
|data_out            |  out|    8|      ap_vld|                                                       data_out|       pointer|
|data_out_ap_vld     |  out|    1|      ap_vld|                                                       data_out|       pointer|
+--------------------+-----+-----+------------+---------------------------------------------------------------+--------------+

============================================================
+ Verbose Summary: Synthesis Manager
============================================================
InlineROM: 1
ExposeGlobal: 0
============================================================
+ Verbose Summary: CDFG Model
============================================================
IsTopModel: 0
ResetActiveHigh: 1
IsCombinational: 2
IsDatapathOnly: 2
HasWiredReturn: 1
HasMFsm: 2
HasVarLatency: 1
IsPipeline: 0
IsRtlPipelined: 0
IsInstanceOverlapped: 0
IsDontTouch: 0
HasImplIP: 0
IsGatedGlobalClock: 0

+ Individual pipeline summary: 
  * Pipeline-0: initiation interval (II) = 1, depth = 1


============================================================
+ Verbose Summary: Schedule
============================================================
* Number of FSM states : 1
* Pipeline : 1
  Pipeline-0 : II = 1, D = 1, States = { 1 }
* Dataflow Pipeline: 0

* FSM state transitions: 
1 --> 

* FSM state operations: 

State 1 <SV = 0> <Delay = 4.82>
ST_1 : Operation 4 [1/1] (0.00ns)   --->   "%i_in129 = alloca i32 1"   --->   Operation 4 'alloca' 'i_in129' <Predicate = true> <Delay = 0.00>
ST_1 : Operation 5 [1/1] (0.00ns)   --->   "%p_0_7_0_0_01272 = alloca i32 1"   --->   Operation 5 'alloca' 'p_0_7_0_0_01272' <Predicate = true> <Delay = 0.00>
ST_1 : Operation 6 [1/1] (0.00ns)   --->   "%p_0_6_0_0_01254 = alloca i32 1"   --->   Operation 6 'alloca' 'p_0_6_0_0_01254' <Predicate = true> <Delay = 0.00>
ST_1 : Operation 7 [1/1] (0.00ns)   --->   "%p_0_5_0_0_01236 = alloca i32 1"   --->   Operation 7 'alloca' 'p_0_5_0_0_01236' <Predicate = true> <Delay = 0.00>
ST_1 : Operation 8 [1/1] (0.00ns)   --->   "%p_0_4_0_0_01218 = alloca i32 1"   --->   Operation 8 'alloca' 'p_0_4_0_0_01218' <Predicate = true> <Delay = 0.00>
ST_1 : Operation 9 [1/1] (0.00ns)   --->   "%p_0_3_0_0_011910 = alloca i32 1"   --->   Operation 9 'alloca' 'p_0_3_0_0_011910' <Predicate = true> <Delay = 0.00>
ST_1 : Operation 10 [1/1] (0.00ns)   --->   "%p_0_2_0_0_011712 = alloca i32 1"   --->   Operation 10 'alloca' 'p_0_2_0_0_011712' <Predicate = true> <Delay = 0.00>
ST_1 : Operation 11 [1/1] (0.00ns)   --->   "%p_0_1_0_0_011514 = alloca i32 1"   --->   Operation 11 'alloca' 'p_0_1_0_0_011514' <Predicate = true> <Delay = 0.00>
ST_1 : Operation 12 [1/1] (0.00ns)   --->   "%p_0_0_0_0_011316 = alloca i32 1"   --->   Operation 12 'alloca' 'p_0_0_0_0_011316' <Predicate = true> <Delay = 0.00>
ST_1 : Operation 13 [1/1] (0.00ns)   --->   "%p_0_7_0_0_011118 = alloca i32 1"   --->   Operation 13 'alloca' 'p_0_7_0_0_011118' <Predicate = true> <Delay = 0.00>
ST_1 : Operation 14 [1/1] (0.00ns)   --->   "%p_0_6_0_0_010920 = alloca i32 1"   --->   Operation 14 'alloca' 'p_0_6_0_0_010920' <Predicate = true> <Delay = 0.00>
ST_1 : Operation 15 [1/1] (0.00ns)   --->   "%p_0_5_0_0_010722 = alloca i32 1"   --->   Operation 15 'alloca' 'p_0_5_0_0_010722' <Predicate = true> <Delay = 0.00>
ST_1 : Operation 16 [1/1] (0.00ns)   --->   "%p_0_4_0_0_010524 = alloca i32 1"   --->   Operation 16 'alloca' 'p_0_4_0_0_010524' <Predicate = true> <Delay = 0.00>
ST_1 : Operation 17 [1/1] (0.00ns)   --->   "%p_0_3_0_0_010326 = alloca i32 1"   --->   Operation 17 'alloca' 'p_0_3_0_0_010326' <Predicate = true> <Delay = 0.00>
ST_1 : Operation 18 [1/1] (0.00ns)   --->   "%p_0_2_0_0_010128 = alloca i32 1"   --->   Operation 18 'alloca' 'p_0_2_0_0_010128' <Predicate = true> <Delay = 0.00>
ST_1 : Operation 19 [1/1] (0.00ns)   --->   "%p_0_1_0_0_09930 = alloca i32 1"   --->   Operation 19 'alloca' 'p_0_1_0_0_09930' <Predicate = true> <Delay = 0.00>
ST_1 : Operation 20 [1/1] (0.00ns)   --->   "%p_0_0_0_0_09732 = alloca i32 1"   --->   Operation 20 'alloca' 'p_0_0_0_0_09732' <Predicate = true> <Delay = 0.00>
ST_1 : Operation 21 [1/1] (0.00ns)   --->   "%p_0_7_0_0_09534 = alloca i32 1"   --->   Operation 21 'alloca' 'p_0_7_0_0_09534' <Predicate = true> <Delay = 0.00>
ST_1 : Operation 22 [1/1] (0.00ns)   --->   "%p_0_6_0_0_09336 = alloca i32 1"   --->   Operation 22 'alloca' 'p_0_6_0_0_09336' <Predicate = true> <Delay = 0.00>
ST_1 : Operation 23 [1/1] (0.00ns)   --->   "%p_0_5_0_0_09138 = alloca i32 1"   --->   Operation 23 'alloca' 'p_0_5_0_0_09138' <Predicate = true> <Delay = 0.00>
ST_1 : Operation 24 [1/1] (0.00ns)   --->   "%p_0_4_0_0_08940 = alloca i32 1"   --->   Operation 24 'alloca' 'p_0_4_0_0_08940' <Predicate = true> <Delay = 0.00>
ST_1 : Operation 25 [1/1] (0.00ns)   --->   "%p_0_3_0_0_08742 = alloca i32 1"   --->   Operation 25 'alloca' 'p_0_3_0_0_08742' <Predicate = true> <Delay = 0.00>
ST_1 : Operation 26 [1/1] (0.00ns)   --->   "%p_0_2_0_0_08544 = alloca i32 1"   --->   Operation 26 'alloca' 'p_0_2_0_0_08544' <Predicate = true> <Delay = 0.00>
ST_1 : Operation 27 [1/1] (0.00ns)   --->   "%p_0_1_0_0_08346 = alloca i32 1"   --->   Operation 27 'alloca' 'p_0_1_0_0_08346' <Predicate = true> <Delay = 0.00>
ST_1 : Operation 28 [1/1] (0.00ns)   --->   "%p_0_0_0_0_08148 = alloca i32 1"   --->   Operation 28 'alloca' 'p_0_0_0_0_08148' <Predicate = true> <Delay = 0.00>
ST_1 : Operation 29 [1/1] (0.00ns)   --->   "%p_0_7_0_0_07950 = alloca i32 1"   --->   Operation 29 'alloca' 'p_0_7_0_0_07950' <Predicate = true> <Delay = 0.00>
ST_1 : Operation 30 [1/1] (0.00ns)   --->   "%p_0_6_0_0_07752 = alloca i32 1"   --->   Operation 30 'alloca' 'p_0_6_0_0_07752' <Predicate = true> <Delay = 0.00>
ST_1 : Operation 31 [1/1] (0.00ns)   --->   "%p_0_5_0_0_07554 = alloca i32 1"   --->   Operation 31 'alloca' 'p_0_5_0_0_07554' <Predicate = true> <Delay = 0.00>
ST_1 : Operation 32 [1/1] (0.00ns)   --->   "%p_0_4_0_0_07356 = alloca i32 1"   --->   Operation 32 'alloca' 'p_0_4_0_0_07356' <Predicate = true> <Delay = 0.00>
ST_1 : Operation 33 [1/1] (0.00ns)   --->   "%p_0_3_0_0_07158 = alloca i32 1"   --->   Operation 33 'alloca' 'p_0_3_0_0_07158' <Predicate = true> <Delay = 0.00>
ST_1 : Operation 34 [1/1] (0.00ns)   --->   "%p_0_2_0_0_06960 = alloca i32 1"   --->   Operation 34 'alloca' 'p_0_2_0_0_06960' <Predicate = true> <Delay = 0.00>
ST_1 : Operation 35 [1/1] (0.00ns)   --->   "%p_0_1_0_0_06762 = alloca i32 1"   --->   Operation 35 'alloca' 'p_0_1_0_0_06762' <Predicate = true> <Delay = 0.00>
ST_1 : Operation 36 [1/1] (0.00ns)   --->   "%p_0_0_0_0_06564 = alloca i32 1"   --->   Operation 36 'alloca' 'p_0_0_0_0_06564' <Predicate = true> <Delay = 0.00>
ST_1 : Operation 37 [1/1] (0.00ns)   --->   "%p_0_7_0_0_06366 = alloca i32 1"   --->   Operation 37 'alloca' 'p_0_7_0_0_06366' <Predicate = true> <Delay = 0.00>
ST_1 : Operation 38 [1/1] (0.00ns)   --->   "%p_0_6_0_0_06168 = alloca i32 1"   --->   Operation 38 'alloca' 'p_0_6_0_0_06168' <Predicate = true> <Delay = 0.00>
ST_1 : Operation 39 [1/1] (0.00ns)   --->   "%p_0_5_0_0_05970 = alloca i32 1"   --->   Operation 39 'alloca' 'p_0_5_0_0_05970' <Predicate = true> <Delay = 0.00>
ST_1 : Operation 40 [1/1] (0.00ns)   --->   "%p_0_4_0_0_05772 = alloca i32 1"   --->   Operation 40 'alloca' 'p_0_4_0_0_05772' <Predicate = true> <Delay = 0.00>
ST_1 : Operation 41 [1/1] (0.00ns)   --->   "%p_0_3_0_0_05574 = alloca i32 1"   --->   Operation 41 'alloca' 'p_0_3_0_0_05574' <Predicate = true> <Delay = 0.00>
ST_1 : Operation 42 [1/1] (0.00ns)   --->   "%p_0_2_0_0_05376 = alloca i32 1"   --->   Operation 42 'alloca' 'p_0_2_0_0_05376' <Predicate = true> <Delay = 0.00>
ST_1 : Operation 43 [1/1] (0.00ns)   --->   "%p_0_1_0_0_05178 = alloca i32 1"   --->   Operation 43 'alloca' 'p_0_1_0_0_05178' <Predicate = true> <Delay = 0.00>
ST_1 : Operation 44 [1/1] (0.00ns)   --->   "%p_0_0_0_0_04980 = alloca i32 1"   --->   Operation 44 'alloca' 'p_0_0_0_0_04980' <Predicate = true> <Delay = 0.00>
ST_1 : Operation 45 [1/1] (0.00ns)   --->   "%p_0_7_0_0_04782 = alloca i32 1"   --->   Operation 45 'alloca' 'p_0_7_0_0_04782' <Predicate = true> <Delay = 0.00>
ST_1 : Operation 46 [1/1] (0.00ns)   --->   "%p_0_6_0_0_04584 = alloca i32 1"   --->   Operation 46 'alloca' 'p_0_6_0_0_04584' <Predicate = true> <Delay = 0.00>
ST_1 : Operation 47 [1/1] (0.00ns)   --->   "%p_0_5_0_0_04386 = alloca i32 1"   --->   Operation 47 'alloca' 'p_0_5_0_0_04386' <Predicate = true> <Delay = 0.00>
ST_1 : Operation 48 [1/1] (0.00ns)   --->   "%p_0_4_0_0_04188 = alloca i32 1"   --->   Operation 48 'alloca' 'p_0_4_0_0_04188' <Predicate = true> <Delay = 0.00>
ST_1 : Operation 49 [1/1] (0.00ns)   --->   "%p_0_3_0_0_03990 = alloca i32 1"   --->   Operation 49 'alloca' 'p_0_3_0_0_03990' <Predicate = true> <Delay = 0.00>
ST_1 : Operation 50 [1/1] (0.00ns)   --->   "%p_0_2_0_0_03792 = alloca i32 1"   --->   Operation 50 'alloca' 'p_0_2_0_0_03792' <Predicate = true> <Delay = 0.00>
ST_1 : Operation 51 [1/1] (0.00ns)   --->   "%p_0_1_0_0_03594 = alloca i32 1"   --->   Operation 51 'alloca' 'p_0_1_0_0_03594' <Predicate = true> <Delay = 0.00>
ST_1 : Operation 52 [1/1] (0.00ns)   --->   "%p_0_0_0_0_03396 = alloca i32 1"   --->   Operation 52 'alloca' 'p_0_0_0_0_03396' <Predicate = true> <Delay = 0.00>
ST_1 : Operation 53 [1/1] (0.00ns)   --->   "%p_0_7_0_0_03198 = alloca i32 1"   --->   Operation 53 'alloca' 'p_0_7_0_0_03198' <Predicate = true> <Delay = 0.00>
ST_1 : Operation 54 [1/1] (0.00ns)   --->   "%p_0_6_0_0_029100 = alloca i32 1"   --->   Operation 54 'alloca' 'p_0_6_0_0_029100' <Predicate = true> <Delay = 0.00>
ST_1 : Operation 55 [1/1] (0.00ns)   --->   "%p_0_5_0_0_027102 = alloca i32 1"   --->   Operation 55 'alloca' 'p_0_5_0_0_027102' <Predicate = true> <Delay = 0.00>
ST_1 : Operation 56 [1/1] (0.00ns)   --->   "%p_0_4_0_0_025104 = alloca i32 1"   --->   Operation 56 'alloca' 'p_0_4_0_0_025104' <Predicate = true> <Delay = 0.00>
ST_1 : Operation 57 [1/1] (0.00ns)   --->   "%p_0_3_0_0_023106 = alloca i32 1"   --->   Operation 57 'alloca' 'p_0_3_0_0_023106' <Predicate = true> <Delay = 0.00>
ST_1 : Operation 58 [1/1] (0.00ns)   --->   "%p_0_2_0_0_021108 = alloca i32 1"   --->   Operation 58 'alloca' 'p_0_2_0_0_021108' <Predicate = true> <Delay = 0.00>
ST_1 : Operation 59 [1/1] (0.00ns)   --->   "%p_0_1_0_0_019110 = alloca i32 1"   --->   Operation 59 'alloca' 'p_0_1_0_0_019110' <Predicate = true> <Delay = 0.00>
ST_1 : Operation 60 [1/1] (0.00ns)   --->   "%p_0_0_0_0_017112 = alloca i32 1"   --->   Operation 60 'alloca' 'p_0_0_0_0_017112' <Predicate = true> <Delay = 0.00>
ST_1 : Operation 61 [1/1] (0.00ns)   --->   "%p_0_7_0_0_015114 = alloca i32 1"   --->   Operation 61 'alloca' 'p_0_7_0_0_015114' <Predicate = true> <Delay = 0.00>
ST_1 : Operation 62 [1/1] (0.00ns)   --->   "%p_0_6_0_0_013116 = alloca i32 1"   --->   Operation 62 'alloca' 'p_0_6_0_0_013116' <Predicate = true> <Delay = 0.00>
ST_1 : Operation 63 [1/1] (0.00ns)   --->   "%p_0_5_0_0_011118 = alloca i32 1"   --->   Operation 63 'alloca' 'p_0_5_0_0_011118' <Predicate = true> <Delay = 0.00>
ST_1 : Operation 64 [1/1] (0.00ns)   --->   "%p_0_4_0_0_09120 = alloca i32 1"   --->   Operation 64 'alloca' 'p_0_4_0_0_09120' <Predicate = true> <Delay = 0.00>
ST_1 : Operation 65 [1/1] (0.00ns)   --->   "%p_0_3_0_0_07122 = alloca i32 1"   --->   Operation 65 'alloca' 'p_0_3_0_0_07122' <Predicate = true> <Delay = 0.00>
ST_1 : Operation 66 [1/1] (0.00ns)   --->   "%p_0_2_0_0_05124 = alloca i32 1"   --->   Operation 66 'alloca' 'p_0_2_0_0_05124' <Predicate = true> <Delay = 0.00>
ST_1 : Operation 67 [1/1] (0.00ns)   --->   "%p_0_1_0_0_03126 = alloca i32 1"   --->   Operation 67 'alloca' 'p_0_1_0_0_03126' <Predicate = true> <Delay = 0.00>
ST_1 : Operation 68 [1/1] (0.00ns)   --->   "%p_0_0_0_0_01128 = alloca i32 1"   --->   Operation 68 'alloca' 'p_0_0_0_0_01128' <Predicate = true> <Delay = 0.00>
ST_1 : Operation 69 [1/1] (0.00ns)   --->   "%specinterface_ln0 = specinterface void @_ssdm_op_SpecInterface, i64 %input_layer, void @empty, i32 0, i32 0, void @empty_0, i32 0, i32 0, void @empty_1, void @empty_1, void @empty_1, i32 0, i32 0, i32 0, i32 0, void @empty_1, void @empty_1, i32 4294967295, i32 0, i32 0"   --->   Operation 69 'specinterface' 'specinterface_ln0' <Predicate = true> <Delay = 0.00>
ST_1 : Operation 70 [1/1] (1.58ns)   --->   "%store_ln0 = store i3 0, i3 %i_in129"   --->   Operation 70 'store' 'store_ln0' <Predicate = true> <Delay = 1.58>
ST_1 : Operation 71 [1/1] (0.00ns)   --->   "%br_ln33 = br void %for.body.i.split" [firmware/nnet_utils/nnet_dense_stream.h:33->firmware/nnet_utils/nnet_dense_stream.h:93]   --->   Operation 71 'br' 'br_ln33' <Predicate = true> <Delay = 0.00>
ST_1 : Operation 72 [1/1] (0.00ns)   --->   "%i_in129_load = load i3 %i_in129" [firmware/nnet_utils/nnet_dense_stream.h:33->firmware/nnet_utils/nnet_dense_stream.h:93]   --->   Operation 72 'load' 'i_in129_load' <Predicate = true> <Delay = 0.00>
ST_1 : Operation 73 [1/1] (0.00ns)   --->   "%specpipeline_ln34 = specpipeline void @_ssdm_op_SpecPipeline, i32 4294967295, i32 0, i32 0, i32 0, void @empty_1" [firmware/nnet_utils/nnet_dense_stream.h:34->firmware/nnet_utils/nnet_dense_stream.h:93]   --->   Operation 73 'specpipeline' 'specpipeline_ln34' <Predicate = true> <Delay = 0.00>
ST_1 : Operation 74 [1/1] (0.00ns)   --->   "%speclooptripcount_ln33 = speclooptripcount void @_ssdm_op_SpecLoopTripCount, i64 8, i64 8, i64 8" [firmware/nnet_utils/nnet_dense_stream.h:33->firmware/nnet_utils/nnet_dense_stream.h:93]   --->   Operation 74 'speclooptripcount' 'speclooptripcount_ln33' <Predicate = true> <Delay = 0.00>
ST_1 : Operation 75 [1/1] (0.00ns)   --->   "%specloopname_ln33 = specloopname void @_ssdm_op_SpecLoopName, void @empty_5" [firmware/nnet_utils/nnet_dense_stream.h:33->firmware/nnet_utils/nnet_dense_stream.h:93]   --->   Operation 75 'specloopname' 'specloopname_ln33' <Predicate = true> <Delay = 0.00>
ST_1 : Operation 76 [1/1] (0.51ns)   --->   "%input_layer_read = read i64 @_ssdm_op_Read.axis.volatile.i64P128A, i64 %input_layer" [firmware/nnet_utils/nnet_dense_stream.h:35->firmware/nnet_utils/nnet_dense_stream.h:93]   --->   Operation 76 'read' 'input_layer_read' <Predicate = true> <Delay = 0.51> <CoreInst = "regslice">   --->   Core 135 'regslice' <Latency = 0> <II = 1> <Delay = 2.48> <Adapter> <Opcode : 'read' 'write'>
ST_1 : Operation 77 [1/1] (0.00ns)   --->   "%data_pack = trunc i64 %input_layer_read" [firmware/nnet_utils/nnet_dense_stream.h:35->firmware/nnet_utils/nnet_dense_stream.h:93]   --->   Operation 77 'trunc' 'data_pack' <Predicate = true> <Delay = 0.00>
ST_1 : Operation 78 [1/1] (0.00ns)   --->   "%data_pack_1 = partselect i8 @_ssdm_op_PartSelect.i8.i64.i64, i64 %input_layer_read, i64 8" [firmware/nnet_utils/nnet_dense_stream.h:35->firmware/nnet_utils/nnet_dense_stream.h:93]   --->   Operation 78 'partselect' 'data_pack_1' <Predicate = true> <Delay = 0.00>
ST_1 : Operation 79 [1/1] (0.00ns)   --->   "%data_pack_2 = partselect i8 @_ssdm_op_PartSelect.i8.i64.i64, i64 %input_layer_read, i64 16" [firmware/nnet_utils/nnet_dense_stream.h:35->firmware/nnet_utils/nnet_dense_stream.h:93]   --->   Operation 79 'partselect' 'data_pack_2' <Predicate = true> <Delay = 0.00>
ST_1 : Operation 80 [1/1] (0.00ns)   --->   "%data_pack_3 = partselect i8 @_ssdm_op_PartSelect.i8.i64.i64, i64 %input_layer_read, i64 24" [firmware/nnet_utils/nnet_dense_stream.h:35->firmware/nnet_utils/nnet_dense_stream.h:93]   --->   Operation 80 'partselect' 'data_pack_3' <Predicate = true> <Delay = 0.00>
ST_1 : Operation 81 [1/1] (0.00ns)   --->   "%data_pack_4 = partselect i8 @_ssdm_op_PartSelect.i8.i64.i64, i64 %input_layer_read, i64 32" [firmware/nnet_utils/nnet_dense_stream.h:35->firmware/nnet_utils/nnet_dense_stream.h:93]   --->   Operation 81 'partselect' 'data_pack_4' <Predicate = true> <Delay = 0.00>
ST_1 : Operation 82 [1/1] (0.00ns)   --->   "%data_pack_5 = partselect i8 @_ssdm_op_PartSelect.i8.i64.i64, i64 %input_layer_read, i64 40" [firmware/nnet_utils/nnet_dense_stream.h:35->firmware/nnet_utils/nnet_dense_stream.h:93]   --->   Operation 82 'partselect' 'data_pack_5' <Predicate = true> <Delay = 0.00>
ST_1 : Operation 83 [1/1] (0.00ns)   --->   "%data_pack_6 = partselect i8 @_ssdm_op_PartSelect.i8.i64.i64, i64 %input_layer_read, i64 48" [firmware/nnet_utils/nnet_dense_stream.h:35->firmware/nnet_utils/nnet_dense_stream.h:93]   --->   Operation 83 'partselect' 'data_pack_6' <Predicate = true> <Delay = 0.00>
ST_1 : Operation 84 [1/1] (0.00ns)   --->   "%data_pack_7 = partselect i8 @_ssdm_op_PartSelect.i8.i64.i64, i64 %input_layer_read, i64 56" [firmware/nnet_utils/nnet_dense_stream.h:35->firmware/nnet_utils/nnet_dense_stream.h:93]   --->   Operation 84 'partselect' 'data_pack_7' <Predicate = true> <Delay = 0.00>
ST_1 : Operation 85 [1/1] (1.65ns)   --->   "%i_in = add i3 %i_in129_load, i3 1" [firmware/nnet_utils/nnet_dense_stream.h:33->firmware/nnet_utils/nnet_dense_stream.h:93]   --->   Operation 85 'add' 'i_in' <Predicate = true> <Delay = 1.65> <CoreInst = "Adder">   --->   Core 1 'Adder' <Latency = 0> <II = 1> <Delay = 1.65> <FuncUnit> <Opcode : 'add' 'sub'> <InPorts = 2> <OutPorts = 1>
ST_1 : Operation 86 [1/1] (1.65ns)   --->   "%switch_ln39 = switch i3 %i_in129_load, void %arrayidx.i3.7.case.63, i3 0, void %arrayidx.i3.7.case.7, i3 1, void %arrayidx.i3.7.case.15, i3 2, void %arrayidx.i3.7.case.23, i3 3, void %arrayidx.i3.7.case.31, i3 4, void %arrayidx.i3.7.case.39, i3 5, void %arrayidx.i3.7.case.47, i3 6, void %for.body.i.split.arrayidx.i3.7.exit_crit_edge" [firmware/nnet_utils/nnet_dense_stream.h:39->firmware/nnet_utils/nnet_dense_stream.h:93]   --->   Operation 86 'switch' 'switch_ln39' <Predicate = true> <Delay = 1.65>
ST_1 : Operation 87 [1/1] (0.00ns)   --->   "%store_ln35 = store i8 %data_pack, i8 %p_0_0_0_0_01128" [firmware/nnet_utils/nnet_dense_stream.h:35->firmware/nnet_utils/nnet_dense_stream.h:93]   --->   Operation 87 'store' 'store_ln35' <Predicate = (i_in129_load == 6)> <Delay = 0.00>
ST_1 : Operation 88 [1/1] (0.00ns)   --->   "%store_ln35 = store i8 %data_pack_1, i8 %p_0_1_0_0_03126" [firmware/nnet_utils/nnet_dense_stream.h:35->firmware/nnet_utils/nnet_dense_stream.h:93]   --->   Operation 88 'store' 'store_ln35' <Predicate = (i_in129_load == 6)> <Delay = 0.00>
ST_1 : Operation 89 [1/1] (0.00ns)   --->   "%store_ln35 = store i8 %data_pack_2, i8 %p_0_2_0_0_05124" [firmware/nnet_utils/nnet_dense_stream.h:35->firmware/nnet_utils/nnet_dense_stream.h:93]   --->   Operation 89 'store' 'store_ln35' <Predicate = (i_in129_load == 6)> <Delay = 0.00>
ST_1 : Operation 90 [1/1] (0.00ns)   --->   "%store_ln35 = store i8 %data_pack_3, i8 %p_0_3_0_0_07122" [firmware/nnet_utils/nnet_dense_stream.h:35->firmware/nnet_utils/nnet_dense_stream.h:93]   --->   Operation 90 'store' 'store_ln35' <Predicate = (i_in129_load == 6)> <Delay = 0.00>
ST_1 : Operation 91 [1/1] (0.00ns)   --->   "%store_ln35 = store i8 %data_pack_4, i8 %p_0_4_0_0_09120" [firmware/nnet_utils/nnet_dense_stream.h:35->firmware/nnet_utils/nnet_dense_stream.h:93]   --->   Operation 91 'store' 'store_ln35' <Predicate = (i_in129_load == 6)> <Delay = 0.00>
ST_1 : Operation 92 [1/1] (0.00ns)   --->   "%store_ln35 = store i8 %data_pack_5, i8 %p_0_5_0_0_011118" [firmware/nnet_utils/nnet_dense_stream.h:35->firmware/nnet_utils/nnet_dense_stream.h:93]   --->   Operation 92 'store' 'store_ln35' <Predicate = (i_in129_load == 6)> <Delay = 0.00>
ST_1 : Operation 93 [1/1] (0.00ns)   --->   "%store_ln35 = store i8 %data_pack_6, i8 %p_0_6_0_0_013116" [firmware/nnet_utils/nnet_dense_stream.h:35->firmware/nnet_utils/nnet_dense_stream.h:93]   --->   Operation 93 'store' 'store_ln35' <Predicate = (i_in129_load == 6)> <Delay = 0.00>
ST_1 : Operation 94 [1/1] (0.00ns)   --->   "%store_ln35 = store i8 %data_pack_7, i8 %p_0_7_0_0_015114" [firmware/nnet_utils/nnet_dense_stream.h:35->firmware/nnet_utils/nnet_dense_stream.h:93]   --->   Operation 94 'store' 'store_ln35' <Predicate = (i_in129_load == 6)> <Delay = 0.00>
ST_1 : Operation 95 [1/1] (0.00ns)   --->   "%br_ln39 = br void %arrayidx.i3.7.exit" [firmware/nnet_utils/nnet_dense_stream.h:39->firmware/nnet_utils/nnet_dense_stream.h:93]   --->   Operation 95 'br' 'br_ln39' <Predicate = (i_in129_load == 6)> <Delay = 0.00>
ST_1 : Operation 96 [1/1] (0.00ns)   --->   "%store_ln35 = store i8 %data_pack, i8 %p_0_0_0_0_017112" [firmware/nnet_utils/nnet_dense_stream.h:35->firmware/nnet_utils/nnet_dense_stream.h:93]   --->   Operation 96 'store' 'store_ln35' <Predicate = (i_in129_load == 5)> <Delay = 0.00>
ST_1 : Operation 97 [1/1] (0.00ns)   --->   "%store_ln35 = store i8 %data_pack_1, i8 %p_0_1_0_0_019110" [firmware/nnet_utils/nnet_dense_stream.h:35->firmware/nnet_utils/nnet_dense_stream.h:93]   --->   Operation 97 'store' 'store_ln35' <Predicate = (i_in129_load == 5)> <Delay = 0.00>
ST_1 : Operation 98 [1/1] (0.00ns)   --->   "%store_ln35 = store i8 %data_pack_2, i8 %p_0_2_0_0_021108" [firmware/nnet_utils/nnet_dense_stream.h:35->firmware/nnet_utils/nnet_dense_stream.h:93]   --->   Operation 98 'store' 'store_ln35' <Predicate = (i_in129_load == 5)> <Delay = 0.00>
ST_1 : Operation 99 [1/1] (0.00ns)   --->   "%store_ln35 = store i8 %data_pack_3, i8 %p_0_3_0_0_023106" [firmware/nnet_utils/nnet_dense_stream.h:35->firmware/nnet_utils/nnet_dense_stream.h:93]   --->   Operation 99 'store' 'store_ln35' <Predicate = (i_in129_load == 5)> <Delay = 0.00>
ST_1 : Operation 100 [1/1] (0.00ns)   --->   "%store_ln35 = store i8 %data_pack_4, i8 %p_0_4_0_0_025104" [firmware/nnet_utils/nnet_dense_stream.h:35->firmware/nnet_utils/nnet_dense_stream.h:93]   --->   Operation 100 'store' 'store_ln35' <Predicate = (i_in129_load == 5)> <Delay = 0.00>
ST_1 : Operation 101 [1/1] (0.00ns)   --->   "%store_ln35 = store i8 %data_pack_5, i8 %p_0_5_0_0_027102" [firmware/nnet_utils/nnet_dense_stream.h:35->firmware/nnet_utils/nnet_dense_stream.h:93]   --->   Operation 101 'store' 'store_ln35' <Predicate = (i_in129_load == 5)> <Delay = 0.00>
ST_1 : Operation 102 [1/1] (0.00ns)   --->   "%store_ln35 = store i8 %data_pack_6, i8 %p_0_6_0_0_029100" [firmware/nnet_utils/nnet_dense_stream.h:35->firmware/nnet_utils/nnet_dense_stream.h:93]   --->   Operation 102 'store' 'store_ln35' <Predicate = (i_in129_load == 5)> <Delay = 0.00>
ST_1 : Operation 103 [1/1] (0.00ns)   --->   "%store_ln35 = store i8 %data_pack_7, i8 %p_0_7_0_0_03198" [firmware/nnet_utils/nnet_dense_stream.h:35->firmware/nnet_utils/nnet_dense_stream.h:93]   --->   Operation 103 'store' 'store_ln35' <Predicate = (i_in129_load == 5)> <Delay = 0.00>
ST_1 : Operation 104 [1/1] (0.00ns)   --->   "%br_ln39 = br void %arrayidx.i3.7.exit" [firmware/nnet_utils/nnet_dense_stream.h:39->firmware/nnet_utils/nnet_dense_stream.h:93]   --->   Operation 104 'br' 'br_ln39' <Predicate = (i_in129_load == 5)> <Delay = 0.00>
ST_1 : Operation 105 [1/1] (0.00ns)   --->   "%store_ln35 = store i8 %data_pack, i8 %p_0_0_0_0_03396" [firmware/nnet_utils/nnet_dense_stream.h:35->firmware/nnet_utils/nnet_dense_stream.h:93]   --->   Operation 105 'store' 'store_ln35' <Predicate = (i_in129_load == 4)> <Delay = 0.00>
ST_1 : Operation 106 [1/1] (0.00ns)   --->   "%store_ln35 = store i8 %data_pack_1, i8 %p_0_1_0_0_03594" [firmware/nnet_utils/nnet_dense_stream.h:35->firmware/nnet_utils/nnet_dense_stream.h:93]   --->   Operation 106 'store' 'store_ln35' <Predicate = (i_in129_load == 4)> <Delay = 0.00>
ST_1 : Operation 107 [1/1] (0.00ns)   --->   "%store_ln35 = store i8 %data_pack_2, i8 %p_0_2_0_0_03792" [firmware/nnet_utils/nnet_dense_stream.h:35->firmware/nnet_utils/nnet_dense_stream.h:93]   --->   Operation 107 'store' 'store_ln35' <Predicate = (i_in129_load == 4)> <Delay = 0.00>
ST_1 : Operation 108 [1/1] (0.00ns)   --->   "%store_ln35 = store i8 %data_pack_3, i8 %p_0_3_0_0_03990" [firmware/nnet_utils/nnet_dense_stream.h:35->firmware/nnet_utils/nnet_dense_stream.h:93]   --->   Operation 108 'store' 'store_ln35' <Predicate = (i_in129_load == 4)> <Delay = 0.00>
ST_1 : Operation 109 [1/1] (0.00ns)   --->   "%store_ln35 = store i8 %data_pack_4, i8 %p_0_4_0_0_04188" [firmware/nnet_utils/nnet_dense_stream.h:35->firmware/nnet_utils/nnet_dense_stream.h:93]   --->   Operation 109 'store' 'store_ln35' <Predicate = (i_in129_load == 4)> <Delay = 0.00>
ST_1 : Operation 110 [1/1] (0.00ns)   --->   "%store_ln35 = store i8 %data_pack_5, i8 %p_0_5_0_0_04386" [firmware/nnet_utils/nnet_dense_stream.h:35->firmware/nnet_utils/nnet_dense_stream.h:93]   --->   Operation 110 'store' 'store_ln35' <Predicate = (i_in129_load == 4)> <Delay = 0.00>
ST_1 : Operation 111 [1/1] (0.00ns)   --->   "%store_ln35 = store i8 %data_pack_6, i8 %p_0_6_0_0_04584" [firmware/nnet_utils/nnet_dense_stream.h:35->firmware/nnet_utils/nnet_dense_stream.h:93]   --->   Operation 111 'store' 'store_ln35' <Predicate = (i_in129_load == 4)> <Delay = 0.00>
ST_1 : Operation 112 [1/1] (0.00ns)   --->   "%store_ln35 = store i8 %data_pack_7, i8 %p_0_7_0_0_04782" [firmware/nnet_utils/nnet_dense_stream.h:35->firmware/nnet_utils/nnet_dense_stream.h:93]   --->   Operation 112 'store' 'store_ln35' <Predicate = (i_in129_load == 4)> <Delay = 0.00>
ST_1 : Operation 113 [1/1] (0.00ns)   --->   "%br_ln39 = br void %arrayidx.i3.7.exit" [firmware/nnet_utils/nnet_dense_stream.h:39->firmware/nnet_utils/nnet_dense_stream.h:93]   --->   Operation 113 'br' 'br_ln39' <Predicate = (i_in129_load == 4)> <Delay = 0.00>
ST_1 : Operation 114 [1/1] (0.00ns)   --->   "%store_ln35 = store i8 %data_pack, i8 %p_0_0_0_0_04980" [firmware/nnet_utils/nnet_dense_stream.h:35->firmware/nnet_utils/nnet_dense_stream.h:93]   --->   Operation 114 'store' 'store_ln35' <Predicate = (i_in129_load == 3)> <Delay = 0.00>
ST_1 : Operation 115 [1/1] (0.00ns)   --->   "%store_ln35 = store i8 %data_pack_1, i8 %p_0_1_0_0_05178" [firmware/nnet_utils/nnet_dense_stream.h:35->firmware/nnet_utils/nnet_dense_stream.h:93]   --->   Operation 115 'store' 'store_ln35' <Predicate = (i_in129_load == 3)> <Delay = 0.00>
ST_1 : Operation 116 [1/1] (0.00ns)   --->   "%store_ln35 = store i8 %data_pack_2, i8 %p_0_2_0_0_05376" [firmware/nnet_utils/nnet_dense_stream.h:35->firmware/nnet_utils/nnet_dense_stream.h:93]   --->   Operation 116 'store' 'store_ln35' <Predicate = (i_in129_load == 3)> <Delay = 0.00>
ST_1 : Operation 117 [1/1] (0.00ns)   --->   "%store_ln35 = store i8 %data_pack_3, i8 %p_0_3_0_0_05574" [firmware/nnet_utils/nnet_dense_stream.h:35->firmware/nnet_utils/nnet_dense_stream.h:93]   --->   Operation 117 'store' 'store_ln35' <Predicate = (i_in129_load == 3)> <Delay = 0.00>
ST_1 : Operation 118 [1/1] (0.00ns)   --->   "%store_ln35 = store i8 %data_pack_4, i8 %p_0_4_0_0_05772" [firmware/nnet_utils/nnet_dense_stream.h:35->firmware/nnet_utils/nnet_dense_stream.h:93]   --->   Operation 118 'store' 'store_ln35' <Predicate = (i_in129_load == 3)> <Delay = 0.00>
ST_1 : Operation 119 [1/1] (0.00ns)   --->   "%store_ln35 = store i8 %data_pack_5, i8 %p_0_5_0_0_05970" [firmware/nnet_utils/nnet_dense_stream.h:35->firmware/nnet_utils/nnet_dense_stream.h:93]   --->   Operation 119 'store' 'store_ln35' <Predicate = (i_in129_load == 3)> <Delay = 0.00>
ST_1 : Operation 120 [1/1] (0.00ns)   --->   "%store_ln35 = store i8 %data_pack_6, i8 %p_0_6_0_0_06168" [firmware/nnet_utils/nnet_dense_stream.h:35->firmware/nnet_utils/nnet_dense_stream.h:93]   --->   Operation 120 'store' 'store_ln35' <Predicate = (i_in129_load == 3)> <Delay = 0.00>
ST_1 : Operation 121 [1/1] (0.00ns)   --->   "%store_ln35 = store i8 %data_pack_7, i8 %p_0_7_0_0_06366" [firmware/nnet_utils/nnet_dense_stream.h:35->firmware/nnet_utils/nnet_dense_stream.h:93]   --->   Operation 121 'store' 'store_ln35' <Predicate = (i_in129_load == 3)> <Delay = 0.00>
ST_1 : Operation 122 [1/1] (0.00ns)   --->   "%br_ln39 = br void %arrayidx.i3.7.exit" [firmware/nnet_utils/nnet_dense_stream.h:39->firmware/nnet_utils/nnet_dense_stream.h:93]   --->   Operation 122 'br' 'br_ln39' <Predicate = (i_in129_load == 3)> <Delay = 0.00>
ST_1 : Operation 123 [1/1] (0.00ns)   --->   "%store_ln35 = store i8 %data_pack, i8 %p_0_0_0_0_06564" [firmware/nnet_utils/nnet_dense_stream.h:35->firmware/nnet_utils/nnet_dense_stream.h:93]   --->   Operation 123 'store' 'store_ln35' <Predicate = (i_in129_load == 2)> <Delay = 0.00>
ST_1 : Operation 124 [1/1] (0.00ns)   --->   "%store_ln35 = store i8 %data_pack_1, i8 %p_0_1_0_0_06762" [firmware/nnet_utils/nnet_dense_stream.h:35->firmware/nnet_utils/nnet_dense_stream.h:93]   --->   Operation 124 'store' 'store_ln35' <Predicate = (i_in129_load == 2)> <Delay = 0.00>
ST_1 : Operation 125 [1/1] (0.00ns)   --->   "%store_ln35 = store i8 %data_pack_2, i8 %p_0_2_0_0_06960" [firmware/nnet_utils/nnet_dense_stream.h:35->firmware/nnet_utils/nnet_dense_stream.h:93]   --->   Operation 125 'store' 'store_ln35' <Predicate = (i_in129_load == 2)> <Delay = 0.00>
ST_1 : Operation 126 [1/1] (0.00ns)   --->   "%store_ln35 = store i8 %data_pack_3, i8 %p_0_3_0_0_07158" [firmware/nnet_utils/nnet_dense_stream.h:35->firmware/nnet_utils/nnet_dense_stream.h:93]   --->   Operation 126 'store' 'store_ln35' <Predicate = (i_in129_load == 2)> <Delay = 0.00>
ST_1 : Operation 127 [1/1] (0.00ns)   --->   "%store_ln35 = store i8 %data_pack_4, i8 %p_0_4_0_0_07356" [firmware/nnet_utils/nnet_dense_stream.h:35->firmware/nnet_utils/nnet_dense_stream.h:93]   --->   Operation 127 'store' 'store_ln35' <Predicate = (i_in129_load == 2)> <Delay = 0.00>
ST_1 : Operation 128 [1/1] (0.00ns)   --->   "%store_ln35 = store i8 %data_pack_5, i8 %p_0_5_0_0_07554" [firmware/nnet_utils/nnet_dense_stream.h:35->firmware/nnet_utils/nnet_dense_stream.h:93]   --->   Operation 128 'store' 'store_ln35' <Predicate = (i_in129_load == 2)> <Delay = 0.00>
ST_1 : Operation 129 [1/1] (0.00ns)   --->   "%store_ln35 = store i8 %data_pack_6, i8 %p_0_6_0_0_07752" [firmware/nnet_utils/nnet_dense_stream.h:35->firmware/nnet_utils/nnet_dense_stream.h:93]   --->   Operation 129 'store' 'store_ln35' <Predicate = (i_in129_load == 2)> <Delay = 0.00>
ST_1 : Operation 130 [1/1] (0.00ns)   --->   "%store_ln35 = store i8 %data_pack_7, i8 %p_0_7_0_0_07950" [firmware/nnet_utils/nnet_dense_stream.h:35->firmware/nnet_utils/nnet_dense_stream.h:93]   --->   Operation 130 'store' 'store_ln35' <Predicate = (i_in129_load == 2)> <Delay = 0.00>
ST_1 : Operation 131 [1/1] (0.00ns)   --->   "%br_ln39 = br void %arrayidx.i3.7.exit" [firmware/nnet_utils/nnet_dense_stream.h:39->firmware/nnet_utils/nnet_dense_stream.h:93]   --->   Operation 131 'br' 'br_ln39' <Predicate = (i_in129_load == 2)> <Delay = 0.00>
ST_1 : Operation 132 [1/1] (0.00ns)   --->   "%store_ln35 = store i8 %data_pack, i8 %p_0_0_0_0_08148" [firmware/nnet_utils/nnet_dense_stream.h:35->firmware/nnet_utils/nnet_dense_stream.h:93]   --->   Operation 132 'store' 'store_ln35' <Predicate = (i_in129_load == 1)> <Delay = 0.00>
ST_1 : Operation 133 [1/1] (0.00ns)   --->   "%store_ln35 = store i8 %data_pack_1, i8 %p_0_1_0_0_08346" [firmware/nnet_utils/nnet_dense_stream.h:35->firmware/nnet_utils/nnet_dense_stream.h:93]   --->   Operation 133 'store' 'store_ln35' <Predicate = (i_in129_load == 1)> <Delay = 0.00>
ST_1 : Operation 134 [1/1] (0.00ns)   --->   "%store_ln35 = store i8 %data_pack_2, i8 %p_0_2_0_0_08544" [firmware/nnet_utils/nnet_dense_stream.h:35->firmware/nnet_utils/nnet_dense_stream.h:93]   --->   Operation 134 'store' 'store_ln35' <Predicate = (i_in129_load == 1)> <Delay = 0.00>
ST_1 : Operation 135 [1/1] (0.00ns)   --->   "%store_ln35 = store i8 %data_pack_3, i8 %p_0_3_0_0_08742" [firmware/nnet_utils/nnet_dense_stream.h:35->firmware/nnet_utils/nnet_dense_stream.h:93]   --->   Operation 135 'store' 'store_ln35' <Predicate = (i_in129_load == 1)> <Delay = 0.00>
ST_1 : Operation 136 [1/1] (0.00ns)   --->   "%store_ln35 = store i8 %data_pack_4, i8 %p_0_4_0_0_08940" [firmware/nnet_utils/nnet_dense_stream.h:35->firmware/nnet_utils/nnet_dense_stream.h:93]   --->   Operation 136 'store' 'store_ln35' <Predicate = (i_in129_load == 1)> <Delay = 0.00>
ST_1 : Operation 137 [1/1] (0.00ns)   --->   "%store_ln35 = store i8 %data_pack_5, i8 %p_0_5_0_0_09138" [firmware/nnet_utils/nnet_dense_stream.h:35->firmware/nnet_utils/nnet_dense_stream.h:93]   --->   Operation 137 'store' 'store_ln35' <Predicate = (i_in129_load == 1)> <Delay = 0.00>
ST_1 : Operation 138 [1/1] (0.00ns)   --->   "%store_ln35 = store i8 %data_pack_6, i8 %p_0_6_0_0_09336" [firmware/nnet_utils/nnet_dense_stream.h:35->firmware/nnet_utils/nnet_dense_stream.h:93]   --->   Operation 138 'store' 'store_ln35' <Predicate = (i_in129_load == 1)> <Delay = 0.00>
ST_1 : Operation 139 [1/1] (0.00ns)   --->   "%store_ln35 = store i8 %data_pack_7, i8 %p_0_7_0_0_09534" [firmware/nnet_utils/nnet_dense_stream.h:35->firmware/nnet_utils/nnet_dense_stream.h:93]   --->   Operation 139 'store' 'store_ln35' <Predicate = (i_in129_load == 1)> <Delay = 0.00>
ST_1 : Operation 140 [1/1] (0.00ns)   --->   "%br_ln39 = br void %arrayidx.i3.7.exit" [firmware/nnet_utils/nnet_dense_stream.h:39->firmware/nnet_utils/nnet_dense_stream.h:93]   --->   Operation 140 'br' 'br_ln39' <Predicate = (i_in129_load == 1)> <Delay = 0.00>
ST_1 : Operation 141 [1/1] (0.00ns)   --->   "%store_ln35 = store i8 %data_pack, i8 %p_0_0_0_0_09732" [firmware/nnet_utils/nnet_dense_stream.h:35->firmware/nnet_utils/nnet_dense_stream.h:93]   --->   Operation 141 'store' 'store_ln35' <Predicate = (i_in129_load == 0)> <Delay = 0.00>
ST_1 : Operation 142 [1/1] (0.00ns)   --->   "%store_ln35 = store i8 %data_pack_1, i8 %p_0_1_0_0_09930" [firmware/nnet_utils/nnet_dense_stream.h:35->firmware/nnet_utils/nnet_dense_stream.h:93]   --->   Operation 142 'store' 'store_ln35' <Predicate = (i_in129_load == 0)> <Delay = 0.00>
ST_1 : Operation 143 [1/1] (0.00ns)   --->   "%store_ln35 = store i8 %data_pack_2, i8 %p_0_2_0_0_010128" [firmware/nnet_utils/nnet_dense_stream.h:35->firmware/nnet_utils/nnet_dense_stream.h:93]   --->   Operation 143 'store' 'store_ln35' <Predicate = (i_in129_load == 0)> <Delay = 0.00>
ST_1 : Operation 144 [1/1] (0.00ns)   --->   "%store_ln35 = store i8 %data_pack_3, i8 %p_0_3_0_0_010326" [firmware/nnet_utils/nnet_dense_stream.h:35->firmware/nnet_utils/nnet_dense_stream.h:93]   --->   Operation 144 'store' 'store_ln35' <Predicate = (i_in129_load == 0)> <Delay = 0.00>
ST_1 : Operation 145 [1/1] (0.00ns)   --->   "%store_ln35 = store i8 %data_pack_4, i8 %p_0_4_0_0_010524" [firmware/nnet_utils/nnet_dense_stream.h:35->firmware/nnet_utils/nnet_dense_stream.h:93]   --->   Operation 145 'store' 'store_ln35' <Predicate = (i_in129_load == 0)> <Delay = 0.00>
ST_1 : Operation 146 [1/1] (0.00ns)   --->   "%store_ln35 = store i8 %data_pack_5, i8 %p_0_5_0_0_010722" [firmware/nnet_utils/nnet_dense_stream.h:35->firmware/nnet_utils/nnet_dense_stream.h:93]   --->   Operation 146 'store' 'store_ln35' <Predicate = (i_in129_load == 0)> <Delay = 0.00>
ST_1 : Operation 147 [1/1] (0.00ns)   --->   "%store_ln35 = store i8 %data_pack_6, i8 %p_0_6_0_0_010920" [firmware/nnet_utils/nnet_dense_stream.h:35->firmware/nnet_utils/nnet_dense_stream.h:93]   --->   Operation 147 'store' 'store_ln35' <Predicate = (i_in129_load == 0)> <Delay = 0.00>
ST_1 : Operation 148 [1/1] (0.00ns)   --->   "%store_ln35 = store i8 %data_pack_7, i8 %p_0_7_0_0_011118" [firmware/nnet_utils/nnet_dense_stream.h:35->firmware/nnet_utils/nnet_dense_stream.h:93]   --->   Operation 148 'store' 'store_ln35' <Predicate = (i_in129_load == 0)> <Delay = 0.00>
ST_1 : Operation 149 [1/1] (0.00ns)   --->   "%br_ln39 = br void %arrayidx.i3.7.exit" [firmware/nnet_utils/nnet_dense_stream.h:39->firmware/nnet_utils/nnet_dense_stream.h:93]   --->   Operation 149 'br' 'br_ln39' <Predicate = (i_in129_load == 0)> <Delay = 0.00>
ST_1 : Operation 150 [1/1] (0.00ns)   --->   "%store_ln35 = store i8 %data_pack, i8 %p_0_0_0_0_011316" [firmware/nnet_utils/nnet_dense_stream.h:35->firmware/nnet_utils/nnet_dense_stream.h:93]   --->   Operation 150 'store' 'store_ln35' <Predicate = (i_in129_load == 7)> <Delay = 0.00>
ST_1 : Operation 151 [1/1] (0.00ns)   --->   "%store_ln35 = store i8 %data_pack_1, i8 %p_0_1_0_0_011514" [firmware/nnet_utils/nnet_dense_stream.h:35->firmware/nnet_utils/nnet_dense_stream.h:93]   --->   Operation 151 'store' 'store_ln35' <Predicate = (i_in129_load == 7)> <Delay = 0.00>
ST_1 : Operation 152 [1/1] (0.00ns)   --->   "%store_ln35 = store i8 %data_pack_2, i8 %p_0_2_0_0_011712" [firmware/nnet_utils/nnet_dense_stream.h:35->firmware/nnet_utils/nnet_dense_stream.h:93]   --->   Operation 152 'store' 'store_ln35' <Predicate = (i_in129_load == 7)> <Delay = 0.00>
ST_1 : Operation 153 [1/1] (0.00ns)   --->   "%store_ln35 = store i8 %data_pack_3, i8 %p_0_3_0_0_011910" [firmware/nnet_utils/nnet_dense_stream.h:35->firmware/nnet_utils/nnet_dense_stream.h:93]   --->   Operation 153 'store' 'store_ln35' <Predicate = (i_in129_load == 7)> <Delay = 0.00>
ST_1 : Operation 154 [1/1] (0.00ns)   --->   "%store_ln35 = store i8 %data_pack_4, i8 %p_0_4_0_0_01218" [firmware/nnet_utils/nnet_dense_stream.h:35->firmware/nnet_utils/nnet_dense_stream.h:93]   --->   Operation 154 'store' 'store_ln35' <Predicate = (i_in129_load == 7)> <Delay = 0.00>
ST_1 : Operation 155 [1/1] (0.00ns)   --->   "%store_ln35 = store i8 %data_pack_5, i8 %p_0_5_0_0_01236" [firmware/nnet_utils/nnet_dense_stream.h:35->firmware/nnet_utils/nnet_dense_stream.h:93]   --->   Operation 155 'store' 'store_ln35' <Predicate = (i_in129_load == 7)> <Delay = 0.00>
ST_1 : Operation 156 [1/1] (0.00ns)   --->   "%store_ln35 = store i8 %data_pack_6, i8 %p_0_6_0_0_01254" [firmware/nnet_utils/nnet_dense_stream.h:35->firmware/nnet_utils/nnet_dense_stream.h:93]   --->   Operation 156 'store' 'store_ln35' <Predicate = (i_in129_load == 7)> <Delay = 0.00>
ST_1 : Operation 157 [1/1] (0.00ns)   --->   "%store_ln35 = store i8 %data_pack_7, i8 %p_0_7_0_0_01272" [firmware/nnet_utils/nnet_dense_stream.h:35->firmware/nnet_utils/nnet_dense_stream.h:93]   --->   Operation 157 'store' 'store_ln35' <Predicate = (i_in129_load == 7)> <Delay = 0.00>
ST_1 : Operation 158 [1/1] (0.00ns)   --->   "%br_ln39 = br void %arrayidx.i3.7.exit" [firmware/nnet_utils/nnet_dense_stream.h:39->firmware/nnet_utils/nnet_dense_stream.h:93]   --->   Operation 158 'br' 'br_ln39' <Predicate = (i_in129_load == 7)> <Delay = 0.00>
ST_1 : Operation 159 [1/1] (1.65ns)   --->   "%icmp_ln33 = icmp_eq  i3 %i_in129_load, i3 7" [firmware/nnet_utils/nnet_dense_stream.h:33->firmware/nnet_utils/nnet_dense_stream.h:93]   --->   Operation 159 'icmp' 'icmp_ln33' <Predicate = true> <Delay = 1.65> <CoreInst = "Cmp">   --->   Core 9 'Cmp' <Latency = 0> <II = 1> <Delay = 1.65> <FuncUnit> <Opcode : 'seteq' 'setne' 'setle' 'setge' 'setlt' 'setgt'> <InPorts = 2> <OutPorts = 1>
ST_1 : Operation 160 [1/1] (1.58ns)   --->   "%store_ln33 = store i3 %i_in, i3 %i_in129" [firmware/nnet_utils/nnet_dense_stream.h:33->firmware/nnet_utils/nnet_dense_stream.h:93]   --->   Operation 160 'store' 'store_ln33' <Predicate = true> <Delay = 1.58>
ST_1 : Operation 161 [1/1] (0.00ns)   --->   "%br_ln33 = br i1 %icmp_ln33, void %for.body.i.split, void %_ZN4nnet12data_prepareINS_5arrayI6ap_intILi8EELj8EEE7config3EEvRN3hls6streamIT_Li0EEEPNS8_10value_typeE.22.exit.exitStub" [firmware/nnet_utils/nnet_dense_stream.h:33->firmware/nnet_utils/nnet_dense_stream.h:93]   --->   Operation 161 'br' 'br_ln33' <Predicate = true> <Delay = 0.00>
ST_1 : Operation 162 [1/1] (0.00ns)   --->   "%p_0_7_0_0_01272_load = load i8 %p_0_7_0_0_01272"   --->   Operation 162 'load' 'p_0_7_0_0_01272_load' <Predicate = (icmp_ln33)> <Delay = 0.00>
ST_1 : Operation 163 [1/1] (0.00ns)   --->   "%p_0_6_0_0_01254_load = load i8 %p_0_6_0_0_01254"   --->   Operation 163 'load' 'p_0_6_0_0_01254_load' <Predicate = (icmp_ln33)> <Delay = 0.00>
ST_1 : Operation 164 [1/1] (0.00ns)   --->   "%p_0_5_0_0_01236_load = load i8 %p_0_5_0_0_01236"   --->   Operation 164 'load' 'p_0_5_0_0_01236_load' <Predicate = (icmp_ln33)> <Delay = 0.00>
ST_1 : Operation 165 [1/1] (0.00ns)   --->   "%p_0_4_0_0_01218_load = load i8 %p_0_4_0_0_01218"   --->   Operation 165 'load' 'p_0_4_0_0_01218_load' <Predicate = (icmp_ln33)> <Delay = 0.00>
ST_1 : Operation 166 [1/1] (0.00ns)   --->   "%p_0_3_0_0_011910_load = load i8 %p_0_3_0_0_011910"   --->   Operation 166 'load' 'p_0_3_0_0_011910_load' <Predicate = (icmp_ln33)> <Delay = 0.00>
ST_1 : Operation 167 [1/1] (0.00ns)   --->   "%p_0_2_0_0_011712_load = load i8 %p_0_2_0_0_011712"   --->   Operation 167 'load' 'p_0_2_0_0_011712_load' <Predicate = (icmp_ln33)> <Delay = 0.00>
ST_1 : Operation 168 [1/1] (0.00ns)   --->   "%p_0_1_0_0_011514_load = load i8 %p_0_1_0_0_011514"   --->   Operation 168 'load' 'p_0_1_0_0_011514_load' <Predicate = (icmp_ln33)> <Delay = 0.00>
ST_1 : Operation 169 [1/1] (0.00ns)   --->   "%p_0_0_0_0_011316_load = load i8 %p_0_0_0_0_011316"   --->   Operation 169 'load' 'p_0_0_0_0_011316_load' <Predicate = (icmp_ln33)> <Delay = 0.00>
ST_1 : Operation 170 [1/1] (0.00ns)   --->   "%p_0_7_0_0_011118_load = load i8 %p_0_7_0_0_011118"   --->   Operation 170 'load' 'p_0_7_0_0_011118_load' <Predicate = (icmp_ln33)> <Delay = 0.00>
ST_1 : Operation 171 [1/1] (0.00ns)   --->   "%p_0_6_0_0_010920_load = load i8 %p_0_6_0_0_010920"   --->   Operation 171 'load' 'p_0_6_0_0_010920_load' <Predicate = (icmp_ln33)> <Delay = 0.00>
ST_1 : Operation 172 [1/1] (0.00ns)   --->   "%p_0_5_0_0_010722_load = load i8 %p_0_5_0_0_010722"   --->   Operation 172 'load' 'p_0_5_0_0_010722_load' <Predicate = (icmp_ln33)> <Delay = 0.00>
ST_1 : Operation 173 [1/1] (0.00ns)   --->   "%p_0_4_0_0_010524_load = load i8 %p_0_4_0_0_010524"   --->   Operation 173 'load' 'p_0_4_0_0_010524_load' <Predicate = (icmp_ln33)> <Delay = 0.00>
ST_1 : Operation 174 [1/1] (0.00ns)   --->   "%p_0_3_0_0_010326_load = load i8 %p_0_3_0_0_010326"   --->   Operation 174 'load' 'p_0_3_0_0_010326_load' <Predicate = (icmp_ln33)> <Delay = 0.00>
ST_1 : Operation 175 [1/1] (0.00ns)   --->   "%p_0_2_0_0_010128_load = load i8 %p_0_2_0_0_010128"   --->   Operation 175 'load' 'p_0_2_0_0_010128_load' <Predicate = (icmp_ln33)> <Delay = 0.00>
ST_1 : Operation 176 [1/1] (0.00ns)   --->   "%p_0_1_0_0_09930_load = load i8 %p_0_1_0_0_09930"   --->   Operation 176 'load' 'p_0_1_0_0_09930_load' <Predicate = (icmp_ln33)> <Delay = 0.00>
ST_1 : Operation 177 [1/1] (0.00ns)   --->   "%p_0_0_0_0_09732_load = load i8 %p_0_0_0_0_09732"   --->   Operation 177 'load' 'p_0_0_0_0_09732_load' <Predicate = (icmp_ln33)> <Delay = 0.00>
ST_1 : Operation 178 [1/1] (0.00ns)   --->   "%p_0_7_0_0_09534_load = load i8 %p_0_7_0_0_09534"   --->   Operation 178 'load' 'p_0_7_0_0_09534_load' <Predicate = (icmp_ln33)> <Delay = 0.00>
ST_1 : Operation 179 [1/1] (0.00ns)   --->   "%p_0_6_0_0_09336_load = load i8 %p_0_6_0_0_09336"   --->   Operation 179 'load' 'p_0_6_0_0_09336_load' <Predicate = (icmp_ln33)> <Delay = 0.00>
ST_1 : Operation 180 [1/1] (0.00ns)   --->   "%p_0_5_0_0_09138_load = load i8 %p_0_5_0_0_09138"   --->   Operation 180 'load' 'p_0_5_0_0_09138_load' <Predicate = (icmp_ln33)> <Delay = 0.00>
ST_1 : Operation 181 [1/1] (0.00ns)   --->   "%p_0_4_0_0_08940_load = load i8 %p_0_4_0_0_08940"   --->   Operation 181 'load' 'p_0_4_0_0_08940_load' <Predicate = (icmp_ln33)> <Delay = 0.00>
ST_1 : Operation 182 [1/1] (0.00ns)   --->   "%p_0_3_0_0_08742_load = load i8 %p_0_3_0_0_08742"   --->   Operation 182 'load' 'p_0_3_0_0_08742_load' <Predicate = (icmp_ln33)> <Delay = 0.00>
ST_1 : Operation 183 [1/1] (0.00ns)   --->   "%p_0_2_0_0_08544_load = load i8 %p_0_2_0_0_08544"   --->   Operation 183 'load' 'p_0_2_0_0_08544_load' <Predicate = (icmp_ln33)> <Delay = 0.00>
ST_1 : Operation 184 [1/1] (0.00ns)   --->   "%p_0_1_0_0_08346_load = load i8 %p_0_1_0_0_08346"   --->   Operation 184 'load' 'p_0_1_0_0_08346_load' <Predicate = (icmp_ln33)> <Delay = 0.00>
ST_1 : Operation 185 [1/1] (0.00ns)   --->   "%p_0_0_0_0_08148_load = load i8 %p_0_0_0_0_08148"   --->   Operation 185 'load' 'p_0_0_0_0_08148_load' <Predicate = (icmp_ln33)> <Delay = 0.00>
ST_1 : Operation 186 [1/1] (0.00ns)   --->   "%p_0_7_0_0_07950_load = load i8 %p_0_7_0_0_07950"   --->   Operation 186 'load' 'p_0_7_0_0_07950_load' <Predicate = (icmp_ln33)> <Delay = 0.00>
ST_1 : Operation 187 [1/1] (0.00ns)   --->   "%p_0_6_0_0_07752_load = load i8 %p_0_6_0_0_07752"   --->   Operation 187 'load' 'p_0_6_0_0_07752_load' <Predicate = (icmp_ln33)> <Delay = 0.00>
ST_1 : Operation 188 [1/1] (0.00ns)   --->   "%p_0_5_0_0_07554_load = load i8 %p_0_5_0_0_07554"   --->   Operation 188 'load' 'p_0_5_0_0_07554_load' <Predicate = (icmp_ln33)> <Delay = 0.00>
ST_1 : Operation 189 [1/1] (0.00ns)   --->   "%p_0_4_0_0_07356_load = load i8 %p_0_4_0_0_07356"   --->   Operation 189 'load' 'p_0_4_0_0_07356_load' <Predicate = (icmp_ln33)> <Delay = 0.00>
ST_1 : Operation 190 [1/1] (0.00ns)   --->   "%p_0_3_0_0_07158_load = load i8 %p_0_3_0_0_07158"   --->   Operation 190 'load' 'p_0_3_0_0_07158_load' <Predicate = (icmp_ln33)> <Delay = 0.00>
ST_1 : Operation 191 [1/1] (0.00ns)   --->   "%p_0_2_0_0_06960_load = load i8 %p_0_2_0_0_06960"   --->   Operation 191 'load' 'p_0_2_0_0_06960_load' <Predicate = (icmp_ln33)> <Delay = 0.00>
ST_1 : Operation 192 [1/1] (0.00ns)   --->   "%p_0_1_0_0_06762_load = load i8 %p_0_1_0_0_06762"   --->   Operation 192 'load' 'p_0_1_0_0_06762_load' <Predicate = (icmp_ln33)> <Delay = 0.00>
ST_1 : Operation 193 [1/1] (0.00ns)   --->   "%p_0_0_0_0_06564_load = load i8 %p_0_0_0_0_06564"   --->   Operation 193 'load' 'p_0_0_0_0_06564_load' <Predicate = (icmp_ln33)> <Delay = 0.00>
ST_1 : Operation 194 [1/1] (0.00ns)   --->   "%p_0_7_0_0_06366_load = load i8 %p_0_7_0_0_06366"   --->   Operation 194 'load' 'p_0_7_0_0_06366_load' <Predicate = (icmp_ln33)> <Delay = 0.00>
ST_1 : Operation 195 [1/1] (0.00ns)   --->   "%p_0_6_0_0_06168_load = load i8 %p_0_6_0_0_06168"   --->   Operation 195 'load' 'p_0_6_0_0_06168_load' <Predicate = (icmp_ln33)> <Delay = 0.00>
ST_1 : Operation 196 [1/1] (0.00ns)   --->   "%p_0_5_0_0_05970_load = load i8 %p_0_5_0_0_05970"   --->   Operation 196 'load' 'p_0_5_0_0_05970_load' <Predicate = (icmp_ln33)> <Delay = 0.00>
ST_1 : Operation 197 [1/1] (0.00ns)   --->   "%p_0_4_0_0_05772_load = load i8 %p_0_4_0_0_05772"   --->   Operation 197 'load' 'p_0_4_0_0_05772_load' <Predicate = (icmp_ln33)> <Delay = 0.00>
ST_1 : Operation 198 [1/1] (0.00ns)   --->   "%p_0_3_0_0_05574_load = load i8 %p_0_3_0_0_05574"   --->   Operation 198 'load' 'p_0_3_0_0_05574_load' <Predicate = (icmp_ln33)> <Delay = 0.00>
ST_1 : Operation 199 [1/1] (0.00ns)   --->   "%p_0_2_0_0_05376_load = load i8 %p_0_2_0_0_05376"   --->   Operation 199 'load' 'p_0_2_0_0_05376_load' <Predicate = (icmp_ln33)> <Delay = 0.00>
ST_1 : Operation 200 [1/1] (0.00ns)   --->   "%p_0_1_0_0_05178_load = load i8 %p_0_1_0_0_05178"   --->   Operation 200 'load' 'p_0_1_0_0_05178_load' <Predicate = (icmp_ln33)> <Delay = 0.00>
ST_1 : Operation 201 [1/1] (0.00ns)   --->   "%p_0_0_0_0_04980_load = load i8 %p_0_0_0_0_04980"   --->   Operation 201 'load' 'p_0_0_0_0_04980_load' <Predicate = (icmp_ln33)> <Delay = 0.00>
ST_1 : Operation 202 [1/1] (0.00ns)   --->   "%p_0_7_0_0_04782_load = load i8 %p_0_7_0_0_04782"   --->   Operation 202 'load' 'p_0_7_0_0_04782_load' <Predicate = (icmp_ln33)> <Delay = 0.00>
ST_1 : Operation 203 [1/1] (0.00ns)   --->   "%p_0_6_0_0_04584_load = load i8 %p_0_6_0_0_04584"   --->   Operation 203 'load' 'p_0_6_0_0_04584_load' <Predicate = (icmp_ln33)> <Delay = 0.00>
ST_1 : Operation 204 [1/1] (0.00ns)   --->   "%p_0_5_0_0_04386_load = load i8 %p_0_5_0_0_04386"   --->   Operation 204 'load' 'p_0_5_0_0_04386_load' <Predicate = (icmp_ln33)> <Delay = 0.00>
ST_1 : Operation 205 [1/1] (0.00ns)   --->   "%p_0_4_0_0_04188_load = load i8 %p_0_4_0_0_04188"   --->   Operation 205 'load' 'p_0_4_0_0_04188_load' <Predicate = (icmp_ln33)> <Delay = 0.00>
ST_1 : Operation 206 [1/1] (0.00ns)   --->   "%p_0_3_0_0_03990_load = load i8 %p_0_3_0_0_03990"   --->   Operation 206 'load' 'p_0_3_0_0_03990_load' <Predicate = (icmp_ln33)> <Delay = 0.00>
ST_1 : Operation 207 [1/1] (0.00ns)   --->   "%p_0_2_0_0_03792_load = load i8 %p_0_2_0_0_03792"   --->   Operation 207 'load' 'p_0_2_0_0_03792_load' <Predicate = (icmp_ln33)> <Delay = 0.00>
ST_1 : Operation 208 [1/1] (0.00ns)   --->   "%p_0_1_0_0_03594_load = load i8 %p_0_1_0_0_03594"   --->   Operation 208 'load' 'p_0_1_0_0_03594_load' <Predicate = (icmp_ln33)> <Delay = 0.00>
ST_1 : Operation 209 [1/1] (0.00ns)   --->   "%p_0_0_0_0_03396_load = load i8 %p_0_0_0_0_03396"   --->   Operation 209 'load' 'p_0_0_0_0_03396_load' <Predicate = (icmp_ln33)> <Delay = 0.00>
ST_1 : Operation 210 [1/1] (0.00ns)   --->   "%p_0_7_0_0_03198_load = load i8 %p_0_7_0_0_03198"   --->   Operation 210 'load' 'p_0_7_0_0_03198_load' <Predicate = (icmp_ln33)> <Delay = 0.00>
ST_1 : Operation 211 [1/1] (0.00ns)   --->   "%p_0_6_0_0_029100_load = load i8 %p_0_6_0_0_029100"   --->   Operation 211 'load' 'p_0_6_0_0_029100_load' <Predicate = (icmp_ln33)> <Delay = 0.00>
ST_1 : Operation 212 [1/1] (0.00ns)   --->   "%p_0_5_0_0_027102_load = load i8 %p_0_5_0_0_027102"   --->   Operation 212 'load' 'p_0_5_0_0_027102_load' <Predicate = (icmp_ln33)> <Delay = 0.00>
ST_1 : Operation 213 [1/1] (0.00ns)   --->   "%p_0_4_0_0_025104_load = load i8 %p_0_4_0_0_025104"   --->   Operation 213 'load' 'p_0_4_0_0_025104_load' <Predicate = (icmp_ln33)> <Delay = 0.00>
ST_1 : Operation 214 [1/1] (0.00ns)   --->   "%p_0_3_0_0_023106_load = load i8 %p_0_3_0_0_023106"   --->   Operation 214 'load' 'p_0_3_0_0_023106_load' <Predicate = (icmp_ln33)> <Delay = 0.00>
ST_1 : Operation 215 [1/1] (0.00ns)   --->   "%p_0_2_0_0_021108_load = load i8 %p_0_2_0_0_021108"   --->   Operation 215 'load' 'p_0_2_0_0_021108_load' <Predicate = (icmp_ln33)> <Delay = 0.00>
ST_1 : Operation 216 [1/1] (0.00ns)   --->   "%p_0_1_0_0_019110_load = load i8 %p_0_1_0_0_019110"   --->   Operation 216 'load' 'p_0_1_0_0_019110_load' <Predicate = (icmp_ln33)> <Delay = 0.00>
ST_1 : Operation 217 [1/1] (0.00ns)   --->   "%p_0_0_0_0_017112_load = load i8 %p_0_0_0_0_017112"   --->   Operation 217 'load' 'p_0_0_0_0_017112_load' <Predicate = (icmp_ln33)> <Delay = 0.00>
ST_1 : Operation 218 [1/1] (0.00ns)   --->   "%p_0_7_0_0_015114_load = load i8 %p_0_7_0_0_015114"   --->   Operation 218 'load' 'p_0_7_0_0_015114_load' <Predicate = (icmp_ln33)> <Delay = 0.00>
ST_1 : Operation 219 [1/1] (0.00ns)   --->   "%p_0_6_0_0_013116_load = load i8 %p_0_6_0_0_013116"   --->   Operation 219 'load' 'p_0_6_0_0_013116_load' <Predicate = (icmp_ln33)> <Delay = 0.00>
ST_1 : Operation 220 [1/1] (0.00ns)   --->   "%p_0_5_0_0_011118_load = load i8 %p_0_5_0_0_011118"   --->   Operation 220 'load' 'p_0_5_0_0_011118_load' <Predicate = (icmp_ln33)> <Delay = 0.00>
ST_1 : Operation 221 [1/1] (0.00ns)   --->   "%p_0_4_0_0_09120_load = load i8 %p_0_4_0_0_09120"   --->   Operation 221 'load' 'p_0_4_0_0_09120_load' <Predicate = (icmp_ln33)> <Delay = 0.00>
ST_1 : Operation 222 [1/1] (0.00ns)   --->   "%p_0_3_0_0_07122_load = load i8 %p_0_3_0_0_07122"   --->   Operation 222 'load' 'p_0_3_0_0_07122_load' <Predicate = (icmp_ln33)> <Delay = 0.00>
ST_1 : Operation 223 [1/1] (0.00ns)   --->   "%p_0_2_0_0_05124_load = load i8 %p_0_2_0_0_05124"   --->   Operation 223 'load' 'p_0_2_0_0_05124_load' <Predicate = (icmp_ln33)> <Delay = 0.00>
ST_1 : Operation 224 [1/1] (0.00ns)   --->   "%p_0_1_0_0_03126_load = load i8 %p_0_1_0_0_03126"   --->   Operation 224 'load' 'p_0_1_0_0_03126_load' <Predicate = (icmp_ln33)> <Delay = 0.00>
ST_1 : Operation 225 [1/1] (0.00ns)   --->   "%p_0_0_0_0_01128_load = load i8 %p_0_0_0_0_01128"   --->   Operation 225 'load' 'p_0_0_0_0_01128_load' <Predicate = (icmp_ln33)> <Delay = 0.00>
ST_1 : Operation 226 [1/1] (0.00ns)   --->   "%write_ln0 = write void @_ssdm_op_Write.ap_auto.i8P0A, i8 %data_63_out, i8 %p_0_7_0_0_01272_load"   --->   Operation 226 'write' 'write_ln0' <Predicate = (icmp_ln33)> <Delay = 0.00>
ST_1 : Operation 227 [1/1] (0.00ns)   --->   "%write_ln0 = write void @_ssdm_op_Write.ap_auto.i8P0A, i8 %data_62_out, i8 %p_0_6_0_0_01254_load"   --->   Operation 227 'write' 'write_ln0' <Predicate = (icmp_ln33)> <Delay = 0.00>
ST_1 : Operation 228 [1/1] (0.00ns)   --->   "%write_ln0 = write void @_ssdm_op_Write.ap_auto.i8P0A, i8 %data_61_out, i8 %p_0_5_0_0_01236_load"   --->   Operation 228 'write' 'write_ln0' <Predicate = (icmp_ln33)> <Delay = 0.00>
ST_1 : Operation 229 [1/1] (0.00ns)   --->   "%write_ln0 = write void @_ssdm_op_Write.ap_auto.i8P0A, i8 %data_60_out, i8 %p_0_4_0_0_01218_load"   --->   Operation 229 'write' 'write_ln0' <Predicate = (icmp_ln33)> <Delay = 0.00>
ST_1 : Operation 230 [1/1] (0.00ns)   --->   "%write_ln0 = write void @_ssdm_op_Write.ap_auto.i8P0A, i8 %data_59_out, i8 %p_0_3_0_0_011910_load"   --->   Operation 230 'write' 'write_ln0' <Predicate = (icmp_ln33)> <Delay = 0.00>
ST_1 : Operation 231 [1/1] (0.00ns)   --->   "%write_ln0 = write void @_ssdm_op_Write.ap_auto.i8P0A, i8 %data_58_out, i8 %p_0_2_0_0_011712_load"   --->   Operation 231 'write' 'write_ln0' <Predicate = (icmp_ln33)> <Delay = 0.00>
ST_1 : Operation 232 [1/1] (0.00ns)   --->   "%write_ln0 = write void @_ssdm_op_Write.ap_auto.i8P0A, i8 %data_57_out, i8 %p_0_1_0_0_011514_load"   --->   Operation 232 'write' 'write_ln0' <Predicate = (icmp_ln33)> <Delay = 0.00>
ST_1 : Operation 233 [1/1] (0.00ns)   --->   "%write_ln0 = write void @_ssdm_op_Write.ap_auto.i8P0A, i8 %data_56_out, i8 %p_0_0_0_0_011316_load"   --->   Operation 233 'write' 'write_ln0' <Predicate = (icmp_ln33)> <Delay = 0.00>
ST_1 : Operation 234 [1/1] (0.00ns)   --->   "%write_ln0 = write void @_ssdm_op_Write.ap_auto.i8P0A, i8 %data_55_out, i8 %p_0_7_0_0_011118_load"   --->   Operation 234 'write' 'write_ln0' <Predicate = (icmp_ln33)> <Delay = 0.00>
ST_1 : Operation 235 [1/1] (0.00ns)   --->   "%write_ln0 = write void @_ssdm_op_Write.ap_auto.i8P0A, i8 %data_54_out, i8 %p_0_6_0_0_010920_load"   --->   Operation 235 'write' 'write_ln0' <Predicate = (icmp_ln33)> <Delay = 0.00>
ST_1 : Operation 236 [1/1] (0.00ns)   --->   "%write_ln0 = write void @_ssdm_op_Write.ap_auto.i8P0A, i8 %data_53_out, i8 %p_0_5_0_0_010722_load"   --->   Operation 236 'write' 'write_ln0' <Predicate = (icmp_ln33)> <Delay = 0.00>
ST_1 : Operation 237 [1/1] (0.00ns)   --->   "%write_ln0 = write void @_ssdm_op_Write.ap_auto.i8P0A, i8 %data_52_out, i8 %p_0_4_0_0_010524_load"   --->   Operation 237 'write' 'write_ln0' <Predicate = (icmp_ln33)> <Delay = 0.00>
ST_1 : Operation 238 [1/1] (0.00ns)   --->   "%write_ln0 = write void @_ssdm_op_Write.ap_auto.i8P0A, i8 %data_51_out, i8 %p_0_3_0_0_010326_load"   --->   Operation 238 'write' 'write_ln0' <Predicate = (icmp_ln33)> <Delay = 0.00>
ST_1 : Operation 239 [1/1] (0.00ns)   --->   "%write_ln0 = write void @_ssdm_op_Write.ap_auto.i8P0A, i8 %data_50_out, i8 %p_0_2_0_0_010128_load"   --->   Operation 239 'write' 'write_ln0' <Predicate = (icmp_ln33)> <Delay = 0.00>
ST_1 : Operation 240 [1/1] (0.00ns)   --->   "%write_ln0 = write void @_ssdm_op_Write.ap_auto.i8P0A, i8 %data_49_out, i8 %p_0_1_0_0_09930_load"   --->   Operation 240 'write' 'write_ln0' <Predicate = (icmp_ln33)> <Delay = 0.00>
ST_1 : Operation 241 [1/1] (0.00ns)   --->   "%write_ln0 = write void @_ssdm_op_Write.ap_auto.i8P0A, i8 %data_48_out, i8 %p_0_0_0_0_09732_load"   --->   Operation 241 'write' 'write_ln0' <Predicate = (icmp_ln33)> <Delay = 0.00>
ST_1 : Operation 242 [1/1] (0.00ns)   --->   "%write_ln0 = write void @_ssdm_op_Write.ap_auto.i8P0A, i8 %data_47_out, i8 %p_0_7_0_0_09534_load"   --->   Operation 242 'write' 'write_ln0' <Predicate = (icmp_ln33)> <Delay = 0.00>
ST_1 : Operation 243 [1/1] (0.00ns)   --->   "%write_ln0 = write void @_ssdm_op_Write.ap_auto.i8P0A, i8 %data_46_out, i8 %p_0_6_0_0_09336_load"   --->   Operation 243 'write' 'write_ln0' <Predicate = (icmp_ln33)> <Delay = 0.00>
ST_1 : Operation 244 [1/1] (0.00ns)   --->   "%write_ln0 = write void @_ssdm_op_Write.ap_auto.i8P0A, i8 %data_45_out, i8 %p_0_5_0_0_09138_load"   --->   Operation 244 'write' 'write_ln0' <Predicate = (icmp_ln33)> <Delay = 0.00>
ST_1 : Operation 245 [1/1] (0.00ns)   --->   "%write_ln0 = write void @_ssdm_op_Write.ap_auto.i8P0A, i8 %data_44_out, i8 %p_0_4_0_0_08940_load"   --->   Operation 245 'write' 'write_ln0' <Predicate = (icmp_ln33)> <Delay = 0.00>
ST_1 : Operation 246 [1/1] (0.00ns)   --->   "%write_ln0 = write void @_ssdm_op_Write.ap_auto.i8P0A, i8 %data_43_out, i8 %p_0_3_0_0_08742_load"   --->   Operation 246 'write' 'write_ln0' <Predicate = (icmp_ln33)> <Delay = 0.00>
ST_1 : Operation 247 [1/1] (0.00ns)   --->   "%write_ln0 = write void @_ssdm_op_Write.ap_auto.i8P0A, i8 %data_42_out, i8 %p_0_2_0_0_08544_load"   --->   Operation 247 'write' 'write_ln0' <Predicate = (icmp_ln33)> <Delay = 0.00>
ST_1 : Operation 248 [1/1] (0.00ns)   --->   "%write_ln0 = write void @_ssdm_op_Write.ap_auto.i8P0A, i8 %data_41_out, i8 %p_0_1_0_0_08346_load"   --->   Operation 248 'write' 'write_ln0' <Predicate = (icmp_ln33)> <Delay = 0.00>
ST_1 : Operation 249 [1/1] (0.00ns)   --->   "%write_ln0 = write void @_ssdm_op_Write.ap_auto.i8P0A, i8 %data_40_out, i8 %p_0_0_0_0_08148_load"   --->   Operation 249 'write' 'write_ln0' <Predicate = (icmp_ln33)> <Delay = 0.00>
ST_1 : Operation 250 [1/1] (0.00ns)   --->   "%write_ln0 = write void @_ssdm_op_Write.ap_auto.i8P0A, i8 %data_39_out, i8 %p_0_7_0_0_07950_load"   --->   Operation 250 'write' 'write_ln0' <Predicate = (icmp_ln33)> <Delay = 0.00>
ST_1 : Operation 251 [1/1] (0.00ns)   --->   "%write_ln0 = write void @_ssdm_op_Write.ap_auto.i8P0A, i8 %data_38_out, i8 %p_0_6_0_0_07752_load"   --->   Operation 251 'write' 'write_ln0' <Predicate = (icmp_ln33)> <Delay = 0.00>
ST_1 : Operation 252 [1/1] (0.00ns)   --->   "%write_ln0 = write void @_ssdm_op_Write.ap_auto.i8P0A, i8 %data_37_out, i8 %p_0_5_0_0_07554_load"   --->   Operation 252 'write' 'write_ln0' <Predicate = (icmp_ln33)> <Delay = 0.00>
ST_1 : Operation 253 [1/1] (0.00ns)   --->   "%write_ln0 = write void @_ssdm_op_Write.ap_auto.i8P0A, i8 %data_36_out, i8 %p_0_4_0_0_07356_load"   --->   Operation 253 'write' 'write_ln0' <Predicate = (icmp_ln33)> <Delay = 0.00>
ST_1 : Operation 254 [1/1] (0.00ns)   --->   "%write_ln0 = write void @_ssdm_op_Write.ap_auto.i8P0A, i8 %data_35_out, i8 %p_0_3_0_0_07158_load"   --->   Operation 254 'write' 'write_ln0' <Predicate = (icmp_ln33)> <Delay = 0.00>
ST_1 : Operation 255 [1/1] (0.00ns)   --->   "%write_ln0 = write void @_ssdm_op_Write.ap_auto.i8P0A, i8 %data_34_out, i8 %p_0_2_0_0_06960_load"   --->   Operation 255 'write' 'write_ln0' <Predicate = (icmp_ln33)> <Delay = 0.00>
ST_1 : Operation 256 [1/1] (0.00ns)   --->   "%write_ln0 = write void @_ssdm_op_Write.ap_auto.i8P0A, i8 %data_33_out, i8 %p_0_1_0_0_06762_load"   --->   Operation 256 'write' 'write_ln0' <Predicate = (icmp_ln33)> <Delay = 0.00>
ST_1 : Operation 257 [1/1] (0.00ns)   --->   "%write_ln0 = write void @_ssdm_op_Write.ap_auto.i8P0A, i8 %data_32_out, i8 %p_0_0_0_0_06564_load"   --->   Operation 257 'write' 'write_ln0' <Predicate = (icmp_ln33)> <Delay = 0.00>
ST_1 : Operation 258 [1/1] (0.00ns)   --->   "%write_ln0 = write void @_ssdm_op_Write.ap_auto.i8P0A, i8 %data_31_out, i8 %p_0_7_0_0_06366_load"   --->   Operation 258 'write' 'write_ln0' <Predicate = (icmp_ln33)> <Delay = 0.00>
ST_1 : Operation 259 [1/1] (0.00ns)   --->   "%write_ln0 = write void @_ssdm_op_Write.ap_auto.i8P0A, i8 %data_30_out, i8 %p_0_6_0_0_06168_load"   --->   Operation 259 'write' 'write_ln0' <Predicate = (icmp_ln33)> <Delay = 0.00>
ST_1 : Operation 260 [1/1] (0.00ns)   --->   "%write_ln0 = write void @_ssdm_op_Write.ap_auto.i8P0A, i8 %data_29_out, i8 %p_0_5_0_0_05970_load"   --->   Operation 260 'write' 'write_ln0' <Predicate = (icmp_ln33)> <Delay = 0.00>
ST_1 : Operation 261 [1/1] (0.00ns)   --->   "%write_ln0 = write void @_ssdm_op_Write.ap_auto.i8P0A, i8 %data_28_out, i8 %p_0_4_0_0_05772_load"   --->   Operation 261 'write' 'write_ln0' <Predicate = (icmp_ln33)> <Delay = 0.00>
ST_1 : Operation 262 [1/1] (0.00ns)   --->   "%write_ln0 = write void @_ssdm_op_Write.ap_auto.i8P0A, i8 %data_27_out, i8 %p_0_3_0_0_05574_load"   --->   Operation 262 'write' 'write_ln0' <Predicate = (icmp_ln33)> <Delay = 0.00>
ST_1 : Operation 263 [1/1] (0.00ns)   --->   "%write_ln0 = write void @_ssdm_op_Write.ap_auto.i8P0A, i8 %data_26_out, i8 %p_0_2_0_0_05376_load"   --->   Operation 263 'write' 'write_ln0' <Predicate = (icmp_ln33)> <Delay = 0.00>
ST_1 : Operation 264 [1/1] (0.00ns)   --->   "%write_ln0 = write void @_ssdm_op_Write.ap_auto.i8P0A, i8 %data_25_out, i8 %p_0_1_0_0_05178_load"   --->   Operation 264 'write' 'write_ln0' <Predicate = (icmp_ln33)> <Delay = 0.00>
ST_1 : Operation 265 [1/1] (0.00ns)   --->   "%write_ln0 = write void @_ssdm_op_Write.ap_auto.i8P0A, i8 %data_24_out, i8 %p_0_0_0_0_04980_load"   --->   Operation 265 'write' 'write_ln0' <Predicate = (icmp_ln33)> <Delay = 0.00>
ST_1 : Operation 266 [1/1] (0.00ns)   --->   "%write_ln0 = write void @_ssdm_op_Write.ap_auto.i8P0A, i8 %data_23_out, i8 %p_0_7_0_0_04782_load"   --->   Operation 266 'write' 'write_ln0' <Predicate = (icmp_ln33)> <Delay = 0.00>
ST_1 : Operation 267 [1/1] (0.00ns)   --->   "%write_ln0 = write void @_ssdm_op_Write.ap_auto.i8P0A, i8 %data_22_out, i8 %p_0_6_0_0_04584_load"   --->   Operation 267 'write' 'write_ln0' <Predicate = (icmp_ln33)> <Delay = 0.00>
ST_1 : Operation 268 [1/1] (0.00ns)   --->   "%write_ln0 = write void @_ssdm_op_Write.ap_auto.i8P0A, i8 %data_21_out, i8 %p_0_5_0_0_04386_load"   --->   Operation 268 'write' 'write_ln0' <Predicate = (icmp_ln33)> <Delay = 0.00>
ST_1 : Operation 269 [1/1] (0.00ns)   --->   "%write_ln0 = write void @_ssdm_op_Write.ap_auto.i8P0A, i8 %data_20_out, i8 %p_0_4_0_0_04188_load"   --->   Operation 269 'write' 'write_ln0' <Predicate = (icmp_ln33)> <Delay = 0.00>
ST_1 : Operation 270 [1/1] (0.00ns)   --->   "%write_ln0 = write void @_ssdm_op_Write.ap_auto.i8P0A, i8 %data_19_out, i8 %p_0_3_0_0_03990_load"   --->   Operation 270 'write' 'write_ln0' <Predicate = (icmp_ln33)> <Delay = 0.00>
ST_1 : Operation 271 [1/1] (0.00ns)   --->   "%write_ln0 = write void @_ssdm_op_Write.ap_auto.i8P0A, i8 %data_18_out, i8 %p_0_2_0_0_03792_load"   --->   Operation 271 'write' 'write_ln0' <Predicate = (icmp_ln33)> <Delay = 0.00>
ST_1 : Operation 272 [1/1] (0.00ns)   --->   "%write_ln0 = write void @_ssdm_op_Write.ap_auto.i8P0A, i8 %data_17_out, i8 %p_0_1_0_0_03594_load"   --->   Operation 272 'write' 'write_ln0' <Predicate = (icmp_ln33)> <Delay = 0.00>
ST_1 : Operation 273 [1/1] (0.00ns)   --->   "%write_ln0 = write void @_ssdm_op_Write.ap_auto.i8P0A, i8 %data_16_out, i8 %p_0_0_0_0_03396_load"   --->   Operation 273 'write' 'write_ln0' <Predicate = (icmp_ln33)> <Delay = 0.00>
ST_1 : Operation 274 [1/1] (0.00ns)   --->   "%write_ln0 = write void @_ssdm_op_Write.ap_auto.i8P0A, i8 %data_15_out, i8 %p_0_7_0_0_03198_load"   --->   Operation 274 'write' 'write_ln0' <Predicate = (icmp_ln33)> <Delay = 0.00>
ST_1 : Operation 275 [1/1] (0.00ns)   --->   "%write_ln0 = write void @_ssdm_op_Write.ap_auto.i8P0A, i8 %data_14_out, i8 %p_0_6_0_0_029100_load"   --->   Operation 275 'write' 'write_ln0' <Predicate = (icmp_ln33)> <Delay = 0.00>
ST_1 : Operation 276 [1/1] (0.00ns)   --->   "%write_ln0 = write void @_ssdm_op_Write.ap_auto.i8P0A, i8 %data_13_out, i8 %p_0_5_0_0_027102_load"   --->   Operation 276 'write' 'write_ln0' <Predicate = (icmp_ln33)> <Delay = 0.00>
ST_1 : Operation 277 [1/1] (0.00ns)   --->   "%write_ln0 = write void @_ssdm_op_Write.ap_auto.i8P0A, i8 %data_12_out, i8 %p_0_4_0_0_025104_load"   --->   Operation 277 'write' 'write_ln0' <Predicate = (icmp_ln33)> <Delay = 0.00>
ST_1 : Operation 278 [1/1] (0.00ns)   --->   "%write_ln0 = write void @_ssdm_op_Write.ap_auto.i8P0A, i8 %data_11_out, i8 %p_0_3_0_0_023106_load"   --->   Operation 278 'write' 'write_ln0' <Predicate = (icmp_ln33)> <Delay = 0.00>
ST_1 : Operation 279 [1/1] (0.00ns)   --->   "%write_ln0 = write void @_ssdm_op_Write.ap_auto.i8P0A, i8 %data_10_out, i8 %p_0_2_0_0_021108_load"   --->   Operation 279 'write' 'write_ln0' <Predicate = (icmp_ln33)> <Delay = 0.00>
ST_1 : Operation 280 [1/1] (0.00ns)   --->   "%write_ln0 = write void @_ssdm_op_Write.ap_auto.i8P0A, i8 %data_9_out, i8 %p_0_1_0_0_019110_load"   --->   Operation 280 'write' 'write_ln0' <Predicate = (icmp_ln33)> <Delay = 0.00>
ST_1 : Operation 281 [1/1] (0.00ns)   --->   "%write_ln0 = write void @_ssdm_op_Write.ap_auto.i8P0A, i8 %data_8_out, i8 %p_0_0_0_0_017112_load"   --->   Operation 281 'write' 'write_ln0' <Predicate = (icmp_ln33)> <Delay = 0.00>
ST_1 : Operation 282 [1/1] (0.00ns)   --->   "%write_ln0 = write void @_ssdm_op_Write.ap_auto.i8P0A, i8 %data_7_out, i8 %p_0_7_0_0_015114_load"   --->   Operation 282 'write' 'write_ln0' <Predicate = (icmp_ln33)> <Delay = 0.00>
ST_1 : Operation 283 [1/1] (0.00ns)   --->   "%write_ln0 = write void @_ssdm_op_Write.ap_auto.i8P0A, i8 %data_6_out, i8 %p_0_6_0_0_013116_load"   --->   Operation 283 'write' 'write_ln0' <Predicate = (icmp_ln33)> <Delay = 0.00>
ST_1 : Operation 284 [1/1] (0.00ns)   --->   "%write_ln0 = write void @_ssdm_op_Write.ap_auto.i8P0A, i8 %data_5_out, i8 %p_0_5_0_0_011118_load"   --->   Operation 284 'write' 'write_ln0' <Predicate = (icmp_ln33)> <Delay = 0.00>
ST_1 : Operation 285 [1/1] (0.00ns)   --->   "%write_ln0 = write void @_ssdm_op_Write.ap_auto.i8P0A, i8 %data_4_out, i8 %p_0_4_0_0_09120_load"   --->   Operation 285 'write' 'write_ln0' <Predicate = (icmp_ln33)> <Delay = 0.00>
ST_1 : Operation 286 [1/1] (0.00ns)   --->   "%write_ln0 = write void @_ssdm_op_Write.ap_auto.i8P0A, i8 %data_3_out, i8 %p_0_3_0_0_07122_load"   --->   Operation 286 'write' 'write_ln0' <Predicate = (icmp_ln33)> <Delay = 0.00>
ST_1 : Operation 287 [1/1] (0.00ns)   --->   "%write_ln0 = write void @_ssdm_op_Write.ap_auto.i8P0A, i8 %data_2_out, i8 %p_0_2_0_0_05124_load"   --->   Operation 287 'write' 'write_ln0' <Predicate = (icmp_ln33)> <Delay = 0.00>
ST_1 : Operation 288 [1/1] (0.00ns)   --->   "%write_ln0 = write void @_ssdm_op_Write.ap_auto.i8P0A, i8 %data_1_out, i8 %p_0_1_0_0_03126_load"   --->   Operation 288 'write' 'write_ln0' <Predicate = (icmp_ln33)> <Delay = 0.00>
ST_1 : Operation 289 [1/1] (0.00ns)   --->   "%write_ln0 = write void @_ssdm_op_Write.ap_auto.i8P0A, i8 %data_out, i8 %p_0_0_0_0_01128_load"   --->   Operation 289 'write' 'write_ln0' <Predicate = (icmp_ln33)> <Delay = 0.00>
ST_1 : Operation 290 [1/1] (1.58ns)   --->   "%ret_ln0 = ret"   --->   Operation 290 'ret' 'ret_ln0' <Predicate = (icmp_ln33)> <Delay = 1.58>


============================================================
+ Verbose Summary: Binding
============================================================
STG Binding: 
---------------- STG Properties BEGIN ----------------
- Is combinational: 0
- Is one-state seq: 0
- Is datapath-only: 0
- Is pipelined: 0
- Is top level: 0
Port [ Return ] is wired: 1; IO mode=ap_ctrl_hs:ce=0
Port [ input_layer]:  wired=1; compound=1; hidden=0; nouse=0; global=0; static=0; extern=0; dir=0; type=0; pingpong=0; private_global=0; IO mode=axis:ce=0
Port [ data_63_out]:  wired=1; compound=0; hidden=0; nouse=0; global=0; static=0; extern=0; dir=1; type=0; pingpong=0; private_global=0; IO mode=ap_vld:ce=0
Port [ data_62_out]:  wired=1; compound=0; hidden=0; nouse=0; global=0; static=0; extern=0; dir=1; type=0; pingpong=0; private_global=0; IO mode=ap_vld:ce=0
Port [ data_61_out]:  wired=1; compound=0; hidden=0; nouse=0; global=0; static=0; extern=0; dir=1; type=0; pingpong=0; private_global=0; IO mode=ap_vld:ce=0
Port [ data_60_out]:  wired=1; compound=0; hidden=0; nouse=0; global=0; static=0; extern=0; dir=1; type=0; pingpong=0; private_global=0; IO mode=ap_vld:ce=0
Port [ data_59_out]:  wired=1; compound=0; hidden=0; nouse=0; global=0; static=0; extern=0; dir=1; type=0; pingpong=0; private_global=0; IO mode=ap_vld:ce=0
Port [ data_58_out]:  wired=1; compound=0; hidden=0; nouse=0; global=0; static=0; extern=0; dir=1; type=0; pingpong=0; private_global=0; IO mode=ap_vld:ce=0
Port [ data_57_out]:  wired=1; compound=0; hidden=0; nouse=0; global=0; static=0; extern=0; dir=1; type=0; pingpong=0; private_global=0; IO mode=ap_vld:ce=0
Port [ data_56_out]:  wired=1; compound=0; hidden=0; nouse=0; global=0; static=0; extern=0; dir=1; type=0; pingpong=0; private_global=0; IO mode=ap_vld:ce=0
Port [ data_55_out]:  wired=1; compound=0; hidden=0; nouse=0; global=0; static=0; extern=0; dir=1; type=0; pingpong=0; private_global=0; IO mode=ap_vld:ce=0
Port [ data_54_out]:  wired=1; compound=0; hidden=0; nouse=0; global=0; static=0; extern=0; dir=1; type=0; pingpong=0; private_global=0; IO mode=ap_vld:ce=0
Port [ data_53_out]:  wired=1; compound=0; hidden=0; nouse=0; global=0; static=0; extern=0; dir=1; type=0; pingpong=0; private_global=0; IO mode=ap_vld:ce=0
Port [ data_52_out]:  wired=1; compound=0; hidden=0; nouse=0; global=0; static=0; extern=0; dir=1; type=0; pingpong=0; private_global=0; IO mode=ap_vld:ce=0
Port [ data_51_out]:  wired=1; compound=0; hidden=0; nouse=0; global=0; static=0; extern=0; dir=1; type=0; pingpong=0; private_global=0; IO mode=ap_vld:ce=0
Port [ data_50_out]:  wired=1; compound=0; hidden=0; nouse=0; global=0; static=0; extern=0; dir=1; type=0; pingpong=0; private_global=0; IO mode=ap_vld:ce=0
Port [ data_49_out]:  wired=1; compound=0; hidden=0; nouse=0; global=0; static=0; extern=0; dir=1; type=0; pingpong=0; private_global=0; IO mode=ap_vld:ce=0
Port [ data_48_out]:  wired=1; compound=0; hidden=0; nouse=0; global=0; static=0; extern=0; dir=1; type=0; pingpong=0; private_global=0; IO mode=ap_vld:ce=0
Port [ data_47_out]:  wired=1; compound=0; hidden=0; nouse=0; global=0; static=0; extern=0; dir=1; type=0; pingpong=0; private_global=0; IO mode=ap_vld:ce=0
Port [ data_46_out]:  wired=1; compound=0; hidden=0; nouse=0; global=0; static=0; extern=0; dir=1; type=0; pingpong=0; private_global=0; IO mode=ap_vld:ce=0
Port [ data_45_out]:  wired=1; compound=0; hidden=0; nouse=0; global=0; static=0; extern=0; dir=1; type=0; pingpong=0; private_global=0; IO mode=ap_vld:ce=0
Port [ data_44_out]:  wired=1; compound=0; hidden=0; nouse=0; global=0; static=0; extern=0; dir=1; type=0; pingpong=0; private_global=0; IO mode=ap_vld:ce=0
Port [ data_43_out]:  wired=1; compound=0; hidden=0; nouse=0; global=0; static=0; extern=0; dir=1; type=0; pingpong=0; private_global=0; IO mode=ap_vld:ce=0
Port [ data_42_out]:  wired=1; compound=0; hidden=0; nouse=0; global=0; static=0; extern=0; dir=1; type=0; pingpong=0; private_global=0; IO mode=ap_vld:ce=0
Port [ data_41_out]:  wired=1; compound=0; hidden=0; nouse=0; global=0; static=0; extern=0; dir=1; type=0; pingpong=0; private_global=0; IO mode=ap_vld:ce=0
Port [ data_40_out]:  wired=1; compound=0; hidden=0; nouse=0; global=0; static=0; extern=0; dir=1; type=0; pingpong=0; private_global=0; IO mode=ap_vld:ce=0
Port [ data_39_out]:  wired=1; compound=0; hidden=0; nouse=0; global=0; static=0; extern=0; dir=1; type=0; pingpong=0; private_global=0; IO mode=ap_vld:ce=0
Port [ data_38_out]:  wired=1; compound=0; hidden=0; nouse=0; global=0; static=0; extern=0; dir=1; type=0; pingpong=0; private_global=0; IO mode=ap_vld:ce=0
Port [ data_37_out]:  wired=1; compound=0; hidden=0; nouse=0; global=0; static=0; extern=0; dir=1; type=0; pingpong=0; private_global=0; IO mode=ap_vld:ce=0
Port [ data_36_out]:  wired=1; compound=0; hidden=0; nouse=0; global=0; static=0; extern=0; dir=1; type=0; pingpong=0; private_global=0; IO mode=ap_vld:ce=0
Port [ data_35_out]:  wired=1; compound=0; hidden=0; nouse=0; global=0; static=0; extern=0; dir=1; type=0; pingpong=0; private_global=0; IO mode=ap_vld:ce=0
Port [ data_34_out]:  wired=1; compound=0; hidden=0; nouse=0; global=0; static=0; extern=0; dir=1; type=0; pingpong=0; private_global=0; IO mode=ap_vld:ce=0
Port [ data_33_out]:  wired=1; compound=0; hidden=0; nouse=0; global=0; static=0; extern=0; dir=1; type=0; pingpong=0; private_global=0; IO mode=ap_vld:ce=0
Port [ data_32_out]:  wired=1; compound=0; hidden=0; nouse=0; global=0; static=0; extern=0; dir=1; type=0; pingpong=0; private_global=0; IO mode=ap_vld:ce=0
Port [ data_31_out]:  wired=1; compound=0; hidden=0; nouse=0; global=0; static=0; extern=0; dir=1; type=0; pingpong=0; private_global=0; IO mode=ap_vld:ce=0
Port [ data_30_out]:  wired=1; compound=0; hidden=0; nouse=0; global=0; static=0; extern=0; dir=1; type=0; pingpong=0; private_global=0; IO mode=ap_vld:ce=0
Port [ data_29_out]:  wired=1; compound=0; hidden=0; nouse=0; global=0; static=0; extern=0; dir=1; type=0; pingpong=0; private_global=0; IO mode=ap_vld:ce=0
Port [ data_28_out]:  wired=1; compound=0; hidden=0; nouse=0; global=0; static=0; extern=0; dir=1; type=0; pingpong=0; private_global=0; IO mode=ap_vld:ce=0
Port [ data_27_out]:  wired=1; compound=0; hidden=0; nouse=0; global=0; static=0; extern=0; dir=1; type=0; pingpong=0; private_global=0; IO mode=ap_vld:ce=0
Port [ data_26_out]:  wired=1; compound=0; hidden=0; nouse=0; global=0; static=0; extern=0; dir=1; type=0; pingpong=0; private_global=0; IO mode=ap_vld:ce=0
Port [ data_25_out]:  wired=1; compound=0; hidden=0; nouse=0; global=0; static=0; extern=0; dir=1; type=0; pingpong=0; private_global=0; IO mode=ap_vld:ce=0
Port [ data_24_out]:  wired=1; compound=0; hidden=0; nouse=0; global=0; static=0; extern=0; dir=1; type=0; pingpong=0; private_global=0; IO mode=ap_vld:ce=0
Port [ data_23_out]:  wired=1; compound=0; hidden=0; nouse=0; global=0; static=0; extern=0; dir=1; type=0; pingpong=0; private_global=0; IO mode=ap_vld:ce=0
Port [ data_22_out]:  wired=1; compound=0; hidden=0; nouse=0; global=0; static=0; extern=0; dir=1; type=0; pingpong=0; private_global=0; IO mode=ap_vld:ce=0
Port [ data_21_out]:  wired=1; compound=0; hidden=0; nouse=0; global=0; static=0; extern=0; dir=1; type=0; pingpong=0; private_global=0; IO mode=ap_vld:ce=0
Port [ data_20_out]:  wired=1; compound=0; hidden=0; nouse=0; global=0; static=0; extern=0; dir=1; type=0; pingpong=0; private_global=0; IO mode=ap_vld:ce=0
Port [ data_19_out]:  wired=1; compound=0; hidden=0; nouse=0; global=0; static=0; extern=0; dir=1; type=0; pingpong=0; private_global=0; IO mode=ap_vld:ce=0
Port [ data_18_out]:  wired=1; compound=0; hidden=0; nouse=0; global=0; static=0; extern=0; dir=1; type=0; pingpong=0; private_global=0; IO mode=ap_vld:ce=0
Port [ data_17_out]:  wired=1; compound=0; hidden=0; nouse=0; global=0; static=0; extern=0; dir=1; type=0; pingpong=0; private_global=0; IO mode=ap_vld:ce=0
Port [ data_16_out]:  wired=1; compound=0; hidden=0; nouse=0; global=0; static=0; extern=0; dir=1; type=0; pingpong=0; private_global=0; IO mode=ap_vld:ce=0
Port [ data_15_out]:  wired=1; compound=0; hidden=0; nouse=0; global=0; static=0; extern=0; dir=1; type=0; pingpong=0; private_global=0; IO mode=ap_vld:ce=0
Port [ data_14_out]:  wired=1; compound=0; hidden=0; nouse=0; global=0; static=0; extern=0; dir=1; type=0; pingpong=0; private_global=0; IO mode=ap_vld:ce=0
Port [ data_13_out]:  wired=1; compound=0; hidden=0; nouse=0; global=0; static=0; extern=0; dir=1; type=0; pingpong=0; private_global=0; IO mode=ap_vld:ce=0
Port [ data_12_out]:  wired=1; compound=0; hidden=0; nouse=0; global=0; static=0; extern=0; dir=1; type=0; pingpong=0; private_global=0; IO mode=ap_vld:ce=0
Port [ data_11_out]:  wired=1; compound=0; hidden=0; nouse=0; global=0; static=0; extern=0; dir=1; type=0; pingpong=0; private_global=0; IO mode=ap_vld:ce=0
Port [ data_10_out]:  wired=1; compound=0; hidden=0; nouse=0; global=0; static=0; extern=0; dir=1; type=0; pingpong=0; private_global=0; IO mode=ap_vld:ce=0
Port [ data_9_out]:  wired=1; compound=0; hidden=0; nouse=0; global=0; static=0; extern=0; dir=1; type=0; pingpong=0; private_global=0; IO mode=ap_vld:ce=0
Port [ data_8_out]:  wired=1; compound=0; hidden=0; nouse=0; global=0; static=0; extern=0; dir=1; type=0; pingpong=0; private_global=0; IO mode=ap_vld:ce=0
Port [ data_7_out]:  wired=1; compound=0; hidden=0; nouse=0; global=0; static=0; extern=0; dir=1; type=0; pingpong=0; private_global=0; IO mode=ap_vld:ce=0
Port [ data_6_out]:  wired=1; compound=0; hidden=0; nouse=0; global=0; static=0; extern=0; dir=1; type=0; pingpong=0; private_global=0; IO mode=ap_vld:ce=0
Port [ data_5_out]:  wired=1; compound=0; hidden=0; nouse=0; global=0; static=0; extern=0; dir=1; type=0; pingpong=0; private_global=0; IO mode=ap_vld:ce=0
Port [ data_4_out]:  wired=1; compound=0; hidden=0; nouse=0; global=0; static=0; extern=0; dir=1; type=0; pingpong=0; private_global=0; IO mode=ap_vld:ce=0
Port [ data_3_out]:  wired=1; compound=0; hidden=0; nouse=0; global=0; static=0; extern=0; dir=1; type=0; pingpong=0; private_global=0; IO mode=ap_vld:ce=0
Port [ data_2_out]:  wired=1; compound=0; hidden=0; nouse=0; global=0; static=0; extern=0; dir=1; type=0; pingpong=0; private_global=0; IO mode=ap_vld:ce=0
Port [ data_1_out]:  wired=1; compound=0; hidden=0; nouse=0; global=0; static=0; extern=0; dir=1; type=0; pingpong=0; private_global=0; IO mode=ap_vld:ce=0
Port [ data_out]:  wired=1; compound=0; hidden=0; nouse=0; global=0; static=0; extern=0; dir=1; type=0; pingpong=0; private_global=0; IO mode=ap_vld:ce=0
---------------- STG Properties END ------------------

---------------- Datapath Model BEGIN ----------------

<LifeTime>
<method=bitvector/>
i_in129                (alloca           ) [ 01]
p_0_7_0_0_01272        (alloca           ) [ 01]
p_0_6_0_0_01254        (alloca           ) [ 01]
p_0_5_0_0_01236        (alloca           ) [ 01]
p_0_4_0_0_01218        (alloca           ) [ 01]
p_0_3_0_0_011910       (alloca           ) [ 01]
p_0_2_0_0_011712       (alloca           ) [ 01]
p_0_1_0_0_011514       (alloca           ) [ 01]
p_0_0_0_0_011316       (alloca           ) [ 01]
p_0_7_0_0_011118       (alloca           ) [ 01]
p_0_6_0_0_010920       (alloca           ) [ 01]
p_0_5_0_0_010722       (alloca           ) [ 01]
p_0_4_0_0_010524       (alloca           ) [ 01]
p_0_3_0_0_010326       (alloca           ) [ 01]
p_0_2_0_0_010128       (alloca           ) [ 01]
p_0_1_0_0_09930        (alloca           ) [ 01]
p_0_0_0_0_09732        (alloca           ) [ 01]
p_0_7_0_0_09534        (alloca           ) [ 01]
p_0_6_0_0_09336        (alloca           ) [ 01]
p_0_5_0_0_09138        (alloca           ) [ 01]
p_0_4_0_0_08940        (alloca           ) [ 01]
p_0_3_0_0_08742        (alloca           ) [ 01]
p_0_2_0_0_08544        (alloca           ) [ 01]
p_0_1_0_0_08346        (alloca           ) [ 01]
p_0_0_0_0_08148        (alloca           ) [ 01]
p_0_7_0_0_07950        (alloca           ) [ 01]
p_0_6_0_0_07752        (alloca           ) [ 01]
p_0_5_0_0_07554        (alloca           ) [ 01]
p_0_4_0_0_07356        (alloca           ) [ 01]
p_0_3_0_0_07158        (alloca           ) [ 01]
p_0_2_0_0_06960        (alloca           ) [ 01]
p_0_1_0_0_06762        (alloca           ) [ 01]
p_0_0_0_0_06564        (alloca           ) [ 01]
p_0_7_0_0_06366        (alloca           ) [ 01]
p_0_6_0_0_06168        (alloca           ) [ 01]
p_0_5_0_0_05970        (alloca           ) [ 01]
p_0_4_0_0_05772        (alloca           ) [ 01]
p_0_3_0_0_05574        (alloca           ) [ 01]
p_0_2_0_0_05376        (alloca           ) [ 01]
p_0_1_0_0_05178        (alloca           ) [ 01]
p_0_0_0_0_04980        (alloca           ) [ 01]
p_0_7_0_0_04782        (alloca           ) [ 01]
p_0_6_0_0_04584        (alloca           ) [ 01]
p_0_5_0_0_04386        (alloca           ) [ 01]
p_0_4_0_0_04188        (alloca           ) [ 01]
p_0_3_0_0_03990        (alloca           ) [ 01]
p_0_2_0_0_03792        (alloca           ) [ 01]
p_0_1_0_0_03594        (alloca           ) [ 01]
p_0_0_0_0_03396        (alloca           ) [ 01]
p_0_7_0_0_03198        (alloca           ) [ 01]
p_0_6_0_0_029100       (alloca           ) [ 01]
p_0_5_0_0_027102       (alloca           ) [ 01]
p_0_4_0_0_025104       (alloca           ) [ 01]
p_0_3_0_0_023106       (alloca           ) [ 01]
p_0_2_0_0_021108       (alloca           ) [ 01]
p_0_1_0_0_019110       (alloca           ) [ 01]
p_0_0_0_0_017112       (alloca           ) [ 01]
p_0_7_0_0_015114       (alloca           ) [ 01]
p_0_6_0_0_013116       (alloca           ) [ 01]
p_0_5_0_0_011118       (alloca           ) [ 01]
p_0_4_0_0_09120        (alloca           ) [ 01]
p_0_3_0_0_07122        (alloca           ) [ 01]
p_0_2_0_0_05124        (alloca           ) [ 01]
p_0_1_0_0_03126        (alloca           ) [ 01]
p_0_0_0_0_01128        (alloca           ) [ 01]
specinterface_ln0      (specinterface    ) [ 00]
store_ln0              (store            ) [ 00]
br_ln33                (br               ) [ 00]
i_in129_load           (load             ) [ 01]
specpipeline_ln34      (specpipeline     ) [ 00]
speclooptripcount_ln33 (speclooptripcount) [ 00]
specloopname_ln33      (specloopname     ) [ 00]
input_layer_read       (read             ) [ 00]
data_pack              (trunc            ) [ 00]
data_pack_1            (partselect       ) [ 00]
data_pack_2            (partselect       ) [ 00]
data_pack_3            (partselect       ) [ 00]
data_pack_4            (partselect       ) [ 00]
data_pack_5            (partselect       ) [ 00]
data_pack_6            (partselect       ) [ 00]
data_pack_7            (partselect       ) [ 00]
i_in                   (add              ) [ 00]
switch_ln39            (switch           ) [ 00]
store_ln35             (store            ) [ 00]
store_ln35             (store            ) [ 00]
store_ln35             (store            ) [ 00]
store_ln35             (store            ) [ 00]
store_ln35             (store            ) [ 00]
store_ln35             (store            ) [ 00]
store_ln35             (store            ) [ 00]
store_ln35             (store            ) [ 00]
br_ln39                (br               ) [ 00]
store_ln35             (store            ) [ 00]
store_ln35             (store            ) [ 00]
store_ln35             (store            ) [ 00]
store_ln35             (store            ) [ 00]
store_ln35             (store            ) [ 00]
store_ln35             (store            ) [ 00]
store_ln35             (store            ) [ 00]
store_ln35             (store            ) [ 00]
br_ln39                (br               ) [ 00]
store_ln35             (store            ) [ 00]
store_ln35             (store            ) [ 00]
store_ln35             (store            ) [ 00]
store_ln35             (store            ) [ 00]
store_ln35             (store            ) [ 00]
store_ln35             (store            ) [ 00]
store_ln35             (store            ) [ 00]
store_ln35             (store            ) [ 00]
br_ln39                (br               ) [ 00]
store_ln35             (store            ) [ 00]
store_ln35             (store            ) [ 00]
store_ln35             (store            ) [ 00]
store_ln35             (store            ) [ 00]
store_ln35             (store            ) [ 00]
store_ln35             (store            ) [ 00]
store_ln35             (store            ) [ 00]
store_ln35             (store            ) [ 00]
br_ln39                (br               ) [ 00]
store_ln35             (store            ) [ 00]
store_ln35             (store            ) [ 00]
store_ln35             (store            ) [ 00]
store_ln35             (store            ) [ 00]
store_ln35             (store            ) [ 00]
store_ln35             (store            ) [ 00]
store_ln35             (store            ) [ 00]
store_ln35             (store            ) [ 00]
br_ln39                (br               ) [ 00]
store_ln35             (store            ) [ 00]
store_ln35             (store            ) [ 00]
store_ln35             (store            ) [ 00]
store_ln35             (store            ) [ 00]
store_ln35             (store            ) [ 00]
store_ln35             (store            ) [ 00]
store_ln35             (store            ) [ 00]
store_ln35             (store            ) [ 00]
br_ln39                (br               ) [ 00]
store_ln35             (store            ) [ 00]
store_ln35             (store            ) [ 00]
store_ln35             (store            ) [ 00]
store_ln35             (store            ) [ 00]
store_ln35             (store            ) [ 00]
store_ln35             (store            ) [ 00]
store_ln35             (store            ) [ 00]
store_ln35             (store            ) [ 00]
br_ln39                (br               ) [ 00]
store_ln35             (store            ) [ 00]
store_ln35             (store            ) [ 00]
store_ln35             (store            ) [ 00]
store_ln35             (store            ) [ 00]
store_ln35             (store            ) [ 00]
store_ln35             (store            ) [ 00]
store_ln35             (store            ) [ 00]
store_ln35             (store            ) [ 00]
br_ln39                (br               ) [ 00]
icmp_ln33              (icmp             ) [ 01]
store_ln33             (store            ) [ 00]
br_ln33                (br               ) [ 00]
p_0_7_0_0_01272_load   (load             ) [ 00]
p_0_6_0_0_01254_load   (load             ) [ 00]
p_0_5_0_0_01236_load   (load             ) [ 00]
p_0_4_0_0_01218_load   (load             ) [ 00]
p_0_3_0_0_011910_load  (load             ) [ 00]
p_0_2_0_0_011712_load  (load             ) [ 00]
p_0_1_0_0_011514_load  (load             ) [ 00]
p_0_0_0_0_011316_load  (load             ) [ 00]
p_0_7_0_0_011118_load  (load             ) [ 00]
p_0_6_0_0_010920_load  (load             ) [ 00]
p_0_5_0_0_010722_load  (load             ) [ 00]
p_0_4_0_0_010524_load  (load             ) [ 00]
p_0_3_0_0_010326_load  (load             ) [ 00]
p_0_2_0_0_010128_load  (load             ) [ 00]
p_0_1_0_0_09930_load   (load             ) [ 00]
p_0_0_0_0_09732_load   (load             ) [ 00]
p_0_7_0_0_09534_load   (load             ) [ 00]
p_0_6_0_0_09336_load   (load             ) [ 00]
p_0_5_0_0_09138_load   (load             ) [ 00]
p_0_4_0_0_08940_load   (load             ) [ 00]
p_0_3_0_0_08742_load   (load             ) [ 00]
p_0_2_0_0_08544_load   (load             ) [ 00]
p_0_1_0_0_08346_load   (load             ) [ 00]
p_0_0_0_0_08148_load   (load             ) [ 00]
p_0_7_0_0_07950_load   (load             ) [ 00]
p_0_6_0_0_07752_load   (load             ) [ 00]
p_0_5_0_0_07554_load   (load             ) [ 00]
p_0_4_0_0_07356_load   (load             ) [ 00]
p_0_3_0_0_07158_load   (load             ) [ 00]
p_0_2_0_0_06960_load   (load             ) [ 00]
p_0_1_0_0_06762_load   (load             ) [ 00]
p_0_0_0_0_06564_load   (load             ) [ 00]
p_0_7_0_0_06366_load   (load             ) [ 00]
p_0_6_0_0_06168_load   (load             ) [ 00]
p_0_5_0_0_05970_load   (load             ) [ 00]
p_0_4_0_0_05772_load   (load             ) [ 00]
p_0_3_0_0_05574_load   (load             ) [ 00]
p_0_2_0_0_05376_load   (load             ) [ 00]
p_0_1_0_0_05178_load   (load             ) [ 00]
p_0_0_0_0_04980_load   (load             ) [ 00]
p_0_7_0_0_04782_load   (load             ) [ 00]
p_0_6_0_0_04584_load   (load             ) [ 00]
p_0_5_0_0_04386_load   (load             ) [ 00]
p_0_4_0_0_04188_load   (load             ) [ 00]
p_0_3_0_0_03990_load   (load             ) [ 00]
p_0_2_0_0_03792_load   (load             ) [ 00]
p_0_1_0_0_03594_load   (load             ) [ 00]
p_0_0_0_0_03396_load   (load             ) [ 00]
p_0_7_0_0_03198_load   (load             ) [ 00]
p_0_6_0_0_029100_load  (load             ) [ 00]
p_0_5_0_0_027102_load  (load             ) [ 00]
p_0_4_0_0_025104_load  (load             ) [ 00]
p_0_3_0_0_023106_load  (load             ) [ 00]
p_0_2_0_0_021108_load  (load             ) [ 00]
p_0_1_0_0_019110_load  (load             ) [ 00]
p_0_0_0_0_017112_load  (load             ) [ 00]
p_0_7_0_0_015114_load  (load             ) [ 00]
p_0_6_0_0_013116_load  (load             ) [ 00]
p_0_5_0_0_011118_load  (load             ) [ 00]
p_0_4_0_0_09120_load   (load             ) [ 00]
p_0_3_0_0_07122_load   (load             ) [ 00]
p_0_2_0_0_05124_load   (load             ) [ 00]
p_0_1_0_0_03126_load   (load             ) [ 00]
p_0_0_0_0_01128_load   (load             ) [ 00]
write_ln0              (write            ) [ 00]
write_ln0              (write            ) [ 00]
write_ln0              (write            ) [ 00]
write_ln0              (write            ) [ 00]
write_ln0              (write            ) [ 00]
write_ln0              (write            ) [ 00]
write_ln0              (write            ) [ 00]
write_ln0              (write            ) [ 00]
write_ln0              (write            ) [ 00]
write_ln0              (write            ) [ 00]
write_ln0              (write            ) [ 00]
write_ln0              (write            ) [ 00]
write_ln0              (write            ) [ 00]
write_ln0              (write            ) [ 00]
write_ln0              (write            ) [ 00]
write_ln0              (write            ) [ 00]
write_ln0              (write            ) [ 00]
write_ln0              (write            ) [ 00]
write_ln0              (write            ) [ 00]
write_ln0              (write            ) [ 00]
write_ln0              (write            ) [ 00]
write_ln0              (write            ) [ 00]
write_ln0              (write            ) [ 00]
write_ln0              (write            ) [ 00]
write_ln0              (write            ) [ 00]
write_ln0              (write            ) [ 00]
write_ln0              (write            ) [ 00]
write_ln0              (write            ) [ 00]
write_ln0              (write            ) [ 00]
write_ln0              (write            ) [ 00]
write_ln0              (write            ) [ 00]
write_ln0              (write            ) [ 00]
write_ln0              (write            ) [ 00]
write_ln0              (write            ) [ 00]
write_ln0              (write            ) [ 00]
write_ln0              (write            ) [ 00]
write_ln0              (write            ) [ 00]
write_ln0              (write            ) [ 00]
write_ln0              (write            ) [ 00]
write_ln0              (write            ) [ 00]
write_ln0              (write            ) [ 00]
write_ln0              (write            ) [ 00]
write_ln0              (write            ) [ 00]
write_ln0              (write            ) [ 00]
write_ln0              (write            ) [ 00]
write_ln0              (write            ) [ 00]
write_ln0              (write            ) [ 00]
write_ln0              (write            ) [ 00]
write_ln0              (write            ) [ 00]
write_ln0              (write            ) [ 00]
write_ln0              (write            ) [ 00]
write_ln0              (write            ) [ 00]
write_ln0              (write            ) [ 00]
write_ln0              (write            ) [ 00]
write_ln0              (write            ) [ 00]
write_ln0              (write            ) [ 00]
write_ln0              (write            ) [ 00]
write_ln0              (write            ) [ 00]
write_ln0              (write            ) [ 00]
write_ln0              (write            ) [ 00]
write_ln0              (write            ) [ 00]
write_ln0              (write            ) [ 00]
write_ln0              (write            ) [ 00]
write_ln0              (write            ) [ 00]
ret_ln0                (ret              ) [ 00]
</LifeTime>

<model>

<comp_list>
<comp id="0" class="1000" name="input_layer">
<pin_list>
<pin id="1" dir="1" index="0" bw="1" slack="0"/>
</pin_list>
<bind>
<StgValue><ssdm name="input_layer"/></StgValue>
</bind>
</comp>

<comp id="2" class="1000" name="data_63_out">
<pin_list>
<pin id="3" dir="1" index="0" bw="1" slack="0"/>
</pin_list>
<bind>
<StgValue><ssdm name="data_63_out"/></StgValue>
</bind>
</comp>

<comp id="4" class="1000" name="data_62_out">
<pin_list>
<pin id="5" dir="1" index="0" bw="1" slack="0"/>
</pin_list>
<bind>
<StgValue><ssdm name="data_62_out"/></StgValue>
</bind>
</comp>

<comp id="6" class="1000" name="data_61_out">
<pin_list>
<pin id="7" dir="1" index="0" bw="1" slack="0"/>
</pin_list>
<bind>
<StgValue><ssdm name="data_61_out"/></StgValue>
</bind>
</comp>

<comp id="8" class="1000" name="data_60_out">
<pin_list>
<pin id="9" dir="1" index="0" bw="1" slack="0"/>
</pin_list>
<bind>
<StgValue><ssdm name="data_60_out"/></StgValue>
</bind>
</comp>

<comp id="10" class="1000" name="data_59_out">
<pin_list>
<pin id="11" dir="1" index="0" bw="1" slack="0"/>
</pin_list>
<bind>
<StgValue><ssdm name="data_59_out"/></StgValue>
</bind>
</comp>

<comp id="12" class="1000" name="data_58_out">
<pin_list>
<pin id="13" dir="1" index="0" bw="1" slack="0"/>
</pin_list>
<bind>
<StgValue><ssdm name="data_58_out"/></StgValue>
</bind>
</comp>

<comp id="14" class="1000" name="data_57_out">
<pin_list>
<pin id="15" dir="1" index="0" bw="1" slack="0"/>
</pin_list>
<bind>
<StgValue><ssdm name="data_57_out"/></StgValue>
</bind>
</comp>

<comp id="16" class="1000" name="data_56_out">
<pin_list>
<pin id="17" dir="1" index="0" bw="1" slack="0"/>
</pin_list>
<bind>
<StgValue><ssdm name="data_56_out"/></StgValue>
</bind>
</comp>

<comp id="18" class="1000" name="data_55_out">
<pin_list>
<pin id="19" dir="1" index="0" bw="1" slack="0"/>
</pin_list>
<bind>
<StgValue><ssdm name="data_55_out"/></StgValue>
</bind>
</comp>

<comp id="20" class="1000" name="data_54_out">
<pin_list>
<pin id="21" dir="1" index="0" bw="1" slack="0"/>
</pin_list>
<bind>
<StgValue><ssdm name="data_54_out"/></StgValue>
</bind>
</comp>

<comp id="22" class="1000" name="data_53_out">
<pin_list>
<pin id="23" dir="1" index="0" bw="1" slack="0"/>
</pin_list>
<bind>
<StgValue><ssdm name="data_53_out"/></StgValue>
</bind>
</comp>

<comp id="24" class="1000" name="data_52_out">
<pin_list>
<pin id="25" dir="1" index="0" bw="1" slack="0"/>
</pin_list>
<bind>
<StgValue><ssdm name="data_52_out"/></StgValue>
</bind>
</comp>

<comp id="26" class="1000" name="data_51_out">
<pin_list>
<pin id="27" dir="1" index="0" bw="1" slack="0"/>
</pin_list>
<bind>
<StgValue><ssdm name="data_51_out"/></StgValue>
</bind>
</comp>

<comp id="28" class="1000" name="data_50_out">
<pin_list>
<pin id="29" dir="1" index="0" bw="1" slack="0"/>
</pin_list>
<bind>
<StgValue><ssdm name="data_50_out"/></StgValue>
</bind>
</comp>

<comp id="30" class="1000" name="data_49_out">
<pin_list>
<pin id="31" dir="1" index="0" bw="1" slack="0"/>
</pin_list>
<bind>
<StgValue><ssdm name="data_49_out"/></StgValue>
</bind>
</comp>

<comp id="32" class="1000" name="data_48_out">
<pin_list>
<pin id="33" dir="1" index="0" bw="1" slack="0"/>
</pin_list>
<bind>
<StgValue><ssdm name="data_48_out"/></StgValue>
</bind>
</comp>

<comp id="34" class="1000" name="data_47_out">
<pin_list>
<pin id="35" dir="1" index="0" bw="1" slack="0"/>
</pin_list>
<bind>
<StgValue><ssdm name="data_47_out"/></StgValue>
</bind>
</comp>

<comp id="36" class="1000" name="data_46_out">
<pin_list>
<pin id="37" dir="1" index="0" bw="1" slack="0"/>
</pin_list>
<bind>
<StgValue><ssdm name="data_46_out"/></StgValue>
</bind>
</comp>

<comp id="38" class="1000" name="data_45_out">
<pin_list>
<pin id="39" dir="1" index="0" bw="1" slack="0"/>
</pin_list>
<bind>
<StgValue><ssdm name="data_45_out"/></StgValue>
</bind>
</comp>

<comp id="40" class="1000" name="data_44_out">
<pin_list>
<pin id="41" dir="1" index="0" bw="1" slack="0"/>
</pin_list>
<bind>
<StgValue><ssdm name="data_44_out"/></StgValue>
</bind>
</comp>

<comp id="42" class="1000" name="data_43_out">
<pin_list>
<pin id="43" dir="1" index="0" bw="1" slack="0"/>
</pin_list>
<bind>
<StgValue><ssdm name="data_43_out"/></StgValue>
</bind>
</comp>

<comp id="44" class="1000" name="data_42_out">
<pin_list>
<pin id="45" dir="1" index="0" bw="1" slack="0"/>
</pin_list>
<bind>
<StgValue><ssdm name="data_42_out"/></StgValue>
</bind>
</comp>

<comp id="46" class="1000" name="data_41_out">
<pin_list>
<pin id="47" dir="1" index="0" bw="1" slack="0"/>
</pin_list>
<bind>
<StgValue><ssdm name="data_41_out"/></StgValue>
</bind>
</comp>

<comp id="48" class="1000" name="data_40_out">
<pin_list>
<pin id="49" dir="1" index="0" bw="1" slack="0"/>
</pin_list>
<bind>
<StgValue><ssdm name="data_40_out"/></StgValue>
</bind>
</comp>

<comp id="50" class="1000" name="data_39_out">
<pin_list>
<pin id="51" dir="1" index="0" bw="1" slack="0"/>
</pin_list>
<bind>
<StgValue><ssdm name="data_39_out"/></StgValue>
</bind>
</comp>

<comp id="52" class="1000" name="data_38_out">
<pin_list>
<pin id="53" dir="1" index="0" bw="1" slack="0"/>
</pin_list>
<bind>
<StgValue><ssdm name="data_38_out"/></StgValue>
</bind>
</comp>

<comp id="54" class="1000" name="data_37_out">
<pin_list>
<pin id="55" dir="1" index="0" bw="1" slack="0"/>
</pin_list>
<bind>
<StgValue><ssdm name="data_37_out"/></StgValue>
</bind>
</comp>

<comp id="56" class="1000" name="data_36_out">
<pin_list>
<pin id="57" dir="1" index="0" bw="1" slack="0"/>
</pin_list>
<bind>
<StgValue><ssdm name="data_36_out"/></StgValue>
</bind>
</comp>

<comp id="58" class="1000" name="data_35_out">
<pin_list>
<pin id="59" dir="1" index="0" bw="1" slack="0"/>
</pin_list>
<bind>
<StgValue><ssdm name="data_35_out"/></StgValue>
</bind>
</comp>

<comp id="60" class="1000" name="data_34_out">
<pin_list>
<pin id="61" dir="1" index="0" bw="1" slack="0"/>
</pin_list>
<bind>
<StgValue><ssdm name="data_34_out"/></StgValue>
</bind>
</comp>

<comp id="62" class="1000" name="data_33_out">
<pin_list>
<pin id="63" dir="1" index="0" bw="1" slack="0"/>
</pin_list>
<bind>
<StgValue><ssdm name="data_33_out"/></StgValue>
</bind>
</comp>

<comp id="64" class="1000" name="data_32_out">
<pin_list>
<pin id="65" dir="1" index="0" bw="1" slack="0"/>
</pin_list>
<bind>
<StgValue><ssdm name="data_32_out"/></StgValue>
</bind>
</comp>

<comp id="66" class="1000" name="data_31_out">
<pin_list>
<pin id="67" dir="1" index="0" bw="1" slack="0"/>
</pin_list>
<bind>
<StgValue><ssdm name="data_31_out"/></StgValue>
</bind>
</comp>

<comp id="68" class="1000" name="data_30_out">
<pin_list>
<pin id="69" dir="1" index="0" bw="1" slack="0"/>
</pin_list>
<bind>
<StgValue><ssdm name="data_30_out"/></StgValue>
</bind>
</comp>

<comp id="70" class="1000" name="data_29_out">
<pin_list>
<pin id="71" dir="1" index="0" bw="1" slack="0"/>
</pin_list>
<bind>
<StgValue><ssdm name="data_29_out"/></StgValue>
</bind>
</comp>

<comp id="72" class="1000" name="data_28_out">
<pin_list>
<pin id="73" dir="1" index="0" bw="1" slack="0"/>
</pin_list>
<bind>
<StgValue><ssdm name="data_28_out"/></StgValue>
</bind>
</comp>

<comp id="74" class="1000" name="data_27_out">
<pin_list>
<pin id="75" dir="1" index="0" bw="1" slack="0"/>
</pin_list>
<bind>
<StgValue><ssdm name="data_27_out"/></StgValue>
</bind>
</comp>

<comp id="76" class="1000" name="data_26_out">
<pin_list>
<pin id="77" dir="1" index="0" bw="1" slack="0"/>
</pin_list>
<bind>
<StgValue><ssdm name="data_26_out"/></StgValue>
</bind>
</comp>

<comp id="78" class="1000" name="data_25_out">
<pin_list>
<pin id="79" dir="1" index="0" bw="1" slack="0"/>
</pin_list>
<bind>
<StgValue><ssdm name="data_25_out"/></StgValue>
</bind>
</comp>

<comp id="80" class="1000" name="data_24_out">
<pin_list>
<pin id="81" dir="1" index="0" bw="1" slack="0"/>
</pin_list>
<bind>
<StgValue><ssdm name="data_24_out"/></StgValue>
</bind>
</comp>

<comp id="82" class="1000" name="data_23_out">
<pin_list>
<pin id="83" dir="1" index="0" bw="1" slack="0"/>
</pin_list>
<bind>
<StgValue><ssdm name="data_23_out"/></StgValue>
</bind>
</comp>

<comp id="84" class="1000" name="data_22_out">
<pin_list>
<pin id="85" dir="1" index="0" bw="1" slack="0"/>
</pin_list>
<bind>
<StgValue><ssdm name="data_22_out"/></StgValue>
</bind>
</comp>

<comp id="86" class="1000" name="data_21_out">
<pin_list>
<pin id="87" dir="1" index="0" bw="1" slack="0"/>
</pin_list>
<bind>
<StgValue><ssdm name="data_21_out"/></StgValue>
</bind>
</comp>

<comp id="88" class="1000" name="data_20_out">
<pin_list>
<pin id="89" dir="1" index="0" bw="1" slack="0"/>
</pin_list>
<bind>
<StgValue><ssdm name="data_20_out"/></StgValue>
</bind>
</comp>

<comp id="90" class="1000" name="data_19_out">
<pin_list>
<pin id="91" dir="1" index="0" bw="1" slack="0"/>
</pin_list>
<bind>
<StgValue><ssdm name="data_19_out"/></StgValue>
</bind>
</comp>

<comp id="92" class="1000" name="data_18_out">
<pin_list>
<pin id="93" dir="1" index="0" bw="1" slack="0"/>
</pin_list>
<bind>
<StgValue><ssdm name="data_18_out"/></StgValue>
</bind>
</comp>

<comp id="94" class="1000" name="data_17_out">
<pin_list>
<pin id="95" dir="1" index="0" bw="1" slack="0"/>
</pin_list>
<bind>
<StgValue><ssdm name="data_17_out"/></StgValue>
</bind>
</comp>

<comp id="96" class="1000" name="data_16_out">
<pin_list>
<pin id="97" dir="1" index="0" bw="1" slack="0"/>
</pin_list>
<bind>
<StgValue><ssdm name="data_16_out"/></StgValue>
</bind>
</comp>

<comp id="98" class="1000" name="data_15_out">
<pin_list>
<pin id="99" dir="1" index="0" bw="1" slack="0"/>
</pin_list>
<bind>
<StgValue><ssdm name="data_15_out"/></StgValue>
</bind>
</comp>

<comp id="100" class="1000" name="data_14_out">
<pin_list>
<pin id="101" dir="1" index="0" bw="1" slack="0"/>
</pin_list>
<bind>
<StgValue><ssdm name="data_14_out"/></StgValue>
</bind>
</comp>

<comp id="102" class="1000" name="data_13_out">
<pin_list>
<pin id="103" dir="1" index="0" bw="1" slack="0"/>
</pin_list>
<bind>
<StgValue><ssdm name="data_13_out"/></StgValue>
</bind>
</comp>

<comp id="104" class="1000" name="data_12_out">
<pin_list>
<pin id="105" dir="1" index="0" bw="1" slack="0"/>
</pin_list>
<bind>
<StgValue><ssdm name="data_12_out"/></StgValue>
</bind>
</comp>

<comp id="106" class="1000" name="data_11_out">
<pin_list>
<pin id="107" dir="1" index="0" bw="1" slack="0"/>
</pin_list>
<bind>
<StgValue><ssdm name="data_11_out"/></StgValue>
</bind>
</comp>

<comp id="108" class="1000" name="data_10_out">
<pin_list>
<pin id="109" dir="1" index="0" bw="1" slack="0"/>
</pin_list>
<bind>
<StgValue><ssdm name="data_10_out"/></StgValue>
</bind>
</comp>

<comp id="110" class="1000" name="data_9_out">
<pin_list>
<pin id="111" dir="1" index="0" bw="1" slack="0"/>
</pin_list>
<bind>
<StgValue><ssdm name="data_9_out"/></StgValue>
</bind>
</comp>

<comp id="112" class="1000" name="data_8_out">
<pin_list>
<pin id="113" dir="1" index="0" bw="1" slack="0"/>
</pin_list>
<bind>
<StgValue><ssdm name="data_8_out"/></StgValue>
</bind>
</comp>

<comp id="114" class="1000" name="data_7_out">
<pin_list>
<pin id="115" dir="1" index="0" bw="1" slack="0"/>
</pin_list>
<bind>
<StgValue><ssdm name="data_7_out"/></StgValue>
</bind>
</comp>

<comp id="116" class="1000" name="data_6_out">
<pin_list>
<pin id="117" dir="1" index="0" bw="1" slack="0"/>
</pin_list>
<bind>
<StgValue><ssdm name="data_6_out"/></StgValue>
</bind>
</comp>

<comp id="118" class="1000" name="data_5_out">
<pin_list>
<pin id="119" dir="1" index="0" bw="1" slack="0"/>
</pin_list>
<bind>
<StgValue><ssdm name="data_5_out"/></StgValue>
</bind>
</comp>

<comp id="120" class="1000" name="data_4_out">
<pin_list>
<pin id="121" dir="1" index="0" bw="1" slack="0"/>
</pin_list>
<bind>
<StgValue><ssdm name="data_4_out"/></StgValue>
</bind>
</comp>

<comp id="122" class="1000" name="data_3_out">
<pin_list>
<pin id="123" dir="1" index="0" bw="1" slack="0"/>
</pin_list>
<bind>
<StgValue><ssdm name="data_3_out"/></StgValue>
</bind>
</comp>

<comp id="124" class="1000" name="data_2_out">
<pin_list>
<pin id="125" dir="1" index="0" bw="1" slack="0"/>
</pin_list>
<bind>
<StgValue><ssdm name="data_2_out"/></StgValue>
</bind>
</comp>

<comp id="126" class="1000" name="data_1_out">
<pin_list>
<pin id="127" dir="1" index="0" bw="1" slack="0"/>
</pin_list>
<bind>
<StgValue><ssdm name="data_1_out"/></StgValue>
</bind>
</comp>

<comp id="128" class="1000" name="data_out">
<pin_list>
<pin id="129" dir="1" index="0" bw="1" slack="0"/>
</pin_list>
<bind>
<StgValue><ssdm name="data_out"/></StgValue>
</bind>
</comp>

<comp id="130" class="1001" name="const_130">
<pin_list>
<pin id="131" dir="1" index="0" bw="1" slack="0"/>
</pin_list>
<bind>
<StgValue><ssdm name=""/></StgValue>
</bind>
</comp>

<comp id="132" class="1001" name="const_132">
<pin_list>
<pin id="133" dir="1" index="0" bw="1" slack="2147483647"/>
</pin_list>
<bind>
<StgValue><ssdm name="_ssdm_op_SpecInterface"/></StgValue>
</bind>
</comp>

<comp id="134" class="1001" name="const_134">
<pin_list>
<pin id="135" dir="1" index="0" bw="1" slack="2147483647"/>
</pin_list>
<bind>
<StgValue><ssdm name="empty"/></StgValue>
</bind>
</comp>

<comp id="136" class="1001" name="const_136">
<pin_list>
<pin id="137" dir="1" index="0" bw="1" slack="2147483647"/>
</pin_list>
<bind>
<StgValue><ssdm name=""/></StgValue>
</bind>
</comp>

<comp id="138" class="1001" name="const_138">
<pin_list>
<pin id="139" dir="1" index="0" bw="1" slack="2147483647"/>
</pin_list>
<bind>
<StgValue><ssdm name="empty_0"/></StgValue>
</bind>
</comp>

<comp id="140" class="1001" name="const_140">
<pin_list>
<pin id="141" dir="1" index="0" bw="1" slack="2147483647"/>
</pin_list>
<bind>
<StgValue><ssdm name="empty_1"/></StgValue>
</bind>
</comp>

<comp id="142" class="1001" name="const_142">
<pin_list>
<pin id="143" dir="1" index="0" bw="1" slack="2147483647"/>
</pin_list>
<bind>
<StgValue><ssdm name=""/></StgValue>
</bind>
</comp>

<comp id="144" class="1001" name="const_144">
<pin_list>
<pin id="145" dir="1" index="0" bw="1" slack="0"/>
</pin_list>
<bind>
<StgValue><ssdm name=""/></StgValue>
</bind>
</comp>

<comp id="146" class="1001" name="const_146">
<pin_list>
<pin id="147" dir="1" index="0" bw="1" slack="2147483647"/>
</pin_list>
<bind>
<StgValue><ssdm name="_ssdm_op_SpecPipeline"/></StgValue>
</bind>
</comp>

<comp id="148" class="1001" name="const_148">
<pin_list>
<pin id="149" dir="1" index="0" bw="1" slack="2147483647"/>
</pin_list>
<bind>
<StgValue><ssdm name="_ssdm_op_SpecLoopTripCount"/></StgValue>
</bind>
</comp>

<comp id="150" class="1001" name="const_150">
<pin_list>
<pin id="151" dir="1" index="0" bw="1" slack="0"/>
</pin_list>
<bind>
<StgValue><ssdm name=""/></StgValue>
</bind>
</comp>

<comp id="152" class="1001" name="const_152">
<pin_list>
<pin id="153" dir="1" index="0" bw="1" slack="2147483647"/>
</pin_list>
<bind>
<StgValue><ssdm name="_ssdm_op_SpecLoopName"/></StgValue>
</bind>
</comp>

<comp id="154" class="1001" name="const_154">
<pin_list>
<pin id="155" dir="1" index="0" bw="1" slack="2147483647"/>
</pin_list>
<bind>
<StgValue><ssdm name="empty_5"/></StgValue>
</bind>
</comp>

<comp id="156" class="1001" name="const_156">
<pin_list>
<pin id="157" dir="1" index="0" bw="1" slack="0"/>
</pin_list>
<bind>
<StgValue><ssdm name="_ssdm_op_Read.axis.volatile.i64P128A"/></StgValue>
</bind>
</comp>

<comp id="158" class="1001" name="const_158">
<pin_list>
<pin id="159" dir="1" index="0" bw="1" slack="0"/>
</pin_list>
<bind>
<StgValue><ssdm name="_ssdm_op_PartSelect.i8.i64.i64"/></StgValue>
</bind>
</comp>

<comp id="160" class="1001" name="const_160">
<pin_list>
<pin id="161" dir="1" index="0" bw="1" slack="0"/>
</pin_list>
<bind>
<StgValue><ssdm name=""/></StgValue>
</bind>
</comp>

<comp id="162" class="1001" name="const_162">
<pin_list>
<pin id="163" dir="1" index="0" bw="1" slack="0"/>
</pin_list>
<bind>
<StgValue><ssdm name=""/></StgValue>
</bind>
</comp>

<comp id="164" class="1001" name="const_164">
<pin_list>
<pin id="165" dir="1" index="0" bw="1" slack="0"/>
</pin_list>
<bind>
<StgValue><ssdm name=""/></StgValue>
</bind>
</comp>

<comp id="166" class="1001" name="const_166">
<pin_list>
<pin id="167" dir="1" index="0" bw="1" slack="0"/>
</pin_list>
<bind>
<StgValue><ssdm name=""/></StgValue>
</bind>
</comp>

<comp id="168" class="1001" name="const_168">
<pin_list>
<pin id="169" dir="1" index="0" bw="1" slack="0"/>
</pin_list>
<bind>
<StgValue><ssdm name=""/></StgValue>
</bind>
</comp>

<comp id="170" class="1001" name="const_170">
<pin_list>
<pin id="171" dir="1" index="0" bw="1" slack="0"/>
</pin_list>
<bind>
<StgValue><ssdm name=""/></StgValue>
</bind>
</comp>

<comp id="172" class="1001" name="const_172">
<pin_list>
<pin id="173" dir="1" index="0" bw="1" slack="0"/>
</pin_list>
<bind>
<StgValue><ssdm name=""/></StgValue>
</bind>
</comp>

<comp id="174" class="1001" name="const_174">
<pin_list>
<pin id="175" dir="1" index="0" bw="1" slack="0"/>
</pin_list>
<bind>
<StgValue><ssdm name=""/></StgValue>
</bind>
</comp>

<comp id="176" class="1001" name="const_176">
<pin_list>
<pin id="177" dir="1" index="0" bw="1" slack="0"/>
</pin_list>
<bind>
<StgValue><ssdm name=""/></StgValue>
</bind>
</comp>

<comp id="178" class="1001" name="const_178">
<pin_list>
<pin id="179" dir="1" index="0" bw="1" slack="0"/>
</pin_list>
<bind>
<StgValue><ssdm name=""/></StgValue>
</bind>
</comp>

<comp id="180" class="1001" name="const_180">
<pin_list>
<pin id="181" dir="1" index="0" bw="1" slack="0"/>
</pin_list>
<bind>
<StgValue><ssdm name=""/></StgValue>
</bind>
</comp>

<comp id="182" class="1001" name="const_182">
<pin_list>
<pin id="183" dir="1" index="0" bw="1" slack="0"/>
</pin_list>
<bind>
<StgValue><ssdm name=""/></StgValue>
</bind>
</comp>

<comp id="184" class="1001" name="const_184">
<pin_list>
<pin id="185" dir="1" index="0" bw="1" slack="0"/>
</pin_list>
<bind>
<StgValue><ssdm name=""/></StgValue>
</bind>
</comp>

<comp id="186" class="1001" name="const_186">
<pin_list>
<pin id="187" dir="1" index="0" bw="1" slack="0"/>
</pin_list>
<bind>
<StgValue><ssdm name="_ssdm_op_Write.ap_auto.i8P0A"/></StgValue>
</bind>
</comp>

<comp id="188" class="1004" name="i_in129_fu_188">
<pin_list>
<pin id="189" dir="0" index="0" bw="1" slack="0"/>
<pin id="190" dir="1" index="1" bw="3" slack="0"/>
</pin_list>
<bind>
<opcode="alloca(26) " fcode="alloca"/>
<opset="i_in129/1 "/>
</bind>
</comp>

<comp id="192" class="1004" name="p_0_7_0_0_01272_fu_192">
<pin_list>
<pin id="193" dir="0" index="0" bw="1" slack="0"/>
<pin id="194" dir="1" index="1" bw="8" slack="0"/>
</pin_list>
<bind>
<opcode="alloca(26) " fcode="alloca"/>
<opset="p_0_7_0_0_01272/1 "/>
</bind>
</comp>

<comp id="196" class="1004" name="p_0_6_0_0_01254_fu_196">
<pin_list>
<pin id="197" dir="0" index="0" bw="1" slack="0"/>
<pin id="198" dir="1" index="1" bw="8" slack="0"/>
</pin_list>
<bind>
<opcode="alloca(26) " fcode="alloca"/>
<opset="p_0_6_0_0_01254/1 "/>
</bind>
</comp>

<comp id="200" class="1004" name="p_0_5_0_0_01236_fu_200">
<pin_list>
<pin id="201" dir="0" index="0" bw="1" slack="0"/>
<pin id="202" dir="1" index="1" bw="8" slack="0"/>
</pin_list>
<bind>
<opcode="alloca(26) " fcode="alloca"/>
<opset="p_0_5_0_0_01236/1 "/>
</bind>
</comp>

<comp id="204" class="1004" name="p_0_4_0_0_01218_fu_204">
<pin_list>
<pin id="205" dir="0" index="0" bw="1" slack="0"/>
<pin id="206" dir="1" index="1" bw="8" slack="0"/>
</pin_list>
<bind>
<opcode="alloca(26) " fcode="alloca"/>
<opset="p_0_4_0_0_01218/1 "/>
</bind>
</comp>

<comp id="208" class="1004" name="p_0_3_0_0_011910_fu_208">
<pin_list>
<pin id="209" dir="0" index="0" bw="1" slack="0"/>
<pin id="210" dir="1" index="1" bw="8" slack="0"/>
</pin_list>
<bind>
<opcode="alloca(26) " fcode="alloca"/>
<opset="p_0_3_0_0_011910/1 "/>
</bind>
</comp>

<comp id="212" class="1004" name="p_0_2_0_0_011712_fu_212">
<pin_list>
<pin id="213" dir="0" index="0" bw="1" slack="0"/>
<pin id="214" dir="1" index="1" bw="8" slack="0"/>
</pin_list>
<bind>
<opcode="alloca(26) " fcode="alloca"/>
<opset="p_0_2_0_0_011712/1 "/>
</bind>
</comp>

<comp id="216" class="1004" name="p_0_1_0_0_011514_fu_216">
<pin_list>
<pin id="217" dir="0" index="0" bw="1" slack="0"/>
<pin id="218" dir="1" index="1" bw="8" slack="0"/>
</pin_list>
<bind>
<opcode="alloca(26) " fcode="alloca"/>
<opset="p_0_1_0_0_011514/1 "/>
</bind>
</comp>

<comp id="220" class="1004" name="p_0_0_0_0_011316_fu_220">
<pin_list>
<pin id="221" dir="0" index="0" bw="1" slack="0"/>
<pin id="222" dir="1" index="1" bw="8" slack="0"/>
</pin_list>
<bind>
<opcode="alloca(26) " fcode="alloca"/>
<opset="p_0_0_0_0_011316/1 "/>
</bind>
</comp>

<comp id="224" class="1004" name="p_0_7_0_0_011118_fu_224">
<pin_list>
<pin id="225" dir="0" index="0" bw="1" slack="0"/>
<pin id="226" dir="1" index="1" bw="8" slack="0"/>
</pin_list>
<bind>
<opcode="alloca(26) " fcode="alloca"/>
<opset="p_0_7_0_0_011118/1 "/>
</bind>
</comp>

<comp id="228" class="1004" name="p_0_6_0_0_010920_fu_228">
<pin_list>
<pin id="229" dir="0" index="0" bw="1" slack="0"/>
<pin id="230" dir="1" index="1" bw="8" slack="0"/>
</pin_list>
<bind>
<opcode="alloca(26) " fcode="alloca"/>
<opset="p_0_6_0_0_010920/1 "/>
</bind>
</comp>

<comp id="232" class="1004" name="p_0_5_0_0_010722_fu_232">
<pin_list>
<pin id="233" dir="0" index="0" bw="1" slack="0"/>
<pin id="234" dir="1" index="1" bw="8" slack="0"/>
</pin_list>
<bind>
<opcode="alloca(26) " fcode="alloca"/>
<opset="p_0_5_0_0_010722/1 "/>
</bind>
</comp>

<comp id="236" class="1004" name="p_0_4_0_0_010524_fu_236">
<pin_list>
<pin id="237" dir="0" index="0" bw="1" slack="0"/>
<pin id="238" dir="1" index="1" bw="8" slack="0"/>
</pin_list>
<bind>
<opcode="alloca(26) " fcode="alloca"/>
<opset="p_0_4_0_0_010524/1 "/>
</bind>
</comp>

<comp id="240" class="1004" name="p_0_3_0_0_010326_fu_240">
<pin_list>
<pin id="241" dir="0" index="0" bw="1" slack="0"/>
<pin id="242" dir="1" index="1" bw="8" slack="0"/>
</pin_list>
<bind>
<opcode="alloca(26) " fcode="alloca"/>
<opset="p_0_3_0_0_010326/1 "/>
</bind>
</comp>

<comp id="244" class="1004" name="p_0_2_0_0_010128_fu_244">
<pin_list>
<pin id="245" dir="0" index="0" bw="1" slack="0"/>
<pin id="246" dir="1" index="1" bw="8" slack="0"/>
</pin_list>
<bind>
<opcode="alloca(26) " fcode="alloca"/>
<opset="p_0_2_0_0_010128/1 "/>
</bind>
</comp>

<comp id="248" class="1004" name="p_0_1_0_0_09930_fu_248">
<pin_list>
<pin id="249" dir="0" index="0" bw="1" slack="0"/>
<pin id="250" dir="1" index="1" bw="8" slack="0"/>
</pin_list>
<bind>
<opcode="alloca(26) " fcode="alloca"/>
<opset="p_0_1_0_0_09930/1 "/>
</bind>
</comp>

<comp id="252" class="1004" name="p_0_0_0_0_09732_fu_252">
<pin_list>
<pin id="253" dir="0" index="0" bw="1" slack="0"/>
<pin id="254" dir="1" index="1" bw="8" slack="0"/>
</pin_list>
<bind>
<opcode="alloca(26) " fcode="alloca"/>
<opset="p_0_0_0_0_09732/1 "/>
</bind>
</comp>

<comp id="256" class="1004" name="p_0_7_0_0_09534_fu_256">
<pin_list>
<pin id="257" dir="0" index="0" bw="1" slack="0"/>
<pin id="258" dir="1" index="1" bw="8" slack="0"/>
</pin_list>
<bind>
<opcode="alloca(26) " fcode="alloca"/>
<opset="p_0_7_0_0_09534/1 "/>
</bind>
</comp>

<comp id="260" class="1004" name="p_0_6_0_0_09336_fu_260">
<pin_list>
<pin id="261" dir="0" index="0" bw="1" slack="0"/>
<pin id="262" dir="1" index="1" bw="8" slack="0"/>
</pin_list>
<bind>
<opcode="alloca(26) " fcode="alloca"/>
<opset="p_0_6_0_0_09336/1 "/>
</bind>
</comp>

<comp id="264" class="1004" name="p_0_5_0_0_09138_fu_264">
<pin_list>
<pin id="265" dir="0" index="0" bw="1" slack="0"/>
<pin id="266" dir="1" index="1" bw="8" slack="0"/>
</pin_list>
<bind>
<opcode="alloca(26) " fcode="alloca"/>
<opset="p_0_5_0_0_09138/1 "/>
</bind>
</comp>

<comp id="268" class="1004" name="p_0_4_0_0_08940_fu_268">
<pin_list>
<pin id="269" dir="0" index="0" bw="1" slack="0"/>
<pin id="270" dir="1" index="1" bw="8" slack="0"/>
</pin_list>
<bind>
<opcode="alloca(26) " fcode="alloca"/>
<opset="p_0_4_0_0_08940/1 "/>
</bind>
</comp>

<comp id="272" class="1004" name="p_0_3_0_0_08742_fu_272">
<pin_list>
<pin id="273" dir="0" index="0" bw="1" slack="0"/>
<pin id="274" dir="1" index="1" bw="8" slack="0"/>
</pin_list>
<bind>
<opcode="alloca(26) " fcode="alloca"/>
<opset="p_0_3_0_0_08742/1 "/>
</bind>
</comp>

<comp id="276" class="1004" name="p_0_2_0_0_08544_fu_276">
<pin_list>
<pin id="277" dir="0" index="0" bw="1" slack="0"/>
<pin id="278" dir="1" index="1" bw="8" slack="0"/>
</pin_list>
<bind>
<opcode="alloca(26) " fcode="alloca"/>
<opset="p_0_2_0_0_08544/1 "/>
</bind>
</comp>

<comp id="280" class="1004" name="p_0_1_0_0_08346_fu_280">
<pin_list>
<pin id="281" dir="0" index="0" bw="1" slack="0"/>
<pin id="282" dir="1" index="1" bw="8" slack="0"/>
</pin_list>
<bind>
<opcode="alloca(26) " fcode="alloca"/>
<opset="p_0_1_0_0_08346/1 "/>
</bind>
</comp>

<comp id="284" class="1004" name="p_0_0_0_0_08148_fu_284">
<pin_list>
<pin id="285" dir="0" index="0" bw="1" slack="0"/>
<pin id="286" dir="1" index="1" bw="8" slack="0"/>
</pin_list>
<bind>
<opcode="alloca(26) " fcode="alloca"/>
<opset="p_0_0_0_0_08148/1 "/>
</bind>
</comp>

<comp id="288" class="1004" name="p_0_7_0_0_07950_fu_288">
<pin_list>
<pin id="289" dir="0" index="0" bw="1" slack="0"/>
<pin id="290" dir="1" index="1" bw="8" slack="0"/>
</pin_list>
<bind>
<opcode="alloca(26) " fcode="alloca"/>
<opset="p_0_7_0_0_07950/1 "/>
</bind>
</comp>

<comp id="292" class="1004" name="p_0_6_0_0_07752_fu_292">
<pin_list>
<pin id="293" dir="0" index="0" bw="1" slack="0"/>
<pin id="294" dir="1" index="1" bw="8" slack="0"/>
</pin_list>
<bind>
<opcode="alloca(26) " fcode="alloca"/>
<opset="p_0_6_0_0_07752/1 "/>
</bind>
</comp>

<comp id="296" class="1004" name="p_0_5_0_0_07554_fu_296">
<pin_list>
<pin id="297" dir="0" index="0" bw="1" slack="0"/>
<pin id="298" dir="1" index="1" bw="8" slack="0"/>
</pin_list>
<bind>
<opcode="alloca(26) " fcode="alloca"/>
<opset="p_0_5_0_0_07554/1 "/>
</bind>
</comp>

<comp id="300" class="1004" name="p_0_4_0_0_07356_fu_300">
<pin_list>
<pin id="301" dir="0" index="0" bw="1" slack="0"/>
<pin id="302" dir="1" index="1" bw="8" slack="0"/>
</pin_list>
<bind>
<opcode="alloca(26) " fcode="alloca"/>
<opset="p_0_4_0_0_07356/1 "/>
</bind>
</comp>

<comp id="304" class="1004" name="p_0_3_0_0_07158_fu_304">
<pin_list>
<pin id="305" dir="0" index="0" bw="1" slack="0"/>
<pin id="306" dir="1" index="1" bw="8" slack="0"/>
</pin_list>
<bind>
<opcode="alloca(26) " fcode="alloca"/>
<opset="p_0_3_0_0_07158/1 "/>
</bind>
</comp>

<comp id="308" class="1004" name="p_0_2_0_0_06960_fu_308">
<pin_list>
<pin id="309" dir="0" index="0" bw="1" slack="0"/>
<pin id="310" dir="1" index="1" bw="8" slack="0"/>
</pin_list>
<bind>
<opcode="alloca(26) " fcode="alloca"/>
<opset="p_0_2_0_0_06960/1 "/>
</bind>
</comp>

<comp id="312" class="1004" name="p_0_1_0_0_06762_fu_312">
<pin_list>
<pin id="313" dir="0" index="0" bw="1" slack="0"/>
<pin id="314" dir="1" index="1" bw="8" slack="0"/>
</pin_list>
<bind>
<opcode="alloca(26) " fcode="alloca"/>
<opset="p_0_1_0_0_06762/1 "/>
</bind>
</comp>

<comp id="316" class="1004" name="p_0_0_0_0_06564_fu_316">
<pin_list>
<pin id="317" dir="0" index="0" bw="1" slack="0"/>
<pin id="318" dir="1" index="1" bw="8" slack="0"/>
</pin_list>
<bind>
<opcode="alloca(26) " fcode="alloca"/>
<opset="p_0_0_0_0_06564/1 "/>
</bind>
</comp>

<comp id="320" class="1004" name="p_0_7_0_0_06366_fu_320">
<pin_list>
<pin id="321" dir="0" index="0" bw="1" slack="0"/>
<pin id="322" dir="1" index="1" bw="8" slack="0"/>
</pin_list>
<bind>
<opcode="alloca(26) " fcode="alloca"/>
<opset="p_0_7_0_0_06366/1 "/>
</bind>
</comp>

<comp id="324" class="1004" name="p_0_6_0_0_06168_fu_324">
<pin_list>
<pin id="325" dir="0" index="0" bw="1" slack="0"/>
<pin id="326" dir="1" index="1" bw="8" slack="0"/>
</pin_list>
<bind>
<opcode="alloca(26) " fcode="alloca"/>
<opset="p_0_6_0_0_06168/1 "/>
</bind>
</comp>

<comp id="328" class="1004" name="p_0_5_0_0_05970_fu_328">
<pin_list>
<pin id="329" dir="0" index="0" bw="1" slack="0"/>
<pin id="330" dir="1" index="1" bw="8" slack="0"/>
</pin_list>
<bind>
<opcode="alloca(26) " fcode="alloca"/>
<opset="p_0_5_0_0_05970/1 "/>
</bind>
</comp>

<comp id="332" class="1004" name="p_0_4_0_0_05772_fu_332">
<pin_list>
<pin id="333" dir="0" index="0" bw="1" slack="0"/>
<pin id="334" dir="1" index="1" bw="8" slack="0"/>
</pin_list>
<bind>
<opcode="alloca(26) " fcode="alloca"/>
<opset="p_0_4_0_0_05772/1 "/>
</bind>
</comp>

<comp id="336" class="1004" name="p_0_3_0_0_05574_fu_336">
<pin_list>
<pin id="337" dir="0" index="0" bw="1" slack="0"/>
<pin id="338" dir="1" index="1" bw="8" slack="0"/>
</pin_list>
<bind>
<opcode="alloca(26) " fcode="alloca"/>
<opset="p_0_3_0_0_05574/1 "/>
</bind>
</comp>

<comp id="340" class="1004" name="p_0_2_0_0_05376_fu_340">
<pin_list>
<pin id="341" dir="0" index="0" bw="1" slack="0"/>
<pin id="342" dir="1" index="1" bw="8" slack="0"/>
</pin_list>
<bind>
<opcode="alloca(26) " fcode="alloca"/>
<opset="p_0_2_0_0_05376/1 "/>
</bind>
</comp>

<comp id="344" class="1004" name="p_0_1_0_0_05178_fu_344">
<pin_list>
<pin id="345" dir="0" index="0" bw="1" slack="0"/>
<pin id="346" dir="1" index="1" bw="8" slack="0"/>
</pin_list>
<bind>
<opcode="alloca(26) " fcode="alloca"/>
<opset="p_0_1_0_0_05178/1 "/>
</bind>
</comp>

<comp id="348" class="1004" name="p_0_0_0_0_04980_fu_348">
<pin_list>
<pin id="349" dir="0" index="0" bw="1" slack="0"/>
<pin id="350" dir="1" index="1" bw="8" slack="0"/>
</pin_list>
<bind>
<opcode="alloca(26) " fcode="alloca"/>
<opset="p_0_0_0_0_04980/1 "/>
</bind>
</comp>

<comp id="352" class="1004" name="p_0_7_0_0_04782_fu_352">
<pin_list>
<pin id="353" dir="0" index="0" bw="1" slack="0"/>
<pin id="354" dir="1" index="1" bw="8" slack="0"/>
</pin_list>
<bind>
<opcode="alloca(26) " fcode="alloca"/>
<opset="p_0_7_0_0_04782/1 "/>
</bind>
</comp>

<comp id="356" class="1004" name="p_0_6_0_0_04584_fu_356">
<pin_list>
<pin id="357" dir="0" index="0" bw="1" slack="0"/>
<pin id="358" dir="1" index="1" bw="8" slack="0"/>
</pin_list>
<bind>
<opcode="alloca(26) " fcode="alloca"/>
<opset="p_0_6_0_0_04584/1 "/>
</bind>
</comp>

<comp id="360" class="1004" name="p_0_5_0_0_04386_fu_360">
<pin_list>
<pin id="361" dir="0" index="0" bw="1" slack="0"/>
<pin id="362" dir="1" index="1" bw="8" slack="0"/>
</pin_list>
<bind>
<opcode="alloca(26) " fcode="alloca"/>
<opset="p_0_5_0_0_04386/1 "/>
</bind>
</comp>

<comp id="364" class="1004" name="p_0_4_0_0_04188_fu_364">
<pin_list>
<pin id="365" dir="0" index="0" bw="1" slack="0"/>
<pin id="366" dir="1" index="1" bw="8" slack="0"/>
</pin_list>
<bind>
<opcode="alloca(26) " fcode="alloca"/>
<opset="p_0_4_0_0_04188/1 "/>
</bind>
</comp>

<comp id="368" class="1004" name="p_0_3_0_0_03990_fu_368">
<pin_list>
<pin id="369" dir="0" index="0" bw="1" slack="0"/>
<pin id="370" dir="1" index="1" bw="8" slack="0"/>
</pin_list>
<bind>
<opcode="alloca(26) " fcode="alloca"/>
<opset="p_0_3_0_0_03990/1 "/>
</bind>
</comp>

<comp id="372" class="1004" name="p_0_2_0_0_03792_fu_372">
<pin_list>
<pin id="373" dir="0" index="0" bw="1" slack="0"/>
<pin id="374" dir="1" index="1" bw="8" slack="0"/>
</pin_list>
<bind>
<opcode="alloca(26) " fcode="alloca"/>
<opset="p_0_2_0_0_03792/1 "/>
</bind>
</comp>

<comp id="376" class="1004" name="p_0_1_0_0_03594_fu_376">
<pin_list>
<pin id="377" dir="0" index="0" bw="1" slack="0"/>
<pin id="378" dir="1" index="1" bw="8" slack="0"/>
</pin_list>
<bind>
<opcode="alloca(26) " fcode="alloca"/>
<opset="p_0_1_0_0_03594/1 "/>
</bind>
</comp>

<comp id="380" class="1004" name="p_0_0_0_0_03396_fu_380">
<pin_list>
<pin id="381" dir="0" index="0" bw="1" slack="0"/>
<pin id="382" dir="1" index="1" bw="8" slack="0"/>
</pin_list>
<bind>
<opcode="alloca(26) " fcode="alloca"/>
<opset="p_0_0_0_0_03396/1 "/>
</bind>
</comp>

<comp id="384" class="1004" name="p_0_7_0_0_03198_fu_384">
<pin_list>
<pin id="385" dir="0" index="0" bw="1" slack="0"/>
<pin id="386" dir="1" index="1" bw="8" slack="0"/>
</pin_list>
<bind>
<opcode="alloca(26) " fcode="alloca"/>
<opset="p_0_7_0_0_03198/1 "/>
</bind>
</comp>

<comp id="388" class="1004" name="p_0_6_0_0_029100_fu_388">
<pin_list>
<pin id="389" dir="0" index="0" bw="1" slack="0"/>
<pin id="390" dir="1" index="1" bw="8" slack="0"/>
</pin_list>
<bind>
<opcode="alloca(26) " fcode="alloca"/>
<opset="p_0_6_0_0_029100/1 "/>
</bind>
</comp>

<comp id="392" class="1004" name="p_0_5_0_0_027102_fu_392">
<pin_list>
<pin id="393" dir="0" index="0" bw="1" slack="0"/>
<pin id="394" dir="1" index="1" bw="8" slack="0"/>
</pin_list>
<bind>
<opcode="alloca(26) " fcode="alloca"/>
<opset="p_0_5_0_0_027102/1 "/>
</bind>
</comp>

<comp id="396" class="1004" name="p_0_4_0_0_025104_fu_396">
<pin_list>
<pin id="397" dir="0" index="0" bw="1" slack="0"/>
<pin id="398" dir="1" index="1" bw="8" slack="0"/>
</pin_list>
<bind>
<opcode="alloca(26) " fcode="alloca"/>
<opset="p_0_4_0_0_025104/1 "/>
</bind>
</comp>

<comp id="400" class="1004" name="p_0_3_0_0_023106_fu_400">
<pin_list>
<pin id="401" dir="0" index="0" bw="1" slack="0"/>
<pin id="402" dir="1" index="1" bw="8" slack="0"/>
</pin_list>
<bind>
<opcode="alloca(26) " fcode="alloca"/>
<opset="p_0_3_0_0_023106/1 "/>
</bind>
</comp>

<comp id="404" class="1004" name="p_0_2_0_0_021108_fu_404">
<pin_list>
<pin id="405" dir="0" index="0" bw="1" slack="0"/>
<pin id="406" dir="1" index="1" bw="8" slack="0"/>
</pin_list>
<bind>
<opcode="alloca(26) " fcode="alloca"/>
<opset="p_0_2_0_0_021108/1 "/>
</bind>
</comp>

<comp id="408" class="1004" name="p_0_1_0_0_019110_fu_408">
<pin_list>
<pin id="409" dir="0" index="0" bw="1" slack="0"/>
<pin id="410" dir="1" index="1" bw="8" slack="0"/>
</pin_list>
<bind>
<opcode="alloca(26) " fcode="alloca"/>
<opset="p_0_1_0_0_019110/1 "/>
</bind>
</comp>

<comp id="412" class="1004" name="p_0_0_0_0_017112_fu_412">
<pin_list>
<pin id="413" dir="0" index="0" bw="1" slack="0"/>
<pin id="414" dir="1" index="1" bw="8" slack="0"/>
</pin_list>
<bind>
<opcode="alloca(26) " fcode="alloca"/>
<opset="p_0_0_0_0_017112/1 "/>
</bind>
</comp>

<comp id="416" class="1004" name="p_0_7_0_0_015114_fu_416">
<pin_list>
<pin id="417" dir="0" index="0" bw="1" slack="0"/>
<pin id="418" dir="1" index="1" bw="8" slack="0"/>
</pin_list>
<bind>
<opcode="alloca(26) " fcode="alloca"/>
<opset="p_0_7_0_0_015114/1 "/>
</bind>
</comp>

<comp id="420" class="1004" name="p_0_6_0_0_013116_fu_420">
<pin_list>
<pin id="421" dir="0" index="0" bw="1" slack="0"/>
<pin id="422" dir="1" index="1" bw="8" slack="0"/>
</pin_list>
<bind>
<opcode="alloca(26) " fcode="alloca"/>
<opset="p_0_6_0_0_013116/1 "/>
</bind>
</comp>

<comp id="424" class="1004" name="p_0_5_0_0_011118_fu_424">
<pin_list>
<pin id="425" dir="0" index="0" bw="1" slack="0"/>
<pin id="426" dir="1" index="1" bw="8" slack="0"/>
</pin_list>
<bind>
<opcode="alloca(26) " fcode="alloca"/>
<opset="p_0_5_0_0_011118/1 "/>
</bind>
</comp>

<comp id="428" class="1004" name="p_0_4_0_0_09120_fu_428">
<pin_list>
<pin id="429" dir="0" index="0" bw="1" slack="0"/>
<pin id="430" dir="1" index="1" bw="8" slack="0"/>
</pin_list>
<bind>
<opcode="alloca(26) " fcode="alloca"/>
<opset="p_0_4_0_0_09120/1 "/>
</bind>
</comp>

<comp id="432" class="1004" name="p_0_3_0_0_07122_fu_432">
<pin_list>
<pin id="433" dir="0" index="0" bw="1" slack="0"/>
<pin id="434" dir="1" index="1" bw="8" slack="0"/>
</pin_list>
<bind>
<opcode="alloca(26) " fcode="alloca"/>
<opset="p_0_3_0_0_07122/1 "/>
</bind>
</comp>

<comp id="436" class="1004" name="p_0_2_0_0_05124_fu_436">
<pin_list>
<pin id="437" dir="0" index="0" bw="1" slack="0"/>
<pin id="438" dir="1" index="1" bw="8" slack="0"/>
</pin_list>
<bind>
<opcode="alloca(26) " fcode="alloca"/>
<opset="p_0_2_0_0_05124/1 "/>
</bind>
</comp>

<comp id="440" class="1004" name="p_0_1_0_0_03126_fu_440">
<pin_list>
<pin id="441" dir="0" index="0" bw="1" slack="0"/>
<pin id="442" dir="1" index="1" bw="8" slack="0"/>
</pin_list>
<bind>
<opcode="alloca(26) " fcode="alloca"/>
<opset="p_0_1_0_0_03126/1 "/>
</bind>
</comp>

<comp id="444" class="1004" name="p_0_0_0_0_01128_fu_444">
<pin_list>
<pin id="445" dir="0" index="0" bw="1" slack="0"/>
<pin id="446" dir="1" index="1" bw="8" slack="0"/>
</pin_list>
<bind>
<opcode="alloca(26) " fcode="alloca"/>
<opset="p_0_0_0_0_01128/1 "/>
</bind>
</comp>

<comp id="448" class="1004" name="input_layer_read_read_fu_448">
<pin_list>
<pin id="449" dir="0" index="0" bw="64" slack="0"/>
<pin id="450" dir="0" index="1" bw="64" slack="0"/>
<pin id="451" dir="1" index="2" bw="64" slack="0"/>
</pin_list>
<bind>
<opcode="read(1150) " fcode="read"/>
<opset="input_layer_read/1 "/>
</bind>
</comp>

<comp id="454" class="1004" name="write_ln0_write_fu_454">
<pin_list>
<pin id="455" dir="0" index="0" bw="0" slack="0"/>
<pin id="456" dir="0" index="1" bw="8" slack="0"/>
<pin id="457" dir="0" index="2" bw="8" slack="0"/>
<pin id="458" dir="1" index="3" bw="0" slack="2147483647"/>
</pin_list>
<bind>
<opcode="write(1151) " fcode="write"/>
<opset="write_ln0/1 "/>
</bind>
</comp>

<comp id="461" class="1004" name="write_ln0_write_fu_461">
<pin_list>
<pin id="462" dir="0" index="0" bw="0" slack="0"/>
<pin id="463" dir="0" index="1" bw="8" slack="0"/>
<pin id="464" dir="0" index="2" bw="8" slack="0"/>
<pin id="465" dir="1" index="3" bw="0" slack="2147483647"/>
</pin_list>
<bind>
<opcode="write(1151) " fcode="write"/>
<opset="write_ln0/1 "/>
</bind>
</comp>

<comp id="468" class="1004" name="write_ln0_write_fu_468">
<pin_list>
<pin id="469" dir="0" index="0" bw="0" slack="0"/>
<pin id="470" dir="0" index="1" bw="8" slack="0"/>
<pin id="471" dir="0" index="2" bw="8" slack="0"/>
<pin id="472" dir="1" index="3" bw="0" slack="2147483647"/>
</pin_list>
<bind>
<opcode="write(1151) " fcode="write"/>
<opset="write_ln0/1 "/>
</bind>
</comp>

<comp id="475" class="1004" name="write_ln0_write_fu_475">
<pin_list>
<pin id="476" dir="0" index="0" bw="0" slack="0"/>
<pin id="477" dir="0" index="1" bw="8" slack="0"/>
<pin id="478" dir="0" index="2" bw="8" slack="0"/>
<pin id="479" dir="1" index="3" bw="0" slack="2147483647"/>
</pin_list>
<bind>
<opcode="write(1151) " fcode="write"/>
<opset="write_ln0/1 "/>
</bind>
</comp>

<comp id="482" class="1004" name="write_ln0_write_fu_482">
<pin_list>
<pin id="483" dir="0" index="0" bw="0" slack="0"/>
<pin id="484" dir="0" index="1" bw="8" slack="0"/>
<pin id="485" dir="0" index="2" bw="8" slack="0"/>
<pin id="486" dir="1" index="3" bw="0" slack="2147483647"/>
</pin_list>
<bind>
<opcode="write(1151) " fcode="write"/>
<opset="write_ln0/1 "/>
</bind>
</comp>

<comp id="489" class="1004" name="write_ln0_write_fu_489">
<pin_list>
<pin id="490" dir="0" index="0" bw="0" slack="0"/>
<pin id="491" dir="0" index="1" bw="8" slack="0"/>
<pin id="492" dir="0" index="2" bw="8" slack="0"/>
<pin id="493" dir="1" index="3" bw="0" slack="2147483647"/>
</pin_list>
<bind>
<opcode="write(1151) " fcode="write"/>
<opset="write_ln0/1 "/>
</bind>
</comp>

<comp id="496" class="1004" name="write_ln0_write_fu_496">
<pin_list>
<pin id="497" dir="0" index="0" bw="0" slack="0"/>
<pin id="498" dir="0" index="1" bw="8" slack="0"/>
<pin id="499" dir="0" index="2" bw="8" slack="0"/>
<pin id="500" dir="1" index="3" bw="0" slack="2147483647"/>
</pin_list>
<bind>
<opcode="write(1151) " fcode="write"/>
<opset="write_ln0/1 "/>
</bind>
</comp>

<comp id="503" class="1004" name="write_ln0_write_fu_503">
<pin_list>
<pin id="504" dir="0" index="0" bw="0" slack="0"/>
<pin id="505" dir="0" index="1" bw="8" slack="0"/>
<pin id="506" dir="0" index="2" bw="8" slack="0"/>
<pin id="507" dir="1" index="3" bw="0" slack="2147483647"/>
</pin_list>
<bind>
<opcode="write(1151) " fcode="write"/>
<opset="write_ln0/1 "/>
</bind>
</comp>

<comp id="510" class="1004" name="write_ln0_write_fu_510">
<pin_list>
<pin id="511" dir="0" index="0" bw="0" slack="0"/>
<pin id="512" dir="0" index="1" bw="8" slack="0"/>
<pin id="513" dir="0" index="2" bw="8" slack="0"/>
<pin id="514" dir="1" index="3" bw="0" slack="2147483647"/>
</pin_list>
<bind>
<opcode="write(1151) " fcode="write"/>
<opset="write_ln0/1 "/>
</bind>
</comp>

<comp id="517" class="1004" name="write_ln0_write_fu_517">
<pin_list>
<pin id="518" dir="0" index="0" bw="0" slack="0"/>
<pin id="519" dir="0" index="1" bw="8" slack="0"/>
<pin id="520" dir="0" index="2" bw="8" slack="0"/>
<pin id="521" dir="1" index="3" bw="0" slack="2147483647"/>
</pin_list>
<bind>
<opcode="write(1151) " fcode="write"/>
<opset="write_ln0/1 "/>
</bind>
</comp>

<comp id="524" class="1004" name="write_ln0_write_fu_524">
<pin_list>
<pin id="525" dir="0" index="0" bw="0" slack="0"/>
<pin id="526" dir="0" index="1" bw="8" slack="0"/>
<pin id="527" dir="0" index="2" bw="8" slack="0"/>
<pin id="528" dir="1" index="3" bw="0" slack="2147483647"/>
</pin_list>
<bind>
<opcode="write(1151) " fcode="write"/>
<opset="write_ln0/1 "/>
</bind>
</comp>

<comp id="531" class="1004" name="write_ln0_write_fu_531">
<pin_list>
<pin id="532" dir="0" index="0" bw="0" slack="0"/>
<pin id="533" dir="0" index="1" bw="8" slack="0"/>
<pin id="534" dir="0" index="2" bw="8" slack="0"/>
<pin id="535" dir="1" index="3" bw="0" slack="2147483647"/>
</pin_list>
<bind>
<opcode="write(1151) " fcode="write"/>
<opset="write_ln0/1 "/>
</bind>
</comp>

<comp id="538" class="1004" name="write_ln0_write_fu_538">
<pin_list>
<pin id="539" dir="0" index="0" bw="0" slack="0"/>
<pin id="540" dir="0" index="1" bw="8" slack="0"/>
<pin id="541" dir="0" index="2" bw="8" slack="0"/>
<pin id="542" dir="1" index="3" bw="0" slack="2147483647"/>
</pin_list>
<bind>
<opcode="write(1151) " fcode="write"/>
<opset="write_ln0/1 "/>
</bind>
</comp>

<comp id="545" class="1004" name="write_ln0_write_fu_545">
<pin_list>
<pin id="546" dir="0" index="0" bw="0" slack="0"/>
<pin id="547" dir="0" index="1" bw="8" slack="0"/>
<pin id="548" dir="0" index="2" bw="8" slack="0"/>
<pin id="549" dir="1" index="3" bw="0" slack="2147483647"/>
</pin_list>
<bind>
<opcode="write(1151) " fcode="write"/>
<opset="write_ln0/1 "/>
</bind>
</comp>

<comp id="552" class="1004" name="write_ln0_write_fu_552">
<pin_list>
<pin id="553" dir="0" index="0" bw="0" slack="0"/>
<pin id="554" dir="0" index="1" bw="8" slack="0"/>
<pin id="555" dir="0" index="2" bw="8" slack="0"/>
<pin id="556" dir="1" index="3" bw="0" slack="2147483647"/>
</pin_list>
<bind>
<opcode="write(1151) " fcode="write"/>
<opset="write_ln0/1 "/>
</bind>
</comp>

<comp id="559" class="1004" name="write_ln0_write_fu_559">
<pin_list>
<pin id="560" dir="0" index="0" bw="0" slack="0"/>
<pin id="561" dir="0" index="1" bw="8" slack="0"/>
<pin id="562" dir="0" index="2" bw="8" slack="0"/>
<pin id="563" dir="1" index="3" bw="0" slack="2147483647"/>
</pin_list>
<bind>
<opcode="write(1151) " fcode="write"/>
<opset="write_ln0/1 "/>
</bind>
</comp>

<comp id="566" class="1004" name="write_ln0_write_fu_566">
<pin_list>
<pin id="567" dir="0" index="0" bw="0" slack="0"/>
<pin id="568" dir="0" index="1" bw="8" slack="0"/>
<pin id="569" dir="0" index="2" bw="8" slack="0"/>
<pin id="570" dir="1" index="3" bw="0" slack="2147483647"/>
</pin_list>
<bind>
<opcode="write(1151) " fcode="write"/>
<opset="write_ln0/1 "/>
</bind>
</comp>

<comp id="573" class="1004" name="write_ln0_write_fu_573">
<pin_list>
<pin id="574" dir="0" index="0" bw="0" slack="0"/>
<pin id="575" dir="0" index="1" bw="8" slack="0"/>
<pin id="576" dir="0" index="2" bw="8" slack="0"/>
<pin id="577" dir="1" index="3" bw="0" slack="2147483647"/>
</pin_list>
<bind>
<opcode="write(1151) " fcode="write"/>
<opset="write_ln0/1 "/>
</bind>
</comp>

<comp id="580" class="1004" name="write_ln0_write_fu_580">
<pin_list>
<pin id="581" dir="0" index="0" bw="0" slack="0"/>
<pin id="582" dir="0" index="1" bw="8" slack="0"/>
<pin id="583" dir="0" index="2" bw="8" slack="0"/>
<pin id="584" dir="1" index="3" bw="0" slack="2147483647"/>
</pin_list>
<bind>
<opcode="write(1151) " fcode="write"/>
<opset="write_ln0/1 "/>
</bind>
</comp>

<comp id="587" class="1004" name="write_ln0_write_fu_587">
<pin_list>
<pin id="588" dir="0" index="0" bw="0" slack="0"/>
<pin id="589" dir="0" index="1" bw="8" slack="0"/>
<pin id="590" dir="0" index="2" bw="8" slack="0"/>
<pin id="591" dir="1" index="3" bw="0" slack="2147483647"/>
</pin_list>
<bind>
<opcode="write(1151) " fcode="write"/>
<opset="write_ln0/1 "/>
</bind>
</comp>

<comp id="594" class="1004" name="write_ln0_write_fu_594">
<pin_list>
<pin id="595" dir="0" index="0" bw="0" slack="0"/>
<pin id="596" dir="0" index="1" bw="8" slack="0"/>
<pin id="597" dir="0" index="2" bw="8" slack="0"/>
<pin id="598" dir="1" index="3" bw="0" slack="2147483647"/>
</pin_list>
<bind>
<opcode="write(1151) " fcode="write"/>
<opset="write_ln0/1 "/>
</bind>
</comp>

<comp id="601" class="1004" name="write_ln0_write_fu_601">
<pin_list>
<pin id="602" dir="0" index="0" bw="0" slack="0"/>
<pin id="603" dir="0" index="1" bw="8" slack="0"/>
<pin id="604" dir="0" index="2" bw="8" slack="0"/>
<pin id="605" dir="1" index="3" bw="0" slack="2147483647"/>
</pin_list>
<bind>
<opcode="write(1151) " fcode="write"/>
<opset="write_ln0/1 "/>
</bind>
</comp>

<comp id="608" class="1004" name="write_ln0_write_fu_608">
<pin_list>
<pin id="609" dir="0" index="0" bw="0" slack="0"/>
<pin id="610" dir="0" index="1" bw="8" slack="0"/>
<pin id="611" dir="0" index="2" bw="8" slack="0"/>
<pin id="612" dir="1" index="3" bw="0" slack="2147483647"/>
</pin_list>
<bind>
<opcode="write(1151) " fcode="write"/>
<opset="write_ln0/1 "/>
</bind>
</comp>

<comp id="615" class="1004" name="write_ln0_write_fu_615">
<pin_list>
<pin id="616" dir="0" index="0" bw="0" slack="0"/>
<pin id="617" dir="0" index="1" bw="8" slack="0"/>
<pin id="618" dir="0" index="2" bw="8" slack="0"/>
<pin id="619" dir="1" index="3" bw="0" slack="2147483647"/>
</pin_list>
<bind>
<opcode="write(1151) " fcode="write"/>
<opset="write_ln0/1 "/>
</bind>
</comp>

<comp id="622" class="1004" name="write_ln0_write_fu_622">
<pin_list>
<pin id="623" dir="0" index="0" bw="0" slack="0"/>
<pin id="624" dir="0" index="1" bw="8" slack="0"/>
<pin id="625" dir="0" index="2" bw="8" slack="0"/>
<pin id="626" dir="1" index="3" bw="0" slack="2147483647"/>
</pin_list>
<bind>
<opcode="write(1151) " fcode="write"/>
<opset="write_ln0/1 "/>
</bind>
</comp>

<comp id="629" class="1004" name="write_ln0_write_fu_629">
<pin_list>
<pin id="630" dir="0" index="0" bw="0" slack="0"/>
<pin id="631" dir="0" index="1" bw="8" slack="0"/>
<pin id="632" dir="0" index="2" bw="8" slack="0"/>
<pin id="633" dir="1" index="3" bw="0" slack="2147483647"/>
</pin_list>
<bind>
<opcode="write(1151) " fcode="write"/>
<opset="write_ln0/1 "/>
</bind>
</comp>

<comp id="636" class="1004" name="write_ln0_write_fu_636">
<pin_list>
<pin id="637" dir="0" index="0" bw="0" slack="0"/>
<pin id="638" dir="0" index="1" bw="8" slack="0"/>
<pin id="639" dir="0" index="2" bw="8" slack="0"/>
<pin id="640" dir="1" index="3" bw="0" slack="2147483647"/>
</pin_list>
<bind>
<opcode="write(1151) " fcode="write"/>
<opset="write_ln0/1 "/>
</bind>
</comp>

<comp id="643" class="1004" name="write_ln0_write_fu_643">
<pin_list>
<pin id="644" dir="0" index="0" bw="0" slack="0"/>
<pin id="645" dir="0" index="1" bw="8" slack="0"/>
<pin id="646" dir="0" index="2" bw="8" slack="0"/>
<pin id="647" dir="1" index="3" bw="0" slack="2147483647"/>
</pin_list>
<bind>
<opcode="write(1151) " fcode="write"/>
<opset="write_ln0/1 "/>
</bind>
</comp>

<comp id="650" class="1004" name="write_ln0_write_fu_650">
<pin_list>
<pin id="651" dir="0" index="0" bw="0" slack="0"/>
<pin id="652" dir="0" index="1" bw="8" slack="0"/>
<pin id="653" dir="0" index="2" bw="8" slack="0"/>
<pin id="654" dir="1" index="3" bw="0" slack="2147483647"/>
</pin_list>
<bind>
<opcode="write(1151) " fcode="write"/>
<opset="write_ln0/1 "/>
</bind>
</comp>

<comp id="657" class="1004" name="write_ln0_write_fu_657">
<pin_list>
<pin id="658" dir="0" index="0" bw="0" slack="0"/>
<pin id="659" dir="0" index="1" bw="8" slack="0"/>
<pin id="660" dir="0" index="2" bw="8" slack="0"/>
<pin id="661" dir="1" index="3" bw="0" slack="2147483647"/>
</pin_list>
<bind>
<opcode="write(1151) " fcode="write"/>
<opset="write_ln0/1 "/>
</bind>
</comp>

<comp id="664" class="1004" name="write_ln0_write_fu_664">
<pin_list>
<pin id="665" dir="0" index="0" bw="0" slack="0"/>
<pin id="666" dir="0" index="1" bw="8" slack="0"/>
<pin id="667" dir="0" index="2" bw="8" slack="0"/>
<pin id="668" dir="1" index="3" bw="0" slack="2147483647"/>
</pin_list>
<bind>
<opcode="write(1151) " fcode="write"/>
<opset="write_ln0/1 "/>
</bind>
</comp>

<comp id="671" class="1004" name="write_ln0_write_fu_671">
<pin_list>
<pin id="672" dir="0" index="0" bw="0" slack="0"/>
<pin id="673" dir="0" index="1" bw="8" slack="0"/>
<pin id="674" dir="0" index="2" bw="8" slack="0"/>
<pin id="675" dir="1" index="3" bw="0" slack="2147483647"/>
</pin_list>
<bind>
<opcode="write(1151) " fcode="write"/>
<opset="write_ln0/1 "/>
</bind>
</comp>

<comp id="678" class="1004" name="write_ln0_write_fu_678">
<pin_list>
<pin id="679" dir="0" index="0" bw="0" slack="0"/>
<pin id="680" dir="0" index="1" bw="8" slack="0"/>
<pin id="681" dir="0" index="2" bw="8" slack="0"/>
<pin id="682" dir="1" index="3" bw="0" slack="2147483647"/>
</pin_list>
<bind>
<opcode="write(1151) " fcode="write"/>
<opset="write_ln0/1 "/>
</bind>
</comp>

<comp id="685" class="1004" name="write_ln0_write_fu_685">
<pin_list>
<pin id="686" dir="0" index="0" bw="0" slack="0"/>
<pin id="687" dir="0" index="1" bw="8" slack="0"/>
<pin id="688" dir="0" index="2" bw="8" slack="0"/>
<pin id="689" dir="1" index="3" bw="0" slack="2147483647"/>
</pin_list>
<bind>
<opcode="write(1151) " fcode="write"/>
<opset="write_ln0/1 "/>
</bind>
</comp>

<comp id="692" class="1004" name="write_ln0_write_fu_692">
<pin_list>
<pin id="693" dir="0" index="0" bw="0" slack="0"/>
<pin id="694" dir="0" index="1" bw="8" slack="0"/>
<pin id="695" dir="0" index="2" bw="8" slack="0"/>
<pin id="696" dir="1" index="3" bw="0" slack="2147483647"/>
</pin_list>
<bind>
<opcode="write(1151) " fcode="write"/>
<opset="write_ln0/1 "/>
</bind>
</comp>

<comp id="699" class="1004" name="write_ln0_write_fu_699">
<pin_list>
<pin id="700" dir="0" index="0" bw="0" slack="0"/>
<pin id="701" dir="0" index="1" bw="8" slack="0"/>
<pin id="702" dir="0" index="2" bw="8" slack="0"/>
<pin id="703" dir="1" index="3" bw="0" slack="2147483647"/>
</pin_list>
<bind>
<opcode="write(1151) " fcode="write"/>
<opset="write_ln0/1 "/>
</bind>
</comp>

<comp id="706" class="1004" name="write_ln0_write_fu_706">
<pin_list>
<pin id="707" dir="0" index="0" bw="0" slack="0"/>
<pin id="708" dir="0" index="1" bw="8" slack="0"/>
<pin id="709" dir="0" index="2" bw="8" slack="0"/>
<pin id="710" dir="1" index="3" bw="0" slack="2147483647"/>
</pin_list>
<bind>
<opcode="write(1151) " fcode="write"/>
<opset="write_ln0/1 "/>
</bind>
</comp>

<comp id="713" class="1004" name="write_ln0_write_fu_713">
<pin_list>
<pin id="714" dir="0" index="0" bw="0" slack="0"/>
<pin id="715" dir="0" index="1" bw="8" slack="0"/>
<pin id="716" dir="0" index="2" bw="8" slack="0"/>
<pin id="717" dir="1" index="3" bw="0" slack="2147483647"/>
</pin_list>
<bind>
<opcode="write(1151) " fcode="write"/>
<opset="write_ln0/1 "/>
</bind>
</comp>

<comp id="720" class="1004" name="write_ln0_write_fu_720">
<pin_list>
<pin id="721" dir="0" index="0" bw="0" slack="0"/>
<pin id="722" dir="0" index="1" bw="8" slack="0"/>
<pin id="723" dir="0" index="2" bw="8" slack="0"/>
<pin id="724" dir="1" index="3" bw="0" slack="2147483647"/>
</pin_list>
<bind>
<opcode="write(1151) " fcode="write"/>
<opset="write_ln0/1 "/>
</bind>
</comp>

<comp id="727" class="1004" name="write_ln0_write_fu_727">
<pin_list>
<pin id="728" dir="0" index="0" bw="0" slack="0"/>
<pin id="729" dir="0" index="1" bw="8" slack="0"/>
<pin id="730" dir="0" index="2" bw="8" slack="0"/>
<pin id="731" dir="1" index="3" bw="0" slack="2147483647"/>
</pin_list>
<bind>
<opcode="write(1151) " fcode="write"/>
<opset="write_ln0/1 "/>
</bind>
</comp>

<comp id="734" class="1004" name="write_ln0_write_fu_734">
<pin_list>
<pin id="735" dir="0" index="0" bw="0" slack="0"/>
<pin id="736" dir="0" index="1" bw="8" slack="0"/>
<pin id="737" dir="0" index="2" bw="8" slack="0"/>
<pin id="738" dir="1" index="3" bw="0" slack="2147483647"/>
</pin_list>
<bind>
<opcode="write(1151) " fcode="write"/>
<opset="write_ln0/1 "/>
</bind>
</comp>

<comp id="741" class="1004" name="write_ln0_write_fu_741">
<pin_list>
<pin id="742" dir="0" index="0" bw="0" slack="0"/>
<pin id="743" dir="0" index="1" bw="8" slack="0"/>
<pin id="744" dir="0" index="2" bw="8" slack="0"/>
<pin id="745" dir="1" index="3" bw="0" slack="2147483647"/>
</pin_list>
<bind>
<opcode="write(1151) " fcode="write"/>
<opset="write_ln0/1 "/>
</bind>
</comp>

<comp id="748" class="1004" name="write_ln0_write_fu_748">
<pin_list>
<pin id="749" dir="0" index="0" bw="0" slack="0"/>
<pin id="750" dir="0" index="1" bw="8" slack="0"/>
<pin id="751" dir="0" index="2" bw="8" slack="0"/>
<pin id="752" dir="1" index="3" bw="0" slack="2147483647"/>
</pin_list>
<bind>
<opcode="write(1151) " fcode="write"/>
<opset="write_ln0/1 "/>
</bind>
</comp>

<comp id="755" class="1004" name="write_ln0_write_fu_755">
<pin_list>
<pin id="756" dir="0" index="0" bw="0" slack="0"/>
<pin id="757" dir="0" index="1" bw="8" slack="0"/>
<pin id="758" dir="0" index="2" bw="8" slack="0"/>
<pin id="759" dir="1" index="3" bw="0" slack="2147483647"/>
</pin_list>
<bind>
<opcode="write(1151) " fcode="write"/>
<opset="write_ln0/1 "/>
</bind>
</comp>

<comp id="762" class="1004" name="write_ln0_write_fu_762">
<pin_list>
<pin id="763" dir="0" index="0" bw="0" slack="0"/>
<pin id="764" dir="0" index="1" bw="8" slack="0"/>
<pin id="765" dir="0" index="2" bw="8" slack="0"/>
<pin id="766" dir="1" index="3" bw="0" slack="2147483647"/>
</pin_list>
<bind>
<opcode="write(1151) " fcode="write"/>
<opset="write_ln0/1 "/>
</bind>
</comp>

<comp id="769" class="1004" name="write_ln0_write_fu_769">
<pin_list>
<pin id="770" dir="0" index="0" bw="0" slack="0"/>
<pin id="771" dir="0" index="1" bw="8" slack="0"/>
<pin id="772" dir="0" index="2" bw="8" slack="0"/>
<pin id="773" dir="1" index="3" bw="0" slack="2147483647"/>
</pin_list>
<bind>
<opcode="write(1151) " fcode="write"/>
<opset="write_ln0/1 "/>
</bind>
</comp>

<comp id="776" class="1004" name="write_ln0_write_fu_776">
<pin_list>
<pin id="777" dir="0" index="0" bw="0" slack="0"/>
<pin id="778" dir="0" index="1" bw="8" slack="0"/>
<pin id="779" dir="0" index="2" bw="8" slack="0"/>
<pin id="780" dir="1" index="3" bw="0" slack="2147483647"/>
</pin_list>
<bind>
<opcode="write(1151) " fcode="write"/>
<opset="write_ln0/1 "/>
</bind>
</comp>

<comp id="783" class="1004" name="write_ln0_write_fu_783">
<pin_list>
<pin id="784" dir="0" index="0" bw="0" slack="0"/>
<pin id="785" dir="0" index="1" bw="8" slack="0"/>
<pin id="786" dir="0" index="2" bw="8" slack="0"/>
<pin id="787" dir="1" index="3" bw="0" slack="2147483647"/>
</pin_list>
<bind>
<opcode="write(1151) " fcode="write"/>
<opset="write_ln0/1 "/>
</bind>
</comp>

<comp id="790" class="1004" name="write_ln0_write_fu_790">
<pin_list>
<pin id="791" dir="0" index="0" bw="0" slack="0"/>
<pin id="792" dir="0" index="1" bw="8" slack="0"/>
<pin id="793" dir="0" index="2" bw="8" slack="0"/>
<pin id="794" dir="1" index="3" bw="0" slack="2147483647"/>
</pin_list>
<bind>
<opcode="write(1151) " fcode="write"/>
<opset="write_ln0/1 "/>
</bind>
</comp>

<comp id="797" class="1004" name="write_ln0_write_fu_797">
<pin_list>
<pin id="798" dir="0" index="0" bw="0" slack="0"/>
<pin id="799" dir="0" index="1" bw="8" slack="0"/>
<pin id="800" dir="0" index="2" bw="8" slack="0"/>
<pin id="801" dir="1" index="3" bw="0" slack="2147483647"/>
</pin_list>
<bind>
<opcode="write(1151) " fcode="write"/>
<opset="write_ln0/1 "/>
</bind>
</comp>

<comp id="804" class="1004" name="write_ln0_write_fu_804">
<pin_list>
<pin id="805" dir="0" index="0" bw="0" slack="0"/>
<pin id="806" dir="0" index="1" bw="8" slack="0"/>
<pin id="807" dir="0" index="2" bw="8" slack="0"/>
<pin id="808" dir="1" index="3" bw="0" slack="2147483647"/>
</pin_list>
<bind>
<opcode="write(1151) " fcode="write"/>
<opset="write_ln0/1 "/>
</bind>
</comp>

<comp id="811" class="1004" name="write_ln0_write_fu_811">
<pin_list>
<pin id="812" dir="0" index="0" bw="0" slack="0"/>
<pin id="813" dir="0" index="1" bw="8" slack="0"/>
<pin id="814" dir="0" index="2" bw="8" slack="0"/>
<pin id="815" dir="1" index="3" bw="0" slack="2147483647"/>
</pin_list>
<bind>
<opcode="write(1151) " fcode="write"/>
<opset="write_ln0/1 "/>
</bind>
</comp>

<comp id="818" class="1004" name="write_ln0_write_fu_818">
<pin_list>
<pin id="819" dir="0" index="0" bw="0" slack="0"/>
<pin id="820" dir="0" index="1" bw="8" slack="0"/>
<pin id="821" dir="0" index="2" bw="8" slack="0"/>
<pin id="822" dir="1" index="3" bw="0" slack="2147483647"/>
</pin_list>
<bind>
<opcode="write(1151) " fcode="write"/>
<opset="write_ln0/1 "/>
</bind>
</comp>

<comp id="825" class="1004" name="write_ln0_write_fu_825">
<pin_list>
<pin id="826" dir="0" index="0" bw="0" slack="0"/>
<pin id="827" dir="0" index="1" bw="8" slack="0"/>
<pin id="828" dir="0" index="2" bw="8" slack="0"/>
<pin id="829" dir="1" index="3" bw="0" slack="2147483647"/>
</pin_list>
<bind>
<opcode="write(1151) " fcode="write"/>
<opset="write_ln0/1 "/>
</bind>
</comp>

<comp id="832" class="1004" name="write_ln0_write_fu_832">
<pin_list>
<pin id="833" dir="0" index="0" bw="0" slack="0"/>
<pin id="834" dir="0" index="1" bw="8" slack="0"/>
<pin id="835" dir="0" index="2" bw="8" slack="0"/>
<pin id="836" dir="1" index="3" bw="0" slack="2147483647"/>
</pin_list>
<bind>
<opcode="write(1151) " fcode="write"/>
<opset="write_ln0/1 "/>
</bind>
</comp>

<comp id="839" class="1004" name="write_ln0_write_fu_839">
<pin_list>
<pin id="840" dir="0" index="0" bw="0" slack="0"/>
<pin id="841" dir="0" index="1" bw="8" slack="0"/>
<pin id="842" dir="0" index="2" bw="8" slack="0"/>
<pin id="843" dir="1" index="3" bw="0" slack="2147483647"/>
</pin_list>
<bind>
<opcode="write(1151) " fcode="write"/>
<opset="write_ln0/1 "/>
</bind>
</comp>

<comp id="846" class="1004" name="write_ln0_write_fu_846">
<pin_list>
<pin id="847" dir="0" index="0" bw="0" slack="0"/>
<pin id="848" dir="0" index="1" bw="8" slack="0"/>
<pin id="849" dir="0" index="2" bw="8" slack="0"/>
<pin id="850" dir="1" index="3" bw="0" slack="2147483647"/>
</pin_list>
<bind>
<opcode="write(1151) " fcode="write"/>
<opset="write_ln0/1 "/>
</bind>
</comp>

<comp id="853" class="1004" name="write_ln0_write_fu_853">
<pin_list>
<pin id="854" dir="0" index="0" bw="0" slack="0"/>
<pin id="855" dir="0" index="1" bw="8" slack="0"/>
<pin id="856" dir="0" index="2" bw="8" slack="0"/>
<pin id="857" dir="1" index="3" bw="0" slack="2147483647"/>
</pin_list>
<bind>
<opcode="write(1151) " fcode="write"/>
<opset="write_ln0/1 "/>
</bind>
</comp>

<comp id="860" class="1004" name="write_ln0_write_fu_860">
<pin_list>
<pin id="861" dir="0" index="0" bw="0" slack="0"/>
<pin id="862" dir="0" index="1" bw="8" slack="0"/>
<pin id="863" dir="0" index="2" bw="8" slack="0"/>
<pin id="864" dir="1" index="3" bw="0" slack="2147483647"/>
</pin_list>
<bind>
<opcode="write(1151) " fcode="write"/>
<opset="write_ln0/1 "/>
</bind>
</comp>

<comp id="867" class="1004" name="write_ln0_write_fu_867">
<pin_list>
<pin id="868" dir="0" index="0" bw="0" slack="0"/>
<pin id="869" dir="0" index="1" bw="8" slack="0"/>
<pin id="870" dir="0" index="2" bw="8" slack="0"/>
<pin id="871" dir="1" index="3" bw="0" slack="2147483647"/>
</pin_list>
<bind>
<opcode="write(1151) " fcode="write"/>
<opset="write_ln0/1 "/>
</bind>
</comp>

<comp id="874" class="1004" name="write_ln0_write_fu_874">
<pin_list>
<pin id="875" dir="0" index="0" bw="0" slack="0"/>
<pin id="876" dir="0" index="1" bw="8" slack="0"/>
<pin id="877" dir="0" index="2" bw="8" slack="0"/>
<pin id="878" dir="1" index="3" bw="0" slack="2147483647"/>
</pin_list>
<bind>
<opcode="write(1151) " fcode="write"/>
<opset="write_ln0/1 "/>
</bind>
</comp>

<comp id="881" class="1004" name="write_ln0_write_fu_881">
<pin_list>
<pin id="882" dir="0" index="0" bw="0" slack="0"/>
<pin id="883" dir="0" index="1" bw="8" slack="0"/>
<pin id="884" dir="0" index="2" bw="8" slack="0"/>
<pin id="885" dir="1" index="3" bw="0" slack="2147483647"/>
</pin_list>
<bind>
<opcode="write(1151) " fcode="write"/>
<opset="write_ln0/1 "/>
</bind>
</comp>

<comp id="888" class="1004" name="write_ln0_write_fu_888">
<pin_list>
<pin id="889" dir="0" index="0" bw="0" slack="0"/>
<pin id="890" dir="0" index="1" bw="8" slack="0"/>
<pin id="891" dir="0" index="2" bw="8" slack="0"/>
<pin id="892" dir="1" index="3" bw="0" slack="2147483647"/>
</pin_list>
<bind>
<opcode="write(1151) " fcode="write"/>
<opset="write_ln0/1 "/>
</bind>
</comp>

<comp id="895" class="1004" name="write_ln0_write_fu_895">
<pin_list>
<pin id="896" dir="0" index="0" bw="0" slack="0"/>
<pin id="897" dir="0" index="1" bw="8" slack="0"/>
<pin id="898" dir="0" index="2" bw="8" slack="0"/>
<pin id="899" dir="1" index="3" bw="0" slack="2147483647"/>
</pin_list>
<bind>
<opcode="write(1151) " fcode="write"/>
<opset="write_ln0/1 "/>
</bind>
</comp>

<comp id="902" class="1004" name="store_ln0_store_fu_902">
<pin_list>
<pin id="903" dir="0" index="0" bw="1" slack="0"/>
<pin id="904" dir="0" index="1" bw="3" slack="0"/>
<pin id="905" dir="1" index="2" bw="0" slack="2147483647"/>
</pin_list>
<bind>
<opcode="store(28) " fcode="store"/>
<opset="store_ln0/1 "/>
</bind>
</comp>

<comp id="907" class="1004" name="i_in129_load_load_fu_907">
<pin_list>
<pin id="908" dir="0" index="0" bw="3" slack="0"/>
<pin id="909" dir="1" index="1" bw="3" slack="0"/>
</pin_list>
<bind>
<opcode="load(27) " fcode="load"/>
<opset="i_in129_load/1 "/>
</bind>
</comp>

<comp id="910" class="1004" name="data_pack_fu_910">
<pin_list>
<pin id="911" dir="0" index="0" bw="64" slack="0"/>
<pin id="912" dir="1" index="1" bw="8" slack="0"/>
</pin_list>
<bind>
<opcode="trunc(33) " fcode="trunc"/>
<opset="data_pack/1 "/>
</bind>
</comp>

<comp id="914" class="1004" name="data_pack_1_fu_914">
<pin_list>
<pin id="915" dir="0" index="0" bw="8" slack="0"/>
<pin id="916" dir="0" index="1" bw="64" slack="0"/>
<pin id="917" dir="0" index="2" bw="5" slack="0"/>
<pin id="918" dir="1" index="3" bw="8" slack="0"/>
</pin_list>
<bind>
<opcode="partselect(1002) " fcode="partselect"/>
<opset="data_pack_1/1 "/>
</bind>
</comp>

<comp id="922" class="1004" name="data_pack_2_fu_922">
<pin_list>
<pin id="923" dir="0" index="0" bw="8" slack="0"/>
<pin id="924" dir="0" index="1" bw="64" slack="0"/>
<pin id="925" dir="0" index="2" bw="6" slack="0"/>
<pin id="926" dir="1" index="3" bw="8" slack="0"/>
</pin_list>
<bind>
<opcode="partselect(1002) " fcode="partselect"/>
<opset="data_pack_2/1 "/>
</bind>
</comp>

<comp id="930" class="1004" name="data_pack_3_fu_930">
<pin_list>
<pin id="931" dir="0" index="0" bw="8" slack="0"/>
<pin id="932" dir="0" index="1" bw="64" slack="0"/>
<pin id="933" dir="0" index="2" bw="6" slack="0"/>
<pin id="934" dir="1" index="3" bw="8" slack="0"/>
</pin_list>
<bind>
<opcode="partselect(1002) " fcode="partselect"/>
<opset="data_pack_3/1 "/>
</bind>
</comp>

<comp id="938" class="1004" name="data_pack_4_fu_938">
<pin_list>
<pin id="939" dir="0" index="0" bw="8" slack="0"/>
<pin id="940" dir="0" index="1" bw="64" slack="0"/>
<pin id="941" dir="0" index="2" bw="7" slack="0"/>
<pin id="942" dir="1" index="3" bw="8" slack="0"/>
</pin_list>
<bind>
<opcode="partselect(1002) " fcode="partselect"/>
<opset="data_pack_4/1 "/>
</bind>
</comp>

<comp id="946" class="1004" name="data_pack_5_fu_946">
<pin_list>
<pin id="947" dir="0" index="0" bw="8" slack="0"/>
<pin id="948" dir="0" index="1" bw="64" slack="0"/>
<pin id="949" dir="0" index="2" bw="7" slack="0"/>
<pin id="950" dir="1" index="3" bw="8" slack="0"/>
</pin_list>
<bind>
<opcode="partselect(1002) " fcode="partselect"/>
<opset="data_pack_5/1 "/>
</bind>
</comp>

<comp id="954" class="1004" name="data_pack_6_fu_954">
<pin_list>
<pin id="955" dir="0" index="0" bw="8" slack="0"/>
<pin id="956" dir="0" index="1" bw="64" slack="0"/>
<pin id="957" dir="0" index="2" bw="7" slack="0"/>
<pin id="958" dir="1" index="3" bw="8" slack="0"/>
</pin_list>
<bind>
<opcode="partselect(1002) " fcode="partselect"/>
<opset="data_pack_6/1 "/>
</bind>
</comp>

<comp id="962" class="1004" name="data_pack_7_fu_962">
<pin_list>
<pin id="963" dir="0" index="0" bw="8" slack="0"/>
<pin id="964" dir="0" index="1" bw="64" slack="0"/>
<pin id="965" dir="0" index="2" bw="7" slack="0"/>
<pin id="966" dir="1" index="3" bw="8" slack="0"/>
</pin_list>
<bind>
<opcode="partselect(1002) " fcode="partselect"/>
<opset="data_pack_7/1 "/>
</bind>
</comp>

<comp id="970" class="1004" name="i_in_fu_970">
<pin_list>
<pin id="971" dir="0" index="0" bw="3" slack="0"/>
<pin id="972" dir="0" index="1" bw="1" slack="0"/>
<pin id="973" dir="1" index="2" bw="3" slack="0"/>
</pin_list>
<bind>
<opcode="add(8) " fcode="add"/>
<opset="i_in/1 "/>
</bind>
</comp>

<comp id="976" class="1004" name="switch_ln39_fu_976">
<pin_list>
<pin id="977" dir="0" index="0" bw="3" slack="0"/>
<pin id="978" dir="0" index="1" bw="1" slack="0"/>
<pin id="979" dir="0" index="2" bw="1" slack="0"/>
<pin id="980" dir="0" index="3" bw="3" slack="0"/>
<pin id="981" dir="0" index="4" bw="3" slack="0"/>
<pin id="982" dir="0" index="5" bw="3" slack="0"/>
<pin id="983" dir="0" index="6" bw="3" slack="0"/>
<pin id="984" dir="0" index="7" bw="2" slack="0"/>
<pin id="985" dir="1" index="8" bw="0" slack="2147483647"/>
</pin_list>
<bind>
<opcode="switch(3) " fcode="switch"/>
<opset="switch_ln39/1 "/>
</bind>
</comp>

<comp id="994" class="1004" name="store_ln35_store_fu_994">
<pin_list>
<pin id="995" dir="0" index="0" bw="8" slack="0"/>
<pin id="996" dir="0" index="1" bw="8" slack="0"/>
<pin id="997" dir="1" index="2" bw="0" slack="2147483647"/>
</pin_list>
<bind>
<opcode="store(28) " fcode="store"/>
<opset="store_ln35/1 "/>
</bind>
</comp>

<comp id="999" class="1004" name="store_ln35_store_fu_999">
<pin_list>
<pin id="1000" dir="0" index="0" bw="8" slack="0"/>
<pin id="1001" dir="0" index="1" bw="8" slack="0"/>
<pin id="1002" dir="1" index="2" bw="0" slack="2147483647"/>
</pin_list>
<bind>
<opcode="store(28) " fcode="store"/>
<opset="store_ln35/1 "/>
</bind>
</comp>

<comp id="1004" class="1004" name="store_ln35_store_fu_1004">
<pin_list>
<pin id="1005" dir="0" index="0" bw="8" slack="0"/>
<pin id="1006" dir="0" index="1" bw="8" slack="0"/>
<pin id="1007" dir="1" index="2" bw="0" slack="2147483647"/>
</pin_list>
<bind>
<opcode="store(28) " fcode="store"/>
<opset="store_ln35/1 "/>
</bind>
</comp>

<comp id="1009" class="1004" name="store_ln35_store_fu_1009">
<pin_list>
<pin id="1010" dir="0" index="0" bw="8" slack="0"/>
<pin id="1011" dir="0" index="1" bw="8" slack="0"/>
<pin id="1012" dir="1" index="2" bw="0" slack="2147483647"/>
</pin_list>
<bind>
<opcode="store(28) " fcode="store"/>
<opset="store_ln35/1 "/>
</bind>
</comp>

<comp id="1014" class="1004" name="store_ln35_store_fu_1014">
<pin_list>
<pin id="1015" dir="0" index="0" bw="8" slack="0"/>
<pin id="1016" dir="0" index="1" bw="8" slack="0"/>
<pin id="1017" dir="1" index="2" bw="0" slack="2147483647"/>
</pin_list>
<bind>
<opcode="store(28) " fcode="store"/>
<opset="store_ln35/1 "/>
</bind>
</comp>

<comp id="1019" class="1004" name="store_ln35_store_fu_1019">
<pin_list>
<pin id="1020" dir="0" index="0" bw="8" slack="0"/>
<pin id="1021" dir="0" index="1" bw="8" slack="0"/>
<pin id="1022" dir="1" index="2" bw="0" slack="2147483647"/>
</pin_list>
<bind>
<opcode="store(28) " fcode="store"/>
<opset="store_ln35/1 "/>
</bind>
</comp>

<comp id="1024" class="1004" name="store_ln35_store_fu_1024">
<pin_list>
<pin id="1025" dir="0" index="0" bw="8" slack="0"/>
<pin id="1026" dir="0" index="1" bw="8" slack="0"/>
<pin id="1027" dir="1" index="2" bw="0" slack="2147483647"/>
</pin_list>
<bind>
<opcode="store(28) " fcode="store"/>
<opset="store_ln35/1 "/>
</bind>
</comp>

<comp id="1029" class="1004" name="store_ln35_store_fu_1029">
<pin_list>
<pin id="1030" dir="0" index="0" bw="8" slack="0"/>
<pin id="1031" dir="0" index="1" bw="8" slack="0"/>
<pin id="1032" dir="1" index="2" bw="0" slack="2147483647"/>
</pin_list>
<bind>
<opcode="store(28) " fcode="store"/>
<opset="store_ln35/1 "/>
</bind>
</comp>

<comp id="1034" class="1004" name="store_ln35_store_fu_1034">
<pin_list>
<pin id="1035" dir="0" index="0" bw="8" slack="0"/>
<pin id="1036" dir="0" index="1" bw="8" slack="0"/>
<pin id="1037" dir="1" index="2" bw="0" slack="2147483647"/>
</pin_list>
<bind>
<opcode="store(28) " fcode="store"/>
<opset="store_ln35/1 "/>
</bind>
</comp>

<comp id="1039" class="1004" name="store_ln35_store_fu_1039">
<pin_list>
<pin id="1040" dir="0" index="0" bw="8" slack="0"/>
<pin id="1041" dir="0" index="1" bw="8" slack="0"/>
<pin id="1042" dir="1" index="2" bw="0" slack="2147483647"/>
</pin_list>
<bind>
<opcode="store(28) " fcode="store"/>
<opset="store_ln35/1 "/>
</bind>
</comp>

<comp id="1044" class="1004" name="store_ln35_store_fu_1044">
<pin_list>
<pin id="1045" dir="0" index="0" bw="8" slack="0"/>
<pin id="1046" dir="0" index="1" bw="8" slack="0"/>
<pin id="1047" dir="1" index="2" bw="0" slack="2147483647"/>
</pin_list>
<bind>
<opcode="store(28) " fcode="store"/>
<opset="store_ln35/1 "/>
</bind>
</comp>

<comp id="1049" class="1004" name="store_ln35_store_fu_1049">
<pin_list>
<pin id="1050" dir="0" index="0" bw="8" slack="0"/>
<pin id="1051" dir="0" index="1" bw="8" slack="0"/>
<pin id="1052" dir="1" index="2" bw="0" slack="2147483647"/>
</pin_list>
<bind>
<opcode="store(28) " fcode="store"/>
<opset="store_ln35/1 "/>
</bind>
</comp>

<comp id="1054" class="1004" name="store_ln35_store_fu_1054">
<pin_list>
<pin id="1055" dir="0" index="0" bw="8" slack="0"/>
<pin id="1056" dir="0" index="1" bw="8" slack="0"/>
<pin id="1057" dir="1" index="2" bw="0" slack="2147483647"/>
</pin_list>
<bind>
<opcode="store(28) " fcode="store"/>
<opset="store_ln35/1 "/>
</bind>
</comp>

<comp id="1059" class="1004" name="store_ln35_store_fu_1059">
<pin_list>
<pin id="1060" dir="0" index="0" bw="8" slack="0"/>
<pin id="1061" dir="0" index="1" bw="8" slack="0"/>
<pin id="1062" dir="1" index="2" bw="0" slack="2147483647"/>
</pin_list>
<bind>
<opcode="store(28) " fcode="store"/>
<opset="store_ln35/1 "/>
</bind>
</comp>

<comp id="1064" class="1004" name="store_ln35_store_fu_1064">
<pin_list>
<pin id="1065" dir="0" index="0" bw="8" slack="0"/>
<pin id="1066" dir="0" index="1" bw="8" slack="0"/>
<pin id="1067" dir="1" index="2" bw="0" slack="2147483647"/>
</pin_list>
<bind>
<opcode="store(28) " fcode="store"/>
<opset="store_ln35/1 "/>
</bind>
</comp>

<comp id="1069" class="1004" name="store_ln35_store_fu_1069">
<pin_list>
<pin id="1070" dir="0" index="0" bw="8" slack="0"/>
<pin id="1071" dir="0" index="1" bw="8" slack="0"/>
<pin id="1072" dir="1" index="2" bw="0" slack="2147483647"/>
</pin_list>
<bind>
<opcode="store(28) " fcode="store"/>
<opset="store_ln35/1 "/>
</bind>
</comp>

<comp id="1074" class="1004" name="store_ln35_store_fu_1074">
<pin_list>
<pin id="1075" dir="0" index="0" bw="8" slack="0"/>
<pin id="1076" dir="0" index="1" bw="8" slack="0"/>
<pin id="1077" dir="1" index="2" bw="0" slack="2147483647"/>
</pin_list>
<bind>
<opcode="store(28) " fcode="store"/>
<opset="store_ln35/1 "/>
</bind>
</comp>

<comp id="1079" class="1004" name="store_ln35_store_fu_1079">
<pin_list>
<pin id="1080" dir="0" index="0" bw="8" slack="0"/>
<pin id="1081" dir="0" index="1" bw="8" slack="0"/>
<pin id="1082" dir="1" index="2" bw="0" slack="2147483647"/>
</pin_list>
<bind>
<opcode="store(28) " fcode="store"/>
<opset="store_ln35/1 "/>
</bind>
</comp>

<comp id="1084" class="1004" name="store_ln35_store_fu_1084">
<pin_list>
<pin id="1085" dir="0" index="0" bw="8" slack="0"/>
<pin id="1086" dir="0" index="1" bw="8" slack="0"/>
<pin id="1087" dir="1" index="2" bw="0" slack="2147483647"/>
</pin_list>
<bind>
<opcode="store(28) " fcode="store"/>
<opset="store_ln35/1 "/>
</bind>
</comp>

<comp id="1089" class="1004" name="store_ln35_store_fu_1089">
<pin_list>
<pin id="1090" dir="0" index="0" bw="8" slack="0"/>
<pin id="1091" dir="0" index="1" bw="8" slack="0"/>
<pin id="1092" dir="1" index="2" bw="0" slack="2147483647"/>
</pin_list>
<bind>
<opcode="store(28) " fcode="store"/>
<opset="store_ln35/1 "/>
</bind>
</comp>

<comp id="1094" class="1004" name="store_ln35_store_fu_1094">
<pin_list>
<pin id="1095" dir="0" index="0" bw="8" slack="0"/>
<pin id="1096" dir="0" index="1" bw="8" slack="0"/>
<pin id="1097" dir="1" index="2" bw="0" slack="2147483647"/>
</pin_list>
<bind>
<opcode="store(28) " fcode="store"/>
<opset="store_ln35/1 "/>
</bind>
</comp>

<comp id="1099" class="1004" name="store_ln35_store_fu_1099">
<pin_list>
<pin id="1100" dir="0" index="0" bw="8" slack="0"/>
<pin id="1101" dir="0" index="1" bw="8" slack="0"/>
<pin id="1102" dir="1" index="2" bw="0" slack="2147483647"/>
</pin_list>
<bind>
<opcode="store(28) " fcode="store"/>
<opset="store_ln35/1 "/>
</bind>
</comp>

<comp id="1104" class="1004" name="store_ln35_store_fu_1104">
<pin_list>
<pin id="1105" dir="0" index="0" bw="8" slack="0"/>
<pin id="1106" dir="0" index="1" bw="8" slack="0"/>
<pin id="1107" dir="1" index="2" bw="0" slack="2147483647"/>
</pin_list>
<bind>
<opcode="store(28) " fcode="store"/>
<opset="store_ln35/1 "/>
</bind>
</comp>

<comp id="1109" class="1004" name="store_ln35_store_fu_1109">
<pin_list>
<pin id="1110" dir="0" index="0" bw="8" slack="0"/>
<pin id="1111" dir="0" index="1" bw="8" slack="0"/>
<pin id="1112" dir="1" index="2" bw="0" slack="2147483647"/>
</pin_list>
<bind>
<opcode="store(28) " fcode="store"/>
<opset="store_ln35/1 "/>
</bind>
</comp>

<comp id="1114" class="1004" name="store_ln35_store_fu_1114">
<pin_list>
<pin id="1115" dir="0" index="0" bw="8" slack="0"/>
<pin id="1116" dir="0" index="1" bw="8" slack="0"/>
<pin id="1117" dir="1" index="2" bw="0" slack="2147483647"/>
</pin_list>
<bind>
<opcode="store(28) " fcode="store"/>
<opset="store_ln35/1 "/>
</bind>
</comp>

<comp id="1119" class="1004" name="store_ln35_store_fu_1119">
<pin_list>
<pin id="1120" dir="0" index="0" bw="8" slack="0"/>
<pin id="1121" dir="0" index="1" bw="8" slack="0"/>
<pin id="1122" dir="1" index="2" bw="0" slack="2147483647"/>
</pin_list>
<bind>
<opcode="store(28) " fcode="store"/>
<opset="store_ln35/1 "/>
</bind>
</comp>

<comp id="1124" class="1004" name="store_ln35_store_fu_1124">
<pin_list>
<pin id="1125" dir="0" index="0" bw="8" slack="0"/>
<pin id="1126" dir="0" index="1" bw="8" slack="0"/>
<pin id="1127" dir="1" index="2" bw="0" slack="2147483647"/>
</pin_list>
<bind>
<opcode="store(28) " fcode="store"/>
<opset="store_ln35/1 "/>
</bind>
</comp>

<comp id="1129" class="1004" name="store_ln35_store_fu_1129">
<pin_list>
<pin id="1130" dir="0" index="0" bw="8" slack="0"/>
<pin id="1131" dir="0" index="1" bw="8" slack="0"/>
<pin id="1132" dir="1" index="2" bw="0" slack="2147483647"/>
</pin_list>
<bind>
<opcode="store(28) " fcode="store"/>
<opset="store_ln35/1 "/>
</bind>
</comp>

<comp id="1134" class="1004" name="store_ln35_store_fu_1134">
<pin_list>
<pin id="1135" dir="0" index="0" bw="8" slack="0"/>
<pin id="1136" dir="0" index="1" bw="8" slack="0"/>
<pin id="1137" dir="1" index="2" bw="0" slack="2147483647"/>
</pin_list>
<bind>
<opcode="store(28) " fcode="store"/>
<opset="store_ln35/1 "/>
</bind>
</comp>

<comp id="1139" class="1004" name="store_ln35_store_fu_1139">
<pin_list>
<pin id="1140" dir="0" index="0" bw="8" slack="0"/>
<pin id="1141" dir="0" index="1" bw="8" slack="0"/>
<pin id="1142" dir="1" index="2" bw="0" slack="2147483647"/>
</pin_list>
<bind>
<opcode="store(28) " fcode="store"/>
<opset="store_ln35/1 "/>
</bind>
</comp>

<comp id="1144" class="1004" name="store_ln35_store_fu_1144">
<pin_list>
<pin id="1145" dir="0" index="0" bw="8" slack="0"/>
<pin id="1146" dir="0" index="1" bw="8" slack="0"/>
<pin id="1147" dir="1" index="2" bw="0" slack="2147483647"/>
</pin_list>
<bind>
<opcode="store(28) " fcode="store"/>
<opset="store_ln35/1 "/>
</bind>
</comp>

<comp id="1149" class="1004" name="store_ln35_store_fu_1149">
<pin_list>
<pin id="1150" dir="0" index="0" bw="8" slack="0"/>
<pin id="1151" dir="0" index="1" bw="8" slack="0"/>
<pin id="1152" dir="1" index="2" bw="0" slack="2147483647"/>
</pin_list>
<bind>
<opcode="store(28) " fcode="store"/>
<opset="store_ln35/1 "/>
</bind>
</comp>

<comp id="1154" class="1004" name="store_ln35_store_fu_1154">
<pin_list>
<pin id="1155" dir="0" index="0" bw="8" slack="0"/>
<pin id="1156" dir="0" index="1" bw="8" slack="0"/>
<pin id="1157" dir="1" index="2" bw="0" slack="2147483647"/>
</pin_list>
<bind>
<opcode="store(28) " fcode="store"/>
<opset="store_ln35/1 "/>
</bind>
</comp>

<comp id="1159" class="1004" name="store_ln35_store_fu_1159">
<pin_list>
<pin id="1160" dir="0" index="0" bw="8" slack="0"/>
<pin id="1161" dir="0" index="1" bw="8" slack="0"/>
<pin id="1162" dir="1" index="2" bw="0" slack="2147483647"/>
</pin_list>
<bind>
<opcode="store(28) " fcode="store"/>
<opset="store_ln35/1 "/>
</bind>
</comp>

<comp id="1164" class="1004" name="store_ln35_store_fu_1164">
<pin_list>
<pin id="1165" dir="0" index="0" bw="8" slack="0"/>
<pin id="1166" dir="0" index="1" bw="8" slack="0"/>
<pin id="1167" dir="1" index="2" bw="0" slack="2147483647"/>
</pin_list>
<bind>
<opcode="store(28) " fcode="store"/>
<opset="store_ln35/1 "/>
</bind>
</comp>

<comp id="1169" class="1004" name="store_ln35_store_fu_1169">
<pin_list>
<pin id="1170" dir="0" index="0" bw="8" slack="0"/>
<pin id="1171" dir="0" index="1" bw="8" slack="0"/>
<pin id="1172" dir="1" index="2" bw="0" slack="2147483647"/>
</pin_list>
<bind>
<opcode="store(28) " fcode="store"/>
<opset="store_ln35/1 "/>
</bind>
</comp>

<comp id="1174" class="1004" name="store_ln35_store_fu_1174">
<pin_list>
<pin id="1175" dir="0" index="0" bw="8" slack="0"/>
<pin id="1176" dir="0" index="1" bw="8" slack="0"/>
<pin id="1177" dir="1" index="2" bw="0" slack="2147483647"/>
</pin_list>
<bind>
<opcode="store(28) " fcode="store"/>
<opset="store_ln35/1 "/>
</bind>
</comp>

<comp id="1179" class="1004" name="store_ln35_store_fu_1179">
<pin_list>
<pin id="1180" dir="0" index="0" bw="8" slack="0"/>
<pin id="1181" dir="0" index="1" bw="8" slack="0"/>
<pin id="1182" dir="1" index="2" bw="0" slack="2147483647"/>
</pin_list>
<bind>
<opcode="store(28) " fcode="store"/>
<opset="store_ln35/1 "/>
</bind>
</comp>

<comp id="1184" class="1004" name="store_ln35_store_fu_1184">
<pin_list>
<pin id="1185" dir="0" index="0" bw="8" slack="0"/>
<pin id="1186" dir="0" index="1" bw="8" slack="0"/>
<pin id="1187" dir="1" index="2" bw="0" slack="2147483647"/>
</pin_list>
<bind>
<opcode="store(28) " fcode="store"/>
<opset="store_ln35/1 "/>
</bind>
</comp>

<comp id="1189" class="1004" name="store_ln35_store_fu_1189">
<pin_list>
<pin id="1190" dir="0" index="0" bw="8" slack="0"/>
<pin id="1191" dir="0" index="1" bw="8" slack="0"/>
<pin id="1192" dir="1" index="2" bw="0" slack="2147483647"/>
</pin_list>
<bind>
<opcode="store(28) " fcode="store"/>
<opset="store_ln35/1 "/>
</bind>
</comp>

<comp id="1194" class="1004" name="store_ln35_store_fu_1194">
<pin_list>
<pin id="1195" dir="0" index="0" bw="8" slack="0"/>
<pin id="1196" dir="0" index="1" bw="8" slack="0"/>
<pin id="1197" dir="1" index="2" bw="0" slack="2147483647"/>
</pin_list>
<bind>
<opcode="store(28) " fcode="store"/>
<opset="store_ln35/1 "/>
</bind>
</comp>

<comp id="1199" class="1004" name="store_ln35_store_fu_1199">
<pin_list>
<pin id="1200" dir="0" index="0" bw="8" slack="0"/>
<pin id="1201" dir="0" index="1" bw="8" slack="0"/>
<pin id="1202" dir="1" index="2" bw="0" slack="2147483647"/>
</pin_list>
<bind>
<opcode="store(28) " fcode="store"/>
<opset="store_ln35/1 "/>
</bind>
</comp>

<comp id="1204" class="1004" name="store_ln35_store_fu_1204">
<pin_list>
<pin id="1205" dir="0" index="0" bw="8" slack="0"/>
<pin id="1206" dir="0" index="1" bw="8" slack="0"/>
<pin id="1207" dir="1" index="2" bw="0" slack="2147483647"/>
</pin_list>
<bind>
<opcode="store(28) " fcode="store"/>
<opset="store_ln35/1 "/>
</bind>
</comp>

<comp id="1209" class="1004" name="store_ln35_store_fu_1209">
<pin_list>
<pin id="1210" dir="0" index="0" bw="8" slack="0"/>
<pin id="1211" dir="0" index="1" bw="8" slack="0"/>
<pin id="1212" dir="1" index="2" bw="0" slack="2147483647"/>
</pin_list>
<bind>
<opcode="store(28) " fcode="store"/>
<opset="store_ln35/1 "/>
</bind>
</comp>

<comp id="1214" class="1004" name="store_ln35_store_fu_1214">
<pin_list>
<pin id="1215" dir="0" index="0" bw="8" slack="0"/>
<pin id="1216" dir="0" index="1" bw="8" slack="0"/>
<pin id="1217" dir="1" index="2" bw="0" slack="2147483647"/>
</pin_list>
<bind>
<opcode="store(28) " fcode="store"/>
<opset="store_ln35/1 "/>
</bind>
</comp>

<comp id="1219" class="1004" name="store_ln35_store_fu_1219">
<pin_list>
<pin id="1220" dir="0" index="0" bw="8" slack="0"/>
<pin id="1221" dir="0" index="1" bw="8" slack="0"/>
<pin id="1222" dir="1" index="2" bw="0" slack="2147483647"/>
</pin_list>
<bind>
<opcode="store(28) " fcode="store"/>
<opset="store_ln35/1 "/>
</bind>
</comp>

<comp id="1224" class="1004" name="store_ln35_store_fu_1224">
<pin_list>
<pin id="1225" dir="0" index="0" bw="8" slack="0"/>
<pin id="1226" dir="0" index="1" bw="8" slack="0"/>
<pin id="1227" dir="1" index="2" bw="0" slack="2147483647"/>
</pin_list>
<bind>
<opcode="store(28) " fcode="store"/>
<opset="store_ln35/1 "/>
</bind>
</comp>

<comp id="1229" class="1004" name="store_ln35_store_fu_1229">
<pin_list>
<pin id="1230" dir="0" index="0" bw="8" slack="0"/>
<pin id="1231" dir="0" index="1" bw="8" slack="0"/>
<pin id="1232" dir="1" index="2" bw="0" slack="2147483647"/>
</pin_list>
<bind>
<opcode="store(28) " fcode="store"/>
<opset="store_ln35/1 "/>
</bind>
</comp>

<comp id="1234" class="1004" name="store_ln35_store_fu_1234">
<pin_list>
<pin id="1235" dir="0" index="0" bw="8" slack="0"/>
<pin id="1236" dir="0" index="1" bw="8" slack="0"/>
<pin id="1237" dir="1" index="2" bw="0" slack="2147483647"/>
</pin_list>
<bind>
<opcode="store(28) " fcode="store"/>
<opset="store_ln35/1 "/>
</bind>
</comp>

<comp id="1239" class="1004" name="store_ln35_store_fu_1239">
<pin_list>
<pin id="1240" dir="0" index="0" bw="8" slack="0"/>
<pin id="1241" dir="0" index="1" bw="8" slack="0"/>
<pin id="1242" dir="1" index="2" bw="0" slack="2147483647"/>
</pin_list>
<bind>
<opcode="store(28) " fcode="store"/>
<opset="store_ln35/1 "/>
</bind>
</comp>

<comp id="1244" class="1004" name="store_ln35_store_fu_1244">
<pin_list>
<pin id="1245" dir="0" index="0" bw="8" slack="0"/>
<pin id="1246" dir="0" index="1" bw="8" slack="0"/>
<pin id="1247" dir="1" index="2" bw="0" slack="2147483647"/>
</pin_list>
<bind>
<opcode="store(28) " fcode="store"/>
<opset="store_ln35/1 "/>
</bind>
</comp>

<comp id="1249" class="1004" name="store_ln35_store_fu_1249">
<pin_list>
<pin id="1250" dir="0" index="0" bw="8" slack="0"/>
<pin id="1251" dir="0" index="1" bw="8" slack="0"/>
<pin id="1252" dir="1" index="2" bw="0" slack="2147483647"/>
</pin_list>
<bind>
<opcode="store(28) " fcode="store"/>
<opset="store_ln35/1 "/>
</bind>
</comp>

<comp id="1254" class="1004" name="store_ln35_store_fu_1254">
<pin_list>
<pin id="1255" dir="0" index="0" bw="8" slack="0"/>
<pin id="1256" dir="0" index="1" bw="8" slack="0"/>
<pin id="1257" dir="1" index="2" bw="0" slack="2147483647"/>
</pin_list>
<bind>
<opcode="store(28) " fcode="store"/>
<opset="store_ln35/1 "/>
</bind>
</comp>

<comp id="1259" class="1004" name="store_ln35_store_fu_1259">
<pin_list>
<pin id="1260" dir="0" index="0" bw="8" slack="0"/>
<pin id="1261" dir="0" index="1" bw="8" slack="0"/>
<pin id="1262" dir="1" index="2" bw="0" slack="2147483647"/>
</pin_list>
<bind>
<opcode="store(28) " fcode="store"/>
<opset="store_ln35/1 "/>
</bind>
</comp>

<comp id="1264" class="1004" name="store_ln35_store_fu_1264">
<pin_list>
<pin id="1265" dir="0" index="0" bw="8" slack="0"/>
<pin id="1266" dir="0" index="1" bw="8" slack="0"/>
<pin id="1267" dir="1" index="2" bw="0" slack="2147483647"/>
</pin_list>
<bind>
<opcode="store(28) " fcode="store"/>
<opset="store_ln35/1 "/>
</bind>
</comp>

<comp id="1269" class="1004" name="store_ln35_store_fu_1269">
<pin_list>
<pin id="1270" dir="0" index="0" bw="8" slack="0"/>
<pin id="1271" dir="0" index="1" bw="8" slack="0"/>
<pin id="1272" dir="1" index="2" bw="0" slack="2147483647"/>
</pin_list>
<bind>
<opcode="store(28) " fcode="store"/>
<opset="store_ln35/1 "/>
</bind>
</comp>

<comp id="1274" class="1004" name="store_ln35_store_fu_1274">
<pin_list>
<pin id="1275" dir="0" index="0" bw="8" slack="0"/>
<pin id="1276" dir="0" index="1" bw="8" slack="0"/>
<pin id="1277" dir="1" index="2" bw="0" slack="2147483647"/>
</pin_list>
<bind>
<opcode="store(28) " fcode="store"/>
<opset="store_ln35/1 "/>
</bind>
</comp>

<comp id="1279" class="1004" name="store_ln35_store_fu_1279">
<pin_list>
<pin id="1280" dir="0" index="0" bw="8" slack="0"/>
<pin id="1281" dir="0" index="1" bw="8" slack="0"/>
<pin id="1282" dir="1" index="2" bw="0" slack="2147483647"/>
</pin_list>
<bind>
<opcode="store(28) " fcode="store"/>
<opset="store_ln35/1 "/>
</bind>
</comp>

<comp id="1284" class="1004" name="store_ln35_store_fu_1284">
<pin_list>
<pin id="1285" dir="0" index="0" bw="8" slack="0"/>
<pin id="1286" dir="0" index="1" bw="8" slack="0"/>
<pin id="1287" dir="1" index="2" bw="0" slack="2147483647"/>
</pin_list>
<bind>
<opcode="store(28) " fcode="store"/>
<opset="store_ln35/1 "/>
</bind>
</comp>

<comp id="1289" class="1004" name="store_ln35_store_fu_1289">
<pin_list>
<pin id="1290" dir="0" index="0" bw="8" slack="0"/>
<pin id="1291" dir="0" index="1" bw="8" slack="0"/>
<pin id="1292" dir="1" index="2" bw="0" slack="2147483647"/>
</pin_list>
<bind>
<opcode="store(28) " fcode="store"/>
<opset="store_ln35/1 "/>
</bind>
</comp>

<comp id="1294" class="1004" name="store_ln35_store_fu_1294">
<pin_list>
<pin id="1295" dir="0" index="0" bw="8" slack="0"/>
<pin id="1296" dir="0" index="1" bw="8" slack="0"/>
<pin id="1297" dir="1" index="2" bw="0" slack="2147483647"/>
</pin_list>
<bind>
<opcode="store(28) " fcode="store"/>
<opset="store_ln35/1 "/>
</bind>
</comp>

<comp id="1299" class="1004" name="store_ln35_store_fu_1299">
<pin_list>
<pin id="1300" dir="0" index="0" bw="8" slack="0"/>
<pin id="1301" dir="0" index="1" bw="8" slack="0"/>
<pin id="1302" dir="1" index="2" bw="0" slack="2147483647"/>
</pin_list>
<bind>
<opcode="store(28) " fcode="store"/>
<opset="store_ln35/1 "/>
</bind>
</comp>

<comp id="1304" class="1004" name="store_ln35_store_fu_1304">
<pin_list>
<pin id="1305" dir="0" index="0" bw="8" slack="0"/>
<pin id="1306" dir="0" index="1" bw="8" slack="0"/>
<pin id="1307" dir="1" index="2" bw="0" slack="2147483647"/>
</pin_list>
<bind>
<opcode="store(28) " fcode="store"/>
<opset="store_ln35/1 "/>
</bind>
</comp>

<comp id="1309" class="1004" name="store_ln35_store_fu_1309">
<pin_list>
<pin id="1310" dir="0" index="0" bw="8" slack="0"/>
<pin id="1311" dir="0" index="1" bw="8" slack="0"/>
<pin id="1312" dir="1" index="2" bw="0" slack="2147483647"/>
</pin_list>
<bind>
<opcode="store(28) " fcode="store"/>
<opset="store_ln35/1 "/>
</bind>
</comp>

<comp id="1314" class="1004" name="icmp_ln33_fu_1314">
<pin_list>
<pin id="1315" dir="0" index="0" bw="3" slack="0"/>
<pin id="1316" dir="0" index="1" bw="3" slack="0"/>
<pin id="1317" dir="1" index="2" bw="1" slack="2147483647"/>
</pin_list>
<bind>
<opcode="icmp(45) " fcode="icmp"/>
<opset="icmp_ln33/1 "/>
</bind>
</comp>

<comp id="1320" class="1004" name="store_ln33_store_fu_1320">
<pin_list>
<pin id="1321" dir="0" index="0" bw="3" slack="0"/>
<pin id="1322" dir="0" index="1" bw="3" slack="0"/>
<pin id="1323" dir="1" index="2" bw="0" slack="2147483647"/>
</pin_list>
<bind>
<opcode="store(28) " fcode="store"/>
<opset="store_ln33/1 "/>
</bind>
</comp>

<comp id="1325" class="1004" name="p_0_7_0_0_01272_load_load_fu_1325">
<pin_list>
<pin id="1326" dir="0" index="0" bw="8" slack="0"/>
<pin id="1327" dir="1" index="1" bw="8" slack="0"/>
</pin_list>
<bind>
<opcode="load(27) " fcode="load"/>
<opset="p_0_7_0_0_01272_load/1 "/>
</bind>
</comp>

<comp id="1329" class="1004" name="p_0_6_0_0_01254_load_load_fu_1329">
<pin_list>
<pin id="1330" dir="0" index="0" bw="8" slack="0"/>
<pin id="1331" dir="1" index="1" bw="8" slack="0"/>
</pin_list>
<bind>
<opcode="load(27) " fcode="load"/>
<opset="p_0_6_0_0_01254_load/1 "/>
</bind>
</comp>

<comp id="1333" class="1004" name="p_0_5_0_0_01236_load_load_fu_1333">
<pin_list>
<pin id="1334" dir="0" index="0" bw="8" slack="0"/>
<pin id="1335" dir="1" index="1" bw="8" slack="0"/>
</pin_list>
<bind>
<opcode="load(27) " fcode="load"/>
<opset="p_0_5_0_0_01236_load/1 "/>
</bind>
</comp>

<comp id="1337" class="1004" name="p_0_4_0_0_01218_load_load_fu_1337">
<pin_list>
<pin id="1338" dir="0" index="0" bw="8" slack="0"/>
<pin id="1339" dir="1" index="1" bw="8" slack="0"/>
</pin_list>
<bind>
<opcode="load(27) " fcode="load"/>
<opset="p_0_4_0_0_01218_load/1 "/>
</bind>
</comp>

<comp id="1341" class="1004" name="p_0_3_0_0_011910_load_load_fu_1341">
<pin_list>
<pin id="1342" dir="0" index="0" bw="8" slack="0"/>
<pin id="1343" dir="1" index="1" bw="8" slack="0"/>
</pin_list>
<bind>
<opcode="load(27) " fcode="load"/>
<opset="p_0_3_0_0_011910_load/1 "/>
</bind>
</comp>

<comp id="1345" class="1004" name="p_0_2_0_0_011712_load_load_fu_1345">
<pin_list>
<pin id="1346" dir="0" index="0" bw="8" slack="0"/>
<pin id="1347" dir="1" index="1" bw="8" slack="0"/>
</pin_list>
<bind>
<opcode="load(27) " fcode="load"/>
<opset="p_0_2_0_0_011712_load/1 "/>
</bind>
</comp>

<comp id="1349" class="1004" name="p_0_1_0_0_011514_load_load_fu_1349">
<pin_list>
<pin id="1350" dir="0" index="0" bw="8" slack="0"/>
<pin id="1351" dir="1" index="1" bw="8" slack="0"/>
</pin_list>
<bind>
<opcode="load(27) " fcode="load"/>
<opset="p_0_1_0_0_011514_load/1 "/>
</bind>
</comp>

<comp id="1353" class="1004" name="p_0_0_0_0_011316_load_load_fu_1353">
<pin_list>
<pin id="1354" dir="0" index="0" bw="8" slack="0"/>
<pin id="1355" dir="1" index="1" bw="8" slack="0"/>
</pin_list>
<bind>
<opcode="load(27) " fcode="load"/>
<opset="p_0_0_0_0_011316_load/1 "/>
</bind>
</comp>

<comp id="1357" class="1004" name="p_0_7_0_0_011118_load_load_fu_1357">
<pin_list>
<pin id="1358" dir="0" index="0" bw="8" slack="0"/>
<pin id="1359" dir="1" index="1" bw="8" slack="0"/>
</pin_list>
<bind>
<opcode="load(27) " fcode="load"/>
<opset="p_0_7_0_0_011118_load/1 "/>
</bind>
</comp>

<comp id="1361" class="1004" name="p_0_6_0_0_010920_load_load_fu_1361">
<pin_list>
<pin id="1362" dir="0" index="0" bw="8" slack="0"/>
<pin id="1363" dir="1" index="1" bw="8" slack="0"/>
</pin_list>
<bind>
<opcode="load(27) " fcode="load"/>
<opset="p_0_6_0_0_010920_load/1 "/>
</bind>
</comp>

<comp id="1365" class="1004" name="p_0_5_0_0_010722_load_load_fu_1365">
<pin_list>
<pin id="1366" dir="0" index="0" bw="8" slack="0"/>
<pin id="1367" dir="1" index="1" bw="8" slack="0"/>
</pin_list>
<bind>
<opcode="load(27) " fcode="load"/>
<opset="p_0_5_0_0_010722_load/1 "/>
</bind>
</comp>

<comp id="1369" class="1004" name="p_0_4_0_0_010524_load_load_fu_1369">
<pin_list>
<pin id="1370" dir="0" index="0" bw="8" slack="0"/>
<pin id="1371" dir="1" index="1" bw="8" slack="0"/>
</pin_list>
<bind>
<opcode="load(27) " fcode="load"/>
<opset="p_0_4_0_0_010524_load/1 "/>
</bind>
</comp>

<comp id="1373" class="1004" name="p_0_3_0_0_010326_load_load_fu_1373">
<pin_list>
<pin id="1374" dir="0" index="0" bw="8" slack="0"/>
<pin id="1375" dir="1" index="1" bw="8" slack="0"/>
</pin_list>
<bind>
<opcode="load(27) " fcode="load"/>
<opset="p_0_3_0_0_010326_load/1 "/>
</bind>
</comp>

<comp id="1377" class="1004" name="p_0_2_0_0_010128_load_load_fu_1377">
<pin_list>
<pin id="1378" dir="0" index="0" bw="8" slack="0"/>
<pin id="1379" dir="1" index="1" bw="8" slack="0"/>
</pin_list>
<bind>
<opcode="load(27) " fcode="load"/>
<opset="p_0_2_0_0_010128_load/1 "/>
</bind>
</comp>

<comp id="1381" class="1004" name="p_0_1_0_0_09930_load_load_fu_1381">
<pin_list>
<pin id="1382" dir="0" index="0" bw="8" slack="0"/>
<pin id="1383" dir="1" index="1" bw="8" slack="0"/>
</pin_list>
<bind>
<opcode="load(27) " fcode="load"/>
<opset="p_0_1_0_0_09930_load/1 "/>
</bind>
</comp>

<comp id="1385" class="1004" name="p_0_0_0_0_09732_load_load_fu_1385">
<pin_list>
<pin id="1386" dir="0" index="0" bw="8" slack="0"/>
<pin id="1387" dir="1" index="1" bw="8" slack="0"/>
</pin_list>
<bind>
<opcode="load(27) " fcode="load"/>
<opset="p_0_0_0_0_09732_load/1 "/>
</bind>
</comp>

<comp id="1389" class="1004" name="p_0_7_0_0_09534_load_load_fu_1389">
<pin_list>
<pin id="1390" dir="0" index="0" bw="8" slack="0"/>
<pin id="1391" dir="1" index="1" bw="8" slack="0"/>
</pin_list>
<bind>
<opcode="load(27) " fcode="load"/>
<opset="p_0_7_0_0_09534_load/1 "/>
</bind>
</comp>

<comp id="1393" class="1004" name="p_0_6_0_0_09336_load_load_fu_1393">
<pin_list>
<pin id="1394" dir="0" index="0" bw="8" slack="0"/>
<pin id="1395" dir="1" index="1" bw="8" slack="0"/>
</pin_list>
<bind>
<opcode="load(27) " fcode="load"/>
<opset="p_0_6_0_0_09336_load/1 "/>
</bind>
</comp>

<comp id="1397" class="1004" name="p_0_5_0_0_09138_load_load_fu_1397">
<pin_list>
<pin id="1398" dir="0" index="0" bw="8" slack="0"/>
<pin id="1399" dir="1" index="1" bw="8" slack="0"/>
</pin_list>
<bind>
<opcode="load(27) " fcode="load"/>
<opset="p_0_5_0_0_09138_load/1 "/>
</bind>
</comp>

<comp id="1401" class="1004" name="p_0_4_0_0_08940_load_load_fu_1401">
<pin_list>
<pin id="1402" dir="0" index="0" bw="8" slack="0"/>
<pin id="1403" dir="1" index="1" bw="8" slack="0"/>
</pin_list>
<bind>
<opcode="load(27) " fcode="load"/>
<opset="p_0_4_0_0_08940_load/1 "/>
</bind>
</comp>

<comp id="1405" class="1004" name="p_0_3_0_0_08742_load_load_fu_1405">
<pin_list>
<pin id="1406" dir="0" index="0" bw="8" slack="0"/>
<pin id="1407" dir="1" index="1" bw="8" slack="0"/>
</pin_list>
<bind>
<opcode="load(27) " fcode="load"/>
<opset="p_0_3_0_0_08742_load/1 "/>
</bind>
</comp>

<comp id="1409" class="1004" name="p_0_2_0_0_08544_load_load_fu_1409">
<pin_list>
<pin id="1410" dir="0" index="0" bw="8" slack="0"/>
<pin id="1411" dir="1" index="1" bw="8" slack="0"/>
</pin_list>
<bind>
<opcode="load(27) " fcode="load"/>
<opset="p_0_2_0_0_08544_load/1 "/>
</bind>
</comp>

<comp id="1413" class="1004" name="p_0_1_0_0_08346_load_load_fu_1413">
<pin_list>
<pin id="1414" dir="0" index="0" bw="8" slack="0"/>
<pin id="1415" dir="1" index="1" bw="8" slack="0"/>
</pin_list>
<bind>
<opcode="load(27) " fcode="load"/>
<opset="p_0_1_0_0_08346_load/1 "/>
</bind>
</comp>

<comp id="1417" class="1004" name="p_0_0_0_0_08148_load_load_fu_1417">
<pin_list>
<pin id="1418" dir="0" index="0" bw="8" slack="0"/>
<pin id="1419" dir="1" index="1" bw="8" slack="0"/>
</pin_list>
<bind>
<opcode="load(27) " fcode="load"/>
<opset="p_0_0_0_0_08148_load/1 "/>
</bind>
</comp>

<comp id="1421" class="1004" name="p_0_7_0_0_07950_load_load_fu_1421">
<pin_list>
<pin id="1422" dir="0" index="0" bw="8" slack="0"/>
<pin id="1423" dir="1" index="1" bw="8" slack="0"/>
</pin_list>
<bind>
<opcode="load(27) " fcode="load"/>
<opset="p_0_7_0_0_07950_load/1 "/>
</bind>
</comp>

<comp id="1425" class="1004" name="p_0_6_0_0_07752_load_load_fu_1425">
<pin_list>
<pin id="1426" dir="0" index="0" bw="8" slack="0"/>
<pin id="1427" dir="1" index="1" bw="8" slack="0"/>
</pin_list>
<bind>
<opcode="load(27) " fcode="load"/>
<opset="p_0_6_0_0_07752_load/1 "/>
</bind>
</comp>

<comp id="1429" class="1004" name="p_0_5_0_0_07554_load_load_fu_1429">
<pin_list>
<pin id="1430" dir="0" index="0" bw="8" slack="0"/>
<pin id="1431" dir="1" index="1" bw="8" slack="0"/>
</pin_list>
<bind>
<opcode="load(27) " fcode="load"/>
<opset="p_0_5_0_0_07554_load/1 "/>
</bind>
</comp>

<comp id="1433" class="1004" name="p_0_4_0_0_07356_load_load_fu_1433">
<pin_list>
<pin id="1434" dir="0" index="0" bw="8" slack="0"/>
<pin id="1435" dir="1" index="1" bw="8" slack="0"/>
</pin_list>
<bind>
<opcode="load(27) " fcode="load"/>
<opset="p_0_4_0_0_07356_load/1 "/>
</bind>
</comp>

<comp id="1437" class="1004" name="p_0_3_0_0_07158_load_load_fu_1437">
<pin_list>
<pin id="1438" dir="0" index="0" bw="8" slack="0"/>
<pin id="1439" dir="1" index="1" bw="8" slack="0"/>
</pin_list>
<bind>
<opcode="load(27) " fcode="load"/>
<opset="p_0_3_0_0_07158_load/1 "/>
</bind>
</comp>

<comp id="1441" class="1004" name="p_0_2_0_0_06960_load_load_fu_1441">
<pin_list>
<pin id="1442" dir="0" index="0" bw="8" slack="0"/>
<pin id="1443" dir="1" index="1" bw="8" slack="0"/>
</pin_list>
<bind>
<opcode="load(27) " fcode="load"/>
<opset="p_0_2_0_0_06960_load/1 "/>
</bind>
</comp>

<comp id="1445" class="1004" name="p_0_1_0_0_06762_load_load_fu_1445">
<pin_list>
<pin id="1446" dir="0" index="0" bw="8" slack="0"/>
<pin id="1447" dir="1" index="1" bw="8" slack="0"/>
</pin_list>
<bind>
<opcode="load(27) " fcode="load"/>
<opset="p_0_1_0_0_06762_load/1 "/>
</bind>
</comp>

<comp id="1449" class="1004" name="p_0_0_0_0_06564_load_load_fu_1449">
<pin_list>
<pin id="1450" dir="0" index="0" bw="8" slack="0"/>
<pin id="1451" dir="1" index="1" bw="8" slack="0"/>
</pin_list>
<bind>
<opcode="load(27) " fcode="load"/>
<opset="p_0_0_0_0_06564_load/1 "/>
</bind>
</comp>

<comp id="1453" class="1004" name="p_0_7_0_0_06366_load_load_fu_1453">
<pin_list>
<pin id="1454" dir="0" index="0" bw="8" slack="0"/>
<pin id="1455" dir="1" index="1" bw="8" slack="0"/>
</pin_list>
<bind>
<opcode="load(27) " fcode="load"/>
<opset="p_0_7_0_0_06366_load/1 "/>
</bind>
</comp>

<comp id="1457" class="1004" name="p_0_6_0_0_06168_load_load_fu_1457">
<pin_list>
<pin id="1458" dir="0" index="0" bw="8" slack="0"/>
<pin id="1459" dir="1" index="1" bw="8" slack="0"/>
</pin_list>
<bind>
<opcode="load(27) " fcode="load"/>
<opset="p_0_6_0_0_06168_load/1 "/>
</bind>
</comp>

<comp id="1461" class="1004" name="p_0_5_0_0_05970_load_load_fu_1461">
<pin_list>
<pin id="1462" dir="0" index="0" bw="8" slack="0"/>
<pin id="1463" dir="1" index="1" bw="8" slack="0"/>
</pin_list>
<bind>
<opcode="load(27) " fcode="load"/>
<opset="p_0_5_0_0_05970_load/1 "/>
</bind>
</comp>

<comp id="1465" class="1004" name="p_0_4_0_0_05772_load_load_fu_1465">
<pin_list>
<pin id="1466" dir="0" index="0" bw="8" slack="0"/>
<pin id="1467" dir="1" index="1" bw="8" slack="0"/>
</pin_list>
<bind>
<opcode="load(27) " fcode="load"/>
<opset="p_0_4_0_0_05772_load/1 "/>
</bind>
</comp>

<comp id="1469" class="1004" name="p_0_3_0_0_05574_load_load_fu_1469">
<pin_list>
<pin id="1470" dir="0" index="0" bw="8" slack="0"/>
<pin id="1471" dir="1" index="1" bw="8" slack="0"/>
</pin_list>
<bind>
<opcode="load(27) " fcode="load"/>
<opset="p_0_3_0_0_05574_load/1 "/>
</bind>
</comp>

<comp id="1473" class="1004" name="p_0_2_0_0_05376_load_load_fu_1473">
<pin_list>
<pin id="1474" dir="0" index="0" bw="8" slack="0"/>
<pin id="1475" dir="1" index="1" bw="8" slack="0"/>
</pin_list>
<bind>
<opcode="load(27) " fcode="load"/>
<opset="p_0_2_0_0_05376_load/1 "/>
</bind>
</comp>

<comp id="1477" class="1004" name="p_0_1_0_0_05178_load_load_fu_1477">
<pin_list>
<pin id="1478" dir="0" index="0" bw="8" slack="0"/>
<pin id="1479" dir="1" index="1" bw="8" slack="0"/>
</pin_list>
<bind>
<opcode="load(27) " fcode="load"/>
<opset="p_0_1_0_0_05178_load/1 "/>
</bind>
</comp>

<comp id="1481" class="1004" name="p_0_0_0_0_04980_load_load_fu_1481">
<pin_list>
<pin id="1482" dir="0" index="0" bw="8" slack="0"/>
<pin id="1483" dir="1" index="1" bw="8" slack="0"/>
</pin_list>
<bind>
<opcode="load(27) " fcode="load"/>
<opset="p_0_0_0_0_04980_load/1 "/>
</bind>
</comp>

<comp id="1485" class="1004" name="p_0_7_0_0_04782_load_load_fu_1485">
<pin_list>
<pin id="1486" dir="0" index="0" bw="8" slack="0"/>
<pin id="1487" dir="1" index="1" bw="8" slack="0"/>
</pin_list>
<bind>
<opcode="load(27) " fcode="load"/>
<opset="p_0_7_0_0_04782_load/1 "/>
</bind>
</comp>

<comp id="1489" class="1004" name="p_0_6_0_0_04584_load_load_fu_1489">
<pin_list>
<pin id="1490" dir="0" index="0" bw="8" slack="0"/>
<pin id="1491" dir="1" index="1" bw="8" slack="0"/>
</pin_list>
<bind>
<opcode="load(27) " fcode="load"/>
<opset="p_0_6_0_0_04584_load/1 "/>
</bind>
</comp>

<comp id="1493" class="1004" name="p_0_5_0_0_04386_load_load_fu_1493">
<pin_list>
<pin id="1494" dir="0" index="0" bw="8" slack="0"/>
<pin id="1495" dir="1" index="1" bw="8" slack="0"/>
</pin_list>
<bind>
<opcode="load(27) " fcode="load"/>
<opset="p_0_5_0_0_04386_load/1 "/>
</bind>
</comp>

<comp id="1497" class="1004" name="p_0_4_0_0_04188_load_load_fu_1497">
<pin_list>
<pin id="1498" dir="0" index="0" bw="8" slack="0"/>
<pin id="1499" dir="1" index="1" bw="8" slack="0"/>
</pin_list>
<bind>
<opcode="load(27) " fcode="load"/>
<opset="p_0_4_0_0_04188_load/1 "/>
</bind>
</comp>

<comp id="1501" class="1004" name="p_0_3_0_0_03990_load_load_fu_1501">
<pin_list>
<pin id="1502" dir="0" index="0" bw="8" slack="0"/>
<pin id="1503" dir="1" index="1" bw="8" slack="0"/>
</pin_list>
<bind>
<opcode="load(27) " fcode="load"/>
<opset="p_0_3_0_0_03990_load/1 "/>
</bind>
</comp>

<comp id="1505" class="1004" name="p_0_2_0_0_03792_load_load_fu_1505">
<pin_list>
<pin id="1506" dir="0" index="0" bw="8" slack="0"/>
<pin id="1507" dir="1" index="1" bw="8" slack="0"/>
</pin_list>
<bind>
<opcode="load(27) " fcode="load"/>
<opset="p_0_2_0_0_03792_load/1 "/>
</bind>
</comp>

<comp id="1509" class="1004" name="p_0_1_0_0_03594_load_load_fu_1509">
<pin_list>
<pin id="1510" dir="0" index="0" bw="8" slack="0"/>
<pin id="1511" dir="1" index="1" bw="8" slack="0"/>
</pin_list>
<bind>
<opcode="load(27) " fcode="load"/>
<opset="p_0_1_0_0_03594_load/1 "/>
</bind>
</comp>

<comp id="1513" class="1004" name="p_0_0_0_0_03396_load_load_fu_1513">
<pin_list>
<pin id="1514" dir="0" index="0" bw="8" slack="0"/>
<pin id="1515" dir="1" index="1" bw="8" slack="0"/>
</pin_list>
<bind>
<opcode="load(27) " fcode="load"/>
<opset="p_0_0_0_0_03396_load/1 "/>
</bind>
</comp>

<comp id="1517" class="1004" name="p_0_7_0_0_03198_load_load_fu_1517">
<pin_list>
<pin id="1518" dir="0" index="0" bw="8" slack="0"/>
<pin id="1519" dir="1" index="1" bw="8" slack="0"/>
</pin_list>
<bind>
<opcode="load(27) " fcode="load"/>
<opset="p_0_7_0_0_03198_load/1 "/>
</bind>
</comp>

<comp id="1521" class="1004" name="p_0_6_0_0_029100_load_load_fu_1521">
<pin_list>
<pin id="1522" dir="0" index="0" bw="8" slack="0"/>
<pin id="1523" dir="1" index="1" bw="8" slack="0"/>
</pin_list>
<bind>
<opcode="load(27) " fcode="load"/>
<opset="p_0_6_0_0_029100_load/1 "/>
</bind>
</comp>

<comp id="1525" class="1004" name="p_0_5_0_0_027102_load_load_fu_1525">
<pin_list>
<pin id="1526" dir="0" index="0" bw="8" slack="0"/>
<pin id="1527" dir="1" index="1" bw="8" slack="0"/>
</pin_list>
<bind>
<opcode="load(27) " fcode="load"/>
<opset="p_0_5_0_0_027102_load/1 "/>
</bind>
</comp>

<comp id="1529" class="1004" name="p_0_4_0_0_025104_load_load_fu_1529">
<pin_list>
<pin id="1530" dir="0" index="0" bw="8" slack="0"/>
<pin id="1531" dir="1" index="1" bw="8" slack="0"/>
</pin_list>
<bind>
<opcode="load(27) " fcode="load"/>
<opset="p_0_4_0_0_025104_load/1 "/>
</bind>
</comp>

<comp id="1533" class="1004" name="p_0_3_0_0_023106_load_load_fu_1533">
<pin_list>
<pin id="1534" dir="0" index="0" bw="8" slack="0"/>
<pin id="1535" dir="1" index="1" bw="8" slack="0"/>
</pin_list>
<bind>
<opcode="load(27) " fcode="load"/>
<opset="p_0_3_0_0_023106_load/1 "/>
</bind>
</comp>

<comp id="1537" class="1004" name="p_0_2_0_0_021108_load_load_fu_1537">
<pin_list>
<pin id="1538" dir="0" index="0" bw="8" slack="0"/>
<pin id="1539" dir="1" index="1" bw="8" slack="0"/>
</pin_list>
<bind>
<opcode="load(27) " fcode="load"/>
<opset="p_0_2_0_0_021108_load/1 "/>
</bind>
</comp>

<comp id="1541" class="1004" name="p_0_1_0_0_019110_load_load_fu_1541">
<pin_list>
<pin id="1542" dir="0" index="0" bw="8" slack="0"/>
<pin id="1543" dir="1" index="1" bw="8" slack="0"/>
</pin_list>
<bind>
<opcode="load(27) " fcode="load"/>
<opset="p_0_1_0_0_019110_load/1 "/>
</bind>
</comp>

<comp id="1545" class="1004" name="p_0_0_0_0_017112_load_load_fu_1545">
<pin_list>
<pin id="1546" dir="0" index="0" bw="8" slack="0"/>
<pin id="1547" dir="1" index="1" bw="8" slack="0"/>
</pin_list>
<bind>
<opcode="load(27) " fcode="load"/>
<opset="p_0_0_0_0_017112_load/1 "/>
</bind>
</comp>

<comp id="1549" class="1004" name="p_0_7_0_0_015114_load_load_fu_1549">
<pin_list>
<pin id="1550" dir="0" index="0" bw="8" slack="0"/>
<pin id="1551" dir="1" index="1" bw="8" slack="0"/>
</pin_list>
<bind>
<opcode="load(27) " fcode="load"/>
<opset="p_0_7_0_0_015114_load/1 "/>
</bind>
</comp>

<comp id="1553" class="1004" name="p_0_6_0_0_013116_load_load_fu_1553">
<pin_list>
<pin id="1554" dir="0" index="0" bw="8" slack="0"/>
<pin id="1555" dir="1" index="1" bw="8" slack="0"/>
</pin_list>
<bind>
<opcode="load(27) " fcode="load"/>
<opset="p_0_6_0_0_013116_load/1 "/>
</bind>
</comp>

<comp id="1557" class="1004" name="p_0_5_0_0_011118_load_load_fu_1557">
<pin_list>
<pin id="1558" dir="0" index="0" bw="8" slack="0"/>
<pin id="1559" dir="1" index="1" bw="8" slack="0"/>
</pin_list>
<bind>
<opcode="load(27) " fcode="load"/>
<opset="p_0_5_0_0_011118_load/1 "/>
</bind>
</comp>

<comp id="1561" class="1004" name="p_0_4_0_0_09120_load_load_fu_1561">
<pin_list>
<pin id="1562" dir="0" index="0" bw="8" slack="0"/>
<pin id="1563" dir="1" index="1" bw="8" slack="0"/>
</pin_list>
<bind>
<opcode="load(27) " fcode="load"/>
<opset="p_0_4_0_0_09120_load/1 "/>
</bind>
</comp>

<comp id="1565" class="1004" name="p_0_3_0_0_07122_load_load_fu_1565">
<pin_list>
<pin id="1566" dir="0" index="0" bw="8" slack="0"/>
<pin id="1567" dir="1" index="1" bw="8" slack="0"/>
</pin_list>
<bind>
<opcode="load(27) " fcode="load"/>
<opset="p_0_3_0_0_07122_load/1 "/>
</bind>
</comp>

<comp id="1569" class="1004" name="p_0_2_0_0_05124_load_load_fu_1569">
<pin_list>
<pin id="1570" dir="0" index="0" bw="8" slack="0"/>
<pin id="1571" dir="1" index="1" bw="8" slack="0"/>
</pin_list>
<bind>
<opcode="load(27) " fcode="load"/>
<opset="p_0_2_0_0_05124_load/1 "/>
</bind>
</comp>

<comp id="1573" class="1004" name="p_0_1_0_0_03126_load_load_fu_1573">
<pin_list>
<pin id="1574" dir="0" index="0" bw="8" slack="0"/>
<pin id="1575" dir="1" index="1" bw="8" slack="0"/>
</pin_list>
<bind>
<opcode="load(27) " fcode="load"/>
<opset="p_0_1_0_0_03126_load/1 "/>
</bind>
</comp>

<comp id="1577" class="1004" name="p_0_0_0_0_01128_load_load_fu_1577">
<pin_list>
<pin id="1578" dir="0" index="0" bw="8" slack="0"/>
<pin id="1579" dir="1" index="1" bw="8" slack="0"/>
</pin_list>
<bind>
<opcode="load(27) " fcode="load"/>
<opset="p_0_0_0_0_01128_load/1 "/>
</bind>
</comp>

<comp id="1581" class="1005" name="i_in129_reg_1581">
<pin_list>
<pin id="1582" dir="0" index="0" bw="3" slack="0"/>
<pin id="1583" dir="1" index="1" bw="3" slack="0"/>
</pin_list>
<bind>
<opset="i_in129 "/>
</bind>
</comp>

<comp id="1588" class="1005" name="p_0_7_0_0_01272_reg_1588">
<pin_list>
<pin id="1589" dir="0" index="0" bw="8" slack="0"/>
<pin id="1590" dir="1" index="1" bw="8" slack="0"/>
</pin_list>
<bind>
<opset="p_0_7_0_0_01272 "/>
</bind>
</comp>

<comp id="1594" class="1005" name="p_0_6_0_0_01254_reg_1594">
<pin_list>
<pin id="1595" dir="0" index="0" bw="8" slack="0"/>
<pin id="1596" dir="1" index="1" bw="8" slack="0"/>
</pin_list>
<bind>
<opset="p_0_6_0_0_01254 "/>
</bind>
</comp>

<comp id="1600" class="1005" name="p_0_5_0_0_01236_reg_1600">
<pin_list>
<pin id="1601" dir="0" index="0" bw="8" slack="0"/>
<pin id="1602" dir="1" index="1" bw="8" slack="0"/>
</pin_list>
<bind>
<opset="p_0_5_0_0_01236 "/>
</bind>
</comp>

<comp id="1606" class="1005" name="p_0_4_0_0_01218_reg_1606">
<pin_list>
<pin id="1607" dir="0" index="0" bw="8" slack="0"/>
<pin id="1608" dir="1" index="1" bw="8" slack="0"/>
</pin_list>
<bind>
<opset="p_0_4_0_0_01218 "/>
</bind>
</comp>

<comp id="1612" class="1005" name="p_0_3_0_0_011910_reg_1612">
<pin_list>
<pin id="1613" dir="0" index="0" bw="8" slack="0"/>
<pin id="1614" dir="1" index="1" bw="8" slack="0"/>
</pin_list>
<bind>
<opset="p_0_3_0_0_011910 "/>
</bind>
</comp>

<comp id="1618" class="1005" name="p_0_2_0_0_011712_reg_1618">
<pin_list>
<pin id="1619" dir="0" index="0" bw="8" slack="0"/>
<pin id="1620" dir="1" index="1" bw="8" slack="0"/>
</pin_list>
<bind>
<opset="p_0_2_0_0_011712 "/>
</bind>
</comp>

<comp id="1624" class="1005" name="p_0_1_0_0_011514_reg_1624">
<pin_list>
<pin id="1625" dir="0" index="0" bw="8" slack="0"/>
<pin id="1626" dir="1" index="1" bw="8" slack="0"/>
</pin_list>
<bind>
<opset="p_0_1_0_0_011514 "/>
</bind>
</comp>

<comp id="1630" class="1005" name="p_0_0_0_0_011316_reg_1630">
<pin_list>
<pin id="1631" dir="0" index="0" bw="8" slack="0"/>
<pin id="1632" dir="1" index="1" bw="8" slack="0"/>
</pin_list>
<bind>
<opset="p_0_0_0_0_011316 "/>
</bind>
</comp>

<comp id="1636" class="1005" name="p_0_7_0_0_011118_reg_1636">
<pin_list>
<pin id="1637" dir="0" index="0" bw="8" slack="0"/>
<pin id="1638" dir="1" index="1" bw="8" slack="0"/>
</pin_list>
<bind>
<opset="p_0_7_0_0_011118 "/>
</bind>
</comp>

<comp id="1642" class="1005" name="p_0_6_0_0_010920_reg_1642">
<pin_list>
<pin id="1643" dir="0" index="0" bw="8" slack="0"/>
<pin id="1644" dir="1" index="1" bw="8" slack="0"/>
</pin_list>
<bind>
<opset="p_0_6_0_0_010920 "/>
</bind>
</comp>

<comp id="1648" class="1005" name="p_0_5_0_0_010722_reg_1648">
<pin_list>
<pin id="1649" dir="0" index="0" bw="8" slack="0"/>
<pin id="1650" dir="1" index="1" bw="8" slack="0"/>
</pin_list>
<bind>
<opset="p_0_5_0_0_010722 "/>
</bind>
</comp>

<comp id="1654" class="1005" name="p_0_4_0_0_010524_reg_1654">
<pin_list>
<pin id="1655" dir="0" index="0" bw="8" slack="0"/>
<pin id="1656" dir="1" index="1" bw="8" slack="0"/>
</pin_list>
<bind>
<opset="p_0_4_0_0_010524 "/>
</bind>
</comp>

<comp id="1660" class="1005" name="p_0_3_0_0_010326_reg_1660">
<pin_list>
<pin id="1661" dir="0" index="0" bw="8" slack="0"/>
<pin id="1662" dir="1" index="1" bw="8" slack="0"/>
</pin_list>
<bind>
<opset="p_0_3_0_0_010326 "/>
</bind>
</comp>

<comp id="1666" class="1005" name="p_0_2_0_0_010128_reg_1666">
<pin_list>
<pin id="1667" dir="0" index="0" bw="8" slack="0"/>
<pin id="1668" dir="1" index="1" bw="8" slack="0"/>
</pin_list>
<bind>
<opset="p_0_2_0_0_010128 "/>
</bind>
</comp>

<comp id="1672" class="1005" name="p_0_1_0_0_09930_reg_1672">
<pin_list>
<pin id="1673" dir="0" index="0" bw="8" slack="0"/>
<pin id="1674" dir="1" index="1" bw="8" slack="0"/>
</pin_list>
<bind>
<opset="p_0_1_0_0_09930 "/>
</bind>
</comp>

<comp id="1678" class="1005" name="p_0_0_0_0_09732_reg_1678">
<pin_list>
<pin id="1679" dir="0" index="0" bw="8" slack="0"/>
<pin id="1680" dir="1" index="1" bw="8" slack="0"/>
</pin_list>
<bind>
<opset="p_0_0_0_0_09732 "/>
</bind>
</comp>

<comp id="1684" class="1005" name="p_0_7_0_0_09534_reg_1684">
<pin_list>
<pin id="1685" dir="0" index="0" bw="8" slack="0"/>
<pin id="1686" dir="1" index="1" bw="8" slack="0"/>
</pin_list>
<bind>
<opset="p_0_7_0_0_09534 "/>
</bind>
</comp>

<comp id="1690" class="1005" name="p_0_6_0_0_09336_reg_1690">
<pin_list>
<pin id="1691" dir="0" index="0" bw="8" slack="0"/>
<pin id="1692" dir="1" index="1" bw="8" slack="0"/>
</pin_list>
<bind>
<opset="p_0_6_0_0_09336 "/>
</bind>
</comp>

<comp id="1696" class="1005" name="p_0_5_0_0_09138_reg_1696">
<pin_list>
<pin id="1697" dir="0" index="0" bw="8" slack="0"/>
<pin id="1698" dir="1" index="1" bw="8" slack="0"/>
</pin_list>
<bind>
<opset="p_0_5_0_0_09138 "/>
</bind>
</comp>

<comp id="1702" class="1005" name="p_0_4_0_0_08940_reg_1702">
<pin_list>
<pin id="1703" dir="0" index="0" bw="8" slack="0"/>
<pin id="1704" dir="1" index="1" bw="8" slack="0"/>
</pin_list>
<bind>
<opset="p_0_4_0_0_08940 "/>
</bind>
</comp>

<comp id="1708" class="1005" name="p_0_3_0_0_08742_reg_1708">
<pin_list>
<pin id="1709" dir="0" index="0" bw="8" slack="0"/>
<pin id="1710" dir="1" index="1" bw="8" slack="0"/>
</pin_list>
<bind>
<opset="p_0_3_0_0_08742 "/>
</bind>
</comp>

<comp id="1714" class="1005" name="p_0_2_0_0_08544_reg_1714">
<pin_list>
<pin id="1715" dir="0" index="0" bw="8" slack="0"/>
<pin id="1716" dir="1" index="1" bw="8" slack="0"/>
</pin_list>
<bind>
<opset="p_0_2_0_0_08544 "/>
</bind>
</comp>

<comp id="1720" class="1005" name="p_0_1_0_0_08346_reg_1720">
<pin_list>
<pin id="1721" dir="0" index="0" bw="8" slack="0"/>
<pin id="1722" dir="1" index="1" bw="8" slack="0"/>
</pin_list>
<bind>
<opset="p_0_1_0_0_08346 "/>
</bind>
</comp>

<comp id="1726" class="1005" name="p_0_0_0_0_08148_reg_1726">
<pin_list>
<pin id="1727" dir="0" index="0" bw="8" slack="0"/>
<pin id="1728" dir="1" index="1" bw="8" slack="0"/>
</pin_list>
<bind>
<opset="p_0_0_0_0_08148 "/>
</bind>
</comp>

<comp id="1732" class="1005" name="p_0_7_0_0_07950_reg_1732">
<pin_list>
<pin id="1733" dir="0" index="0" bw="8" slack="0"/>
<pin id="1734" dir="1" index="1" bw="8" slack="0"/>
</pin_list>
<bind>
<opset="p_0_7_0_0_07950 "/>
</bind>
</comp>

<comp id="1738" class="1005" name="p_0_6_0_0_07752_reg_1738">
<pin_list>
<pin id="1739" dir="0" index="0" bw="8" slack="0"/>
<pin id="1740" dir="1" index="1" bw="8" slack="0"/>
</pin_list>
<bind>
<opset="p_0_6_0_0_07752 "/>
</bind>
</comp>

<comp id="1744" class="1005" name="p_0_5_0_0_07554_reg_1744">
<pin_list>
<pin id="1745" dir="0" index="0" bw="8" slack="0"/>
<pin id="1746" dir="1" index="1" bw="8" slack="0"/>
</pin_list>
<bind>
<opset="p_0_5_0_0_07554 "/>
</bind>
</comp>

<comp id="1750" class="1005" name="p_0_4_0_0_07356_reg_1750">
<pin_list>
<pin id="1751" dir="0" index="0" bw="8" slack="0"/>
<pin id="1752" dir="1" index="1" bw="8" slack="0"/>
</pin_list>
<bind>
<opset="p_0_4_0_0_07356 "/>
</bind>
</comp>

<comp id="1756" class="1005" name="p_0_3_0_0_07158_reg_1756">
<pin_list>
<pin id="1757" dir="0" index="0" bw="8" slack="0"/>
<pin id="1758" dir="1" index="1" bw="8" slack="0"/>
</pin_list>
<bind>
<opset="p_0_3_0_0_07158 "/>
</bind>
</comp>

<comp id="1762" class="1005" name="p_0_2_0_0_06960_reg_1762">
<pin_list>
<pin id="1763" dir="0" index="0" bw="8" slack="0"/>
<pin id="1764" dir="1" index="1" bw="8" slack="0"/>
</pin_list>
<bind>
<opset="p_0_2_0_0_06960 "/>
</bind>
</comp>

<comp id="1768" class="1005" name="p_0_1_0_0_06762_reg_1768">
<pin_list>
<pin id="1769" dir="0" index="0" bw="8" slack="0"/>
<pin id="1770" dir="1" index="1" bw="8" slack="0"/>
</pin_list>
<bind>
<opset="p_0_1_0_0_06762 "/>
</bind>
</comp>

<comp id="1774" class="1005" name="p_0_0_0_0_06564_reg_1774">
<pin_list>
<pin id="1775" dir="0" index="0" bw="8" slack="0"/>
<pin id="1776" dir="1" index="1" bw="8" slack="0"/>
</pin_list>
<bind>
<opset="p_0_0_0_0_06564 "/>
</bind>
</comp>

<comp id="1780" class="1005" name="p_0_7_0_0_06366_reg_1780">
<pin_list>
<pin id="1781" dir="0" index="0" bw="8" slack="0"/>
<pin id="1782" dir="1" index="1" bw="8" slack="0"/>
</pin_list>
<bind>
<opset="p_0_7_0_0_06366 "/>
</bind>
</comp>

<comp id="1786" class="1005" name="p_0_6_0_0_06168_reg_1786">
<pin_list>
<pin id="1787" dir="0" index="0" bw="8" slack="0"/>
<pin id="1788" dir="1" index="1" bw="8" slack="0"/>
</pin_list>
<bind>
<opset="p_0_6_0_0_06168 "/>
</bind>
</comp>

<comp id="1792" class="1005" name="p_0_5_0_0_05970_reg_1792">
<pin_list>
<pin id="1793" dir="0" index="0" bw="8" slack="0"/>
<pin id="1794" dir="1" index="1" bw="8" slack="0"/>
</pin_list>
<bind>
<opset="p_0_5_0_0_05970 "/>
</bind>
</comp>

<comp id="1798" class="1005" name="p_0_4_0_0_05772_reg_1798">
<pin_list>
<pin id="1799" dir="0" index="0" bw="8" slack="0"/>
<pin id="1800" dir="1" index="1" bw="8" slack="0"/>
</pin_list>
<bind>
<opset="p_0_4_0_0_05772 "/>
</bind>
</comp>

<comp id="1804" class="1005" name="p_0_3_0_0_05574_reg_1804">
<pin_list>
<pin id="1805" dir="0" index="0" bw="8" slack="0"/>
<pin id="1806" dir="1" index="1" bw="8" slack="0"/>
</pin_list>
<bind>
<opset="p_0_3_0_0_05574 "/>
</bind>
</comp>

<comp id="1810" class="1005" name="p_0_2_0_0_05376_reg_1810">
<pin_list>
<pin id="1811" dir="0" index="0" bw="8" slack="0"/>
<pin id="1812" dir="1" index="1" bw="8" slack="0"/>
</pin_list>
<bind>
<opset="p_0_2_0_0_05376 "/>
</bind>
</comp>

<comp id="1816" class="1005" name="p_0_1_0_0_05178_reg_1816">
<pin_list>
<pin id="1817" dir="0" index="0" bw="8" slack="0"/>
<pin id="1818" dir="1" index="1" bw="8" slack="0"/>
</pin_list>
<bind>
<opset="p_0_1_0_0_05178 "/>
</bind>
</comp>

<comp id="1822" class="1005" name="p_0_0_0_0_04980_reg_1822">
<pin_list>
<pin id="1823" dir="0" index="0" bw="8" slack="0"/>
<pin id="1824" dir="1" index="1" bw="8" slack="0"/>
</pin_list>
<bind>
<opset="p_0_0_0_0_04980 "/>
</bind>
</comp>

<comp id="1828" class="1005" name="p_0_7_0_0_04782_reg_1828">
<pin_list>
<pin id="1829" dir="0" index="0" bw="8" slack="0"/>
<pin id="1830" dir="1" index="1" bw="8" slack="0"/>
</pin_list>
<bind>
<opset="p_0_7_0_0_04782 "/>
</bind>
</comp>

<comp id="1834" class="1005" name="p_0_6_0_0_04584_reg_1834">
<pin_list>
<pin id="1835" dir="0" index="0" bw="8" slack="0"/>
<pin id="1836" dir="1" index="1" bw="8" slack="0"/>
</pin_list>
<bind>
<opset="p_0_6_0_0_04584 "/>
</bind>
</comp>

<comp id="1840" class="1005" name="p_0_5_0_0_04386_reg_1840">
<pin_list>
<pin id="1841" dir="0" index="0" bw="8" slack="0"/>
<pin id="1842" dir="1" index="1" bw="8" slack="0"/>
</pin_list>
<bind>
<opset="p_0_5_0_0_04386 "/>
</bind>
</comp>

<comp id="1846" class="1005" name="p_0_4_0_0_04188_reg_1846">
<pin_list>
<pin id="1847" dir="0" index="0" bw="8" slack="0"/>
<pin id="1848" dir="1" index="1" bw="8" slack="0"/>
</pin_list>
<bind>
<opset="p_0_4_0_0_04188 "/>
</bind>
</comp>

<comp id="1852" class="1005" name="p_0_3_0_0_03990_reg_1852">
<pin_list>
<pin id="1853" dir="0" index="0" bw="8" slack="0"/>
<pin id="1854" dir="1" index="1" bw="8" slack="0"/>
</pin_list>
<bind>
<opset="p_0_3_0_0_03990 "/>
</bind>
</comp>

<comp id="1858" class="1005" name="p_0_2_0_0_03792_reg_1858">
<pin_list>
<pin id="1859" dir="0" index="0" bw="8" slack="0"/>
<pin id="1860" dir="1" index="1" bw="8" slack="0"/>
</pin_list>
<bind>
<opset="p_0_2_0_0_03792 "/>
</bind>
</comp>

<comp id="1864" class="1005" name="p_0_1_0_0_03594_reg_1864">
<pin_list>
<pin id="1865" dir="0" index="0" bw="8" slack="0"/>
<pin id="1866" dir="1" index="1" bw="8" slack="0"/>
</pin_list>
<bind>
<opset="p_0_1_0_0_03594 "/>
</bind>
</comp>

<comp id="1870" class="1005" name="p_0_0_0_0_03396_reg_1870">
<pin_list>
<pin id="1871" dir="0" index="0" bw="8" slack="0"/>
<pin id="1872" dir="1" index="1" bw="8" slack="0"/>
</pin_list>
<bind>
<opset="p_0_0_0_0_03396 "/>
</bind>
</comp>

<comp id="1876" class="1005" name="p_0_7_0_0_03198_reg_1876">
<pin_list>
<pin id="1877" dir="0" index="0" bw="8" slack="0"/>
<pin id="1878" dir="1" index="1" bw="8" slack="0"/>
</pin_list>
<bind>
<opset="p_0_7_0_0_03198 "/>
</bind>
</comp>

<comp id="1882" class="1005" name="p_0_6_0_0_029100_reg_1882">
<pin_list>
<pin id="1883" dir="0" index="0" bw="8" slack="0"/>
<pin id="1884" dir="1" index="1" bw="8" slack="0"/>
</pin_list>
<bind>
<opset="p_0_6_0_0_029100 "/>
</bind>
</comp>

<comp id="1888" class="1005" name="p_0_5_0_0_027102_reg_1888">
<pin_list>
<pin id="1889" dir="0" index="0" bw="8" slack="0"/>
<pin id="1890" dir="1" index="1" bw="8" slack="0"/>
</pin_list>
<bind>
<opset="p_0_5_0_0_027102 "/>
</bind>
</comp>

<comp id="1894" class="1005" name="p_0_4_0_0_025104_reg_1894">
<pin_list>
<pin id="1895" dir="0" index="0" bw="8" slack="0"/>
<pin id="1896" dir="1" index="1" bw="8" slack="0"/>
</pin_list>
<bind>
<opset="p_0_4_0_0_025104 "/>
</bind>
</comp>

<comp id="1900" class="1005" name="p_0_3_0_0_023106_reg_1900">
<pin_list>
<pin id="1901" dir="0" index="0" bw="8" slack="0"/>
<pin id="1902" dir="1" index="1" bw="8" slack="0"/>
</pin_list>
<bind>
<opset="p_0_3_0_0_023106 "/>
</bind>
</comp>

<comp id="1906" class="1005" name="p_0_2_0_0_021108_reg_1906">
<pin_list>
<pin id="1907" dir="0" index="0" bw="8" slack="0"/>
<pin id="1908" dir="1" index="1" bw="8" slack="0"/>
</pin_list>
<bind>
<opset="p_0_2_0_0_021108 "/>
</bind>
</comp>

<comp id="1912" class="1005" name="p_0_1_0_0_019110_reg_1912">
<pin_list>
<pin id="1913" dir="0" index="0" bw="8" slack="0"/>
<pin id="1914" dir="1" index="1" bw="8" slack="0"/>
</pin_list>
<bind>
<opset="p_0_1_0_0_019110 "/>
</bind>
</comp>

<comp id="1918" class="1005" name="p_0_0_0_0_017112_reg_1918">
<pin_list>
<pin id="1919" dir="0" index="0" bw="8" slack="0"/>
<pin id="1920" dir="1" index="1" bw="8" slack="0"/>
</pin_list>
<bind>
<opset="p_0_0_0_0_017112 "/>
</bind>
</comp>

<comp id="1924" class="1005" name="p_0_7_0_0_015114_reg_1924">
<pin_list>
<pin id="1925" dir="0" index="0" bw="8" slack="0"/>
<pin id="1926" dir="1" index="1" bw="8" slack="0"/>
</pin_list>
<bind>
<opset="p_0_7_0_0_015114 "/>
</bind>
</comp>

<comp id="1930" class="1005" name="p_0_6_0_0_013116_reg_1930">
<pin_list>
<pin id="1931" dir="0" index="0" bw="8" slack="0"/>
<pin id="1932" dir="1" index="1" bw="8" slack="0"/>
</pin_list>
<bind>
<opset="p_0_6_0_0_013116 "/>
</bind>
</comp>

<comp id="1936" class="1005" name="p_0_5_0_0_011118_reg_1936">
<pin_list>
<pin id="1937" dir="0" index="0" bw="8" slack="0"/>
<pin id="1938" dir="1" index="1" bw="8" slack="0"/>
</pin_list>
<bind>
<opset="p_0_5_0_0_011118 "/>
</bind>
</comp>

<comp id="1942" class="1005" name="p_0_4_0_0_09120_reg_1942">
<pin_list>
<pin id="1943" dir="0" index="0" bw="8" slack="0"/>
<pin id="1944" dir="1" index="1" bw="8" slack="0"/>
</pin_list>
<bind>
<opset="p_0_4_0_0_09120 "/>
</bind>
</comp>

<comp id="1948" class="1005" name="p_0_3_0_0_07122_reg_1948">
<pin_list>
<pin id="1949" dir="0" index="0" bw="8" slack="0"/>
<pin id="1950" dir="1" index="1" bw="8" slack="0"/>
</pin_list>
<bind>
<opset="p_0_3_0_0_07122 "/>
</bind>
</comp>

<comp id="1954" class="1005" name="p_0_2_0_0_05124_reg_1954">
<pin_list>
<pin id="1955" dir="0" index="0" bw="8" slack="0"/>
<pin id="1956" dir="1" index="1" bw="8" slack="0"/>
</pin_list>
<bind>
<opset="p_0_2_0_0_05124 "/>
</bind>
</comp>

<comp id="1960" class="1005" name="p_0_1_0_0_03126_reg_1960">
<pin_list>
<pin id="1961" dir="0" index="0" bw="8" slack="0"/>
<pin id="1962" dir="1" index="1" bw="8" slack="0"/>
</pin_list>
<bind>
<opset="p_0_1_0_0_03126 "/>
</bind>
</comp>

<comp id="1966" class="1005" name="p_0_0_0_0_01128_reg_1966">
<pin_list>
<pin id="1967" dir="0" index="0" bw="8" slack="0"/>
<pin id="1968" dir="1" index="1" bw="8" slack="0"/>
</pin_list>
<bind>
<opset="p_0_0_0_0_01128 "/>
</bind>
</comp>

</comp_list>

<net_list>
<net id="191"><net_src comp="130" pin="0"/><net_sink comp="188" pin=0"/></net>

<net id="195"><net_src comp="130" pin="0"/><net_sink comp="192" pin=0"/></net>

<net id="199"><net_src comp="130" pin="0"/><net_sink comp="196" pin=0"/></net>

<net id="203"><net_src comp="130" pin="0"/><net_sink comp="200" pin=0"/></net>

<net id="207"><net_src comp="130" pin="0"/><net_sink comp="204" pin=0"/></net>

<net id="211"><net_src comp="130" pin="0"/><net_sink comp="208" pin=0"/></net>

<net id="215"><net_src comp="130" pin="0"/><net_sink comp="212" pin=0"/></net>

<net id="219"><net_src comp="130" pin="0"/><net_sink comp="216" pin=0"/></net>

<net id="223"><net_src comp="130" pin="0"/><net_sink comp="220" pin=0"/></net>

<net id="227"><net_src comp="130" pin="0"/><net_sink comp="224" pin=0"/></net>

<net id="231"><net_src comp="130" pin="0"/><net_sink comp="228" pin=0"/></net>

<net id="235"><net_src comp="130" pin="0"/><net_sink comp="232" pin=0"/></net>

<net id="239"><net_src comp="130" pin="0"/><net_sink comp="236" pin=0"/></net>

<net id="243"><net_src comp="130" pin="0"/><net_sink comp="240" pin=0"/></net>

<net id="247"><net_src comp="130" pin="0"/><net_sink comp="244" pin=0"/></net>

<net id="251"><net_src comp="130" pin="0"/><net_sink comp="248" pin=0"/></net>

<net id="255"><net_src comp="130" pin="0"/><net_sink comp="252" pin=0"/></net>

<net id="259"><net_src comp="130" pin="0"/><net_sink comp="256" pin=0"/></net>

<net id="263"><net_src comp="130" pin="0"/><net_sink comp="260" pin=0"/></net>

<net id="267"><net_src comp="130" pin="0"/><net_sink comp="264" pin=0"/></net>

<net id="271"><net_src comp="130" pin="0"/><net_sink comp="268" pin=0"/></net>

<net id="275"><net_src comp="130" pin="0"/><net_sink comp="272" pin=0"/></net>

<net id="279"><net_src comp="130" pin="0"/><net_sink comp="276" pin=0"/></net>

<net id="283"><net_src comp="130" pin="0"/><net_sink comp="280" pin=0"/></net>

<net id="287"><net_src comp="130" pin="0"/><net_sink comp="284" pin=0"/></net>

<net id="291"><net_src comp="130" pin="0"/><net_sink comp="288" pin=0"/></net>

<net id="295"><net_src comp="130" pin="0"/><net_sink comp="292" pin=0"/></net>

<net id="299"><net_src comp="130" pin="0"/><net_sink comp="296" pin=0"/></net>

<net id="303"><net_src comp="130" pin="0"/><net_sink comp="300" pin=0"/></net>

<net id="307"><net_src comp="130" pin="0"/><net_sink comp="304" pin=0"/></net>

<net id="311"><net_src comp="130" pin="0"/><net_sink comp="308" pin=0"/></net>

<net id="315"><net_src comp="130" pin="0"/><net_sink comp="312" pin=0"/></net>

<net id="319"><net_src comp="130" pin="0"/><net_sink comp="316" pin=0"/></net>

<net id="323"><net_src comp="130" pin="0"/><net_sink comp="320" pin=0"/></net>

<net id="327"><net_src comp="130" pin="0"/><net_sink comp="324" pin=0"/></net>

<net id="331"><net_src comp="130" pin="0"/><net_sink comp="328" pin=0"/></net>

<net id="335"><net_src comp="130" pin="0"/><net_sink comp="332" pin=0"/></net>

<net id="339"><net_src comp="130" pin="0"/><net_sink comp="336" pin=0"/></net>

<net id="343"><net_src comp="130" pin="0"/><net_sink comp="340" pin=0"/></net>

<net id="347"><net_src comp="130" pin="0"/><net_sink comp="344" pin=0"/></net>

<net id="351"><net_src comp="130" pin="0"/><net_sink comp="348" pin=0"/></net>

<net id="355"><net_src comp="130" pin="0"/><net_sink comp="352" pin=0"/></net>

<net id="359"><net_src comp="130" pin="0"/><net_sink comp="356" pin=0"/></net>

<net id="363"><net_src comp="130" pin="0"/><net_sink comp="360" pin=0"/></net>

<net id="367"><net_src comp="130" pin="0"/><net_sink comp="364" pin=0"/></net>

<net id="371"><net_src comp="130" pin="0"/><net_sink comp="368" pin=0"/></net>

<net id="375"><net_src comp="130" pin="0"/><net_sink comp="372" pin=0"/></net>

<net id="379"><net_src comp="130" pin="0"/><net_sink comp="376" pin=0"/></net>

<net id="383"><net_src comp="130" pin="0"/><net_sink comp="380" pin=0"/></net>

<net id="387"><net_src comp="130" pin="0"/><net_sink comp="384" pin=0"/></net>

<net id="391"><net_src comp="130" pin="0"/><net_sink comp="388" pin=0"/></net>

<net id="395"><net_src comp="130" pin="0"/><net_sink comp="392" pin=0"/></net>

<net id="399"><net_src comp="130" pin="0"/><net_sink comp="396" pin=0"/></net>

<net id="403"><net_src comp="130" pin="0"/><net_sink comp="400" pin=0"/></net>

<net id="407"><net_src comp="130" pin="0"/><net_sink comp="404" pin=0"/></net>

<net id="411"><net_src comp="130" pin="0"/><net_sink comp="408" pin=0"/></net>

<net id="415"><net_src comp="130" pin="0"/><net_sink comp="412" pin=0"/></net>

<net id="419"><net_src comp="130" pin="0"/><net_sink comp="416" pin=0"/></net>

<net id="423"><net_src comp="130" pin="0"/><net_sink comp="420" pin=0"/></net>

<net id="427"><net_src comp="130" pin="0"/><net_sink comp="424" pin=0"/></net>

<net id="431"><net_src comp="130" pin="0"/><net_sink comp="428" pin=0"/></net>

<net id="435"><net_src comp="130" pin="0"/><net_sink comp="432" pin=0"/></net>

<net id="439"><net_src comp="130" pin="0"/><net_sink comp="436" pin=0"/></net>

<net id="443"><net_src comp="130" pin="0"/><net_sink comp="440" pin=0"/></net>

<net id="447"><net_src comp="130" pin="0"/><net_sink comp="444" pin=0"/></net>

<net id="452"><net_src comp="156" pin="0"/><net_sink comp="448" pin=0"/></net>

<net id="453"><net_src comp="0" pin="0"/><net_sink comp="448" pin=1"/></net>

<net id="459"><net_src comp="186" pin="0"/><net_sink comp="454" pin=0"/></net>

<net id="460"><net_src comp="2" pin="0"/><net_sink comp="454" pin=1"/></net>

<net id="466"><net_src comp="186" pin="0"/><net_sink comp="461" pin=0"/></net>

<net id="467"><net_src comp="4" pin="0"/><net_sink comp="461" pin=1"/></net>

<net id="473"><net_src comp="186" pin="0"/><net_sink comp="468" pin=0"/></net>

<net id="474"><net_src comp="6" pin="0"/><net_sink comp="468" pin=1"/></net>

<net id="480"><net_src comp="186" pin="0"/><net_sink comp="475" pin=0"/></net>

<net id="481"><net_src comp="8" pin="0"/><net_sink comp="475" pin=1"/></net>

<net id="487"><net_src comp="186" pin="0"/><net_sink comp="482" pin=0"/></net>

<net id="488"><net_src comp="10" pin="0"/><net_sink comp="482" pin=1"/></net>

<net id="494"><net_src comp="186" pin="0"/><net_sink comp="489" pin=0"/></net>

<net id="495"><net_src comp="12" pin="0"/><net_sink comp="489" pin=1"/></net>

<net id="501"><net_src comp="186" pin="0"/><net_sink comp="496" pin=0"/></net>

<net id="502"><net_src comp="14" pin="0"/><net_sink comp="496" pin=1"/></net>

<net id="508"><net_src comp="186" pin="0"/><net_sink comp="503" pin=0"/></net>

<net id="509"><net_src comp="16" pin="0"/><net_sink comp="503" pin=1"/></net>

<net id="515"><net_src comp="186" pin="0"/><net_sink comp="510" pin=0"/></net>

<net id="516"><net_src comp="18" pin="0"/><net_sink comp="510" pin=1"/></net>

<net id="522"><net_src comp="186" pin="0"/><net_sink comp="517" pin=0"/></net>

<net id="523"><net_src comp="20" pin="0"/><net_sink comp="517" pin=1"/></net>

<net id="529"><net_src comp="186" pin="0"/><net_sink comp="524" pin=0"/></net>

<net id="530"><net_src comp="22" pin="0"/><net_sink comp="524" pin=1"/></net>

<net id="536"><net_src comp="186" pin="0"/><net_sink comp="531" pin=0"/></net>

<net id="537"><net_src comp="24" pin="0"/><net_sink comp="531" pin=1"/></net>

<net id="543"><net_src comp="186" pin="0"/><net_sink comp="538" pin=0"/></net>

<net id="544"><net_src comp="26" pin="0"/><net_sink comp="538" pin=1"/></net>

<net id="550"><net_src comp="186" pin="0"/><net_sink comp="545" pin=0"/></net>

<net id="551"><net_src comp="28" pin="0"/><net_sink comp="545" pin=1"/></net>

<net id="557"><net_src comp="186" pin="0"/><net_sink comp="552" pin=0"/></net>

<net id="558"><net_src comp="30" pin="0"/><net_sink comp="552" pin=1"/></net>

<net id="564"><net_src comp="186" pin="0"/><net_sink comp="559" pin=0"/></net>

<net id="565"><net_src comp="32" pin="0"/><net_sink comp="559" pin=1"/></net>

<net id="571"><net_src comp="186" pin="0"/><net_sink comp="566" pin=0"/></net>

<net id="572"><net_src comp="34" pin="0"/><net_sink comp="566" pin=1"/></net>

<net id="578"><net_src comp="186" pin="0"/><net_sink comp="573" pin=0"/></net>

<net id="579"><net_src comp="36" pin="0"/><net_sink comp="573" pin=1"/></net>

<net id="585"><net_src comp="186" pin="0"/><net_sink comp="580" pin=0"/></net>

<net id="586"><net_src comp="38" pin="0"/><net_sink comp="580" pin=1"/></net>

<net id="592"><net_src comp="186" pin="0"/><net_sink comp="587" pin=0"/></net>

<net id="593"><net_src comp="40" pin="0"/><net_sink comp="587" pin=1"/></net>

<net id="599"><net_src comp="186" pin="0"/><net_sink comp="594" pin=0"/></net>

<net id="600"><net_src comp="42" pin="0"/><net_sink comp="594" pin=1"/></net>

<net id="606"><net_src comp="186" pin="0"/><net_sink comp="601" pin=0"/></net>

<net id="607"><net_src comp="44" pin="0"/><net_sink comp="601" pin=1"/></net>

<net id="613"><net_src comp="186" pin="0"/><net_sink comp="608" pin=0"/></net>

<net id="614"><net_src comp="46" pin="0"/><net_sink comp="608" pin=1"/></net>

<net id="620"><net_src comp="186" pin="0"/><net_sink comp="615" pin=0"/></net>

<net id="621"><net_src comp="48" pin="0"/><net_sink comp="615" pin=1"/></net>

<net id="627"><net_src comp="186" pin="0"/><net_sink comp="622" pin=0"/></net>

<net id="628"><net_src comp="50" pin="0"/><net_sink comp="622" pin=1"/></net>

<net id="634"><net_src comp="186" pin="0"/><net_sink comp="629" pin=0"/></net>

<net id="635"><net_src comp="52" pin="0"/><net_sink comp="629" pin=1"/></net>

<net id="641"><net_src comp="186" pin="0"/><net_sink comp="636" pin=0"/></net>

<net id="642"><net_src comp="54" pin="0"/><net_sink comp="636" pin=1"/></net>

<net id="648"><net_src comp="186" pin="0"/><net_sink comp="643" pin=0"/></net>

<net id="649"><net_src comp="56" pin="0"/><net_sink comp="643" pin=1"/></net>

<net id="655"><net_src comp="186" pin="0"/><net_sink comp="650" pin=0"/></net>

<net id="656"><net_src comp="58" pin="0"/><net_sink comp="650" pin=1"/></net>

<net id="662"><net_src comp="186" pin="0"/><net_sink comp="657" pin=0"/></net>

<net id="663"><net_src comp="60" pin="0"/><net_sink comp="657" pin=1"/></net>

<net id="669"><net_src comp="186" pin="0"/><net_sink comp="664" pin=0"/></net>

<net id="670"><net_src comp="62" pin="0"/><net_sink comp="664" pin=1"/></net>

<net id="676"><net_src comp="186" pin="0"/><net_sink comp="671" pin=0"/></net>

<net id="677"><net_src comp="64" pin="0"/><net_sink comp="671" pin=1"/></net>

<net id="683"><net_src comp="186" pin="0"/><net_sink comp="678" pin=0"/></net>

<net id="684"><net_src comp="66" pin="0"/><net_sink comp="678" pin=1"/></net>

<net id="690"><net_src comp="186" pin="0"/><net_sink comp="685" pin=0"/></net>

<net id="691"><net_src comp="68" pin="0"/><net_sink comp="685" pin=1"/></net>

<net id="697"><net_src comp="186" pin="0"/><net_sink comp="692" pin=0"/></net>

<net id="698"><net_src comp="70" pin="0"/><net_sink comp="692" pin=1"/></net>

<net id="704"><net_src comp="186" pin="0"/><net_sink comp="699" pin=0"/></net>

<net id="705"><net_src comp="72" pin="0"/><net_sink comp="699" pin=1"/></net>

<net id="711"><net_src comp="186" pin="0"/><net_sink comp="706" pin=0"/></net>

<net id="712"><net_src comp="74" pin="0"/><net_sink comp="706" pin=1"/></net>

<net id="718"><net_src comp="186" pin="0"/><net_sink comp="713" pin=0"/></net>

<net id="719"><net_src comp="76" pin="0"/><net_sink comp="713" pin=1"/></net>

<net id="725"><net_src comp="186" pin="0"/><net_sink comp="720" pin=0"/></net>

<net id="726"><net_src comp="78" pin="0"/><net_sink comp="720" pin=1"/></net>

<net id="732"><net_src comp="186" pin="0"/><net_sink comp="727" pin=0"/></net>

<net id="733"><net_src comp="80" pin="0"/><net_sink comp="727" pin=1"/></net>

<net id="739"><net_src comp="186" pin="0"/><net_sink comp="734" pin=0"/></net>

<net id="740"><net_src comp="82" pin="0"/><net_sink comp="734" pin=1"/></net>

<net id="746"><net_src comp="186" pin="0"/><net_sink comp="741" pin=0"/></net>

<net id="747"><net_src comp="84" pin="0"/><net_sink comp="741" pin=1"/></net>

<net id="753"><net_src comp="186" pin="0"/><net_sink comp="748" pin=0"/></net>

<net id="754"><net_src comp="86" pin="0"/><net_sink comp="748" pin=1"/></net>

<net id="760"><net_src comp="186" pin="0"/><net_sink comp="755" pin=0"/></net>

<net id="761"><net_src comp="88" pin="0"/><net_sink comp="755" pin=1"/></net>

<net id="767"><net_src comp="186" pin="0"/><net_sink comp="762" pin=0"/></net>

<net id="768"><net_src comp="90" pin="0"/><net_sink comp="762" pin=1"/></net>

<net id="774"><net_src comp="186" pin="0"/><net_sink comp="769" pin=0"/></net>

<net id="775"><net_src comp="92" pin="0"/><net_sink comp="769" pin=1"/></net>

<net id="781"><net_src comp="186" pin="0"/><net_sink comp="776" pin=0"/></net>

<net id="782"><net_src comp="94" pin="0"/><net_sink comp="776" pin=1"/></net>

<net id="788"><net_src comp="186" pin="0"/><net_sink comp="783" pin=0"/></net>

<net id="789"><net_src comp="96" pin="0"/><net_sink comp="783" pin=1"/></net>

<net id="795"><net_src comp="186" pin="0"/><net_sink comp="790" pin=0"/></net>

<net id="796"><net_src comp="98" pin="0"/><net_sink comp="790" pin=1"/></net>

<net id="802"><net_src comp="186" pin="0"/><net_sink comp="797" pin=0"/></net>

<net id="803"><net_src comp="100" pin="0"/><net_sink comp="797" pin=1"/></net>

<net id="809"><net_src comp="186" pin="0"/><net_sink comp="804" pin=0"/></net>

<net id="810"><net_src comp="102" pin="0"/><net_sink comp="804" pin=1"/></net>

<net id="816"><net_src comp="186" pin="0"/><net_sink comp="811" pin=0"/></net>

<net id="817"><net_src comp="104" pin="0"/><net_sink comp="811" pin=1"/></net>

<net id="823"><net_src comp="186" pin="0"/><net_sink comp="818" pin=0"/></net>

<net id="824"><net_src comp="106" pin="0"/><net_sink comp="818" pin=1"/></net>

<net id="830"><net_src comp="186" pin="0"/><net_sink comp="825" pin=0"/></net>

<net id="831"><net_src comp="108" pin="0"/><net_sink comp="825" pin=1"/></net>

<net id="837"><net_src comp="186" pin="0"/><net_sink comp="832" pin=0"/></net>

<net id="838"><net_src comp="110" pin="0"/><net_sink comp="832" pin=1"/></net>

<net id="844"><net_src comp="186" pin="0"/><net_sink comp="839" pin=0"/></net>

<net id="845"><net_src comp="112" pin="0"/><net_sink comp="839" pin=1"/></net>

<net id="851"><net_src comp="186" pin="0"/><net_sink comp="846" pin=0"/></net>

<net id="852"><net_src comp="114" pin="0"/><net_sink comp="846" pin=1"/></net>

<net id="858"><net_src comp="186" pin="0"/><net_sink comp="853" pin=0"/></net>

<net id="859"><net_src comp="116" pin="0"/><net_sink comp="853" pin=1"/></net>

<net id="865"><net_src comp="186" pin="0"/><net_sink comp="860" pin=0"/></net>

<net id="866"><net_src comp="118" pin="0"/><net_sink comp="860" pin=1"/></net>

<net id="872"><net_src comp="186" pin="0"/><net_sink comp="867" pin=0"/></net>

<net id="873"><net_src comp="120" pin="0"/><net_sink comp="867" pin=1"/></net>

<net id="879"><net_src comp="186" pin="0"/><net_sink comp="874" pin=0"/></net>

<net id="880"><net_src comp="122" pin="0"/><net_sink comp="874" pin=1"/></net>

<net id="886"><net_src comp="186" pin="0"/><net_sink comp="881" pin=0"/></net>

<net id="887"><net_src comp="124" pin="0"/><net_sink comp="881" pin=1"/></net>

<net id="893"><net_src comp="186" pin="0"/><net_sink comp="888" pin=0"/></net>

<net id="894"><net_src comp="126" pin="0"/><net_sink comp="888" pin=1"/></net>

<net id="900"><net_src comp="186" pin="0"/><net_sink comp="895" pin=0"/></net>

<net id="901"><net_src comp="128" pin="0"/><net_sink comp="895" pin=1"/></net>

<net id="906"><net_src comp="144" pin="0"/><net_sink comp="902" pin=0"/></net>

<net id="913"><net_src comp="448" pin="2"/><net_sink comp="910" pin=0"/></net>

<net id="919"><net_src comp="158" pin="0"/><net_sink comp="914" pin=0"/></net>

<net id="920"><net_src comp="448" pin="2"/><net_sink comp="914" pin=1"/></net>

<net id="921"><net_src comp="150" pin="0"/><net_sink comp="914" pin=2"/></net>

<net id="927"><net_src comp="158" pin="0"/><net_sink comp="922" pin=0"/></net>

<net id="928"><net_src comp="448" pin="2"/><net_sink comp="922" pin=1"/></net>

<net id="929"><net_src comp="160" pin="0"/><net_sink comp="922" pin=2"/></net>

<net id="935"><net_src comp="158" pin="0"/><net_sink comp="930" pin=0"/></net>

<net id="936"><net_src comp="448" pin="2"/><net_sink comp="930" pin=1"/></net>

<net id="937"><net_src comp="162" pin="0"/><net_sink comp="930" pin=2"/></net>

<net id="943"><net_src comp="158" pin="0"/><net_sink comp="938" pin=0"/></net>

<net id="944"><net_src comp="448" pin="2"/><net_sink comp="938" pin=1"/></net>

<net id="945"><net_src comp="164" pin="0"/><net_sink comp="938" pin=2"/></net>

<net id="951"><net_src comp="158" pin="0"/><net_sink comp="946" pin=0"/></net>

<net id="952"><net_src comp="448" pin="2"/><net_sink comp="946" pin=1"/></net>

<net id="953"><net_src comp="166" pin="0"/><net_sink comp="946" pin=2"/></net>

<net id="959"><net_src comp="158" pin="0"/><net_sink comp="954" pin=0"/></net>

<net id="960"><net_src comp="448" pin="2"/><net_sink comp="954" pin=1"/></net>

<net id="961"><net_src comp="168" pin="0"/><net_sink comp="954" pin=2"/></net>

<net id="967"><net_src comp="158" pin="0"/><net_sink comp="962" pin=0"/></net>

<net id="968"><net_src comp="448" pin="2"/><net_sink comp="962" pin=1"/></net>

<net id="969"><net_src comp="170" pin="0"/><net_sink comp="962" pin=2"/></net>

<net id="974"><net_src comp="907" pin="1"/><net_sink comp="970" pin=0"/></net>

<net id="975"><net_src comp="172" pin="0"/><net_sink comp="970" pin=1"/></net>

<net id="986"><net_src comp="907" pin="1"/><net_sink comp="976" pin=0"/></net>

<net id="987"><net_src comp="144" pin="0"/><net_sink comp="976" pin=1"/></net>

<net id="988"><net_src comp="172" pin="0"/><net_sink comp="976" pin=2"/></net>

<net id="989"><net_src comp="174" pin="0"/><net_sink comp="976" pin=3"/></net>

<net id="990"><net_src comp="176" pin="0"/><net_sink comp="976" pin=4"/></net>

<net id="991"><net_src comp="178" pin="0"/><net_sink comp="976" pin=5"/></net>

<net id="992"><net_src comp="180" pin="0"/><net_sink comp="976" pin=6"/></net>

<net id="993"><net_src comp="182" pin="0"/><net_sink comp="976" pin=7"/></net>

<net id="998"><net_src comp="910" pin="1"/><net_sink comp="994" pin=0"/></net>

<net id="1003"><net_src comp="914" pin="3"/><net_sink comp="999" pin=0"/></net>

<net id="1008"><net_src comp="922" pin="3"/><net_sink comp="1004" pin=0"/></net>

<net id="1013"><net_src comp="930" pin="3"/><net_sink comp="1009" pin=0"/></net>

<net id="1018"><net_src comp="938" pin="3"/><net_sink comp="1014" pin=0"/></net>

<net id="1023"><net_src comp="946" pin="3"/><net_sink comp="1019" pin=0"/></net>

<net id="1028"><net_src comp="954" pin="3"/><net_sink comp="1024" pin=0"/></net>

<net id="1033"><net_src comp="962" pin="3"/><net_sink comp="1029" pin=0"/></net>

<net id="1038"><net_src comp="910" pin="1"/><net_sink comp="1034" pin=0"/></net>

<net id="1043"><net_src comp="914" pin="3"/><net_sink comp="1039" pin=0"/></net>

<net id="1048"><net_src comp="922" pin="3"/><net_sink comp="1044" pin=0"/></net>

<net id="1053"><net_src comp="930" pin="3"/><net_sink comp="1049" pin=0"/></net>

<net id="1058"><net_src comp="938" pin="3"/><net_sink comp="1054" pin=0"/></net>

<net id="1063"><net_src comp="946" pin="3"/><net_sink comp="1059" pin=0"/></net>

<net id="1068"><net_src comp="954" pin="3"/><net_sink comp="1064" pin=0"/></net>

<net id="1073"><net_src comp="962" pin="3"/><net_sink comp="1069" pin=0"/></net>

<net id="1078"><net_src comp="910" pin="1"/><net_sink comp="1074" pin=0"/></net>

<net id="1083"><net_src comp="914" pin="3"/><net_sink comp="1079" pin=0"/></net>

<net id="1088"><net_src comp="922" pin="3"/><net_sink comp="1084" pin=0"/></net>

<net id="1093"><net_src comp="930" pin="3"/><net_sink comp="1089" pin=0"/></net>

<net id="1098"><net_src comp="938" pin="3"/><net_sink comp="1094" pin=0"/></net>

<net id="1103"><net_src comp="946" pin="3"/><net_sink comp="1099" pin=0"/></net>

<net id="1108"><net_src comp="954" pin="3"/><net_sink comp="1104" pin=0"/></net>

<net id="1113"><net_src comp="962" pin="3"/><net_sink comp="1109" pin=0"/></net>

<net id="1118"><net_src comp="910" pin="1"/><net_sink comp="1114" pin=0"/></net>

<net id="1123"><net_src comp="914" pin="3"/><net_sink comp="1119" pin=0"/></net>

<net id="1128"><net_src comp="922" pin="3"/><net_sink comp="1124" pin=0"/></net>

<net id="1133"><net_src comp="930" pin="3"/><net_sink comp="1129" pin=0"/></net>

<net id="1138"><net_src comp="938" pin="3"/><net_sink comp="1134" pin=0"/></net>

<net id="1143"><net_src comp="946" pin="3"/><net_sink comp="1139" pin=0"/></net>

<net id="1148"><net_src comp="954" pin="3"/><net_sink comp="1144" pin=0"/></net>

<net id="1153"><net_src comp="962" pin="3"/><net_sink comp="1149" pin=0"/></net>

<net id="1158"><net_src comp="910" pin="1"/><net_sink comp="1154" pin=0"/></net>

<net id="1163"><net_src comp="914" pin="3"/><net_sink comp="1159" pin=0"/></net>

<net id="1168"><net_src comp="922" pin="3"/><net_sink comp="1164" pin=0"/></net>

<net id="1173"><net_src comp="930" pin="3"/><net_sink comp="1169" pin=0"/></net>

<net id="1178"><net_src comp="938" pin="3"/><net_sink comp="1174" pin=0"/></net>

<net id="1183"><net_src comp="946" pin="3"/><net_sink comp="1179" pin=0"/></net>

<net id="1188"><net_src comp="954" pin="3"/><net_sink comp="1184" pin=0"/></net>

<net id="1193"><net_src comp="962" pin="3"/><net_sink comp="1189" pin=0"/></net>

<net id="1198"><net_src comp="910" pin="1"/><net_sink comp="1194" pin=0"/></net>

<net id="1203"><net_src comp="914" pin="3"/><net_sink comp="1199" pin=0"/></net>

<net id="1208"><net_src comp="922" pin="3"/><net_sink comp="1204" pin=0"/></net>

<net id="1213"><net_src comp="930" pin="3"/><net_sink comp="1209" pin=0"/></net>

<net id="1218"><net_src comp="938" pin="3"/><net_sink comp="1214" pin=0"/></net>

<net id="1223"><net_src comp="946" pin="3"/><net_sink comp="1219" pin=0"/></net>

<net id="1228"><net_src comp="954" pin="3"/><net_sink comp="1224" pin=0"/></net>

<net id="1233"><net_src comp="962" pin="3"/><net_sink comp="1229" pin=0"/></net>

<net id="1238"><net_src comp="910" pin="1"/><net_sink comp="1234" pin=0"/></net>

<net id="1243"><net_src comp="914" pin="3"/><net_sink comp="1239" pin=0"/></net>

<net id="1248"><net_src comp="922" pin="3"/><net_sink comp="1244" pin=0"/></net>

<net id="1253"><net_src comp="930" pin="3"/><net_sink comp="1249" pin=0"/></net>

<net id="1258"><net_src comp="938" pin="3"/><net_sink comp="1254" pin=0"/></net>

<net id="1263"><net_src comp="946" pin="3"/><net_sink comp="1259" pin=0"/></net>

<net id="1268"><net_src comp="954" pin="3"/><net_sink comp="1264" pin=0"/></net>

<net id="1273"><net_src comp="962" pin="3"/><net_sink comp="1269" pin=0"/></net>

<net id="1278"><net_src comp="910" pin="1"/><net_sink comp="1274" pin=0"/></net>

<net id="1283"><net_src comp="914" pin="3"/><net_sink comp="1279" pin=0"/></net>

<net id="1288"><net_src comp="922" pin="3"/><net_sink comp="1284" pin=0"/></net>

<net id="1293"><net_src comp="930" pin="3"/><net_sink comp="1289" pin=0"/></net>

<net id="1298"><net_src comp="938" pin="3"/><net_sink comp="1294" pin=0"/></net>

<net id="1303"><net_src comp="946" pin="3"/><net_sink comp="1299" pin=0"/></net>

<net id="1308"><net_src comp="954" pin="3"/><net_sink comp="1304" pin=0"/></net>

<net id="1313"><net_src comp="962" pin="3"/><net_sink comp="1309" pin=0"/></net>

<net id="1318"><net_src comp="907" pin="1"/><net_sink comp="1314" pin=0"/></net>

<net id="1319"><net_src comp="184" pin="0"/><net_sink comp="1314" pin=1"/></net>

<net id="1324"><net_src comp="970" pin="2"/><net_sink comp="1320" pin=0"/></net>

<net id="1328"><net_src comp="1325" pin="1"/><net_sink comp="454" pin=2"/></net>

<net id="1332"><net_src comp="1329" pin="1"/><net_sink comp="461" pin=2"/></net>

<net id="1336"><net_src comp="1333" pin="1"/><net_sink comp="468" pin=2"/></net>

<net id="1340"><net_src comp="1337" pin="1"/><net_sink comp="475" pin=2"/></net>

<net id="1344"><net_src comp="1341" pin="1"/><net_sink comp="482" pin=2"/></net>

<net id="1348"><net_src comp="1345" pin="1"/><net_sink comp="489" pin=2"/></net>

<net id="1352"><net_src comp="1349" pin="1"/><net_sink comp="496" pin=2"/></net>

<net id="1356"><net_src comp="1353" pin="1"/><net_sink comp="503" pin=2"/></net>

<net id="1360"><net_src comp="1357" pin="1"/><net_sink comp="510" pin=2"/></net>

<net id="1364"><net_src comp="1361" pin="1"/><net_sink comp="517" pin=2"/></net>

<net id="1368"><net_src comp="1365" pin="1"/><net_sink comp="524" pin=2"/></net>

<net id="1372"><net_src comp="1369" pin="1"/><net_sink comp="531" pin=2"/></net>

<net id="1376"><net_src comp="1373" pin="1"/><net_sink comp="538" pin=2"/></net>

<net id="1380"><net_src comp="1377" pin="1"/><net_sink comp="545" pin=2"/></net>

<net id="1384"><net_src comp="1381" pin="1"/><net_sink comp="552" pin=2"/></net>

<net id="1388"><net_src comp="1385" pin="1"/><net_sink comp="559" pin=2"/></net>

<net id="1392"><net_src comp="1389" pin="1"/><net_sink comp="566" pin=2"/></net>

<net id="1396"><net_src comp="1393" pin="1"/><net_sink comp="573" pin=2"/></net>

<net id="1400"><net_src comp="1397" pin="1"/><net_sink comp="580" pin=2"/></net>

<net id="1404"><net_src comp="1401" pin="1"/><net_sink comp="587" pin=2"/></net>

<net id="1408"><net_src comp="1405" pin="1"/><net_sink comp="594" pin=2"/></net>

<net id="1412"><net_src comp="1409" pin="1"/><net_sink comp="601" pin=2"/></net>

<net id="1416"><net_src comp="1413" pin="1"/><net_sink comp="608" pin=2"/></net>

<net id="1420"><net_src comp="1417" pin="1"/><net_sink comp="615" pin=2"/></net>

<net id="1424"><net_src comp="1421" pin="1"/><net_sink comp="622" pin=2"/></net>

<net id="1428"><net_src comp="1425" pin="1"/><net_sink comp="629" pin=2"/></net>

<net id="1432"><net_src comp="1429" pin="1"/><net_sink comp="636" pin=2"/></net>

<net id="1436"><net_src comp="1433" pin="1"/><net_sink comp="643" pin=2"/></net>

<net id="1440"><net_src comp="1437" pin="1"/><net_sink comp="650" pin=2"/></net>

<net id="1444"><net_src comp="1441" pin="1"/><net_sink comp="657" pin=2"/></net>

<net id="1448"><net_src comp="1445" pin="1"/><net_sink comp="664" pin=2"/></net>

<net id="1452"><net_src comp="1449" pin="1"/><net_sink comp="671" pin=2"/></net>

<net id="1456"><net_src comp="1453" pin="1"/><net_sink comp="678" pin=2"/></net>

<net id="1460"><net_src comp="1457" pin="1"/><net_sink comp="685" pin=2"/></net>

<net id="1464"><net_src comp="1461" pin="1"/><net_sink comp="692" pin=2"/></net>

<net id="1468"><net_src comp="1465" pin="1"/><net_sink comp="699" pin=2"/></net>

<net id="1472"><net_src comp="1469" pin="1"/><net_sink comp="706" pin=2"/></net>

<net id="1476"><net_src comp="1473" pin="1"/><net_sink comp="713" pin=2"/></net>

<net id="1480"><net_src comp="1477" pin="1"/><net_sink comp="720" pin=2"/></net>

<net id="1484"><net_src comp="1481" pin="1"/><net_sink comp="727" pin=2"/></net>

<net id="1488"><net_src comp="1485" pin="1"/><net_sink comp="734" pin=2"/></net>

<net id="1492"><net_src comp="1489" pin="1"/><net_sink comp="741" pin=2"/></net>

<net id="1496"><net_src comp="1493" pin="1"/><net_sink comp="748" pin=2"/></net>

<net id="1500"><net_src comp="1497" pin="1"/><net_sink comp="755" pin=2"/></net>

<net id="1504"><net_src comp="1501" pin="1"/><net_sink comp="762" pin=2"/></net>

<net id="1508"><net_src comp="1505" pin="1"/><net_sink comp="769" pin=2"/></net>

<net id="1512"><net_src comp="1509" pin="1"/><net_sink comp="776" pin=2"/></net>

<net id="1516"><net_src comp="1513" pin="1"/><net_sink comp="783" pin=2"/></net>

<net id="1520"><net_src comp="1517" pin="1"/><net_sink comp="790" pin=2"/></net>

<net id="1524"><net_src comp="1521" pin="1"/><net_sink comp="797" pin=2"/></net>

<net id="1528"><net_src comp="1525" pin="1"/><net_sink comp="804" pin=2"/></net>

<net id="1532"><net_src comp="1529" pin="1"/><net_sink comp="811" pin=2"/></net>

<net id="1536"><net_src comp="1533" pin="1"/><net_sink comp="818" pin=2"/></net>

<net id="1540"><net_src comp="1537" pin="1"/><net_sink comp="825" pin=2"/></net>

<net id="1544"><net_src comp="1541" pin="1"/><net_sink comp="832" pin=2"/></net>

<net id="1548"><net_src comp="1545" pin="1"/><net_sink comp="839" pin=2"/></net>

<net id="1552"><net_src comp="1549" pin="1"/><net_sink comp="846" pin=2"/></net>

<net id="1556"><net_src comp="1553" pin="1"/><net_sink comp="853" pin=2"/></net>

<net id="1560"><net_src comp="1557" pin="1"/><net_sink comp="860" pin=2"/></net>

<net id="1564"><net_src comp="1561" pin="1"/><net_sink comp="867" pin=2"/></net>

<net id="1568"><net_src comp="1565" pin="1"/><net_sink comp="874" pin=2"/></net>

<net id="1572"><net_src comp="1569" pin="1"/><net_sink comp="881" pin=2"/></net>

<net id="1576"><net_src comp="1573" pin="1"/><net_sink comp="888" pin=2"/></net>

<net id="1580"><net_src comp="1577" pin="1"/><net_sink comp="895" pin=2"/></net>

<net id="1584"><net_src comp="188" pin="1"/><net_sink comp="1581" pin=0"/></net>

<net id="1585"><net_src comp="1581" pin="1"/><net_sink comp="902" pin=1"/></net>

<net id="1586"><net_src comp="1581" pin="1"/><net_sink comp="907" pin=0"/></net>

<net id="1587"><net_src comp="1581" pin="1"/><net_sink comp="1320" pin=1"/></net>

<net id="1591"><net_src comp="192" pin="1"/><net_sink comp="1588" pin=0"/></net>

<net id="1592"><net_src comp="1588" pin="1"/><net_sink comp="1309" pin=1"/></net>

<net id="1593"><net_src comp="1588" pin="1"/><net_sink comp="1325" pin=0"/></net>

<net id="1597"><net_src comp="196" pin="1"/><net_sink comp="1594" pin=0"/></net>

<net id="1598"><net_src comp="1594" pin="1"/><net_sink comp="1304" pin=1"/></net>

<net id="1599"><net_src comp="1594" pin="1"/><net_sink comp="1329" pin=0"/></net>

<net id="1603"><net_src comp="200" pin="1"/><net_sink comp="1600" pin=0"/></net>

<net id="1604"><net_src comp="1600" pin="1"/><net_sink comp="1299" pin=1"/></net>

<net id="1605"><net_src comp="1600" pin="1"/><net_sink comp="1333" pin=0"/></net>

<net id="1609"><net_src comp="204" pin="1"/><net_sink comp="1606" pin=0"/></net>

<net id="1610"><net_src comp="1606" pin="1"/><net_sink comp="1294" pin=1"/></net>

<net id="1611"><net_src comp="1606" pin="1"/><net_sink comp="1337" pin=0"/></net>

<net id="1615"><net_src comp="208" pin="1"/><net_sink comp="1612" pin=0"/></net>

<net id="1616"><net_src comp="1612" pin="1"/><net_sink comp="1289" pin=1"/></net>

<net id="1617"><net_src comp="1612" pin="1"/><net_sink comp="1341" pin=0"/></net>

<net id="1621"><net_src comp="212" pin="1"/><net_sink comp="1618" pin=0"/></net>

<net id="1622"><net_src comp="1618" pin="1"/><net_sink comp="1284" pin=1"/></net>

<net id="1623"><net_src comp="1618" pin="1"/><net_sink comp="1345" pin=0"/></net>

<net id="1627"><net_src comp="216" pin="1"/><net_sink comp="1624" pin=0"/></net>

<net id="1628"><net_src comp="1624" pin="1"/><net_sink comp="1279" pin=1"/></net>

<net id="1629"><net_src comp="1624" pin="1"/><net_sink comp="1349" pin=0"/></net>

<net id="1633"><net_src comp="220" pin="1"/><net_sink comp="1630" pin=0"/></net>

<net id="1634"><net_src comp="1630" pin="1"/><net_sink comp="1274" pin=1"/></net>

<net id="1635"><net_src comp="1630" pin="1"/><net_sink comp="1353" pin=0"/></net>

<net id="1639"><net_src comp="224" pin="1"/><net_sink comp="1636" pin=0"/></net>

<net id="1640"><net_src comp="1636" pin="1"/><net_sink comp="1269" pin=1"/></net>

<net id="1641"><net_src comp="1636" pin="1"/><net_sink comp="1357" pin=0"/></net>

<net id="1645"><net_src comp="228" pin="1"/><net_sink comp="1642" pin=0"/></net>

<net id="1646"><net_src comp="1642" pin="1"/><net_sink comp="1264" pin=1"/></net>

<net id="1647"><net_src comp="1642" pin="1"/><net_sink comp="1361" pin=0"/></net>

<net id="1651"><net_src comp="232" pin="1"/><net_sink comp="1648" pin=0"/></net>

<net id="1652"><net_src comp="1648" pin="1"/><net_sink comp="1259" pin=1"/></net>

<net id="1653"><net_src comp="1648" pin="1"/><net_sink comp="1365" pin=0"/></net>

<net id="1657"><net_src comp="236" pin="1"/><net_sink comp="1654" pin=0"/></net>

<net id="1658"><net_src comp="1654" pin="1"/><net_sink comp="1254" pin=1"/></net>

<net id="1659"><net_src comp="1654" pin="1"/><net_sink comp="1369" pin=0"/></net>

<net id="1663"><net_src comp="240" pin="1"/><net_sink comp="1660" pin=0"/></net>

<net id="1664"><net_src comp="1660" pin="1"/><net_sink comp="1249" pin=1"/></net>

<net id="1665"><net_src comp="1660" pin="1"/><net_sink comp="1373" pin=0"/></net>

<net id="1669"><net_src comp="244" pin="1"/><net_sink comp="1666" pin=0"/></net>

<net id="1670"><net_src comp="1666" pin="1"/><net_sink comp="1244" pin=1"/></net>

<net id="1671"><net_src comp="1666" pin="1"/><net_sink comp="1377" pin=0"/></net>

<net id="1675"><net_src comp="248" pin="1"/><net_sink comp="1672" pin=0"/></net>

<net id="1676"><net_src comp="1672" pin="1"/><net_sink comp="1239" pin=1"/></net>

<net id="1677"><net_src comp="1672" pin="1"/><net_sink comp="1381" pin=0"/></net>

<net id="1681"><net_src comp="252" pin="1"/><net_sink comp="1678" pin=0"/></net>

<net id="1682"><net_src comp="1678" pin="1"/><net_sink comp="1234" pin=1"/></net>

<net id="1683"><net_src comp="1678" pin="1"/><net_sink comp="1385" pin=0"/></net>

<net id="1687"><net_src comp="256" pin="1"/><net_sink comp="1684" pin=0"/></net>

<net id="1688"><net_src comp="1684" pin="1"/><net_sink comp="1229" pin=1"/></net>

<net id="1689"><net_src comp="1684" pin="1"/><net_sink comp="1389" pin=0"/></net>

<net id="1693"><net_src comp="260" pin="1"/><net_sink comp="1690" pin=0"/></net>

<net id="1694"><net_src comp="1690" pin="1"/><net_sink comp="1224" pin=1"/></net>

<net id="1695"><net_src comp="1690" pin="1"/><net_sink comp="1393" pin=0"/></net>

<net id="1699"><net_src comp="264" pin="1"/><net_sink comp="1696" pin=0"/></net>

<net id="1700"><net_src comp="1696" pin="1"/><net_sink comp="1219" pin=1"/></net>

<net id="1701"><net_src comp="1696" pin="1"/><net_sink comp="1397" pin=0"/></net>

<net id="1705"><net_src comp="268" pin="1"/><net_sink comp="1702" pin=0"/></net>

<net id="1706"><net_src comp="1702" pin="1"/><net_sink comp="1214" pin=1"/></net>

<net id="1707"><net_src comp="1702" pin="1"/><net_sink comp="1401" pin=0"/></net>

<net id="1711"><net_src comp="272" pin="1"/><net_sink comp="1708" pin=0"/></net>

<net id="1712"><net_src comp="1708" pin="1"/><net_sink comp="1209" pin=1"/></net>

<net id="1713"><net_src comp="1708" pin="1"/><net_sink comp="1405" pin=0"/></net>

<net id="1717"><net_src comp="276" pin="1"/><net_sink comp="1714" pin=0"/></net>

<net id="1718"><net_src comp="1714" pin="1"/><net_sink comp="1204" pin=1"/></net>

<net id="1719"><net_src comp="1714" pin="1"/><net_sink comp="1409" pin=0"/></net>

<net id="1723"><net_src comp="280" pin="1"/><net_sink comp="1720" pin=0"/></net>

<net id="1724"><net_src comp="1720" pin="1"/><net_sink comp="1199" pin=1"/></net>

<net id="1725"><net_src comp="1720" pin="1"/><net_sink comp="1413" pin=0"/></net>

<net id="1729"><net_src comp="284" pin="1"/><net_sink comp="1726" pin=0"/></net>

<net id="1730"><net_src comp="1726" pin="1"/><net_sink comp="1194" pin=1"/></net>

<net id="1731"><net_src comp="1726" pin="1"/><net_sink comp="1417" pin=0"/></net>

<net id="1735"><net_src comp="288" pin="1"/><net_sink comp="1732" pin=0"/></net>

<net id="1736"><net_src comp="1732" pin="1"/><net_sink comp="1189" pin=1"/></net>

<net id="1737"><net_src comp="1732" pin="1"/><net_sink comp="1421" pin=0"/></net>

<net id="1741"><net_src comp="292" pin="1"/><net_sink comp="1738" pin=0"/></net>

<net id="1742"><net_src comp="1738" pin="1"/><net_sink comp="1184" pin=1"/></net>

<net id="1743"><net_src comp="1738" pin="1"/><net_sink comp="1425" pin=0"/></net>

<net id="1747"><net_src comp="296" pin="1"/><net_sink comp="1744" pin=0"/></net>

<net id="1748"><net_src comp="1744" pin="1"/><net_sink comp="1179" pin=1"/></net>

<net id="1749"><net_src comp="1744" pin="1"/><net_sink comp="1429" pin=0"/></net>

<net id="1753"><net_src comp="300" pin="1"/><net_sink comp="1750" pin=0"/></net>

<net id="1754"><net_src comp="1750" pin="1"/><net_sink comp="1174" pin=1"/></net>

<net id="1755"><net_src comp="1750" pin="1"/><net_sink comp="1433" pin=0"/></net>

<net id="1759"><net_src comp="304" pin="1"/><net_sink comp="1756" pin=0"/></net>

<net id="1760"><net_src comp="1756" pin="1"/><net_sink comp="1169" pin=1"/></net>

<net id="1761"><net_src comp="1756" pin="1"/><net_sink comp="1437" pin=0"/></net>

<net id="1765"><net_src comp="308" pin="1"/><net_sink comp="1762" pin=0"/></net>

<net id="1766"><net_src comp="1762" pin="1"/><net_sink comp="1164" pin=1"/></net>

<net id="1767"><net_src comp="1762" pin="1"/><net_sink comp="1441" pin=0"/></net>

<net id="1771"><net_src comp="312" pin="1"/><net_sink comp="1768" pin=0"/></net>

<net id="1772"><net_src comp="1768" pin="1"/><net_sink comp="1159" pin=1"/></net>

<net id="1773"><net_src comp="1768" pin="1"/><net_sink comp="1445" pin=0"/></net>

<net id="1777"><net_src comp="316" pin="1"/><net_sink comp="1774" pin=0"/></net>

<net id="1778"><net_src comp="1774" pin="1"/><net_sink comp="1154" pin=1"/></net>

<net id="1779"><net_src comp="1774" pin="1"/><net_sink comp="1449" pin=0"/></net>

<net id="1783"><net_src comp="320" pin="1"/><net_sink comp="1780" pin=0"/></net>

<net id="1784"><net_src comp="1780" pin="1"/><net_sink comp="1149" pin=1"/></net>

<net id="1785"><net_src comp="1780" pin="1"/><net_sink comp="1453" pin=0"/></net>

<net id="1789"><net_src comp="324" pin="1"/><net_sink comp="1786" pin=0"/></net>

<net id="1790"><net_src comp="1786" pin="1"/><net_sink comp="1144" pin=1"/></net>

<net id="1791"><net_src comp="1786" pin="1"/><net_sink comp="1457" pin=0"/></net>

<net id="1795"><net_src comp="328" pin="1"/><net_sink comp="1792" pin=0"/></net>

<net id="1796"><net_src comp="1792" pin="1"/><net_sink comp="1139" pin=1"/></net>

<net id="1797"><net_src comp="1792" pin="1"/><net_sink comp="1461" pin=0"/></net>

<net id="1801"><net_src comp="332" pin="1"/><net_sink comp="1798" pin=0"/></net>

<net id="1802"><net_src comp="1798" pin="1"/><net_sink comp="1134" pin=1"/></net>

<net id="1803"><net_src comp="1798" pin="1"/><net_sink comp="1465" pin=0"/></net>

<net id="1807"><net_src comp="336" pin="1"/><net_sink comp="1804" pin=0"/></net>

<net id="1808"><net_src comp="1804" pin="1"/><net_sink comp="1129" pin=1"/></net>

<net id="1809"><net_src comp="1804" pin="1"/><net_sink comp="1469" pin=0"/></net>

<net id="1813"><net_src comp="340" pin="1"/><net_sink comp="1810" pin=0"/></net>

<net id="1814"><net_src comp="1810" pin="1"/><net_sink comp="1124" pin=1"/></net>

<net id="1815"><net_src comp="1810" pin="1"/><net_sink comp="1473" pin=0"/></net>

<net id="1819"><net_src comp="344" pin="1"/><net_sink comp="1816" pin=0"/></net>

<net id="1820"><net_src comp="1816" pin="1"/><net_sink comp="1119" pin=1"/></net>

<net id="1821"><net_src comp="1816" pin="1"/><net_sink comp="1477" pin=0"/></net>

<net id="1825"><net_src comp="348" pin="1"/><net_sink comp="1822" pin=0"/></net>

<net id="1826"><net_src comp="1822" pin="1"/><net_sink comp="1114" pin=1"/></net>

<net id="1827"><net_src comp="1822" pin="1"/><net_sink comp="1481" pin=0"/></net>

<net id="1831"><net_src comp="352" pin="1"/><net_sink comp="1828" pin=0"/></net>

<net id="1832"><net_src comp="1828" pin="1"/><net_sink comp="1109" pin=1"/></net>

<net id="1833"><net_src comp="1828" pin="1"/><net_sink comp="1485" pin=0"/></net>

<net id="1837"><net_src comp="356" pin="1"/><net_sink comp="1834" pin=0"/></net>

<net id="1838"><net_src comp="1834" pin="1"/><net_sink comp="1104" pin=1"/></net>

<net id="1839"><net_src comp="1834" pin="1"/><net_sink comp="1489" pin=0"/></net>

<net id="1843"><net_src comp="360" pin="1"/><net_sink comp="1840" pin=0"/></net>

<net id="1844"><net_src comp="1840" pin="1"/><net_sink comp="1099" pin=1"/></net>

<net id="1845"><net_src comp="1840" pin="1"/><net_sink comp="1493" pin=0"/></net>

<net id="1849"><net_src comp="364" pin="1"/><net_sink comp="1846" pin=0"/></net>

<net id="1850"><net_src comp="1846" pin="1"/><net_sink comp="1094" pin=1"/></net>

<net id="1851"><net_src comp="1846" pin="1"/><net_sink comp="1497" pin=0"/></net>

<net id="1855"><net_src comp="368" pin="1"/><net_sink comp="1852" pin=0"/></net>

<net id="1856"><net_src comp="1852" pin="1"/><net_sink comp="1089" pin=1"/></net>

<net id="1857"><net_src comp="1852" pin="1"/><net_sink comp="1501" pin=0"/></net>

<net id="1861"><net_src comp="372" pin="1"/><net_sink comp="1858" pin=0"/></net>

<net id="1862"><net_src comp="1858" pin="1"/><net_sink comp="1084" pin=1"/></net>

<net id="1863"><net_src comp="1858" pin="1"/><net_sink comp="1505" pin=0"/></net>

<net id="1867"><net_src comp="376" pin="1"/><net_sink comp="1864" pin=0"/></net>

<net id="1868"><net_src comp="1864" pin="1"/><net_sink comp="1079" pin=1"/></net>

<net id="1869"><net_src comp="1864" pin="1"/><net_sink comp="1509" pin=0"/></net>

<net id="1873"><net_src comp="380" pin="1"/><net_sink comp="1870" pin=0"/></net>

<net id="1874"><net_src comp="1870" pin="1"/><net_sink comp="1074" pin=1"/></net>

<net id="1875"><net_src comp="1870" pin="1"/><net_sink comp="1513" pin=0"/></net>

<net id="1879"><net_src comp="384" pin="1"/><net_sink comp="1876" pin=0"/></net>

<net id="1880"><net_src comp="1876" pin="1"/><net_sink comp="1069" pin=1"/></net>

<net id="1881"><net_src comp="1876" pin="1"/><net_sink comp="1517" pin=0"/></net>

<net id="1885"><net_src comp="388" pin="1"/><net_sink comp="1882" pin=0"/></net>

<net id="1886"><net_src comp="1882" pin="1"/><net_sink comp="1064" pin=1"/></net>

<net id="1887"><net_src comp="1882" pin="1"/><net_sink comp="1521" pin=0"/></net>

<net id="1891"><net_src comp="392" pin="1"/><net_sink comp="1888" pin=0"/></net>

<net id="1892"><net_src comp="1888" pin="1"/><net_sink comp="1059" pin=1"/></net>

<net id="1893"><net_src comp="1888" pin="1"/><net_sink comp="1525" pin=0"/></net>

<net id="1897"><net_src comp="396" pin="1"/><net_sink comp="1894" pin=0"/></net>

<net id="1898"><net_src comp="1894" pin="1"/><net_sink comp="1054" pin=1"/></net>

<net id="1899"><net_src comp="1894" pin="1"/><net_sink comp="1529" pin=0"/></net>

<net id="1903"><net_src comp="400" pin="1"/><net_sink comp="1900" pin=0"/></net>

<net id="1904"><net_src comp="1900" pin="1"/><net_sink comp="1049" pin=1"/></net>

<net id="1905"><net_src comp="1900" pin="1"/><net_sink comp="1533" pin=0"/></net>

<net id="1909"><net_src comp="404" pin="1"/><net_sink comp="1906" pin=0"/></net>

<net id="1910"><net_src comp="1906" pin="1"/><net_sink comp="1044" pin=1"/></net>

<net id="1911"><net_src comp="1906" pin="1"/><net_sink comp="1537" pin=0"/></net>

<net id="1915"><net_src comp="408" pin="1"/><net_sink comp="1912" pin=0"/></net>

<net id="1916"><net_src comp="1912" pin="1"/><net_sink comp="1039" pin=1"/></net>

<net id="1917"><net_src comp="1912" pin="1"/><net_sink comp="1541" pin=0"/></net>

<net id="1921"><net_src comp="412" pin="1"/><net_sink comp="1918" pin=0"/></net>

<net id="1922"><net_src comp="1918" pin="1"/><net_sink comp="1034" pin=1"/></net>

<net id="1923"><net_src comp="1918" pin="1"/><net_sink comp="1545" pin=0"/></net>

<net id="1927"><net_src comp="416" pin="1"/><net_sink comp="1924" pin=0"/></net>

<net id="1928"><net_src comp="1924" pin="1"/><net_sink comp="1029" pin=1"/></net>

<net id="1929"><net_src comp="1924" pin="1"/><net_sink comp="1549" pin=0"/></net>

<net id="1933"><net_src comp="420" pin="1"/><net_sink comp="1930" pin=0"/></net>

<net id="1934"><net_src comp="1930" pin="1"/><net_sink comp="1024" pin=1"/></net>

<net id="1935"><net_src comp="1930" pin="1"/><net_sink comp="1553" pin=0"/></net>

<net id="1939"><net_src comp="424" pin="1"/><net_sink comp="1936" pin=0"/></net>

<net id="1940"><net_src comp="1936" pin="1"/><net_sink comp="1019" pin=1"/></net>

<net id="1941"><net_src comp="1936" pin="1"/><net_sink comp="1557" pin=0"/></net>

<net id="1945"><net_src comp="428" pin="1"/><net_sink comp="1942" pin=0"/></net>

<net id="1946"><net_src comp="1942" pin="1"/><net_sink comp="1014" pin=1"/></net>

<net id="1947"><net_src comp="1942" pin="1"/><net_sink comp="1561" pin=0"/></net>

<net id="1951"><net_src comp="432" pin="1"/><net_sink comp="1948" pin=0"/></net>

<net id="1952"><net_src comp="1948" pin="1"/><net_sink comp="1009" pin=1"/></net>

<net id="1953"><net_src comp="1948" pin="1"/><net_sink comp="1565" pin=0"/></net>

<net id="1957"><net_src comp="436" pin="1"/><net_sink comp="1954" pin=0"/></net>

<net id="1958"><net_src comp="1954" pin="1"/><net_sink comp="1004" pin=1"/></net>

<net id="1959"><net_src comp="1954" pin="1"/><net_sink comp="1569" pin=0"/></net>

<net id="1963"><net_src comp="440" pin="1"/><net_sink comp="1960" pin=0"/></net>

<net id="1964"><net_src comp="1960" pin="1"/><net_sink comp="999" pin=1"/></net>

<net id="1965"><net_src comp="1960" pin="1"/><net_sink comp="1573" pin=0"/></net>

<net id="1969"><net_src comp="444" pin="1"/><net_sink comp="1966" pin=0"/></net>

<net id="1970"><net_src comp="1966" pin="1"/><net_sink comp="994" pin=1"/></net>

<net id="1971"><net_src comp="1966" pin="1"/><net_sink comp="1577" pin=0"/></net>

</net_list>

</model> 
---------------- Datapath Model END ------------------

* FSMD analyzer results:
  - Output states:
	Port: input_layer | {}
	Port: data_63_out | {1 }
	Port: data_62_out | {1 }
	Port: data_61_out | {1 }
	Port: data_60_out | {1 }
	Port: data_59_out | {1 }
	Port: data_58_out | {1 }
	Port: data_57_out | {1 }
	Port: data_56_out | {1 }
	Port: data_55_out | {1 }
	Port: data_54_out | {1 }
	Port: data_53_out | {1 }
	Port: data_52_out | {1 }
	Port: data_51_out | {1 }
	Port: data_50_out | {1 }
	Port: data_49_out | {1 }
	Port: data_48_out | {1 }
	Port: data_47_out | {1 }
	Port: data_46_out | {1 }
	Port: data_45_out | {1 }
	Port: data_44_out | {1 }
	Port: data_43_out | {1 }
	Port: data_42_out | {1 }
	Port: data_41_out | {1 }
	Port: data_40_out | {1 }
	Port: data_39_out | {1 }
	Port: data_38_out | {1 }
	Port: data_37_out | {1 }
	Port: data_36_out | {1 }
	Port: data_35_out | {1 }
	Port: data_34_out | {1 }
	Port: data_33_out | {1 }
	Port: data_32_out | {1 }
	Port: data_31_out | {1 }
	Port: data_30_out | {1 }
	Port: data_29_out | {1 }
	Port: data_28_out | {1 }
	Port: data_27_out | {1 }
	Port: data_26_out | {1 }
	Port: data_25_out | {1 }
	Port: data_24_out | {1 }
	Port: data_23_out | {1 }
	Port: data_22_out | {1 }
	Port: data_21_out | {1 }
	Port: data_20_out | {1 }
	Port: data_19_out | {1 }
	Port: data_18_out | {1 }
	Port: data_17_out | {1 }
	Port: data_16_out | {1 }
	Port: data_15_out | {1 }
	Port: data_14_out | {1 }
	Port: data_13_out | {1 }
	Port: data_12_out | {1 }
	Port: data_11_out | {1 }
	Port: data_10_out | {1 }
	Port: data_9_out | {1 }
	Port: data_8_out | {1 }
	Port: data_7_out | {1 }
	Port: data_6_out | {1 }
	Port: data_5_out | {1 }
	Port: data_4_out | {1 }
	Port: data_3_out | {1 }
	Port: data_2_out | {1 }
	Port: data_1_out | {1 }
	Port: data_out | {1 }
 - Input state : 
	Port: dense<array,array<ap_fixed,32u>,config3>_Pipeline_DataPrepare : input_layer | {1 }
  - Chain level:
	State 1
		store_ln0 : 1
		i_in129_load : 1
		i_in : 2
		switch_ln39 : 2
		store_ln35 : 1
		store_ln35 : 1
		store_ln35 : 1
		store_ln35 : 1
		store_ln35 : 1
		store_ln35 : 1
		store_ln35 : 1
		store_ln35 : 1
		store_ln35 : 1
		store_ln35 : 1
		store_ln35 : 1
		store_ln35 : 1
		store_ln35 : 1
		store_ln35 : 1
		store_ln35 : 1
		store_ln35 : 1
		store_ln35 : 1
		store_ln35 : 1
		store_ln35 : 1
		store_ln35 : 1
		store_ln35 : 1
		store_ln35 : 1
		store_ln35 : 1
		store_ln35 : 1
		store_ln35 : 1
		store_ln35 : 1
		store_ln35 : 1
		store_ln35 : 1
		store_ln35 : 1
		store_ln35 : 1
		store_ln35 : 1
		store_ln35 : 1
		store_ln35 : 1
		store_ln35 : 1
		store_ln35 : 1
		store_ln35 : 1
		store_ln35 : 1
		store_ln35 : 1
		store_ln35 : 1
		store_ln35 : 1
		store_ln35 : 1
		store_ln35 : 1
		store_ln35 : 1
		store_ln35 : 1
		store_ln35 : 1
		store_ln35 : 1
		store_ln35 : 1
		store_ln35 : 1
		store_ln35 : 1
		store_ln35 : 1
		store_ln35 : 1
		store_ln35 : 1
		store_ln35 : 1
		store_ln35 : 1
		store_ln35 : 1
		store_ln35 : 1
		store_ln35 : 1
		store_ln35 : 1
		store_ln35 : 1
		store_ln35 : 1
		store_ln35 : 1
		store_ln35 : 1
		store_ln35 : 1
		store_ln35 : 1
		icmp_ln33 : 2
		store_ln33 : 3
		br_ln33 : 3
		p_0_7_0_0_01272_load : 1
		p_0_6_0_0_01254_load : 1
		p_0_5_0_0_01236_load : 1
		p_0_4_0_0_01218_load : 1
		p_0_3_0_0_011910_load : 1
		p_0_2_0_0_011712_load : 1
		p_0_1_0_0_011514_load : 1
		p_0_0_0_0_011316_load : 1
		p_0_7_0_0_011118_load : 1
		p_0_6_0_0_010920_load : 1
		p_0_5_0_0_010722_load : 1
		p_0_4_0_0_010524_load : 1
		p_0_3_0_0_010326_load : 1
		p_0_2_0_0_010128_load : 1
		p_0_1_0_0_09930_load : 1
		p_0_0_0_0_09732_load : 1
		p_0_7_0_0_09534_load : 1
		p_0_6_0_0_09336_load : 1
		p_0_5_0_0_09138_load : 1
		p_0_4_0_0_08940_load : 1
		p_0_3_0_0_08742_load : 1
		p_0_2_0_0_08544_load : 1
		p_0_1_0_0_08346_load : 1
		p_0_0_0_0_08148_load : 1
		p_0_7_0_0_07950_load : 1
		p_0_6_0_0_07752_load : 1
		p_0_5_0_0_07554_load : 1
		p_0_4_0_0_07356_load : 1
		p_0_3_0_0_07158_load : 1
		p_0_2_0_0_06960_load : 1
		p_0_1_0_0_06762_load : 1
		p_0_0_0_0_06564_load : 1
		p_0_7_0_0_06366_load : 1
		p_0_6_0_0_06168_load : 1
		p_0_5_0_0_05970_load : 1
		p_0_4_0_0_05772_load : 1
		p_0_3_0_0_05574_load : 1
		p_0_2_0_0_05376_load : 1
		p_0_1_0_0_05178_load : 1
		p_0_0_0_0_04980_load : 1
		p_0_7_0_0_04782_load : 1
		p_0_6_0_0_04584_load : 1
		p_0_5_0_0_04386_load : 1
		p_0_4_0_0_04188_load : 1
		p_0_3_0_0_03990_load : 1
		p_0_2_0_0_03792_load : 1
		p_0_1_0_0_03594_load : 1
		p_0_0_0_0_03396_load : 1
		p_0_7_0_0_03198_load : 1
		p_0_6_0_0_029100_load : 1
		p_0_5_0_0_027102_load : 1
		p_0_4_0_0_025104_load : 1
		p_0_3_0_0_023106_load : 1
		p_0_2_0_0_021108_load : 1
		p_0_1_0_0_019110_load : 1
		p_0_0_0_0_017112_load : 1
		p_0_7_0_0_015114_load : 1
		p_0_6_0_0_013116_load : 1
		p_0_5_0_0_011118_load : 1
		p_0_4_0_0_09120_load : 1
		p_0_3_0_0_07122_load : 1
		p_0_2_0_0_05124_load : 1
		p_0_1_0_0_03126_load : 1
		p_0_0_0_0_01128_load : 1
		write_ln0 : 2
		write_ln0 : 2
		write_ln0 : 2
		write_ln0 : 2
		write_ln0 : 2
		write_ln0 : 2
		write_ln0 : 2
		write_ln0 : 2
		write_ln0 : 2
		write_ln0 : 2
		write_ln0 : 2
		write_ln0 : 2
		write_ln0 : 2
		write_ln0 : 2
		write_ln0 : 2
		write_ln0 : 2
		write_ln0 : 2
		write_ln0 : 2
		write_ln0 : 2
		write_ln0 : 2
		write_ln0 : 2
		write_ln0 : 2
		write_ln0 : 2
		write_ln0 : 2
		write_ln0 : 2
		write_ln0 : 2
		write_ln0 : 2
		write_ln0 : 2
		write_ln0 : 2
		write_ln0 : 2
		write_ln0 : 2
		write_ln0 : 2
		write_ln0 : 2
		write_ln0 : 2
		write_ln0 : 2
		write_ln0 : 2
		write_ln0 : 2
		write_ln0 : 2
		write_ln0 : 2
		write_ln0 : 2
		write_ln0 : 2
		write_ln0 : 2
		write_ln0 : 2
		write_ln0 : 2
		write_ln0 : 2
		write_ln0 : 2
		write_ln0 : 2
		write_ln0 : 2
		write_ln0 : 2
		write_ln0 : 2
		write_ln0 : 2
		write_ln0 : 2
		write_ln0 : 2
		write_ln0 : 2
		write_ln0 : 2
		write_ln0 : 2
		write_ln0 : 2
		write_ln0 : 2
		write_ln0 : 2
		write_ln0 : 2
		write_ln0 : 2
		write_ln0 : 2
		write_ln0 : 2
		write_ln0 : 2


============================================================
+ Verbose Summary: Datapath Resource usage 
============================================================

* Functional unit list:
|----------|------------------------------|---------|---------|
| Operation|        Functional Unit       |    FF   |   LUT   |
|----------|------------------------------|---------|---------|
|    add   |          i_in_fu_970         |    0    |    11   |
|----------|------------------------------|---------|---------|
|   icmp   |       icmp_ln33_fu_1314      |    0    |    11   |
|----------|------------------------------|---------|---------|
|   read   | input_layer_read_read_fu_448 |    0    |    0    |
|----------|------------------------------|---------|---------|
|          |    write_ln0_write_fu_454    |    0    |    0    |
|          |    write_ln0_write_fu_461    |    0    |    0    |
|          |    write_ln0_write_fu_468    |    0    |    0    |
|          |    write_ln0_write_fu_475    |    0    |    0    |
|          |    write_ln0_write_fu_482    |    0    |    0    |
|          |    write_ln0_write_fu_489    |    0    |    0    |
|          |    write_ln0_write_fu_496    |    0    |    0    |
|          |    write_ln0_write_fu_503    |    0    |    0    |
|          |    write_ln0_write_fu_510    |    0    |    0    |
|          |    write_ln0_write_fu_517    |    0    |    0    |
|          |    write_ln0_write_fu_524    |    0    |    0    |
|          |    write_ln0_write_fu_531    |    0    |    0    |
|          |    write_ln0_write_fu_538    |    0    |    0    |
|          |    write_ln0_write_fu_545    |    0    |    0    |
|          |    write_ln0_write_fu_552    |    0    |    0    |
|          |    write_ln0_write_fu_559    |    0    |    0    |
|          |    write_ln0_write_fu_566    |    0    |    0    |
|          |    write_ln0_write_fu_573    |    0    |    0    |
|          |    write_ln0_write_fu_580    |    0    |    0    |
|          |    write_ln0_write_fu_587    |    0    |    0    |
|          |    write_ln0_write_fu_594    |    0    |    0    |
|          |    write_ln0_write_fu_601    |    0    |    0    |
|          |    write_ln0_write_fu_608    |    0    |    0    |
|          |    write_ln0_write_fu_615    |    0    |    0    |
|          |    write_ln0_write_fu_622    |    0    |    0    |
|          |    write_ln0_write_fu_629    |    0    |    0    |
|          |    write_ln0_write_fu_636    |    0    |    0    |
|          |    write_ln0_write_fu_643    |    0    |    0    |
|          |    write_ln0_write_fu_650    |    0    |    0    |
|          |    write_ln0_write_fu_657    |    0    |    0    |
|          |    write_ln0_write_fu_664    |    0    |    0    |
|   write  |    write_ln0_write_fu_671    |    0    |    0    |
|          |    write_ln0_write_fu_678    |    0    |    0    |
|          |    write_ln0_write_fu_685    |    0    |    0    |
|          |    write_ln0_write_fu_692    |    0    |    0    |
|          |    write_ln0_write_fu_699    |    0    |    0    |
|          |    write_ln0_write_fu_706    |    0    |    0    |
|          |    write_ln0_write_fu_713    |    0    |    0    |
|          |    write_ln0_write_fu_720    |    0    |    0    |
|          |    write_ln0_write_fu_727    |    0    |    0    |
|          |    write_ln0_write_fu_734    |    0    |    0    |
|          |    write_ln0_write_fu_741    |    0    |    0    |
|          |    write_ln0_write_fu_748    |    0    |    0    |
|          |    write_ln0_write_fu_755    |    0    |    0    |
|          |    write_ln0_write_fu_762    |    0    |    0    |
|          |    write_ln0_write_fu_769    |    0    |    0    |
|          |    write_ln0_write_fu_776    |    0    |    0    |
|          |    write_ln0_write_fu_783    |    0    |    0    |
|          |    write_ln0_write_fu_790    |    0    |    0    |
|          |    write_ln0_write_fu_797    |    0    |    0    |
|          |    write_ln0_write_fu_804    |    0    |    0    |
|          |    write_ln0_write_fu_811    |    0    |    0    |
|          |    write_ln0_write_fu_818    |    0    |    0    |
|          |    write_ln0_write_fu_825    |    0    |    0    |
|          |    write_ln0_write_fu_832    |    0    |    0    |
|          |    write_ln0_write_fu_839    |    0    |    0    |
|          |    write_ln0_write_fu_846    |    0    |    0    |
|          |    write_ln0_write_fu_853    |    0    |    0    |
|          |    write_ln0_write_fu_860    |    0    |    0    |
|          |    write_ln0_write_fu_867    |    0    |    0    |
|          |    write_ln0_write_fu_874    |    0    |    0    |
|          |    write_ln0_write_fu_881    |    0    |    0    |
|          |    write_ln0_write_fu_888    |    0    |    0    |
|          |    write_ln0_write_fu_895    |    0    |    0    |
|----------|------------------------------|---------|---------|
|   trunc  |       data_pack_fu_910       |    0    |    0    |
|----------|------------------------------|---------|---------|
|          |      data_pack_1_fu_914      |    0    |    0    |
|          |      data_pack_2_fu_922      |    0    |    0    |
|          |      data_pack_3_fu_930      |    0    |    0    |
|partselect|      data_pack_4_fu_938      |    0    |    0    |
|          |      data_pack_5_fu_946      |    0    |    0    |
|          |      data_pack_6_fu_954      |    0    |    0    |
|          |      data_pack_7_fu_962      |    0    |    0    |
|----------|------------------------------|---------|---------|
|  switch  |      switch_ln39_fu_976      |    0    |    0    |
|----------|------------------------------|---------|---------|
|   Total  |                              |    0    |    22   |
|----------|------------------------------|---------|---------|

Memories:
N/A

* Register list:
+-------------------------+--------+
|                         |   FF   |
+-------------------------+--------+
|     i_in129_reg_1581    |    3   |
| p_0_0_0_0_01128_reg_1966|    8   |
|p_0_0_0_0_011316_reg_1630|    8   |
|p_0_0_0_0_017112_reg_1918|    8   |
| p_0_0_0_0_03396_reg_1870|    8   |
| p_0_0_0_0_04980_reg_1822|    8   |
| p_0_0_0_0_06564_reg_1774|    8   |
| p_0_0_0_0_08148_reg_1726|    8   |
| p_0_0_0_0_09732_reg_1678|    8   |
|p_0_1_0_0_011514_reg_1624|    8   |
|p_0_1_0_0_019110_reg_1912|    8   |
| p_0_1_0_0_03126_reg_1960|    8   |
| p_0_1_0_0_03594_reg_1864|    8   |
| p_0_1_0_0_05178_reg_1816|    8   |
| p_0_1_0_0_06762_reg_1768|    8   |
| p_0_1_0_0_08346_reg_1720|    8   |
| p_0_1_0_0_09930_reg_1672|    8   |
|p_0_2_0_0_010128_reg_1666|    8   |
|p_0_2_0_0_011712_reg_1618|    8   |
|p_0_2_0_0_021108_reg_1906|    8   |
| p_0_2_0_0_03792_reg_1858|    8   |
| p_0_2_0_0_05124_reg_1954|    8   |
| p_0_2_0_0_05376_reg_1810|    8   |
| p_0_2_0_0_06960_reg_1762|    8   |
| p_0_2_0_0_08544_reg_1714|    8   |
|p_0_3_0_0_010326_reg_1660|    8   |
|p_0_3_0_0_011910_reg_1612|    8   |
|p_0_3_0_0_023106_reg_1900|    8   |
| p_0_3_0_0_03990_reg_1852|    8   |
| p_0_3_0_0_05574_reg_1804|    8   |
| p_0_3_0_0_07122_reg_1948|    8   |
| p_0_3_0_0_07158_reg_1756|    8   |
| p_0_3_0_0_08742_reg_1708|    8   |
|p_0_4_0_0_010524_reg_1654|    8   |
| p_0_4_0_0_01218_reg_1606|    8   |
|p_0_4_0_0_025104_reg_1894|    8   |
| p_0_4_0_0_04188_reg_1846|    8   |
| p_0_4_0_0_05772_reg_1798|    8   |
| p_0_4_0_0_07356_reg_1750|    8   |
| p_0_4_0_0_08940_reg_1702|    8   |
| p_0_4_0_0_09120_reg_1942|    8   |
|p_0_5_0_0_010722_reg_1648|    8   |
|p_0_5_0_0_011118_reg_1936|    8   |
| p_0_5_0_0_01236_reg_1600|    8   |
|p_0_5_0_0_027102_reg_1888|    8   |
| p_0_5_0_0_04386_reg_1840|    8   |
| p_0_5_0_0_05970_reg_1792|    8   |
| p_0_5_0_0_07554_reg_1744|    8   |
| p_0_5_0_0_09138_reg_1696|    8   |
|p_0_6_0_0_010920_reg_1642|    8   |
| p_0_6_0_0_01254_reg_1594|    8   |
|p_0_6_0_0_013116_reg_1930|    8   |
|p_0_6_0_0_029100_reg_1882|    8   |
| p_0_6_0_0_04584_reg_1834|    8   |
| p_0_6_0_0_06168_reg_1786|    8   |
| p_0_6_0_0_07752_reg_1738|    8   |
| p_0_6_0_0_09336_reg_1690|    8   |
|p_0_7_0_0_011118_reg_1636|    8   |
| p_0_7_0_0_01272_reg_1588|    8   |
|p_0_7_0_0_015114_reg_1924|    8   |
| p_0_7_0_0_03198_reg_1876|    8   |
| p_0_7_0_0_04782_reg_1828|    8   |
| p_0_7_0_0_06366_reg_1780|    8   |
| p_0_7_0_0_07950_reg_1732|    8   |
| p_0_7_0_0_09534_reg_1684|    8   |
+-------------------------+--------+
|          Total          |   515  |
+-------------------------+--------+

* Multiplexer (MUX) list: 
|--------|------|------|------|--------|
|  Comp  |  Pin | Size |  BW  | S x BW |
|--------|------|------|------|--------|
|  Total |      |      |      |    0   |
|--------|------|------|------|--------|



* Summary:
+-----------+--------+--------+
|           |   FF   |   LUT  |
+-----------+--------+--------+
|  Function |    0   |   22   |
|   Memory  |    -   |    -   |
|Multiplexer|    -   |    -   |
|  Register |   515  |    -   |
+-----------+--------+--------+
|   Total   |   515  |   22   |
+-----------+--------+--------+
