

================================================================
== Vitis HLS Report for 'dense_latency_ap_fixed_6_4_0_0_0_ap_fixed_17_13_5_3_0_config9_s'
================================================================
* Date:           Sun May 17 14:56:16 2026

* Version:        2025.1 (Build 6135595 on May 21 2025)
* Project:        wedrowiec_hls_prj
* Solution:       solution1 (Vivado IP Flow Target)
* Product family: zynq
* Target device:  xc7z020-clg400-1


================================================================
== Performance Estimates
================================================================
+ Timing: 
    * Summary: 
    +--------+----------+-----------+------------+
    |  Clock |  Target  | Estimated | Uncertainty|
    +--------+----------+-----------+------------+
    |ap_clk  |  20.00 ns|  13.000 ns|     5.40 ns|
    +--------+----------+-----------+------------+

+ Latency: 
    * Summary: 
    +---------+---------+-----------+-----------+-----+-----+---------+
    |  Latency (cycles) |   Latency (absolute)  |  Interval | Pipeline|
    |   min   |   max   |    min    |    max    | min | max |   Type  |
    +---------+---------+-----------+-----------+-----+-----+---------+
    |        1|        1|  20.000 ns|  20.000 ns|    1|    1|       no|
    +---------+---------+-----------+-----------+-----+-----+---------+

    + Detail: 
        * Instance: 
        N/A

        * Loop: 
        N/A



================================================================
== Utilization Estimates
================================================================
* Summary: 
+-----------------+---------+-----+--------+-------+-----+
|       Name      | BRAM_18K| DSP |   FF   |  LUT  | URAM|
+-----------------+---------+-----+--------+-------+-----+
|DSP              |        -|    -|       -|      -|    -|
|Expression       |        -|    -|       0|    756|    -|
|FIFO             |        -|    -|       -|      -|    -|
|Instance         |        -|    -|       -|      -|    -|
|Memory           |        -|    -|       -|      -|    -|
|Multiplexer      |        -|    -|       0|     50|    -|
|Register         |        -|    -|     111|      -|    -|
+-----------------+---------+-----+--------+-------+-----+
|Total            |        0|    0|     111|    806|    0|
+-----------------+---------+-----+--------+-------+-----+
|Available        |      280|  220|  106400|  53200|    0|
+-----------------+---------+-----+--------+-------+-----+
|Utilization (%)  |        0|    0|      ~0|      1|    0|
+-----------------+---------+-----+--------+-------+-----+

+ Detail: 
    * Instance: 
    N/A

    * DSP: 
    N/A

    * Memory: 
    N/A

    * FIFO: 
    N/A

    * Expression: 
    +--------------------------+----------+----+---+----+------------+------------+
    |       Variable Name      | Operation| DSP| FF| LUT| Bitwidth P0| Bitwidth P1|
    +--------------------------+----------+----+---+----+------------+------------+
    |add_ln58_1267_fu_326_p2   |         +|   0|  0|   8|           8|           8|
    |add_ln58_1268_fu_730_p2   |         +|   0|  0|  14|           9|           9|
    |add_ln58_1269_fu_342_p2   |         +|   0|  0|  14|           9|           9|
    |add_ln58_1270_fu_743_p2   |         +|   0|  0|  10|          10|          10|
    |add_ln58_1271_fu_752_p2   |         +|   0|  0|   9|           9|           9|
    |add_ln58_1272_fu_762_p2   |         +|   0|  0|  10|          10|          10|
    |add_ln58_1273_fu_772_p2   |         +|   0|  0|  10|          10|          10|
    |add_ln58_1274_fu_802_p2   |         +|   0|  0|  10|          10|          10|
    |add_ln58_1275_fu_843_p2   |         +|   0|  0|  14|           9|           9|
    |add_ln58_1276_fu_853_p2   |         +|   0|  0|  13|          10|          10|
    |add_ln58_1277_fu_863_p2   |         +|   0|  0|  11|          11|          11|
    |add_ln58_1278_fu_883_p2   |         +|   0|  0|   8|           8|           8|
    |add_ln58_1279_fu_889_p2   |         +|   0|  0|   8|           8|           8|
    |add_ln58_1280_fu_899_p2   |         +|   0|  0|   9|           9|           9|
    |add_ln58_1281_fu_909_p2   |         +|   0|  0|  11|          11|          11|
    |add_ln58_1282_fu_919_p2   |         +|   0|  0|  12|          11|          11|
    |add_ln58_1283_fu_925_p2   |         +|   0|  0|   9|           9|           9|
    |add_ln58_1284_fu_935_p2   |         +|   0|  0|  11|          11|          11|
    |add_ln58_1285_fu_955_p2   |         +|   0|  0|  15|           8|           8|
    |add_ln58_1286_fu_965_p2   |         +|   0|  0|   9|           9|           9|
    |add_ln58_1287_fu_975_p2   |         +|   0|  0|  11|          11|          11|
    |add_ln58_1288_fu_985_p2   |         +|   0|  0|  11|          11|          11|
    |add_ln58_1289_fu_1001_p2  |         +|   0|  0|  11|          11|          11|
    |add_ln58_1290_fu_370_p2   |         +|   0|  0|  14|           9|           9|
    |add_ln58_1291_fu_1014_p2  |         +|   0|  0|  10|          10|          10|
    |add_ln58_1292_fu_1020_p2  |         +|   0|  0|  15|           8|           8|
    |add_ln58_1293_fu_1040_p2  |         +|   0|  0|  10|          10|          10|
    |add_ln58_1294_fu_1050_p2  |         +|   0|  0|   9|           9|           9|
    |add_ln58_1295_fu_1060_p2  |         +|   0|  0|  11|          11|          11|
    |add_ln58_1296_fu_1066_p2  |         +|   0|  0|  15|           8|           8|
    |add_ln58_1297_fu_1086_p2  |         +|   0|  0|  11|          11|          11|
    |add_ln58_fu_308_p2        |         +|   0|  0|  14|           7|           7|
    |sub_ln58_507_fu_820_p2    |         -|   0|  0|  12|          11|          11|
    |sub_ln58_532_fu_290_p2    |         -|   0|  0|  15|           8|           8|
    |sub_ln58_533_fu_332_p2    |         -|   0|  0|  15|           8|           8|
    |sub_ln58_534_fu_348_p2    |         -|   0|  0|  15|           8|           8|
    |sub_ln58_535_fu_778_p2    |         -|   0|  0|  15|           8|           8|
    |sub_ln58_536_fu_792_p2    |         -|   0|  0|  14|           9|           9|
    |sub_ln58_537_fu_830_p2    |         -|   0|  0|  15|           8|           8|
    |sub_ln58_538_fu_354_p2    |         -|   0|  0|  14|           9|           9|
    |sub_ln58_539_fu_877_p2    |         -|   0|  0|   9|           9|           9|
    |sub_ln58_540_fu_949_p2    |         -|   0|  0|   9|           9|           9|
    |sub_ln58_541_fu_991_p2    |         -|   0|  0|  15|           8|           8|
    |sub_ln58_542_fu_360_p2    |         -|   0|  0|  15|           8|           8|
    |sub_ln58_543_fu_1030_p2   |         -|   0|  0|  14|           9|           9|
    |sub_ln58_544_fu_1076_p2   |         -|   0|  0|  14|           9|           9|
    |sub_ln58_fu_280_p2        |         -|   0|  0|   8|           8|           8|
    |sub_ln73_123_fu_188_p2    |         -|   0|  0|   8|           8|           8|
    |sub_ln73_124_fu_206_p2    |         -|   0|  0|   8|           1|           8|
    |sub_ln73_125_fu_409_p2    |         -|   0|  0|  14|           9|           9|
    |sub_ln73_126_fu_419_p2    |         -|   0|  0|  14|           9|           9|
    |sub_ln73_127_fu_445_p2    |         -|   0|  0|   9|           9|           9|
    |sub_ln73_128_fu_499_p2    |         -|   0|  0|  14|           9|           9|
    |sub_ln73_129_fu_509_p2    |         -|   0|  0|  14|           9|           9|
    |sub_ln73_130_fu_535_p2    |         -|   0|  0|  14|           9|           9|
    |sub_ln73_131_fu_585_p2    |         -|   0|  0|  14|           9|           9|
    |sub_ln73_132_fu_603_p2    |         -|   0|  0|  15|           1|           8|
    |sub_ln73_133_fu_633_p2    |         -|   0|  0|   9|           9|           9|
    |sub_ln73_134_fu_659_p2    |         -|   0|  0|  15|           1|           8|
    |sub_ln73_135_fu_693_p2    |         -|   0|  0|  15|           1|           8|
    |sub_ln73_136_fu_711_p2    |         -|   0|  0|  14|           9|           9|
    |sub_ln73_137_fu_721_p2    |         -|   0|  0|   9|           9|           9|
    |sub_ln73_fu_463_p2        |         -|   0|  0|  14|           1|           7|
    +--------------------------+----------+----+---+----+------------+------------+
    |Total                     |          |   0|  0| 756|         537|         571|
    +--------------------------+----------+----+---+----+------------+------------+

    * Multiplexer: 
    +-------------+----+-----------+-----+-----------+
    |     Name    | LUT| Input Size| Bits| Total Bits|
    +-------------+----+-----------+-----+-----------+
    |ap_NS_fsm    |  14|          3|    1|          3|
    |ap_return_0  |   9|          2|   17|         34|
    |ap_return_1  |   9|          2|   17|         34|
    |ap_return_2  |   9|          2|   17|         34|
    |ap_return_3  |   9|          2|   17|         34|
    +-------------+----+-----------+-----+-----------+
    |Total        |  50|         11|   69|        139|
    +-------------+----+-----------+-----+-----------+

    * Register: 
    +------------------------+----+----+-----+-----------+
    |          Name          | FF | LUT| Bits| Const Bits|
    +------------------------+----+----+-----+-----------+
    |add_ln58_1267_reg_1133  |   8|   0|    8|          0|
    |add_ln58_1269_reg_1138  |   9|   0|    9|          0|
    |add_ln58_1290_reg_1153  |   9|   0|    9|          0|
    |ap_CS_fsm               |   2|   0|    2|          0|
    |ap_return_0_preg        |  17|   0|   17|          0|
    |ap_return_1_preg        |  17|   0|   17|          0|
    |ap_return_2_preg        |  17|   0|   17|          0|
    |ap_return_3_preg        |  17|   0|   17|          0|
    |sub_ln58_534_reg_1143   |   7|   0|    8|          1|
    |sub_ln58_538_reg_1148   |   8|   0|    9|          1|
    +------------------------+----+----+-----+-----------+
    |Total                   | 111|   0|  113|          2|
    +------------------------+----+----+-----+-----------+



================================================================
== Interface
================================================================
* Summary: 
+-------------+-----+-----+------------+----------------------------------------------------------------------------+--------------+
|  RTL Ports  | Dir | Bits|  Protocol  |                                Source Object                               |    C Type    |
+-------------+-----+-----+------------+----------------------------------------------------------------------------+--------------+
|ap_clk       |   in|    1|  ap_ctrl_hs|  dense_latency<ap_fixed<6, 4, 0, 0, 0>, ap_fixed<17, 13, 5, 3, 0>, config9>|  return value|
|ap_rst       |   in|    1|  ap_ctrl_hs|  dense_latency<ap_fixed<6, 4, 0, 0, 0>, ap_fixed<17, 13, 5, 3, 0>, config9>|  return value|
|ap_start     |   in|    1|  ap_ctrl_hs|  dense_latency<ap_fixed<6, 4, 0, 0, 0>, ap_fixed<17, 13, 5, 3, 0>, config9>|  return value|
|ap_done      |  out|    1|  ap_ctrl_hs|  dense_latency<ap_fixed<6, 4, 0, 0, 0>, ap_fixed<17, 13, 5, 3, 0>, config9>|  return value|
|ap_idle      |  out|    1|  ap_ctrl_hs|  dense_latency<ap_fixed<6, 4, 0, 0, 0>, ap_fixed<17, 13, 5, 3, 0>, config9>|  return value|
|ap_ready     |  out|    1|  ap_ctrl_hs|  dense_latency<ap_fixed<6, 4, 0, 0, 0>, ap_fixed<17, 13, 5, 3, 0>, config9>|  return value|
|ap_return_0  |  out|   17|  ap_ctrl_hs|  dense_latency<ap_fixed<6, 4, 0, 0, 0>, ap_fixed<17, 13, 5, 3, 0>, config9>|  return value|
|ap_return_1  |  out|   17|  ap_ctrl_hs|  dense_latency<ap_fixed<6, 4, 0, 0, 0>, ap_fixed<17, 13, 5, 3, 0>, config9>|  return value|
|ap_return_2  |  out|   17|  ap_ctrl_hs|  dense_latency<ap_fixed<6, 4, 0, 0, 0>, ap_fixed<17, 13, 5, 3, 0>, config9>|  return value|
|ap_return_3  |  out|   17|  ap_ctrl_hs|  dense_latency<ap_fixed<6, 4, 0, 0, 0>, ap_fixed<17, 13, 5, 3, 0>, config9>|  return value|
|data_0_val   |   in|    6|     ap_none|                                                                  data_0_val|        scalar|
|data_1_val   |   in|    6|     ap_none|                                                                  data_1_val|        scalar|
|data_2_val   |   in|    6|     ap_none|                                                                  data_2_val|        scalar|
|data_3_val   |   in|    6|     ap_none|                                                                  data_3_val|        scalar|
|data_4_val   |   in|    6|     ap_none|                                                                  data_4_val|        scalar|
|data_5_val   |   in|    6|     ap_none|                                                                  data_5_val|        scalar|
|data_6_val   |   in|    6|     ap_none|                                                                  data_6_val|        scalar|
|data_7_val   |   in|    6|     ap_none|                                                                  data_7_val|        scalar|
|data_8_val   |   in|    6|     ap_none|                                                                  data_8_val|        scalar|
|data_9_val   |   in|    6|     ap_none|                                                                  data_9_val|        scalar|
|data_10_val  |   in|    6|     ap_none|                                                                 data_10_val|        scalar|
|data_11_val  |   in|    6|     ap_none|                                                                 data_11_val|        scalar|
|data_12_val  |   in|    6|     ap_none|                                                                 data_12_val|        scalar|
|data_13_val  |   in|    6|     ap_none|                                                                 data_13_val|        scalar|
|data_14_val  |   in|    6|     ap_none|                                                                 data_14_val|        scalar|
|data_15_val  |   in|    6|     ap_none|                                                                 data_15_val|        scalar|
+-------------+-----+-----+------------+----------------------------------------------------------------------------+--------------+

============================================================
+ Verbose Summary: Synthesis Manager
============================================================
InlineROM: 1
ExposeGlobal: 0
============================================================
+ Verbose Summary: CDFG Model
============================================================
IsTopModel: 0
ResetActiveHigh: 1
IsCombinational: 2
IsDatapathOnly: 2
HasWiredReturn: 1
HasMFsm: 0
HasVarLatency: 1
IsPipeline: 0
IsRtlPipelined: 0
IsInstanceOverlapped: 0
IsDontTouch: 0
HasImplIP: 0
IsGatedGlobalClock: 0


============================================================
+ Verbose Summary: Schedule
============================================================
* Number of FSM states : 2
* Pipeline : 0
* Dataflow Pipeline: 0

* FSM state transitions: 
1 --> 2 
2 --> 

* FSM state operations: 

State 1 <SV = 0> <Delay = 5.58>
ST_1 : Operation 3 [1/1] (0.00ns)   --->   "%data_8_val_read = read i6 @_ssdm_op_Read.ap_auto.i6, i6 %data_8_val" [firmware/nnet_utils/nnet_mult.h:70->firmware/nnet_utils/nnet_dense_latency.h:42]   --->   Operation 3 'read' 'data_8_val_read' <Predicate = true> <Delay = 0.00>
ST_1 : Operation 4 [1/1] (0.00ns)   --->   "%data_5_val_read = read i6 @_ssdm_op_Read.ap_auto.i6, i6 %data_5_val" [firmware/nnet_utils/nnet_mult.h:70->firmware/nnet_utils/nnet_dense_latency.h:42]   --->   Operation 4 'read' 'data_5_val_read' <Predicate = true> <Delay = 0.00>
ST_1 : Operation 5 [1/1] (0.00ns)   --->   "%data_4_val_read = read i6 @_ssdm_op_Read.ap_auto.i6, i6 %data_4_val" [firmware/nnet_utils/nnet_mult.h:70->firmware/nnet_utils/nnet_dense_latency.h:42]   --->   Operation 5 'read' 'data_4_val_read' <Predicate = true> <Delay = 0.00>
ST_1 : Operation 6 [1/1] (0.00ns)   --->   "%data_2_val_read = read i6 @_ssdm_op_Read.ap_auto.i6, i6 %data_2_val" [firmware/nnet_utils/nnet_mult.h:70->firmware/nnet_utils/nnet_dense_latency.h:42]   --->   Operation 6 'read' 'data_2_val_read' <Predicate = true> <Delay = 0.00>
ST_1 : Operation 7 [1/1] (0.00ns)   --->   "%data_1_val_read = read i6 @_ssdm_op_Read.ap_auto.i6, i6 %data_1_val" [firmware/nnet_utils/nnet_mult.h:70->firmware/nnet_utils/nnet_dense_latency.h:42]   --->   Operation 7 'read' 'data_1_val_read' <Predicate = true> <Delay = 0.00>
ST_1 : Operation 8 [1/1] (0.00ns)   --->   "%data_0_val_read = read i6 @_ssdm_op_Read.ap_auto.i6, i6 %data_0_val" [firmware/nnet_utils/nnet_mult.h:70->firmware/nnet_utils/nnet_dense_latency.h:42]   --->   Operation 8 'read' 'data_0_val_read' <Predicate = true> <Delay = 0.00>
ST_1 : Operation 9 [1/1] (0.00ns)   --->   "%sext_ln73 = sext i6 %data_0_val_read" [firmware/nnet_utils/nnet_mult.h:73->firmware/nnet_utils/nnet_dense_latency.h:42]   --->   Operation 9 'sext' 'sext_ln73' <Predicate = true> <Delay = 0.00>
ST_1 : Operation 10 [1/1] (0.00ns)   --->   "%tmp_313 = bitconcatenate i7 @_ssdm_op_BitConcatenate.i7.i6.i1, i6 %data_0_val_read, i1 0" [firmware/nnet_utils/nnet_mult.h:73->firmware/nnet_utils/nnet_dense_latency.h:42]   --->   Operation 10 'bitconcatenate' 'tmp_313' <Predicate = true> <Delay = 0.00>
ST_1 : Operation 11 [1/1] (0.00ns)   --->   "%sext_ln73_105 = sext i7 %tmp_313" [firmware/nnet_utils/nnet_mult.h:73->firmware/nnet_utils/nnet_dense_latency.h:42]   --->   Operation 11 'sext' 'sext_ln73_105' <Predicate = true> <Delay = 0.00>
ST_1 : Operation 12 [1/1] (0.00ns)   --->   "%sext_ln73_96 = sext i6 %data_1_val_read" [firmware/nnet_utils/nnet_mult.h:73->firmware/nnet_utils/nnet_dense_latency.h:42]   --->   Operation 12 'sext' 'sext_ln73_96' <Predicate = true> <Delay = 0.00>
ST_1 : Operation 13 [1/1] (0.00ns)   --->   "%p_shl = bitconcatenate i8 @_ssdm_op_BitConcatenate.i8.i6.i2, i6 %data_1_val_read, i2 0" [firmware/nnet_utils/nnet_mult.h:73->firmware/nnet_utils/nnet_dense_latency.h:42]   --->   Operation 13 'bitconcatenate' 'p_shl' <Predicate = true> <Delay = 0.00>
ST_1 : Operation 14 [1/1] (0.00ns) (grouped into TernaryAdder)   --->   "%sub_ln73_123 = sub i8 %p_shl, i8 %sext_ln73_96" [firmware/nnet_utils/nnet_mult.h:73->firmware/nnet_utils/nnet_dense_latency.h:42]   --->   Operation 14 'sub' 'sub_ln73_123' <Predicate = true> <Delay = 0.00> <CoreInst = "TAddSub">   --->   Core 10 'TAddSub' <Latency = 0> <II = 1> <Delay = 1.84> <IPBlock> <Opcode : 'add' 'sub'> <InPorts = 3> <OutPorts = 1> <Sync> <CReg>
ST_1 : Operation 15 [1/1] (0.00ns)   --->   "%tmp_314 = bitconcatenate i7 @_ssdm_op_BitConcatenate.i7.i6.i1, i6 %data_1_val_read, i1 0" [firmware/nnet_utils/nnet_mult.h:73->firmware/nnet_utils/nnet_dense_latency.h:42]   --->   Operation 15 'bitconcatenate' 'tmp_314' <Predicate = true> <Delay = 0.00>
ST_1 : Operation 16 [1/1] (0.00ns)   --->   "%sext_ln73_107 = sext i7 %tmp_314" [firmware/nnet_utils/nnet_mult.h:73->firmware/nnet_utils/nnet_dense_latency.h:42]   --->   Operation 16 'sext' 'sext_ln73_107' <Predicate = true> <Delay = 0.00>
ST_1 : Operation 17 [1/1] (0.00ns) (grouped into TernaryAdder)   --->   "%sub_ln73_124 = sub i8 0, i8 %sext_ln73_107" [firmware/nnet_utils/nnet_mult.h:73->firmware/nnet_utils/nnet_dense_latency.h:42]   --->   Operation 17 'sub' 'sub_ln73_124' <Predicate = true> <Delay = 0.00> <CoreInst = "TAddSub">   --->   Core 10 'TAddSub' <Latency = 0> <II = 1> <Delay = 1.84> <IPBlock> <Opcode : 'add' 'sub'> <InPorts = 3> <OutPorts = 1> <Sync> <CReg>
ST_1 : Operation 18 [1/1] (0.00ns)   --->   "%sext_ln42 = sext i6 %data_2_val_read" [firmware/nnet_utils/nnet_dense_latency.h:42]   --->   Operation 18 'sext' 'sext_ln42' <Predicate = true> <Delay = 0.00>
ST_1 : Operation 19 [1/1] (0.00ns)   --->   "%tmp_315 = bitconcatenate i7 @_ssdm_op_BitConcatenate.i7.i6.i1, i6 %data_2_val_read, i1 0" [firmware/nnet_utils/nnet_mult.h:73->firmware/nnet_utils/nnet_dense_latency.h:42]   --->   Operation 19 'bitconcatenate' 'tmp_315' <Predicate = true> <Delay = 0.00>
ST_1 : Operation 20 [1/1] (0.00ns)   --->   "%sext_ln73_115 = sext i7 %tmp_315" [firmware/nnet_utils/nnet_mult.h:73->firmware/nnet_utils/nnet_dense_latency.h:42]   --->   Operation 20 'sext' 'sext_ln73_115' <Predicate = true> <Delay = 0.00>
ST_1 : Operation 21 [1/1] (0.00ns)   --->   "%tmp_318 = bitconcatenate i7 @_ssdm_op_BitConcatenate.i7.i6.i1, i6 %data_4_val_read, i1 0" [firmware/nnet_utils/nnet_mult.h:73->firmware/nnet_utils/nnet_dense_latency.h:42]   --->   Operation 21 'bitconcatenate' 'tmp_318' <Predicate = true> <Delay = 0.00>
ST_1 : Operation 22 [1/1] (0.00ns)   --->   "%sext_ln73_122 = sext i7 %tmp_318" [firmware/nnet_utils/nnet_mult.h:73->firmware/nnet_utils/nnet_dense_latency.h:42]   --->   Operation 22 'sext' 'sext_ln73_122' <Predicate = true> <Delay = 0.00>
ST_1 : Operation 23 [1/1] (0.00ns)   --->   "%sext_ln73_101 = sext i6 %data_5_val_read" [firmware/nnet_utils/nnet_mult.h:73->firmware/nnet_utils/nnet_dense_latency.h:42]   --->   Operation 23 'sext' 'sext_ln73_101' <Predicate = true> <Delay = 0.00>
ST_1 : Operation 24 [1/1] (0.00ns)   --->   "%tmp_319 = bitconcatenate i8 @_ssdm_op_BitConcatenate.i8.i6.i2, i6 %data_5_val_read, i2 0" [firmware/nnet_utils/nnet_mult.h:73->firmware/nnet_utils/nnet_dense_latency.h:42]   --->   Operation 24 'bitconcatenate' 'tmp_319' <Predicate = true> <Delay = 0.00>
ST_1 : Operation 25 [1/1] (0.00ns)   --->   "%sext_ln73_124 = sext i8 %tmp_319" [firmware/nnet_utils/nnet_mult.h:73->firmware/nnet_utils/nnet_dense_latency.h:42]   --->   Operation 25 'sext' 'sext_ln73_124' <Predicate = true> <Delay = 0.00>
ST_1 : Operation 26 [1/1] (0.00ns)   --->   "%tmp_320 = bitconcatenate i7 @_ssdm_op_BitConcatenate.i7.i6.i1, i6 %data_5_val_read, i1 0" [firmware/nnet_utils/nnet_mult.h:73->firmware/nnet_utils/nnet_dense_latency.h:42]   --->   Operation 26 'bitconcatenate' 'tmp_320' <Predicate = true> <Delay = 0.00>
ST_1 : Operation 27 [1/1] (0.00ns)   --->   "%sext_ln73_125 = sext i7 %tmp_320" [firmware/nnet_utils/nnet_mult.h:73->firmware/nnet_utils/nnet_dense_latency.h:42]   --->   Operation 27 'sext' 'sext_ln73_125' <Predicate = true> <Delay = 0.00>
ST_1 : Operation 28 [1/1] (0.00ns)   --->   "%shl_ln73_5 = bitconcatenate i7 @_ssdm_op_BitConcatenate.i7.i6.i1, i6 %data_8_val_read, i1 0" [firmware/nnet_utils/nnet_mult.h:73->firmware/nnet_utils/nnet_dense_latency.h:42]   --->   Operation 28 'bitconcatenate' 'shl_ln73_5' <Predicate = true> <Delay = 0.00>
ST_1 : Operation 29 [1/1] (0.00ns)   --->   "%sext_ln73_112 = sext i7 %shl_ln73_5" [firmware/nnet_utils/nnet_mult.h:73->firmware/nnet_utils/nnet_dense_latency.h:42]   --->   Operation 29 'sext' 'sext_ln73_112' <Predicate = true> <Delay = 0.00>
ST_1 : Operation 30 [1/1] (3.66ns) (root node of TernaryAdder)   --->   "%sub_ln58 = sub i8 %sub_ln73_124, i8 %sext_ln73" [firmware/nnet_utils/nnet_dense_latency.h:58]   --->   Operation 30 'sub' 'sub_ln58' <Predicate = true> <Delay = 3.66> <CoreInst = "TAddSub">   --->   Core 10 'TAddSub' <Latency = 0> <II = 1> <Delay = 1.84> <IPBlock> <Opcode : 'add' 'sub'> <InPorts = 3> <OutPorts = 1> <Sync> <CReg>
ST_1 : Operation 31 [1/1] (0.00ns)   --->   "%sext_ln58_466 = sext i8 %sub_ln58" [firmware/nnet_utils/nnet_dense_latency.h:58]   --->   Operation 31 'sext' 'sext_ln58_466' <Predicate = true> <Delay = 0.00>
ST_1 : Operation 32 [1/1] (1.87ns)   --->   "%sub_ln58_532 = sub i8 %sext_ln73_107, i8 %sext_ln73_105" [firmware/nnet_utils/nnet_dense_latency.h:58]   --->   Operation 32 'sub' 'sub_ln58_532' <Predicate = true> <Delay = 1.87> <CoreInst = "Adder">   --->   Core 1 'Adder' <Latency = 0> <II = 1> <Delay = 1.91> <FuncUnit> <Opcode : 'add' 'sub'> <InPorts = 2> <OutPorts = 1>
ST_1 : Operation 33 [1/1] (0.00ns)   --->   "%add_ln58_cast27 = sext i8 %sub_ln58_532" [firmware/nnet_utils/nnet_dense_latency.h:58]   --->   Operation 33 'sext' 'add_ln58_cast27' <Predicate = true> <Delay = 0.00>
ST_1 : Operation 34 [1/1] (0.00ns)   --->   "%data_0_val_cast17 = sext i6 %data_0_val_read" [firmware/nnet_utils/nnet_mult.h:70->firmware/nnet_utils/nnet_dense_latency.h:42]   --->   Operation 34 'sext' 'data_0_val_cast17' <Predicate = true> <Delay = 0.00>
ST_1 : Operation 35 [1/1] (0.00ns)   --->   "%sext_ln58_467 = sext i6 %data_2_val_read" [firmware/nnet_utils/nnet_dense_latency.h:58]   --->   Operation 35 'sext' 'sext_ln58_467' <Predicate = true> <Delay = 0.00>
ST_1 : Operation 36 [1/1] (1.82ns)   --->   "%add_ln58 = add i7 %sext_ln58_467, i7 %data_0_val_cast17" [firmware/nnet_utils/nnet_dense_latency.h:58]   --->   Operation 36 'add' 'add_ln58' <Predicate = true> <Delay = 1.82> <CoreInst = "Adder">   --->   Core 1 'Adder' <Latency = 0> <II = 1> <Delay = 1.87> <FuncUnit> <Opcode : 'add' 'sub'> <InPorts = 2> <OutPorts = 1>
ST_1 : Operation 37 [1/1] (0.00ns)   --->   "%tmp = bitconcatenate i8 @_ssdm_op_BitConcatenate.i8.i7.i1, i7 %add_ln58, i1 0" [firmware/nnet_utils/nnet_dense_latency.h:58]   --->   Operation 37 'bitconcatenate' 'tmp' <Predicate = true> <Delay = 0.00>
ST_1 : Operation 38 [1/1] (0.00ns)   --->   "%sext_ln58_1409 = sext i8 %tmp" [firmware/nnet_utils/nnet_dense_latency.h:58]   --->   Operation 38 'sext' 'sext_ln58_1409' <Predicate = true> <Delay = 0.00>
ST_1 : Operation 39 [1/1] (3.66ns) (root node of TernaryAdder)   --->   "%add_ln58_1267 = add i8 %sub_ln73_123, i8 %sext_ln42" [firmware/nnet_utils/nnet_dense_latency.h:58]   --->   Operation 39 'add' 'add_ln58_1267' <Predicate = true> <Delay = 3.66> <CoreInst = "TAddSub">   --->   Core 10 'TAddSub' <Latency = 0> <II = 1> <Delay = 1.84> <IPBlock> <Opcode : 'add' 'sub'> <InPorts = 3> <OutPorts = 1> <Sync> <CReg>
ST_1 : Operation 40 [1/1] (1.87ns)   --->   "%sub_ln58_533 = sub i8 %sext_ln73_125, i8 %sext_ln73_122" [firmware/nnet_utils/nnet_dense_latency.h:58]   --->   Operation 40 'sub' 'sub_ln58_533' <Predicate = true> <Delay = 1.87> <CoreInst = "Adder">   --->   Core 1 'Adder' <Latency = 0> <II = 1> <Delay = 1.91> <FuncUnit> <Opcode : 'add' 'sub'> <InPorts = 2> <OutPorts = 1>
ST_1 : Operation 41 [1/1] (0.00ns)   --->   "%sext_ln58 = sext i8 %sub_ln58_533" [firmware/nnet_utils/nnet_dense_latency.h:58]   --->   Operation 41 'sext' 'sext_ln58' <Predicate = true> <Delay = 0.00>
ST_1 : Operation 42 [1/1] (1.91ns)   --->   "%add_ln58_1269 = add i9 %sext_ln58, i9 %sext_ln58_466" [firmware/nnet_utils/nnet_dense_latency.h:58]   --->   Operation 42 'add' 'add_ln58_1269' <Predicate = true> <Delay = 1.91> <CoreInst = "Adder">   --->   Core 1 'Adder' <Latency = 0> <II = 1> <Delay = 1.82> <FuncUnit> <Opcode : 'add' 'sub'> <InPorts = 2> <OutPorts = 1>
ST_1 : Operation 43 [1/1] (1.87ns)   --->   "%sub_ln58_534 = sub i8 %sext_ln73_112, i8 %sext_ln73_125" [firmware/nnet_utils/nnet_dense_latency.h:58]   --->   Operation 43 'sub' 'sub_ln58_534' <Predicate = true> <Delay = 1.87> <CoreInst = "Adder">   --->   Core 1 'Adder' <Latency = 0> <II = 1> <Delay = 1.91> <FuncUnit> <Opcode : 'add' 'sub'> <InPorts = 2> <OutPorts = 1>
ST_1 : Operation 44 [1/1] (1.91ns)   --->   "%sub_ln58_538 = sub i9 %sext_ln58_1409, i9 %sext_ln73_124" [firmware/nnet_utils/nnet_dense_latency.h:58]   --->   Operation 44 'sub' 'sub_ln58_538' <Predicate = true> <Delay = 1.91> <CoreInst = "Adder">   --->   Core 1 'Adder' <Latency = 0> <II = 1> <Delay = 1.82> <FuncUnit> <Opcode : 'add' 'sub'> <InPorts = 2> <OutPorts = 1>
ST_1 : Operation 45 [1/1] (1.87ns)   --->   "%sub_ln58_542 = sub i8 %sext_ln73_101, i8 %sext_ln73_115" [firmware/nnet_utils/nnet_dense_latency.h:58]   --->   Operation 45 'sub' 'sub_ln58_542' <Predicate = true> <Delay = 1.87> <CoreInst = "Adder">   --->   Core 1 'Adder' <Latency = 0> <II = 1> <Delay = 1.91> <FuncUnit> <Opcode : 'add' 'sub'> <InPorts = 2> <OutPorts = 1>
ST_1 : Operation 46 [1/1] (0.00ns)   --->   "%sext_ln58_1408 = sext i8 %sub_ln58_542" [firmware/nnet_utils/nnet_dense_latency.h:58]   --->   Operation 46 'sext' 'sext_ln58_1408' <Predicate = true> <Delay = 0.00>
ST_1 : Operation 47 [1/1] (1.91ns)   --->   "%add_ln58_1290 = add i9 %sext_ln58_1408, i9 %add_ln58_cast27" [firmware/nnet_utils/nnet_dense_latency.h:58]   --->   Operation 47 'add' 'add_ln58_1290' <Predicate = true> <Delay = 1.91> <CoreInst = "Adder">   --->   Core 1 'Adder' <Latency = 0> <II = 1> <Delay = 1.82> <FuncUnit> <Opcode : 'add' 'sub'> <InPorts = 2> <OutPorts = 1>

State 2 <SV = 1> <Delay = 13.0>
ST_2 : Operation 48 [1/1] (0.00ns)   --->   "%specpipeline_ln13 = specpipeline void @_ssdm_op_SpecPipeline, i32 2048, i32 0, i32 0, i32 0, void @empty_1" [firmware/nnet_utils/nnet_dense_latency.h:13]   --->   Operation 48 'specpipeline' 'specpipeline_ln13' <Predicate = true> <Delay = 0.00>
ST_2 : Operation 49 [1/1] (0.00ns)   --->   "%specresourcelimit_ln33 = specresourcelimit void @_ssdm_op_SpecResourceLimit, i64 1, void @empty_3, void @empty_1, void @empty_1, void @empty_1" [firmware/nnet_utils/nnet_dense_latency.h:33]   --->   Operation 49 'specresourcelimit' 'specresourcelimit_ln33' <Predicate = true> <Delay = 0.00>
ST_2 : Operation 50 [1/1] (0.00ns)   --->   "%data_15_val_read = read i6 @_ssdm_op_Read.ap_auto.i6, i6 %data_15_val" [firmware/nnet_utils/nnet_mult.h:70->firmware/nnet_utils/nnet_dense_latency.h:42]   --->   Operation 50 'read' 'data_15_val_read' <Predicate = true> <Delay = 0.00>
ST_2 : Operation 51 [1/1] (0.00ns)   --->   "%data_14_val_read = read i6 @_ssdm_op_Read.ap_auto.i6, i6 %data_14_val" [firmware/nnet_utils/nnet_mult.h:70->firmware/nnet_utils/nnet_dense_latency.h:42]   --->   Operation 51 'read' 'data_14_val_read' <Predicate = true> <Delay = 0.00>
ST_2 : Operation 52 [1/1] (0.00ns)   --->   "%data_13_val_read = read i6 @_ssdm_op_Read.ap_auto.i6, i6 %data_13_val" [firmware/nnet_utils/nnet_mult.h:70->firmware/nnet_utils/nnet_dense_latency.h:42]   --->   Operation 52 'read' 'data_13_val_read' <Predicate = true> <Delay = 0.00>
ST_2 : Operation 53 [1/1] (0.00ns)   --->   "%data_12_val_read = read i6 @_ssdm_op_Read.ap_auto.i6, i6 %data_12_val" [firmware/nnet_utils/nnet_mult.h:70->firmware/nnet_utils/nnet_dense_latency.h:42]   --->   Operation 53 'read' 'data_12_val_read' <Predicate = true> <Delay = 0.00>
ST_2 : Operation 54 [1/1] (0.00ns)   --->   "%data_11_val_read = read i6 @_ssdm_op_Read.ap_auto.i6, i6 %data_11_val" [firmware/nnet_utils/nnet_mult.h:70->firmware/nnet_utils/nnet_dense_latency.h:42]   --->   Operation 54 'read' 'data_11_val_read' <Predicate = true> <Delay = 0.00>
ST_2 : Operation 55 [1/1] (0.00ns)   --->   "%data_10_val_read = read i6 @_ssdm_op_Read.ap_auto.i6, i6 %data_10_val" [firmware/nnet_utils/nnet_mult.h:70->firmware/nnet_utils/nnet_dense_latency.h:42]   --->   Operation 55 'read' 'data_10_val_read' <Predicate = true> <Delay = 0.00>
ST_2 : Operation 56 [1/1] (0.00ns)   --->   "%data_9_val_read = read i6 @_ssdm_op_Read.ap_auto.i6, i6 %data_9_val" [firmware/nnet_utils/nnet_mult.h:70->firmware/nnet_utils/nnet_dense_latency.h:42]   --->   Operation 56 'read' 'data_9_val_read' <Predicate = true> <Delay = 0.00>
ST_2 : Operation 57 [1/1] (0.00ns)   --->   "%data_7_val_read = read i6 @_ssdm_op_Read.ap_auto.i6, i6 %data_7_val" [firmware/nnet_utils/nnet_mult.h:70->firmware/nnet_utils/nnet_dense_latency.h:42]   --->   Operation 57 'read' 'data_7_val_read' <Predicate = true> <Delay = 0.00>
ST_2 : Operation 58 [1/1] (0.00ns)   --->   "%data_6_val_read = read i6 @_ssdm_op_Read.ap_auto.i6, i6 %data_6_val" [firmware/nnet_utils/nnet_mult.h:70->firmware/nnet_utils/nnet_dense_latency.h:42]   --->   Operation 58 'read' 'data_6_val_read' <Predicate = true> <Delay = 0.00>
ST_2 : Operation 59 [1/1] (0.00ns)   --->   "%data_3_val_read = read i6 @_ssdm_op_Read.ap_auto.i6, i6 %data_3_val" [firmware/nnet_utils/nnet_mult.h:70->firmware/nnet_utils/nnet_dense_latency.h:42]   --->   Operation 59 'read' 'data_3_val_read' <Predicate = true> <Delay = 0.00>
ST_2 : Operation 60 [1/1] (0.00ns)   --->   "%tmp_316 = bitconcatenate i7 @_ssdm_op_BitConcatenate.i7.i6.i1, i6 %data_3_val_read, i1 0" [firmware/nnet_utils/nnet_mult.h:73->firmware/nnet_utils/nnet_dense_latency.h:42]   --->   Operation 60 'bitconcatenate' 'tmp_316' <Predicate = true> <Delay = 0.00>
ST_2 : Operation 61 [1/1] (0.00ns)   --->   "%sext_ln73_118 = sext i7 %tmp_316" [firmware/nnet_utils/nnet_mult.h:73->firmware/nnet_utils/nnet_dense_latency.h:42]   --->   Operation 61 'sext' 'sext_ln73_118' <Predicate = true> <Delay = 0.00>
ST_2 : Operation 62 [1/1] (0.00ns)   --->   "%sext_ln70 = sext i7 %tmp_316" [firmware/nnet_utils/nnet_mult.h:70->firmware/nnet_utils/nnet_dense_latency.h:42]   --->   Operation 62 'sext' 'sext_ln70' <Predicate = true> <Delay = 0.00>
ST_2 : Operation 63 [1/1] (0.00ns)   --->   "%sext_ln73_98 = sext i6 %data_4_val_read" [firmware/nnet_utils/nnet_mult.h:73->firmware/nnet_utils/nnet_dense_latency.h:42]   --->   Operation 63 'sext' 'sext_ln73_98' <Predicate = true> <Delay = 0.00>
ST_2 : Operation 64 [1/1] (0.00ns)   --->   "%sext_ln73_99 = sext i6 %data_4_val_read" [firmware/nnet_utils/nnet_mult.h:73->firmware/nnet_utils/nnet_dense_latency.h:42]   --->   Operation 64 'sext' 'sext_ln73_99' <Predicate = true> <Delay = 0.00>
ST_2 : Operation 65 [1/1] (0.00ns)   --->   "%tmp_317 = bitconcatenate i8 @_ssdm_op_BitConcatenate.i8.i6.i2, i6 %data_4_val_read, i2 0" [firmware/nnet_utils/nnet_mult.h:73->firmware/nnet_utils/nnet_dense_latency.h:42]   --->   Operation 65 'bitconcatenate' 'tmp_317' <Predicate = true> <Delay = 0.00>
ST_2 : Operation 66 [1/1] (0.00ns)   --->   "%sext_ln73_119 = sext i8 %tmp_317" [firmware/nnet_utils/nnet_mult.h:73->firmware/nnet_utils/nnet_dense_latency.h:42]   --->   Operation 66 'sext' 'sext_ln73_119' <Predicate = true> <Delay = 0.00>
ST_2 : Operation 67 [1/1] (1.91ns)   --->   "%sub_ln73_125 = sub i9 %sext_ln73_119, i9 %sext_ln73_99" [firmware/nnet_utils/nnet_mult.h:73->firmware/nnet_utils/nnet_dense_latency.h:42]   --->   Operation 67 'sub' 'sub_ln73_125' <Predicate = true> <Delay = 1.91> <CoreInst = "Adder">   --->   Core 1 'Adder' <Latency = 0> <II = 1> <Delay = 1.82> <FuncUnit> <Opcode : 'add' 'sub'> <InPorts = 2> <OutPorts = 1>
ST_2 : Operation 68 [1/1] (0.00ns)   --->   "%sext_ln73_100 = sext i9 %sub_ln73_125" [firmware/nnet_utils/nnet_mult.h:73->firmware/nnet_utils/nnet_dense_latency.h:42]   --->   Operation 68 'sext' 'sext_ln73_100' <Predicate = true> <Delay = 0.00>
ST_2 : Operation 69 [1/1] (1.91ns)   --->   "%sub_ln73_126 = sub i9 %sext_ln73_99, i9 %sext_ln73_119" [firmware/nnet_utils/nnet_mult.h:73->firmware/nnet_utils/nnet_dense_latency.h:42]   --->   Operation 69 'sub' 'sub_ln73_126' <Predicate = true> <Delay = 1.91> <CoreInst = "Adder">   --->   Core 1 'Adder' <Latency = 0> <II = 1> <Delay = 1.82> <FuncUnit> <Opcode : 'add' 'sub'> <InPorts = 2> <OutPorts = 1>
ST_2 : Operation 70 [1/1] (0.00ns)   --->   "%sext_ln70_33 = sext i9 %sub_ln73_126" [firmware/nnet_utils/nnet_mult.h:70->firmware/nnet_utils/nnet_dense_latency.h:42]   --->   Operation 70 'sext' 'sext_ln70_33' <Predicate = true> <Delay = 0.00>
ST_2 : Operation 71 [1/1] (0.00ns)   --->   "%sext_ln73_104 = sext i6 %data_6_val_read" [firmware/nnet_utils/nnet_mult.h:73->firmware/nnet_utils/nnet_dense_latency.h:42]   --->   Operation 71 'sext' 'sext_ln73_104' <Predicate = true> <Delay = 0.00>
ST_2 : Operation 72 [1/1] (0.00ns)   --->   "%shl_ln73_s = bitconcatenate i8 @_ssdm_op_BitConcatenate.i8.i6.i2, i6 %data_6_val_read, i2 0" [firmware/nnet_utils/nnet_mult.h:73->firmware/nnet_utils/nnet_dense_latency.h:42]   --->   Operation 72 'bitconcatenate' 'shl_ln73_s' <Predicate = true> <Delay = 0.00>
ST_2 : Operation 73 [1/1] (0.00ns)   --->   "%sext_ln73_106 = sext i8 %shl_ln73_s" [firmware/nnet_utils/nnet_mult.h:73->firmware/nnet_utils/nnet_dense_latency.h:42]   --->   Operation 73 'sext' 'sext_ln73_106' <Predicate = true> <Delay = 0.00>
ST_2 : Operation 74 [1/1] (0.00ns) (grouped into TernaryAdder)   --->   "%sub_ln73_127 = sub i9 %sext_ln73_104, i9 %sext_ln73_106" [firmware/nnet_utils/nnet_mult.h:73->firmware/nnet_utils/nnet_dense_latency.h:42]   --->   Operation 74 'sub' 'sub_ln73_127' <Predicate = true> <Delay = 0.00> <CoreInst = "TAddSub">   --->   Core 10 'TAddSub' <Latency = 0> <II = 1> <Delay = 1.84> <IPBlock> <Opcode : 'add' 'sub'> <InPorts = 3> <OutPorts = 1> <Sync> <CReg>
ST_2 : Operation 75 [1/1] (0.00ns)   --->   "%tmp_321 = bitconcatenate i7 @_ssdm_op_BitConcatenate.i7.i6.i1, i6 %data_6_val_read, i1 0" [firmware/nnet_utils/nnet_mult.h:73->firmware/nnet_utils/nnet_dense_latency.h:42]   --->   Operation 75 'bitconcatenate' 'tmp_321' <Predicate = true> <Delay = 0.00>
ST_2 : Operation 76 [1/1] (0.00ns)   --->   "%sext_ln73_108 = sext i6 %data_7_val_read" [firmware/nnet_utils/nnet_mult.h:73->firmware/nnet_utils/nnet_dense_latency.h:42]   --->   Operation 76 'sext' 'sext_ln73_108' <Predicate = true> <Delay = 0.00>
ST_2 : Operation 77 [1/1] (1.82ns)   --->   "%sub_ln73 = sub i7 0, i7 %sext_ln73_108" [firmware/nnet_utils/nnet_mult.h:73->firmware/nnet_utils/nnet_dense_latency.h:42]   --->   Operation 77 'sub' 'sub_ln73' <Predicate = true> <Delay = 1.82> <CoreInst = "Adder">   --->   Core 1 'Adder' <Latency = 0> <II = 1> <Delay = 1.87> <FuncUnit> <Opcode : 'add' 'sub'> <InPorts = 2> <OutPorts = 1>
ST_2 : Operation 78 [1/1] (0.00ns)   --->   "%sext_ln73_109 = sext i7 %sub_ln73" [firmware/nnet_utils/nnet_mult.h:73->firmware/nnet_utils/nnet_dense_latency.h:42]   --->   Operation 78 'sext' 'sext_ln73_109' <Predicate = true> <Delay = 0.00>
ST_2 : Operation 79 [1/1] (0.00ns)   --->   "%tmp_322 = bitconcatenate i7 @_ssdm_op_BitConcatenate.i7.i6.i1, i6 %data_7_val_read, i1 0" [firmware/nnet_utils/nnet_mult.h:73->firmware/nnet_utils/nnet_dense_latency.h:42]   --->   Operation 79 'bitconcatenate' 'tmp_322' <Predicate = true> <Delay = 0.00>
ST_2 : Operation 80 [1/1] (0.00ns)   --->   "%sext_ln73_126 = sext i7 %tmp_322" [firmware/nnet_utils/nnet_mult.h:73->firmware/nnet_utils/nnet_dense_latency.h:42]   --->   Operation 80 'sext' 'sext_ln73_126' <Predicate = true> <Delay = 0.00>
ST_2 : Operation 81 [1/1] (0.00ns)   --->   "%sext_ln73_110 = sext i6 %data_8_val_read" [firmware/nnet_utils/nnet_mult.h:73->firmware/nnet_utils/nnet_dense_latency.h:42]   --->   Operation 81 'sext' 'sext_ln73_110' <Predicate = true> <Delay = 0.00>
ST_2 : Operation 82 [1/1] (0.00ns)   --->   "%tmp_323 = bitconcatenate i8 @_ssdm_op_BitConcatenate.i8.i6.i2, i6 %data_8_val_read, i2 0" [firmware/nnet_utils/nnet_mult.h:73->firmware/nnet_utils/nnet_dense_latency.h:42]   --->   Operation 82 'bitconcatenate' 'tmp_323' <Predicate = true> <Delay = 0.00>
ST_2 : Operation 83 [1/1] (0.00ns)   --->   "%sext_ln73_127 = sext i8 %tmp_323" [firmware/nnet_utils/nnet_mult.h:73->firmware/nnet_utils/nnet_dense_latency.h:42]   --->   Operation 83 'sext' 'sext_ln73_127' <Predicate = true> <Delay = 0.00>
ST_2 : Operation 84 [1/1] (1.91ns)   --->   "%sub_ln73_128 = sub i9 %sext_ln73_110, i9 %sext_ln73_127" [firmware/nnet_utils/nnet_mult.h:73->firmware/nnet_utils/nnet_dense_latency.h:42]   --->   Operation 84 'sub' 'sub_ln73_128' <Predicate = true> <Delay = 1.91> <CoreInst = "Adder">   --->   Core 1 'Adder' <Latency = 0> <II = 1> <Delay = 1.82> <FuncUnit> <Opcode : 'add' 'sub'> <InPorts = 2> <OutPorts = 1>
ST_2 : Operation 85 [1/1] (0.00ns)   --->   "%sext_ln73_111 = sext i9 %sub_ln73_128" [firmware/nnet_utils/nnet_mult.h:73->firmware/nnet_utils/nnet_dense_latency.h:42]   --->   Operation 85 'sext' 'sext_ln73_111' <Predicate = true> <Delay = 0.00>
ST_2 : Operation 86 [1/1] (1.91ns)   --->   "%sub_ln73_129 = sub i9 %sext_ln73_127, i9 %sext_ln73_110" [firmware/nnet_utils/nnet_mult.h:73->firmware/nnet_utils/nnet_dense_latency.h:42]   --->   Operation 86 'sub' 'sub_ln73_129' <Predicate = true> <Delay = 1.91> <CoreInst = "Adder">   --->   Core 1 'Adder' <Latency = 0> <II = 1> <Delay = 1.82> <FuncUnit> <Opcode : 'add' 'sub'> <InPorts = 2> <OutPorts = 1>
ST_2 : Operation 87 [1/1] (0.00ns)   --->   "%sext_ln70_34 = sext i9 %sub_ln73_129" [firmware/nnet_utils/nnet_mult.h:70->firmware/nnet_utils/nnet_dense_latency.h:42]   --->   Operation 87 'sext' 'sext_ln70_34' <Predicate = true> <Delay = 0.00>
ST_2 : Operation 88 [1/1] (0.00ns)   --->   "%sext_ln73_113 = sext i6 %data_9_val_read" [firmware/nnet_utils/nnet_mult.h:73->firmware/nnet_utils/nnet_dense_latency.h:42]   --->   Operation 88 'sext' 'sext_ln73_113' <Predicate = true> <Delay = 0.00>
ST_2 : Operation 89 [1/1] (0.00ns)   --->   "%tmp_324 = bitconcatenate i8 @_ssdm_op_BitConcatenate.i8.i6.i2, i6 %data_9_val_read, i2 0" [firmware/nnet_utils/nnet_mult.h:73->firmware/nnet_utils/nnet_dense_latency.h:42]   --->   Operation 89 'bitconcatenate' 'tmp_324' <Predicate = true> <Delay = 0.00>
ST_2 : Operation 90 [1/1] (0.00ns)   --->   "%sext_ln73_128 = sext i8 %tmp_324" [firmware/nnet_utils/nnet_mult.h:73->firmware/nnet_utils/nnet_dense_latency.h:42]   --->   Operation 90 'sext' 'sext_ln73_128' <Predicate = true> <Delay = 0.00>
ST_2 : Operation 91 [1/1] (1.91ns)   --->   "%sub_ln73_130 = sub i9 %sext_ln73_113, i9 %sext_ln73_128" [firmware/nnet_utils/nnet_mult.h:73->firmware/nnet_utils/nnet_dense_latency.h:42]   --->   Operation 91 'sub' 'sub_ln73_130' <Predicate = true> <Delay = 1.91> <CoreInst = "Adder">   --->   Core 1 'Adder' <Latency = 0> <II = 1> <Delay = 1.82> <FuncUnit> <Opcode : 'add' 'sub'> <InPorts = 2> <OutPorts = 1>
ST_2 : Operation 92 [1/1] (0.00ns)   --->   "%sext_ln73_114 = sext i9 %sub_ln73_130" [firmware/nnet_utils/nnet_mult.h:73->firmware/nnet_utils/nnet_dense_latency.h:42]   --->   Operation 92 'sext' 'sext_ln73_114' <Predicate = true> <Delay = 0.00>
ST_2 : Operation 93 [1/1] (0.00ns)   --->   "%shl_ln73_6 = bitconcatenate i7 @_ssdm_op_BitConcatenate.i7.i6.i1, i6 %data_9_val_read, i1 0" [firmware/nnet_utils/nnet_mult.h:73->firmware/nnet_utils/nnet_dense_latency.h:42]   --->   Operation 93 'bitconcatenate' 'shl_ln73_6' <Predicate = true> <Delay = 0.00>
ST_2 : Operation 94 [1/1] (0.00ns)   --->   "%sext_ln70_35 = sext i7 %shl_ln73_6" [firmware/nnet_utils/nnet_mult.h:70->firmware/nnet_utils/nnet_dense_latency.h:42]   --->   Operation 94 'sext' 'sext_ln70_35' <Predicate = true> <Delay = 0.00>
ST_2 : Operation 95 [1/1] (0.00ns)   --->   "%sext_ln70_36 = sext i6 %data_9_val_read" [firmware/nnet_utils/nnet_mult.h:70->firmware/nnet_utils/nnet_dense_latency.h:42]   --->   Operation 95 'sext' 'sext_ln70_36' <Predicate = true> <Delay = 0.00>
ST_2 : Operation 96 [1/1] (0.00ns)   --->   "%shl_ln73_7 = bitconcatenate i7 @_ssdm_op_BitConcatenate.i7.i6.i1, i6 %data_10_val_read, i1 0" [firmware/nnet_utils/nnet_mult.h:73->firmware/nnet_utils/nnet_dense_latency.h:42]   --->   Operation 96 'bitconcatenate' 'shl_ln73_7' <Predicate = true> <Delay = 0.00>
ST_2 : Operation 97 [1/1] (0.00ns)   --->   "%sext_ln73_116 = sext i6 %data_11_val_read" [firmware/nnet_utils/nnet_mult.h:73->firmware/nnet_utils/nnet_dense_latency.h:42]   --->   Operation 97 'sext' 'sext_ln73_116' <Predicate = true> <Delay = 0.00>
ST_2 : Operation 98 [1/1] (0.00ns)   --->   "%tmp_325 = bitconcatenate i8 @_ssdm_op_BitConcatenate.i8.i6.i2, i6 %data_11_val_read, i2 0" [firmware/nnet_utils/nnet_mult.h:73->firmware/nnet_utils/nnet_dense_latency.h:42]   --->   Operation 98 'bitconcatenate' 'tmp_325' <Predicate = true> <Delay = 0.00>
ST_2 : Operation 99 [1/1] (0.00ns)   --->   "%sext_ln73_129 = sext i8 %tmp_325" [firmware/nnet_utils/nnet_mult.h:73->firmware/nnet_utils/nnet_dense_latency.h:42]   --->   Operation 99 'sext' 'sext_ln73_129' <Predicate = true> <Delay = 0.00>
ST_2 : Operation 100 [1/1] (1.91ns)   --->   "%sub_ln73_131 = sub i9 %sext_ln73_129, i9 %sext_ln73_116" [firmware/nnet_utils/nnet_mult.h:73->firmware/nnet_utils/nnet_dense_latency.h:42]   --->   Operation 100 'sub' 'sub_ln73_131' <Predicate = true> <Delay = 1.91> <CoreInst = "Adder">   --->   Core 1 'Adder' <Latency = 0> <II = 1> <Delay = 1.82> <FuncUnit> <Opcode : 'add' 'sub'> <InPorts = 2> <OutPorts = 1>
ST_2 : Operation 101 [1/1] (0.00ns)   --->   "%tmp_326 = bitconcatenate i7 @_ssdm_op_BitConcatenate.i7.i6.i1, i6 %data_11_val_read, i1 0" [firmware/nnet_utils/nnet_mult.h:73->firmware/nnet_utils/nnet_dense_latency.h:42]   --->   Operation 101 'bitconcatenate' 'tmp_326' <Predicate = true> <Delay = 0.00>
ST_2 : Operation 102 [1/1] (0.00ns)   --->   "%sext_ln73_130 = sext i7 %tmp_326" [firmware/nnet_utils/nnet_mult.h:73->firmware/nnet_utils/nnet_dense_latency.h:42]   --->   Operation 102 'sext' 'sext_ln73_130' <Predicate = true> <Delay = 0.00>
ST_2 : Operation 103 [1/1] (1.87ns)   --->   "%sub_ln73_132 = sub i8 0, i8 %sext_ln73_130" [firmware/nnet_utils/nnet_mult.h:73->firmware/nnet_utils/nnet_dense_latency.h:42]   --->   Operation 103 'sub' 'sub_ln73_132' <Predicate = true> <Delay = 1.87> <CoreInst = "Adder">   --->   Core 1 'Adder' <Latency = 0> <II = 1> <Delay = 1.91> <FuncUnit> <Opcode : 'add' 'sub'> <InPorts = 2> <OutPorts = 1>
ST_2 : Operation 104 [1/1] (0.00ns)   --->   "%sext_ln73_117 = sext i6 %data_12_val_read" [firmware/nnet_utils/nnet_mult.h:73->firmware/nnet_utils/nnet_dense_latency.h:42]   --->   Operation 104 'sext' 'sext_ln73_117' <Predicate = true> <Delay = 0.00>
ST_2 : Operation 105 [1/1] (0.00ns)   --->   "%tmp_327 = bitconcatenate i7 @_ssdm_op_BitConcatenate.i7.i6.i1, i6 %data_12_val_read, i1 0" [firmware/nnet_utils/nnet_mult.h:73->firmware/nnet_utils/nnet_dense_latency.h:42]   --->   Operation 105 'bitconcatenate' 'tmp_327' <Predicate = true> <Delay = 0.00>
ST_2 : Operation 106 [1/1] (0.00ns)   --->   "%tmp_328 = bitconcatenate i8 @_ssdm_op_BitConcatenate.i8.i6.i2, i6 %data_12_val_read, i2 0" [firmware/nnet_utils/nnet_mult.h:73->firmware/nnet_utils/nnet_dense_latency.h:42]   --->   Operation 106 'bitconcatenate' 'tmp_328' <Predicate = true> <Delay = 0.00>
ST_2 : Operation 107 [1/1] (0.00ns)   --->   "%sext_ln73_131 = sext i8 %tmp_328" [firmware/nnet_utils/nnet_mult.h:73->firmware/nnet_utils/nnet_dense_latency.h:42]   --->   Operation 107 'sext' 'sext_ln73_131' <Predicate = true> <Delay = 0.00>
ST_2 : Operation 108 [1/1] (0.00ns) (grouped into TernaryAdder)   --->   "%sub_ln73_133 = sub i9 %sext_ln73_117, i9 %sext_ln73_131" [firmware/nnet_utils/nnet_mult.h:73->firmware/nnet_utils/nnet_dense_latency.h:42]   --->   Operation 108 'sub' 'sub_ln73_133' <Predicate = true> <Delay = 0.00> <CoreInst = "TAddSub">   --->   Core 10 'TAddSub' <Latency = 0> <II = 1> <Delay = 1.84> <IPBlock> <Opcode : 'add' 'sub'> <InPorts = 3> <OutPorts = 1> <Sync> <CReg>
ST_2 : Operation 109 [1/1] (0.00ns)   --->   "%sext_ln70_37 = sext i7 %tmp_327" [firmware/nnet_utils/nnet_mult.h:70->firmware/nnet_utils/nnet_dense_latency.h:42]   --->   Operation 109 'sext' 'sext_ln70_37' <Predicate = true> <Delay = 0.00>
ST_2 : Operation 110 [1/1] (0.00ns)   --->   "%sext_ln70_38 = sext i6 %data_13_val_read" [firmware/nnet_utils/nnet_mult.h:70->firmware/nnet_utils/nnet_dense_latency.h:42]   --->   Operation 110 'sext' 'sext_ln70_38' <Predicate = true> <Delay = 0.00>
ST_2 : Operation 111 [1/1] (0.00ns)   --->   "%tmp_329 = bitconcatenate i7 @_ssdm_op_BitConcatenate.i7.i6.i1, i6 %data_13_val_read, i1 0" [firmware/nnet_utils/nnet_mult.h:73->firmware/nnet_utils/nnet_dense_latency.h:42]   --->   Operation 111 'bitconcatenate' 'tmp_329' <Predicate = true> <Delay = 0.00>
ST_2 : Operation 112 [1/1] (0.00ns)   --->   "%sext_ln73_132 = sext i7 %tmp_329" [firmware/nnet_utils/nnet_mult.h:73->firmware/nnet_utils/nnet_dense_latency.h:42]   --->   Operation 112 'sext' 'sext_ln73_132' <Predicate = true> <Delay = 0.00>
ST_2 : Operation 113 [1/1] (1.87ns)   --->   "%sub_ln73_134 = sub i8 0, i8 %sext_ln73_132" [firmware/nnet_utils/nnet_mult.h:73->firmware/nnet_utils/nnet_dense_latency.h:42]   --->   Operation 113 'sub' 'sub_ln73_134' <Predicate = true> <Delay = 1.87> <CoreInst = "Adder">   --->   Core 1 'Adder' <Latency = 0> <II = 1> <Delay = 1.91> <FuncUnit> <Opcode : 'add' 'sub'> <InPorts = 2> <OutPorts = 1>
ST_2 : Operation 114 [1/1] (0.00ns)   --->   "%tmp_330 = bitconcatenate i7 @_ssdm_op_BitConcatenate.i7.i6.i1, i6 %data_14_val_read, i1 0" [firmware/nnet_utils/nnet_mult.h:73->firmware/nnet_utils/nnet_dense_latency.h:42]   --->   Operation 114 'bitconcatenate' 'tmp_330' <Predicate = true> <Delay = 0.00>
ST_2 : Operation 115 [1/1] (0.00ns)   --->   "%sext_ln73_120 = sext i6 %data_15_val_read" [firmware/nnet_utils/nnet_mult.h:73->firmware/nnet_utils/nnet_dense_latency.h:42]   --->   Operation 115 'sext' 'sext_ln73_120' <Predicate = true> <Delay = 0.00>
ST_2 : Operation 116 [1/1] (0.00ns)   --->   "%sext_ln73_121 = sext i6 %data_15_val_read" [firmware/nnet_utils/nnet_mult.h:73->firmware/nnet_utils/nnet_dense_latency.h:42]   --->   Operation 116 'sext' 'sext_ln73_121' <Predicate = true> <Delay = 0.00>
ST_2 : Operation 117 [1/1] (0.00ns)   --->   "%tmp_331 = bitconcatenate i7 @_ssdm_op_BitConcatenate.i7.i6.i1, i6 %data_15_val_read, i1 0" [firmware/nnet_utils/nnet_mult.h:73->firmware/nnet_utils/nnet_dense_latency.h:42]   --->   Operation 117 'bitconcatenate' 'tmp_331' <Predicate = true> <Delay = 0.00>
ST_2 : Operation 118 [1/1] (0.00ns)   --->   "%sext_ln73_133 = sext i7 %tmp_331" [firmware/nnet_utils/nnet_mult.h:73->firmware/nnet_utils/nnet_dense_latency.h:42]   --->   Operation 118 'sext' 'sext_ln73_133' <Predicate = true> <Delay = 0.00>
ST_2 : Operation 119 [1/1] (1.87ns)   --->   "%sub_ln73_135 = sub i8 0, i8 %sext_ln73_133" [firmware/nnet_utils/nnet_mult.h:73->firmware/nnet_utils/nnet_dense_latency.h:42]   --->   Operation 119 'sub' 'sub_ln73_135' <Predicate = true> <Delay = 1.87> <CoreInst = "Adder">   --->   Core 1 'Adder' <Latency = 0> <II = 1> <Delay = 1.91> <FuncUnit> <Opcode : 'add' 'sub'> <InPorts = 2> <OutPorts = 1>
ST_2 : Operation 120 [1/1] (0.00ns)   --->   "%tmp_332 = bitconcatenate i8 @_ssdm_op_BitConcatenate.i8.i6.i2, i6 %data_15_val_read, i2 0" [firmware/nnet_utils/nnet_mult.h:73->firmware/nnet_utils/nnet_dense_latency.h:42]   --->   Operation 120 'bitconcatenate' 'tmp_332' <Predicate = true> <Delay = 0.00>
ST_2 : Operation 121 [1/1] (0.00ns)   --->   "%sext_ln73_134 = sext i8 %tmp_332" [firmware/nnet_utils/nnet_mult.h:73->firmware/nnet_utils/nnet_dense_latency.h:42]   --->   Operation 121 'sext' 'sext_ln73_134' <Predicate = true> <Delay = 0.00>
ST_2 : Operation 122 [1/1] (1.91ns)   --->   "%sub_ln73_136 = sub i9 %sext_ln73_121, i9 %sext_ln73_134" [firmware/nnet_utils/nnet_mult.h:73->firmware/nnet_utils/nnet_dense_latency.h:42]   --->   Operation 122 'sub' 'sub_ln73_136' <Predicate = true> <Delay = 1.91> <CoreInst = "Adder">   --->   Core 1 'Adder' <Latency = 0> <II = 1> <Delay = 1.82> <FuncUnit> <Opcode : 'add' 'sub'> <InPorts = 2> <OutPorts = 1>
ST_2 : Operation 123 [1/1] (0.00ns)   --->   "%sext_ln73_123 = sext i9 %sub_ln73_136" [firmware/nnet_utils/nnet_mult.h:73->firmware/nnet_utils/nnet_dense_latency.h:42]   --->   Operation 123 'sext' 'sext_ln73_123' <Predicate = true> <Delay = 0.00>
ST_2 : Operation 124 [1/1] (0.00ns) (grouped into TernaryAdder)   --->   "%sub_ln73_137 = sub i9 %sext_ln73_134, i9 %sext_ln73_121" [firmware/nnet_utils/nnet_mult.h:73->firmware/nnet_utils/nnet_dense_latency.h:42]   --->   Operation 124 'sub' 'sub_ln73_137' <Predicate = true> <Delay = 0.00> <CoreInst = "TAddSub">   --->   Core 10 'TAddSub' <Latency = 0> <II = 1> <Delay = 1.84> <IPBlock> <Opcode : 'add' 'sub'> <InPorts = 3> <OutPorts = 1> <Sync> <CReg>
ST_2 : Operation 125 [1/1] (0.00ns)   --->   "%sext_ln58_470 = sext i8 %add_ln58_1267" [firmware/nnet_utils/nnet_dense_latency.h:58]   --->   Operation 125 'sext' 'sext_ln58_470' <Predicate = true> <Delay = 0.00>
ST_2 : Operation 126 [1/1] (1.91ns)   --->   "%add_ln58_1268 = add i9 %sext_ln58_470, i9 %sext_ln70" [firmware/nnet_utils/nnet_dense_latency.h:58]   --->   Operation 126 'add' 'add_ln58_1268' <Predicate = true> <Delay = 1.91> <CoreInst = "Adder">   --->   Core 1 'Adder' <Latency = 0> <II = 1> <Delay = 1.82> <FuncUnit> <Opcode : 'add' 'sub'> <InPorts = 2> <OutPorts = 1>
ST_2 : Operation 127 [1/1] (0.00ns)   --->   "%sext_ln58_471 = sext i9 %add_ln58_1268" [firmware/nnet_utils/nnet_dense_latency.h:58]   --->   Operation 127 'sext' 'sext_ln58_471' <Predicate = true> <Delay = 0.00>
ST_2 : Operation 128 [1/1] (0.00ns)   --->   "%sext_ln58_472 = sext i9 %add_ln58_1269" [firmware/nnet_utils/nnet_dense_latency.h:58]   --->   Operation 128 'sext' 'sext_ln58_472' <Predicate = true> <Delay = 0.00>
ST_2 : Operation 129 [1/1] (0.00ns) (grouped into TernaryAdder)   --->   "%add_ln58_1270 = add i10 %sext_ln58_471, i10 %sext_ln73_100" [firmware/nnet_utils/nnet_dense_latency.h:58]   --->   Operation 129 'add' 'add_ln58_1270' <Predicate = true> <Delay = 0.00> <CoreInst = "TAddSub">   --->   Core 10 'TAddSub' <Latency = 0> <II = 1> <Delay = 1.84> <IPBlock> <Opcode : 'add' 'sub'> <InPorts = 3> <OutPorts = 1> <Sync> <CReg>
ST_2 : Operation 130 [1/1] (0.00ns)   --->   "%sext_ln58_1390 = sext i8 %sub_ln58_534" [firmware/nnet_utils/nnet_dense_latency.h:58]   --->   Operation 130 'sext' 'sext_ln58_1390' <Predicate = true> <Delay = 0.00>
ST_2 : Operation 131 [1/1] (3.69ns) (root node of TernaryAdder)   --->   "%add_ln58_1271 = add i9 %sext_ln58_1390, i9 %sub_ln73_127" [firmware/nnet_utils/nnet_dense_latency.h:58]   --->   Operation 131 'add' 'add_ln58_1271' <Predicate = true> <Delay = 3.69> <CoreInst = "TAddSub">   --->   Core 10 'TAddSub' <Latency = 0> <II = 1> <Delay = 1.84> <IPBlock> <Opcode : 'add' 'sub'> <InPorts = 3> <OutPorts = 1> <Sync> <CReg>
ST_2 : Operation 132 [1/1] (0.00ns)   --->   "%sext_ln58_1391 = sext i9 %add_ln58_1271" [firmware/nnet_utils/nnet_dense_latency.h:58]   --->   Operation 132 'sext' 'sext_ln58_1391' <Predicate = true> <Delay = 0.00>
ST_2 : Operation 133 [1/1] (3.72ns) (root node of TernaryAdder)   --->   "%add_ln58_1272 = add i10 %sext_ln58_1391, i10 %add_ln58_1270" [firmware/nnet_utils/nnet_dense_latency.h:58]   --->   Operation 133 'add' 'add_ln58_1272' <Predicate = true> <Delay = 3.72> <CoreInst = "TAddSub">   --->   Core 10 'TAddSub' <Latency = 0> <II = 1> <Delay = 1.84> <IPBlock> <Opcode : 'add' 'sub'> <InPorts = 3> <OutPorts = 1> <Sync> <CReg>
ST_2 : Operation 134 [1/1] (0.00ns)   --->   "%sext_ln58_474 = sext i10 %add_ln58_1272" [firmware/nnet_utils/nnet_dense_latency.h:58]   --->   Operation 134 'sext' 'sext_ln58_474' <Predicate = true> <Delay = 0.00>
ST_2 : Operation 135 [1/1] (0.00ns) (grouped into TernaryAdder)   --->   "%add_ln58_1273 = add i10 %sext_ln58_472, i10 %sext_ln70_34" [firmware/nnet_utils/nnet_dense_latency.h:58]   --->   Operation 135 'add' 'add_ln58_1273' <Predicate = true> <Delay = 0.00> <CoreInst = "TAddSub">   --->   Core 10 'TAddSub' <Latency = 0> <II = 1> <Delay = 1.84> <IPBlock> <Opcode : 'add' 'sub'> <InPorts = 3> <OutPorts = 1> <Sync> <CReg>
ST_2 : Operation 136 [1/1] (1.87ns)   --->   "%sub_ln58_535 = sub i8 %sext_ln70_35, i8 %sext_ln73_126" [firmware/nnet_utils/nnet_dense_latency.h:58]   --->   Operation 136 'sub' 'sub_ln58_535' <Predicate = true> <Delay = 1.87> <CoreInst = "Adder">   --->   Core 1 'Adder' <Latency = 0> <II = 1> <Delay = 1.91> <FuncUnit> <Opcode : 'add' 'sub'> <InPorts = 2> <OutPorts = 1>
ST_2 : Operation 137 [1/1] (0.00ns)   --->   "%sext_ln58_1412 = sext i7 %tmp_321" [firmware/nnet_utils/nnet_dense_latency.h:58]   --->   Operation 137 'sext' 'sext_ln58_1412' <Predicate = true> <Delay = 0.00>
ST_2 : Operation 138 [1/1] (0.00ns)   --->   "%sext_ln58_1414 = sext i8 %sub_ln58_535" [firmware/nnet_utils/nnet_dense_latency.h:58]   --->   Operation 138 'sext' 'sext_ln58_1414' <Predicate = true> <Delay = 0.00>
ST_2 : Operation 139 [1/1] (1.91ns)   --->   "%sub_ln58_536 = sub i9 %sext_ln58_1414, i9 %sext_ln58_1412" [firmware/nnet_utils/nnet_dense_latency.h:58]   --->   Operation 139 'sub' 'sub_ln58_536' <Predicate = true> <Delay = 1.91> <CoreInst = "Adder">   --->   Core 1 'Adder' <Latency = 0> <II = 1> <Delay = 1.82> <FuncUnit> <Opcode : 'add' 'sub'> <InPorts = 2> <OutPorts = 1>
ST_2 : Operation 140 [1/1] (0.00ns)   --->   "%sext_ln58_1393 = sext i9 %sub_ln58_536" [firmware/nnet_utils/nnet_dense_latency.h:58]   --->   Operation 140 'sext' 'sext_ln58_1393' <Predicate = true> <Delay = 0.00>
ST_2 : Operation 141 [1/1] (3.72ns) (root node of TernaryAdder)   --->   "%add_ln58_1274 = add i10 %sext_ln58_1393, i10 %add_ln58_1273" [firmware/nnet_utils/nnet_dense_latency.h:58]   --->   Operation 141 'add' 'add_ln58_1274' <Predicate = true> <Delay = 3.72> <CoreInst = "TAddSub">   --->   Core 10 'TAddSub' <Latency = 0> <II = 1> <Delay = 1.84> <IPBlock> <Opcode : 'add' 'sub'> <InPorts = 3> <OutPorts = 1> <Sync> <CReg>
ST_2 : Operation 142 [1/1] (0.00ns)   --->   "%sext_ln58_1394 = sext i7 %shl_ln73_7" [firmware/nnet_utils/nnet_dense_latency.h:58]   --->   Operation 142 'sext' 'sext_ln58_1394' <Predicate = true> <Delay = 0.00>
ST_2 : Operation 143 [1/1] (0.00ns)   --->   "%sext_ln58_1395 = sext i6 %data_10_val_read" [firmware/nnet_utils/nnet_dense_latency.h:58]   --->   Operation 143 'sext' 'sext_ln58_1395' <Predicate = true> <Delay = 0.00>
ST_2 : Operation 144 [1/1] (0.00ns)   --->   "%sext_ln58_1396 = sext i10 %add_ln58_1274" [firmware/nnet_utils/nnet_dense_latency.h:58]   --->   Operation 144 'sext' 'sext_ln58_1396' <Predicate = true> <Delay = 0.00>
ST_2 : Operation 145 [1/1] (1.73ns)   --->   "%sub_ln58_507 = sub i11 %sext_ln58_1396, i11 %sext_ln58_1395" [firmware/nnet_utils/nnet_dense_latency.h:58]   --->   Operation 145 'sub' 'sub_ln58_507' <Predicate = true> <Delay = 1.73> <CoreInst = "Adder">   --->   Core 1 'Adder' <Latency = 0> <II = 1> <Delay = 1.63> <FuncUnit> <Opcode : 'add' 'sub'> <InPorts = 2> <OutPorts = 1>
ST_2 : Operation 146 [1/1] (0.00ns)   --->   "%sext_ln58_1397 = sext i8 %sub_ln73_132" [firmware/nnet_utils/nnet_dense_latency.h:58]   --->   Operation 146 'sext' 'sext_ln58_1397' <Predicate = true> <Delay = 0.00>
ST_2 : Operation 147 [1/1] (1.87ns)   --->   "%sub_ln58_537 = sub i8 %sext_ln73_98, i8 %sext_ln73_118" [firmware/nnet_utils/nnet_dense_latency.h:58]   --->   Operation 147 'sub' 'sub_ln58_537' <Predicate = true> <Delay = 1.87> <CoreInst = "Adder">   --->   Core 1 'Adder' <Latency = 0> <II = 1> <Delay = 1.91> <FuncUnit> <Opcode : 'add' 'sub'> <InPorts = 2> <OutPorts = 1>
ST_2 : Operation 148 [1/1] (0.00ns)   --->   "%sext_ln58_1399 = sext i8 %sub_ln58_537" [firmware/nnet_utils/nnet_dense_latency.h:58]   --->   Operation 148 'sext' 'sext_ln58_1399' <Predicate = true> <Delay = 0.00>
ST_2 : Operation 149 [1/1] (0.00ns)   --->   "%sext_ln58_1415 = sext i9 %sub_ln58_538" [firmware/nnet_utils/nnet_dense_latency.h:58]   --->   Operation 149 'sext' 'sext_ln58_1415' <Predicate = true> <Delay = 0.00>
ST_2 : Operation 150 [1/1] (1.91ns)   --->   "%add_ln58_1275 = add i9 %sext_ln58_1399, i9 %sext_ln73_106" [firmware/nnet_utils/nnet_dense_latency.h:58]   --->   Operation 150 'add' 'add_ln58_1275' <Predicate = true> <Delay = 1.91> <CoreInst = "Adder">   --->   Core 1 'Adder' <Latency = 0> <II = 1> <Delay = 1.82> <FuncUnit> <Opcode : 'add' 'sub'> <InPorts = 2> <OutPorts = 1>
ST_2 : Operation 151 [1/1] (0.00ns)   --->   "%sext_ln58_1400 = sext i9 %add_ln58_1275" [firmware/nnet_utils/nnet_dense_latency.h:58]   --->   Operation 151 'sext' 'sext_ln58_1400' <Predicate = true> <Delay = 0.00>
ST_2 : Operation 152 [1/1] (1.82ns)   --->   "%add_ln58_1276 = add i10 %sext_ln58_1400, i10 %sext_ln73_111" [firmware/nnet_utils/nnet_dense_latency.h:58]   --->   Operation 152 'add' 'add_ln58_1276' <Predicate = true> <Delay = 1.82> <CoreInst = "Adder">   --->   Core 1 'Adder' <Latency = 0> <II = 1> <Delay = 1.73> <FuncUnit> <Opcode : 'add' 'sub'> <InPorts = 2> <OutPorts = 1>
ST_2 : Operation 153 [1/1] (0.00ns)   --->   "%sext_ln58_1416 = sext i10 %add_ln58_1276" [firmware/nnet_utils/nnet_dense_latency.h:58]   --->   Operation 153 'sext' 'sext_ln58_1416' <Predicate = true> <Delay = 0.00>
ST_2 : Operation 154 [1/1] (0.00ns) (grouped into TernaryAdder)   --->   "%add_ln58_1277 = add i11 %sext_ln58_1416, i11 %sext_ln58_1415" [firmware/nnet_utils/nnet_dense_latency.h:58]   --->   Operation 154 'add' 'add_ln58_1277' <Predicate = true> <Delay = 0.00> <CoreInst = "TAddSub">   --->   Core 10 'TAddSub' <Latency = 0> <II = 1> <Delay = 1.84> <IPBlock> <Opcode : 'add' 'sub'> <InPorts = 3> <OutPorts = 1> <Sync> <CReg>
ST_2 : Operation 155 [1/1] (0.00ns)   --->   "%sext_ln58_1417 = sext i7 %tmp_327" [firmware/nnet_utils/nnet_dense_latency.h:58]   --->   Operation 155 'sext' 'sext_ln58_1417' <Predicate = true> <Delay = 0.00>
ST_2 : Operation 156 [1/1] (0.00ns)   --->   "%sext_ln58_1418 = sext i8 %sub_ln73_134" [firmware/nnet_utils/nnet_dense_latency.h:58]   --->   Operation 156 'sext' 'sext_ln58_1418' <Predicate = true> <Delay = 0.00>
ST_2 : Operation 157 [1/1] (0.00ns) (grouped into TernaryAdder)   --->   "%sub_ln58_539 = sub i9 %sext_ln58_1418, i9 %sext_ln58_1417" [firmware/nnet_utils/nnet_dense_latency.h:58]   --->   Operation 157 'sub' 'sub_ln58_539' <Predicate = true> <Delay = 0.00> <CoreInst = "TAddSub">   --->   Core 10 'TAddSub' <Latency = 0> <II = 1> <Delay = 1.84> <IPBlock> <Opcode : 'add' 'sub'> <InPorts = 3> <OutPorts = 1> <Sync> <CReg>
ST_2 : Operation 158 [1/1] (0.00ns) (grouped into TernaryAdder)   --->   "%add_ln58_1278 = add i8 %sext_ln58_1394, i8 %sext_ln73_120" [firmware/nnet_utils/nnet_dense_latency.h:58]   --->   Operation 158 'add' 'add_ln58_1278' <Predicate = true> <Delay = 0.00> <CoreInst = "TAddSub">   --->   Core 10 'TAddSub' <Latency = 0> <II = 1> <Delay = 1.84> <IPBlock> <Opcode : 'add' 'sub'> <InPorts = 3> <OutPorts = 1> <Sync> <CReg>
ST_2 : Operation 159 [1/1] (3.66ns) (root node of TernaryAdder)   --->   "%add_ln58_1279 = add i8 %add_ln58_1278, i8 %sext_ln73_109" [firmware/nnet_utils/nnet_dense_latency.h:58]   --->   Operation 159 'add' 'add_ln58_1279' <Predicate = true> <Delay = 3.66> <CoreInst = "TAddSub">   --->   Core 10 'TAddSub' <Latency = 0> <II = 1> <Delay = 1.84> <IPBlock> <Opcode : 'add' 'sub'> <InPorts = 3> <OutPorts = 1> <Sync> <CReg>
ST_2 : Operation 160 [1/1] (0.00ns)   --->   "%sext_ln58_1402 = sext i8 %add_ln58_1279" [firmware/nnet_utils/nnet_dense_latency.h:58]   --->   Operation 160 'sext' 'sext_ln58_1402' <Predicate = true> <Delay = 0.00>
ST_2 : Operation 161 [1/1] (3.69ns) (root node of TernaryAdder)   --->   "%add_ln58_1280 = add i9 %sext_ln58_1402, i9 %sub_ln58_539" [firmware/nnet_utils/nnet_dense_latency.h:58]   --->   Operation 161 'add' 'add_ln58_1280' <Predicate = true> <Delay = 3.69> <CoreInst = "TAddSub">   --->   Core 10 'TAddSub' <Latency = 0> <II = 1> <Delay = 1.84> <IPBlock> <Opcode : 'add' 'sub'> <InPorts = 3> <OutPorts = 1> <Sync> <CReg>
ST_2 : Operation 162 [1/1] (0.00ns)   --->   "%sext_ln58_1419 = sext i9 %add_ln58_1280" [firmware/nnet_utils/nnet_dense_latency.h:58]   --->   Operation 162 'sext' 'sext_ln58_1419' <Predicate = true> <Delay = 0.00>
ST_2 : Operation 163 [1/1] (3.75ns) (root node of TernaryAdder)   --->   "%add_ln58_1281 = add i11 %sext_ln58_1419, i11 %add_ln58_1277" [firmware/nnet_utils/nnet_dense_latency.h:58]   --->   Operation 163 'add' 'add_ln58_1281' <Predicate = true> <Delay = 3.75> <CoreInst = "TAddSub">   --->   Core 10 'TAddSub' <Latency = 0> <II = 1> <Delay = 1.84> <IPBlock> <Opcode : 'add' 'sub'> <InPorts = 3> <OutPorts = 1> <Sync> <CReg>
ST_2 : Operation 164 [1/1] (0.00ns)   --->   "%sext_ln58_482 = sext i11 %add_ln58_1281" [firmware/nnet_utils/nnet_dense_latency.h:58]   --->   Operation 164 'sext' 'sext_ln58_482' <Predicate = true> <Delay = 0.00>
ST_2 : Operation 165 [1/1] (1.73ns)   --->   "%add_ln58_1282 = add i11 %sext_ln58_474, i11 %sext_ln73_114" [firmware/nnet_utils/nnet_dense_latency.h:58]   --->   Operation 165 'add' 'add_ln58_1282' <Predicate = true> <Delay = 1.73> <CoreInst = "Adder">   --->   Core 1 'Adder' <Latency = 0> <II = 1> <Delay = 1.63> <FuncUnit> <Opcode : 'add' 'sub'> <InPorts = 2> <OutPorts = 1>
ST_2 : Operation 166 [1/1] (3.69ns) (root node of TernaryAdder)   --->   "%add_ln58_1283 = add i9 %sub_ln73_131, i9 %sub_ln73_133" [firmware/nnet_utils/nnet_dense_latency.h:58]   --->   Operation 166 'add' 'add_ln58_1283' <Predicate = true> <Delay = 3.69> <CoreInst = "TAddSub">   --->   Core 10 'TAddSub' <Latency = 0> <II = 1> <Delay = 1.84> <IPBlock> <Opcode : 'add' 'sub'> <InPorts = 3> <OutPorts = 1> <Sync> <CReg>
ST_2 : Operation 167 [1/1] (0.00ns)   --->   "%sext_ln58_1404 = sext i9 %add_ln58_1283" [firmware/nnet_utils/nnet_dense_latency.h:58]   --->   Operation 167 'sext' 'sext_ln58_1404' <Predicate = true> <Delay = 0.00>
ST_2 : Operation 168 [1/1] (0.00ns) (grouped into TernaryAdder)   --->   "%add_ln58_1284 = add i11 %sext_ln58_1404, i11 %add_ln58_1282" [firmware/nnet_utils/nnet_dense_latency.h:58]   --->   Operation 168 'add' 'add_ln58_1284' <Predicate = true> <Delay = 0.00> <CoreInst = "TAddSub">   --->   Core 10 'TAddSub' <Latency = 0> <II = 1> <Delay = 1.84> <IPBlock> <Opcode : 'add' 'sub'> <InPorts = 3> <OutPorts = 1> <Sync> <CReg>
ST_2 : Operation 169 [1/1] (0.00ns)   --->   "%sext_ln58_1420 = sext i7 %tmp_330" [firmware/nnet_utils/nnet_dense_latency.h:58]   --->   Operation 169 'sext' 'sext_ln58_1420' <Predicate = true> <Delay = 0.00>
ST_2 : Operation 170 [1/1] (0.00ns)   --->   "%sext_ln58_1421 = sext i8 %sub_ln73_135" [firmware/nnet_utils/nnet_dense_latency.h:58]   --->   Operation 170 'sext' 'sext_ln58_1421' <Predicate = true> <Delay = 0.00>
ST_2 : Operation 171 [1/1] (0.00ns) (grouped into TernaryAdder)   --->   "%sub_ln58_540 = sub i9 %sext_ln58_1421, i9 %sext_ln58_1420" [firmware/nnet_utils/nnet_dense_latency.h:58]   --->   Operation 171 'sub' 'sub_ln58_540' <Predicate = true> <Delay = 0.00> <CoreInst = "TAddSub">   --->   Core 10 'TAddSub' <Latency = 0> <II = 1> <Delay = 1.84> <IPBlock> <Opcode : 'add' 'sub'> <InPorts = 3> <OutPorts = 1> <Sync> <CReg>
ST_2 : Operation 172 [1/1] (1.87ns)   --->   "%add_ln58_1285 = add i8 %sext_ln58_1394, i8 %sext_ln70_38" [firmware/nnet_utils/nnet_dense_latency.h:58]   --->   Operation 172 'add' 'add_ln58_1285' <Predicate = true> <Delay = 1.87> <CoreInst = "Adder">   --->   Core 1 'Adder' <Latency = 0> <II = 1> <Delay = 1.91> <FuncUnit> <Opcode : 'add' 'sub'> <InPorts = 2> <OutPorts = 1>
ST_2 : Operation 173 [1/1] (0.00ns)   --->   "%sext_ln58_1405 = sext i8 %add_ln58_1285" [firmware/nnet_utils/nnet_dense_latency.h:58]   --->   Operation 173 'sext' 'sext_ln58_1405' <Predicate = true> <Delay = 0.00>
ST_2 : Operation 174 [1/1] (3.69ns) (root node of TernaryAdder)   --->   "%add_ln58_1286 = add i9 %sext_ln58_1405, i9 %sub_ln58_540" [firmware/nnet_utils/nnet_dense_latency.h:58]   --->   Operation 174 'add' 'add_ln58_1286' <Predicate = true> <Delay = 3.69> <CoreInst = "TAddSub">   --->   Core 10 'TAddSub' <Latency = 0> <II = 1> <Delay = 1.84> <IPBlock> <Opcode : 'add' 'sub'> <InPorts = 3> <OutPorts = 1> <Sync> <CReg>
ST_2 : Operation 175 [1/1] (0.00ns)   --->   "%sext_ln58_1406 = sext i9 %add_ln58_1286" [firmware/nnet_utils/nnet_dense_latency.h:58]   --->   Operation 175 'sext' 'sext_ln58_1406' <Predicate = true> <Delay = 0.00>
ST_2 : Operation 176 [1/1] (3.75ns) (root node of TernaryAdder)   --->   "%add_ln58_1287 = add i11 %sext_ln58_1406, i11 %add_ln58_1284" [firmware/nnet_utils/nnet_dense_latency.h:58]   --->   Operation 176 'add' 'add_ln58_1287' <Predicate = true> <Delay = 3.75> <CoreInst = "TAddSub">   --->   Core 10 'TAddSub' <Latency = 0> <II = 1> <Delay = 1.84> <IPBlock> <Opcode : 'add' 'sub'> <InPorts = 3> <OutPorts = 1> <Sync> <CReg>
ST_2 : Operation 177 [1/1] (0.00ns)   --->   "%sext_ln58_483 = sext i11 %add_ln58_1287" [firmware/nnet_utils/nnet_dense_latency.h:58]   --->   Operation 177 'sext' 'sext_ln58_483' <Predicate = true> <Delay = 0.00>
ST_2 : Operation 178 [1/1] (0.00ns) (grouped into TernaryAdder)   --->   "%add_ln58_1288 = add i11 %sub_ln58_507, i11 %sext_ln73_123" [firmware/nnet_utils/nnet_dense_latency.h:58]   --->   Operation 178 'add' 'add_ln58_1288' <Predicate = true> <Delay = 0.00> <CoreInst = "TAddSub">   --->   Core 10 'TAddSub' <Latency = 0> <II = 1> <Delay = 1.84> <IPBlock> <Opcode : 'add' 'sub'> <InPorts = 3> <OutPorts = 1> <Sync> <CReg>
ST_2 : Operation 179 [1/1] (1.87ns)   --->   "%sub_ln58_541 = sub i8 %sext_ln70_38, i8 %sext_ln73_130" [firmware/nnet_utils/nnet_dense_latency.h:58]   --->   Operation 179 'sub' 'sub_ln58_541' <Predicate = true> <Delay = 1.87> <CoreInst = "Adder">   --->   Core 1 'Adder' <Latency = 0> <II = 1> <Delay = 1.91> <FuncUnit> <Opcode : 'add' 'sub'> <InPorts = 2> <OutPorts = 1>
ST_2 : Operation 180 [1/1] (0.00ns)   --->   "%sext_ln58_1407 = sext i8 %sub_ln58_541" [firmware/nnet_utils/nnet_dense_latency.h:58]   --->   Operation 180 'sext' 'sext_ln58_1407' <Predicate = true> <Delay = 0.00>
ST_2 : Operation 181 [1/1] (3.75ns) (root node of TernaryAdder)   --->   "%add_ln58_1289 = add i11 %sext_ln58_1407, i11 %add_ln58_1288" [firmware/nnet_utils/nnet_dense_latency.h:58]   --->   Operation 181 'add' 'add_ln58_1289' <Predicate = true> <Delay = 3.75> <CoreInst = "TAddSub">   --->   Core 10 'TAddSub' <Latency = 0> <II = 1> <Delay = 1.84> <IPBlock> <Opcode : 'add' 'sub'> <InPorts = 3> <OutPorts = 1> <Sync> <CReg>
ST_2 : Operation 182 [1/1] (0.00ns)   --->   "%sext_ln58_484 = sext i11 %add_ln58_1289" [firmware/nnet_utils/nnet_dense_latency.h:58]   --->   Operation 182 'sext' 'sext_ln58_484' <Predicate = true> <Delay = 0.00>
ST_2 : Operation 183 [1/1] (0.00ns)   --->   "%sext_ln58_485 = sext i9 %add_ln58_1290" [firmware/nnet_utils/nnet_dense_latency.h:58]   --->   Operation 183 'sext' 'sext_ln58_485' <Predicate = true> <Delay = 0.00>
ST_2 : Operation 184 [1/1] (0.00ns) (grouped into TernaryAdder)   --->   "%add_ln58_1291 = add i10 %sext_ln58_485, i10 %sext_ln70_33" [firmware/nnet_utils/nnet_dense_latency.h:58]   --->   Operation 184 'add' 'add_ln58_1291' <Predicate = true> <Delay = 0.00> <CoreInst = "TAddSub">   --->   Core 10 'TAddSub' <Latency = 0> <II = 1> <Delay = 1.84> <IPBlock> <Opcode : 'add' 'sub'> <InPorts = 3> <OutPorts = 1> <Sync> <CReg>
ST_2 : Operation 185 [1/1] (1.87ns)   --->   "%add_ln58_1292 = add i8 %sext_ln73_126, i8 %sext_ln70_36" [firmware/nnet_utils/nnet_dense_latency.h:58]   --->   Operation 185 'add' 'add_ln58_1292' <Predicate = true> <Delay = 1.87> <CoreInst = "Adder">   --->   Core 1 'Adder' <Latency = 0> <II = 1> <Delay = 1.91> <FuncUnit> <Opcode : 'add' 'sub'> <InPorts = 2> <OutPorts = 1>
ST_2 : Operation 186 [1/1] (0.00ns)   --->   "%sext_ln58_1422 = sext i8 %add_ln58_1292" [firmware/nnet_utils/nnet_dense_latency.h:58]   --->   Operation 186 'sext' 'sext_ln58_1422' <Predicate = true> <Delay = 0.00>
ST_2 : Operation 187 [1/1] (1.91ns)   --->   "%sub_ln58_543 = sub i9 %sext_ln58_1422, i9 %sext_ln58_1412" [firmware/nnet_utils/nnet_dense_latency.h:58]   --->   Operation 187 'sub' 'sub_ln58_543' <Predicate = true> <Delay = 1.91> <CoreInst = "Adder">   --->   Core 1 'Adder' <Latency = 0> <II = 1> <Delay = 1.82> <FuncUnit> <Opcode : 'add' 'sub'> <InPorts = 2> <OutPorts = 1>
ST_2 : Operation 188 [1/1] (0.00ns)   --->   "%sext_ln58_1410 = sext i9 %sub_ln58_543" [firmware/nnet_utils/nnet_dense_latency.h:58]   --->   Operation 188 'sext' 'sext_ln58_1410' <Predicate = true> <Delay = 0.00>
ST_2 : Operation 189 [1/1] (3.72ns) (root node of TernaryAdder)   --->   "%add_ln58_1293 = add i10 %sext_ln58_1410, i10 %add_ln58_1291" [firmware/nnet_utils/nnet_dense_latency.h:58]   --->   Operation 189 'add' 'add_ln58_1293' <Predicate = true> <Delay = 3.72> <CoreInst = "TAddSub">   --->   Core 10 'TAddSub' <Latency = 0> <II = 1> <Delay = 1.84> <IPBlock> <Opcode : 'add' 'sub'> <InPorts = 3> <OutPorts = 1> <Sync> <CReg>
ST_2 : Operation 190 [1/1] (0.00ns)   --->   "%sext_ln58_486 = sext i10 %add_ln58_1293" [firmware/nnet_utils/nnet_dense_latency.h:58]   --->   Operation 190 'sext' 'sext_ln58_486' <Predicate = true> <Delay = 0.00>
ST_2 : Operation 191 [1/1] (3.69ns) (root node of TernaryAdder)   --->   "%add_ln58_1294 = add i9 %sub_ln73_137, i9 %sext_ln58_1397" [firmware/nnet_utils/nnet_dense_latency.h:58]   --->   Operation 191 'add' 'add_ln58_1294' <Predicate = true> <Delay = 3.69> <CoreInst = "TAddSub">   --->   Core 10 'TAddSub' <Latency = 0> <II = 1> <Delay = 1.84> <IPBlock> <Opcode : 'add' 'sub'> <InPorts = 3> <OutPorts = 1> <Sync> <CReg>
ST_2 : Operation 192 [1/1] (0.00ns)   --->   "%sext_ln58_1411 = sext i9 %add_ln58_1294" [firmware/nnet_utils/nnet_dense_latency.h:58]   --->   Operation 192 'sext' 'sext_ln58_1411' <Predicate = true> <Delay = 0.00>
ST_2 : Operation 193 [1/1] (0.00ns) (grouped into TernaryAdder)   --->   "%add_ln58_1295 = add i11 %sext_ln58_1411, i11 %sext_ln58_486" [firmware/nnet_utils/nnet_dense_latency.h:58]   --->   Operation 193 'add' 'add_ln58_1295' <Predicate = true> <Delay = 0.00> <CoreInst = "TAddSub">   --->   Core 10 'TAddSub' <Latency = 0> <II = 1> <Delay = 1.84> <IPBlock> <Opcode : 'add' 'sub'> <InPorts = 3> <OutPorts = 1> <Sync> <CReg>
ST_2 : Operation 194 [1/1] (1.87ns)   --->   "%add_ln58_1296 = add i8 %sext_ln70_37, i8 %sext_ln70_38" [firmware/nnet_utils/nnet_dense_latency.h:58]   --->   Operation 194 'add' 'add_ln58_1296' <Predicate = true> <Delay = 1.87> <CoreInst = "Adder">   --->   Core 1 'Adder' <Latency = 0> <II = 1> <Delay = 1.91> <FuncUnit> <Opcode : 'add' 'sub'> <InPorts = 2> <OutPorts = 1>
ST_2 : Operation 195 [1/1] (0.00ns)   --->   "%sext_ln58_1423 = sext i8 %add_ln58_1296" [firmware/nnet_utils/nnet_dense_latency.h:58]   --->   Operation 195 'sext' 'sext_ln58_1423' <Predicate = true> <Delay = 0.00>
ST_2 : Operation 196 [1/1] (1.91ns)   --->   "%sub_ln58_544 = sub i9 %sext_ln58_1423, i9 %sext_ln58_1420" [firmware/nnet_utils/nnet_dense_latency.h:58]   --->   Operation 196 'sub' 'sub_ln58_544' <Predicate = true> <Delay = 1.91> <CoreInst = "Adder">   --->   Core 1 'Adder' <Latency = 0> <II = 1> <Delay = 1.82> <FuncUnit> <Opcode : 'add' 'sub'> <InPorts = 2> <OutPorts = 1>
ST_2 : Operation 197 [1/1] (0.00ns)   --->   "%sext_ln58_1413 = sext i9 %sub_ln58_544" [firmware/nnet_utils/nnet_dense_latency.h:58]   --->   Operation 197 'sext' 'sext_ln58_1413' <Predicate = true> <Delay = 0.00>
ST_2 : Operation 198 [1/1] (3.75ns) (root node of TernaryAdder)   --->   "%add_ln58_1297 = add i11 %sext_ln58_1413, i11 %add_ln58_1295" [firmware/nnet_utils/nnet_dense_latency.h:58]   --->   Operation 198 'add' 'add_ln58_1297' <Predicate = true> <Delay = 3.75> <CoreInst = "TAddSub">   --->   Core 10 'TAddSub' <Latency = 0> <II = 1> <Delay = 1.84> <IPBlock> <Opcode : 'add' 'sub'> <InPorts = 3> <OutPorts = 1> <Sync> <CReg>
ST_2 : Operation 199 [1/1] (0.00ns)   --->   "%sext_ln68 = sext i11 %add_ln58_1297" [firmware/nnet_utils/nnet_dense_latency.h:68]   --->   Operation 199 'sext' 'sext_ln68' <Predicate = true> <Delay = 0.00>
ST_2 : Operation 200 [1/1] (0.00ns)   --->   "%mrv = insertvalue i68 <undef>, i17 %sext_ln58_482" [firmware/nnet_utils/nnet_dense_latency.h:68]   --->   Operation 200 'insertvalue' 'mrv' <Predicate = true> <Delay = 0.00>
ST_2 : Operation 201 [1/1] (0.00ns)   --->   "%mrv_1 = insertvalue i68 %mrv, i17 %sext_ln58_483" [firmware/nnet_utils/nnet_dense_latency.h:68]   --->   Operation 201 'insertvalue' 'mrv_1' <Predicate = true> <Delay = 0.00>
ST_2 : Operation 202 [1/1] (0.00ns)   --->   "%mrv_2 = insertvalue i68 %mrv_1, i17 %sext_ln58_484" [firmware/nnet_utils/nnet_dense_latency.h:68]   --->   Operation 202 'insertvalue' 'mrv_2' <Predicate = true> <Delay = 0.00>
ST_2 : Operation 203 [1/1] (0.00ns)   --->   "%mrv_3 = insertvalue i68 %mrv_2, i17 %sext_ln68" [firmware/nnet_utils/nnet_dense_latency.h:68]   --->   Operation 203 'insertvalue' 'mrv_3' <Predicate = true> <Delay = 0.00>
ST_2 : Operation 204 [1/1] (0.00ns)   --->   "%ret_ln68 = ret i68 %mrv_3" [firmware/nnet_utils/nnet_dense_latency.h:68]   --->   Operation 204 'ret' 'ret_ln68' <Predicate = true> <Delay = 0.00>


============================================================
+ Verbose Summary: Binding
============================================================
STG Binding: 
---------------- STG Properties BEGIN ----------------
- Is combinational: 0
- Is one-state seq: 0
- Is datapath-only: 0
- Is pipelined: 0
- Is top level: 0
Port [ Return ] is wired: 1; IO mode=ap_ctrl_hs:ce=0
Port [ data_0_val]:  wired=1; compound=0; hidden=0; nouse=0; global=0; static=0; extern=0; dir=0; type=0; pingpong=0; private_global=0; IO mode=ap_none:ce=0
Port [ data_1_val]:  wired=1; compound=0; hidden=0; nouse=0; global=0; static=0; extern=0; dir=0; type=0; pingpong=0; private_global=0; IO mode=ap_none:ce=0
Port [ data_2_val]:  wired=1; compound=0; hidden=0; nouse=0; global=0; static=0; extern=0; dir=0; type=0; pingpong=0; private_global=0; IO mode=ap_none:ce=0
Port [ data_3_val]:  wired=1; compound=0; hidden=0; nouse=0; global=0; static=0; extern=0; dir=0; type=0; pingpong=0; private_global=0; IO mode=ap_none:ce=0
Port [ data_4_val]:  wired=1; compound=0; hidden=0; nouse=0; global=0; static=0; extern=0; dir=0; type=0; pingpong=0; private_global=0; IO mode=ap_none:ce=0
Port [ data_5_val]:  wired=1; compound=0; hidden=0; nouse=0; global=0; static=0; extern=0; dir=0; type=0; pingpong=0; private_global=0; IO mode=ap_none:ce=0
Port [ data_6_val]:  wired=1; compound=0; hidden=0; nouse=0; global=0; static=0; extern=0; dir=0; type=0; pingpong=0; private_global=0; IO mode=ap_none:ce=0
Port [ data_7_val]:  wired=1; compound=0; hidden=0; nouse=0; global=0; static=0; extern=0; dir=0; type=0; pingpong=0; private_global=0; IO mode=ap_none:ce=0
Port [ data_8_val]:  wired=1; compound=0; hidden=0; nouse=0; global=0; static=0; extern=0; dir=0; type=0; pingpong=0; private_global=0; IO mode=ap_none:ce=0
Port [ data_9_val]:  wired=1; compound=0; hidden=0; nouse=0; global=0; static=0; extern=0; dir=0; type=0; pingpong=0; private_global=0; IO mode=ap_none:ce=0
Port [ data_10_val]:  wired=1; compound=0; hidden=0; nouse=0; global=0; static=0; extern=0; dir=0; type=0; pingpong=0; private_global=0; IO mode=ap_none:ce=0
Port [ data_11_val]:  wired=1; compound=0; hidden=0; nouse=0; global=0; static=0; extern=0; dir=0; type=0; pingpong=0; private_global=0; IO mode=ap_none:ce=0
Port [ data_12_val]:  wired=1; compound=0; hidden=0; nouse=0; global=0; static=0; extern=0; dir=0; type=0; pingpong=0; private_global=0; IO mode=ap_none:ce=0
Port [ data_13_val]:  wired=1; compound=0; hidden=0; nouse=0; global=0; static=0; extern=0; dir=0; type=0; pingpong=0; private_global=0; IO mode=ap_none:ce=0
Port [ data_14_val]:  wired=1; compound=0; hidden=0; nouse=0; global=0; static=0; extern=0; dir=0; type=0; pingpong=0; private_global=0; IO mode=ap_none:ce=0
Port [ data_15_val]:  wired=1; compound=0; hidden=0; nouse=0; global=0; static=0; extern=0; dir=0; type=0; pingpong=0; private_global=0; IO mode=ap_none:ce=0
---------------- STG Properties END ------------------

---------------- Datapath Model BEGIN ----------------

<LifeTime>
<method=bitvector/>
data_8_val_read        (read             ) [ 001]
data_5_val_read        (read             ) [ 000]
data_4_val_read        (read             ) [ 001]
data_2_val_read        (read             ) [ 000]
data_1_val_read        (read             ) [ 000]
data_0_val_read        (read             ) [ 000]
sext_ln73              (sext             ) [ 000]
tmp_313                (bitconcatenate   ) [ 000]
sext_ln73_105          (sext             ) [ 000]
sext_ln73_96           (sext             ) [ 000]
p_shl                  (bitconcatenate   ) [ 000]
sub_ln73_123           (sub              ) [ 000]
tmp_314                (bitconcatenate   ) [ 000]
sext_ln73_107          (sext             ) [ 000]
sub_ln73_124           (sub              ) [ 000]
sext_ln42              (sext             ) [ 000]
tmp_315                (bitconcatenate   ) [ 000]
sext_ln73_115          (sext             ) [ 000]
tmp_318                (bitconcatenate   ) [ 000]
sext_ln73_122          (sext             ) [ 000]
sext_ln73_101          (sext             ) [ 000]
tmp_319                (bitconcatenate   ) [ 000]
sext_ln73_124          (sext             ) [ 000]
tmp_320                (bitconcatenate   ) [ 000]
sext_ln73_125          (sext             ) [ 000]
shl_ln73_5             (bitconcatenate   ) [ 000]
sext_ln73_112          (sext             ) [ 000]
sub_ln58               (sub              ) [ 000]
sext_ln58_466          (sext             ) [ 000]
sub_ln58_532           (sub              ) [ 000]
add_ln58_cast27        (sext             ) [ 000]
data_0_val_cast17      (sext             ) [ 000]
sext_ln58_467          (sext             ) [ 000]
add_ln58               (add              ) [ 000]
tmp                    (bitconcatenate   ) [ 000]
sext_ln58_1409         (sext             ) [ 000]
add_ln58_1267          (add              ) [ 001]
sub_ln58_533           (sub              ) [ 000]
sext_ln58              (sext             ) [ 000]
add_ln58_1269          (add              ) [ 001]
sub_ln58_534           (sub              ) [ 001]
sub_ln58_538           (sub              ) [ 001]
sub_ln58_542           (sub              ) [ 000]
sext_ln58_1408         (sext             ) [ 000]
add_ln58_1290          (add              ) [ 001]
specpipeline_ln13      (specpipeline     ) [ 000]
specresourcelimit_ln33 (specresourcelimit) [ 000]
data_15_val_read       (read             ) [ 000]
data_14_val_read       (read             ) [ 000]
data_13_val_read       (read             ) [ 000]
data_12_val_read       (read             ) [ 000]
data_11_val_read       (read             ) [ 000]
data_10_val_read       (read             ) [ 000]
data_9_val_read        (read             ) [ 000]
data_7_val_read        (read             ) [ 000]
data_6_val_read        (read             ) [ 000]
data_3_val_read        (read             ) [ 000]
tmp_316                (bitconcatenate   ) [ 000]
sext_ln73_118          (sext             ) [ 000]
sext_ln70              (sext             ) [ 000]
sext_ln73_98           (sext             ) [ 000]
sext_ln73_99           (sext             ) [ 000]
tmp_317                (bitconcatenate   ) [ 000]
sext_ln73_119          (sext             ) [ 000]
sub_ln73_125           (sub              ) [ 000]
sext_ln73_100          (sext             ) [ 000]
sub_ln73_126           (sub              ) [ 000]
sext_ln70_33           (sext             ) [ 000]
sext_ln73_104          (sext             ) [ 000]
shl_ln73_s             (bitconcatenate   ) [ 000]
sext_ln73_106          (sext             ) [ 000]
sub_ln73_127           (sub              ) [ 000]
tmp_321                (bitconcatenate   ) [ 000]
sext_ln73_108          (sext             ) [ 000]
sub_ln73               (sub              ) [ 000]
sext_ln73_109          (sext             ) [ 000]
tmp_322                (bitconcatenate   ) [ 000]
sext_ln73_126          (sext             ) [ 000]
sext_ln73_110          (sext             ) [ 000]
tmp_323                (bitconcatenate   ) [ 000]
sext_ln73_127          (sext             ) [ 000]
sub_ln73_128           (sub              ) [ 000]
sext_ln73_111          (sext             ) [ 000]
sub_ln73_129           (sub              ) [ 000]
sext_ln70_34           (sext             ) [ 000]
sext_ln73_113          (sext             ) [ 000]
tmp_324                (bitconcatenate   ) [ 000]
sext_ln73_128          (sext             ) [ 000]
sub_ln73_130           (sub              ) [ 000]
sext_ln73_114          (sext             ) [ 000]
shl_ln73_6             (bitconcatenate   ) [ 000]
sext_ln70_35           (sext             ) [ 000]
sext_ln70_36           (sext             ) [ 000]
shl_ln73_7             (bitconcatenate   ) [ 000]
sext_ln73_116          (sext             ) [ 000]
tmp_325                (bitconcatenate   ) [ 000]
sext_ln73_129          (sext             ) [ 000]
sub_ln73_131           (sub              ) [ 000]
tmp_326                (bitconcatenate   ) [ 000]
sext_ln73_130          (sext             ) [ 000]
sub_ln73_132           (sub              ) [ 000]
sext_ln73_117          (sext             ) [ 000]
tmp_327                (bitconcatenate   ) [ 000]
tmp_328                (bitconcatenate   ) [ 000]
sext_ln73_131          (sext             ) [ 000]
sub_ln73_133           (sub              ) [ 000]
sext_ln70_37           (sext             ) [ 000]
sext_ln70_38           (sext             ) [ 000]
tmp_329                (bitconcatenate   ) [ 000]
sext_ln73_132          (sext             ) [ 000]
sub_ln73_134           (sub              ) [ 000]
tmp_330                (bitconcatenate   ) [ 000]
sext_ln73_120          (sext             ) [ 000]
sext_ln73_121          (sext             ) [ 000]
tmp_331                (bitconcatenate   ) [ 000]
sext_ln73_133          (sext             ) [ 000]
sub_ln73_135           (sub              ) [ 000]
tmp_332                (bitconcatenate   ) [ 000]
sext_ln73_134          (sext             ) [ 000]
sub_ln73_136           (sub              ) [ 000]
sext_ln73_123          (sext             ) [ 000]
sub_ln73_137           (sub              ) [ 000]
sext_ln58_470          (sext             ) [ 000]
add_ln58_1268          (add              ) [ 000]
sext_ln58_471          (sext             ) [ 000]
sext_ln58_472          (sext             ) [ 000]
add_ln58_1270          (add              ) [ 000]
sext_ln58_1390         (sext             ) [ 000]
add_ln58_1271          (add              ) [ 000]
sext_ln58_1391         (sext             ) [ 000]
add_ln58_1272          (add              ) [ 000]
sext_ln58_474          (sext             ) [ 000]
add_ln58_1273          (add              ) [ 000]
sub_ln58_535           (sub              ) [ 000]
sext_ln58_1412         (sext             ) [ 000]
sext_ln58_1414         (sext             ) [ 000]
sub_ln58_536           (sub              ) [ 000]
sext_ln58_1393         (sext             ) [ 000]
add_ln58_1274          (add              ) [ 000]
sext_ln58_1394         (sext             ) [ 000]
sext_ln58_1395         (sext             ) [ 000]
sext_ln58_1396         (sext             ) [ 000]
sub_ln58_507           (sub              ) [ 000]
sext_ln58_1397         (sext             ) [ 000]
sub_ln58_537           (sub              ) [ 000]
sext_ln58_1399         (sext             ) [ 000]
sext_ln58_1415         (sext             ) [ 000]
add_ln58_1275          (add              ) [ 000]
sext_ln58_1400         (sext             ) [ 000]
add_ln58_1276          (add              ) [ 000]
sext_ln58_1416         (sext             ) [ 000]
add_ln58_1277          (add              ) [ 000]
sext_ln58_1417         (sext             ) [ 000]
sext_ln58_1418         (sext             ) [ 000]
sub_ln58_539           (sub              ) [ 000]
add_ln58_1278          (add              ) [ 000]
add_ln58_1279          (add              ) [ 000]
sext_ln58_1402         (sext             ) [ 000]
add_ln58_1280          (add              ) [ 000]
sext_ln58_1419         (sext             ) [ 000]
add_ln58_1281          (add              ) [ 000]
sext_ln58_482          (sext             ) [ 000]
add_ln58_1282          (add              ) [ 000]
add_ln58_1283          (add              ) [ 000]
sext_ln58_1404         (sext             ) [ 000]
add_ln58_1284          (add              ) [ 000]
sext_ln58_1420         (sext             ) [ 000]
sext_ln58_1421         (sext             ) [ 000]
sub_ln58_540           (sub              ) [ 000]
add_ln58_1285          (add              ) [ 000]
sext_ln58_1405         (sext             ) [ 000]
add_ln58_1286          (add              ) [ 000]
sext_ln58_1406         (sext             ) [ 000]
add_ln58_1287          (add              ) [ 000]
sext_ln58_483          (sext             ) [ 000]
add_ln58_1288          (add              ) [ 000]
sub_ln58_541           (sub              ) [ 000]
sext_ln58_1407         (sext             ) [ 000]
add_ln58_1289          (add              ) [ 000]
sext_ln58_484          (sext             ) [ 000]
sext_ln58_485          (sext             ) [ 000]
add_ln58_1291          (add              ) [ 000]
add_ln58_1292          (add              ) [ 000]
sext_ln58_1422         (sext             ) [ 000]
sub_ln58_543           (sub              ) [ 000]
sext_ln58_1410         (sext             ) [ 000]
add_ln58_1293          (add              ) [ 000]
sext_ln58_486          (sext             ) [ 000]
add_ln58_1294          (add              ) [ 000]
sext_ln58_1411         (sext             ) [ 000]
add_ln58_1295          (add              ) [ 000]
add_ln58_1296          (add              ) [ 000]
sext_ln58_1423         (sext             ) [ 000]
sub_ln58_544           (sub              ) [ 000]
sext_ln58_1413         (sext             ) [ 000]
add_ln58_1297          (add              ) [ 000]
sext_ln68              (sext             ) [ 000]
mrv                    (insertvalue      ) [ 000]
mrv_1                  (insertvalue      ) [ 000]
mrv_2                  (insertvalue      ) [ 000]
mrv_3                  (insertvalue      ) [ 000]
ret_ln68               (ret              ) [ 000]
</LifeTime>

<model>

<comp_list>
<comp id="0" class="1000" name="data_0_val">
<pin_list>
<pin id="1" dir="1" index="0" bw="1" slack="0"/>
</pin_list>
<bind>
<StgValue><ssdm name="data_0_val"/></StgValue>
</bind>
</comp>

<comp id="2" class="1000" name="data_1_val">
<pin_list>
<pin id="3" dir="1" index="0" bw="1" slack="0"/>
</pin_list>
<bind>
<StgValue><ssdm name="data_1_val"/></StgValue>
</bind>
</comp>

<comp id="4" class="1000" name="data_2_val">
<pin_list>
<pin id="5" dir="1" index="0" bw="1" slack="0"/>
</pin_list>
<bind>
<StgValue><ssdm name="data_2_val"/></StgValue>
</bind>
</comp>

<comp id="6" class="1000" name="data_3_val">
<pin_list>
<pin id="7" dir="1" index="0" bw="1" slack="0"/>
</pin_list>
<bind>
<StgValue><ssdm name="data_3_val"/></StgValue>
</bind>
</comp>

<comp id="8" class="1000" name="data_4_val">
<pin_list>
<pin id="9" dir="1" index="0" bw="1" slack="0"/>
</pin_list>
<bind>
<StgValue><ssdm name="data_4_val"/></StgValue>
</bind>
</comp>

<comp id="10" class="1000" name="data_5_val">
<pin_list>
<pin id="11" dir="1" index="0" bw="1" slack="0"/>
</pin_list>
<bind>
<StgValue><ssdm name="data_5_val"/></StgValue>
</bind>
</comp>

<comp id="12" class="1000" name="data_6_val">
<pin_list>
<pin id="13" dir="1" index="0" bw="1" slack="0"/>
</pin_list>
<bind>
<StgValue><ssdm name="data_6_val"/></StgValue>
</bind>
</comp>

<comp id="14" class="1000" name="data_7_val">
<pin_list>
<pin id="15" dir="1" index="0" bw="1" slack="0"/>
</pin_list>
<bind>
<StgValue><ssdm name="data_7_val"/></StgValue>
</bind>
</comp>

<comp id="16" class="1000" name="data_8_val">
<pin_list>
<pin id="17" dir="1" index="0" bw="1" slack="0"/>
</pin_list>
<bind>
<StgValue><ssdm name="data_8_val"/></StgValue>
</bind>
</comp>

<comp id="18" class="1000" name="data_9_val">
<pin_list>
<pin id="19" dir="1" index="0" bw="1" slack="0"/>
</pin_list>
<bind>
<StgValue><ssdm name="data_9_val"/></StgValue>
</bind>
</comp>

<comp id="20" class="1000" name="data_10_val">
<pin_list>
<pin id="21" dir="1" index="0" bw="1" slack="0"/>
</pin_list>
<bind>
<StgValue><ssdm name="data_10_val"/></StgValue>
</bind>
</comp>

<comp id="22" class="1000" name="data_11_val">
<pin_list>
<pin id="23" dir="1" index="0" bw="1" slack="0"/>
</pin_list>
<bind>
<StgValue><ssdm name="data_11_val"/></StgValue>
</bind>
</comp>

<comp id="24" class="1000" name="data_12_val">
<pin_list>
<pin id="25" dir="1" index="0" bw="1" slack="0"/>
</pin_list>
<bind>
<StgValue><ssdm name="data_12_val"/></StgValue>
</bind>
</comp>

<comp id="26" class="1000" name="data_13_val">
<pin_list>
<pin id="27" dir="1" index="0" bw="1" slack="0"/>
</pin_list>
<bind>
<StgValue><ssdm name="data_13_val"/></StgValue>
</bind>
</comp>

<comp id="28" class="1000" name="data_14_val">
<pin_list>
<pin id="29" dir="1" index="0" bw="1" slack="0"/>
</pin_list>
<bind>
<StgValue><ssdm name="data_14_val"/></StgValue>
</bind>
</comp>

<comp id="30" class="1000" name="data_15_val">
<pin_list>
<pin id="31" dir="1" index="0" bw="1" slack="0"/>
</pin_list>
<bind>
<StgValue><ssdm name="data_15_val"/></StgValue>
</bind>
</comp>

<comp id="32" class="1001" name="const_32">
<pin_list>
<pin id="33" dir="1" index="0" bw="1" slack="0"/>
</pin_list>
<bind>
<StgValue><ssdm name="_ssdm_op_Read.ap_auto.i6"/></StgValue>
</bind>
</comp>

<comp id="34" class="1001" name="const_34">
<pin_list>
<pin id="35" dir="1" index="0" bw="1" slack="0"/>
</pin_list>
<bind>
<StgValue><ssdm name="_ssdm_op_BitConcatenate.i7.i6.i1"/></StgValue>
</bind>
</comp>

<comp id="36" class="1001" name="const_36">
<pin_list>
<pin id="37" dir="1" index="0" bw="1" slack="0"/>
</pin_list>
<bind>
<StgValue><ssdm name=""/></StgValue>
</bind>
</comp>

<comp id="38" class="1001" name="const_38">
<pin_list>
<pin id="39" dir="1" index="0" bw="1" slack="0"/>
</pin_list>
<bind>
<StgValue><ssdm name="_ssdm_op_BitConcatenate.i8.i6.i2"/></StgValue>
</bind>
</comp>

<comp id="40" class="1001" name="const_40">
<pin_list>
<pin id="41" dir="1" index="0" bw="1" slack="0"/>
</pin_list>
<bind>
<StgValue><ssdm name=""/></StgValue>
</bind>
</comp>

<comp id="42" class="1001" name="const_42">
<pin_list>
<pin id="43" dir="1" index="0" bw="1" slack="0"/>
</pin_list>
<bind>
<StgValue><ssdm name=""/></StgValue>
</bind>
</comp>

<comp id="44" class="1001" name="const_44">
<pin_list>
<pin id="45" dir="1" index="0" bw="1" slack="0"/>
</pin_list>
<bind>
<StgValue><ssdm name="_ssdm_op_BitConcatenate.i8.i7.i1"/></StgValue>
</bind>
</comp>

<comp id="46" class="1001" name="const_46">
<pin_list>
<pin id="47" dir="1" index="0" bw="1" slack="2147483647"/>
</pin_list>
<bind>
<StgValue><ssdm name="_ssdm_op_SpecPipeline"/></StgValue>
</bind>
</comp>

<comp id="48" class="1001" name="const_48">
<pin_list>
<pin id="49" dir="1" index="0" bw="1" slack="2147483647"/>
</pin_list>
<bind>
<StgValue><ssdm name=""/></StgValue>
</bind>
</comp>

<comp id="50" class="1001" name="const_50">
<pin_list>
<pin id="51" dir="1" index="0" bw="1" slack="2147483647"/>
</pin_list>
<bind>
<StgValue><ssdm name=""/></StgValue>
</bind>
</comp>

<comp id="52" class="1001" name="const_52">
<pin_list>
<pin id="53" dir="1" index="0" bw="1" slack="2147483647"/>
</pin_list>
<bind>
<StgValue><ssdm name="empty_1"/></StgValue>
</bind>
</comp>

<comp id="54" class="1001" name="const_54">
<pin_list>
<pin id="55" dir="1" index="0" bw="1" slack="2147483647"/>
</pin_list>
<bind>
<StgValue><ssdm name="_ssdm_op_SpecResourceLimit"/></StgValue>
</bind>
</comp>

<comp id="56" class="1001" name="const_56">
<pin_list>
<pin id="57" dir="1" index="0" bw="1" slack="2147483647"/>
</pin_list>
<bind>
<StgValue><ssdm name=""/></StgValue>
</bind>
</comp>

<comp id="58" class="1001" name="const_58">
<pin_list>
<pin id="59" dir="1" index="0" bw="1" slack="2147483647"/>
</pin_list>
<bind>
<StgValue><ssdm name="empty_3"/></StgValue>
</bind>
</comp>

<comp id="60" class="1001" name="const_60">
<pin_list>
<pin id="61" dir="1" index="0" bw="1" slack="0"/>
</pin_list>
<bind>
<StgValue><ssdm name=""/></StgValue>
</bind>
</comp>

<comp id="62" class="1001" name="const_62">
<pin_list>
<pin id="63" dir="1" index="0" bw="1" slack="0"/>
</pin_list>
<bind>
<StgValue><ssdm name=""/></StgValue>
</bind>
</comp>

<comp id="64" class="1004" name="data_8_val_read_read_fu_64">
<pin_list>
<pin id="65" dir="0" index="0" bw="6" slack="0"/>
<pin id="66" dir="0" index="1" bw="6" slack="0"/>
<pin id="67" dir="1" index="2" bw="6" slack="0"/>
</pin_list>
<bind>
<opcode="read(1150) " fcode="read"/>
<opset="data_8_val_read/1 "/>
</bind>
</comp>

<comp id="70" class="1004" name="data_5_val_read_read_fu_70">
<pin_list>
<pin id="71" dir="0" index="0" bw="6" slack="0"/>
<pin id="72" dir="0" index="1" bw="6" slack="0"/>
<pin id="73" dir="1" index="2" bw="6" slack="0"/>
</pin_list>
<bind>
<opcode="read(1150) " fcode="read"/>
<opset="data_5_val_read/1 "/>
</bind>
</comp>

<comp id="76" class="1004" name="data_4_val_read_read_fu_76">
<pin_list>
<pin id="77" dir="0" index="0" bw="6" slack="0"/>
<pin id="78" dir="0" index="1" bw="6" slack="0"/>
<pin id="79" dir="1" index="2" bw="6" slack="0"/>
</pin_list>
<bind>
<opcode="read(1150) " fcode="read"/>
<opset="data_4_val_read/1 "/>
</bind>
</comp>

<comp id="82" class="1004" name="data_2_val_read_read_fu_82">
<pin_list>
<pin id="83" dir="0" index="0" bw="6" slack="0"/>
<pin id="84" dir="0" index="1" bw="6" slack="0"/>
<pin id="85" dir="1" index="2" bw="6" slack="0"/>
</pin_list>
<bind>
<opcode="read(1150) " fcode="read"/>
<opset="data_2_val_read/1 "/>
</bind>
</comp>

<comp id="88" class="1004" name="data_1_val_read_read_fu_88">
<pin_list>
<pin id="89" dir="0" index="0" bw="6" slack="0"/>
<pin id="90" dir="0" index="1" bw="6" slack="0"/>
<pin id="91" dir="1" index="2" bw="6" slack="0"/>
</pin_list>
<bind>
<opcode="read(1150) " fcode="read"/>
<opset="data_1_val_read/1 "/>
</bind>
</comp>

<comp id="94" class="1004" name="data_0_val_read_read_fu_94">
<pin_list>
<pin id="95" dir="0" index="0" bw="6" slack="0"/>
<pin id="96" dir="0" index="1" bw="6" slack="0"/>
<pin id="97" dir="1" index="2" bw="6" slack="0"/>
</pin_list>
<bind>
<opcode="read(1150) " fcode="read"/>
<opset="data_0_val_read/1 "/>
</bind>
</comp>

<comp id="100" class="1004" name="data_15_val_read_read_fu_100">
<pin_list>
<pin id="101" dir="0" index="0" bw="6" slack="0"/>
<pin id="102" dir="0" index="1" bw="6" slack="0"/>
<pin id="103" dir="1" index="2" bw="6" slack="0"/>
</pin_list>
<bind>
<opcode="read(1150) " fcode="read"/>
<opset="data_15_val_read/2 "/>
</bind>
</comp>

<comp id="106" class="1004" name="data_14_val_read_read_fu_106">
<pin_list>
<pin id="107" dir="0" index="0" bw="6" slack="0"/>
<pin id="108" dir="0" index="1" bw="6" slack="0"/>
<pin id="109" dir="1" index="2" bw="6" slack="0"/>
</pin_list>
<bind>
<opcode="read(1150) " fcode="read"/>
<opset="data_14_val_read/2 "/>
</bind>
</comp>

<comp id="112" class="1004" name="data_13_val_read_read_fu_112">
<pin_list>
<pin id="113" dir="0" index="0" bw="6" slack="0"/>
<pin id="114" dir="0" index="1" bw="6" slack="0"/>
<pin id="115" dir="1" index="2" bw="6" slack="0"/>
</pin_list>
<bind>
<opcode="read(1150) " fcode="read"/>
<opset="data_13_val_read/2 "/>
</bind>
</comp>

<comp id="118" class="1004" name="data_12_val_read_read_fu_118">
<pin_list>
<pin id="119" dir="0" index="0" bw="6" slack="0"/>
<pin id="120" dir="0" index="1" bw="6" slack="0"/>
<pin id="121" dir="1" index="2" bw="6" slack="0"/>
</pin_list>
<bind>
<opcode="read(1150) " fcode="read"/>
<opset="data_12_val_read/2 "/>
</bind>
</comp>

<comp id="124" class="1004" name="data_11_val_read_read_fu_124">
<pin_list>
<pin id="125" dir="0" index="0" bw="6" slack="0"/>
<pin id="126" dir="0" index="1" bw="6" slack="0"/>
<pin id="127" dir="1" index="2" bw="6" slack="0"/>
</pin_list>
<bind>
<opcode="read(1150) " fcode="read"/>
<opset="data_11_val_read/2 "/>
</bind>
</comp>

<comp id="130" class="1004" name="data_10_val_read_read_fu_130">
<pin_list>
<pin id="131" dir="0" index="0" bw="6" slack="0"/>
<pin id="132" dir="0" index="1" bw="6" slack="0"/>
<pin id="133" dir="1" index="2" bw="6" slack="0"/>
</pin_list>
<bind>
<opcode="read(1150) " fcode="read"/>
<opset="data_10_val_read/2 "/>
</bind>
</comp>

<comp id="136" class="1004" name="data_9_val_read_read_fu_136">
<pin_list>
<pin id="137" dir="0" index="0" bw="6" slack="0"/>
<pin id="138" dir="0" index="1" bw="6" slack="0"/>
<pin id="139" dir="1" index="2" bw="6" slack="0"/>
</pin_list>
<bind>
<opcode="read(1150) " fcode="read"/>
<opset="data_9_val_read/2 "/>
</bind>
</comp>

<comp id="142" class="1004" name="data_7_val_read_read_fu_142">
<pin_list>
<pin id="143" dir="0" index="0" bw="6" slack="0"/>
<pin id="144" dir="0" index="1" bw="6" slack="0"/>
<pin id="145" dir="1" index="2" bw="6" slack="0"/>
</pin_list>
<bind>
<opcode="read(1150) " fcode="read"/>
<opset="data_7_val_read/2 "/>
</bind>
</comp>

<comp id="148" class="1004" name="data_6_val_read_read_fu_148">
<pin_list>
<pin id="149" dir="0" index="0" bw="6" slack="0"/>
<pin id="150" dir="0" index="1" bw="6" slack="0"/>
<pin id="151" dir="1" index="2" bw="6" slack="0"/>
</pin_list>
<bind>
<opcode="read(1150) " fcode="read"/>
<opset="data_6_val_read/2 "/>
</bind>
</comp>

<comp id="154" class="1004" name="data_3_val_read_read_fu_154">
<pin_list>
<pin id="155" dir="0" index="0" bw="6" slack="0"/>
<pin id="156" dir="0" index="1" bw="6" slack="0"/>
<pin id="157" dir="1" index="2" bw="6" slack="0"/>
</pin_list>
<bind>
<opcode="read(1150) " fcode="read"/>
<opset="data_3_val_read/2 "/>
</bind>
</comp>

<comp id="160" class="1004" name="sext_ln73_fu_160">
<pin_list>
<pin id="161" dir="0" index="0" bw="6" slack="0"/>
<pin id="162" dir="1" index="1" bw="8" slack="0"/>
</pin_list>
<bind>
<opcode="sext(35) " fcode="sext"/>
<opset="sext_ln73/1 "/>
</bind>
</comp>

<comp id="164" class="1004" name="tmp_313_fu_164">
<pin_list>
<pin id="165" dir="0" index="0" bw="7" slack="0"/>
<pin id="166" dir="0" index="1" bw="6" slack="0"/>
<pin id="167" dir="0" index="2" bw="1" slack="0"/>
<pin id="168" dir="1" index="3" bw="7" slack="0"/>
</pin_list>
<bind>
<opcode="bitconcatenate(1004) " fcode="bitconcatenate"/>
<opset="tmp_313/1 "/>
</bind>
</comp>

<comp id="172" class="1004" name="sext_ln73_105_fu_172">
<pin_list>
<pin id="173" dir="0" index="0" bw="7" slack="0"/>
<pin id="174" dir="1" index="1" bw="8" slack="0"/>
</pin_list>
<bind>
<opcode="sext(35) " fcode="sext"/>
<opset="sext_ln73_105/1 "/>
</bind>
</comp>

<comp id="176" class="1004" name="sext_ln73_96_fu_176">
<pin_list>
<pin id="177" dir="0" index="0" bw="6" slack="0"/>
<pin id="178" dir="1" index="1" bw="8" slack="0"/>
</pin_list>
<bind>
<opcode="sext(35) " fcode="sext"/>
<opset="sext_ln73_96/1 "/>
</bind>
</comp>

<comp id="180" class="1004" name="p_shl_fu_180">
<pin_list>
<pin id="181" dir="0" index="0" bw="8" slack="0"/>
<pin id="182" dir="0" index="1" bw="6" slack="0"/>
<pin id="183" dir="0" index="2" bw="1" slack="0"/>
<pin id="184" dir="1" index="3" bw="8" slack="0"/>
</pin_list>
<bind>
<opcode="bitconcatenate(1004) " fcode="bitconcatenate"/>
<opset="p_shl/1 "/>
</bind>
</comp>

<comp id="188" class="1004" name="sub_ln73_123_fu_188">
<pin_list>
<pin id="189" dir="0" index="0" bw="8" slack="0"/>
<pin id="190" dir="0" index="1" bw="6" slack="0"/>
<pin id="191" dir="1" index="2" bw="8" slack="0"/>
</pin_list>
<bind>
<opcode="sub(10) " fcode="sub"/>
<opset="sub_ln73_123/1 "/>
</bind>
</comp>

<comp id="194" class="1004" name="tmp_314_fu_194">
<pin_list>
<pin id="195" dir="0" index="0" bw="7" slack="0"/>
<pin id="196" dir="0" index="1" bw="6" slack="0"/>
<pin id="197" dir="0" index="2" bw="1" slack="0"/>
<pin id="198" dir="1" index="3" bw="7" slack="0"/>
</pin_list>
<bind>
<opcode="bitconcatenate(1004) " fcode="bitconcatenate"/>
<opset="tmp_314/1 "/>
</bind>
</comp>

<comp id="202" class="1004" name="sext_ln73_107_fu_202">
<pin_list>
<pin id="203" dir="0" index="0" bw="7" slack="0"/>
<pin id="204" dir="1" index="1" bw="8" slack="0"/>
</pin_list>
<bind>
<opcode="sext(35) " fcode="sext"/>
<opset="sext_ln73_107/1 "/>
</bind>
</comp>

<comp id="206" class="1004" name="sub_ln73_124_fu_206">
<pin_list>
<pin id="207" dir="0" index="0" bw="1" slack="0"/>
<pin id="208" dir="0" index="1" bw="7" slack="0"/>
<pin id="209" dir="1" index="2" bw="8" slack="0"/>
</pin_list>
<bind>
<opcode="sub(10) " fcode="sub"/>
<opset="sub_ln73_124/1 "/>
</bind>
</comp>

<comp id="212" class="1004" name="sext_ln42_fu_212">
<pin_list>
<pin id="213" dir="0" index="0" bw="6" slack="0"/>
<pin id="214" dir="1" index="1" bw="8" slack="0"/>
</pin_list>
<bind>
<opcode="sext(35) " fcode="sext"/>
<opset="sext_ln42/1 "/>
</bind>
</comp>

<comp id="216" class="1004" name="tmp_315_fu_216">
<pin_list>
<pin id="217" dir="0" index="0" bw="7" slack="0"/>
<pin id="218" dir="0" index="1" bw="6" slack="0"/>
<pin id="219" dir="0" index="2" bw="1" slack="0"/>
<pin id="220" dir="1" index="3" bw="7" slack="0"/>
</pin_list>
<bind>
<opcode="bitconcatenate(1004) " fcode="bitconcatenate"/>
<opset="tmp_315/1 "/>
</bind>
</comp>

<comp id="224" class="1004" name="sext_ln73_115_fu_224">
<pin_list>
<pin id="225" dir="0" index="0" bw="7" slack="0"/>
<pin id="226" dir="1" index="1" bw="8" slack="0"/>
</pin_list>
<bind>
<opcode="sext(35) " fcode="sext"/>
<opset="sext_ln73_115/1 "/>
</bind>
</comp>

<comp id="228" class="1004" name="tmp_318_fu_228">
<pin_list>
<pin id="229" dir="0" index="0" bw="7" slack="0"/>
<pin id="230" dir="0" index="1" bw="6" slack="0"/>
<pin id="231" dir="0" index="2" bw="1" slack="0"/>
<pin id="232" dir="1" index="3" bw="7" slack="0"/>
</pin_list>
<bind>
<opcode="bitconcatenate(1004) " fcode="bitconcatenate"/>
<opset="tmp_318/1 "/>
</bind>
</comp>

<comp id="236" class="1004" name="sext_ln73_122_fu_236">
<pin_list>
<pin id="237" dir="0" index="0" bw="7" slack="0"/>
<pin id="238" dir="1" index="1" bw="8" slack="0"/>
</pin_list>
<bind>
<opcode="sext(35) " fcode="sext"/>
<opset="sext_ln73_122/1 "/>
</bind>
</comp>

<comp id="240" class="1004" name="sext_ln73_101_fu_240">
<pin_list>
<pin id="241" dir="0" index="0" bw="6" slack="0"/>
<pin id="242" dir="1" index="1" bw="8" slack="0"/>
</pin_list>
<bind>
<opcode="sext(35) " fcode="sext"/>
<opset="sext_ln73_101/1 "/>
</bind>
</comp>

<comp id="244" class="1004" name="tmp_319_fu_244">
<pin_list>
<pin id="245" dir="0" index="0" bw="8" slack="0"/>
<pin id="246" dir="0" index="1" bw="6" slack="0"/>
<pin id="247" dir="0" index="2" bw="1" slack="0"/>
<pin id="248" dir="1" index="3" bw="8" slack="0"/>
</pin_list>
<bind>
<opcode="bitconcatenate(1004) " fcode="bitconcatenate"/>
<opset="tmp_319/1 "/>
</bind>
</comp>

<comp id="252" class="1004" name="sext_ln73_124_fu_252">
<pin_list>
<pin id="253" dir="0" index="0" bw="8" slack="0"/>
<pin id="254" dir="1" index="1" bw="9" slack="0"/>
</pin_list>
<bind>
<opcode="sext(35) " fcode="sext"/>
<opset="sext_ln73_124/1 "/>
</bind>
</comp>

<comp id="256" class="1004" name="tmp_320_fu_256">
<pin_list>
<pin id="257" dir="0" index="0" bw="7" slack="0"/>
<pin id="258" dir="0" index="1" bw="6" slack="0"/>
<pin id="259" dir="0" index="2" bw="1" slack="0"/>
<pin id="260" dir="1" index="3" bw="7" slack="0"/>
</pin_list>
<bind>
<opcode="bitconcatenate(1004) " fcode="bitconcatenate"/>
<opset="tmp_320/1 "/>
</bind>
</comp>

<comp id="264" class="1004" name="sext_ln73_125_fu_264">
<pin_list>
<pin id="265" dir="0" index="0" bw="7" slack="0"/>
<pin id="266" dir="1" index="1" bw="8" slack="0"/>
</pin_list>
<bind>
<opcode="sext(35) " fcode="sext"/>
<opset="sext_ln73_125/1 "/>
</bind>
</comp>

<comp id="268" class="1004" name="shl_ln73_5_fu_268">
<pin_list>
<pin id="269" dir="0" index="0" bw="7" slack="0"/>
<pin id="270" dir="0" index="1" bw="6" slack="0"/>
<pin id="271" dir="0" index="2" bw="1" slack="0"/>
<pin id="272" dir="1" index="3" bw="7" slack="0"/>
</pin_list>
<bind>
<opcode="bitconcatenate(1004) " fcode="bitconcatenate"/>
<opset="shl_ln73_5/1 "/>
</bind>
</comp>

<comp id="276" class="1004" name="sext_ln73_112_fu_276">
<pin_list>
<pin id="277" dir="0" index="0" bw="7" slack="0"/>
<pin id="278" dir="1" index="1" bw="8" slack="0"/>
</pin_list>
<bind>
<opcode="sext(35) " fcode="sext"/>
<opset="sext_ln73_112/1 "/>
</bind>
</comp>

<comp id="280" class="1004" name="sub_ln58_fu_280">
<pin_list>
<pin id="281" dir="0" index="0" bw="8" slack="0"/>
<pin id="282" dir="0" index="1" bw="6" slack="0"/>
<pin id="283" dir="1" index="2" bw="8" slack="0"/>
</pin_list>
<bind>
<opcode="sub(10) " fcode="sub"/>
<opset="sub_ln58/1 "/>
</bind>
</comp>

<comp id="286" class="1004" name="sext_ln58_466_fu_286">
<pin_list>
<pin id="287" dir="0" index="0" bw="8" slack="0"/>
<pin id="288" dir="1" index="1" bw="9" slack="0"/>
</pin_list>
<bind>
<opcode="sext(35) " fcode="sext"/>
<opset="sext_ln58_466/1 "/>
</bind>
</comp>

<comp id="290" class="1004" name="sub_ln58_532_fu_290">
<pin_list>
<pin id="291" dir="0" index="0" bw="7" slack="0"/>
<pin id="292" dir="0" index="1" bw="7" slack="0"/>
<pin id="293" dir="1" index="2" bw="8" slack="0"/>
</pin_list>
<bind>
<opcode="sub(10) " fcode="sub"/>
<opset="sub_ln58_532/1 "/>
</bind>
</comp>

<comp id="296" class="1004" name="add_ln58_cast27_fu_296">
<pin_list>
<pin id="297" dir="0" index="0" bw="8" slack="0"/>
<pin id="298" dir="1" index="1" bw="9" slack="0"/>
</pin_list>
<bind>
<opcode="sext(35) " fcode="sext"/>
<opset="add_ln58_cast27/1 "/>
</bind>
</comp>

<comp id="300" class="1004" name="data_0_val_cast17_fu_300">
<pin_list>
<pin id="301" dir="0" index="0" bw="6" slack="0"/>
<pin id="302" dir="1" index="1" bw="7" slack="0"/>
</pin_list>
<bind>
<opcode="sext(35) " fcode="sext"/>
<opset="data_0_val_cast17/1 "/>
</bind>
</comp>

<comp id="304" class="1004" name="sext_ln58_467_fu_304">
<pin_list>
<pin id="305" dir="0" index="0" bw="6" slack="0"/>
<pin id="306" dir="1" index="1" bw="7" slack="0"/>
</pin_list>
<bind>
<opcode="sext(35) " fcode="sext"/>
<opset="sext_ln58_467/1 "/>
</bind>
</comp>

<comp id="308" class="1004" name="add_ln58_fu_308">
<pin_list>
<pin id="309" dir="0" index="0" bw="6" slack="0"/>
<pin id="310" dir="0" index="1" bw="6" slack="0"/>
<pin id="311" dir="1" index="2" bw="7" slack="0"/>
</pin_list>
<bind>
<opcode="add(8) " fcode="add"/>
<opset="add_ln58/1 "/>
</bind>
</comp>

<comp id="314" class="1004" name="tmp_fu_314">
<pin_list>
<pin id="315" dir="0" index="0" bw="8" slack="0"/>
<pin id="316" dir="0" index="1" bw="7" slack="0"/>
<pin id="317" dir="0" index="2" bw="1" slack="0"/>
<pin id="318" dir="1" index="3" bw="8" slack="0"/>
</pin_list>
<bind>
<opcode="bitconcatenate(1004) " fcode="bitconcatenate"/>
<opset="tmp/1 "/>
</bind>
</comp>

<comp id="322" class="1004" name="sext_ln58_1409_fu_322">
<pin_list>
<pin id="323" dir="0" index="0" bw="8" slack="0"/>
<pin id="324" dir="1" index="1" bw="9" slack="0"/>
</pin_list>
<bind>
<opcode="sext(35) " fcode="sext"/>
<opset="sext_ln58_1409/1 "/>
</bind>
</comp>

<comp id="326" class="1004" name="add_ln58_1267_fu_326">
<pin_list>
<pin id="327" dir="0" index="0" bw="8" slack="0"/>
<pin id="328" dir="0" index="1" bw="6" slack="0"/>
<pin id="329" dir="1" index="2" bw="8" slack="1"/>
</pin_list>
<bind>
<opcode="add(8) " fcode="add"/>
<opset="add_ln58_1267/1 "/>
</bind>
</comp>

<comp id="332" class="1004" name="sub_ln58_533_fu_332">
<pin_list>
<pin id="333" dir="0" index="0" bw="7" slack="0"/>
<pin id="334" dir="0" index="1" bw="7" slack="0"/>
<pin id="335" dir="1" index="2" bw="8" slack="0"/>
</pin_list>
<bind>
<opcode="sub(10) " fcode="sub"/>
<opset="sub_ln58_533/1 "/>
</bind>
</comp>

<comp id="338" class="1004" name="sext_ln58_fu_338">
<pin_list>
<pin id="339" dir="0" index="0" bw="8" slack="0"/>
<pin id="340" dir="1" index="1" bw="9" slack="0"/>
</pin_list>
<bind>
<opcode="sext(35) " fcode="sext"/>
<opset="sext_ln58/1 "/>
</bind>
</comp>

<comp id="342" class="1004" name="add_ln58_1269_fu_342">
<pin_list>
<pin id="343" dir="0" index="0" bw="8" slack="0"/>
<pin id="344" dir="0" index="1" bw="8" slack="0"/>
<pin id="345" dir="1" index="2" bw="9" slack="1"/>
</pin_list>
<bind>
<opcode="add(8) " fcode="add"/>
<opset="add_ln58_1269/1 "/>
</bind>
</comp>

<comp id="348" class="1004" name="sub_ln58_534_fu_348">
<pin_list>
<pin id="349" dir="0" index="0" bw="7" slack="0"/>
<pin id="350" dir="0" index="1" bw="7" slack="0"/>
<pin id="351" dir="1" index="2" bw="8" slack="1"/>
</pin_list>
<bind>
<opcode="sub(10) " fcode="sub"/>
<opset="sub_ln58_534/1 "/>
</bind>
</comp>

<comp id="354" class="1004" name="sub_ln58_538_fu_354">
<pin_list>
<pin id="355" dir="0" index="0" bw="8" slack="0"/>
<pin id="356" dir="0" index="1" bw="8" slack="0"/>
<pin id="357" dir="1" index="2" bw="9" slack="1"/>
</pin_list>
<bind>
<opcode="sub(10) " fcode="sub"/>
<opset="sub_ln58_538/1 "/>
</bind>
</comp>

<comp id="360" class="1004" name="sub_ln58_542_fu_360">
<pin_list>
<pin id="361" dir="0" index="0" bw="6" slack="0"/>
<pin id="362" dir="0" index="1" bw="7" slack="0"/>
<pin id="363" dir="1" index="2" bw="8" slack="0"/>
</pin_list>
<bind>
<opcode="sub(10) " fcode="sub"/>
<opset="sub_ln58_542/1 "/>
</bind>
</comp>

<comp id="366" class="1004" name="sext_ln58_1408_fu_366">
<pin_list>
<pin id="367" dir="0" index="0" bw="8" slack="0"/>
<pin id="368" dir="1" index="1" bw="9" slack="0"/>
</pin_list>
<bind>
<opcode="sext(35) " fcode="sext"/>
<opset="sext_ln58_1408/1 "/>
</bind>
</comp>

<comp id="370" class="1004" name="add_ln58_1290_fu_370">
<pin_list>
<pin id="371" dir="0" index="0" bw="8" slack="0"/>
<pin id="372" dir="0" index="1" bw="8" slack="0"/>
<pin id="373" dir="1" index="2" bw="9" slack="1"/>
</pin_list>
<bind>
<opcode="add(8) " fcode="add"/>
<opset="add_ln58_1290/1 "/>
</bind>
</comp>

<comp id="376" class="1004" name="tmp_316_fu_376">
<pin_list>
<pin id="377" dir="0" index="0" bw="7" slack="0"/>
<pin id="378" dir="0" index="1" bw="6" slack="0"/>
<pin id="379" dir="0" index="2" bw="1" slack="0"/>
<pin id="380" dir="1" index="3" bw="7" slack="0"/>
</pin_list>
<bind>
<opcode="bitconcatenate(1004) " fcode="bitconcatenate"/>
<opset="tmp_316/2 "/>
</bind>
</comp>

<comp id="384" class="1004" name="sext_ln73_118_fu_384">
<pin_list>
<pin id="385" dir="0" index="0" bw="7" slack="0"/>
<pin id="386" dir="1" index="1" bw="8" slack="0"/>
</pin_list>
<bind>
<opcode="sext(35) " fcode="sext"/>
<opset="sext_ln73_118/2 "/>
</bind>
</comp>

<comp id="388" class="1004" name="sext_ln70_fu_388">
<pin_list>
<pin id="389" dir="0" index="0" bw="7" slack="0"/>
<pin id="390" dir="1" index="1" bw="9" slack="0"/>
</pin_list>
<bind>
<opcode="sext(35) " fcode="sext"/>
<opset="sext_ln70/2 "/>
</bind>
</comp>

<comp id="392" class="1004" name="sext_ln73_98_fu_392">
<pin_list>
<pin id="393" dir="0" index="0" bw="6" slack="1"/>
<pin id="394" dir="1" index="1" bw="8" slack="0"/>
</pin_list>
<bind>
<opcode="sext(35) " fcode="sext"/>
<opset="sext_ln73_98/2 "/>
</bind>
</comp>

<comp id="395" class="1004" name="sext_ln73_99_fu_395">
<pin_list>
<pin id="396" dir="0" index="0" bw="6" slack="1"/>
<pin id="397" dir="1" index="1" bw="9" slack="0"/>
</pin_list>
<bind>
<opcode="sext(35) " fcode="sext"/>
<opset="sext_ln73_99/2 "/>
</bind>
</comp>

<comp id="398" class="1004" name="tmp_317_fu_398">
<pin_list>
<pin id="399" dir="0" index="0" bw="8" slack="0"/>
<pin id="400" dir="0" index="1" bw="6" slack="1"/>
<pin id="401" dir="0" index="2" bw="1" slack="0"/>
<pin id="402" dir="1" index="3" bw="8" slack="0"/>
</pin_list>
<bind>
<opcode="bitconcatenate(1004) " fcode="bitconcatenate"/>
<opset="tmp_317/2 "/>
</bind>
</comp>

<comp id="405" class="1004" name="sext_ln73_119_fu_405">
<pin_list>
<pin id="406" dir="0" index="0" bw="8" slack="0"/>
<pin id="407" dir="1" index="1" bw="9" slack="0"/>
</pin_list>
<bind>
<opcode="sext(35) " fcode="sext"/>
<opset="sext_ln73_119/2 "/>
</bind>
</comp>

<comp id="409" class="1004" name="sub_ln73_125_fu_409">
<pin_list>
<pin id="410" dir="0" index="0" bw="8" slack="0"/>
<pin id="411" dir="0" index="1" bw="6" slack="0"/>
<pin id="412" dir="1" index="2" bw="9" slack="0"/>
</pin_list>
<bind>
<opcode="sub(10) " fcode="sub"/>
<opset="sub_ln73_125/2 "/>
</bind>
</comp>

<comp id="415" class="1004" name="sext_ln73_100_fu_415">
<pin_list>
<pin id="416" dir="0" index="0" bw="9" slack="0"/>
<pin id="417" dir="1" index="1" bw="10" slack="0"/>
</pin_list>
<bind>
<opcode="sext(35) " fcode="sext"/>
<opset="sext_ln73_100/2 "/>
</bind>
</comp>

<comp id="419" class="1004" name="sub_ln73_126_fu_419">
<pin_list>
<pin id="420" dir="0" index="0" bw="6" slack="0"/>
<pin id="421" dir="0" index="1" bw="8" slack="0"/>
<pin id="422" dir="1" index="2" bw="9" slack="0"/>
</pin_list>
<bind>
<opcode="sub(10) " fcode="sub"/>
<opset="sub_ln73_126/2 "/>
</bind>
</comp>

<comp id="425" class="1004" name="sext_ln70_33_fu_425">
<pin_list>
<pin id="426" dir="0" index="0" bw="9" slack="0"/>
<pin id="427" dir="1" index="1" bw="10" slack="0"/>
</pin_list>
<bind>
<opcode="sext(35) " fcode="sext"/>
<opset="sext_ln70_33/2 "/>
</bind>
</comp>

<comp id="429" class="1004" name="sext_ln73_104_fu_429">
<pin_list>
<pin id="430" dir="0" index="0" bw="6" slack="0"/>
<pin id="431" dir="1" index="1" bw="9" slack="0"/>
</pin_list>
<bind>
<opcode="sext(35) " fcode="sext"/>
<opset="sext_ln73_104/2 "/>
</bind>
</comp>

<comp id="433" class="1004" name="shl_ln73_s_fu_433">
<pin_list>
<pin id="434" dir="0" index="0" bw="8" slack="0"/>
<pin id="435" dir="0" index="1" bw="6" slack="0"/>
<pin id="436" dir="0" index="2" bw="1" slack="0"/>
<pin id="437" dir="1" index="3" bw="8" slack="0"/>
</pin_list>
<bind>
<opcode="bitconcatenate(1004) " fcode="bitconcatenate"/>
<opset="shl_ln73_s/2 "/>
</bind>
</comp>

<comp id="441" class="1004" name="sext_ln73_106_fu_441">
<pin_list>
<pin id="442" dir="0" index="0" bw="8" slack="0"/>
<pin id="443" dir="1" index="1" bw="9" slack="0"/>
</pin_list>
<bind>
<opcode="sext(35) " fcode="sext"/>
<opset="sext_ln73_106/2 "/>
</bind>
</comp>

<comp id="445" class="1004" name="sub_ln73_127_fu_445">
<pin_list>
<pin id="446" dir="0" index="0" bw="6" slack="0"/>
<pin id="447" dir="0" index="1" bw="8" slack="0"/>
<pin id="448" dir="1" index="2" bw="9" slack="0"/>
</pin_list>
<bind>
<opcode="sub(10) " fcode="sub"/>
<opset="sub_ln73_127/2 "/>
</bind>
</comp>

<comp id="451" class="1004" name="tmp_321_fu_451">
<pin_list>
<pin id="452" dir="0" index="0" bw="7" slack="0"/>
<pin id="453" dir="0" index="1" bw="6" slack="0"/>
<pin id="454" dir="0" index="2" bw="1" slack="0"/>
<pin id="455" dir="1" index="3" bw="7" slack="0"/>
</pin_list>
<bind>
<opcode="bitconcatenate(1004) " fcode="bitconcatenate"/>
<opset="tmp_321/2 "/>
</bind>
</comp>

<comp id="459" class="1004" name="sext_ln73_108_fu_459">
<pin_list>
<pin id="460" dir="0" index="0" bw="6" slack="0"/>
<pin id="461" dir="1" index="1" bw="7" slack="0"/>
</pin_list>
<bind>
<opcode="sext(35) " fcode="sext"/>
<opset="sext_ln73_108/2 "/>
</bind>
</comp>

<comp id="463" class="1004" name="sub_ln73_fu_463">
<pin_list>
<pin id="464" dir="0" index="0" bw="1" slack="0"/>
<pin id="465" dir="0" index="1" bw="6" slack="0"/>
<pin id="466" dir="1" index="2" bw="7" slack="0"/>
</pin_list>
<bind>
<opcode="sub(10) " fcode="sub"/>
<opset="sub_ln73/2 "/>
</bind>
</comp>

<comp id="469" class="1004" name="sext_ln73_109_fu_469">
<pin_list>
<pin id="470" dir="0" index="0" bw="7" slack="0"/>
<pin id="471" dir="1" index="1" bw="8" slack="0"/>
</pin_list>
<bind>
<opcode="sext(35) " fcode="sext"/>
<opset="sext_ln73_109/2 "/>
</bind>
</comp>

<comp id="473" class="1004" name="tmp_322_fu_473">
<pin_list>
<pin id="474" dir="0" index="0" bw="7" slack="0"/>
<pin id="475" dir="0" index="1" bw="6" slack="0"/>
<pin id="476" dir="0" index="2" bw="1" slack="0"/>
<pin id="477" dir="1" index="3" bw="7" slack="0"/>
</pin_list>
<bind>
<opcode="bitconcatenate(1004) " fcode="bitconcatenate"/>
<opset="tmp_322/2 "/>
</bind>
</comp>

<comp id="481" class="1004" name="sext_ln73_126_fu_481">
<pin_list>
<pin id="482" dir="0" index="0" bw="7" slack="0"/>
<pin id="483" dir="1" index="1" bw="8" slack="0"/>
</pin_list>
<bind>
<opcode="sext(35) " fcode="sext"/>
<opset="sext_ln73_126/2 "/>
</bind>
</comp>

<comp id="485" class="1004" name="sext_ln73_110_fu_485">
<pin_list>
<pin id="486" dir="0" index="0" bw="6" slack="1"/>
<pin id="487" dir="1" index="1" bw="9" slack="0"/>
</pin_list>
<bind>
<opcode="sext(35) " fcode="sext"/>
<opset="sext_ln73_110/2 "/>
</bind>
</comp>

<comp id="488" class="1004" name="tmp_323_fu_488">
<pin_list>
<pin id="489" dir="0" index="0" bw="8" slack="0"/>
<pin id="490" dir="0" index="1" bw="6" slack="1"/>
<pin id="491" dir="0" index="2" bw="1" slack="0"/>
<pin id="492" dir="1" index="3" bw="8" slack="0"/>
</pin_list>
<bind>
<opcode="bitconcatenate(1004) " fcode="bitconcatenate"/>
<opset="tmp_323/2 "/>
</bind>
</comp>

<comp id="495" class="1004" name="sext_ln73_127_fu_495">
<pin_list>
<pin id="496" dir="0" index="0" bw="8" slack="0"/>
<pin id="497" dir="1" index="1" bw="9" slack="0"/>
</pin_list>
<bind>
<opcode="sext(35) " fcode="sext"/>
<opset="sext_ln73_127/2 "/>
</bind>
</comp>

<comp id="499" class="1004" name="sub_ln73_128_fu_499">
<pin_list>
<pin id="500" dir="0" index="0" bw="6" slack="0"/>
<pin id="501" dir="0" index="1" bw="8" slack="0"/>
<pin id="502" dir="1" index="2" bw="9" slack="0"/>
</pin_list>
<bind>
<opcode="sub(10) " fcode="sub"/>
<opset="sub_ln73_128/2 "/>
</bind>
</comp>

<comp id="505" class="1004" name="sext_ln73_111_fu_505">
<pin_list>
<pin id="506" dir="0" index="0" bw="9" slack="0"/>
<pin id="507" dir="1" index="1" bw="10" slack="0"/>
</pin_list>
<bind>
<opcode="sext(35) " fcode="sext"/>
<opset="sext_ln73_111/2 "/>
</bind>
</comp>

<comp id="509" class="1004" name="sub_ln73_129_fu_509">
<pin_list>
<pin id="510" dir="0" index="0" bw="8" slack="0"/>
<pin id="511" dir="0" index="1" bw="6" slack="0"/>
<pin id="512" dir="1" index="2" bw="9" slack="0"/>
</pin_list>
<bind>
<opcode="sub(10) " fcode="sub"/>
<opset="sub_ln73_129/2 "/>
</bind>
</comp>

<comp id="515" class="1004" name="sext_ln70_34_fu_515">
<pin_list>
<pin id="516" dir="0" index="0" bw="9" slack="0"/>
<pin id="517" dir="1" index="1" bw="10" slack="0"/>
</pin_list>
<bind>
<opcode="sext(35) " fcode="sext"/>
<opset="sext_ln70_34/2 "/>
</bind>
</comp>

<comp id="519" class="1004" name="sext_ln73_113_fu_519">
<pin_list>
<pin id="520" dir="0" index="0" bw="6" slack="0"/>
<pin id="521" dir="1" index="1" bw="9" slack="0"/>
</pin_list>
<bind>
<opcode="sext(35) " fcode="sext"/>
<opset="sext_ln73_113/2 "/>
</bind>
</comp>

<comp id="523" class="1004" name="tmp_324_fu_523">
<pin_list>
<pin id="524" dir="0" index="0" bw="8" slack="0"/>
<pin id="525" dir="0" index="1" bw="6" slack="0"/>
<pin id="526" dir="0" index="2" bw="1" slack="0"/>
<pin id="527" dir="1" index="3" bw="8" slack="0"/>
</pin_list>
<bind>
<opcode="bitconcatenate(1004) " fcode="bitconcatenate"/>
<opset="tmp_324/2 "/>
</bind>
</comp>

<comp id="531" class="1004" name="sext_ln73_128_fu_531">
<pin_list>
<pin id="532" dir="0" index="0" bw="8" slack="0"/>
<pin id="533" dir="1" index="1" bw="9" slack="0"/>
</pin_list>
<bind>
<opcode="sext(35) " fcode="sext"/>
<opset="sext_ln73_128/2 "/>
</bind>
</comp>

<comp id="535" class="1004" name="sub_ln73_130_fu_535">
<pin_list>
<pin id="536" dir="0" index="0" bw="6" slack="0"/>
<pin id="537" dir="0" index="1" bw="8" slack="0"/>
<pin id="538" dir="1" index="2" bw="9" slack="0"/>
</pin_list>
<bind>
<opcode="sub(10) " fcode="sub"/>
<opset="sub_ln73_130/2 "/>
</bind>
</comp>

<comp id="541" class="1004" name="sext_ln73_114_fu_541">
<pin_list>
<pin id="542" dir="0" index="0" bw="9" slack="0"/>
<pin id="543" dir="1" index="1" bw="11" slack="0"/>
</pin_list>
<bind>
<opcode="sext(35) " fcode="sext"/>
<opset="sext_ln73_114/2 "/>
</bind>
</comp>

<comp id="545" class="1004" name="shl_ln73_6_fu_545">
<pin_list>
<pin id="546" dir="0" index="0" bw="7" slack="0"/>
<pin id="547" dir="0" index="1" bw="6" slack="0"/>
<pin id="548" dir="0" index="2" bw="1" slack="0"/>
<pin id="549" dir="1" index="3" bw="7" slack="0"/>
</pin_list>
<bind>
<opcode="bitconcatenate(1004) " fcode="bitconcatenate"/>
<opset="shl_ln73_6/2 "/>
</bind>
</comp>

<comp id="553" class="1004" name="sext_ln70_35_fu_553">
<pin_list>
<pin id="554" dir="0" index="0" bw="7" slack="0"/>
<pin id="555" dir="1" index="1" bw="8" slack="0"/>
</pin_list>
<bind>
<opcode="sext(35) " fcode="sext"/>
<opset="sext_ln70_35/2 "/>
</bind>
</comp>

<comp id="557" class="1004" name="sext_ln70_36_fu_557">
<pin_list>
<pin id="558" dir="0" index="0" bw="6" slack="0"/>
<pin id="559" dir="1" index="1" bw="8" slack="0"/>
</pin_list>
<bind>
<opcode="sext(35) " fcode="sext"/>
<opset="sext_ln70_36/2 "/>
</bind>
</comp>

<comp id="561" class="1004" name="shl_ln73_7_fu_561">
<pin_list>
<pin id="562" dir="0" index="0" bw="7" slack="0"/>
<pin id="563" dir="0" index="1" bw="6" slack="0"/>
<pin id="564" dir="0" index="2" bw="1" slack="0"/>
<pin id="565" dir="1" index="3" bw="7" slack="0"/>
</pin_list>
<bind>
<opcode="bitconcatenate(1004) " fcode="bitconcatenate"/>
<opset="shl_ln73_7/2 "/>
</bind>
</comp>

<comp id="569" class="1004" name="sext_ln73_116_fu_569">
<pin_list>
<pin id="570" dir="0" index="0" bw="6" slack="0"/>
<pin id="571" dir="1" index="1" bw="9" slack="0"/>
</pin_list>
<bind>
<opcode="sext(35) " fcode="sext"/>
<opset="sext_ln73_116/2 "/>
</bind>
</comp>

<comp id="573" class="1004" name="tmp_325_fu_573">
<pin_list>
<pin id="574" dir="0" index="0" bw="8" slack="0"/>
<pin id="575" dir="0" index="1" bw="6" slack="0"/>
<pin id="576" dir="0" index="2" bw="1" slack="0"/>
<pin id="577" dir="1" index="3" bw="8" slack="0"/>
</pin_list>
<bind>
<opcode="bitconcatenate(1004) " fcode="bitconcatenate"/>
<opset="tmp_325/2 "/>
</bind>
</comp>

<comp id="581" class="1004" name="sext_ln73_129_fu_581">
<pin_list>
<pin id="582" dir="0" index="0" bw="8" slack="0"/>
<pin id="583" dir="1" index="1" bw="9" slack="0"/>
</pin_list>
<bind>
<opcode="sext(35) " fcode="sext"/>
<opset="sext_ln73_129/2 "/>
</bind>
</comp>

<comp id="585" class="1004" name="sub_ln73_131_fu_585">
<pin_list>
<pin id="586" dir="0" index="0" bw="8" slack="0"/>
<pin id="587" dir="0" index="1" bw="6" slack="0"/>
<pin id="588" dir="1" index="2" bw="9" slack="0"/>
</pin_list>
<bind>
<opcode="sub(10) " fcode="sub"/>
<opset="sub_ln73_131/2 "/>
</bind>
</comp>

<comp id="591" class="1004" name="tmp_326_fu_591">
<pin_list>
<pin id="592" dir="0" index="0" bw="7" slack="0"/>
<pin id="593" dir="0" index="1" bw="6" slack="0"/>
<pin id="594" dir="0" index="2" bw="1" slack="0"/>
<pin id="595" dir="1" index="3" bw="7" slack="0"/>
</pin_list>
<bind>
<opcode="bitconcatenate(1004) " fcode="bitconcatenate"/>
<opset="tmp_326/2 "/>
</bind>
</comp>

<comp id="599" class="1004" name="sext_ln73_130_fu_599">
<pin_list>
<pin id="600" dir="0" index="0" bw="7" slack="0"/>
<pin id="601" dir="1" index="1" bw="8" slack="0"/>
</pin_list>
<bind>
<opcode="sext(35) " fcode="sext"/>
<opset="sext_ln73_130/2 "/>
</bind>
</comp>

<comp id="603" class="1004" name="sub_ln73_132_fu_603">
<pin_list>
<pin id="604" dir="0" index="0" bw="1" slack="0"/>
<pin id="605" dir="0" index="1" bw="7" slack="0"/>
<pin id="606" dir="1" index="2" bw="8" slack="0"/>
</pin_list>
<bind>
<opcode="sub(10) " fcode="sub"/>
<opset="sub_ln73_132/2 "/>
</bind>
</comp>

<comp id="609" class="1004" name="sext_ln73_117_fu_609">
<pin_list>
<pin id="610" dir="0" index="0" bw="6" slack="0"/>
<pin id="611" dir="1" index="1" bw="9" slack="0"/>
</pin_list>
<bind>
<opcode="sext(35) " fcode="sext"/>
<opset="sext_ln73_117/2 "/>
</bind>
</comp>

<comp id="613" class="1004" name="tmp_327_fu_613">
<pin_list>
<pin id="614" dir="0" index="0" bw="7" slack="0"/>
<pin id="615" dir="0" index="1" bw="6" slack="0"/>
<pin id="616" dir="0" index="2" bw="1" slack="0"/>
<pin id="617" dir="1" index="3" bw="7" slack="0"/>
</pin_list>
<bind>
<opcode="bitconcatenate(1004) " fcode="bitconcatenate"/>
<opset="tmp_327/2 "/>
</bind>
</comp>

<comp id="621" class="1004" name="tmp_328_fu_621">
<pin_list>
<pin id="622" dir="0" index="0" bw="8" slack="0"/>
<pin id="623" dir="0" index="1" bw="6" slack="0"/>
<pin id="624" dir="0" index="2" bw="1" slack="0"/>
<pin id="625" dir="1" index="3" bw="8" slack="0"/>
</pin_list>
<bind>
<opcode="bitconcatenate(1004) " fcode="bitconcatenate"/>
<opset="tmp_328/2 "/>
</bind>
</comp>

<comp id="629" class="1004" name="sext_ln73_131_fu_629">
<pin_list>
<pin id="630" dir="0" index="0" bw="8" slack="0"/>
<pin id="631" dir="1" index="1" bw="9" slack="0"/>
</pin_list>
<bind>
<opcode="sext(35) " fcode="sext"/>
<opset="sext_ln73_131/2 "/>
</bind>
</comp>

<comp id="633" class="1004" name="sub_ln73_133_fu_633">
<pin_list>
<pin id="634" dir="0" index="0" bw="6" slack="0"/>
<pin id="635" dir="0" index="1" bw="8" slack="0"/>
<pin id="636" dir="1" index="2" bw="9" slack="0"/>
</pin_list>
<bind>
<opcode="sub(10) " fcode="sub"/>
<opset="sub_ln73_133/2 "/>
</bind>
</comp>

<comp id="639" class="1004" name="sext_ln70_37_fu_639">
<pin_list>
<pin id="640" dir="0" index="0" bw="7" slack="0"/>
<pin id="641" dir="1" index="1" bw="8" slack="0"/>
</pin_list>
<bind>
<opcode="sext(35) " fcode="sext"/>
<opset="sext_ln70_37/2 "/>
</bind>
</comp>

<comp id="643" class="1004" name="sext_ln70_38_fu_643">
<pin_list>
<pin id="644" dir="0" index="0" bw="6" slack="0"/>
<pin id="645" dir="1" index="1" bw="8" slack="0"/>
</pin_list>
<bind>
<opcode="sext(35) " fcode="sext"/>
<opset="sext_ln70_38/2 "/>
</bind>
</comp>

<comp id="647" class="1004" name="tmp_329_fu_647">
<pin_list>
<pin id="648" dir="0" index="0" bw="7" slack="0"/>
<pin id="649" dir="0" index="1" bw="6" slack="0"/>
<pin id="650" dir="0" index="2" bw="1" slack="0"/>
<pin id="651" dir="1" index="3" bw="7" slack="0"/>
</pin_list>
<bind>
<opcode="bitconcatenate(1004) " fcode="bitconcatenate"/>
<opset="tmp_329/2 "/>
</bind>
</comp>

<comp id="655" class="1004" name="sext_ln73_132_fu_655">
<pin_list>
<pin id="656" dir="0" index="0" bw="7" slack="0"/>
<pin id="657" dir="1" index="1" bw="8" slack="0"/>
</pin_list>
<bind>
<opcode="sext(35) " fcode="sext"/>
<opset="sext_ln73_132/2 "/>
</bind>
</comp>

<comp id="659" class="1004" name="sub_ln73_134_fu_659">
<pin_list>
<pin id="660" dir="0" index="0" bw="1" slack="0"/>
<pin id="661" dir="0" index="1" bw="7" slack="0"/>
<pin id="662" dir="1" index="2" bw="8" slack="0"/>
</pin_list>
<bind>
<opcode="sub(10) " fcode="sub"/>
<opset="sub_ln73_134/2 "/>
</bind>
</comp>

<comp id="665" class="1004" name="tmp_330_fu_665">
<pin_list>
<pin id="666" dir="0" index="0" bw="7" slack="0"/>
<pin id="667" dir="0" index="1" bw="6" slack="0"/>
<pin id="668" dir="0" index="2" bw="1" slack="0"/>
<pin id="669" dir="1" index="3" bw="7" slack="0"/>
</pin_list>
<bind>
<opcode="bitconcatenate(1004) " fcode="bitconcatenate"/>
<opset="tmp_330/2 "/>
</bind>
</comp>

<comp id="673" class="1004" name="sext_ln73_120_fu_673">
<pin_list>
<pin id="674" dir="0" index="0" bw="6" slack="0"/>
<pin id="675" dir="1" index="1" bw="8" slack="0"/>
</pin_list>
<bind>
<opcode="sext(35) " fcode="sext"/>
<opset="sext_ln73_120/2 "/>
</bind>
</comp>

<comp id="677" class="1004" name="sext_ln73_121_fu_677">
<pin_list>
<pin id="678" dir="0" index="0" bw="6" slack="0"/>
<pin id="679" dir="1" index="1" bw="9" slack="0"/>
</pin_list>
<bind>
<opcode="sext(35) " fcode="sext"/>
<opset="sext_ln73_121/2 "/>
</bind>
</comp>

<comp id="681" class="1004" name="tmp_331_fu_681">
<pin_list>
<pin id="682" dir="0" index="0" bw="7" slack="0"/>
<pin id="683" dir="0" index="1" bw="6" slack="0"/>
<pin id="684" dir="0" index="2" bw="1" slack="0"/>
<pin id="685" dir="1" index="3" bw="7" slack="0"/>
</pin_list>
<bind>
<opcode="bitconcatenate(1004) " fcode="bitconcatenate"/>
<opset="tmp_331/2 "/>
</bind>
</comp>

<comp id="689" class="1004" name="sext_ln73_133_fu_689">
<pin_list>
<pin id="690" dir="0" index="0" bw="7" slack="0"/>
<pin id="691" dir="1" index="1" bw="8" slack="0"/>
</pin_list>
<bind>
<opcode="sext(35) " fcode="sext"/>
<opset="sext_ln73_133/2 "/>
</bind>
</comp>

<comp id="693" class="1004" name="sub_ln73_135_fu_693">
<pin_list>
<pin id="694" dir="0" index="0" bw="1" slack="0"/>
<pin id="695" dir="0" index="1" bw="7" slack="0"/>
<pin id="696" dir="1" index="2" bw="8" slack="0"/>
</pin_list>
<bind>
<opcode="sub(10) " fcode="sub"/>
<opset="sub_ln73_135/2 "/>
</bind>
</comp>

<comp id="699" class="1004" name="tmp_332_fu_699">
<pin_list>
<pin id="700" dir="0" index="0" bw="8" slack="0"/>
<pin id="701" dir="0" index="1" bw="6" slack="0"/>
<pin id="702" dir="0" index="2" bw="1" slack="0"/>
<pin id="703" dir="1" index="3" bw="8" slack="0"/>
</pin_list>
<bind>
<opcode="bitconcatenate(1004) " fcode="bitconcatenate"/>
<opset="tmp_332/2 "/>
</bind>
</comp>

<comp id="707" class="1004" name="sext_ln73_134_fu_707">
<pin_list>
<pin id="708" dir="0" index="0" bw="8" slack="0"/>
<pin id="709" dir="1" index="1" bw="9" slack="0"/>
</pin_list>
<bind>
<opcode="sext(35) " fcode="sext"/>
<opset="sext_ln73_134/2 "/>
</bind>
</comp>

<comp id="711" class="1004" name="sub_ln73_136_fu_711">
<pin_list>
<pin id="712" dir="0" index="0" bw="6" slack="0"/>
<pin id="713" dir="0" index="1" bw="8" slack="0"/>
<pin id="714" dir="1" index="2" bw="9" slack="0"/>
</pin_list>
<bind>
<opcode="sub(10) " fcode="sub"/>
<opset="sub_ln73_136/2 "/>
</bind>
</comp>

<comp id="717" class="1004" name="sext_ln73_123_fu_717">
<pin_list>
<pin id="718" dir="0" index="0" bw="9" slack="0"/>
<pin id="719" dir="1" index="1" bw="11" slack="0"/>
</pin_list>
<bind>
<opcode="sext(35) " fcode="sext"/>
<opset="sext_ln73_123/2 "/>
</bind>
</comp>

<comp id="721" class="1004" name="sub_ln73_137_fu_721">
<pin_list>
<pin id="722" dir="0" index="0" bw="8" slack="0"/>
<pin id="723" dir="0" index="1" bw="6" slack="0"/>
<pin id="724" dir="1" index="2" bw="9" slack="0"/>
</pin_list>
<bind>
<opcode="sub(10) " fcode="sub"/>
<opset="sub_ln73_137/2 "/>
</bind>
</comp>

<comp id="727" class="1004" name="sext_ln58_470_fu_727">
<pin_list>
<pin id="728" dir="0" index="0" bw="8" slack="1"/>
<pin id="729" dir="1" index="1" bw="9" slack="0"/>
</pin_list>
<bind>
<opcode="sext(35) " fcode="sext"/>
<opset="sext_ln58_470/2 "/>
</bind>
</comp>

<comp id="730" class="1004" name="add_ln58_1268_fu_730">
<pin_list>
<pin id="731" dir="0" index="0" bw="8" slack="0"/>
<pin id="732" dir="0" index="1" bw="7" slack="0"/>
<pin id="733" dir="1" index="2" bw="9" slack="0"/>
</pin_list>
<bind>
<opcode="add(8) " fcode="add"/>
<opset="add_ln58_1268/2 "/>
</bind>
</comp>

<comp id="736" class="1004" name="sext_ln58_471_fu_736">
<pin_list>
<pin id="737" dir="0" index="0" bw="9" slack="0"/>
<pin id="738" dir="1" index="1" bw="10" slack="0"/>
</pin_list>
<bind>
<opcode="sext(35) " fcode="sext"/>
<opset="sext_ln58_471/2 "/>
</bind>
</comp>

<comp id="740" class="1004" name="sext_ln58_472_fu_740">
<pin_list>
<pin id="741" dir="0" index="0" bw="9" slack="1"/>
<pin id="742" dir="1" index="1" bw="10" slack="0"/>
</pin_list>
<bind>
<opcode="sext(35) " fcode="sext"/>
<opset="sext_ln58_472/2 "/>
</bind>
</comp>

<comp id="743" class="1004" name="add_ln58_1270_fu_743">
<pin_list>
<pin id="744" dir="0" index="0" bw="9" slack="0"/>
<pin id="745" dir="0" index="1" bw="9" slack="0"/>
<pin id="746" dir="1" index="2" bw="10" slack="0"/>
</pin_list>
<bind>
<opcode="add(8) " fcode="add"/>
<opset="add_ln58_1270/2 "/>
</bind>
</comp>

<comp id="749" class="1004" name="sext_ln58_1390_fu_749">
<pin_list>
<pin id="750" dir="0" index="0" bw="8" slack="1"/>
<pin id="751" dir="1" index="1" bw="9" slack="0"/>
</pin_list>
<bind>
<opcode="sext(35) " fcode="sext"/>
<opset="sext_ln58_1390/2 "/>
</bind>
</comp>

<comp id="752" class="1004" name="add_ln58_1271_fu_752">
<pin_list>
<pin id="753" dir="0" index="0" bw="8" slack="0"/>
<pin id="754" dir="0" index="1" bw="9" slack="0"/>
<pin id="755" dir="1" index="2" bw="9" slack="0"/>
</pin_list>
<bind>
<opcode="add(8) " fcode="add"/>
<opset="add_ln58_1271/2 "/>
</bind>
</comp>

<comp id="758" class="1004" name="sext_ln58_1391_fu_758">
<pin_list>
<pin id="759" dir="0" index="0" bw="9" slack="0"/>
<pin id="760" dir="1" index="1" bw="10" slack="0"/>
</pin_list>
<bind>
<opcode="sext(35) " fcode="sext"/>
<opset="sext_ln58_1391/2 "/>
</bind>
</comp>

<comp id="762" class="1004" name="add_ln58_1272_fu_762">
<pin_list>
<pin id="763" dir="0" index="0" bw="9" slack="0"/>
<pin id="764" dir="0" index="1" bw="10" slack="0"/>
<pin id="765" dir="1" index="2" bw="10" slack="0"/>
</pin_list>
<bind>
<opcode="add(8) " fcode="add"/>
<opset="add_ln58_1272/2 "/>
</bind>
</comp>

<comp id="768" class="1004" name="sext_ln58_474_fu_768">
<pin_list>
<pin id="769" dir="0" index="0" bw="10" slack="0"/>
<pin id="770" dir="1" index="1" bw="11" slack="0"/>
</pin_list>
<bind>
<opcode="sext(35) " fcode="sext"/>
<opset="sext_ln58_474/2 "/>
</bind>
</comp>

<comp id="772" class="1004" name="add_ln58_1273_fu_772">
<pin_list>
<pin id="773" dir="0" index="0" bw="9" slack="0"/>
<pin id="774" dir="0" index="1" bw="9" slack="0"/>
<pin id="775" dir="1" index="2" bw="10" slack="0"/>
</pin_list>
<bind>
<opcode="add(8) " fcode="add"/>
<opset="add_ln58_1273/2 "/>
</bind>
</comp>

<comp id="778" class="1004" name="sub_ln58_535_fu_778">
<pin_list>
<pin id="779" dir="0" index="0" bw="7" slack="0"/>
<pin id="780" dir="0" index="1" bw="7" slack="0"/>
<pin id="781" dir="1" index="2" bw="8" slack="0"/>
</pin_list>
<bind>
<opcode="sub(10) " fcode="sub"/>
<opset="sub_ln58_535/2 "/>
</bind>
</comp>

<comp id="784" class="1004" name="sext_ln58_1412_fu_784">
<pin_list>
<pin id="785" dir="0" index="0" bw="7" slack="0"/>
<pin id="786" dir="1" index="1" bw="9" slack="0"/>
</pin_list>
<bind>
<opcode="sext(35) " fcode="sext"/>
<opset="sext_ln58_1412/2 "/>
</bind>
</comp>

<comp id="788" class="1004" name="sext_ln58_1414_fu_788">
<pin_list>
<pin id="789" dir="0" index="0" bw="8" slack="0"/>
<pin id="790" dir="1" index="1" bw="9" slack="0"/>
</pin_list>
<bind>
<opcode="sext(35) " fcode="sext"/>
<opset="sext_ln58_1414/2 "/>
</bind>
</comp>

<comp id="792" class="1004" name="sub_ln58_536_fu_792">
<pin_list>
<pin id="793" dir="0" index="0" bw="8" slack="0"/>
<pin id="794" dir="0" index="1" bw="7" slack="0"/>
<pin id="795" dir="1" index="2" bw="9" slack="0"/>
</pin_list>
<bind>
<opcode="sub(10) " fcode="sub"/>
<opset="sub_ln58_536/2 "/>
</bind>
</comp>

<comp id="798" class="1004" name="sext_ln58_1393_fu_798">
<pin_list>
<pin id="799" dir="0" index="0" bw="9" slack="0"/>
<pin id="800" dir="1" index="1" bw="10" slack="0"/>
</pin_list>
<bind>
<opcode="sext(35) " fcode="sext"/>
<opset="sext_ln58_1393/2 "/>
</bind>
</comp>

<comp id="802" class="1004" name="add_ln58_1274_fu_802">
<pin_list>
<pin id="803" dir="0" index="0" bw="9" slack="0"/>
<pin id="804" dir="0" index="1" bw="10" slack="0"/>
<pin id="805" dir="1" index="2" bw="10" slack="0"/>
</pin_list>
<bind>
<opcode="add(8) " fcode="add"/>
<opset="add_ln58_1274/2 "/>
</bind>
</comp>

<comp id="808" class="1004" name="sext_ln58_1394_fu_808">
<pin_list>
<pin id="809" dir="0" index="0" bw="7" slack="0"/>
<pin id="810" dir="1" index="1" bw="8" slack="0"/>
</pin_list>
<bind>
<opcode="sext(35) " fcode="sext"/>
<opset="sext_ln58_1394/2 "/>
</bind>
</comp>

<comp id="812" class="1004" name="sext_ln58_1395_fu_812">
<pin_list>
<pin id="813" dir="0" index="0" bw="6" slack="0"/>
<pin id="814" dir="1" index="1" bw="11" slack="0"/>
</pin_list>
<bind>
<opcode="sext(35) " fcode="sext"/>
<opset="sext_ln58_1395/2 "/>
</bind>
</comp>

<comp id="816" class="1004" name="sext_ln58_1396_fu_816">
<pin_list>
<pin id="817" dir="0" index="0" bw="10" slack="0"/>
<pin id="818" dir="1" index="1" bw="11" slack="0"/>
</pin_list>
<bind>
<opcode="sext(35) " fcode="sext"/>
<opset="sext_ln58_1396/2 "/>
</bind>
</comp>

<comp id="820" class="1004" name="sub_ln58_507_fu_820">
<pin_list>
<pin id="821" dir="0" index="0" bw="10" slack="0"/>
<pin id="822" dir="0" index="1" bw="6" slack="0"/>
<pin id="823" dir="1" index="2" bw="11" slack="0"/>
</pin_list>
<bind>
<opcode="sub(10) " fcode="sub"/>
<opset="sub_ln58_507/2 "/>
</bind>
</comp>

<comp id="826" class="1004" name="sext_ln58_1397_fu_826">
<pin_list>
<pin id="827" dir="0" index="0" bw="8" slack="0"/>
<pin id="828" dir="1" index="1" bw="9" slack="0"/>
</pin_list>
<bind>
<opcode="sext(35) " fcode="sext"/>
<opset="sext_ln58_1397/2 "/>
</bind>
</comp>

<comp id="830" class="1004" name="sub_ln58_537_fu_830">
<pin_list>
<pin id="831" dir="0" index="0" bw="6" slack="0"/>
<pin id="832" dir="0" index="1" bw="7" slack="0"/>
<pin id="833" dir="1" index="2" bw="8" slack="0"/>
</pin_list>
<bind>
<opcode="sub(10) " fcode="sub"/>
<opset="sub_ln58_537/2 "/>
</bind>
</comp>

<comp id="836" class="1004" name="sext_ln58_1399_fu_836">
<pin_list>
<pin id="837" dir="0" index="0" bw="8" slack="0"/>
<pin id="838" dir="1" index="1" bw="9" slack="0"/>
</pin_list>
<bind>
<opcode="sext(35) " fcode="sext"/>
<opset="sext_ln58_1399/2 "/>
</bind>
</comp>

<comp id="840" class="1004" name="sext_ln58_1415_fu_840">
<pin_list>
<pin id="841" dir="0" index="0" bw="9" slack="1"/>
<pin id="842" dir="1" index="1" bw="11" slack="0"/>
</pin_list>
<bind>
<opcode="sext(35) " fcode="sext"/>
<opset="sext_ln58_1415/2 "/>
</bind>
</comp>

<comp id="843" class="1004" name="add_ln58_1275_fu_843">
<pin_list>
<pin id="844" dir="0" index="0" bw="8" slack="0"/>
<pin id="845" dir="0" index="1" bw="8" slack="0"/>
<pin id="846" dir="1" index="2" bw="9" slack="0"/>
</pin_list>
<bind>
<opcode="add(8) " fcode="add"/>
<opset="add_ln58_1275/2 "/>
</bind>
</comp>

<comp id="849" class="1004" name="sext_ln58_1400_fu_849">
<pin_list>
<pin id="850" dir="0" index="0" bw="9" slack="0"/>
<pin id="851" dir="1" index="1" bw="10" slack="0"/>
</pin_list>
<bind>
<opcode="sext(35) " fcode="sext"/>
<opset="sext_ln58_1400/2 "/>
</bind>
</comp>

<comp id="853" class="1004" name="add_ln58_1276_fu_853">
<pin_list>
<pin id="854" dir="0" index="0" bw="9" slack="0"/>
<pin id="855" dir="0" index="1" bw="9" slack="0"/>
<pin id="856" dir="1" index="2" bw="10" slack="0"/>
</pin_list>
<bind>
<opcode="add(8) " fcode="add"/>
<opset="add_ln58_1276/2 "/>
</bind>
</comp>

<comp id="859" class="1004" name="sext_ln58_1416_fu_859">
<pin_list>
<pin id="860" dir="0" index="0" bw="10" slack="0"/>
<pin id="861" dir="1" index="1" bw="11" slack="0"/>
</pin_list>
<bind>
<opcode="sext(35) " fcode="sext"/>
<opset="sext_ln58_1416/2 "/>
</bind>
</comp>

<comp id="863" class="1004" name="add_ln58_1277_fu_863">
<pin_list>
<pin id="864" dir="0" index="0" bw="10" slack="0"/>
<pin id="865" dir="0" index="1" bw="9" slack="0"/>
<pin id="866" dir="1" index="2" bw="11" slack="0"/>
</pin_list>
<bind>
<opcode="add(8) " fcode="add"/>
<opset="add_ln58_1277/2 "/>
</bind>
</comp>

<comp id="869" class="1004" name="sext_ln58_1417_fu_869">
<pin_list>
<pin id="870" dir="0" index="0" bw="7" slack="0"/>
<pin id="871" dir="1" index="1" bw="9" slack="0"/>
</pin_list>
<bind>
<opcode="sext(35) " fcode="sext"/>
<opset="sext_ln58_1417/2 "/>
</bind>
</comp>

<comp id="873" class="1004" name="sext_ln58_1418_fu_873">
<pin_list>
<pin id="874" dir="0" index="0" bw="8" slack="0"/>
<pin id="875" dir="1" index="1" bw="9" slack="0"/>
</pin_list>
<bind>
<opcode="sext(35) " fcode="sext"/>
<opset="sext_ln58_1418/2 "/>
</bind>
</comp>

<comp id="877" class="1004" name="sub_ln58_539_fu_877">
<pin_list>
<pin id="878" dir="0" index="0" bw="8" slack="0"/>
<pin id="879" dir="0" index="1" bw="7" slack="0"/>
<pin id="880" dir="1" index="2" bw="9" slack="0"/>
</pin_list>
<bind>
<opcode="sub(10) " fcode="sub"/>
<opset="sub_ln58_539/2 "/>
</bind>
</comp>

<comp id="883" class="1004" name="add_ln58_1278_fu_883">
<pin_list>
<pin id="884" dir="0" index="0" bw="7" slack="0"/>
<pin id="885" dir="0" index="1" bw="6" slack="0"/>
<pin id="886" dir="1" index="2" bw="8" slack="0"/>
</pin_list>
<bind>
<opcode="add(8) " fcode="add"/>
<opset="add_ln58_1278/2 "/>
</bind>
</comp>

<comp id="889" class="1004" name="add_ln58_1279_fu_889">
<pin_list>
<pin id="890" dir="0" index="0" bw="8" slack="0"/>
<pin id="891" dir="0" index="1" bw="7" slack="0"/>
<pin id="892" dir="1" index="2" bw="8" slack="0"/>
</pin_list>
<bind>
<opcode="add(8) " fcode="add"/>
<opset="add_ln58_1279/2 "/>
</bind>
</comp>

<comp id="895" class="1004" name="sext_ln58_1402_fu_895">
<pin_list>
<pin id="896" dir="0" index="0" bw="8" slack="0"/>
<pin id="897" dir="1" index="1" bw="9" slack="0"/>
</pin_list>
<bind>
<opcode="sext(35) " fcode="sext"/>
<opset="sext_ln58_1402/2 "/>
</bind>
</comp>

<comp id="899" class="1004" name="add_ln58_1280_fu_899">
<pin_list>
<pin id="900" dir="0" index="0" bw="8" slack="0"/>
<pin id="901" dir="0" index="1" bw="9" slack="0"/>
<pin id="902" dir="1" index="2" bw="9" slack="0"/>
</pin_list>
<bind>
<opcode="add(8) " fcode="add"/>
<opset="add_ln58_1280/2 "/>
</bind>
</comp>

<comp id="905" class="1004" name="sext_ln58_1419_fu_905">
<pin_list>
<pin id="906" dir="0" index="0" bw="9" slack="0"/>
<pin id="907" dir="1" index="1" bw="11" slack="0"/>
</pin_list>
<bind>
<opcode="sext(35) " fcode="sext"/>
<opset="sext_ln58_1419/2 "/>
</bind>
</comp>

<comp id="909" class="1004" name="add_ln58_1281_fu_909">
<pin_list>
<pin id="910" dir="0" index="0" bw="9" slack="0"/>
<pin id="911" dir="0" index="1" bw="11" slack="0"/>
<pin id="912" dir="1" index="2" bw="11" slack="0"/>
</pin_list>
<bind>
<opcode="add(8) " fcode="add"/>
<opset="add_ln58_1281/2 "/>
</bind>
</comp>

<comp id="915" class="1004" name="sext_ln58_482_fu_915">
<pin_list>
<pin id="916" dir="0" index="0" bw="11" slack="0"/>
<pin id="917" dir="1" index="1" bw="17" slack="0"/>
</pin_list>
<bind>
<opcode="sext(35) " fcode="sext"/>
<opset="sext_ln58_482/2 "/>
</bind>
</comp>

<comp id="919" class="1004" name="add_ln58_1282_fu_919">
<pin_list>
<pin id="920" dir="0" index="0" bw="10" slack="0"/>
<pin id="921" dir="0" index="1" bw="9" slack="0"/>
<pin id="922" dir="1" index="2" bw="11" slack="0"/>
</pin_list>
<bind>
<opcode="add(8) " fcode="add"/>
<opset="add_ln58_1282/2 "/>
</bind>
</comp>

<comp id="925" class="1004" name="add_ln58_1283_fu_925">
<pin_list>
<pin id="926" dir="0" index="0" bw="9" slack="0"/>
<pin id="927" dir="0" index="1" bw="9" slack="0"/>
<pin id="928" dir="1" index="2" bw="9" slack="0"/>
</pin_list>
<bind>
<opcode="add(8) " fcode="add"/>
<opset="add_ln58_1283/2 "/>
</bind>
</comp>

<comp id="931" class="1004" name="sext_ln58_1404_fu_931">
<pin_list>
<pin id="932" dir="0" index="0" bw="9" slack="0"/>
<pin id="933" dir="1" index="1" bw="11" slack="0"/>
</pin_list>
<bind>
<opcode="sext(35) " fcode="sext"/>
<opset="sext_ln58_1404/2 "/>
</bind>
</comp>

<comp id="935" class="1004" name="add_ln58_1284_fu_935">
<pin_list>
<pin id="936" dir="0" index="0" bw="9" slack="0"/>
<pin id="937" dir="0" index="1" bw="11" slack="0"/>
<pin id="938" dir="1" index="2" bw="11" slack="0"/>
</pin_list>
<bind>
<opcode="add(8) " fcode="add"/>
<opset="add_ln58_1284/2 "/>
</bind>
</comp>

<comp id="941" class="1004" name="sext_ln58_1420_fu_941">
<pin_list>
<pin id="942" dir="0" index="0" bw="7" slack="0"/>
<pin id="943" dir="1" index="1" bw="9" slack="0"/>
</pin_list>
<bind>
<opcode="sext(35) " fcode="sext"/>
<opset="sext_ln58_1420/2 "/>
</bind>
</comp>

<comp id="945" class="1004" name="sext_ln58_1421_fu_945">
<pin_list>
<pin id="946" dir="0" index="0" bw="8" slack="0"/>
<pin id="947" dir="1" index="1" bw="9" slack="0"/>
</pin_list>
<bind>
<opcode="sext(35) " fcode="sext"/>
<opset="sext_ln58_1421/2 "/>
</bind>
</comp>

<comp id="949" class="1004" name="sub_ln58_540_fu_949">
<pin_list>
<pin id="950" dir="0" index="0" bw="8" slack="0"/>
<pin id="951" dir="0" index="1" bw="7" slack="0"/>
<pin id="952" dir="1" index="2" bw="9" slack="0"/>
</pin_list>
<bind>
<opcode="sub(10) " fcode="sub"/>
<opset="sub_ln58_540/2 "/>
</bind>
</comp>

<comp id="955" class="1004" name="add_ln58_1285_fu_955">
<pin_list>
<pin id="956" dir="0" index="0" bw="7" slack="0"/>
<pin id="957" dir="0" index="1" bw="6" slack="0"/>
<pin id="958" dir="1" index="2" bw="8" slack="0"/>
</pin_list>
<bind>
<opcode="add(8) " fcode="add"/>
<opset="add_ln58_1285/2 "/>
</bind>
</comp>

<comp id="961" class="1004" name="sext_ln58_1405_fu_961">
<pin_list>
<pin id="962" dir="0" index="0" bw="8" slack="0"/>
<pin id="963" dir="1" index="1" bw="9" slack="0"/>
</pin_list>
<bind>
<opcode="sext(35) " fcode="sext"/>
<opset="sext_ln58_1405/2 "/>
</bind>
</comp>

<comp id="965" class="1004" name="add_ln58_1286_fu_965">
<pin_list>
<pin id="966" dir="0" index="0" bw="8" slack="0"/>
<pin id="967" dir="0" index="1" bw="9" slack="0"/>
<pin id="968" dir="1" index="2" bw="9" slack="0"/>
</pin_list>
<bind>
<opcode="add(8) " fcode="add"/>
<opset="add_ln58_1286/2 "/>
</bind>
</comp>

<comp id="971" class="1004" name="sext_ln58_1406_fu_971">
<pin_list>
<pin id="972" dir="0" index="0" bw="9" slack="0"/>
<pin id="973" dir="1" index="1" bw="11" slack="0"/>
</pin_list>
<bind>
<opcode="sext(35) " fcode="sext"/>
<opset="sext_ln58_1406/2 "/>
</bind>
</comp>

<comp id="975" class="1004" name="add_ln58_1287_fu_975">
<pin_list>
<pin id="976" dir="0" index="0" bw="9" slack="0"/>
<pin id="977" dir="0" index="1" bw="11" slack="0"/>
<pin id="978" dir="1" index="2" bw="11" slack="0"/>
</pin_list>
<bind>
<opcode="add(8) " fcode="add"/>
<opset="add_ln58_1287/2 "/>
</bind>
</comp>

<comp id="981" class="1004" name="sext_ln58_483_fu_981">
<pin_list>
<pin id="982" dir="0" index="0" bw="11" slack="0"/>
<pin id="983" dir="1" index="1" bw="17" slack="0"/>
</pin_list>
<bind>
<opcode="sext(35) " fcode="sext"/>
<opset="sext_ln58_483/2 "/>
</bind>
</comp>

<comp id="985" class="1004" name="add_ln58_1288_fu_985">
<pin_list>
<pin id="986" dir="0" index="0" bw="11" slack="0"/>
<pin id="987" dir="0" index="1" bw="9" slack="0"/>
<pin id="988" dir="1" index="2" bw="11" slack="0"/>
</pin_list>
<bind>
<opcode="add(8) " fcode="add"/>
<opset="add_ln58_1288/2 "/>
</bind>
</comp>

<comp id="991" class="1004" name="sub_ln58_541_fu_991">
<pin_list>
<pin id="992" dir="0" index="0" bw="6" slack="0"/>
<pin id="993" dir="0" index="1" bw="7" slack="0"/>
<pin id="994" dir="1" index="2" bw="8" slack="0"/>
</pin_list>
<bind>
<opcode="sub(10) " fcode="sub"/>
<opset="sub_ln58_541/2 "/>
</bind>
</comp>

<comp id="997" class="1004" name="sext_ln58_1407_fu_997">
<pin_list>
<pin id="998" dir="0" index="0" bw="8" slack="0"/>
<pin id="999" dir="1" index="1" bw="11" slack="0"/>
</pin_list>
<bind>
<opcode="sext(35) " fcode="sext"/>
<opset="sext_ln58_1407/2 "/>
</bind>
</comp>

<comp id="1001" class="1004" name="add_ln58_1289_fu_1001">
<pin_list>
<pin id="1002" dir="0" index="0" bw="8" slack="0"/>
<pin id="1003" dir="0" index="1" bw="11" slack="0"/>
<pin id="1004" dir="1" index="2" bw="11" slack="0"/>
</pin_list>
<bind>
<opcode="add(8) " fcode="add"/>
<opset="add_ln58_1289/2 "/>
</bind>
</comp>

<comp id="1007" class="1004" name="sext_ln58_484_fu_1007">
<pin_list>
<pin id="1008" dir="0" index="0" bw="11" slack="0"/>
<pin id="1009" dir="1" index="1" bw="17" slack="0"/>
</pin_list>
<bind>
<opcode="sext(35) " fcode="sext"/>
<opset="sext_ln58_484/2 "/>
</bind>
</comp>

<comp id="1011" class="1004" name="sext_ln58_485_fu_1011">
<pin_list>
<pin id="1012" dir="0" index="0" bw="9" slack="1"/>
<pin id="1013" dir="1" index="1" bw="10" slack="0"/>
</pin_list>
<bind>
<opcode="sext(35) " fcode="sext"/>
<opset="sext_ln58_485/2 "/>
</bind>
</comp>

<comp id="1014" class="1004" name="add_ln58_1291_fu_1014">
<pin_list>
<pin id="1015" dir="0" index="0" bw="9" slack="0"/>
<pin id="1016" dir="0" index="1" bw="9" slack="0"/>
<pin id="1017" dir="1" index="2" bw="10" slack="0"/>
</pin_list>
<bind>
<opcode="add(8) " fcode="add"/>
<opset="add_ln58_1291/2 "/>
</bind>
</comp>

<comp id="1020" class="1004" name="add_ln58_1292_fu_1020">
<pin_list>
<pin id="1021" dir="0" index="0" bw="7" slack="0"/>
<pin id="1022" dir="0" index="1" bw="6" slack="0"/>
<pin id="1023" dir="1" index="2" bw="8" slack="0"/>
</pin_list>
<bind>
<opcode="add(8) " fcode="add"/>
<opset="add_ln58_1292/2 "/>
</bind>
</comp>

<comp id="1026" class="1004" name="sext_ln58_1422_fu_1026">
<pin_list>
<pin id="1027" dir="0" index="0" bw="8" slack="0"/>
<pin id="1028" dir="1" index="1" bw="9" slack="0"/>
</pin_list>
<bind>
<opcode="sext(35) " fcode="sext"/>
<opset="sext_ln58_1422/2 "/>
</bind>
</comp>

<comp id="1030" class="1004" name="sub_ln58_543_fu_1030">
<pin_list>
<pin id="1031" dir="0" index="0" bw="8" slack="0"/>
<pin id="1032" dir="0" index="1" bw="7" slack="0"/>
<pin id="1033" dir="1" index="2" bw="9" slack="0"/>
</pin_list>
<bind>
<opcode="sub(10) " fcode="sub"/>
<opset="sub_ln58_543/2 "/>
</bind>
</comp>

<comp id="1036" class="1004" name="sext_ln58_1410_fu_1036">
<pin_list>
<pin id="1037" dir="0" index="0" bw="9" slack="0"/>
<pin id="1038" dir="1" index="1" bw="10" slack="0"/>
</pin_list>
<bind>
<opcode="sext(35) " fcode="sext"/>
<opset="sext_ln58_1410/2 "/>
</bind>
</comp>

<comp id="1040" class="1004" name="add_ln58_1293_fu_1040">
<pin_list>
<pin id="1041" dir="0" index="0" bw="9" slack="0"/>
<pin id="1042" dir="0" index="1" bw="10" slack="0"/>
<pin id="1043" dir="1" index="2" bw="10" slack="0"/>
</pin_list>
<bind>
<opcode="add(8) " fcode="add"/>
<opset="add_ln58_1293/2 "/>
</bind>
</comp>

<comp id="1046" class="1004" name="sext_ln58_486_fu_1046">
<pin_list>
<pin id="1047" dir="0" index="0" bw="10" slack="0"/>
<pin id="1048" dir="1" index="1" bw="11" slack="0"/>
</pin_list>
<bind>
<opcode="sext(35) " fcode="sext"/>
<opset="sext_ln58_486/2 "/>
</bind>
</comp>

<comp id="1050" class="1004" name="add_ln58_1294_fu_1050">
<pin_list>
<pin id="1051" dir="0" index="0" bw="9" slack="0"/>
<pin id="1052" dir="0" index="1" bw="8" slack="0"/>
<pin id="1053" dir="1" index="2" bw="9" slack="0"/>
</pin_list>
<bind>
<opcode="add(8) " fcode="add"/>
<opset="add_ln58_1294/2 "/>
</bind>
</comp>

<comp id="1056" class="1004" name="sext_ln58_1411_fu_1056">
<pin_list>
<pin id="1057" dir="0" index="0" bw="9" slack="0"/>
<pin id="1058" dir="1" index="1" bw="11" slack="0"/>
</pin_list>
<bind>
<opcode="sext(35) " fcode="sext"/>
<opset="sext_ln58_1411/2 "/>
</bind>
</comp>

<comp id="1060" class="1004" name="add_ln58_1295_fu_1060">
<pin_list>
<pin id="1061" dir="0" index="0" bw="9" slack="0"/>
<pin id="1062" dir="0" index="1" bw="10" slack="0"/>
<pin id="1063" dir="1" index="2" bw="11" slack="0"/>
</pin_list>
<bind>
<opcode="add(8) " fcode="add"/>
<opset="add_ln58_1295/2 "/>
</bind>
</comp>

<comp id="1066" class="1004" name="add_ln58_1296_fu_1066">
<pin_list>
<pin id="1067" dir="0" index="0" bw="7" slack="0"/>
<pin id="1068" dir="0" index="1" bw="6" slack="0"/>
<pin id="1069" dir="1" index="2" bw="8" slack="0"/>
</pin_list>
<bind>
<opcode="add(8) " fcode="add"/>
<opset="add_ln58_1296/2 "/>
</bind>
</comp>

<comp id="1072" class="1004" name="sext_ln58_1423_fu_1072">
<pin_list>
<pin id="1073" dir="0" index="0" bw="8" slack="0"/>
<pin id="1074" dir="1" index="1" bw="9" slack="0"/>
</pin_list>
<bind>
<opcode="sext(35) " fcode="sext"/>
<opset="sext_ln58_1423/2 "/>
</bind>
</comp>

<comp id="1076" class="1004" name="sub_ln58_544_fu_1076">
<pin_list>
<pin id="1077" dir="0" index="0" bw="8" slack="0"/>
<pin id="1078" dir="0" index="1" bw="7" slack="0"/>
<pin id="1079" dir="1" index="2" bw="9" slack="0"/>
</pin_list>
<bind>
<opcode="sub(10) " fcode="sub"/>
<opset="sub_ln58_544/2 "/>
</bind>
</comp>

<comp id="1082" class="1004" name="sext_ln58_1413_fu_1082">
<pin_list>
<pin id="1083" dir="0" index="0" bw="9" slack="0"/>
<pin id="1084" dir="1" index="1" bw="11" slack="0"/>
</pin_list>
<bind>
<opcode="sext(35) " fcode="sext"/>
<opset="sext_ln58_1413/2 "/>
</bind>
</comp>

<comp id="1086" class="1004" name="add_ln58_1297_fu_1086">
<pin_list>
<pin id="1087" dir="0" index="0" bw="9" slack="0"/>
<pin id="1088" dir="0" index="1" bw="11" slack="0"/>
<pin id="1089" dir="1" index="2" bw="11" slack="0"/>
</pin_list>
<bind>
<opcode="add(8) " fcode="add"/>
<opset="add_ln58_1297/2 "/>
</bind>
</comp>

<comp id="1092" class="1004" name="sext_ln68_fu_1092">
<pin_list>
<pin id="1093" dir="0" index="0" bw="11" slack="0"/>
<pin id="1094" dir="1" index="1" bw="17" slack="0"/>
</pin_list>
<bind>
<opcode="sext(35) " fcode="sext"/>
<opset="sext_ln68/2 "/>
</bind>
</comp>

<comp id="1096" class="1004" name="mrv_fu_1096">
<pin_list>
<pin id="1097" dir="0" index="0" bw="68" slack="0"/>
<pin id="1098" dir="0" index="1" bw="11" slack="0"/>
<pin id="1099" dir="1" index="2" bw="68" slack="0"/>
</pin_list>
<bind>
<opcode="insertvalue(57) " fcode="insertvalue"/>
<opset="mrv/2 "/>
</bind>
</comp>

<comp id="1102" class="1004" name="mrv_1_fu_1102">
<pin_list>
<pin id="1103" dir="0" index="0" bw="68" slack="0"/>
<pin id="1104" dir="0" index="1" bw="11" slack="0"/>
<pin id="1105" dir="1" index="2" bw="68" slack="0"/>
</pin_list>
<bind>
<opcode="insertvalue(57) " fcode="insertvalue"/>
<opset="mrv_1/2 "/>
</bind>
</comp>

<comp id="1108" class="1004" name="mrv_2_fu_1108">
<pin_list>
<pin id="1109" dir="0" index="0" bw="68" slack="0"/>
<pin id="1110" dir="0" index="1" bw="11" slack="0"/>
<pin id="1111" dir="1" index="2" bw="68" slack="0"/>
</pin_list>
<bind>
<opcode="insertvalue(57) " fcode="insertvalue"/>
<opset="mrv_2/2 "/>
</bind>
</comp>

<comp id="1114" class="1004" name="mrv_3_fu_1114">
<pin_list>
<pin id="1115" dir="0" index="0" bw="68" slack="0"/>
<pin id="1116" dir="0" index="1" bw="11" slack="0"/>
<pin id="1117" dir="1" index="2" bw="68" slack="2147483647"/>
</pin_list>
<bind>
<opcode="insertvalue(57) " fcode="insertvalue"/>
<opset="mrv_3/2 "/>
</bind>
</comp>

<comp id="1120" class="1005" name="data_8_val_read_reg_1120">
<pin_list>
<pin id="1121" dir="0" index="0" bw="6" slack="1"/>
<pin id="1122" dir="1" index="1" bw="6" slack="1"/>
</pin_list>
<bind>
<opset="data_8_val_read "/>
</bind>
</comp>

<comp id="1126" class="1005" name="data_4_val_read_reg_1126">
<pin_list>
<pin id="1127" dir="0" index="0" bw="6" slack="1"/>
<pin id="1128" dir="1" index="1" bw="6" slack="1"/>
</pin_list>
<bind>
<opset="data_4_val_read "/>
</bind>
</comp>

<comp id="1133" class="1005" name="add_ln58_1267_reg_1133">
<pin_list>
<pin id="1134" dir="0" index="0" bw="8" slack="1"/>
<pin id="1135" dir="1" index="1" bw="8" slack="1"/>
</pin_list>
<bind>
<opset="add_ln58_1267 "/>
</bind>
</comp>

<comp id="1138" class="1005" name="add_ln58_1269_reg_1138">
<pin_list>
<pin id="1139" dir="0" index="0" bw="9" slack="1"/>
<pin id="1140" dir="1" index="1" bw="9" slack="1"/>
</pin_list>
<bind>
<opset="add_ln58_1269 "/>
</bind>
</comp>

<comp id="1143" class="1005" name="sub_ln58_534_reg_1143">
<pin_list>
<pin id="1144" dir="0" index="0" bw="8" slack="1"/>
<pin id="1145" dir="1" index="1" bw="8" slack="1"/>
</pin_list>
<bind>
<opset="sub_ln58_534 "/>
</bind>
</comp>

<comp id="1148" class="1005" name="sub_ln58_538_reg_1148">
<pin_list>
<pin id="1149" dir="0" index="0" bw="9" slack="1"/>
<pin id="1150" dir="1" index="1" bw="9" slack="1"/>
</pin_list>
<bind>
<opset="sub_ln58_538 "/>
</bind>
</comp>

<comp id="1153" class="1005" name="add_ln58_1290_reg_1153">
<pin_list>
<pin id="1154" dir="0" index="0" bw="9" slack="1"/>
<pin id="1155" dir="1" index="1" bw="9" slack="1"/>
</pin_list>
<bind>
<opset="add_ln58_1290 "/>
</bind>
</comp>

</comp_list>

<net_list>
<net id="68"><net_src comp="32" pin="0"/><net_sink comp="64" pin=0"/></net>

<net id="69"><net_src comp="16" pin="0"/><net_sink comp="64" pin=1"/></net>

<net id="74"><net_src comp="32" pin="0"/><net_sink comp="70" pin=0"/></net>

<net id="75"><net_src comp="10" pin="0"/><net_sink comp="70" pin=1"/></net>

<net id="80"><net_src comp="32" pin="0"/><net_sink comp="76" pin=0"/></net>

<net id="81"><net_src comp="8" pin="0"/><net_sink comp="76" pin=1"/></net>

<net id="86"><net_src comp="32" pin="0"/><net_sink comp="82" pin=0"/></net>

<net id="87"><net_src comp="4" pin="0"/><net_sink comp="82" pin=1"/></net>

<net id="92"><net_src comp="32" pin="0"/><net_sink comp="88" pin=0"/></net>

<net id="93"><net_src comp="2" pin="0"/><net_sink comp="88" pin=1"/></net>

<net id="98"><net_src comp="32" pin="0"/><net_sink comp="94" pin=0"/></net>

<net id="99"><net_src comp="0" pin="0"/><net_sink comp="94" pin=1"/></net>

<net id="104"><net_src comp="32" pin="0"/><net_sink comp="100" pin=0"/></net>

<net id="105"><net_src comp="30" pin="0"/><net_sink comp="100" pin=1"/></net>

<net id="110"><net_src comp="32" pin="0"/><net_sink comp="106" pin=0"/></net>

<net id="111"><net_src comp="28" pin="0"/><net_sink comp="106" pin=1"/></net>

<net id="116"><net_src comp="32" pin="0"/><net_sink comp="112" pin=0"/></net>

<net id="117"><net_src comp="26" pin="0"/><net_sink comp="112" pin=1"/></net>

<net id="122"><net_src comp="32" pin="0"/><net_sink comp="118" pin=0"/></net>

<net id="123"><net_src comp="24" pin="0"/><net_sink comp="118" pin=1"/></net>

<net id="128"><net_src comp="32" pin="0"/><net_sink comp="124" pin=0"/></net>

<net id="129"><net_src comp="22" pin="0"/><net_sink comp="124" pin=1"/></net>

<net id="134"><net_src comp="32" pin="0"/><net_sink comp="130" pin=0"/></net>

<net id="135"><net_src comp="20" pin="0"/><net_sink comp="130" pin=1"/></net>

<net id="140"><net_src comp="32" pin="0"/><net_sink comp="136" pin=0"/></net>

<net id="141"><net_src comp="18" pin="0"/><net_sink comp="136" pin=1"/></net>

<net id="146"><net_src comp="32" pin="0"/><net_sink comp="142" pin=0"/></net>

<net id="147"><net_src comp="14" pin="0"/><net_sink comp="142" pin=1"/></net>

<net id="152"><net_src comp="32" pin="0"/><net_sink comp="148" pin=0"/></net>

<net id="153"><net_src comp="12" pin="0"/><net_sink comp="148" pin=1"/></net>

<net id="158"><net_src comp="32" pin="0"/><net_sink comp="154" pin=0"/></net>

<net id="159"><net_src comp="6" pin="0"/><net_sink comp="154" pin=1"/></net>

<net id="163"><net_src comp="94" pin="2"/><net_sink comp="160" pin=0"/></net>

<net id="169"><net_src comp="34" pin="0"/><net_sink comp="164" pin=0"/></net>

<net id="170"><net_src comp="94" pin="2"/><net_sink comp="164" pin=1"/></net>

<net id="171"><net_src comp="36" pin="0"/><net_sink comp="164" pin=2"/></net>

<net id="175"><net_src comp="164" pin="3"/><net_sink comp="172" pin=0"/></net>

<net id="179"><net_src comp="88" pin="2"/><net_sink comp="176" pin=0"/></net>

<net id="185"><net_src comp="38" pin="0"/><net_sink comp="180" pin=0"/></net>

<net id="186"><net_src comp="88" pin="2"/><net_sink comp="180" pin=1"/></net>

<net id="187"><net_src comp="40" pin="0"/><net_sink comp="180" pin=2"/></net>

<net id="192"><net_src comp="180" pin="3"/><net_sink comp="188" pin=0"/></net>

<net id="193"><net_src comp="176" pin="1"/><net_sink comp="188" pin=1"/></net>

<net id="199"><net_src comp="34" pin="0"/><net_sink comp="194" pin=0"/></net>

<net id="200"><net_src comp="88" pin="2"/><net_sink comp="194" pin=1"/></net>

<net id="201"><net_src comp="36" pin="0"/><net_sink comp="194" pin=2"/></net>

<net id="205"><net_src comp="194" pin="3"/><net_sink comp="202" pin=0"/></net>

<net id="210"><net_src comp="42" pin="0"/><net_sink comp="206" pin=0"/></net>

<net id="211"><net_src comp="202" pin="1"/><net_sink comp="206" pin=1"/></net>

<net id="215"><net_src comp="82" pin="2"/><net_sink comp="212" pin=0"/></net>

<net id="221"><net_src comp="34" pin="0"/><net_sink comp="216" pin=0"/></net>

<net id="222"><net_src comp="82" pin="2"/><net_sink comp="216" pin=1"/></net>

<net id="223"><net_src comp="36" pin="0"/><net_sink comp="216" pin=2"/></net>

<net id="227"><net_src comp="216" pin="3"/><net_sink comp="224" pin=0"/></net>

<net id="233"><net_src comp="34" pin="0"/><net_sink comp="228" pin=0"/></net>

<net id="234"><net_src comp="76" pin="2"/><net_sink comp="228" pin=1"/></net>

<net id="235"><net_src comp="36" pin="0"/><net_sink comp="228" pin=2"/></net>

<net id="239"><net_src comp="228" pin="3"/><net_sink comp="236" pin=0"/></net>

<net id="243"><net_src comp="70" pin="2"/><net_sink comp="240" pin=0"/></net>

<net id="249"><net_src comp="38" pin="0"/><net_sink comp="244" pin=0"/></net>

<net id="250"><net_src comp="70" pin="2"/><net_sink comp="244" pin=1"/></net>

<net id="251"><net_src comp="40" pin="0"/><net_sink comp="244" pin=2"/></net>

<net id="255"><net_src comp="244" pin="3"/><net_sink comp="252" pin=0"/></net>

<net id="261"><net_src comp="34" pin="0"/><net_sink comp="256" pin=0"/></net>

<net id="262"><net_src comp="70" pin="2"/><net_sink comp="256" pin=1"/></net>

<net id="263"><net_src comp="36" pin="0"/><net_sink comp="256" pin=2"/></net>

<net id="267"><net_src comp="256" pin="3"/><net_sink comp="264" pin=0"/></net>

<net id="273"><net_src comp="34" pin="0"/><net_sink comp="268" pin=0"/></net>

<net id="274"><net_src comp="64" pin="2"/><net_sink comp="268" pin=1"/></net>

<net id="275"><net_src comp="36" pin="0"/><net_sink comp="268" pin=2"/></net>

<net id="279"><net_src comp="268" pin="3"/><net_sink comp="276" pin=0"/></net>

<net id="284"><net_src comp="206" pin="2"/><net_sink comp="280" pin=0"/></net>

<net id="285"><net_src comp="160" pin="1"/><net_sink comp="280" pin=1"/></net>

<net id="289"><net_src comp="280" pin="2"/><net_sink comp="286" pin=0"/></net>

<net id="294"><net_src comp="202" pin="1"/><net_sink comp="290" pin=0"/></net>

<net id="295"><net_src comp="172" pin="1"/><net_sink comp="290" pin=1"/></net>

<net id="299"><net_src comp="290" pin="2"/><net_sink comp="296" pin=0"/></net>

<net id="303"><net_src comp="94" pin="2"/><net_sink comp="300" pin=0"/></net>

<net id="307"><net_src comp="82" pin="2"/><net_sink comp="304" pin=0"/></net>

<net id="312"><net_src comp="304" pin="1"/><net_sink comp="308" pin=0"/></net>

<net id="313"><net_src comp="300" pin="1"/><net_sink comp="308" pin=1"/></net>

<net id="319"><net_src comp="44" pin="0"/><net_sink comp="314" pin=0"/></net>

<net id="320"><net_src comp="308" pin="2"/><net_sink comp="314" pin=1"/></net>

<net id="321"><net_src comp="36" pin="0"/><net_sink comp="314" pin=2"/></net>

<net id="325"><net_src comp="314" pin="3"/><net_sink comp="322" pin=0"/></net>

<net id="330"><net_src comp="188" pin="2"/><net_sink comp="326" pin=0"/></net>

<net id="331"><net_src comp="212" pin="1"/><net_sink comp="326" pin=1"/></net>

<net id="336"><net_src comp="264" pin="1"/><net_sink comp="332" pin=0"/></net>

<net id="337"><net_src comp="236" pin="1"/><net_sink comp="332" pin=1"/></net>

<net id="341"><net_src comp="332" pin="2"/><net_sink comp="338" pin=0"/></net>

<net id="346"><net_src comp="338" pin="1"/><net_sink comp="342" pin=0"/></net>

<net id="347"><net_src comp="286" pin="1"/><net_sink comp="342" pin=1"/></net>

<net id="352"><net_src comp="276" pin="1"/><net_sink comp="348" pin=0"/></net>

<net id="353"><net_src comp="264" pin="1"/><net_sink comp="348" pin=1"/></net>

<net id="358"><net_src comp="322" pin="1"/><net_sink comp="354" pin=0"/></net>

<net id="359"><net_src comp="252" pin="1"/><net_sink comp="354" pin=1"/></net>

<net id="364"><net_src comp="240" pin="1"/><net_sink comp="360" pin=0"/></net>

<net id="365"><net_src comp="224" pin="1"/><net_sink comp="360" pin=1"/></net>

<net id="369"><net_src comp="360" pin="2"/><net_sink comp="366" pin=0"/></net>

<net id="374"><net_src comp="366" pin="1"/><net_sink comp="370" pin=0"/></net>

<net id="375"><net_src comp="296" pin="1"/><net_sink comp="370" pin=1"/></net>

<net id="381"><net_src comp="34" pin="0"/><net_sink comp="376" pin=0"/></net>

<net id="382"><net_src comp="154" pin="2"/><net_sink comp="376" pin=1"/></net>

<net id="383"><net_src comp="36" pin="0"/><net_sink comp="376" pin=2"/></net>

<net id="387"><net_src comp="376" pin="3"/><net_sink comp="384" pin=0"/></net>

<net id="391"><net_src comp="376" pin="3"/><net_sink comp="388" pin=0"/></net>

<net id="403"><net_src comp="38" pin="0"/><net_sink comp="398" pin=0"/></net>

<net id="404"><net_src comp="40" pin="0"/><net_sink comp="398" pin=2"/></net>

<net id="408"><net_src comp="398" pin="3"/><net_sink comp="405" pin=0"/></net>

<net id="413"><net_src comp="405" pin="1"/><net_sink comp="409" pin=0"/></net>

<net id="414"><net_src comp="395" pin="1"/><net_sink comp="409" pin=1"/></net>

<net id="418"><net_src comp="409" pin="2"/><net_sink comp="415" pin=0"/></net>

<net id="423"><net_src comp="395" pin="1"/><net_sink comp="419" pin=0"/></net>

<net id="424"><net_src comp="405" pin="1"/><net_sink comp="419" pin=1"/></net>

<net id="428"><net_src comp="419" pin="2"/><net_sink comp="425" pin=0"/></net>

<net id="432"><net_src comp="148" pin="2"/><net_sink comp="429" pin=0"/></net>

<net id="438"><net_src comp="38" pin="0"/><net_sink comp="433" pin=0"/></net>

<net id="439"><net_src comp="148" pin="2"/><net_sink comp="433" pin=1"/></net>

<net id="440"><net_src comp="40" pin="0"/><net_sink comp="433" pin=2"/></net>

<net id="444"><net_src comp="433" pin="3"/><net_sink comp="441" pin=0"/></net>

<net id="449"><net_src comp="429" pin="1"/><net_sink comp="445" pin=0"/></net>

<net id="450"><net_src comp="441" pin="1"/><net_sink comp="445" pin=1"/></net>

<net id="456"><net_src comp="34" pin="0"/><net_sink comp="451" pin=0"/></net>

<net id="457"><net_src comp="148" pin="2"/><net_sink comp="451" pin=1"/></net>

<net id="458"><net_src comp="36" pin="0"/><net_sink comp="451" pin=2"/></net>

<net id="462"><net_src comp="142" pin="2"/><net_sink comp="459" pin=0"/></net>

<net id="467"><net_src comp="60" pin="0"/><net_sink comp="463" pin=0"/></net>

<net id="468"><net_src comp="459" pin="1"/><net_sink comp="463" pin=1"/></net>

<net id="472"><net_src comp="463" pin="2"/><net_sink comp="469" pin=0"/></net>

<net id="478"><net_src comp="34" pin="0"/><net_sink comp="473" pin=0"/></net>

<net id="479"><net_src comp="142" pin="2"/><net_sink comp="473" pin=1"/></net>

<net id="480"><net_src comp="36" pin="0"/><net_sink comp="473" pin=2"/></net>

<net id="484"><net_src comp="473" pin="3"/><net_sink comp="481" pin=0"/></net>

<net id="493"><net_src comp="38" pin="0"/><net_sink comp="488" pin=0"/></net>

<net id="494"><net_src comp="40" pin="0"/><net_sink comp="488" pin=2"/></net>

<net id="498"><net_src comp="488" pin="3"/><net_sink comp="495" pin=0"/></net>

<net id="503"><net_src comp="485" pin="1"/><net_sink comp="499" pin=0"/></net>

<net id="504"><net_src comp="495" pin="1"/><net_sink comp="499" pin=1"/></net>

<net id="508"><net_src comp="499" pin="2"/><net_sink comp="505" pin=0"/></net>

<net id="513"><net_src comp="495" pin="1"/><net_sink comp="509" pin=0"/></net>

<net id="514"><net_src comp="485" pin="1"/><net_sink comp="509" pin=1"/></net>

<net id="518"><net_src comp="509" pin="2"/><net_sink comp="515" pin=0"/></net>

<net id="522"><net_src comp="136" pin="2"/><net_sink comp="519" pin=0"/></net>

<net id="528"><net_src comp="38" pin="0"/><net_sink comp="523" pin=0"/></net>

<net id="529"><net_src comp="136" pin="2"/><net_sink comp="523" pin=1"/></net>

<net id="530"><net_src comp="40" pin="0"/><net_sink comp="523" pin=2"/></net>

<net id="534"><net_src comp="523" pin="3"/><net_sink comp="531" pin=0"/></net>

<net id="539"><net_src comp="519" pin="1"/><net_sink comp="535" pin=0"/></net>

<net id="540"><net_src comp="531" pin="1"/><net_sink comp="535" pin=1"/></net>

<net id="544"><net_src comp="535" pin="2"/><net_sink comp="541" pin=0"/></net>

<net id="550"><net_src comp="34" pin="0"/><net_sink comp="545" pin=0"/></net>

<net id="551"><net_src comp="136" pin="2"/><net_sink comp="545" pin=1"/></net>

<net id="552"><net_src comp="36" pin="0"/><net_sink comp="545" pin=2"/></net>

<net id="556"><net_src comp="545" pin="3"/><net_sink comp="553" pin=0"/></net>

<net id="560"><net_src comp="136" pin="2"/><net_sink comp="557" pin=0"/></net>

<net id="566"><net_src comp="34" pin="0"/><net_sink comp="561" pin=0"/></net>

<net id="567"><net_src comp="130" pin="2"/><net_sink comp="561" pin=1"/></net>

<net id="568"><net_src comp="36" pin="0"/><net_sink comp="561" pin=2"/></net>

<net id="572"><net_src comp="124" pin="2"/><net_sink comp="569" pin=0"/></net>

<net id="578"><net_src comp="38" pin="0"/><net_sink comp="573" pin=0"/></net>

<net id="579"><net_src comp="124" pin="2"/><net_sink comp="573" pin=1"/></net>

<net id="580"><net_src comp="40" pin="0"/><net_sink comp="573" pin=2"/></net>

<net id="584"><net_src comp="573" pin="3"/><net_sink comp="581" pin=0"/></net>

<net id="589"><net_src comp="581" pin="1"/><net_sink comp="585" pin=0"/></net>

<net id="590"><net_src comp="569" pin="1"/><net_sink comp="585" pin=1"/></net>

<net id="596"><net_src comp="34" pin="0"/><net_sink comp="591" pin=0"/></net>

<net id="597"><net_src comp="124" pin="2"/><net_sink comp="591" pin=1"/></net>

<net id="598"><net_src comp="36" pin="0"/><net_sink comp="591" pin=2"/></net>

<net id="602"><net_src comp="591" pin="3"/><net_sink comp="599" pin=0"/></net>

<net id="607"><net_src comp="42" pin="0"/><net_sink comp="603" pin=0"/></net>

<net id="608"><net_src comp="599" pin="1"/><net_sink comp="603" pin=1"/></net>

<net id="612"><net_src comp="118" pin="2"/><net_sink comp="609" pin=0"/></net>

<net id="618"><net_src comp="34" pin="0"/><net_sink comp="613" pin=0"/></net>

<net id="619"><net_src comp="118" pin="2"/><net_sink comp="613" pin=1"/></net>

<net id="620"><net_src comp="36" pin="0"/><net_sink comp="613" pin=2"/></net>

<net id="626"><net_src comp="38" pin="0"/><net_sink comp="621" pin=0"/></net>

<net id="627"><net_src comp="118" pin="2"/><net_sink comp="621" pin=1"/></net>

<net id="628"><net_src comp="40" pin="0"/><net_sink comp="621" pin=2"/></net>

<net id="632"><net_src comp="621" pin="3"/><net_sink comp="629" pin=0"/></net>

<net id="637"><net_src comp="609" pin="1"/><net_sink comp="633" pin=0"/></net>

<net id="638"><net_src comp="629" pin="1"/><net_sink comp="633" pin=1"/></net>

<net id="642"><net_src comp="613" pin="3"/><net_sink comp="639" pin=0"/></net>

<net id="646"><net_src comp="112" pin="2"/><net_sink comp="643" pin=0"/></net>

<net id="652"><net_src comp="34" pin="0"/><net_sink comp="647" pin=0"/></net>

<net id="653"><net_src comp="112" pin="2"/><net_sink comp="647" pin=1"/></net>

<net id="654"><net_src comp="36" pin="0"/><net_sink comp="647" pin=2"/></net>

<net id="658"><net_src comp="647" pin="3"/><net_sink comp="655" pin=0"/></net>

<net id="663"><net_src comp="42" pin="0"/><net_sink comp="659" pin=0"/></net>

<net id="664"><net_src comp="655" pin="1"/><net_sink comp="659" pin=1"/></net>

<net id="670"><net_src comp="34" pin="0"/><net_sink comp="665" pin=0"/></net>

<net id="671"><net_src comp="106" pin="2"/><net_sink comp="665" pin=1"/></net>

<net id="672"><net_src comp="36" pin="0"/><net_sink comp="665" pin=2"/></net>

<net id="676"><net_src comp="100" pin="2"/><net_sink comp="673" pin=0"/></net>

<net id="680"><net_src comp="100" pin="2"/><net_sink comp="677" pin=0"/></net>

<net id="686"><net_src comp="34" pin="0"/><net_sink comp="681" pin=0"/></net>

<net id="687"><net_src comp="100" pin="2"/><net_sink comp="681" pin=1"/></net>

<net id="688"><net_src comp="36" pin="0"/><net_sink comp="681" pin=2"/></net>

<net id="692"><net_src comp="681" pin="3"/><net_sink comp="689" pin=0"/></net>

<net id="697"><net_src comp="42" pin="0"/><net_sink comp="693" pin=0"/></net>

<net id="698"><net_src comp="689" pin="1"/><net_sink comp="693" pin=1"/></net>

<net id="704"><net_src comp="38" pin="0"/><net_sink comp="699" pin=0"/></net>

<net id="705"><net_src comp="100" pin="2"/><net_sink comp="699" pin=1"/></net>

<net id="706"><net_src comp="40" pin="0"/><net_sink comp="699" pin=2"/></net>

<net id="710"><net_src comp="699" pin="3"/><net_sink comp="707" pin=0"/></net>

<net id="715"><net_src comp="677" pin="1"/><net_sink comp="711" pin=0"/></net>

<net id="716"><net_src comp="707" pin="1"/><net_sink comp="711" pin=1"/></net>

<net id="720"><net_src comp="711" pin="2"/><net_sink comp="717" pin=0"/></net>

<net id="725"><net_src comp="707" pin="1"/><net_sink comp="721" pin=0"/></net>

<net id="726"><net_src comp="677" pin="1"/><net_sink comp="721" pin=1"/></net>

<net id="734"><net_src comp="727" pin="1"/><net_sink comp="730" pin=0"/></net>

<net id="735"><net_src comp="388" pin="1"/><net_sink comp="730" pin=1"/></net>

<net id="739"><net_src comp="730" pin="2"/><net_sink comp="736" pin=0"/></net>

<net id="747"><net_src comp="736" pin="1"/><net_sink comp="743" pin=0"/></net>

<net id="748"><net_src comp="415" pin="1"/><net_sink comp="743" pin=1"/></net>

<net id="756"><net_src comp="749" pin="1"/><net_sink comp="752" pin=0"/></net>

<net id="757"><net_src comp="445" pin="2"/><net_sink comp="752" pin=1"/></net>

<net id="761"><net_src comp="752" pin="2"/><net_sink comp="758" pin=0"/></net>

<net id="766"><net_src comp="758" pin="1"/><net_sink comp="762" pin=0"/></net>

<net id="767"><net_src comp="743" pin="2"/><net_sink comp="762" pin=1"/></net>

<net id="771"><net_src comp="762" pin="2"/><net_sink comp="768" pin=0"/></net>

<net id="776"><net_src comp="740" pin="1"/><net_sink comp="772" pin=0"/></net>

<net id="777"><net_src comp="515" pin="1"/><net_sink comp="772" pin=1"/></net>

<net id="782"><net_src comp="553" pin="1"/><net_sink comp="778" pin=0"/></net>

<net id="783"><net_src comp="481" pin="1"/><net_sink comp="778" pin=1"/></net>

<net id="787"><net_src comp="451" pin="3"/><net_sink comp="784" pin=0"/></net>

<net id="791"><net_src comp="778" pin="2"/><net_sink comp="788" pin=0"/></net>

<net id="796"><net_src comp="788" pin="1"/><net_sink comp="792" pin=0"/></net>

<net id="797"><net_src comp="784" pin="1"/><net_sink comp="792" pin=1"/></net>

<net id="801"><net_src comp="792" pin="2"/><net_sink comp="798" pin=0"/></net>

<net id="806"><net_src comp="798" pin="1"/><net_sink comp="802" pin=0"/></net>

<net id="807"><net_src comp="772" pin="2"/><net_sink comp="802" pin=1"/></net>

<net id="811"><net_src comp="561" pin="3"/><net_sink comp="808" pin=0"/></net>

<net id="815"><net_src comp="130" pin="2"/><net_sink comp="812" pin=0"/></net>

<net id="819"><net_src comp="802" pin="2"/><net_sink comp="816" pin=0"/></net>

<net id="824"><net_src comp="816" pin="1"/><net_sink comp="820" pin=0"/></net>

<net id="825"><net_src comp="812" pin="1"/><net_sink comp="820" pin=1"/></net>

<net id="829"><net_src comp="603" pin="2"/><net_sink comp="826" pin=0"/></net>

<net id="834"><net_src comp="392" pin="1"/><net_sink comp="830" pin=0"/></net>

<net id="835"><net_src comp="384" pin="1"/><net_sink comp="830" pin=1"/></net>

<net id="839"><net_src comp="830" pin="2"/><net_sink comp="836" pin=0"/></net>

<net id="847"><net_src comp="836" pin="1"/><net_sink comp="843" pin=0"/></net>

<net id="848"><net_src comp="441" pin="1"/><net_sink comp="843" pin=1"/></net>

<net id="852"><net_src comp="843" pin="2"/><net_sink comp="849" pin=0"/></net>

<net id="857"><net_src comp="849" pin="1"/><net_sink comp="853" pin=0"/></net>

<net id="858"><net_src comp="505" pin="1"/><net_sink comp="853" pin=1"/></net>

<net id="862"><net_src comp="853" pin="2"/><net_sink comp="859" pin=0"/></net>

<net id="867"><net_src comp="859" pin="1"/><net_sink comp="863" pin=0"/></net>

<net id="868"><net_src comp="840" pin="1"/><net_sink comp="863" pin=1"/></net>

<net id="872"><net_src comp="613" pin="3"/><net_sink comp="869" pin=0"/></net>

<net id="876"><net_src comp="659" pin="2"/><net_sink comp="873" pin=0"/></net>

<net id="881"><net_src comp="873" pin="1"/><net_sink comp="877" pin=0"/></net>

<net id="882"><net_src comp="869" pin="1"/><net_sink comp="877" pin=1"/></net>

<net id="887"><net_src comp="808" pin="1"/><net_sink comp="883" pin=0"/></net>

<net id="888"><net_src comp="673" pin="1"/><net_sink comp="883" pin=1"/></net>

<net id="893"><net_src comp="883" pin="2"/><net_sink comp="889" pin=0"/></net>

<net id="894"><net_src comp="469" pin="1"/><net_sink comp="889" pin=1"/></net>

<net id="898"><net_src comp="889" pin="2"/><net_sink comp="895" pin=0"/></net>

<net id="903"><net_src comp="895" pin="1"/><net_sink comp="899" pin=0"/></net>

<net id="904"><net_src comp="877" pin="2"/><net_sink comp="899" pin=1"/></net>

<net id="908"><net_src comp="899" pin="2"/><net_sink comp="905" pin=0"/></net>

<net id="913"><net_src comp="905" pin="1"/><net_sink comp="909" pin=0"/></net>

<net id="914"><net_src comp="863" pin="2"/><net_sink comp="909" pin=1"/></net>

<net id="918"><net_src comp="909" pin="2"/><net_sink comp="915" pin=0"/></net>

<net id="923"><net_src comp="768" pin="1"/><net_sink comp="919" pin=0"/></net>

<net id="924"><net_src comp="541" pin="1"/><net_sink comp="919" pin=1"/></net>

<net id="929"><net_src comp="585" pin="2"/><net_sink comp="925" pin=0"/></net>

<net id="930"><net_src comp="633" pin="2"/><net_sink comp="925" pin=1"/></net>

<net id="934"><net_src comp="925" pin="2"/><net_sink comp="931" pin=0"/></net>

<net id="939"><net_src comp="931" pin="1"/><net_sink comp="935" pin=0"/></net>

<net id="940"><net_src comp="919" pin="2"/><net_sink comp="935" pin=1"/></net>

<net id="944"><net_src comp="665" pin="3"/><net_sink comp="941" pin=0"/></net>

<net id="948"><net_src comp="693" pin="2"/><net_sink comp="945" pin=0"/></net>

<net id="953"><net_src comp="945" pin="1"/><net_sink comp="949" pin=0"/></net>

<net id="954"><net_src comp="941" pin="1"/><net_sink comp="949" pin=1"/></net>

<net id="959"><net_src comp="808" pin="1"/><net_sink comp="955" pin=0"/></net>

<net id="960"><net_src comp="643" pin="1"/><net_sink comp="955" pin=1"/></net>

<net id="964"><net_src comp="955" pin="2"/><net_sink comp="961" pin=0"/></net>

<net id="969"><net_src comp="961" pin="1"/><net_sink comp="965" pin=0"/></net>

<net id="970"><net_src comp="949" pin="2"/><net_sink comp="965" pin=1"/></net>

<net id="974"><net_src comp="965" pin="2"/><net_sink comp="971" pin=0"/></net>

<net id="979"><net_src comp="971" pin="1"/><net_sink comp="975" pin=0"/></net>

<net id="980"><net_src comp="935" pin="2"/><net_sink comp="975" pin=1"/></net>

<net id="984"><net_src comp="975" pin="2"/><net_sink comp="981" pin=0"/></net>

<net id="989"><net_src comp="820" pin="2"/><net_sink comp="985" pin=0"/></net>

<net id="990"><net_src comp="717" pin="1"/><net_sink comp="985" pin=1"/></net>

<net id="995"><net_src comp="643" pin="1"/><net_sink comp="991" pin=0"/></net>

<net id="996"><net_src comp="599" pin="1"/><net_sink comp="991" pin=1"/></net>

<net id="1000"><net_src comp="991" pin="2"/><net_sink comp="997" pin=0"/></net>

<net id="1005"><net_src comp="997" pin="1"/><net_sink comp="1001" pin=0"/></net>

<net id="1006"><net_src comp="985" pin="2"/><net_sink comp="1001" pin=1"/></net>

<net id="1010"><net_src comp="1001" pin="2"/><net_sink comp="1007" pin=0"/></net>

<net id="1018"><net_src comp="1011" pin="1"/><net_sink comp="1014" pin=0"/></net>

<net id="1019"><net_src comp="425" pin="1"/><net_sink comp="1014" pin=1"/></net>

<net id="1024"><net_src comp="481" pin="1"/><net_sink comp="1020" pin=0"/></net>

<net id="1025"><net_src comp="557" pin="1"/><net_sink comp="1020" pin=1"/></net>

<net id="1029"><net_src comp="1020" pin="2"/><net_sink comp="1026" pin=0"/></net>

<net id="1034"><net_src comp="1026" pin="1"/><net_sink comp="1030" pin=0"/></net>

<net id="1035"><net_src comp="784" pin="1"/><net_sink comp="1030" pin=1"/></net>

<net id="1039"><net_src comp="1030" pin="2"/><net_sink comp="1036" pin=0"/></net>

<net id="1044"><net_src comp="1036" pin="1"/><net_sink comp="1040" pin=0"/></net>

<net id="1045"><net_src comp="1014" pin="2"/><net_sink comp="1040" pin=1"/></net>

<net id="1049"><net_src comp="1040" pin="2"/><net_sink comp="1046" pin=0"/></net>

<net id="1054"><net_src comp="721" pin="2"/><net_sink comp="1050" pin=0"/></net>

<net id="1055"><net_src comp="826" pin="1"/><net_sink comp="1050" pin=1"/></net>

<net id="1059"><net_src comp="1050" pin="2"/><net_sink comp="1056" pin=0"/></net>

<net id="1064"><net_src comp="1056" pin="1"/><net_sink comp="1060" pin=0"/></net>

<net id="1065"><net_src comp="1046" pin="1"/><net_sink comp="1060" pin=1"/></net>

<net id="1070"><net_src comp="639" pin="1"/><net_sink comp="1066" pin=0"/></net>

<net id="1071"><net_src comp="643" pin="1"/><net_sink comp="1066" pin=1"/></net>

<net id="1075"><net_src comp="1066" pin="2"/><net_sink comp="1072" pin=0"/></net>

<net id="1080"><net_src comp="1072" pin="1"/><net_sink comp="1076" pin=0"/></net>

<net id="1081"><net_src comp="941" pin="1"/><net_sink comp="1076" pin=1"/></net>

<net id="1085"><net_src comp="1076" pin="2"/><net_sink comp="1082" pin=0"/></net>

<net id="1090"><net_src comp="1082" pin="1"/><net_sink comp="1086" pin=0"/></net>

<net id="1091"><net_src comp="1060" pin="2"/><net_sink comp="1086" pin=1"/></net>

<net id="1095"><net_src comp="1086" pin="2"/><net_sink comp="1092" pin=0"/></net>

<net id="1100"><net_src comp="62" pin="0"/><net_sink comp="1096" pin=0"/></net>

<net id="1101"><net_src comp="915" pin="1"/><net_sink comp="1096" pin=1"/></net>

<net id="1106"><net_src comp="1096" pin="2"/><net_sink comp="1102" pin=0"/></net>

<net id="1107"><net_src comp="981" pin="1"/><net_sink comp="1102" pin=1"/></net>

<net id="1112"><net_src comp="1102" pin="2"/><net_sink comp="1108" pin=0"/></net>

<net id="1113"><net_src comp="1007" pin="1"/><net_sink comp="1108" pin=1"/></net>

<net id="1118"><net_src comp="1108" pin="2"/><net_sink comp="1114" pin=0"/></net>

<net id="1119"><net_src comp="1092" pin="1"/><net_sink comp="1114" pin=1"/></net>

<net id="1123"><net_src comp="64" pin="2"/><net_sink comp="1120" pin=0"/></net>

<net id="1124"><net_src comp="1120" pin="1"/><net_sink comp="485" pin=0"/></net>

<net id="1125"><net_src comp="1120" pin="1"/><net_sink comp="488" pin=1"/></net>

<net id="1129"><net_src comp="76" pin="2"/><net_sink comp="1126" pin=0"/></net>

<net id="1130"><net_src comp="1126" pin="1"/><net_sink comp="392" pin=0"/></net>

<net id="1131"><net_src comp="1126" pin="1"/><net_sink comp="395" pin=0"/></net>

<net id="1132"><net_src comp="1126" pin="1"/><net_sink comp="398" pin=1"/></net>

<net id="1136"><net_src comp="326" pin="2"/><net_sink comp="1133" pin=0"/></net>

<net id="1137"><net_src comp="1133" pin="1"/><net_sink comp="727" pin=0"/></net>

<net id="1141"><net_src comp="342" pin="2"/><net_sink comp="1138" pin=0"/></net>

<net id="1142"><net_src comp="1138" pin="1"/><net_sink comp="740" pin=0"/></net>

<net id="1146"><net_src comp="348" pin="2"/><net_sink comp="1143" pin=0"/></net>

<net id="1147"><net_src comp="1143" pin="1"/><net_sink comp="749" pin=0"/></net>

<net id="1151"><net_src comp="354" pin="2"/><net_sink comp="1148" pin=0"/></net>

<net id="1152"><net_src comp="1148" pin="1"/><net_sink comp="840" pin=0"/></net>

<net id="1156"><net_src comp="370" pin="2"/><net_sink comp="1153" pin=0"/></net>

<net id="1157"><net_src comp="1153" pin="1"/><net_sink comp="1011" pin=0"/></net>

</net_list>

</model> 
---------------- Datapath Model END ------------------

* FSMD analyzer results:
  - Output states:
 - Input state : 
	Port: dense_latency<ap_fixed<6, 4, 0, 0, 0>, ap_fixed<17, 13, 5, 3, 0>, config9> : data_0_val | {1 }
	Port: dense_latency<ap_fixed<6, 4, 0, 0, 0>, ap_fixed<17, 13, 5, 3, 0>, config9> : data_1_val | {1 }
	Port: dense_latency<ap_fixed<6, 4, 0, 0, 0>, ap_fixed<17, 13, 5, 3, 0>, config9> : data_2_val | {1 }
	Port: dense_latency<ap_fixed<6, 4, 0, 0, 0>, ap_fixed<17, 13, 5, 3, 0>, config9> : data_3_val | {2 }
	Port: dense_latency<ap_fixed<6, 4, 0, 0, 0>, ap_fixed<17, 13, 5, 3, 0>, config9> : data_4_val | {1 }
	Port: dense_latency<ap_fixed<6, 4, 0, 0, 0>, ap_fixed<17, 13, 5, 3, 0>, config9> : data_5_val | {1 }
	Port: dense_latency<ap_fixed<6, 4, 0, 0, 0>, ap_fixed<17, 13, 5, 3, 0>, config9> : data_6_val | {2 }
	Port: dense_latency<ap_fixed<6, 4, 0, 0, 0>, ap_fixed<17, 13, 5, 3, 0>, config9> : data_7_val | {2 }
	Port: dense_latency<ap_fixed<6, 4, 0, 0, 0>, ap_fixed<17, 13, 5, 3, 0>, config9> : data_8_val | {1 }
	Port: dense_latency<ap_fixed<6, 4, 0, 0, 0>, ap_fixed<17, 13, 5, 3, 0>, config9> : data_9_val | {2 }
	Port: dense_latency<ap_fixed<6, 4, 0, 0, 0>, ap_fixed<17, 13, 5, 3, 0>, config9> : data_10_val | {2 }
	Port: dense_latency<ap_fixed<6, 4, 0, 0, 0>, ap_fixed<17, 13, 5, 3, 0>, config9> : data_11_val | {2 }
	Port: dense_latency<ap_fixed<6, 4, 0, 0, 0>, ap_fixed<17, 13, 5, 3, 0>, config9> : data_12_val | {2 }
	Port: dense_latency<ap_fixed<6, 4, 0, 0, 0>, ap_fixed<17, 13, 5, 3, 0>, config9> : data_13_val | {2 }
	Port: dense_latency<ap_fixed<6, 4, 0, 0, 0>, ap_fixed<17, 13, 5, 3, 0>, config9> : data_14_val | {2 }
	Port: dense_latency<ap_fixed<6, 4, 0, 0, 0>, ap_fixed<17, 13, 5, 3, 0>, config9> : data_15_val | {2 }
  - Chain level:
	State 1
		sext_ln73_105 : 1
		sub_ln73_123 : 1
		sext_ln73_107 : 1
		sub_ln73_124 : 2
		sext_ln73_115 : 1
		sext_ln73_122 : 1
		sext_ln73_124 : 1
		sext_ln73_125 : 1
		sext_ln73_112 : 1
		sub_ln58 : 3
		sext_ln58_466 : 4
		sub_ln58_532 : 2
		add_ln58_cast27 : 3
		add_ln58 : 1
		tmp : 2
		sext_ln58_1409 : 3
		add_ln58_1267 : 2
		sub_ln58_533 : 2
		sext_ln58 : 3
		add_ln58_1269 : 5
		sub_ln58_534 : 2
		sub_ln58_538 : 4
		sub_ln58_542 : 2
		sext_ln58_1408 : 3
		add_ln58_1290 : 4
	State 2
		sext_ln73_118 : 1
		sext_ln70 : 1
		sext_ln73_119 : 1
		sub_ln73_125 : 2
		sext_ln73_100 : 3
		sub_ln73_126 : 2
		sext_ln70_33 : 3
		sext_ln73_106 : 1
		sub_ln73_127 : 2
		sub_ln73 : 1
		sext_ln73_109 : 2
		sext_ln73_126 : 1
		sext_ln73_127 : 1
		sub_ln73_128 : 2
		sext_ln73_111 : 3
		sub_ln73_129 : 2
		sext_ln70_34 : 3
		sext_ln73_128 : 1
		sub_ln73_130 : 2
		sext_ln73_114 : 3
		sext_ln70_35 : 1
		sext_ln73_129 : 1
		sub_ln73_131 : 2
		sext_ln73_130 : 1
		sub_ln73_132 : 2
		sext_ln73_131 : 1
		sub_ln73_133 : 2
		sext_ln70_37 : 1
		sext_ln73_132 : 1
		sub_ln73_134 : 2
		sext_ln73_133 : 1
		sub_ln73_135 : 2
		sext_ln73_134 : 1
		sub_ln73_136 : 2
		sext_ln73_123 : 3
		sub_ln73_137 : 2
		add_ln58_1268 : 2
		sext_ln58_471 : 3
		add_ln58_1270 : 4
		add_ln58_1271 : 3
		sext_ln58_1391 : 4
		add_ln58_1272 : 5
		sext_ln58_474 : 6
		add_ln58_1273 : 4
		sub_ln58_535 : 2
		sext_ln58_1412 : 1
		sext_ln58_1414 : 3
		sub_ln58_536 : 4
		sext_ln58_1393 : 5
		add_ln58_1274 : 6
		sext_ln58_1394 : 1
		sext_ln58_1396 : 7
		sub_ln58_507 : 8
		sext_ln58_1397 : 3
		sub_ln58_537 : 2
		sext_ln58_1399 : 3
		add_ln58_1275 : 4
		sext_ln58_1400 : 5
		add_ln58_1276 : 6
		sext_ln58_1416 : 7
		add_ln58_1277 : 8
		sext_ln58_1417 : 1
		sext_ln58_1418 : 3
		sub_ln58_539 : 4
		add_ln58_1278 : 2
		add_ln58_1279 : 3
		sext_ln58_1402 : 4
		add_ln58_1280 : 5
		sext_ln58_1419 : 6
		add_ln58_1281 : 9
		sext_ln58_482 : 10
		add_ln58_1282 : 7
		add_ln58_1283 : 3
		sext_ln58_1404 : 4
		add_ln58_1284 : 8
		sext_ln58_1420 : 1
		sext_ln58_1421 : 3
		sub_ln58_540 : 4
		add_ln58_1285 : 2
		sext_ln58_1405 : 3
		add_ln58_1286 : 5
		sext_ln58_1406 : 6
		add_ln58_1287 : 9
		sext_ln58_483 : 10
		add_ln58_1288 : 9
		sub_ln58_541 : 2
		sext_ln58_1407 : 3
		add_ln58_1289 : 10
		sext_ln58_484 : 11
		add_ln58_1291 : 4
		add_ln58_1292 : 2
		sext_ln58_1422 : 3
		sub_ln58_543 : 4
		sext_ln58_1410 : 5
		add_ln58_1293 : 6
		sext_ln58_486 : 7
		add_ln58_1294 : 4
		sext_ln58_1411 : 5
		add_ln58_1295 : 8
		add_ln58_1296 : 2
		sext_ln58_1423 : 3
		sub_ln58_544 : 4
		sext_ln58_1413 : 5
		add_ln58_1297 : 9
		sext_ln68 : 10
		mrv : 11
		mrv_1 : 12
		mrv_2 : 13
		mrv_3 : 14
		ret_ln68 : 15


============================================================
+ Verbose Summary: Datapath Resource usage 
============================================================

* Functional unit list:
|----------|------------------------------|---------|---------|
| Operation|        Functional Unit       |    FF   |   LUT   |
|----------|------------------------------|---------|---------|
|          |      sub_ln73_123_fu_188     |    0    |    8    |
|          |      sub_ln73_124_fu_206     |    0    |    7    |
|          |        sub_ln58_fu_280       |    0    |    8    |
|          |      sub_ln58_532_fu_290     |    0    |    14   |
|          |      sub_ln58_533_fu_332     |    0    |    14   |
|          |      sub_ln58_534_fu_348     |    0    |    14   |
|          |      sub_ln58_538_fu_354     |    0    |    15   |
|          |      sub_ln58_542_fu_360     |    0    |    14   |
|          |      sub_ln73_125_fu_409     |    0    |    15   |
|          |      sub_ln73_126_fu_419     |    0    |    15   |
|          |      sub_ln73_127_fu_445     |    0    |    8    |
|          |        sub_ln73_fu_463       |    0    |    14   |
|          |      sub_ln73_128_fu_499     |    0    |    15   |
|          |      sub_ln73_129_fu_509     |    0    |    15   |
|          |      sub_ln73_130_fu_535     |    0    |    15   |
|    sub   |      sub_ln73_131_fu_585     |    0    |    15   |
|          |      sub_ln73_132_fu_603     |    0    |    14   |
|          |      sub_ln73_133_fu_633     |    0    |    8    |
|          |      sub_ln73_134_fu_659     |    0    |    14   |
|          |      sub_ln73_135_fu_693     |    0    |    14   |
|          |      sub_ln73_136_fu_711     |    0    |    15   |
|          |      sub_ln73_137_fu_721     |    0    |    8    |
|          |      sub_ln58_535_fu_778     |    0    |    14   |
|          |      sub_ln58_536_fu_792     |    0    |    15   |
|          |      sub_ln58_507_fu_820     |    0    |    13   |
|          |      sub_ln58_537_fu_830     |    0    |    14   |
|          |      sub_ln58_539_fu_877     |    0    |    8    |
|          |      sub_ln58_540_fu_949     |    0    |    8    |
|          |      sub_ln58_541_fu_991     |    0    |    14   |
|          |     sub_ln58_543_fu_1030     |    0    |    15   |
|          |     sub_ln58_544_fu_1076     |    0    |    15   |
|----------|------------------------------|---------|---------|
|          |        add_ln58_fu_308       |    0    |    14   |
|          |     add_ln58_1267_fu_326     |    0    |    8    |
|          |     add_ln58_1269_fu_342     |    0    |    15   |
|          |     add_ln58_1290_fu_370     |    0    |    15   |
|          |     add_ln58_1268_fu_730     |    0    |    15   |
|          |     add_ln58_1270_fu_743     |    0    |    9    |
|          |     add_ln58_1271_fu_752     |    0    |    9    |
|          |     add_ln58_1272_fu_762     |    0    |    10   |
|          |     add_ln58_1273_fu_772     |    0    |    9    |
|          |     add_ln58_1274_fu_802     |    0    |    10   |
|          |     add_ln58_1275_fu_843     |    0    |    15   |
|          |     add_ln58_1276_fu_853     |    0    |    14   |
|          |     add_ln58_1277_fu_863     |    0    |    10   |
|          |     add_ln58_1278_fu_883     |    0    |    7    |
|          |     add_ln58_1279_fu_889     |    0    |    8    |
|    add   |     add_ln58_1280_fu_899     |    0    |    9    |
|          |     add_ln58_1281_fu_909     |    0    |    11   |
|          |     add_ln58_1282_fu_919     |    0    |    13   |
|          |     add_ln58_1283_fu_925     |    0    |    9    |
|          |     add_ln58_1284_fu_935     |    0    |    11   |
|          |     add_ln58_1285_fu_955     |    0    |    14   |
|          |     add_ln58_1286_fu_965     |    0    |    9    |
|          |     add_ln58_1287_fu_975     |    0    |    11   |
|          |     add_ln58_1288_fu_985     |    0    |    11   |
|          |     add_ln58_1289_fu_1001    |    0    |    11   |
|          |     add_ln58_1291_fu_1014    |    0    |    9    |
|          |     add_ln58_1292_fu_1020    |    0    |    14   |
|          |     add_ln58_1293_fu_1040    |    0    |    10   |
|          |     add_ln58_1294_fu_1050    |    0    |    9    |
|          |     add_ln58_1295_fu_1060    |    0    |    10   |
|          |     add_ln58_1296_fu_1066    |    0    |    14   |
|          |     add_ln58_1297_fu_1086    |    0    |    11   |
|----------|------------------------------|---------|---------|
|          |  data_8_val_read_read_fu_64  |    0    |    0    |
|          |  data_5_val_read_read_fu_70  |    0    |    0    |
|          |  data_4_val_read_read_fu_76  |    0    |    0    |
|          |  data_2_val_read_read_fu_82  |    0    |    0    |
|          |  data_1_val_read_read_fu_88  |    0    |    0    |
|          |  data_0_val_read_read_fu_94  |    0    |    0    |
|          | data_15_val_read_read_fu_100 |    0    |    0    |
|   read   | data_14_val_read_read_fu_106 |    0    |    0    |
|          | data_13_val_read_read_fu_112 |    0    |    0    |
|          | data_12_val_read_read_fu_118 |    0    |    0    |
|          | data_11_val_read_read_fu_124 |    0    |    0    |
|          | data_10_val_read_read_fu_130 |    0    |    0    |
|          |  data_9_val_read_read_fu_136 |    0    |    0    |
|          |  data_7_val_read_read_fu_142 |    0    |    0    |
|          |  data_6_val_read_read_fu_148 |    0    |    0    |
|          |  data_3_val_read_read_fu_154 |    0    |    0    |
|----------|------------------------------|---------|---------|
|          |       sext_ln73_fu_160       |    0    |    0    |
|          |     sext_ln73_105_fu_172     |    0    |    0    |
|          |      sext_ln73_96_fu_176     |    0    |    0    |
|          |     sext_ln73_107_fu_202     |    0    |    0    |
|          |       sext_ln42_fu_212       |    0    |    0    |
|          |     sext_ln73_115_fu_224     |    0    |    0    |
|          |     sext_ln73_122_fu_236     |    0    |    0    |
|          |     sext_ln73_101_fu_240     |    0    |    0    |
|          |     sext_ln73_124_fu_252     |    0    |    0    |
|          |     sext_ln73_125_fu_264     |    0    |    0    |
|          |     sext_ln73_112_fu_276     |    0    |    0    |
|          |     sext_ln58_466_fu_286     |    0    |    0    |
|          |    add_ln58_cast27_fu_296    |    0    |    0    |
|          |   data_0_val_cast17_fu_300   |    0    |    0    |
|          |     sext_ln58_467_fu_304     |    0    |    0    |
|          |     sext_ln58_1409_fu_322    |    0    |    0    |
|          |       sext_ln58_fu_338       |    0    |    0    |
|          |     sext_ln58_1408_fu_366    |    0    |    0    |
|          |     sext_ln73_118_fu_384     |    0    |    0    |
|          |       sext_ln70_fu_388       |    0    |    0    |
|          |      sext_ln73_98_fu_392     |    0    |    0    |
|          |      sext_ln73_99_fu_395     |    0    |    0    |
|          |     sext_ln73_119_fu_405     |    0    |    0    |
|          |     sext_ln73_100_fu_415     |    0    |    0    |
|          |      sext_ln70_33_fu_425     |    0    |    0    |
|          |     sext_ln73_104_fu_429     |    0    |    0    |
|          |     sext_ln73_106_fu_441     |    0    |    0    |
|          |     sext_ln73_108_fu_459     |    0    |    0    |
|          |     sext_ln73_109_fu_469     |    0    |    0    |
|          |     sext_ln73_126_fu_481     |    0    |    0    |
|          |     sext_ln73_110_fu_485     |    0    |    0    |
|          |     sext_ln73_127_fu_495     |    0    |    0    |
|          |     sext_ln73_111_fu_505     |    0    |    0    |
|          |      sext_ln70_34_fu_515     |    0    |    0    |
|          |     sext_ln73_113_fu_519     |    0    |    0    |
|          |     sext_ln73_128_fu_531     |    0    |    0    |
|          |     sext_ln73_114_fu_541     |    0    |    0    |
|          |      sext_ln70_35_fu_553     |    0    |    0    |
|          |      sext_ln70_36_fu_557     |    0    |    0    |
|          |     sext_ln73_116_fu_569     |    0    |    0    |
|          |     sext_ln73_129_fu_581     |    0    |    0    |
|          |     sext_ln73_130_fu_599     |    0    |    0    |
|          |     sext_ln73_117_fu_609     |    0    |    0    |
|          |     sext_ln73_131_fu_629     |    0    |    0    |
|   sext   |      sext_ln70_37_fu_639     |    0    |    0    |
|          |      sext_ln70_38_fu_643     |    0    |    0    |
|          |     sext_ln73_132_fu_655     |    0    |    0    |
|          |     sext_ln73_120_fu_673     |    0    |    0    |
|          |     sext_ln73_121_fu_677     |    0    |    0    |
|          |     sext_ln73_133_fu_689     |    0    |    0    |
|          |     sext_ln73_134_fu_707     |    0    |    0    |
|          |     sext_ln73_123_fu_717     |    0    |    0    |
|          |     sext_ln58_470_fu_727     |    0    |    0    |
|          |     sext_ln58_471_fu_736     |    0    |    0    |
|          |     sext_ln58_472_fu_740     |    0    |    0    |
|          |     sext_ln58_1390_fu_749    |    0    |    0    |
|          |     sext_ln58_1391_fu_758    |    0    |    0    |
|          |     sext_ln58_474_fu_768     |    0    |    0    |
|          |     sext_ln58_1412_fu_784    |    0    |    0    |
|          |     sext_ln58_1414_fu_788    |    0    |    0    |
|          |     sext_ln58_1393_fu_798    |    0    |    0    |
|          |     sext_ln58_1394_fu_808    |    0    |    0    |
|          |     sext_ln58_1395_fu_812    |    0    |    0    |
|          |     sext_ln58_1396_fu_816    |    0    |    0    |
|          |     sext_ln58_1397_fu_826    |    0    |    0    |
|          |     sext_ln58_1399_fu_836    |    0    |    0    |
|          |     sext_ln58_1415_fu_840    |    0    |    0    |
|          |     sext_ln58_1400_fu_849    |    0    |    0    |
|          |     sext_ln58_1416_fu_859    |    0    |    0    |
|          |     sext_ln58_1417_fu_869    |    0    |    0    |
|          |     sext_ln58_1418_fu_873    |    0    |    0    |
|          |     sext_ln58_1402_fu_895    |    0    |    0    |
|          |     sext_ln58_1419_fu_905    |    0    |    0    |
|          |     sext_ln58_482_fu_915     |    0    |    0    |
|          |     sext_ln58_1404_fu_931    |    0    |    0    |
|          |     sext_ln58_1420_fu_941    |    0    |    0    |
|          |     sext_ln58_1421_fu_945    |    0    |    0    |
|          |     sext_ln58_1405_fu_961    |    0    |    0    |
|          |     sext_ln58_1406_fu_971    |    0    |    0    |
|          |     sext_ln58_483_fu_981     |    0    |    0    |
|          |     sext_ln58_1407_fu_997    |    0    |    0    |
|          |     sext_ln58_484_fu_1007    |    0    |    0    |
|          |     sext_ln58_485_fu_1011    |    0    |    0    |
|          |    sext_ln58_1422_fu_1026    |    0    |    0    |
|          |    sext_ln58_1410_fu_1036    |    0    |    0    |
|          |     sext_ln58_486_fu_1046    |    0    |    0    |
|          |    sext_ln58_1411_fu_1056    |    0    |    0    |
|          |    sext_ln58_1423_fu_1072    |    0    |    0    |
|          |    sext_ln58_1413_fu_1082    |    0    |    0    |
|          |       sext_ln68_fu_1092      |    0    |    0    |
|----------|------------------------------|---------|---------|
|          |        tmp_313_fu_164        |    0    |    0    |
|          |         p_shl_fu_180         |    0    |    0    |
|          |        tmp_314_fu_194        |    0    |    0    |
|          |        tmp_315_fu_216        |    0    |    0    |
|          |        tmp_318_fu_228        |    0    |    0    |
|          |        tmp_319_fu_244        |    0    |    0    |
|          |        tmp_320_fu_256        |    0    |    0    |
|          |       shl_ln73_5_fu_268      |    0    |    0    |
|          |          tmp_fu_314          |    0    |    0    |
|          |        tmp_316_fu_376        |    0    |    0    |
|          |        tmp_317_fu_398        |    0    |    0    |
|          |       shl_ln73_s_fu_433      |    0    |    0    |
|bitconcatenate|        tmp_321_fu_451        |    0    |    0    |
|          |        tmp_322_fu_473        |    0    |    0    |
|          |        tmp_323_fu_488        |    0    |    0    |
|          |        tmp_324_fu_523        |    0    |    0    |
|          |       shl_ln73_6_fu_545      |    0    |    0    |
|          |       shl_ln73_7_fu_561      |    0    |    0    |
|          |        tmp_325_fu_573        |    0    |    0    |
|          |        tmp_326_fu_591        |    0    |    0    |
|          |        tmp_327_fu_613        |    0    |    0    |
|          |        tmp_328_fu_621        |    0    |    0    |
|          |        tmp_329_fu_647        |    0    |    0    |
|          |        tmp_330_fu_665        |    0    |    0    |
|          |        tmp_331_fu_681        |    0    |    0    |
|          |        tmp_332_fu_699        |    0    |    0    |
|----------|------------------------------|---------|---------|
|          |          mrv_fu_1096         |    0    |    0    |
|insertvalue|         mrv_1_fu_1102        |    0    |    0    |
|          |         mrv_2_fu_1108        |    0    |    0    |
|          |         mrv_3_fu_1114        |    0    |    0    |
|----------|------------------------------|---------|---------|
|   Total  |                              |    0    |   749   |
|----------|------------------------------|---------|---------|

Memories:
N/A

* Register list:
+------------------------+--------+
|                        |   FF   |
+------------------------+--------+
| add_ln58_1267_reg_1133 |    8   |
| add_ln58_1269_reg_1138 |    9   |
| add_ln58_1290_reg_1153 |    9   |
|data_4_val_read_reg_1126|    6   |
|data_8_val_read_reg_1120|    6   |
|  sub_ln58_534_reg_1143 |    8   |
|  sub_ln58_538_reg_1148 |    9   |
+------------------------+--------+
|          Total         |   55   |
+------------------------+--------+

* Multiplexer (MUX) list: 
|--------|------|------|------|--------|
|  Comp  |  Pin | Size |  BW  | S x BW |
|--------|------|------|------|--------|
|  Total |      |      |      |    0   |
|--------|------|------|------|--------|



* Summary:
+-----------+--------+--------+
|           |   FF   |   LUT  |
+-----------+--------+--------+
|  Function |    0   |   749  |
|   Memory  |    -   |    -   |
|Multiplexer|    -   |    -   |
|  Register |   55   |    -   |
+-----------+--------+--------+
|   Total   |   55   |   749  |
+-----------+--------+--------+
