

================================================================
== Vitis HLS Report for 'dense_latency_ap_fixed_10_4_0_0_0_ap_fixed_26_14_5_3_0_config7_s'
================================================================
* Date:           Fri May 15 13:42:38 2026

* Version:        2024.2 (Build 5238294 on Nov  8 2024)
* Project:        wedrowiec_hls_prj
* Solution:       solution1 (Vivado IP Flow Target)
* Product family: zynq
* Target device:  xc7z020-clg400-1


================================================================
== Performance Estimates
================================================================
+ Timing: 
    * Summary: 
    +--------+----------+-----------+------------+
    |  Clock |  Target  | Estimated | Uncertainty|
    +--------+----------+-----------+------------+
    |ap_clk  |  20.00 ns|  17.462 ns|     2.50 ns|
    +--------+----------+-----------+------------+

+ Latency: 
    * Summary: 
    +---------+---------+-----------+-----------+-----+-----+---------+
    |  Latency (cycles) |   Latency (absolute)  |  Interval | Pipeline|
    |   min   |   max   |    min    |    max    | min | max |   Type  |
    +---------+---------+-----------+-----------+-----+-----+---------+
    |        2|        2|  40.000 ns|  40.000 ns|    3|    3|      yes|
    +---------+---------+-----------+-----------+-----+-----+---------+

    + Detail: 
        * Instance: 
        N/A

        * Loop: 
        N/A

============================================================
+ Verbose Summary: Synthesis Manager
============================================================
InlineROM: 1
ExposeGlobal: 0
============================================================
+ Verbose Summary: CDFG Model
============================================================
IsTopModel: 0
ResetActiveHigh: 1
IsCombinational: 0
IsDatapathOnly: 0
HasWiredReturn: 1
HasMFsm: 2
HasVarLatency: 0
IsPipeline: 1
IsRtlPipelined: 0
IsInstanceOverlapped: 0
IsDontTouch: 0
HasImplIP: 0
IsGatedGlobalClock: 0

+ Individual pipeline summary: 
  * Pipeline-0: initiation interval (II) = 3, depth = 3


============================================================
+ Verbose Summary: Schedule
============================================================
* Number of FSM states : 3
* Pipeline : 1
  Pipeline-0 : II = 3, D = 3, States = { 1 2 3 }
* Dataflow Pipeline: 0

* FSM state transitions: 
1 --> 2 
2 --> 3 
3 --> 

* FSM state operations: 

State 1 <SV = 0> <Delay = 17.4>
ST_1 : Operation 4 [1/1] (0.00ns)   --->   "%data_31_val_read = read i10 @_ssdm_op_Read.ap_auto.i10, i10 %data_31_val" [firmware/nnet_utils/nnet_mult.h:70->firmware/nnet_utils/nnet_dense_latency.h:42]   --->   Operation 4 'read' 'data_31_val_read' <Predicate = true> <Delay = 0.00>
ST_1 : Operation 5 [1/1] (0.00ns)   --->   "%data_30_val_read = read i10 @_ssdm_op_Read.ap_auto.i10, i10 %data_30_val" [firmware/nnet_utils/nnet_mult.h:70->firmware/nnet_utils/nnet_dense_latency.h:42]   --->   Operation 5 'read' 'data_30_val_read' <Predicate = true> <Delay = 0.00>
ST_1 : Operation 6 [1/1] (0.00ns)   --->   "%data_29_val_read = read i10 @_ssdm_op_Read.ap_auto.i10, i10 %data_29_val" [firmware/nnet_utils/nnet_mult.h:70->firmware/nnet_utils/nnet_dense_latency.h:42]   --->   Operation 6 'read' 'data_29_val_read' <Predicate = true> <Delay = 0.00>
ST_1 : Operation 7 [1/1] (0.00ns)   --->   "%data_28_val_read = read i10 @_ssdm_op_Read.ap_auto.i10, i10 %data_28_val" [firmware/nnet_utils/nnet_mult.h:70->firmware/nnet_utils/nnet_dense_latency.h:42]   --->   Operation 7 'read' 'data_28_val_read' <Predicate = true> <Delay = 0.00>
ST_1 : Operation 8 [1/1] (0.00ns)   --->   "%data_27_val_read = read i10 @_ssdm_op_Read.ap_auto.i10, i10 %data_27_val" [firmware/nnet_utils/nnet_mult.h:70->firmware/nnet_utils/nnet_dense_latency.h:42]   --->   Operation 8 'read' 'data_27_val_read' <Predicate = true> <Delay = 0.00>
ST_1 : Operation 9 [1/1] (0.00ns)   --->   "%data_26_val_read = read i10 @_ssdm_op_Read.ap_auto.i10, i10 %data_26_val" [firmware/nnet_utils/nnet_mult.h:70->firmware/nnet_utils/nnet_dense_latency.h:42]   --->   Operation 9 'read' 'data_26_val_read' <Predicate = true> <Delay = 0.00>
ST_1 : Operation 10 [1/1] (0.00ns)   --->   "%data_25_val_read = read i10 @_ssdm_op_Read.ap_auto.i10, i10 %data_25_val" [firmware/nnet_utils/nnet_mult.h:70->firmware/nnet_utils/nnet_dense_latency.h:42]   --->   Operation 10 'read' 'data_25_val_read' <Predicate = true> <Delay = 0.00>
ST_1 : Operation 11 [1/1] (0.00ns)   --->   "%data_24_val_read = read i10 @_ssdm_op_Read.ap_auto.i10, i10 %data_24_val" [firmware/nnet_utils/nnet_mult.h:70->firmware/nnet_utils/nnet_dense_latency.h:42]   --->   Operation 11 'read' 'data_24_val_read' <Predicate = true> <Delay = 0.00>
ST_1 : Operation 12 [1/1] (0.00ns)   --->   "%data_23_val_read = read i10 @_ssdm_op_Read.ap_auto.i10, i10 %data_23_val" [firmware/nnet_utils/nnet_mult.h:70->firmware/nnet_utils/nnet_dense_latency.h:42]   --->   Operation 12 'read' 'data_23_val_read' <Predicate = true> <Delay = 0.00>
ST_1 : Operation 13 [1/1] (0.00ns)   --->   "%data_22_val_read = read i10 @_ssdm_op_Read.ap_auto.i10, i10 %data_22_val" [firmware/nnet_utils/nnet_mult.h:70->firmware/nnet_utils/nnet_dense_latency.h:42]   --->   Operation 13 'read' 'data_22_val_read' <Predicate = true> <Delay = 0.00>
ST_1 : Operation 14 [1/1] (0.00ns)   --->   "%data_21_val_read = read i10 @_ssdm_op_Read.ap_auto.i10, i10 %data_21_val" [firmware/nnet_utils/nnet_mult.h:70->firmware/nnet_utils/nnet_dense_latency.h:42]   --->   Operation 14 'read' 'data_21_val_read' <Predicate = true> <Delay = 0.00>
ST_1 : Operation 15 [1/1] (0.00ns)   --->   "%data_20_val_read = read i10 @_ssdm_op_Read.ap_auto.i10, i10 %data_20_val" [firmware/nnet_utils/nnet_mult.h:70->firmware/nnet_utils/nnet_dense_latency.h:42]   --->   Operation 15 'read' 'data_20_val_read' <Predicate = true> <Delay = 0.00>
ST_1 : Operation 16 [1/1] (0.00ns)   --->   "%data_19_val_read = read i10 @_ssdm_op_Read.ap_auto.i10, i10 %data_19_val" [firmware/nnet_utils/nnet_mult.h:70->firmware/nnet_utils/nnet_dense_latency.h:42]   --->   Operation 16 'read' 'data_19_val_read' <Predicate = true> <Delay = 0.00>
ST_1 : Operation 17 [1/1] (0.00ns)   --->   "%data_18_val_read = read i10 @_ssdm_op_Read.ap_auto.i10, i10 %data_18_val" [firmware/nnet_utils/nnet_mult.h:70->firmware/nnet_utils/nnet_dense_latency.h:42]   --->   Operation 17 'read' 'data_18_val_read' <Predicate = true> <Delay = 0.00>
ST_1 : Operation 18 [1/1] (0.00ns)   --->   "%data_17_val_read = read i10 @_ssdm_op_Read.ap_auto.i10, i10 %data_17_val" [firmware/nnet_utils/nnet_mult.h:70->firmware/nnet_utils/nnet_dense_latency.h:42]   --->   Operation 18 'read' 'data_17_val_read' <Predicate = true> <Delay = 0.00>
ST_1 : Operation 19 [1/1] (0.00ns)   --->   "%data_16_val_read = read i10 @_ssdm_op_Read.ap_auto.i10, i10 %data_16_val" [firmware/nnet_utils/nnet_mult.h:70->firmware/nnet_utils/nnet_dense_latency.h:42]   --->   Operation 19 'read' 'data_16_val_read' <Predicate = true> <Delay = 0.00>
ST_1 : Operation 20 [1/1] (0.00ns)   --->   "%data_15_val_read = read i10 @_ssdm_op_Read.ap_auto.i10, i10 %data_15_val" [firmware/nnet_utils/nnet_mult.h:70->firmware/nnet_utils/nnet_dense_latency.h:42]   --->   Operation 20 'read' 'data_15_val_read' <Predicate = true> <Delay = 0.00>
ST_1 : Operation 21 [1/1] (0.00ns)   --->   "%data_14_val_read = read i10 @_ssdm_op_Read.ap_auto.i10, i10 %data_14_val" [firmware/nnet_utils/nnet_mult.h:70->firmware/nnet_utils/nnet_dense_latency.h:42]   --->   Operation 21 'read' 'data_14_val_read' <Predicate = true> <Delay = 0.00>
ST_1 : Operation 22 [1/1] (0.00ns)   --->   "%data_13_val_read = read i10 @_ssdm_op_Read.ap_auto.i10, i10 %data_13_val" [firmware/nnet_utils/nnet_mult.h:70->firmware/nnet_utils/nnet_dense_latency.h:42]   --->   Operation 22 'read' 'data_13_val_read' <Predicate = true> <Delay = 0.00>
ST_1 : Operation 23 [1/1] (0.00ns)   --->   "%data_12_val_read = read i10 @_ssdm_op_Read.ap_auto.i10, i10 %data_12_val" [firmware/nnet_utils/nnet_mult.h:70->firmware/nnet_utils/nnet_dense_latency.h:42]   --->   Operation 23 'read' 'data_12_val_read' <Predicate = true> <Delay = 0.00>
ST_1 : Operation 24 [1/1] (0.00ns)   --->   "%data_11_val_read = read i10 @_ssdm_op_Read.ap_auto.i10, i10 %data_11_val" [firmware/nnet_utils/nnet_mult.h:70->firmware/nnet_utils/nnet_dense_latency.h:42]   --->   Operation 24 'read' 'data_11_val_read' <Predicate = true> <Delay = 0.00>
ST_1 : Operation 25 [1/1] (0.00ns)   --->   "%data_10_val_read = read i10 @_ssdm_op_Read.ap_auto.i10, i10 %data_10_val" [firmware/nnet_utils/nnet_mult.h:70->firmware/nnet_utils/nnet_dense_latency.h:42]   --->   Operation 25 'read' 'data_10_val_read' <Predicate = true> <Delay = 0.00>
ST_1 : Operation 26 [1/1] (0.00ns)   --->   "%data_9_val_read = read i10 @_ssdm_op_Read.ap_auto.i10, i10 %data_9_val" [firmware/nnet_utils/nnet_mult.h:70->firmware/nnet_utils/nnet_dense_latency.h:42]   --->   Operation 26 'read' 'data_9_val_read' <Predicate = true> <Delay = 0.00>
ST_1 : Operation 27 [1/1] (0.00ns)   --->   "%data_8_val_read = read i10 @_ssdm_op_Read.ap_auto.i10, i10 %data_8_val" [firmware/nnet_utils/nnet_mult.h:70->firmware/nnet_utils/nnet_dense_latency.h:42]   --->   Operation 27 'read' 'data_8_val_read' <Predicate = true> <Delay = 0.00>
ST_1 : Operation 28 [1/1] (0.00ns)   --->   "%data_7_val_read = read i10 @_ssdm_op_Read.ap_auto.i10, i10 %data_7_val" [firmware/nnet_utils/nnet_mult.h:70->firmware/nnet_utils/nnet_dense_latency.h:42]   --->   Operation 28 'read' 'data_7_val_read' <Predicate = true> <Delay = 0.00>
ST_1 : Operation 29 [1/1] (0.00ns)   --->   "%data_6_val_read = read i10 @_ssdm_op_Read.ap_auto.i10, i10 %data_6_val" [firmware/nnet_utils/nnet_mult.h:70->firmware/nnet_utils/nnet_dense_latency.h:42]   --->   Operation 29 'read' 'data_6_val_read' <Predicate = true> <Delay = 0.00>
ST_1 : Operation 30 [1/1] (0.00ns)   --->   "%data_5_val_read = read i10 @_ssdm_op_Read.ap_auto.i10, i10 %data_5_val" [firmware/nnet_utils/nnet_mult.h:70->firmware/nnet_utils/nnet_dense_latency.h:42]   --->   Operation 30 'read' 'data_5_val_read' <Predicate = true> <Delay = 0.00>
ST_1 : Operation 31 [1/1] (0.00ns)   --->   "%data_4_val_read = read i10 @_ssdm_op_Read.ap_auto.i10, i10 %data_4_val" [firmware/nnet_utils/nnet_mult.h:70->firmware/nnet_utils/nnet_dense_latency.h:42]   --->   Operation 31 'read' 'data_4_val_read' <Predicate = true> <Delay = 0.00>
ST_1 : Operation 32 [1/1] (0.00ns)   --->   "%data_3_val_read = read i10 @_ssdm_op_Read.ap_auto.i10, i10 %data_3_val" [firmware/nnet_utils/nnet_mult.h:70->firmware/nnet_utils/nnet_dense_latency.h:42]   --->   Operation 32 'read' 'data_3_val_read' <Predicate = true> <Delay = 0.00>
ST_1 : Operation 33 [1/1] (0.00ns)   --->   "%data_2_val_read = read i10 @_ssdm_op_Read.ap_auto.i10, i10 %data_2_val" [firmware/nnet_utils/nnet_mult.h:70->firmware/nnet_utils/nnet_dense_latency.h:42]   --->   Operation 33 'read' 'data_2_val_read' <Predicate = true> <Delay = 0.00>
ST_1 : Operation 34 [1/1] (0.00ns)   --->   "%data_1_val_read = read i10 @_ssdm_op_Read.ap_auto.i10, i10 %data_1_val" [firmware/nnet_utils/nnet_mult.h:70->firmware/nnet_utils/nnet_dense_latency.h:42]   --->   Operation 34 'read' 'data_1_val_read' <Predicate = true> <Delay = 0.00>
ST_1 : Operation 35 [1/1] (0.00ns)   --->   "%data_0_val_read = read i10 @_ssdm_op_Read.ap_auto.i10, i10 %data_0_val" [firmware/nnet_utils/nnet_mult.h:70->firmware/nnet_utils/nnet_dense_latency.h:42]   --->   Operation 35 'read' 'data_0_val_read' <Predicate = true> <Delay = 0.00>
ST_1 : Operation 36 [1/1] (0.00ns)   --->   "%sext_ln73 = sext i10 %data_0_val_read" [firmware/nnet_utils/nnet_mult.h:73->firmware/nnet_utils/nnet_dense_latency.h:42]   --->   Operation 36 'sext' 'sext_ln73' <Predicate = true> <Delay = 0.00>
ST_1 : Operation 37 [1/1] (0.00ns)   --->   "%sext_ln17 = sext i10 %data_0_val_read" [firmware/nnet_utils/nnet_dense_latency.h:17]   --->   Operation 37 'sext' 'sext_ln17' <Predicate = true> <Delay = 0.00>
ST_1 : Operation 38 [1/1] (0.00ns)   --->   "%sext_ln17_692 = sext i10 %data_0_val_read" [firmware/nnet_utils/nnet_dense_latency.h:17]   --->   Operation 38 'sext' 'sext_ln17_692' <Predicate = true> <Delay = 0.00>
ST_1 : Operation 39 [1/1] (0.00ns)   --->   "%sext_ln17_693 = sext i10 %data_0_val_read" [firmware/nnet_utils/nnet_dense_latency.h:17]   --->   Operation 39 'sext' 'sext_ln17_693' <Predicate = true> <Delay = 0.00>
ST_1 : Operation 40 [1/1] (0.00ns)   --->   "%tmp_666 = bitconcatenate i12 @_ssdm_op_BitConcatenate.i12.i10.i2, i10 %data_0_val_read, i2 0" [firmware/nnet_utils/nnet_dense_latency.h:17]   --->   Operation 40 'bitconcatenate' 'tmp_666' <Predicate = true> <Delay = 0.00>
ST_1 : Operation 41 [1/1] (0.00ns)   --->   "%sext_ln17_711 = sext i12 %tmp_666" [firmware/nnet_utils/nnet_dense_latency.h:17]   --->   Operation 41 'sext' 'sext_ln17_711' <Predicate = true> <Delay = 0.00>
ST_1 : Operation 42 [1/1] (1.54ns)   --->   "%sub_ln17 = sub i13 0, i13 %sext_ln17_711" [firmware/nnet_utils/nnet_dense_latency.h:17]   --->   Operation 42 'sub' 'sub_ln17' <Predicate = true> <Delay = 1.54> <CoreInst = "Adder">   --->   Core 1 'Adder' <Latency = 0> <II = 1> <Delay = 1.54> <FuncUnit> <Opcode : 'add' 'sub'> <InPorts = 2> <OutPorts = 1>
ST_1 : Operation 43 [1/1] (0.00ns) (grouped into TernaryAdder)   --->   "%sub_ln17_2 = sub i13 %sub_ln17, i13 %sext_ln17_693" [firmware/nnet_utils/nnet_dense_latency.h:17]   --->   Operation 43 'sub' 'sub_ln17_2' <Predicate = true> <Delay = 0.00> <CoreInst = "TAddSub">   --->   Core 10 'TAddSub' <Latency = 0> <II = 1> <Delay = 1.99> <IPBlock> <Opcode : '' 'add' 'sub'> <InPorts = 3> <OutPorts = 1> <Sync> <CReg>
ST_1 : Operation 44 [1/1] (0.00ns)   --->   "%sext_ln73_1 = sext i10 %data_0_val_read" [firmware/nnet_utils/nnet_mult.h:73->firmware/nnet_utils/nnet_dense_latency.h:42]   --->   Operation 44 'sext' 'sext_ln73_1' <Predicate = true> <Delay = 0.00>
ST_1 : Operation 45 [1/1] (4.52ns)   --->   "%mul_ln17 = mul i15 %sext_ln73_1, i15 19" [firmware/nnet_utils/nnet_dense_latency.h:17]   --->   Operation 45 'mul' 'mul_ln17' <Predicate = true> <Delay = 4.52> <CoreInst = "Multiplier">   --->   Core 3 'Multiplier' <Latency = 0> <II = 1> <Delay = 4.52> <FuncUnit> <Opcode : 'mul'> <InPorts = 2> <OutPorts = 1>
ST_1 : Operation 46 [1/1] (0.00ns)   --->   "%tmp_667 = bitconcatenate i14 @_ssdm_op_BitConcatenate.i14.i10.i4, i10 %data_0_val_read, i4 0" [firmware/nnet_utils/nnet_dense_latency.h:17]   --->   Operation 46 'bitconcatenate' 'tmp_667' <Predicate = true> <Delay = 0.00>
ST_1 : Operation 47 [1/1] (0.00ns)   --->   "%sext_ln17_715 = sext i14 %tmp_667" [firmware/nnet_utils/nnet_dense_latency.h:17]   --->   Operation 47 'sext' 'sext_ln17_715' <Predicate = true> <Delay = 0.00>
ST_1 : Operation 48 [1/1] (1.81ns)   --->   "%sub_ln17_3 = sub i15 0, i15 %sext_ln17_715" [firmware/nnet_utils/nnet_dense_latency.h:17]   --->   Operation 48 'sub' 'sub_ln17_3' <Predicate = true> <Delay = 1.81> <CoreInst = "Adder">   --->   Core 1 'Adder' <Latency = 0> <II = 1> <Delay = 1.81> <FuncUnit> <Opcode : 'add' 'sub'> <InPorts = 2> <OutPorts = 1>
ST_1 : Operation 49 [1/1] (0.00ns)   --->   "%tmp_668 = bitconcatenate i11 @_ssdm_op_BitConcatenate.i11.i10.i1, i10 %data_0_val_read, i1 0" [firmware/nnet_utils/nnet_dense_latency.h:17]   --->   Operation 49 'bitconcatenate' 'tmp_668' <Predicate = true> <Delay = 0.00>
ST_1 : Operation 50 [1/1] (0.00ns)   --->   "%sext_ln17_722 = sext i11 %tmp_668" [firmware/nnet_utils/nnet_dense_latency.h:17]   --->   Operation 50 'sext' 'sext_ln17_722' <Predicate = true> <Delay = 0.00>
ST_1 : Operation 51 [1/1] (0.00ns) (grouped into TernaryAdder)   --->   "%sub_ln17_4 = sub i15 %sub_ln17_3, i15 %sext_ln17_722" [firmware/nnet_utils/nnet_dense_latency.h:17]   --->   Operation 51 'sub' 'sub_ln17_4' <Predicate = true> <Delay = 0.00> <CoreInst = "TAddSub">   --->   Core 10 'TAddSub' <Latency = 0> <II = 1> <Delay = 1.99> <IPBlock> <Opcode : '' 'add' 'sub'> <InPorts = 3> <OutPorts = 1> <Sync> <CReg>
ST_1 : Operation 52 [1/1] (1.81ns)   --->   "%add_ln17 = add i15 %sext_ln17_715, i15 %sext_ln17_722" [firmware/nnet_utils/nnet_dense_latency.h:17]   --->   Operation 52 'add' 'add_ln17' <Predicate = true> <Delay = 1.81> <CoreInst = "Adder">   --->   Core 1 'Adder' <Latency = 0> <II = 1> <Delay = 1.81> <FuncUnit> <Opcode : 'add' 'sub'> <InPorts = 2> <OutPorts = 1>
ST_1 : Operation 53 [1/1] (0.00ns)   --->   "%sext_ln73_2 = sext i10 %data_0_val_read" [firmware/nnet_utils/nnet_mult.h:73->firmware/nnet_utils/nnet_dense_latency.h:42]   --->   Operation 53 'sext' 'sext_ln73_2' <Predicate = true> <Delay = 0.00>
ST_1 : Operation 54 [1/1] (0.00ns)   --->   "%sext_ln17_723 = sext i12 %tmp_666" [firmware/nnet_utils/nnet_dense_latency.h:17]   --->   Operation 54 'sext' 'sext_ln17_723' <Predicate = true> <Delay = 0.00>
ST_1 : Operation 55 [1/1] (0.00ns) (grouped into TernaryAdder)   --->   "%sub_ln17_5 = sub i14 %tmp_667, i14 %sext_ln17_723" [firmware/nnet_utils/nnet_dense_latency.h:17]   --->   Operation 55 'sub' 'sub_ln17_5' <Predicate = true> <Delay = 0.00> <CoreInst = "TAddSub">   --->   Core 10 'TAddSub' <Latency = 0> <II = 1> <Delay = 1.99> <IPBlock> <Opcode : '' 'add' 'sub'> <InPorts = 3> <OutPorts = 1> <Sync> <CReg>
ST_1 : Operation 56 [1/1] (0.00ns)   --->   "%tmp_669 = bitconcatenate i13 @_ssdm_op_BitConcatenate.i13.i10.i3, i10 %data_0_val_read, i3 0" [firmware/nnet_utils/nnet_dense_latency.h:17]   --->   Operation 56 'bitconcatenate' 'tmp_669' <Predicate = true> <Delay = 0.00>
ST_1 : Operation 57 [1/1] (0.00ns)   --->   "%sext_ln17_735 = sext i13 %tmp_669" [firmware/nnet_utils/nnet_dense_latency.h:17]   --->   Operation 57 'sext' 'sext_ln17_735' <Predicate = true> <Delay = 0.00>
ST_1 : Operation 58 [1/1] (1.67ns)   --->   "%sub_ln17_6 = sub i14 0, i14 %sext_ln17_735" [firmware/nnet_utils/nnet_dense_latency.h:17]   --->   Operation 58 'sub' 'sub_ln17_6' <Predicate = true> <Delay = 1.67> <CoreInst = "Adder">   --->   Core 1 'Adder' <Latency = 0> <II = 1> <Delay = 1.67> <FuncUnit> <Opcode : 'add' 'sub'> <InPorts = 2> <OutPorts = 1>
ST_1 : Operation 59 [1/1] (0.00ns) (grouped into TernaryAdder)   --->   "%sub_ln17_7 = sub i14 %sub_ln17_6, i14 %sext_ln73_2" [firmware/nnet_utils/nnet_dense_latency.h:17]   --->   Operation 59 'sub' 'sub_ln17_7' <Predicate = true> <Delay = 0.00> <CoreInst = "TAddSub">   --->   Core 10 'TAddSub' <Latency = 0> <II = 1> <Delay = 1.99> <IPBlock> <Opcode : '' 'add' 'sub'> <InPorts = 3> <OutPorts = 1> <Sync> <CReg>
ST_1 : Operation 60 [1/1] (0.00ns) (grouped into TernaryAdder)   --->   "%sub_ln17_8 = sub i12 %tmp_666, i12 %sext_ln17_692" [firmware/nnet_utils/nnet_dense_latency.h:17]   --->   Operation 60 'sub' 'sub_ln17_8' <Predicate = true> <Delay = 0.00> <CoreInst = "TAddSub">   --->   Core 10 'TAddSub' <Latency = 0> <II = 1> <Delay = 1.99> <IPBlock> <Opcode : '' 'add' 'sub'> <InPorts = 3> <OutPorts = 1> <Sync> <CReg>
ST_1 : Operation 61 [1/1] (0.00ns)   --->   "%p_shl42 = bitconcatenate i15 @_ssdm_op_BitConcatenate.i15.i10.i5, i10 %data_0_val_read, i5 0" [firmware/nnet_utils/nnet_dense_latency.h:17]   --->   Operation 61 'bitconcatenate' 'p_shl42' <Predicate = true> <Delay = 0.00>
ST_1 : Operation 62 [1/1] (0.00ns) (grouped into TernaryAdder)   --->   "%sub_ln17_9 = sub i15 %p_shl42, i15 %sext_ln17_722" [firmware/nnet_utils/nnet_dense_latency.h:17]   --->   Operation 62 'sub' 'sub_ln17_9' <Predicate = true> <Delay = 0.00> <CoreInst = "TAddSub">   --->   Core 10 'TAddSub' <Latency = 0> <II = 1> <Delay = 1.99> <IPBlock> <Opcode : '' 'add' 'sub'> <InPorts = 3> <OutPorts = 1> <Sync> <CReg>
ST_1 : Operation 63 [1/1] (0.00ns)   --->   "%sext_ln17_751 = sext i15 %p_shl42" [firmware/nnet_utils/nnet_dense_latency.h:17]   --->   Operation 63 'sext' 'sext_ln17_751' <Predicate = true> <Delay = 0.00>
ST_1 : Operation 64 [1/1] (0.00ns) (grouped into TernaryAdder)   --->   "%sub_ln17_10 = sub i16 0, i16 %sext_ln17_751" [firmware/nnet_utils/nnet_dense_latency.h:17]   --->   Operation 64 'sub' 'sub_ln17_10' <Predicate = true> <Delay = 0.00> <CoreInst = "TAddSub">   --->   Core 10 'TAddSub' <Latency = 0> <II = 1> <Delay = 1.99> <IPBlock> <Opcode : '' 'add' 'sub'> <InPorts = 3> <OutPorts = 1> <Sync> <CReg>
ST_1 : Operation 65 [1/1] (3.90ns) (root node of TernaryAdder)   --->   "%sub_ln17_11 = sub i16 %sub_ln17_10, i16 %sext_ln17" [firmware/nnet_utils/nnet_dense_latency.h:17]   --->   Operation 65 'sub' 'sub_ln17_11' <Predicate = true> <Delay = 3.90> <CoreInst = "TAddSub">   --->   Core 10 'TAddSub' <Latency = 0> <II = 1> <Delay = 1.99> <IPBlock> <Opcode : '' 'add' 'sub'> <InPorts = 3> <OutPorts = 1> <Sync> <CReg>
ST_1 : Operation 66 [1/1] (0.00ns)   --->   "%sext_ln73_3 = sext i13 %tmp_669" [firmware/nnet_utils/nnet_mult.h:73->firmware/nnet_utils/nnet_dense_latency.h:42]   --->   Operation 66 'sext' 'sext_ln73_3' <Predicate = true> <Delay = 0.00>
ST_1 : Operation 67 [1/1] (1.94ns)   --->   "%mult = sub i16 %sext_ln17_751, i16 %sext_ln73_3" [firmware/nnet_utils/nnet_mult.h:73->firmware/nnet_utils/nnet_dense_latency.h:42]   --->   Operation 67 'sub' 'mult' <Predicate = true> <Delay = 1.94> <CoreInst = "Adder">   --->   Core 1 'Adder' <Latency = 0> <II = 1> <Delay = 1.94> <FuncUnit> <Opcode : 'add' 'sub'> <InPorts = 2> <OutPorts = 1>
ST_1 : Operation 68 [1/1] (4.52ns)   --->   "%mul_ln17_1 = mul i15 %sext_ln73_1, i15 32743" [firmware/nnet_utils/nnet_dense_latency.h:17]   --->   Operation 68 'mul' 'mul_ln17_1' <Predicate = true> <Delay = 4.52> <CoreInst = "Multiplier">   --->   Core 3 'Multiplier' <Latency = 0> <II = 1> <Delay = 4.52> <FuncUnit> <Opcode : 'mul'> <InPorts = 2> <OutPorts = 1>
ST_1 : Operation 69 [1/1] (4.52ns)   --->   "%mul_ln17_2 = mul i15 %sext_ln73_1, i15 23" [firmware/nnet_utils/nnet_dense_latency.h:17]   --->   Operation 69 'mul' 'mul_ln17_2' <Predicate = true> <Delay = 4.52> <CoreInst = "Multiplier">   --->   Core 3 'Multiplier' <Latency = 0> <II = 1> <Delay = 4.52> <FuncUnit> <Opcode : 'mul'> <InPorts = 2> <OutPorts = 1>
ST_1 : Operation 70 [1/1] (4.52ns)   --->   "%mul_ln17_3 = mul i15 %sext_ln73_1, i15 32746" [firmware/nnet_utils/nnet_dense_latency.h:17]   --->   Operation 70 'mul' 'mul_ln17_3' <Predicate = true> <Delay = 4.52> <CoreInst = "Multiplier">   --->   Core 3 'Multiplier' <Latency = 0> <II = 1> <Delay = 4.52> <FuncUnit> <Opcode : 'mul'> <InPorts = 2> <OutPorts = 1>
ST_1 : Operation 71 [1/1] (0.00ns)   --->   "%sext_ln73_4 = sext i10 %data_1_val_read" [firmware/nnet_utils/nnet_mult.h:73->firmware/nnet_utils/nnet_dense_latency.h:42]   --->   Operation 71 'sext' 'sext_ln73_4' <Predicate = true> <Delay = 0.00>
ST_1 : Operation 72 [1/1] (0.00ns)   --->   "%sext_ln73_5 = sext i10 %data_1_val_read" [firmware/nnet_utils/nnet_mult.h:73->firmware/nnet_utils/nnet_dense_latency.h:42]   --->   Operation 72 'sext' 'sext_ln73_5' <Predicate = true> <Delay = 0.00>
ST_1 : Operation 73 [1/1] (0.00ns)   --->   "%sext_ln73_6 = sext i10 %data_1_val_read" [firmware/nnet_utils/nnet_mult.h:73->firmware/nnet_utils/nnet_dense_latency.h:42]   --->   Operation 73 'sext' 'sext_ln73_6' <Predicate = true> <Delay = 0.00>
ST_1 : Operation 74 [1/1] (0.00ns)   --->   "%sext_ln73_7 = sext i10 %data_1_val_read" [firmware/nnet_utils/nnet_mult.h:73->firmware/nnet_utils/nnet_dense_latency.h:42]   --->   Operation 74 'sext' 'sext_ln73_7' <Predicate = true> <Delay = 0.00>
ST_1 : Operation 75 [1/1] (0.00ns)   --->   "%tmp_670 = bitconcatenate i14 @_ssdm_op_BitConcatenate.i14.i10.i4, i10 %data_1_val_read, i4 0" [firmware/nnet_utils/nnet_mult.h:73->firmware/nnet_utils/nnet_dense_latency.h:42]   --->   Operation 75 'bitconcatenate' 'tmp_670' <Predicate = true> <Delay = 0.00>
ST_1 : Operation 76 [1/1] (0.00ns)   --->   "%sext_ln73_9 = sext i14 %tmp_670" [firmware/nnet_utils/nnet_mult.h:73->firmware/nnet_utils/nnet_dense_latency.h:42]   --->   Operation 76 'sext' 'sext_ln73_9' <Predicate = true> <Delay = 0.00>
ST_1 : Operation 77 [1/1] (0.00ns) (grouped into TernaryAdder)   --->   "%mult_794 = sub i15 %sext_ln73_9, i15 %sext_ln73_6" [firmware/nnet_utils/nnet_mult.h:73->firmware/nnet_utils/nnet_dense_latency.h:42]   --->   Operation 77 'sub' 'mult_794' <Predicate = true> <Delay = 0.00> <CoreInst = "TAddSub">   --->   Core 10 'TAddSub' <Latency = 0> <II = 1> <Delay = 1.99> <IPBlock> <Opcode : '' 'add' 'sub'> <InPorts = 3> <OutPorts = 1> <Sync> <CReg>
ST_1 : Operation 78 [1/1] (0.00ns)   --->   "%tmp_671 = bitconcatenate i13 @_ssdm_op_BitConcatenate.i13.i10.i3, i10 %data_1_val_read, i3 0" [firmware/nnet_utils/nnet_dense_latency.h:17]   --->   Operation 78 'bitconcatenate' 'tmp_671' <Predicate = true> <Delay = 0.00>
ST_1 : Operation 79 [1/1] (0.00ns)   --->   "%sext_ln17_753 = sext i13 %tmp_671" [firmware/nnet_utils/nnet_dense_latency.h:17]   --->   Operation 79 'sext' 'sext_ln17_753' <Predicate = true> <Delay = 0.00>
ST_1 : Operation 80 [1/1] (0.00ns) (grouped into TernaryAdder)   --->   "%sub_ln17_12 = sub i14 0, i14 %sext_ln17_753" [firmware/nnet_utils/nnet_dense_latency.h:17]   --->   Operation 80 'sub' 'sub_ln17_12' <Predicate = true> <Delay = 0.00> <CoreInst = "TAddSub">   --->   Core 10 'TAddSub' <Latency = 0> <II = 1> <Delay = 1.99> <IPBlock> <Opcode : '' 'add' 'sub'> <InPorts = 3> <OutPorts = 1> <Sync> <CReg>
ST_1 : Operation 81 [1/1] (3.84ns) (root node of TernaryAdder)   --->   "%sub_ln17_13 = sub i14 %sub_ln17_12, i14 %sext_ln73_4" [firmware/nnet_utils/nnet_dense_latency.h:17]   --->   Operation 81 'sub' 'sub_ln17_13' <Predicate = true> <Delay = 3.84> <CoreInst = "TAddSub">   --->   Core 10 'TAddSub' <Latency = 0> <II = 1> <Delay = 1.99> <IPBlock> <Opcode : '' 'add' 'sub'> <InPorts = 3> <OutPorts = 1> <Sync> <CReg>
ST_1 : Operation 82 [1/1] (0.00ns)   --->   "%sext_ln73_13 = sext i14 %tmp_670" [firmware/nnet_utils/nnet_mult.h:73->firmware/nnet_utils/nnet_dense_latency.h:42]   --->   Operation 82 'sext' 'sext_ln73_13' <Predicate = true> <Delay = 0.00>
ST_1 : Operation 83 [1/1] (1.81ns)   --->   "%mult_795 = add i16 %sext_ln73_13, i16 %sext_ln73_5" [firmware/nnet_utils/nnet_mult.h:73->firmware/nnet_utils/nnet_dense_latency.h:42]   --->   Operation 83 'add' 'mult_795' <Predicate = true> <Delay = 1.81> <CoreInst = "Adder">   --->   Core 1 'Adder' <Latency = 0> <II = 1> <Delay = 1.81> <FuncUnit> <Opcode : 'add' 'sub'> <InPorts = 2> <OutPorts = 1>
ST_1 : Operation 84 [1/1] (0.00ns)   --->   "%tmp_672 = bitconcatenate i11 @_ssdm_op_BitConcatenate.i11.i10.i1, i10 %data_1_val_read, i1 0" [firmware/nnet_utils/nnet_dense_latency.h:17]   --->   Operation 84 'bitconcatenate' 'tmp_672' <Predicate = true> <Delay = 0.00>
ST_1 : Operation 85 [1/1] (0.00ns)   --->   "%sext_ln17_758 = sext i11 %tmp_672" [firmware/nnet_utils/nnet_dense_latency.h:17]   --->   Operation 85 'sext' 'sext_ln17_758' <Predicate = true> <Delay = 0.00>
ST_1 : Operation 86 [1/1] (0.00ns) (grouped into TernaryAdder)   --->   "%add_ln17_1 = add i14 %sext_ln17_753, i14 %sext_ln17_758" [firmware/nnet_utils/nnet_dense_latency.h:17]   --->   Operation 86 'add' 'add_ln17_1' <Predicate = true> <Delay = 0.00> <CoreInst = "TAddSub">   --->   Core 10 'TAddSub' <Latency = 0> <II = 1> <Delay = 1.99> <IPBlock> <Opcode : '' 'add' 'sub'> <InPorts = 3> <OutPorts = 1> <Sync> <CReg>
ST_1 : Operation 87 [1/1] (1.67ns)   --->   "%mult_796 = sub i14 %sext_ln17_753, i14 %sext_ln17_758" [firmware/nnet_utils/nnet_mult.h:73->firmware/nnet_utils/nnet_dense_latency.h:42]   --->   Operation 87 'sub' 'mult_796' <Predicate = true> <Delay = 1.67> <CoreInst = "Adder">   --->   Core 1 'Adder' <Latency = 0> <II = 1> <Delay = 1.67> <FuncUnit> <Opcode : 'add' 'sub'> <InPorts = 2> <OutPorts = 1>
ST_1 : Operation 88 [1/1] (0.00ns)   --->   "%sext_ln17_694 = sext i14 %mult_796" [firmware/nnet_utils/nnet_dense_latency.h:17]   --->   Operation 88 'sext' 'sext_ln17_694' <Predicate = true> <Delay = 0.00>
ST_1 : Operation 89 [1/1] (4.52ns)   --->   "%mult_797 = mul i16 %sext_ln73_5, i16 23" [firmware/nnet_utils/nnet_mult.h:73->firmware/nnet_utils/nnet_dense_latency.h:42]   --->   Operation 89 'mul' 'mult_797' <Predicate = true> <Delay = 4.52> <CoreInst = "Multiplier">   --->   Core 3 'Multiplier' <Latency = 0> <II = 1> <Delay = 4.52> <FuncUnit> <Opcode : 'mul'> <InPorts = 2> <OutPorts = 1>
ST_1 : Operation 90 [1/1] (1.67ns)   --->   "%mult_798 = sub i14 %sext_ln17_753, i14 %sext_ln73_4" [firmware/nnet_utils/nnet_mult.h:73->firmware/nnet_utils/nnet_dense_latency.h:42]   --->   Operation 90 'sub' 'mult_798' <Predicate = true> <Delay = 1.67> <CoreInst = "Adder">   --->   Core 1 'Adder' <Latency = 0> <II = 1> <Delay = 1.67> <FuncUnit> <Opcode : 'add' 'sub'> <InPorts = 2> <OutPorts = 1>
ST_1 : Operation 91 [1/1] (0.00ns)   --->   "%trunc_ln17 = trunc i14 %mult_798" [firmware/nnet_utils/nnet_dense_latency.h:17]   --->   Operation 91 'trunc' 'trunc_ln17' <Predicate = true> <Delay = 0.00>
ST_1 : Operation 92 [1/1] (0.00ns)   --->   "%sext_ln17_695 = sext i14 %mult_798" [firmware/nnet_utils/nnet_dense_latency.h:17]   --->   Operation 92 'sext' 'sext_ln17_695' <Predicate = true> <Delay = 0.00>
ST_1 : Operation 93 [1/1] (0.00ns)   --->   "%tmp_673 = bitconcatenate i12 @_ssdm_op_BitConcatenate.i12.i10.i2, i10 %data_1_val_read, i2 0" [firmware/nnet_utils/nnet_mult.h:73->firmware/nnet_utils/nnet_dense_latency.h:42]   --->   Operation 93 'bitconcatenate' 'tmp_673' <Predicate = true> <Delay = 0.00>
ST_1 : Operation 94 [1/1] (0.00ns)   --->   "%sext_ln73_18 = sext i12 %tmp_673" [firmware/nnet_utils/nnet_mult.h:73->firmware/nnet_utils/nnet_dense_latency.h:42]   --->   Operation 94 'sext' 'sext_ln73_18' <Predicate = true> <Delay = 0.00>
ST_1 : Operation 95 [1/1] (0.00ns) (grouped into TernaryAdder)   --->   "%sub_ln73_917 = sub i14 0, i14 %sext_ln73_18" [firmware/nnet_utils/nnet_mult.h:73->firmware/nnet_utils/nnet_dense_latency.h:42]   --->   Operation 95 'sub' 'sub_ln73_917' <Predicate = true> <Delay = 0.00> <CoreInst = "TAddSub">   --->   Core 10 'TAddSub' <Latency = 0> <II = 1> <Delay = 1.99> <IPBlock> <Opcode : '' 'add' 'sub'> <InPorts = 3> <OutPorts = 1> <Sync> <CReg>
ST_1 : Operation 96 [1/1] (3.84ns) (root node of TernaryAdder)   --->   "%mult_799 = sub i14 %sub_ln73_917, i14 %sext_ln73_4" [firmware/nnet_utils/nnet_mult.h:73->firmware/nnet_utils/nnet_dense_latency.h:42]   --->   Operation 96 'sub' 'mult_799' <Predicate = true> <Delay = 3.84> <CoreInst = "TAddSub">   --->   Core 10 'TAddSub' <Latency = 0> <II = 1> <Delay = 1.99> <IPBlock> <Opcode : '' 'add' 'sub'> <InPorts = 3> <OutPorts = 1> <Sync> <CReg>
ST_1 : Operation 97 [1/1] (0.00ns)   --->   "%sext_ln17_696 = sext i14 %mult_799" [firmware/nnet_utils/nnet_dense_latency.h:17]   --->   Operation 97 'sext' 'sext_ln17_696' <Predicate = true> <Delay = 0.00>
ST_1 : Operation 98 [1/1] (4.52ns)   --->   "%mult_800 = mul i15 %sext_ln73_6, i15 32755" [firmware/nnet_utils/nnet_mult.h:73->firmware/nnet_utils/nnet_dense_latency.h:42]   --->   Operation 98 'mul' 'mult_800' <Predicate = true> <Delay = 4.52> <CoreInst = "Multiplier">   --->   Core 3 'Multiplier' <Latency = 0> <II = 1> <Delay = 4.52> <FuncUnit> <Opcode : 'mul'> <InPorts = 2> <OutPorts = 1>
ST_1 : Operation 99 [1/1] (0.00ns)   --->   "%sext_ln73_8 = sext i10 %data_2_val_read" [firmware/nnet_utils/nnet_mult.h:73->firmware/nnet_utils/nnet_dense_latency.h:42]   --->   Operation 99 'sext' 'sext_ln73_8' <Predicate = true> <Delay = 0.00>
ST_1 : Operation 100 [1/1] (0.00ns)   --->   "%sext_ln73_10 = sext i10 %data_2_val_read" [firmware/nnet_utils/nnet_mult.h:73->firmware/nnet_utils/nnet_dense_latency.h:42]   --->   Operation 100 'sext' 'sext_ln73_10' <Predicate = true> <Delay = 0.00>
ST_1 : Operation 101 [1/1] (0.00ns)   --->   "%sext_ln73_11 = sext i10 %data_2_val_read" [firmware/nnet_utils/nnet_mult.h:73->firmware/nnet_utils/nnet_dense_latency.h:42]   --->   Operation 101 'sext' 'sext_ln73_11' <Predicate = true> <Delay = 0.00>
ST_1 : Operation 102 [1/1] (0.00ns)   --->   "%tmp_674 = bitconcatenate i12 @_ssdm_op_BitConcatenate.i12.i10.i2, i10 %data_2_val_read, i2 0" [firmware/nnet_utils/nnet_mult.h:73->firmware/nnet_utils/nnet_dense_latency.h:42]   --->   Operation 102 'bitconcatenate' 'tmp_674' <Predicate = true> <Delay = 0.00>
ST_1 : Operation 103 [1/1] (0.00ns)   --->   "%sext_ln73_21 = sext i12 %tmp_674" [firmware/nnet_utils/nnet_mult.h:73->firmware/nnet_utils/nnet_dense_latency.h:42]   --->   Operation 103 'sext' 'sext_ln73_21' <Predicate = true> <Delay = 0.00>
ST_1 : Operation 104 [1/1] (0.00ns) (grouped into TernaryAdder)   --->   "%sub_ln73_919 = sub i14 0, i14 %sext_ln73_21" [firmware/nnet_utils/nnet_mult.h:73->firmware/nnet_utils/nnet_dense_latency.h:42]   --->   Operation 104 'sub' 'sub_ln73_919' <Predicate = true> <Delay = 0.00> <CoreInst = "TAddSub">   --->   Core 10 'TAddSub' <Latency = 0> <II = 1> <Delay = 1.99> <IPBlock> <Opcode : '' 'add' 'sub'> <InPorts = 3> <OutPorts = 1> <Sync> <CReg>
ST_1 : Operation 105 [1/1] (3.84ns) (root node of TernaryAdder)   --->   "%mult_801 = sub i14 %sub_ln73_919, i14 %sext_ln73_11" [firmware/nnet_utils/nnet_mult.h:73->firmware/nnet_utils/nnet_dense_latency.h:42]   --->   Operation 105 'sub' 'mult_801' <Predicate = true> <Delay = 3.84> <CoreInst = "TAddSub">   --->   Core 10 'TAddSub' <Latency = 0> <II = 1> <Delay = 1.99> <IPBlock> <Opcode : '' 'add' 'sub'> <InPorts = 3> <OutPorts = 1> <Sync> <CReg>
ST_1 : Operation 106 [1/1] (0.00ns)   --->   "%sext_ln17_697 = sext i14 %mult_801" [firmware/nnet_utils/nnet_dense_latency.h:17]   --->   Operation 106 'sext' 'sext_ln17_697' <Predicate = true> <Delay = 0.00>
ST_1 : Operation 107 [1/1] (0.00ns)   --->   "%tmp_675 = bitconcatenate i14 @_ssdm_op_BitConcatenate.i14.i10.i4, i10 %data_2_val_read, i4 0" [firmware/nnet_utils/nnet_mult.h:73->firmware/nnet_utils/nnet_dense_latency.h:42]   --->   Operation 107 'bitconcatenate' 'tmp_675' <Predicate = true> <Delay = 0.00>
ST_1 : Operation 108 [1/1] (0.00ns)   --->   "%sext_ln73_23 = sext i14 %tmp_675" [firmware/nnet_utils/nnet_mult.h:73->firmware/nnet_utils/nnet_dense_latency.h:42]   --->   Operation 108 'sext' 'sext_ln73_23' <Predicate = true> <Delay = 0.00>
ST_1 : Operation 109 [1/1] (0.00ns)   --->   "%sext_ln73_50 = sext i12 %tmp_674" [firmware/nnet_utils/nnet_mult.h:73->firmware/nnet_utils/nnet_dense_latency.h:42]   --->   Operation 109 'sext' 'sext_ln73_50' <Predicate = true> <Delay = 0.00>
ST_1 : Operation 110 [1/1] (1.81ns)   --->   "%mult_802 = sub i15 %sext_ln73_50, i15 %sext_ln73_23" [firmware/nnet_utils/nnet_mult.h:73->firmware/nnet_utils/nnet_dense_latency.h:42]   --->   Operation 110 'sub' 'mult_802' <Predicate = true> <Delay = 1.81> <CoreInst = "Adder">   --->   Core 1 'Adder' <Latency = 0> <II = 1> <Delay = 1.81> <FuncUnit> <Opcode : 'add' 'sub'> <InPorts = 2> <OutPorts = 1>
ST_1 : Operation 111 [1/1] (0.00ns)   --->   "%trunc_ln17_1 = trunc i15 %mult_802" [firmware/nnet_utils/nnet_dense_latency.h:17]   --->   Operation 111 'trunc' 'trunc_ln17_1' <Predicate = true> <Delay = 0.00>
ST_1 : Operation 112 [1/1] (0.00ns)   --->   "%tmp_676 = bitconcatenate i11 @_ssdm_op_BitConcatenate.i11.i10.i1, i10 %data_2_val_read, i1 0" [firmware/nnet_utils/nnet_mult.h:73->firmware/nnet_utils/nnet_dense_latency.h:42]   --->   Operation 112 'bitconcatenate' 'tmp_676' <Predicate = true> <Delay = 0.00>
ST_1 : Operation 113 [1/1] (0.00ns)   --->   "%sext_ln73_54 = sext i11 %tmp_676" [firmware/nnet_utils/nnet_mult.h:73->firmware/nnet_utils/nnet_dense_latency.h:42]   --->   Operation 113 'sext' 'sext_ln73_54' <Predicate = true> <Delay = 0.00>
ST_1 : Operation 114 [1/1] (1.63ns)   --->   "%mult_803 = sub i12 0, i12 %sext_ln73_54" [firmware/nnet_utils/nnet_mult.h:73->firmware/nnet_utils/nnet_dense_latency.h:42]   --->   Operation 114 'sub' 'mult_803' <Predicate = true> <Delay = 1.63> <CoreInst = "Adder">   --->   Core 1 'Adder' <Latency = 0> <II = 1> <Delay = 1.63> <FuncUnit> <Opcode : 'add' 'sub'> <InPorts = 2> <OutPorts = 1>
ST_1 : Operation 115 [1/1] (0.00ns)   --->   "%sext_ln17_698 = sext i12 %mult_803" [firmware/nnet_utils/nnet_dense_latency.h:17]   --->   Operation 115 'sext' 'sext_ln17_698' <Predicate = true> <Delay = 0.00>
ST_1 : Operation 116 [1/1] (0.00ns)   --->   "%sext_ln73_57 = sext i14 %tmp_675" [firmware/nnet_utils/nnet_mult.h:73->firmware/nnet_utils/nnet_dense_latency.h:42]   --->   Operation 116 'sext' 'sext_ln73_57' <Predicate = true> <Delay = 0.00>
ST_1 : Operation 117 [1/1] (0.00ns) (grouped into TernaryAdder)   --->   "%sub_ln73_923 = sub i16 0, i16 %sext_ln73_57" [firmware/nnet_utils/nnet_mult.h:73->firmware/nnet_utils/nnet_dense_latency.h:42]   --->   Operation 117 'sub' 'sub_ln73_923' <Predicate = true> <Delay = 0.00> <CoreInst = "TAddSub">   --->   Core 10 'TAddSub' <Latency = 0> <II = 1> <Delay = 1.99> <IPBlock> <Opcode : '' 'add' 'sub'> <InPorts = 3> <OutPorts = 1> <Sync> <CReg>
ST_1 : Operation 118 [1/1] (0.00ns)   --->   "%sext_ln73_60 = sext i12 %tmp_674" [firmware/nnet_utils/nnet_mult.h:73->firmware/nnet_utils/nnet_dense_latency.h:42]   --->   Operation 118 'sext' 'sext_ln73_60' <Predicate = true> <Delay = 0.00>
ST_1 : Operation 119 [1/1] (3.90ns) (root node of TernaryAdder)   --->   "%mult_804 = sub i16 %sub_ln73_923, i16 %sext_ln73_60" [firmware/nnet_utils/nnet_mult.h:73->firmware/nnet_utils/nnet_dense_latency.h:42]   --->   Operation 119 'sub' 'mult_804' <Predicate = true> <Delay = 3.90> <CoreInst = "TAddSub">   --->   Core 10 'TAddSub' <Latency = 0> <II = 1> <Delay = 1.99> <IPBlock> <Opcode : '' 'add' 'sub'> <InPorts = 3> <OutPorts = 1> <Sync> <CReg>
ST_1 : Operation 120 [1/1] (0.00ns)   --->   "%tmp_677 = bitconcatenate i13 @_ssdm_op_BitConcatenate.i13.i10.i3, i10 %data_2_val_read, i3 0" [firmware/nnet_utils/nnet_dense_latency.h:17]   --->   Operation 120 'bitconcatenate' 'tmp_677' <Predicate = true> <Delay = 0.00>
ST_1 : Operation 121 [1/1] (0.00ns)   --->   "%sext_ln17_764 = sext i13 %tmp_677" [firmware/nnet_utils/nnet_dense_latency.h:17]   --->   Operation 121 'sext' 'sext_ln17_764' <Predicate = true> <Delay = 0.00>
ST_1 : Operation 122 [1/1] (0.00ns) (grouped into TernaryAdder)   --->   "%sub_ln17_14 = sub i14 0, i14 %sext_ln17_764" [firmware/nnet_utils/nnet_dense_latency.h:17]   --->   Operation 122 'sub' 'sub_ln17_14' <Predicate = true> <Delay = 0.00> <CoreInst = "TAddSub">   --->   Core 10 'TAddSub' <Latency = 0> <II = 1> <Delay = 1.99> <IPBlock> <Opcode : '' 'add' 'sub'> <InPorts = 3> <OutPorts = 1> <Sync> <CReg>
ST_1 : Operation 123 [1/1] (3.84ns) (root node of TernaryAdder)   --->   "%sub_ln17_15 = sub i14 %sub_ln17_14, i14 %sext_ln73_11" [firmware/nnet_utils/nnet_dense_latency.h:17]   --->   Operation 123 'sub' 'sub_ln17_15' <Predicate = true> <Delay = 3.84> <CoreInst = "TAddSub">   --->   Core 10 'TAddSub' <Latency = 0> <II = 1> <Delay = 1.99> <IPBlock> <Opcode : '' 'add' 'sub'> <InPorts = 3> <OutPorts = 1> <Sync> <CReg>
ST_1 : Operation 124 [1/1] (0.00ns)   --->   "%sext_ln73_55 = sext i10 %data_2_val_read" [firmware/nnet_utils/nnet_mult.h:73->firmware/nnet_utils/nnet_dense_latency.h:42]   --->   Operation 124 'sext' 'sext_ln73_55' <Predicate = true> <Delay = 0.00>
ST_1 : Operation 125 [1/1] (0.00ns)   --->   "%sext_ln17_765 = sext i11 %tmp_676" [firmware/nnet_utils/nnet_dense_latency.h:17]   --->   Operation 125 'sext' 'sext_ln17_765' <Predicate = true> <Delay = 0.00>
ST_1 : Operation 126 [1/1] (0.00ns) (grouped into TernaryAdder)   --->   "%sub_ln17_16 = sub i13 %tmp_677, i13 %sext_ln17_765" [firmware/nnet_utils/nnet_dense_latency.h:17]   --->   Operation 126 'sub' 'sub_ln17_16' <Predicate = true> <Delay = 0.00> <CoreInst = "TAddSub">   --->   Core 10 'TAddSub' <Latency = 0> <II = 1> <Delay = 1.99> <IPBlock> <Opcode : '' 'add' 'sub'> <InPorts = 3> <OutPorts = 1> <Sync> <CReg>
ST_1 : Operation 127 [1/1] (0.00ns)   --->   "%sext_ln73_66 = sext i11 %tmp_676" [firmware/nnet_utils/nnet_mult.h:73->firmware/nnet_utils/nnet_dense_latency.h:42]   --->   Operation 127 'sext' 'sext_ln73_66' <Predicate = true> <Delay = 0.00>
ST_1 : Operation 128 [1/1] (1.81ns)   --->   "%mult_805 = sub i15 %sext_ln73_66, i15 %sext_ln73_23" [firmware/nnet_utils/nnet_mult.h:73->firmware/nnet_utils/nnet_dense_latency.h:42]   --->   Operation 128 'sub' 'mult_805' <Predicate = true> <Delay = 1.81> <CoreInst = "Adder">   --->   Core 1 'Adder' <Latency = 0> <II = 1> <Delay = 1.81> <FuncUnit> <Opcode : 'add' 'sub'> <InPorts = 2> <OutPorts = 1>
ST_1 : Operation 129 [1/1] (4.52ns)   --->   "%mult_806 = mul i15 %sext_ln73_10, i15 13" [firmware/nnet_utils/nnet_mult.h:73->firmware/nnet_utils/nnet_dense_latency.h:42]   --->   Operation 129 'mul' 'mult_806' <Predicate = true> <Delay = 4.52> <CoreInst = "Multiplier">   --->   Core 3 'Multiplier' <Latency = 0> <II = 1> <Delay = 4.52> <FuncUnit> <Opcode : 'mul'> <InPorts = 2> <OutPorts = 1>
ST_1 : Operation 130 [1/1] (0.00ns)   --->   "%sext_ln17_699 = sext i10 %data_2_val_read" [firmware/nnet_utils/nnet_dense_latency.h:17]   --->   Operation 130 'sext' 'sext_ln17_699' <Predicate = true> <Delay = 0.00>
ST_1 : Operation 131 [1/1] (0.00ns) (grouped into TernaryAdder)   --->   "%sub_ln17_17 = sub i13 %sext_ln73_55, i13 %tmp_677" [firmware/nnet_utils/nnet_dense_latency.h:17]   --->   Operation 131 'sub' 'sub_ln17_17' <Predicate = true> <Delay = 0.00> <CoreInst = "TAddSub">   --->   Core 10 'TAddSub' <Latency = 0> <II = 1> <Delay = 1.99> <IPBlock> <Opcode : '' 'add' 'sub'> <InPorts = 3> <OutPorts = 1> <Sync> <CReg>
ST_1 : Operation 132 [1/1] (4.52ns)   --->   "%mult_807 = mul i16 %sext_ln73_8, i16 65515" [firmware/nnet_utils/nnet_mult.h:73->firmware/nnet_utils/nnet_dense_latency.h:42]   --->   Operation 132 'mul' 'mult_807' <Predicate = true> <Delay = 4.52> <CoreInst = "Multiplier">   --->   Core 3 'Multiplier' <Latency = 0> <II = 1> <Delay = 4.52> <FuncUnit> <Opcode : 'mul'> <InPorts = 2> <OutPorts = 1>
ST_1 : Operation 133 [1/1] (0.00ns)   --->   "%tmp_678 = bitconcatenate i15 @_ssdm_op_BitConcatenate.i15.i10.i5, i10 %data_2_val_read, i5 0" [firmware/nnet_utils/nnet_mult.h:73->firmware/nnet_utils/nnet_dense_latency.h:42]   --->   Operation 133 'bitconcatenate' 'tmp_678' <Predicate = true> <Delay = 0.00>
ST_1 : Operation 134 [1/1] (0.00ns)   --->   "%sext_ln73_68 = sext i15 %tmp_678" [firmware/nnet_utils/nnet_mult.h:73->firmware/nnet_utils/nnet_dense_latency.h:42]   --->   Operation 134 'sext' 'sext_ln73_68' <Predicate = true> <Delay = 0.00>
ST_1 : Operation 135 [1/1] (0.00ns) (grouped into TernaryAdder)   --->   "%mult_808 = sub i16 %sext_ln73_60, i16 %sext_ln73_68" [firmware/nnet_utils/nnet_mult.h:73->firmware/nnet_utils/nnet_dense_latency.h:42]   --->   Operation 135 'sub' 'mult_808' <Predicate = true> <Delay = 0.00> <CoreInst = "TAddSub">   --->   Core 10 'TAddSub' <Latency = 0> <II = 1> <Delay = 1.99> <IPBlock> <Opcode : '' 'add' 'sub'> <InPorts = 3> <OutPorts = 1> <Sync> <CReg>
ST_1 : Operation 136 [1/1] (0.00ns)   --->   "%sext_ln73_12 = sext i10 %data_3_val_read" [firmware/nnet_utils/nnet_mult.h:73->firmware/nnet_utils/nnet_dense_latency.h:42]   --->   Operation 136 'sext' 'sext_ln73_12' <Predicate = true> <Delay = 0.00>
ST_1 : Operation 137 [1/1] (0.00ns)   --->   "%sext_ln17_700 = sext i10 %data_3_val_read" [firmware/nnet_utils/nnet_dense_latency.h:17]   --->   Operation 137 'sext' 'sext_ln17_700' <Predicate = true> <Delay = 0.00>
ST_1 : Operation 138 [1/1] (0.00ns)   --->   "%sext_ln73_14 = sext i10 %data_3_val_read" [firmware/nnet_utils/nnet_mult.h:73->firmware/nnet_utils/nnet_dense_latency.h:42]   --->   Operation 138 'sext' 'sext_ln73_14' <Predicate = true> <Delay = 0.00>
ST_1 : Operation 139 [1/1] (4.52ns)   --->   "%mult_809 = mul i16 %sext_ln17_700, i16 22" [firmware/nnet_utils/nnet_mult.h:73->firmware/nnet_utils/nnet_dense_latency.h:42]   --->   Operation 139 'mul' 'mult_809' <Predicate = true> <Delay = 4.52> <CoreInst = "Multiplier">   --->   Core 3 'Multiplier' <Latency = 0> <II = 1> <Delay = 4.52> <FuncUnit> <Opcode : 'mul'> <InPorts = 2> <OutPorts = 1>
ST_1 : Operation 140 [1/1] (4.52ns)   --->   "%mult_810 = mul i16 %sext_ln17_700, i16 23" [firmware/nnet_utils/nnet_mult.h:73->firmware/nnet_utils/nnet_dense_latency.h:42]   --->   Operation 140 'mul' 'mult_810' <Predicate = true> <Delay = 4.52> <CoreInst = "Multiplier">   --->   Core 3 'Multiplier' <Latency = 0> <II = 1> <Delay = 4.52> <FuncUnit> <Opcode : 'mul'> <InPorts = 2> <OutPorts = 1>
ST_1 : Operation 141 [1/1] (0.00ns)   --->   "%mult_811 = bitconcatenate i14 @_ssdm_op_BitConcatenate.i14.i10.i4, i10 %data_3_val_read, i4 0" [firmware/nnet_utils/nnet_mult.h:73->firmware/nnet_utils/nnet_dense_latency.h:42]   --->   Operation 141 'bitconcatenate' 'mult_811' <Predicate = true> <Delay = 0.00>
ST_1 : Operation 142 [1/1] (0.00ns)   --->   "%sext_ln17_701 = sext i14 %mult_811" [firmware/nnet_utils/nnet_dense_latency.h:17]   --->   Operation 142 'sext' 'sext_ln17_701' <Predicate = true> <Delay = 0.00>
ST_1 : Operation 143 [1/1] (0.00ns)   --->   "%mult_812 = bitconcatenate i12 @_ssdm_op_BitConcatenate.i12.i10.i2, i10 %data_3_val_read, i2 0" [firmware/nnet_utils/nnet_mult.h:73->firmware/nnet_utils/nnet_dense_latency.h:42]   --->   Operation 143 'bitconcatenate' 'mult_812' <Predicate = true> <Delay = 0.00>
ST_1 : Operation 144 [1/1] (0.00ns)   --->   "%sext_ln17_702 = sext i12 %mult_812" [firmware/nnet_utils/nnet_dense_latency.h:17]   --->   Operation 144 'sext' 'sext_ln17_702' <Predicate = true> <Delay = 0.00>
ST_1 : Operation 145 [1/1] (0.00ns)   --->   "%sext_ln17_703 = sext i12 %mult_812" [firmware/nnet_utils/nnet_dense_latency.h:17]   --->   Operation 145 'sext' 'sext_ln17_703' <Predicate = true> <Delay = 0.00>
ST_1 : Operation 146 [1/1] (1.54ns)   --->   "%sub_ln73_927 = sub i14 0, i14 %sext_ln17_703" [firmware/nnet_utils/nnet_mult.h:73->firmware/nnet_utils/nnet_dense_latency.h:42]   --->   Operation 146 'sub' 'sub_ln73_927' <Predicate = true> <Delay = 1.54> <CoreInst = "Adder">   --->   Core 1 'Adder' <Latency = 0> <II = 1> <Delay = 1.54> <FuncUnit> <Opcode : 'add' 'sub'> <InPorts = 2> <OutPorts = 1>
ST_1 : Operation 147 [1/1] (0.00ns) (grouped into TernaryAdder)   --->   "%mult_813 = sub i14 %sub_ln73_927, i14 %sext_ln73_14" [firmware/nnet_utils/nnet_mult.h:73->firmware/nnet_utils/nnet_dense_latency.h:42]   --->   Operation 147 'sub' 'mult_813' <Predicate = true> <Delay = 0.00> <CoreInst = "TAddSub">   --->   Core 10 'TAddSub' <Latency = 0> <II = 1> <Delay = 1.99> <IPBlock> <Opcode : '' 'add' 'sub'> <InPorts = 3> <OutPorts = 1> <Sync> <CReg>
ST_1 : Operation 148 [1/1] (0.00ns)   --->   "%sext_ln73_71 = sext i12 %mult_812" [firmware/nnet_utils/nnet_mult.h:73->firmware/nnet_utils/nnet_dense_latency.h:42]   --->   Operation 148 'sext' 'sext_ln73_71' <Predicate = true> <Delay = 0.00>
ST_1 : Operation 149 [1/1] (4.52ns)   --->   "%mult_814 = mul i16 %sext_ln17_700, i16 65510" [firmware/nnet_utils/nnet_mult.h:73->firmware/nnet_utils/nnet_dense_latency.h:42]   --->   Operation 149 'mul' 'mult_814' <Predicate = true> <Delay = 4.52> <CoreInst = "Multiplier">   --->   Core 3 'Multiplier' <Latency = 0> <II = 1> <Delay = 4.52> <FuncUnit> <Opcode : 'mul'> <InPorts = 2> <OutPorts = 1>
ST_1 : Operation 150 [1/1] (0.00ns)   --->   "%tmp_679 = bitconcatenate i15 @_ssdm_op_BitConcatenate.i15.i10.i5, i10 %data_3_val_read, i5 0" [firmware/nnet_utils/nnet_dense_latency.h:17]   --->   Operation 150 'bitconcatenate' 'tmp_679' <Predicate = true> <Delay = 0.00>
ST_1 : Operation 151 [1/1] (0.00ns)   --->   "%sext_ln17_767 = sext i15 %tmp_679" [firmware/nnet_utils/nnet_dense_latency.h:17]   --->   Operation 151 'sext' 'sext_ln17_767' <Predicate = true> <Delay = 0.00>
ST_1 : Operation 152 [1/1] (1.94ns)   --->   "%sub_ln17_18 = sub i16 0, i16 %sext_ln17_767" [firmware/nnet_utils/nnet_dense_latency.h:17]   --->   Operation 152 'sub' 'sub_ln17_18' <Predicate = true> <Delay = 1.94> <CoreInst = "Adder">   --->   Core 1 'Adder' <Latency = 0> <II = 1> <Delay = 1.94> <FuncUnit> <Opcode : 'add' 'sub'> <InPorts = 2> <OutPorts = 1>
ST_1 : Operation 153 [1/1] (0.00ns)   --->   "%tmp_680 = bitconcatenate i11 @_ssdm_op_BitConcatenate.i11.i10.i1, i10 %data_3_val_read, i1 0" [firmware/nnet_utils/nnet_dense_latency.h:17]   --->   Operation 153 'bitconcatenate' 'tmp_680' <Predicate = true> <Delay = 0.00>
ST_1 : Operation 154 [1/1] (0.00ns)   --->   "%sext_ln17_769 = sext i11 %tmp_680" [firmware/nnet_utils/nnet_dense_latency.h:17]   --->   Operation 154 'sext' 'sext_ln17_769' <Predicate = true> <Delay = 0.00>
ST_1 : Operation 155 [1/1] (0.00ns) (grouped into TernaryAdder)   --->   "%sub_ln17_19 = sub i16 %sub_ln17_18, i16 %sext_ln17_769" [firmware/nnet_utils/nnet_dense_latency.h:17]   --->   Operation 155 'sub' 'sub_ln17_19' <Predicate = true> <Delay = 0.00> <CoreInst = "TAddSub">   --->   Core 10 'TAddSub' <Latency = 0> <II = 1> <Delay = 1.99> <IPBlock> <Opcode : '' 'add' 'sub'> <InPorts = 3> <OutPorts = 1> <Sync> <CReg>
ST_1 : Operation 156 [1/1] (4.52ns)   --->   "%mult_815 = mul i15 %sext_ln73_12, i15 32755" [firmware/nnet_utils/nnet_mult.h:73->firmware/nnet_utils/nnet_dense_latency.h:42]   --->   Operation 156 'mul' 'mult_815' <Predicate = true> <Delay = 4.52> <CoreInst = "Multiplier">   --->   Core 3 'Multiplier' <Latency = 0> <II = 1> <Delay = 4.52> <FuncUnit> <Opcode : 'mul'> <InPorts = 2> <OutPorts = 1>
ST_1 : Operation 157 [1/1] (4.52ns)   --->   "%mult_816 = mul i16 %sext_ln17_700, i16 65514" [firmware/nnet_utils/nnet_mult.h:73->firmware/nnet_utils/nnet_dense_latency.h:42]   --->   Operation 157 'mul' 'mult_816' <Predicate = true> <Delay = 4.52> <CoreInst = "Multiplier">   --->   Core 3 'Multiplier' <Latency = 0> <II = 1> <Delay = 4.52> <FuncUnit> <Opcode : 'mul'> <InPorts = 2> <OutPorts = 1>
ST_1 : Operation 158 [1/1] (0.00ns)   --->   "%tmp_681 = bitconcatenate i13 @_ssdm_op_BitConcatenate.i13.i10.i3, i10 %data_3_val_read, i3 0" [firmware/nnet_utils/nnet_mult.h:73->firmware/nnet_utils/nnet_dense_latency.h:42]   --->   Operation 158 'bitconcatenate' 'tmp_681' <Predicate = true> <Delay = 0.00>
ST_1 : Operation 159 [1/1] (0.00ns)   --->   "%sext_ln73_74 = sext i13 %tmp_681" [firmware/nnet_utils/nnet_mult.h:73->firmware/nnet_utils/nnet_dense_latency.h:42]   --->   Operation 159 'sext' 'sext_ln73_74' <Predicate = true> <Delay = 0.00>
ST_1 : Operation 160 [1/1] (0.00ns)   --->   "%sext_ln73_79 = sext i13 %tmp_681" [firmware/nnet_utils/nnet_mult.h:73->firmware/nnet_utils/nnet_dense_latency.h:42]   --->   Operation 160 'sext' 'sext_ln73_79' <Predicate = true> <Delay = 0.00>
ST_1 : Operation 161 [1/1] (1.67ns)   --->   "%sub_ln73_929 = sub i15 0, i15 %sext_ln73_79" [firmware/nnet_utils/nnet_mult.h:73->firmware/nnet_utils/nnet_dense_latency.h:42]   --->   Operation 161 'sub' 'sub_ln73_929' <Predicate = true> <Delay = 1.67> <CoreInst = "Adder">   --->   Core 1 'Adder' <Latency = 0> <II = 1> <Delay = 1.67> <FuncUnit> <Opcode : 'add' 'sub'> <InPorts = 2> <OutPorts = 1>
ST_1 : Operation 162 [1/1] (0.00ns) (grouped into TernaryAdder)   --->   "%mult_817 = sub i15 %sub_ln73_929, i15 %sext_ln73_12" [firmware/nnet_utils/nnet_mult.h:73->firmware/nnet_utils/nnet_dense_latency.h:42]   --->   Operation 162 'sub' 'mult_817' <Predicate = true> <Delay = 0.00> <CoreInst = "TAddSub">   --->   Core 10 'TAddSub' <Latency = 0> <II = 1> <Delay = 1.99> <IPBlock> <Opcode : '' 'add' 'sub'> <InPorts = 3> <OutPorts = 1> <Sync> <CReg>
ST_1 : Operation 163 [1/1] (0.00ns)   --->   "%sext_ln17_770 = sext i11 %tmp_680" [firmware/nnet_utils/nnet_dense_latency.h:17]   --->   Operation 163 'sext' 'sext_ln17_770' <Predicate = true> <Delay = 0.00>
ST_1 : Operation 164 [1/1] (0.00ns) (grouped into TernaryAdder)   --->   "%sub_ln17_20 = sub i13 %tmp_681, i13 %sext_ln17_770" [firmware/nnet_utils/nnet_dense_latency.h:17]   --->   Operation 164 'sub' 'sub_ln17_20' <Predicate = true> <Delay = 0.00> <CoreInst = "TAddSub">   --->   Core 10 'TAddSub' <Latency = 0> <II = 1> <Delay = 1.99> <IPBlock> <Opcode : '' 'add' 'sub'> <InPorts = 3> <OutPorts = 1> <Sync> <CReg>
ST_1 : Operation 165 [1/1] (0.00ns)   --->   "%sext_ln73_86 = sext i14 %mult_811" [firmware/nnet_utils/nnet_mult.h:73->firmware/nnet_utils/nnet_dense_latency.h:42]   --->   Operation 165 'sext' 'sext_ln73_86' <Predicate = true> <Delay = 0.00>
ST_1 : Operation 166 [1/1] (0.00ns)   --->   "%sext_ln73_87 = sext i12 %mult_812" [firmware/nnet_utils/nnet_mult.h:73->firmware/nnet_utils/nnet_dense_latency.h:42]   --->   Operation 166 'sext' 'sext_ln73_87' <Predicate = true> <Delay = 0.00>
ST_1 : Operation 167 [1/1] (1.81ns)   --->   "%mult_818 = add i16 %sext_ln73_86, i16 %sext_ln73_87" [firmware/nnet_utils/nnet_mult.h:73->firmware/nnet_utils/nnet_dense_latency.h:42]   --->   Operation 167 'add' 'mult_818' <Predicate = true> <Delay = 1.81> <CoreInst = "Adder">   --->   Core 1 'Adder' <Latency = 0> <II = 1> <Delay = 1.81> <FuncUnit> <Opcode : 'add' 'sub'> <InPorts = 2> <OutPorts = 1>
ST_1 : Operation 168 [1/1] (0.00ns)   --->   "%sext_ln73_15 = sext i10 %data_4_val_read" [firmware/nnet_utils/nnet_mult.h:73->firmware/nnet_utils/nnet_dense_latency.h:42]   --->   Operation 168 'sext' 'sext_ln73_15' <Predicate = true> <Delay = 0.00>
ST_1 : Operation 169 [1/1] (0.00ns)   --->   "%sext_ln73_16 = sext i10 %data_4_val_read" [firmware/nnet_utils/nnet_mult.h:73->firmware/nnet_utils/nnet_dense_latency.h:42]   --->   Operation 169 'sext' 'sext_ln73_16' <Predicate = true> <Delay = 0.00>
ST_1 : Operation 170 [1/1] (0.00ns)   --->   "%sext_ln73_17 = sext i10 %data_4_val_read" [firmware/nnet_utils/nnet_mult.h:73->firmware/nnet_utils/nnet_dense_latency.h:42]   --->   Operation 170 'sext' 'sext_ln73_17' <Predicate = true> <Delay = 0.00>
ST_1 : Operation 171 [1/1] (0.00ns)   --->   "%sext_ln73_19 = sext i10 %data_4_val_read" [firmware/nnet_utils/nnet_mult.h:73->firmware/nnet_utils/nnet_dense_latency.h:42]   --->   Operation 171 'sext' 'sext_ln73_19' <Predicate = true> <Delay = 0.00>
ST_1 : Operation 172 [1/1] (0.00ns)   --->   "%tmp_682 = bitconcatenate i13 @_ssdm_op_BitConcatenate.i13.i10.i3, i10 %data_4_val_read, i3 0" [firmware/nnet_utils/nnet_mult.h:73->firmware/nnet_utils/nnet_dense_latency.h:42]   --->   Operation 172 'bitconcatenate' 'tmp_682' <Predicate = true> <Delay = 0.00>
ST_1 : Operation 173 [1/1] (0.00ns)   --->   "%sext_ln73_88 = sext i13 %tmp_682" [firmware/nnet_utils/nnet_mult.h:73->firmware/nnet_utils/nnet_dense_latency.h:42]   --->   Operation 173 'sext' 'sext_ln73_88' <Predicate = true> <Delay = 0.00>
ST_1 : Operation 174 [1/1] (1.67ns)   --->   "%sub_ln73_931 = sub i15 0, i15 %sext_ln73_88" [firmware/nnet_utils/nnet_mult.h:73->firmware/nnet_utils/nnet_dense_latency.h:42]   --->   Operation 174 'sub' 'sub_ln73_931' <Predicate = true> <Delay = 1.67> <CoreInst = "Adder">   --->   Core 1 'Adder' <Latency = 0> <II = 1> <Delay = 1.67> <FuncUnit> <Opcode : 'add' 'sub'> <InPorts = 2> <OutPorts = 1>
ST_1 : Operation 175 [1/1] (0.00ns)   --->   "%tmp_683 = bitconcatenate i11 @_ssdm_op_BitConcatenate.i11.i10.i1, i10 %data_4_val_read, i1 0" [firmware/nnet_utils/nnet_mult.h:73->firmware/nnet_utils/nnet_dense_latency.h:42]   --->   Operation 175 'bitconcatenate' 'tmp_683' <Predicate = true> <Delay = 0.00>
ST_1 : Operation 176 [1/1] (0.00ns)   --->   "%sext_ln73_92 = sext i11 %tmp_683" [firmware/nnet_utils/nnet_mult.h:73->firmware/nnet_utils/nnet_dense_latency.h:42]   --->   Operation 176 'sext' 'sext_ln73_92' <Predicate = true> <Delay = 0.00>
ST_1 : Operation 177 [1/1] (0.00ns) (grouped into TernaryAdder)   --->   "%mult_819 = sub i15 %sub_ln73_931, i15 %sext_ln73_92" [firmware/nnet_utils/nnet_mult.h:73->firmware/nnet_utils/nnet_dense_latency.h:42]   --->   Operation 177 'sub' 'mult_819' <Predicate = true> <Delay = 0.00> <CoreInst = "TAddSub">   --->   Core 10 'TAddSub' <Latency = 0> <II = 1> <Delay = 1.99> <IPBlock> <Opcode : '' 'add' 'sub'> <InPorts = 3> <OutPorts = 1> <Sync> <CReg>
ST_1 : Operation 178 [1/1] (0.00ns)   --->   "%sext_ln73_96 = sext i11 %tmp_683" [firmware/nnet_utils/nnet_mult.h:73->firmware/nnet_utils/nnet_dense_latency.h:42]   --->   Operation 178 'sext' 'sext_ln73_96' <Predicate = true> <Delay = 0.00>
ST_1 : Operation 179 [1/1] (1.63ns)   --->   "%mult_820 = sub i12 0, i12 %sext_ln73_96" [firmware/nnet_utils/nnet_mult.h:73->firmware/nnet_utils/nnet_dense_latency.h:42]   --->   Operation 179 'sub' 'mult_820' <Predicate = true> <Delay = 1.63> <CoreInst = "Adder">   --->   Core 1 'Adder' <Latency = 0> <II = 1> <Delay = 1.63> <FuncUnit> <Opcode : 'add' 'sub'> <InPorts = 2> <OutPorts = 1>
ST_1 : Operation 180 [1/1] (0.00ns)   --->   "%sext_ln17_704 = sext i12 %mult_820" [firmware/nnet_utils/nnet_dense_latency.h:17]   --->   Operation 180 'sext' 'sext_ln17_704' <Predicate = true> <Delay = 0.00>
ST_1 : Operation 181 [1/1] (4.52ns)   --->   "%mult_821 = mul i16 %sext_ln73_17, i16 23" [firmware/nnet_utils/nnet_mult.h:73->firmware/nnet_utils/nnet_dense_latency.h:42]   --->   Operation 181 'mul' 'mult_821' <Predicate = true> <Delay = 4.52> <CoreInst = "Multiplier">   --->   Core 3 'Multiplier' <Latency = 0> <II = 1> <Delay = 4.52> <FuncUnit> <Opcode : 'mul'> <InPorts = 2> <OutPorts = 1>
ST_1 : Operation 182 [1/1] (0.00ns)   --->   "%sext_ln73_117 = sext i13 %tmp_682" [firmware/nnet_utils/nnet_mult.h:73->firmware/nnet_utils/nnet_dense_latency.h:42]   --->   Operation 182 'sext' 'sext_ln73_117' <Predicate = true> <Delay = 0.00>
ST_1 : Operation 183 [1/1] (1.67ns)   --->   "%mult_822 = sub i14 %sext_ln73_117, i14 %sext_ln73_16" [firmware/nnet_utils/nnet_mult.h:73->firmware/nnet_utils/nnet_dense_latency.h:42]   --->   Operation 183 'sub' 'mult_822' <Predicate = true> <Delay = 1.67> <CoreInst = "Adder">   --->   Core 1 'Adder' <Latency = 0> <II = 1> <Delay = 1.67> <FuncUnit> <Opcode : 'add' 'sub'> <InPorts = 2> <OutPorts = 1>
ST_1 : Operation 184 [1/1] (0.00ns)   --->   "%sext_ln17_705 = sext i14 %mult_822" [firmware/nnet_utils/nnet_dense_latency.h:17]   --->   Operation 184 'sext' 'sext_ln17_705' <Predicate = true> <Delay = 0.00>
ST_1 : Operation 185 [1/1] (0.00ns)   --->   "%tmp_684 = bitconcatenate i12 @_ssdm_op_BitConcatenate.i12.i10.i2, i10 %data_4_val_read, i2 0" [firmware/nnet_utils/nnet_mult.h:73->firmware/nnet_utils/nnet_dense_latency.h:42]   --->   Operation 185 'bitconcatenate' 'tmp_684' <Predicate = true> <Delay = 0.00>
ST_1 : Operation 186 [1/1] (0.00ns)   --->   "%sext_ln73_120 = sext i12 %tmp_684" [firmware/nnet_utils/nnet_mult.h:73->firmware/nnet_utils/nnet_dense_latency.h:42]   --->   Operation 186 'sext' 'sext_ln73_120' <Predicate = true> <Delay = 0.00>
ST_1 : Operation 187 [1/1] (0.00ns) (grouped into TernaryAdder)   --->   "%mult_823 = sub i13 %sext_ln73_15, i13 %sext_ln73_120" [firmware/nnet_utils/nnet_mult.h:73->firmware/nnet_utils/nnet_dense_latency.h:42]   --->   Operation 187 'sub' 'mult_823' <Predicate = true> <Delay = 0.00> <CoreInst = "TAddSub">   --->   Core 10 'TAddSub' <Latency = 0> <II = 1> <Delay = 1.99> <IPBlock> <Opcode : '' 'add' 'sub'> <InPorts = 3> <OutPorts = 1> <Sync> <CReg>
ST_1 : Operation 188 [1/1] (0.00ns) (grouped into TernaryAdder)   --->   "%mult_824 = sub i13 %sext_ln73_120, i13 %sext_ln73_15" [firmware/nnet_utils/nnet_mult.h:73->firmware/nnet_utils/nnet_dense_latency.h:42]   --->   Operation 188 'sub' 'mult_824' <Predicate = true> <Delay = 0.00> <CoreInst = "TAddSub">   --->   Core 10 'TAddSub' <Latency = 0> <II = 1> <Delay = 1.99> <IPBlock> <Opcode : '' 'add' 'sub'> <InPorts = 3> <OutPorts = 1> <Sync> <CReg>
ST_1 : Operation 189 [1/1] (0.00ns)   --->   "%tmp_685 = bitconcatenate i15 @_ssdm_op_BitConcatenate.i15.i10.i5, i10 %data_4_val_read, i5 0" [firmware/nnet_utils/nnet_mult.h:73->firmware/nnet_utils/nnet_dense_latency.h:42]   --->   Operation 189 'bitconcatenate' 'tmp_685' <Predicate = true> <Delay = 0.00>
ST_1 : Operation 190 [1/1] (0.00ns)   --->   "%sext_ln73_128 = sext i15 %tmp_685" [firmware/nnet_utils/nnet_mult.h:73->firmware/nnet_utils/nnet_dense_latency.h:42]   --->   Operation 190 'sext' 'sext_ln73_128' <Predicate = true> <Delay = 0.00>
ST_1 : Operation 191 [1/1] (0.00ns)   --->   "%sext_ln73_136 = sext i13 %tmp_682" [firmware/nnet_utils/nnet_mult.h:73->firmware/nnet_utils/nnet_dense_latency.h:42]   --->   Operation 191 'sext' 'sext_ln73_136' <Predicate = true> <Delay = 0.00>
ST_1 : Operation 192 [1/1] (0.00ns) (grouped into TernaryAdder)   --->   "%mult_825 = sub i16 %sext_ln73_128, i16 %sext_ln73_136" [firmware/nnet_utils/nnet_mult.h:73->firmware/nnet_utils/nnet_dense_latency.h:42]   --->   Operation 192 'sub' 'mult_825' <Predicate = true> <Delay = 0.00> <CoreInst = "TAddSub">   --->   Core 10 'TAddSub' <Latency = 0> <II = 1> <Delay = 1.99> <IPBlock> <Opcode : '' 'add' 'sub'> <InPorts = 3> <OutPorts = 1> <Sync> <CReg>
ST_1 : Operation 193 [1/1] (1.94ns)   --->   "%mult_826 = sub i15 %sub_ln73_931, i15 %sext_ln73_19" [firmware/nnet_utils/nnet_mult.h:73->firmware/nnet_utils/nnet_dense_latency.h:42]   --->   Operation 193 'sub' 'mult_826' <Predicate = true> <Delay = 1.94> <CoreInst = "Adder">   --->   Core 1 'Adder' <Latency = 0> <II = 1> <Delay = 1.94> <FuncUnit> <Opcode : 'add' 'sub'> <InPorts = 2> <OutPorts = 1>
ST_1 : Operation 194 [1/1] (0.00ns)   --->   "%sext_ln17_706 = sext i15 %mult_826" [firmware/nnet_utils/nnet_dense_latency.h:17]   --->   Operation 194 'sext' 'sext_ln17_706' <Predicate = true> <Delay = 0.00>
ST_1 : Operation 195 [1/1] (4.52ns)   --->   "%mult_827 = mul i15 %sext_ln73_19, i15 32757" [firmware/nnet_utils/nnet_mult.h:73->firmware/nnet_utils/nnet_dense_latency.h:42]   --->   Operation 195 'mul' 'mult_827' <Predicate = true> <Delay = 4.52> <CoreInst = "Multiplier">   --->   Core 3 'Multiplier' <Latency = 0> <II = 1> <Delay = 4.52> <FuncUnit> <Opcode : 'mul'> <InPorts = 2> <OutPorts = 1>
ST_1 : Operation 196 [1/1] (4.52ns)   --->   "%mult_828 = mul i16 %sext_ln73_17, i16 65513" [firmware/nnet_utils/nnet_mult.h:73->firmware/nnet_utils/nnet_dense_latency.h:42]   --->   Operation 196 'mul' 'mult_828' <Predicate = true> <Delay = 4.52> <CoreInst = "Multiplier">   --->   Core 3 'Multiplier' <Latency = 0> <II = 1> <Delay = 4.52> <FuncUnit> <Opcode : 'mul'> <InPorts = 2> <OutPorts = 1>
ST_1 : Operation 197 [1/1] (0.00ns)   --->   "%sext_ln17_707 = sext i16 %mult_828" [firmware/nnet_utils/nnet_dense_latency.h:17]   --->   Operation 197 'sext' 'sext_ln17_707' <Predicate = true> <Delay = 0.00>
ST_1 : Operation 198 [1/1] (4.52ns)   --->   "%mult_829 = mul i16 %sext_ln73_17, i16 22" [firmware/nnet_utils/nnet_mult.h:73->firmware/nnet_utils/nnet_dense_latency.h:42]   --->   Operation 198 'mul' 'mult_829' <Predicate = true> <Delay = 4.52> <CoreInst = "Multiplier">   --->   Core 3 'Multiplier' <Latency = 0> <II = 1> <Delay = 4.52> <FuncUnit> <Opcode : 'mul'> <InPorts = 2> <OutPorts = 1>
ST_1 : Operation 199 [1/1] (0.00ns)   --->   "%tmp_686 = bitconcatenate i14 @_ssdm_op_BitConcatenate.i14.i10.i4, i10 %data_4_val_read, i4 0" [firmware/nnet_utils/nnet_mult.h:73->firmware/nnet_utils/nnet_dense_latency.h:42]   --->   Operation 199 'bitconcatenate' 'tmp_686' <Predicate = true> <Delay = 0.00>
ST_1 : Operation 200 [1/1] (0.00ns)   --->   "%sext_ln73_137 = sext i14 %tmp_686" [firmware/nnet_utils/nnet_mult.h:73->firmware/nnet_utils/nnet_dense_latency.h:42]   --->   Operation 200 'sext' 'sext_ln73_137' <Predicate = true> <Delay = 0.00>
ST_1 : Operation 201 [1/1] (1.81ns)   --->   "%mult_830 = sub i15 %sext_ln73_92, i15 %sext_ln73_137" [firmware/nnet_utils/nnet_mult.h:73->firmware/nnet_utils/nnet_dense_latency.h:42]   --->   Operation 201 'sub' 'mult_830' <Predicate = true> <Delay = 1.81> <CoreInst = "Adder">   --->   Core 1 'Adder' <Latency = 0> <II = 1> <Delay = 1.81> <FuncUnit> <Opcode : 'add' 'sub'> <InPorts = 2> <OutPorts = 1>
ST_1 : Operation 202 [1/1] (0.00ns)   --->   "%sext_ln17_708 = sext i15 %mult_830" [firmware/nnet_utils/nnet_dense_latency.h:17]   --->   Operation 202 'sext' 'sext_ln17_708' <Predicate = true> <Delay = 0.00>
ST_1 : Operation 203 [1/1] (0.00ns)   --->   "%sext_ln73_138 = sext i14 %tmp_686" [firmware/nnet_utils/nnet_mult.h:73->firmware/nnet_utils/nnet_dense_latency.h:42]   --->   Operation 203 'sext' 'sext_ln73_138' <Predicate = true> <Delay = 0.00>
ST_1 : Operation 204 [1/1] (0.00ns)   --->   "%sext_ln73_139 = sext i12 %tmp_684" [firmware/nnet_utils/nnet_mult.h:73->firmware/nnet_utils/nnet_dense_latency.h:42]   --->   Operation 204 'sext' 'sext_ln73_139' <Predicate = true> <Delay = 0.00>
ST_1 : Operation 205 [1/1] (1.81ns)   --->   "%mult_831 = add i16 %sext_ln73_138, i16 %sext_ln73_139" [firmware/nnet_utils/nnet_mult.h:73->firmware/nnet_utils/nnet_dense_latency.h:42]   --->   Operation 205 'add' 'mult_831' <Predicate = true> <Delay = 1.81> <CoreInst = "Adder">   --->   Core 1 'Adder' <Latency = 0> <II = 1> <Delay = 1.81> <FuncUnit> <Opcode : 'add' 'sub'> <InPorts = 2> <OutPorts = 1>
ST_1 : Operation 206 [1/1] (0.00ns)   --->   "%sext_ln17_709 = sext i16 %mult_831" [firmware/nnet_utils/nnet_dense_latency.h:17]   --->   Operation 206 'sext' 'sext_ln17_709' <Predicate = true> <Delay = 0.00>
ST_1 : Operation 207 [1/1] (1.81ns)   --->   "%mult_832 = add i16 %sext_ln73_138, i16 %sext_ln73_17" [firmware/nnet_utils/nnet_mult.h:73->firmware/nnet_utils/nnet_dense_latency.h:42]   --->   Operation 207 'add' 'mult_832' <Predicate = true> <Delay = 1.81> <CoreInst = "Adder">   --->   Core 1 'Adder' <Latency = 0> <II = 1> <Delay = 1.81> <FuncUnit> <Opcode : 'add' 'sub'> <InPorts = 2> <OutPorts = 1>
ST_1 : Operation 208 [1/1] (4.52ns)   --->   "%mult_833 = mul i16 %sext_ln73_17, i16 26" [firmware/nnet_utils/nnet_mult.h:73->firmware/nnet_utils/nnet_dense_latency.h:42]   --->   Operation 208 'mul' 'mult_833' <Predicate = true> <Delay = 4.52> <CoreInst = "Multiplier">   --->   Core 3 'Multiplier' <Latency = 0> <II = 1> <Delay = 4.52> <FuncUnit> <Opcode : 'mul'> <InPorts = 2> <OutPorts = 1>
ST_1 : Operation 209 [1/1] (0.00ns)   --->   "%sext_ln17_710 = sext i16 %mult_833" [firmware/nnet_utils/nnet_dense_latency.h:17]   --->   Operation 209 'sext' 'sext_ln17_710' <Predicate = true> <Delay = 0.00>
ST_1 : Operation 210 [1/1] (0.00ns)   --->   "%sext_ln73_20 = sext i10 %data_5_val_read" [firmware/nnet_utils/nnet_mult.h:73->firmware/nnet_utils/nnet_dense_latency.h:42]   --->   Operation 210 'sext' 'sext_ln73_20' <Predicate = true> <Delay = 0.00>
ST_1 : Operation 211 [1/1] (0.00ns)   --->   "%sext_ln73_22 = sext i10 %data_5_val_read" [firmware/nnet_utils/nnet_mult.h:73->firmware/nnet_utils/nnet_dense_latency.h:42]   --->   Operation 211 'sext' 'sext_ln73_22' <Predicate = true> <Delay = 0.00>
ST_1 : Operation 212 [1/1] (0.00ns)   --->   "%sext_ln73_24 = sext i10 %data_5_val_read" [firmware/nnet_utils/nnet_mult.h:73->firmware/nnet_utils/nnet_dense_latency.h:42]   --->   Operation 212 'sext' 'sext_ln73_24' <Predicate = true> <Delay = 0.00>
ST_1 : Operation 213 [1/1] (0.00ns)   --->   "%tmp_687 = bitconcatenate i14 @_ssdm_op_BitConcatenate.i14.i10.i4, i10 %data_5_val_read, i4 0" [firmware/nnet_utils/nnet_mult.h:73->firmware/nnet_utils/nnet_dense_latency.h:42]   --->   Operation 213 'bitconcatenate' 'tmp_687' <Predicate = true> <Delay = 0.00>
ST_1 : Operation 214 [1/1] (0.00ns)   --->   "%sext_ln73_140 = sext i14 %tmp_687" [firmware/nnet_utils/nnet_mult.h:73->firmware/nnet_utils/nnet_dense_latency.h:42]   --->   Operation 214 'sext' 'sext_ln73_140' <Predicate = true> <Delay = 0.00>
ST_1 : Operation 215 [1/1] (0.00ns) (grouped into TernaryAdder)   --->   "%sub_ln73_940 = sub i16 0, i16 %sext_ln73_140" [firmware/nnet_utils/nnet_mult.h:73->firmware/nnet_utils/nnet_dense_latency.h:42]   --->   Operation 215 'sub' 'sub_ln73_940' <Predicate = true> <Delay = 0.00> <CoreInst = "TAddSub">   --->   Core 10 'TAddSub' <Latency = 0> <II = 1> <Delay = 1.99> <IPBlock> <Opcode : '' 'add' 'sub'> <InPorts = 3> <OutPorts = 1> <Sync> <CReg>
ST_1 : Operation 216 [1/1] (0.00ns)   --->   "%mult_844 = bitconcatenate i11 @_ssdm_op_BitConcatenate.i11.i10.i1, i10 %data_5_val_read, i1 0" [firmware/nnet_utils/nnet_mult.h:73->firmware/nnet_utils/nnet_dense_latency.h:42]   --->   Operation 216 'bitconcatenate' 'mult_844' <Predicate = true> <Delay = 0.00>
ST_1 : Operation 217 [1/1] (0.00ns)   --->   "%sext_ln73_141 = sext i11 %mult_844" [firmware/nnet_utils/nnet_mult.h:73->firmware/nnet_utils/nnet_dense_latency.h:42]   --->   Operation 217 'sext' 'sext_ln73_141' <Predicate = true> <Delay = 0.00>
ST_1 : Operation 218 [1/1] (3.90ns) (root node of TernaryAdder)   --->   "%mult_834 = sub i16 %sub_ln73_940, i16 %sext_ln73_141" [firmware/nnet_utils/nnet_mult.h:73->firmware/nnet_utils/nnet_dense_latency.h:42]   --->   Operation 218 'sub' 'mult_834' <Predicate = true> <Delay = 3.90> <CoreInst = "TAddSub">   --->   Core 10 'TAddSub' <Latency = 0> <II = 1> <Delay = 1.99> <IPBlock> <Opcode : '' 'add' 'sub'> <InPorts = 3> <OutPorts = 1> <Sync> <CReg>
ST_1 : Operation 219 [1/1] (0.00ns)   --->   "%tmp_689 = bitconcatenate i12 @_ssdm_op_BitConcatenate.i12.i10.i2, i10 %data_5_val_read, i2 0" [firmware/nnet_utils/nnet_dense_latency.h:17]   --->   Operation 219 'bitconcatenate' 'tmp_689' <Predicate = true> <Delay = 0.00>
ST_1 : Operation 220 [1/1] (0.00ns)   --->   "%sext_ln17_775 = sext i12 %tmp_689" [firmware/nnet_utils/nnet_dense_latency.h:17]   --->   Operation 220 'sext' 'sext_ln17_775' <Predicate = true> <Delay = 0.00>
ST_1 : Operation 221 [1/1] (1.54ns)   --->   "%add_ln17_2 = add i13 %sext_ln17_775, i13 %sext_ln73_20" [firmware/nnet_utils/nnet_dense_latency.h:17]   --->   Operation 221 'add' 'add_ln17_2' <Predicate = true> <Delay = 1.54> <CoreInst = "Adder">   --->   Core 1 'Adder' <Latency = 0> <II = 1> <Delay = 1.54> <FuncUnit> <Opcode : 'add' 'sub'> <InPorts = 2> <OutPorts = 1>
ST_1 : Operation 222 [1/1] (0.00ns)   --->   "%sext_ln73_142 = sext i14 %tmp_687" [firmware/nnet_utils/nnet_mult.h:73->firmware/nnet_utils/nnet_dense_latency.h:42]   --->   Operation 222 'sext' 'sext_ln73_142' <Predicate = true> <Delay = 0.00>
ST_1 : Operation 223 [1/1] (0.00ns)   --->   "%sext_ln73_143 = sext i11 %mult_844" [firmware/nnet_utils/nnet_mult.h:73->firmware/nnet_utils/nnet_dense_latency.h:42]   --->   Operation 223 'sext' 'sext_ln73_143' <Predicate = true> <Delay = 0.00>
ST_1 : Operation 224 [1/1] (1.81ns)   --->   "%mult_835 = sub i15 %sext_ln73_143, i15 %sext_ln73_142" [firmware/nnet_utils/nnet_mult.h:73->firmware/nnet_utils/nnet_dense_latency.h:42]   --->   Operation 224 'sub' 'mult_835' <Predicate = true> <Delay = 1.81> <CoreInst = "Adder">   --->   Core 1 'Adder' <Latency = 0> <II = 1> <Delay = 1.81> <FuncUnit> <Opcode : 'add' 'sub'> <InPorts = 2> <OutPorts = 1>
ST_1 : Operation 225 [1/1] (4.52ns)   --->   "%mult_836 = mul i16 %sext_ln73_24, i16 65509" [firmware/nnet_utils/nnet_mult.h:73->firmware/nnet_utils/nnet_dense_latency.h:42]   --->   Operation 225 'mul' 'mult_836' <Predicate = true> <Delay = 4.52> <CoreInst = "Multiplier">   --->   Core 3 'Multiplier' <Latency = 0> <II = 1> <Delay = 4.52> <FuncUnit> <Opcode : 'mul'> <InPorts = 2> <OutPorts = 1>
ST_1 : Operation 226 [1/1] (0.00ns)   --->   "%tmp_690 = bitconcatenate i13 @_ssdm_op_BitConcatenate.i13.i10.i3, i10 %data_5_val_read, i3 0" [firmware/nnet_utils/nnet_mult.h:73->firmware/nnet_utils/nnet_dense_latency.h:42]   --->   Operation 226 'bitconcatenate' 'tmp_690' <Predicate = true> <Delay = 0.00>
ST_1 : Operation 227 [1/1] (0.00ns)   --->   "%sext_ln73_144 = sext i13 %tmp_690" [firmware/nnet_utils/nnet_mult.h:73->firmware/nnet_utils/nnet_dense_latency.h:42]   --->   Operation 227 'sext' 'sext_ln73_144' <Predicate = true> <Delay = 0.00>
ST_1 : Operation 228 [1/1] (4.52ns)   --->   "%mult_837 = mul i16 %sext_ln73_24, i16 65513" [firmware/nnet_utils/nnet_mult.h:73->firmware/nnet_utils/nnet_dense_latency.h:42]   --->   Operation 228 'mul' 'mult_837' <Predicate = true> <Delay = 4.52> <CoreInst = "Multiplier">   --->   Core 3 'Multiplier' <Latency = 0> <II = 1> <Delay = 4.52> <FuncUnit> <Opcode : 'mul'> <InPorts = 2> <OutPorts = 1>
ST_1 : Operation 229 [1/1] (0.00ns)   --->   "%tmp_691 = bitconcatenate i15 @_ssdm_op_BitConcatenate.i15.i10.i5, i10 %data_5_val_read, i5 0" [firmware/nnet_utils/nnet_mult.h:73->firmware/nnet_utils/nnet_dense_latency.h:42]   --->   Operation 229 'bitconcatenate' 'tmp_691' <Predicate = true> <Delay = 0.00>
ST_1 : Operation 230 [1/1] (0.00ns)   --->   "%sext_ln73_145 = sext i15 %tmp_691" [firmware/nnet_utils/nnet_mult.h:73->firmware/nnet_utils/nnet_dense_latency.h:42]   --->   Operation 230 'sext' 'sext_ln73_145' <Predicate = true> <Delay = 0.00>
ST_1 : Operation 231 [1/1] (0.00ns)   --->   "%sext_ln73_146 = sext i13 %tmp_690" [firmware/nnet_utils/nnet_mult.h:73->firmware/nnet_utils/nnet_dense_latency.h:42]   --->   Operation 231 'sext' 'sext_ln73_146' <Predicate = true> <Delay = 0.00>
ST_1 : Operation 232 [1/1] (1.94ns)   --->   "%mult_838 = sub i16 %sext_ln73_145, i16 %sext_ln73_146" [firmware/nnet_utils/nnet_mult.h:73->firmware/nnet_utils/nnet_dense_latency.h:42]   --->   Operation 232 'sub' 'mult_838' <Predicate = true> <Delay = 1.94> <CoreInst = "Adder">   --->   Core 1 'Adder' <Latency = 0> <II = 1> <Delay = 1.94> <FuncUnit> <Opcode : 'add' 'sub'> <InPorts = 2> <OutPorts = 1>
ST_1 : Operation 233 [1/1] (0.00ns)   --->   "%sext_ln17_712 = sext i16 %mult_838" [firmware/nnet_utils/nnet_dense_latency.h:17]   --->   Operation 233 'sext' 'sext_ln17_712' <Predicate = true> <Delay = 0.00>
ST_1 : Operation 234 [1/1] (0.00ns)   --->   "%sext_ln73_149 = sext i12 %tmp_689" [firmware/nnet_utils/nnet_mult.h:73->firmware/nnet_utils/nnet_dense_latency.h:42]   --->   Operation 234 'sext' 'sext_ln73_149' <Predicate = true> <Delay = 0.00>
ST_1 : Operation 235 [1/1] (0.00ns) (grouped into TernaryAdder)   --->   "%mult_840 = add i16 %sext_ln73_140, i16 %sext_ln73_149" [firmware/nnet_utils/nnet_mult.h:73->firmware/nnet_utils/nnet_dense_latency.h:42]   --->   Operation 235 'add' 'mult_840' <Predicate = true> <Delay = 0.00> <CoreInst = "TAddSub">   --->   Core 10 'TAddSub' <Latency = 0> <II = 1> <Delay = 1.99> <IPBlock> <Opcode : '' 'add' 'sub'> <InPorts = 3> <OutPorts = 1> <Sync> <CReg>
ST_1 : Operation 236 [1/1] (1.54ns)   --->   "%mult_841 = sub i13 %sext_ln17_775, i13 %sext_ln73_20" [firmware/nnet_utils/nnet_mult.h:73->firmware/nnet_utils/nnet_dense_latency.h:42]   --->   Operation 236 'sub' 'mult_841' <Predicate = true> <Delay = 1.54> <CoreInst = "Adder">   --->   Core 1 'Adder' <Latency = 0> <II = 1> <Delay = 1.54> <FuncUnit> <Opcode : 'add' 'sub'> <InPorts = 2> <OutPorts = 1>
ST_1 : Operation 237 [1/1] (0.00ns)   --->   "%sext_ln17_713 = sext i13 %mult_841" [firmware/nnet_utils/nnet_dense_latency.h:17]   --->   Operation 237 'sext' 'sext_ln17_713' <Predicate = true> <Delay = 0.00>
ST_1 : Operation 238 [1/1] (0.00ns)   --->   "%sext_ln73_150 = sext i13 %tmp_690" [firmware/nnet_utils/nnet_mult.h:73->firmware/nnet_utils/nnet_dense_latency.h:42]   --->   Operation 238 'sext' 'sext_ln73_150' <Predicate = true> <Delay = 0.00>
ST_1 : Operation 239 [1/1] (0.00ns) (grouped into TernaryAdder)   --->   "%sub_ln73_945 = sub i15 0, i15 %sext_ln73_150" [firmware/nnet_utils/nnet_mult.h:73->firmware/nnet_utils/nnet_dense_latency.h:42]   --->   Operation 239 'sub' 'sub_ln73_945' <Predicate = true> <Delay = 0.00> <CoreInst = "TAddSub">   --->   Core 10 'TAddSub' <Latency = 0> <II = 1> <Delay = 1.99> <IPBlock> <Opcode : '' 'add' 'sub'> <InPorts = 3> <OutPorts = 1> <Sync> <CReg>
ST_1 : Operation 240 [1/1] (3.87ns) (root node of TernaryAdder)   --->   "%mult_842 = sub i15 %sub_ln73_945, i15 %sext_ln73_143" [firmware/nnet_utils/nnet_mult.h:73->firmware/nnet_utils/nnet_dense_latency.h:42]   --->   Operation 240 'sub' 'mult_842' <Predicate = true> <Delay = 3.87> <CoreInst = "TAddSub">   --->   Core 10 'TAddSub' <Latency = 0> <II = 1> <Delay = 1.99> <IPBlock> <Opcode : '' 'add' 'sub'> <InPorts = 3> <OutPorts = 1> <Sync> <CReg>
ST_1 : Operation 241 [1/1] (0.00ns) (grouped into TernaryAdder)   --->   "%mult_843 = sub i15 %sext_ln73_22, i15 %sext_ln73_142" [firmware/nnet_utils/nnet_mult.h:73->firmware/nnet_utils/nnet_dense_latency.h:42]   --->   Operation 241 'sub' 'mult_843' <Predicate = true> <Delay = 0.00> <CoreInst = "TAddSub">   --->   Core 10 'TAddSub' <Latency = 0> <II = 1> <Delay = 1.99> <IPBlock> <Opcode : '' 'add' 'sub'> <InPorts = 3> <OutPorts = 1> <Sync> <CReg>
ST_1 : Operation 242 [1/1] (0.00ns)   --->   "%sext_ln17_714 = sext i11 %mult_844" [firmware/nnet_utils/nnet_dense_latency.h:17]   --->   Operation 242 'sext' 'sext_ln17_714' <Predicate = true> <Delay = 0.00>
ST_1 : Operation 243 [1/1] (0.00ns)   --->   "%sext_ln73_25 = sext i10 %data_6_val_read" [firmware/nnet_utils/nnet_mult.h:73->firmware/nnet_utils/nnet_dense_latency.h:42]   --->   Operation 243 'sext' 'sext_ln73_25' <Predicate = true> <Delay = 0.00>
ST_1 : Operation 244 [1/1] (0.00ns)   --->   "%sext_ln73_26 = sext i10 %data_6_val_read" [firmware/nnet_utils/nnet_mult.h:73->firmware/nnet_utils/nnet_dense_latency.h:42]   --->   Operation 244 'sext' 'sext_ln73_26' <Predicate = true> <Delay = 0.00>
ST_1 : Operation 245 [1/1] (0.00ns)   --->   "%sext_ln73_27 = sext i10 %data_6_val_read" [firmware/nnet_utils/nnet_mult.h:73->firmware/nnet_utils/nnet_dense_latency.h:42]   --->   Operation 245 'sext' 'sext_ln73_27' <Predicate = true> <Delay = 0.00>
ST_1 : Operation 246 [1/1] (0.00ns)   --->   "%sext_ln73_28 = sext i10 %data_6_val_read" [firmware/nnet_utils/nnet_mult.h:73->firmware/nnet_utils/nnet_dense_latency.h:42]   --->   Operation 246 'sext' 'sext_ln73_28' <Predicate = true> <Delay = 0.00>
ST_1 : Operation 247 [1/1] (0.00ns)   --->   "%sext_ln73_151 = sext i10 %data_6_val_read" [firmware/nnet_utils/nnet_mult.h:73->firmware/nnet_utils/nnet_dense_latency.h:42]   --->   Operation 247 'sext' 'sext_ln73_151' <Predicate = true> <Delay = 0.00>
ST_1 : Operation 248 [1/1] (0.00ns)   --->   "%sext_ln73_29 = sext i10 %data_6_val_read" [firmware/nnet_utils/nnet_mult.h:73->firmware/nnet_utils/nnet_dense_latency.h:42]   --->   Operation 248 'sext' 'sext_ln73_29' <Predicate = true> <Delay = 0.00>
ST_1 : Operation 249 [1/1] (0.00ns)   --->   "%tmp_692 = bitconcatenate i12 @_ssdm_op_BitConcatenate.i12.i10.i2, i10 %data_6_val_read, i2 0" [firmware/nnet_utils/nnet_mult.h:73->firmware/nnet_utils/nnet_dense_latency.h:42]   --->   Operation 249 'bitconcatenate' 'tmp_692' <Predicate = true> <Delay = 0.00>
ST_1 : Operation 250 [1/1] (0.00ns)   --->   "%sext_ln73_152 = sext i12 %tmp_692" [firmware/nnet_utils/nnet_mult.h:73->firmware/nnet_utils/nnet_dense_latency.h:42]   --->   Operation 250 'sext' 'sext_ln73_152' <Predicate = true> <Delay = 0.00>
ST_1 : Operation 251 [1/1] (0.00ns) (grouped into TernaryAdder)   --->   "%mult_845 = add i14 %sext_ln73_152, i14 %sext_ln73_29" [firmware/nnet_utils/nnet_mult.h:73->firmware/nnet_utils/nnet_dense_latency.h:42]   --->   Operation 251 'add' 'mult_845' <Predicate = true> <Delay = 0.00> <CoreInst = "TAddSub">   --->   Core 10 'TAddSub' <Latency = 0> <II = 1> <Delay = 1.99> <IPBlock> <Opcode : '' 'add' 'sub'> <InPorts = 3> <OutPorts = 1> <Sync> <CReg>
ST_1 : Operation 252 [1/1] (0.00ns)   --->   "%tmp_693 = bitconcatenate i13 @_ssdm_op_BitConcatenate.i13.i10.i3, i10 %data_6_val_read, i3 0" [firmware/nnet_utils/nnet_mult.h:73->firmware/nnet_utils/nnet_dense_latency.h:42]   --->   Operation 252 'bitconcatenate' 'tmp_693' <Predicate = true> <Delay = 0.00>
ST_1 : Operation 253 [1/1] (0.00ns)   --->   "%tmp_694 = bitconcatenate i14 @_ssdm_op_BitConcatenate.i14.i10.i4, i10 %data_6_val_read, i4 0" [firmware/nnet_utils/nnet_mult.h:73->firmware/nnet_utils/nnet_dense_latency.h:42]   --->   Operation 253 'bitconcatenate' 'tmp_694' <Predicate = true> <Delay = 0.00>
ST_1 : Operation 254 [1/1] (0.00ns)   --->   "%sext_ln73_153 = sext i14 %tmp_694" [firmware/nnet_utils/nnet_mult.h:73->firmware/nnet_utils/nnet_dense_latency.h:42]   --->   Operation 254 'sext' 'sext_ln73_153' <Predicate = true> <Delay = 0.00>
ST_1 : Operation 255 [1/1] (0.00ns) (grouped into TernaryAdder)   --->   "%mult_846 = sub i15 %sext_ln73_28, i15 %sext_ln73_153" [firmware/nnet_utils/nnet_mult.h:73->firmware/nnet_utils/nnet_dense_latency.h:42]   --->   Operation 255 'sub' 'mult_846' <Predicate = true> <Delay = 0.00> <CoreInst = "TAddSub">   --->   Core 10 'TAddSub' <Latency = 0> <II = 1> <Delay = 1.99> <IPBlock> <Opcode : '' 'add' 'sub'> <InPorts = 3> <OutPorts = 1> <Sync> <CReg>
ST_1 : Operation 256 [1/1] (0.00ns)   --->   "%tmp_695 = bitconcatenate i15 @_ssdm_op_BitConcatenate.i15.i10.i5, i10 %data_6_val_read, i5 0" [firmware/nnet_utils/nnet_mult.h:73->firmware/nnet_utils/nnet_dense_latency.h:42]   --->   Operation 256 'bitconcatenate' 'tmp_695' <Predicate = true> <Delay = 0.00>
ST_1 : Operation 257 [1/1] (0.00ns)   --->   "%sext_ln73_154 = sext i15 %tmp_695" [firmware/nnet_utils/nnet_mult.h:73->firmware/nnet_utils/nnet_dense_latency.h:42]   --->   Operation 257 'sext' 'sext_ln73_154' <Predicate = true> <Delay = 0.00>
ST_1 : Operation 258 [1/1] (1.94ns)   --->   "%mult_847 = add i17 %sext_ln73_154, i17 %sext_ln73_27" [firmware/nnet_utils/nnet_mult.h:73->firmware/nnet_utils/nnet_dense_latency.h:42]   --->   Operation 258 'add' 'mult_847' <Predicate = true> <Delay = 1.94> <CoreInst = "Adder">   --->   Core 1 'Adder' <Latency = 0> <II = 1> <Delay = 1.94> <FuncUnit> <Opcode : 'add' 'sub'> <InPorts = 2> <OutPorts = 1>
ST_1 : Operation 259 [1/1] (0.00ns)   --->   "%sext_ln73_155 = sext i12 %tmp_692" [firmware/nnet_utils/nnet_mult.h:73->firmware/nnet_utils/nnet_dense_latency.h:42]   --->   Operation 259 'sext' 'sext_ln73_155' <Predicate = true> <Delay = 0.00>
ST_1 : Operation 260 [1/1] (0.00ns)   --->   "%sext_ln73_156 = sext i14 %tmp_694" [firmware/nnet_utils/nnet_mult.h:73->firmware/nnet_utils/nnet_dense_latency.h:42]   --->   Operation 260 'sext' 'sext_ln73_156' <Predicate = true> <Delay = 0.00>
ST_1 : Operation 261 [1/1] (0.00ns) (grouped into TernaryAdder)   --->   "%sub_ln73_949 = sub i16 0, i16 %sext_ln73_156" [firmware/nnet_utils/nnet_mult.h:73->firmware/nnet_utils/nnet_dense_latency.h:42]   --->   Operation 261 'sub' 'sub_ln73_949' <Predicate = true> <Delay = 0.00> <CoreInst = "TAddSub">   --->   Core 10 'TAddSub' <Latency = 0> <II = 1> <Delay = 1.99> <IPBlock> <Opcode : '' 'add' 'sub'> <InPorts = 3> <OutPorts = 1> <Sync> <CReg>
ST_1 : Operation 262 [1/1] (0.00ns)   --->   "%sext_ln73_157 = sext i12 %tmp_692" [firmware/nnet_utils/nnet_mult.h:73->firmware/nnet_utils/nnet_dense_latency.h:42]   --->   Operation 262 'sext' 'sext_ln73_157' <Predicate = true> <Delay = 0.00>
ST_1 : Operation 263 [1/1] (3.90ns) (root node of TernaryAdder)   --->   "%mult_848 = sub i16 %sub_ln73_949, i16 %sext_ln73_157" [firmware/nnet_utils/nnet_mult.h:73->firmware/nnet_utils/nnet_dense_latency.h:42]   --->   Operation 263 'sub' 'mult_848' <Predicate = true> <Delay = 3.90> <CoreInst = "TAddSub">   --->   Core 10 'TAddSub' <Latency = 0> <II = 1> <Delay = 1.99> <IPBlock> <Opcode : '' 'add' 'sub'> <InPorts = 3> <OutPorts = 1> <Sync> <CReg>
ST_1 : Operation 264 [1/1] (0.00ns)   --->   "%sext_ln17_716 = sext i16 %mult_848" [firmware/nnet_utils/nnet_dense_latency.h:17]   --->   Operation 264 'sext' 'sext_ln17_716' <Predicate = true> <Delay = 0.00>
ST_1 : Operation 265 [1/1] (4.52ns)   --->   "%mult_849 = mul i16 %sext_ln73_25, i16 26" [firmware/nnet_utils/nnet_mult.h:73->firmware/nnet_utils/nnet_dense_latency.h:42]   --->   Operation 265 'mul' 'mult_849' <Predicate = true> <Delay = 4.52> <CoreInst = "Multiplier">   --->   Core 3 'Multiplier' <Latency = 0> <II = 1> <Delay = 4.52> <FuncUnit> <Opcode : 'mul'> <InPorts = 2> <OutPorts = 1>
ST_1 : Operation 266 [1/1] (1.81ns)   --->   "%sub_ln17_21 = sub i14 %tmp_694, i14 %sext_ln73_152" [firmware/nnet_utils/nnet_dense_latency.h:17]   --->   Operation 266 'sub' 'sub_ln17_21' <Predicate = true> <Delay = 1.81> <CoreInst = "Adder">   --->   Core 1 'Adder' <Latency = 0> <II = 1> <Delay = 1.81> <FuncUnit> <Opcode : 'add' 'sub'> <InPorts = 2> <OutPorts = 1>
ST_1 : Operation 267 [1/1] (0.00ns)   --->   "%tmp_696 = bitconcatenate i11 @_ssdm_op_BitConcatenate.i11.i10.i1, i10 %data_6_val_read, i1 0" [firmware/nnet_utils/nnet_mult.h:73->firmware/nnet_utils/nnet_dense_latency.h:42]   --->   Operation 267 'bitconcatenate' 'tmp_696' <Predicate = true> <Delay = 0.00>
ST_1 : Operation 268 [1/1] (0.00ns)   --->   "%sext_ln73_158 = sext i11 %tmp_696" [firmware/nnet_utils/nnet_mult.h:73->firmware/nnet_utils/nnet_dense_latency.h:42]   --->   Operation 268 'sext' 'sext_ln73_158' <Predicate = true> <Delay = 0.00>
ST_1 : Operation 269 [1/1] (1.81ns)   --->   "%mult_850 = add i16 %sext_ln73_156, i16 %sext_ln73_158" [firmware/nnet_utils/nnet_mult.h:73->firmware/nnet_utils/nnet_dense_latency.h:42]   --->   Operation 269 'add' 'mult_850' <Predicate = true> <Delay = 1.81> <CoreInst = "Adder">   --->   Core 1 'Adder' <Latency = 0> <II = 1> <Delay = 1.81> <FuncUnit> <Opcode : 'add' 'sub'> <InPorts = 2> <OutPorts = 1>
ST_1 : Operation 270 [1/1] (0.00ns)   --->   "%sext_ln17_718 = sext i16 %mult_850" [firmware/nnet_utils/nnet_dense_latency.h:17]   --->   Operation 270 'sext' 'sext_ln17_718' <Predicate = true> <Delay = 0.00>
ST_1 : Operation 271 [1/1] (0.00ns) (grouped into TernaryAdder)   --->   "%sub_ln73_951 = sub i14 0, i14 %sext_ln73_152" [firmware/nnet_utils/nnet_mult.h:73->firmware/nnet_utils/nnet_dense_latency.h:42]   --->   Operation 271 'sub' 'sub_ln73_951' <Predicate = true> <Delay = 0.00> <CoreInst = "TAddSub">   --->   Core 10 'TAddSub' <Latency = 0> <II = 1> <Delay = 1.99> <IPBlock> <Opcode : '' 'add' 'sub'> <InPorts = 3> <OutPorts = 1> <Sync> <CReg>
ST_1 : Operation 272 [1/1] (3.84ns) (root node of TernaryAdder)   --->   "%mult_851 = sub i14 %sub_ln73_951, i14 %sext_ln73_29" [firmware/nnet_utils/nnet_mult.h:73->firmware/nnet_utils/nnet_dense_latency.h:42]   --->   Operation 272 'sub' 'mult_851' <Predicate = true> <Delay = 3.84> <CoreInst = "TAddSub">   --->   Core 10 'TAddSub' <Latency = 0> <II = 1> <Delay = 1.99> <IPBlock> <Opcode : '' 'add' 'sub'> <InPorts = 3> <OutPorts = 1> <Sync> <CReg>
ST_1 : Operation 273 [1/1] (0.00ns)   --->   "%sext_ln17_719 = sext i14 %mult_851" [firmware/nnet_utils/nnet_dense_latency.h:17]   --->   Operation 273 'sext' 'sext_ln17_719' <Predicate = true> <Delay = 0.00>
ST_1 : Operation 274 [1/1] (4.52ns)   --->   "%mult_852 = mul i17 %sext_ln73_27, i17 41" [firmware/nnet_utils/nnet_mult.h:73->firmware/nnet_utils/nnet_dense_latency.h:42]   --->   Operation 274 'mul' 'mult_852' <Predicate = true> <Delay = 4.52> <CoreInst = "Multiplier">   --->   Core 3 'Multiplier' <Latency = 0> <II = 1> <Delay = 4.52> <FuncUnit> <Opcode : 'mul'> <InPorts = 2> <OutPorts = 1>
ST_1 : Operation 275 [1/1] (4.52ns)   --->   "%mul_ln17_4 = mul i14 %sext_ln73_29, i14 16373" [firmware/nnet_utils/nnet_dense_latency.h:17]   --->   Operation 275 'mul' 'mul_ln17_4' <Predicate = true> <Delay = 4.52> <CoreInst = "Multiplier">   --->   Core 3 'Multiplier' <Latency = 0> <II = 1> <Delay = 4.52> <FuncUnit> <Opcode : 'mul'> <InPorts = 2> <OutPorts = 1>
ST_1 : Operation 276 [1/1] (0.00ns)   --->   "%sext_ln73_30 = sext i10 %data_7_val_read" [firmware/nnet_utils/nnet_mult.h:73->firmware/nnet_utils/nnet_dense_latency.h:42]   --->   Operation 276 'sext' 'sext_ln73_30' <Predicate = true> <Delay = 0.00>
ST_1 : Operation 277 [1/1] (0.00ns)   --->   "%sext_ln73_31 = sext i10 %data_7_val_read" [firmware/nnet_utils/nnet_mult.h:73->firmware/nnet_utils/nnet_dense_latency.h:42]   --->   Operation 277 'sext' 'sext_ln73_31' <Predicate = true> <Delay = 0.00>
ST_1 : Operation 278 [1/1] (0.00ns)   --->   "%sext_ln73_32 = sext i10 %data_7_val_read" [firmware/nnet_utils/nnet_mult.h:73->firmware/nnet_utils/nnet_dense_latency.h:42]   --->   Operation 278 'sext' 'sext_ln73_32' <Predicate = true> <Delay = 0.00>
ST_1 : Operation 279 [1/1] (0.00ns)   --->   "%sext_ln73_33 = sext i10 %data_7_val_read" [firmware/nnet_utils/nnet_mult.h:73->firmware/nnet_utils/nnet_dense_latency.h:42]   --->   Operation 279 'sext' 'sext_ln73_33' <Predicate = true> <Delay = 0.00>
ST_1 : Operation 280 [1/1] (0.00ns)   --->   "%tmp_697 = bitconcatenate i13 @_ssdm_op_BitConcatenate.i13.i10.i3, i10 %data_7_val_read, i3 0" [firmware/nnet_utils/nnet_dense_latency.h:17]   --->   Operation 280 'bitconcatenate' 'tmp_697' <Predicate = true> <Delay = 0.00>
ST_1 : Operation 281 [1/1] (0.00ns)   --->   "%sext_ln17_783 = sext i13 %tmp_697" [firmware/nnet_utils/nnet_dense_latency.h:17]   --->   Operation 281 'sext' 'sext_ln17_783' <Predicate = true> <Delay = 0.00>
ST_1 : Operation 282 [1/1] (0.00ns) (grouped into TernaryAdder)   --->   "%sub_ln17_22 = sub i14 0, i14 %sext_ln17_783" [firmware/nnet_utils/nnet_dense_latency.h:17]   --->   Operation 282 'sub' 'sub_ln17_22' <Predicate = true> <Delay = 0.00> <CoreInst = "TAddSub">   --->   Core 10 'TAddSub' <Latency = 0> <II = 1> <Delay = 1.99> <IPBlock> <Opcode : '' 'add' 'sub'> <InPorts = 3> <OutPorts = 1> <Sync> <CReg>
ST_1 : Operation 283 [1/1] (3.84ns) (root node of TernaryAdder)   --->   "%sub_ln17_23 = sub i14 %sub_ln17_22, i14 %sext_ln73_32" [firmware/nnet_utils/nnet_dense_latency.h:17]   --->   Operation 283 'sub' 'sub_ln17_23' <Predicate = true> <Delay = 3.84> <CoreInst = "TAddSub">   --->   Core 10 'TAddSub' <Latency = 0> <II = 1> <Delay = 1.99> <IPBlock> <Opcode : '' 'add' 'sub'> <InPorts = 3> <OutPorts = 1> <Sync> <CReg>
ST_1 : Operation 284 [1/1] (0.00ns) (grouped into TernaryAdder)   --->   "%mult_853 = sub i14 %sext_ln17_783, i14 %sext_ln73_32" [firmware/nnet_utils/nnet_mult.h:73->firmware/nnet_utils/nnet_dense_latency.h:42]   --->   Operation 284 'sub' 'mult_853' <Predicate = true> <Delay = 0.00> <CoreInst = "TAddSub">   --->   Core 10 'TAddSub' <Latency = 0> <II = 1> <Delay = 1.99> <IPBlock> <Opcode : '' 'add' 'sub'> <InPorts = 3> <OutPorts = 1> <Sync> <CReg>
ST_1 : Operation 285 [1/1] (4.52ns)   --->   "%mult_854 = mul i17 %sext_ln73_31, i17 131031" [firmware/nnet_utils/nnet_mult.h:73->firmware/nnet_utils/nnet_dense_latency.h:42]   --->   Operation 285 'mul' 'mult_854' <Predicate = true> <Delay = 4.52> <CoreInst = "Multiplier">   --->   Core 3 'Multiplier' <Latency = 0> <II = 1> <Delay = 4.52> <FuncUnit> <Opcode : 'mul'> <InPorts = 2> <OutPorts = 1>
ST_1 : Operation 286 [1/1] (4.52ns)   --->   "%mult_855 = mul i15 %sext_ln73_33, i15 13" [firmware/nnet_utils/nnet_mult.h:73->firmware/nnet_utils/nnet_dense_latency.h:42]   --->   Operation 286 'mul' 'mult_855' <Predicate = true> <Delay = 4.52> <CoreInst = "Multiplier">   --->   Core 3 'Multiplier' <Latency = 0> <II = 1> <Delay = 4.52> <FuncUnit> <Opcode : 'mul'> <InPorts = 2> <OutPorts = 1>
ST_1 : Operation 287 [1/1] (0.00ns)   --->   "%sext_ln17_720 = sext i15 %mult_855" [firmware/nnet_utils/nnet_dense_latency.h:17]   --->   Operation 287 'sext' 'sext_ln17_720' <Predicate = true> <Delay = 0.00>
ST_1 : Operation 288 [1/1] (4.52ns)   --->   "%mult_856 = mul i16 %sext_ln73_30, i16 65515" [firmware/nnet_utils/nnet_mult.h:73->firmware/nnet_utils/nnet_dense_latency.h:42]   --->   Operation 288 'mul' 'mult_856' <Predicate = true> <Delay = 4.52> <CoreInst = "Multiplier">   --->   Core 3 'Multiplier' <Latency = 0> <II = 1> <Delay = 4.52> <FuncUnit> <Opcode : 'mul'> <InPorts = 2> <OutPorts = 1>
ST_1 : Operation 289 [1/1] (0.00ns)   --->   "%mult_865 = bitconcatenate i14 @_ssdm_op_BitConcatenate.i14.i10.i4, i10 %data_7_val_read, i4 0" [firmware/nnet_utils/nnet_mult.h:73->firmware/nnet_utils/nnet_dense_latency.h:42]   --->   Operation 289 'bitconcatenate' 'mult_865' <Predicate = true> <Delay = 0.00>
ST_1 : Operation 290 [1/1] (0.00ns)   --->   "%sext_ln73_159 = sext i14 %mult_865" [firmware/nnet_utils/nnet_mult.h:73->firmware/nnet_utils/nnet_dense_latency.h:42]   --->   Operation 290 'sext' 'sext_ln73_159' <Predicate = true> <Delay = 0.00>
ST_1 : Operation 291 [1/1] (1.81ns)   --->   "%sub_ln73_954 = sub i16 0, i16 %sext_ln73_159" [firmware/nnet_utils/nnet_mult.h:73->firmware/nnet_utils/nnet_dense_latency.h:42]   --->   Operation 291 'sub' 'sub_ln73_954' <Predicate = true> <Delay = 1.81> <CoreInst = "Adder">   --->   Core 1 'Adder' <Latency = 0> <II = 1> <Delay = 1.81> <FuncUnit> <Opcode : 'add' 'sub'> <InPorts = 2> <OutPorts = 1>
ST_1 : Operation 292 [1/1] (0.00ns) (grouped into TernaryAdder)   --->   "%mult_857 = sub i16 %sub_ln73_954, i16 %sext_ln73_30" [firmware/nnet_utils/nnet_mult.h:73->firmware/nnet_utils/nnet_dense_latency.h:42]   --->   Operation 292 'sub' 'mult_857' <Predicate = true> <Delay = 0.00> <CoreInst = "TAddSub">   --->   Core 10 'TAddSub' <Latency = 0> <II = 1> <Delay = 1.99> <IPBlock> <Opcode : '' 'add' 'sub'> <InPorts = 3> <OutPorts = 1> <Sync> <CReg>
ST_1 : Operation 293 [1/1] (4.52ns)   --->   "%mult_858 = mul i17 %sext_ln73_31, i17 131037" [firmware/nnet_utils/nnet_mult.h:73->firmware/nnet_utils/nnet_dense_latency.h:42]   --->   Operation 293 'mul' 'mult_858' <Predicate = true> <Delay = 4.52> <CoreInst = "Multiplier">   --->   Core 3 'Multiplier' <Latency = 0> <II = 1> <Delay = 4.52> <FuncUnit> <Opcode : 'mul'> <InPorts = 2> <OutPorts = 1>
ST_1 : Operation 294 [1/1] (4.52ns)   --->   "%mult_859 = mul i16 %sext_ln73_30, i16 65507" [firmware/nnet_utils/nnet_mult.h:73->firmware/nnet_utils/nnet_dense_latency.h:42]   --->   Operation 294 'mul' 'mult_859' <Predicate = true> <Delay = 4.52> <CoreInst = "Multiplier">   --->   Core 3 'Multiplier' <Latency = 0> <II = 1> <Delay = 4.52> <FuncUnit> <Opcode : 'mul'> <InPorts = 2> <OutPorts = 1>
ST_1 : Operation 295 [1/1] (0.00ns)   --->   "%mult_864 = bitconcatenate i15 @_ssdm_op_BitConcatenate.i15.i10.i5, i10 %data_7_val_read, i5 0" [firmware/nnet_utils/nnet_mult.h:73->firmware/nnet_utils/nnet_dense_latency.h:42]   --->   Operation 295 'bitconcatenate' 'mult_864' <Predicate = true> <Delay = 0.00>
ST_1 : Operation 296 [1/1] (0.00ns)   --->   "%sext_ln73_160 = sext i15 %mult_864" [firmware/nnet_utils/nnet_mult.h:73->firmware/nnet_utils/nnet_dense_latency.h:42]   --->   Operation 296 'sext' 'sext_ln73_160' <Predicate = true> <Delay = 0.00>
ST_1 : Operation 297 [1/1] (0.00ns)   --->   "%sext_ln73_161 = sext i13 %tmp_697" [firmware/nnet_utils/nnet_mult.h:73->firmware/nnet_utils/nnet_dense_latency.h:42]   --->   Operation 297 'sext' 'sext_ln73_161' <Predicate = true> <Delay = 0.00>
ST_1 : Operation 298 [1/1] (0.00ns) (grouped into TernaryAdder)   --->   "%mult_860 = sub i16 %sext_ln73_161, i16 %sext_ln73_160" [firmware/nnet_utils/nnet_mult.h:73->firmware/nnet_utils/nnet_dense_latency.h:42]   --->   Operation 298 'sub' 'mult_860' <Predicate = true> <Delay = 0.00> <CoreInst = "TAddSub">   --->   Core 10 'TAddSub' <Latency = 0> <II = 1> <Delay = 1.99> <IPBlock> <Opcode : '' 'add' 'sub'> <InPorts = 3> <OutPorts = 1> <Sync> <CReg>
ST_1 : Operation 299 [1/1] (0.00ns)   --->   "%tmp_700 = bitconcatenate i11 @_ssdm_op_BitConcatenate.i11.i10.i1, i10 %data_7_val_read, i1 0" [firmware/nnet_utils/nnet_mult.h:73->firmware/nnet_utils/nnet_dense_latency.h:42]   --->   Operation 299 'bitconcatenate' 'tmp_700' <Predicate = true> <Delay = 0.00>
ST_1 : Operation 300 [1/1] (0.00ns)   --->   "%sext_ln73_162 = sext i11 %tmp_700" [firmware/nnet_utils/nnet_mult.h:73->firmware/nnet_utils/nnet_dense_latency.h:42]   --->   Operation 300 'sext' 'sext_ln73_162' <Predicate = true> <Delay = 0.00>
ST_1 : Operation 301 [1/1] (1.94ns)   --->   "%mult_861 = sub i16 %sext_ln73_160, i16 %sext_ln73_162" [firmware/nnet_utils/nnet_mult.h:73->firmware/nnet_utils/nnet_dense_latency.h:42]   --->   Operation 301 'sub' 'mult_861' <Predicate = true> <Delay = 1.94> <CoreInst = "Adder">   --->   Core 1 'Adder' <Latency = 0> <II = 1> <Delay = 1.94> <FuncUnit> <Opcode : 'add' 'sub'> <InPorts = 2> <OutPorts = 1>
ST_1 : Operation 302 [1/1] (0.00ns)   --->   "%sext_ln17_721 = sext i16 %mult_861" [firmware/nnet_utils/nnet_dense_latency.h:17]   --->   Operation 302 'sext' 'sext_ln17_721' <Predicate = true> <Delay = 0.00>
ST_1 : Operation 303 [1/1] (0.00ns) (grouped into TernaryAdder)   --->   "%mult_862 = sub i16 %sub_ln73_954, i16 %sext_ln73_162" [firmware/nnet_utils/nnet_mult.h:73->firmware/nnet_utils/nnet_dense_latency.h:42]   --->   Operation 303 'sub' 'mult_862' <Predicate = true> <Delay = 0.00> <CoreInst = "TAddSub">   --->   Core 10 'TAddSub' <Latency = 0> <II = 1> <Delay = 1.99> <IPBlock> <Opcode : '' 'add' 'sub'> <InPorts = 3> <OutPorts = 1> <Sync> <CReg>
ST_1 : Operation 304 [1/1] (4.52ns)   --->   "%mult_863 = mul i16 %sext_ln73_30, i16 29" [firmware/nnet_utils/nnet_mult.h:73->firmware/nnet_utils/nnet_dense_latency.h:42]   --->   Operation 304 'mul' 'mult_863' <Predicate = true> <Delay = 4.52> <CoreInst = "Multiplier">   --->   Core 3 'Multiplier' <Latency = 0> <II = 1> <Delay = 4.52> <FuncUnit> <Opcode : 'mul'> <InPorts = 2> <OutPorts = 1>
ST_1 : Operation 305 [1/1] (0.00ns)   --->   "%sext_ln73_163 = sext i15 %mult_864" [firmware/nnet_utils/nnet_mult.h:73->firmware/nnet_utils/nnet_dense_latency.h:42]   --->   Operation 305 'sext' 'sext_ln73_163' <Predicate = true> <Delay = 0.00>
ST_1 : Operation 306 [1/1] (0.00ns) (grouped into TernaryAdder)   --->   "%sub_ln73_959 = sub i17 0, i17 %sext_ln73_163" [firmware/nnet_utils/nnet_mult.h:73->firmware/nnet_utils/nnet_dense_latency.h:42]   --->   Operation 306 'sub' 'sub_ln73_959' <Predicate = true> <Delay = 0.00> <CoreInst = "TAddSub">   --->   Core 10 'TAddSub' <Latency = 0> <II = 1> <Delay = 1.99> <IPBlock> <Opcode : '' 'add' 'sub'> <InPorts = 3> <OutPorts = 1> <Sync> <CReg>
ST_1 : Operation 307 [1/1] (3.93ns) (root node of TernaryAdder)   --->   "%mult_866 = sub i17 %sub_ln73_959, i17 %sext_ln73_31" [firmware/nnet_utils/nnet_mult.h:73->firmware/nnet_utils/nnet_dense_latency.h:42]   --->   Operation 307 'sub' 'mult_866' <Predicate = true> <Delay = 3.93> <CoreInst = "TAddSub">   --->   Core 10 'TAddSub' <Latency = 0> <II = 1> <Delay = 1.99> <IPBlock> <Opcode : '' 'add' 'sub'> <InPorts = 3> <OutPorts = 1> <Sync> <CReg>
ST_1 : Operation 308 [1/1] (0.00ns)   --->   "%sext_ln17_724 = sext i17 %mult_866" [firmware/nnet_utils/nnet_dense_latency.h:17]   --->   Operation 308 'sext' 'sext_ln17_724' <Predicate = true> <Delay = 0.00>
ST_1 : Operation 309 [1/1] (4.52ns)   --->   "%mult_867 = mul i16 %sext_ln73_30, i16 25" [firmware/nnet_utils/nnet_mult.h:73->firmware/nnet_utils/nnet_dense_latency.h:42]   --->   Operation 309 'mul' 'mult_867' <Predicate = true> <Delay = 4.52> <CoreInst = "Multiplier">   --->   Core 3 'Multiplier' <Latency = 0> <II = 1> <Delay = 4.52> <FuncUnit> <Opcode : 'mul'> <InPorts = 2> <OutPorts = 1>
ST_1 : Operation 310 [1/1] (0.00ns)   --->   "%sext_ln73_34 = sext i10 %data_8_val_read" [firmware/nnet_utils/nnet_mult.h:73->firmware/nnet_utils/nnet_dense_latency.h:42]   --->   Operation 310 'sext' 'sext_ln73_34' <Predicate = true> <Delay = 0.00>
ST_1 : Operation 311 [1/1] (0.00ns)   --->   "%sext_ln73_35 = sext i10 %data_8_val_read" [firmware/nnet_utils/nnet_mult.h:73->firmware/nnet_utils/nnet_dense_latency.h:42]   --->   Operation 311 'sext' 'sext_ln73_35' <Predicate = true> <Delay = 0.00>
ST_1 : Operation 312 [1/1] (0.00ns)   --->   "%sext_ln73_36 = sext i10 %data_8_val_read" [firmware/nnet_utils/nnet_mult.h:73->firmware/nnet_utils/nnet_dense_latency.h:42]   --->   Operation 312 'sext' 'sext_ln73_36' <Predicate = true> <Delay = 0.00>
ST_1 : Operation 313 [1/1] (0.00ns)   --->   "%sext_ln73_37 = sext i10 %data_8_val_read" [firmware/nnet_utils/nnet_mult.h:73->firmware/nnet_utils/nnet_dense_latency.h:42]   --->   Operation 313 'sext' 'sext_ln73_37' <Predicate = true> <Delay = 0.00>
ST_1 : Operation 314 [1/1] (4.52ns)   --->   "%mult_868 = mul i16 %sext_ln73_37, i16 26" [firmware/nnet_utils/nnet_mult.h:73->firmware/nnet_utils/nnet_dense_latency.h:42]   --->   Operation 314 'mul' 'mult_868' <Predicate = true> <Delay = 4.52> <CoreInst = "Multiplier">   --->   Core 3 'Multiplier' <Latency = 0> <II = 1> <Delay = 4.52> <FuncUnit> <Opcode : 'mul'> <InPorts = 2> <OutPorts = 1>
ST_1 : Operation 315 [1/1] (4.52ns)   --->   "%mult_869 = mul i16 %sext_ln73_37, i16 65513" [firmware/nnet_utils/nnet_mult.h:73->firmware/nnet_utils/nnet_dense_latency.h:42]   --->   Operation 315 'mul' 'mult_869' <Predicate = true> <Delay = 4.52> <CoreInst = "Multiplier">   --->   Core 3 'Multiplier' <Latency = 0> <II = 1> <Delay = 4.52> <FuncUnit> <Opcode : 'mul'> <InPorts = 2> <OutPorts = 1>
ST_1 : Operation 316 [1/1] (0.00ns)   --->   "%tmp_701 = bitconcatenate i15 @_ssdm_op_BitConcatenate.i15.i10.i5, i10 %data_8_val_read, i5 0" [firmware/nnet_utils/nnet_mult.h:73->firmware/nnet_utils/nnet_dense_latency.h:42]   --->   Operation 316 'bitconcatenate' 'tmp_701' <Predicate = true> <Delay = 0.00>
ST_1 : Operation 317 [1/1] (0.00ns)   --->   "%sext_ln73_164 = sext i15 %tmp_701" [firmware/nnet_utils/nnet_mult.h:73->firmware/nnet_utils/nnet_dense_latency.h:42]   --->   Operation 317 'sext' 'sext_ln73_164' <Predicate = true> <Delay = 0.00>
ST_1 : Operation 318 [1/1] (0.00ns)   --->   "%tmp_702 = bitconcatenate i12 @_ssdm_op_BitConcatenate.i12.i10.i2, i10 %data_8_val_read, i2 0" [firmware/nnet_utils/nnet_mult.h:73->firmware/nnet_utils/nnet_dense_latency.h:42]   --->   Operation 318 'bitconcatenate' 'tmp_702' <Predicate = true> <Delay = 0.00>
ST_1 : Operation 319 [1/1] (0.00ns)   --->   "%sext_ln73_165 = sext i12 %tmp_702" [firmware/nnet_utils/nnet_mult.h:73->firmware/nnet_utils/nnet_dense_latency.h:42]   --->   Operation 319 'sext' 'sext_ln73_165' <Predicate = true> <Delay = 0.00>
ST_1 : Operation 320 [1/1] (1.94ns)   --->   "%mult_870 = sub i16 %sext_ln73_164, i16 %sext_ln73_165" [firmware/nnet_utils/nnet_mult.h:73->firmware/nnet_utils/nnet_dense_latency.h:42]   --->   Operation 320 'sub' 'mult_870' <Predicate = true> <Delay = 1.94> <CoreInst = "Adder">   --->   Core 1 'Adder' <Latency = 0> <II = 1> <Delay = 1.94> <FuncUnit> <Opcode : 'add' 'sub'> <InPorts = 2> <OutPorts = 1>
ST_1 : Operation 321 [1/1] (0.00ns)   --->   "%sext_ln17_726 = sext i16 %mult_870" [firmware/nnet_utils/nnet_dense_latency.h:17]   --->   Operation 321 'sext' 'sext_ln17_726' <Predicate = true> <Delay = 0.00>
ST_1 : Operation 322 [1/1] (0.00ns)   --->   "%tmp_703 = bitconcatenate i14 @_ssdm_op_BitConcatenate.i14.i10.i4, i10 %data_8_val_read, i4 0" [firmware/nnet_utils/nnet_mult.h:73->firmware/nnet_utils/nnet_dense_latency.h:42]   --->   Operation 322 'bitconcatenate' 'tmp_703' <Predicate = true> <Delay = 0.00>
ST_1 : Operation 323 [1/1] (0.00ns)   --->   "%sext_ln73_166 = sext i14 %tmp_703" [firmware/nnet_utils/nnet_mult.h:73->firmware/nnet_utils/nnet_dense_latency.h:42]   --->   Operation 323 'sext' 'sext_ln73_166' <Predicate = true> <Delay = 0.00>
ST_1 : Operation 324 [1/1] (1.81ns)   --->   "%mult_871 = sub i15 %sext_ln73_36, i15 %sext_ln73_166" [firmware/nnet_utils/nnet_mult.h:73->firmware/nnet_utils/nnet_dense_latency.h:42]   --->   Operation 324 'sub' 'mult_871' <Predicate = true> <Delay = 1.81> <CoreInst = "Adder">   --->   Core 1 'Adder' <Latency = 0> <II = 1> <Delay = 1.81> <FuncUnit> <Opcode : 'add' 'sub'> <InPorts = 2> <OutPorts = 1>
ST_1 : Operation 325 [1/1] (0.00ns)   --->   "%tmp_704 = bitconcatenate i11 @_ssdm_op_BitConcatenate.i11.i10.i1, i10 %data_8_val_read, i1 0" [firmware/nnet_utils/nnet_mult.h:73->firmware/nnet_utils/nnet_dense_latency.h:42]   --->   Operation 325 'bitconcatenate' 'tmp_704' <Predicate = true> <Delay = 0.00>
ST_1 : Operation 326 [1/1] (0.00ns)   --->   "%sext_ln73_167 = sext i11 %tmp_704" [firmware/nnet_utils/nnet_mult.h:73->firmware/nnet_utils/nnet_dense_latency.h:42]   --->   Operation 326 'sext' 'sext_ln73_167' <Predicate = true> <Delay = 0.00>
ST_1 : Operation 327 [1/1] (1.81ns)   --->   "%mult_872 = sub i15 %sext_ln73_167, i15 %sext_ln73_166" [firmware/nnet_utils/nnet_mult.h:73->firmware/nnet_utils/nnet_dense_latency.h:42]   --->   Operation 327 'sub' 'mult_872' <Predicate = true> <Delay = 1.81> <CoreInst = "Adder">   --->   Core 1 'Adder' <Latency = 0> <II = 1> <Delay = 1.81> <FuncUnit> <Opcode : 'add' 'sub'> <InPorts = 2> <OutPorts = 1>
ST_1 : Operation 328 [1/1] (0.00ns)   --->   "%tmp_705 = bitconcatenate i13 @_ssdm_op_BitConcatenate.i13.i10.i3, i10 %data_8_val_read, i3 0" [firmware/nnet_utils/nnet_mult.h:73->firmware/nnet_utils/nnet_dense_latency.h:42]   --->   Operation 328 'bitconcatenate' 'tmp_705' <Predicate = true> <Delay = 0.00>
ST_1 : Operation 329 [1/1] (0.00ns)   --->   "%sext_ln73_168 = sext i13 %tmp_705" [firmware/nnet_utils/nnet_mult.h:73->firmware/nnet_utils/nnet_dense_latency.h:42]   --->   Operation 329 'sext' 'sext_ln73_168' <Predicate = true> <Delay = 0.00>
ST_1 : Operation 330 [1/1] (1.67ns)   --->   "%sub_ln73_964 = sub i15 0, i15 %sext_ln73_168" [firmware/nnet_utils/nnet_mult.h:73->firmware/nnet_utils/nnet_dense_latency.h:42]   --->   Operation 330 'sub' 'sub_ln73_964' <Predicate = true> <Delay = 1.67> <CoreInst = "Adder">   --->   Core 1 'Adder' <Latency = 0> <II = 1> <Delay = 1.67> <FuncUnit> <Opcode : 'add' 'sub'> <InPorts = 2> <OutPorts = 1>
ST_1 : Operation 331 [1/1] (0.00ns) (grouped into TernaryAdder)   --->   "%mult_873 = sub i15 %sub_ln73_964, i15 %sext_ln73_167" [firmware/nnet_utils/nnet_mult.h:73->firmware/nnet_utils/nnet_dense_latency.h:42]   --->   Operation 331 'sub' 'mult_873' <Predicate = true> <Delay = 0.00> <CoreInst = "TAddSub">   --->   Core 10 'TAddSub' <Latency = 0> <II = 1> <Delay = 1.99> <IPBlock> <Opcode : '' 'add' 'sub'> <InPorts = 3> <OutPorts = 1> <Sync> <CReg>
ST_1 : Operation 332 [1/1] (4.52ns)   --->   "%mult_874 = mul i17 %sext_ln73_35, i17 39" [firmware/nnet_utils/nnet_mult.h:73->firmware/nnet_utils/nnet_dense_latency.h:42]   --->   Operation 332 'mul' 'mult_874' <Predicate = true> <Delay = 4.52> <CoreInst = "Multiplier">   --->   Core 3 'Multiplier' <Latency = 0> <II = 1> <Delay = 4.52> <FuncUnit> <Opcode : 'mul'> <InPorts = 2> <OutPorts = 1>
ST_1 : Operation 333 [1/1] (0.00ns)   --->   "%sext_ln73_169 = sext i12 %tmp_702" [firmware/nnet_utils/nnet_mult.h:73->firmware/nnet_utils/nnet_dense_latency.h:42]   --->   Operation 333 'sext' 'sext_ln73_169' <Predicate = true> <Delay = 0.00>
ST_1 : Operation 334 [1/1] (1.54ns)   --->   "%mult_875 = sub i13 %sext_ln73_34, i13 %sext_ln73_169" [firmware/nnet_utils/nnet_mult.h:73->firmware/nnet_utils/nnet_dense_latency.h:42]   --->   Operation 334 'sub' 'mult_875' <Predicate = true> <Delay = 1.54> <CoreInst = "Adder">   --->   Core 1 'Adder' <Latency = 0> <II = 1> <Delay = 1.54> <FuncUnit> <Opcode : 'add' 'sub'> <InPorts = 2> <OutPorts = 1>
ST_1 : Operation 335 [1/1] (0.00ns)   --->   "%sext_ln17_728 = sext i13 %mult_875" [firmware/nnet_utils/nnet_dense_latency.h:17]   --->   Operation 335 'sext' 'sext_ln17_728' <Predicate = true> <Delay = 0.00>
ST_1 : Operation 336 [1/1] (1.67ns)   --->   "%mult_876 = add i15 %sext_ln73_168, i15 %sext_ln73_36" [firmware/nnet_utils/nnet_mult.h:73->firmware/nnet_utils/nnet_dense_latency.h:42]   --->   Operation 336 'add' 'mult_876' <Predicate = true> <Delay = 1.67> <CoreInst = "Adder">   --->   Core 1 'Adder' <Latency = 0> <II = 1> <Delay = 1.67> <FuncUnit> <Opcode : 'add' 'sub'> <InPorts = 2> <OutPorts = 1>
ST_1 : Operation 337 [1/1] (0.00ns)   --->   "%sext_ln17_729 = sext i15 %mult_876" [firmware/nnet_utils/nnet_dense_latency.h:17]   --->   Operation 337 'sext' 'sext_ln17_729' <Predicate = true> <Delay = 0.00>
ST_1 : Operation 338 [1/1] (4.52ns)   --->   "%mult_877 = mul i17 %sext_ln73_35, i17 131033" [firmware/nnet_utils/nnet_mult.h:73->firmware/nnet_utils/nnet_dense_latency.h:42]   --->   Operation 338 'mul' 'mult_877' <Predicate = true> <Delay = 4.52> <CoreInst = "Multiplier">   --->   Core 3 'Multiplier' <Latency = 0> <II = 1> <Delay = 4.52> <FuncUnit> <Opcode : 'mul'> <InPorts = 2> <OutPorts = 1>
ST_1 : Operation 339 [1/1] (0.00ns)   --->   "%sext_ln73_170 = sext i14 %tmp_703" [firmware/nnet_utils/nnet_mult.h:73->firmware/nnet_utils/nnet_dense_latency.h:42]   --->   Operation 339 'sext' 'sext_ln73_170' <Predicate = true> <Delay = 0.00>
ST_1 : Operation 340 [1/1] (0.00ns)   --->   "%sext_ln73_171 = sext i11 %tmp_704" [firmware/nnet_utils/nnet_mult.h:73->firmware/nnet_utils/nnet_dense_latency.h:42]   --->   Operation 340 'sext' 'sext_ln73_171' <Predicate = true> <Delay = 0.00>
ST_1 : Operation 341 [1/1] (0.00ns) (grouped into TernaryAdder)   --->   "%mult_878 = add i16 %sext_ln73_170, i16 %sext_ln73_171" [firmware/nnet_utils/nnet_mult.h:73->firmware/nnet_utils/nnet_dense_latency.h:42]   --->   Operation 341 'add' 'mult_878' <Predicate = true> <Delay = 0.00> <CoreInst = "TAddSub">   --->   Core 10 'TAddSub' <Latency = 0> <II = 1> <Delay = 1.99> <IPBlock> <Opcode : '' 'add' 'sub'> <InPorts = 3> <OutPorts = 1> <Sync> <CReg>
ST_1 : Operation 342 [1/1] (4.52ns)   --->   "%mult_879 = mul i15 %sext_ln73_36, i15 32757" [firmware/nnet_utils/nnet_mult.h:73->firmware/nnet_utils/nnet_dense_latency.h:42]   --->   Operation 342 'mul' 'mult_879' <Predicate = true> <Delay = 4.52> <CoreInst = "Multiplier">   --->   Core 3 'Multiplier' <Latency = 0> <II = 1> <Delay = 4.52> <FuncUnit> <Opcode : 'mul'> <InPorts = 2> <OutPorts = 1>
ST_1 : Operation 343 [1/1] (0.00ns)   --->   "%sext_ln73_172 = sext i12 %tmp_702" [firmware/nnet_utils/nnet_mult.h:73->firmware/nnet_utils/nnet_dense_latency.h:42]   --->   Operation 343 'sext' 'sext_ln73_172' <Predicate = true> <Delay = 0.00>
ST_1 : Operation 344 [1/1] (0.00ns) (grouped into TernaryAdder)   --->   "%mult_880 = sub i15 %sext_ln73_166, i15 %sext_ln73_172" [firmware/nnet_utils/nnet_mult.h:73->firmware/nnet_utils/nnet_dense_latency.h:42]   --->   Operation 344 'sub' 'mult_880' <Predicate = true> <Delay = 0.00> <CoreInst = "TAddSub">   --->   Core 10 'TAddSub' <Latency = 0> <II = 1> <Delay = 1.99> <IPBlock> <Opcode : '' 'add' 'sub'> <InPorts = 3> <OutPorts = 1> <Sync> <CReg>
ST_1 : Operation 345 [1/1] (4.52ns)   --->   "%mul_ln17_5 = mul i16 %sext_ln73_37, i16 45" [firmware/nnet_utils/nnet_dense_latency.h:17]   --->   Operation 345 'mul' 'mul_ln17_5' <Predicate = true> <Delay = 4.52> <CoreInst = "Multiplier">   --->   Core 3 'Multiplier' <Latency = 0> <II = 1> <Delay = 4.52> <FuncUnit> <Opcode : 'mul'> <InPorts = 2> <OutPorts = 1>
ST_1 : Operation 346 [1/1] (0.00ns) (grouped into TernaryAdder)   --->   "%mult_881 = sub i15 %sub_ln73_964, i15 %sext_ln73_36" [firmware/nnet_utils/nnet_mult.h:73->firmware/nnet_utils/nnet_dense_latency.h:42]   --->   Operation 346 'sub' 'mult_881' <Predicate = true> <Delay = 0.00> <CoreInst = "TAddSub">   --->   Core 10 'TAddSub' <Latency = 0> <II = 1> <Delay = 1.99> <IPBlock> <Opcode : '' 'add' 'sub'> <InPorts = 3> <OutPorts = 1> <Sync> <CReg>
ST_1 : Operation 347 [1/1] (0.00ns)   --->   "%sext_ln73_38 = sext i10 %data_9_val_read" [firmware/nnet_utils/nnet_mult.h:73->firmware/nnet_utils/nnet_dense_latency.h:42]   --->   Operation 347 'sext' 'sext_ln73_38' <Predicate = true> <Delay = 0.00>
ST_1 : Operation 348 [1/1] (0.00ns)   --->   "%sext_ln73_173 = sext i10 %data_9_val_read" [firmware/nnet_utils/nnet_mult.h:73->firmware/nnet_utils/nnet_dense_latency.h:42]   --->   Operation 348 'sext' 'sext_ln73_173' <Predicate = true> <Delay = 0.00>
ST_1 : Operation 349 [1/1] (0.00ns)   --->   "%sext_ln73_39 = sext i10 %data_9_val_read" [firmware/nnet_utils/nnet_mult.h:73->firmware/nnet_utils/nnet_dense_latency.h:42]   --->   Operation 349 'sext' 'sext_ln73_39' <Predicate = true> <Delay = 0.00>
ST_1 : Operation 350 [1/1] (0.00ns)   --->   "%sext_ln73_40 = sext i10 %data_9_val_read" [firmware/nnet_utils/nnet_mult.h:73->firmware/nnet_utils/nnet_dense_latency.h:42]   --->   Operation 350 'sext' 'sext_ln73_40' <Predicate = true> <Delay = 0.00>
ST_1 : Operation 351 [1/1] (0.00ns)   --->   "%sext_ln73_41 = sext i10 %data_9_val_read" [firmware/nnet_utils/nnet_mult.h:73->firmware/nnet_utils/nnet_dense_latency.h:42]   --->   Operation 351 'sext' 'sext_ln73_41' <Predicate = true> <Delay = 0.00>
ST_1 : Operation 352 [1/1] (0.00ns)   --->   "%tmp_706 = bitconcatenate i14 @_ssdm_op_BitConcatenate.i14.i10.i4, i10 %data_9_val_read, i4 0" [firmware/nnet_utils/nnet_dense_latency.h:17]   --->   Operation 352 'bitconcatenate' 'tmp_706' <Predicate = true> <Delay = 0.00>
ST_1 : Operation 353 [1/1] (0.00ns)   --->   "%sext_ln17_785 = sext i14 %tmp_706" [firmware/nnet_utils/nnet_dense_latency.h:17]   --->   Operation 353 'sext' 'sext_ln17_785' <Predicate = true> <Delay = 0.00>
ST_1 : Operation 354 [1/1] (1.81ns)   --->   "%mult_886 = sub i15 0, i15 %sext_ln17_785" [firmware/nnet_utils/nnet_dense_latency.h:17]   --->   Operation 354 'sub' 'mult_886' <Predicate = true> <Delay = 1.81> <CoreInst = "Adder">   --->   Core 1 'Adder' <Latency = 0> <II = 1> <Delay = 1.81> <FuncUnit> <Opcode : 'add' 'sub'> <InPorts = 2> <OutPorts = 1>
ST_1 : Operation 355 [1/1] (0.00ns) (grouped into TernaryAdder)   --->   "%sub_ln17_25 = sub i15 %mult_886, i15 %sext_ln73_38" [firmware/nnet_utils/nnet_dense_latency.h:17]   --->   Operation 355 'sub' 'sub_ln17_25' <Predicate = true> <Delay = 0.00> <CoreInst = "TAddSub">   --->   Core 10 'TAddSub' <Latency = 0> <II = 1> <Delay = 1.99> <IPBlock> <Opcode : '' 'add' 'sub'> <InPorts = 3> <OutPorts = 1> <Sync> <CReg>
ST_1 : Operation 356 [1/1] (0.00ns)   --->   "%mult_882 = bitconcatenate i11 @_ssdm_op_BitConcatenate.i11.i10.i1, i10 %data_9_val_read, i1 0" [firmware/nnet_utils/nnet_mult.h:73->firmware/nnet_utils/nnet_dense_latency.h:42]   --->   Operation 356 'bitconcatenate' 'mult_882' <Predicate = true> <Delay = 0.00>
ST_1 : Operation 357 [1/1] (0.00ns)   --->   "%sext_ln17_730 = sext i11 %mult_882" [firmware/nnet_utils/nnet_dense_latency.h:17]   --->   Operation 357 'sext' 'sext_ln17_730' <Predicate = true> <Delay = 0.00>
ST_1 : Operation 358 [1/1] (0.00ns)   --->   "%sext_ln17_731 = sext i11 %mult_882" [firmware/nnet_utils/nnet_dense_latency.h:17]   --->   Operation 358 'sext' 'sext_ln17_731' <Predicate = true> <Delay = 0.00>
ST_1 : Operation 359 [1/1] (0.00ns)   --->   "%tmp_707 = bitconcatenate i13 @_ssdm_op_BitConcatenate.i13.i10.i3, i10 %data_9_val_read, i3 0" [firmware/nnet_utils/nnet_mult.h:73->firmware/nnet_utils/nnet_dense_latency.h:42]   --->   Operation 359 'bitconcatenate' 'tmp_707' <Predicate = true> <Delay = 0.00>
ST_1 : Operation 360 [1/1] (0.00ns)   --->   "%sext_ln73_174 = sext i13 %tmp_707" [firmware/nnet_utils/nnet_mult.h:73->firmware/nnet_utils/nnet_dense_latency.h:42]   --->   Operation 360 'sext' 'sext_ln73_174' <Predicate = true> <Delay = 0.00>
ST_1 : Operation 361 [1/1] (1.67ns)   --->   "%mult_883 = sub i14 %sext_ln73_174, i14 %sext_ln17_731" [firmware/nnet_utils/nnet_mult.h:73->firmware/nnet_utils/nnet_dense_latency.h:42]   --->   Operation 361 'sub' 'mult_883' <Predicate = true> <Delay = 1.67> <CoreInst = "Adder">   --->   Core 1 'Adder' <Latency = 0> <II = 1> <Delay = 1.67> <FuncUnit> <Opcode : 'add' 'sub'> <InPorts = 2> <OutPorts = 1>
ST_1 : Operation 362 [1/1] (0.00ns)   --->   "%sext_ln17_732 = sext i14 %mult_883" [firmware/nnet_utils/nnet_dense_latency.h:17]   --->   Operation 362 'sext' 'sext_ln17_732' <Predicate = true> <Delay = 0.00>
ST_1 : Operation 363 [1/1] (0.00ns)   --->   "%tmp_708 = bitconcatenate i12 @_ssdm_op_BitConcatenate.i12.i10.i2, i10 %data_9_val_read, i2 0" [firmware/nnet_utils/nnet_mult.h:73->firmware/nnet_utils/nnet_dense_latency.h:42]   --->   Operation 363 'bitconcatenate' 'tmp_708' <Predicate = true> <Delay = 0.00>
ST_1 : Operation 364 [1/1] (0.00ns)   --->   "%sext_ln73_175 = sext i12 %tmp_708" [firmware/nnet_utils/nnet_mult.h:73->firmware/nnet_utils/nnet_dense_latency.h:42]   --->   Operation 364 'sext' 'sext_ln73_175' <Predicate = true> <Delay = 0.00>
ST_1 : Operation 365 [1/1] (0.00ns) (grouped into TernaryAdder)   --->   "%mult_884 = sub i13 %sext_ln73_175, i13 %sext_ln73_39" [firmware/nnet_utils/nnet_mult.h:73->firmware/nnet_utils/nnet_dense_latency.h:42]   --->   Operation 365 'sub' 'mult_884' <Predicate = true> <Delay = 0.00> <CoreInst = "TAddSub">   --->   Core 10 'TAddSub' <Latency = 0> <II = 1> <Delay = 1.99> <IPBlock> <Opcode : '' 'add' 'sub'> <InPorts = 3> <OutPorts = 1> <Sync> <CReg>
ST_1 : Operation 366 [1/1] (0.00ns)   --->   "%sext_ln73_176 = sext i13 %tmp_707" [firmware/nnet_utils/nnet_mult.h:73->firmware/nnet_utils/nnet_dense_latency.h:42]   --->   Operation 366 'sext' 'sext_ln73_176' <Predicate = true> <Delay = 0.00>
ST_1 : Operation 367 [1/1] (0.00ns)   --->   "%sext_ln73_177 = sext i11 %mult_882" [firmware/nnet_utils/nnet_mult.h:73->firmware/nnet_utils/nnet_dense_latency.h:42]   --->   Operation 367 'sext' 'sext_ln73_177' <Predicate = true> <Delay = 0.00>
ST_1 : Operation 368 [1/1] (1.67ns)   --->   "%mult_885 = add i15 %sext_ln73_176, i15 %sext_ln73_177" [firmware/nnet_utils/nnet_mult.h:73->firmware/nnet_utils/nnet_dense_latency.h:42]   --->   Operation 368 'add' 'mult_885' <Predicate = true> <Delay = 1.67> <CoreInst = "Adder">   --->   Core 1 'Adder' <Latency = 0> <II = 1> <Delay = 1.67> <FuncUnit> <Opcode : 'add' 'sub'> <InPorts = 2> <OutPorts = 1>
ST_1 : Operation 369 [1/1] (0.00ns)   --->   "%sext_ln17_733 = sext i15 %mult_886" [firmware/nnet_utils/nnet_dense_latency.h:17]   --->   Operation 369 'sext' 'sext_ln17_733' <Predicate = true> <Delay = 0.00>
ST_1 : Operation 370 [1/1] (0.00ns)   --->   "%sext_ln73_178 = sext i12 %tmp_708" [firmware/nnet_utils/nnet_mult.h:73->firmware/nnet_utils/nnet_dense_latency.h:42]   --->   Operation 370 'sext' 'sext_ln73_178' <Predicate = true> <Delay = 0.00>
ST_1 : Operation 371 [1/1] (0.00ns) (grouped into TernaryAdder)   --->   "%mult_887 = sub i15 %sext_ln17_785, i15 %sext_ln73_178" [firmware/nnet_utils/nnet_mult.h:73->firmware/nnet_utils/nnet_dense_latency.h:42]   --->   Operation 371 'sub' 'mult_887' <Predicate = true> <Delay = 0.00> <CoreInst = "TAddSub">   --->   Core 10 'TAddSub' <Latency = 0> <II = 1> <Delay = 1.99> <IPBlock> <Opcode : '' 'add' 'sub'> <InPorts = 3> <OutPorts = 1> <Sync> <CReg>
ST_1 : Operation 372 [1/1] (4.52ns)   --->   "%mult_888 = mul i15 %sext_ln73_38, i15 32757" [firmware/nnet_utils/nnet_mult.h:73->firmware/nnet_utils/nnet_dense_latency.h:42]   --->   Operation 372 'mul' 'mult_888' <Predicate = true> <Delay = 4.52> <CoreInst = "Multiplier">   --->   Core 3 'Multiplier' <Latency = 0> <II = 1> <Delay = 4.52> <FuncUnit> <Opcode : 'mul'> <InPorts = 2> <OutPorts = 1>
ST_1 : Operation 373 [1/1] (1.67ns)   --->   "%mult_889 = sub i14 %sext_ln17_731, i14 %sext_ln73_174" [firmware/nnet_utils/nnet_mult.h:73->firmware/nnet_utils/nnet_dense_latency.h:42]   --->   Operation 373 'sub' 'mult_889' <Predicate = true> <Delay = 1.67> <CoreInst = "Adder">   --->   Core 1 'Adder' <Latency = 0> <II = 1> <Delay = 1.67> <FuncUnit> <Opcode : 'add' 'sub'> <InPorts = 2> <OutPorts = 1>
ST_1 : Operation 374 [1/1] (0.00ns)   --->   "%sext_ln17_734 = sext i14 %mult_889" [firmware/nnet_utils/nnet_dense_latency.h:17]   --->   Operation 374 'sext' 'sext_ln17_734' <Predicate = true> <Delay = 0.00>
ST_1 : Operation 375 [1/1] (0.00ns) (grouped into TernaryAdder)   --->   "%mult_890 = sub i15 %sext_ln73_38, i15 %sext_ln17_785" [firmware/nnet_utils/nnet_mult.h:73->firmware/nnet_utils/nnet_dense_latency.h:42]   --->   Operation 375 'sub' 'mult_890' <Predicate = true> <Delay = 0.00> <CoreInst = "TAddSub">   --->   Core 10 'TAddSub' <Latency = 0> <II = 1> <Delay = 1.99> <IPBlock> <Opcode : '' 'add' 'sub'> <InPorts = 3> <OutPorts = 1> <Sync> <CReg>
ST_1 : Operation 376 [1/1] (0.00ns)   --->   "%sext_ln73_179 = sext i12 %tmp_708" [firmware/nnet_utils/nnet_mult.h:73->firmware/nnet_utils/nnet_dense_latency.h:42]   --->   Operation 376 'sext' 'sext_ln73_179' <Predicate = true> <Delay = 0.00>
ST_1 : Operation 377 [1/1] (1.54ns)   --->   "%sub_ln73_974 = sub i14 0, i14 %sext_ln73_179" [firmware/nnet_utils/nnet_mult.h:73->firmware/nnet_utils/nnet_dense_latency.h:42]   --->   Operation 377 'sub' 'sub_ln73_974' <Predicate = true> <Delay = 1.54> <CoreInst = "Adder">   --->   Core 1 'Adder' <Latency = 0> <II = 1> <Delay = 1.54> <FuncUnit> <Opcode : 'add' 'sub'> <InPorts = 2> <OutPorts = 1>
ST_1 : Operation 378 [1/1] (0.00ns) (grouped into TernaryAdder)   --->   "%mult_891 = sub i14 %sub_ln73_974, i14 %sext_ln73_40" [firmware/nnet_utils/nnet_mult.h:73->firmware/nnet_utils/nnet_dense_latency.h:42]   --->   Operation 378 'sub' 'mult_891' <Predicate = true> <Delay = 0.00> <CoreInst = "TAddSub">   --->   Core 10 'TAddSub' <Latency = 0> <II = 1> <Delay = 1.99> <IPBlock> <Opcode : '' 'add' 'sub'> <InPorts = 3> <OutPorts = 1> <Sync> <CReg>
ST_1 : Operation 379 [1/1] (4.52ns)   --->   "%mult_892 = mul i16 %sext_ln73_41, i16 65517" [firmware/nnet_utils/nnet_mult.h:73->firmware/nnet_utils/nnet_dense_latency.h:42]   --->   Operation 379 'mul' 'mult_892' <Predicate = true> <Delay = 4.52> <CoreInst = "Multiplier">   --->   Core 3 'Multiplier' <Latency = 0> <II = 1> <Delay = 4.52> <FuncUnit> <Opcode : 'mul'> <InPorts = 2> <OutPorts = 1>
ST_1 : Operation 380 [1/1] (0.00ns)   --->   "%sext_ln17_736 = sext i16 %mult_892" [firmware/nnet_utils/nnet_dense_latency.h:17]   --->   Operation 380 'sext' 'sext_ln17_736' <Predicate = true> <Delay = 0.00>
ST_1 : Operation 381 [1/1] (0.00ns)   --->   "%sext_ln73_42 = sext i10 %data_10_val_read" [firmware/nnet_utils/nnet_mult.h:73->firmware/nnet_utils/nnet_dense_latency.h:42]   --->   Operation 381 'sext' 'sext_ln73_42' <Predicate = true> <Delay = 0.00>
ST_1 : Operation 382 [1/1] (0.00ns)   --->   "%sext_ln73_43 = sext i10 %data_10_val_read" [firmware/nnet_utils/nnet_mult.h:73->firmware/nnet_utils/nnet_dense_latency.h:42]   --->   Operation 382 'sext' 'sext_ln73_43' <Predicate = true> <Delay = 0.00>
ST_1 : Operation 383 [1/1] (0.00ns)   --->   "%sext_ln73_44 = sext i10 %data_10_val_read" [firmware/nnet_utils/nnet_mult.h:73->firmware/nnet_utils/nnet_dense_latency.h:42]   --->   Operation 383 'sext' 'sext_ln73_44' <Predicate = true> <Delay = 0.00>
ST_1 : Operation 384 [1/1] (0.00ns)   --->   "%sext_ln73_45 = sext i10 %data_10_val_read" [firmware/nnet_utils/nnet_mult.h:73->firmware/nnet_utils/nnet_dense_latency.h:42]   --->   Operation 384 'sext' 'sext_ln73_45' <Predicate = true> <Delay = 0.00>
ST_1 : Operation 385 [1/1] (0.00ns)   --->   "%tmp_709 = bitconcatenate i14 @_ssdm_op_BitConcatenate.i14.i10.i4, i10 %data_10_val_read, i4 0" [firmware/nnet_utils/nnet_mult.h:73->firmware/nnet_utils/nnet_dense_latency.h:42]   --->   Operation 385 'bitconcatenate' 'tmp_709' <Predicate = true> <Delay = 0.00>
ST_1 : Operation 386 [1/1] (0.00ns)   --->   "%sext_ln73_180 = sext i14 %tmp_709" [firmware/nnet_utils/nnet_mult.h:73->firmware/nnet_utils/nnet_dense_latency.h:42]   --->   Operation 386 'sext' 'sext_ln73_180' <Predicate = true> <Delay = 0.00>
ST_1 : Operation 387 [1/1] (1.81ns)   --->   "%mult_893 = sub i15 %sext_ln73_45, i15 %sext_ln73_180" [firmware/nnet_utils/nnet_mult.h:73->firmware/nnet_utils/nnet_dense_latency.h:42]   --->   Operation 387 'sub' 'mult_893' <Predicate = true> <Delay = 1.81> <CoreInst = "Adder">   --->   Core 1 'Adder' <Latency = 0> <II = 1> <Delay = 1.81> <FuncUnit> <Opcode : 'add' 'sub'> <InPorts = 2> <OutPorts = 1>
ST_1 : Operation 388 [1/1] (0.00ns)   --->   "%sext_ln17_737 = sext i15 %mult_893" [firmware/nnet_utils/nnet_dense_latency.h:17]   --->   Operation 388 'sext' 'sext_ln17_737' <Predicate = true> <Delay = 0.00>
ST_1 : Operation 389 [1/1] (4.52ns)   --->   "%mult_894 = mul i15 %sext_ln73_45, i15 32755" [firmware/nnet_utils/nnet_mult.h:73->firmware/nnet_utils/nnet_dense_latency.h:42]   --->   Operation 389 'mul' 'mult_894' <Predicate = true> <Delay = 4.52> <CoreInst = "Multiplier">   --->   Core 3 'Multiplier' <Latency = 0> <II = 1> <Delay = 4.52> <FuncUnit> <Opcode : 'mul'> <InPorts = 2> <OutPorts = 1>
ST_1 : Operation 390 [1/1] (0.00ns)   --->   "%sext_ln17_738 = sext i15 %mult_894" [firmware/nnet_utils/nnet_dense_latency.h:17]   --->   Operation 390 'sext' 'sext_ln17_738' <Predicate = true> <Delay = 0.00>
ST_1 : Operation 391 [1/1] (0.00ns)   --->   "%tmp_710 = bitconcatenate i12 @_ssdm_op_BitConcatenate.i12.i10.i2, i10 %data_10_val_read, i2 0" [firmware/nnet_utils/nnet_mult.h:73->firmware/nnet_utils/nnet_dense_latency.h:42]   --->   Operation 391 'bitconcatenate' 'tmp_710' <Predicate = true> <Delay = 0.00>
ST_1 : Operation 392 [1/1] (0.00ns)   --->   "%sext_ln73_181 = sext i12 %tmp_710" [firmware/nnet_utils/nnet_mult.h:73->firmware/nnet_utils/nnet_dense_latency.h:42]   --->   Operation 392 'sext' 'sext_ln73_181' <Predicate = true> <Delay = 0.00>
ST_1 : Operation 393 [1/1] (0.00ns) (grouped into TernaryAdder)   --->   "%sub_ln73_977 = sub i14 0, i14 %sext_ln73_181" [firmware/nnet_utils/nnet_mult.h:73->firmware/nnet_utils/nnet_dense_latency.h:42]   --->   Operation 393 'sub' 'sub_ln73_977' <Predicate = true> <Delay = 0.00> <CoreInst = "TAddSub">   --->   Core 10 'TAddSub' <Latency = 0> <II = 1> <Delay = 1.99> <IPBlock> <Opcode : '' 'add' 'sub'> <InPorts = 3> <OutPorts = 1> <Sync> <CReg>
ST_1 : Operation 394 [1/1] (3.84ns) (root node of TernaryAdder)   --->   "%mult_895 = sub i14 %sub_ln73_977, i14 %sext_ln73_44" [firmware/nnet_utils/nnet_mult.h:73->firmware/nnet_utils/nnet_dense_latency.h:42]   --->   Operation 394 'sub' 'mult_895' <Predicate = true> <Delay = 3.84> <CoreInst = "TAddSub">   --->   Core 10 'TAddSub' <Latency = 0> <II = 1> <Delay = 1.99> <IPBlock> <Opcode : '' 'add' 'sub'> <InPorts = 3> <OutPorts = 1> <Sync> <CReg>
ST_1 : Operation 395 [1/1] (0.00ns)   --->   "%sext_ln17_739 = sext i14 %mult_895" [firmware/nnet_utils/nnet_dense_latency.h:17]   --->   Operation 395 'sext' 'sext_ln17_739' <Predicate = true> <Delay = 0.00>
ST_1 : Operation 396 [1/1] (0.00ns)   --->   "%sext_ln73_182 = sext i14 %tmp_709" [firmware/nnet_utils/nnet_mult.h:73->firmware/nnet_utils/nnet_dense_latency.h:42]   --->   Operation 396 'sext' 'sext_ln73_182' <Predicate = true> <Delay = 0.00>
ST_1 : Operation 397 [1/1] (0.00ns) (grouped into TernaryAdder)   --->   "%sub_ln73_979 = sub i16 0, i16 %sext_ln73_182" [firmware/nnet_utils/nnet_mult.h:73->firmware/nnet_utils/nnet_dense_latency.h:42]   --->   Operation 397 'sub' 'sub_ln73_979' <Predicate = true> <Delay = 0.00> <CoreInst = "TAddSub">   --->   Core 10 'TAddSub' <Latency = 0> <II = 1> <Delay = 1.99> <IPBlock> <Opcode : '' 'add' 'sub'> <InPorts = 3> <OutPorts = 1> <Sync> <CReg>
ST_1 : Operation 398 [1/1] (3.90ns) (root node of TernaryAdder)   --->   "%mult_896 = sub i16 %sub_ln73_979, i16 %sext_ln73_43" [firmware/nnet_utils/nnet_mult.h:73->firmware/nnet_utils/nnet_dense_latency.h:42]   --->   Operation 398 'sub' 'mult_896' <Predicate = true> <Delay = 3.90> <CoreInst = "TAddSub">   --->   Core 10 'TAddSub' <Latency = 0> <II = 1> <Delay = 1.99> <IPBlock> <Opcode : '' 'add' 'sub'> <InPorts = 3> <OutPorts = 1> <Sync> <CReg>
ST_1 : Operation 399 [1/1] (0.00ns)   --->   "%tmp_711 = bitconcatenate i11 @_ssdm_op_BitConcatenate.i11.i10.i1, i10 %data_10_val_read, i1 0" [firmware/nnet_utils/nnet_mult.h:73->firmware/nnet_utils/nnet_dense_latency.h:42]   --->   Operation 399 'bitconcatenate' 'tmp_711' <Predicate = true> <Delay = 0.00>
ST_1 : Operation 400 [1/1] (0.00ns)   --->   "%sext_ln73_183 = sext i11 %tmp_711" [firmware/nnet_utils/nnet_mult.h:73->firmware/nnet_utils/nnet_dense_latency.h:42]   --->   Operation 400 'sext' 'sext_ln73_183' <Predicate = true> <Delay = 0.00>
ST_1 : Operation 401 [1/1] (1.81ns)   --->   "%mult_897 = sub i15 %sext_ln73_183, i15 %sext_ln73_180" [firmware/nnet_utils/nnet_mult.h:73->firmware/nnet_utils/nnet_dense_latency.h:42]   --->   Operation 401 'sub' 'mult_897' <Predicate = true> <Delay = 1.81> <CoreInst = "Adder">   --->   Core 1 'Adder' <Latency = 0> <II = 1> <Delay = 1.81> <FuncUnit> <Opcode : 'add' 'sub'> <InPorts = 2> <OutPorts = 1>
ST_1 : Operation 402 [1/1] (0.00ns)   --->   "%sext_ln17_740 = sext i15 %mult_897" [firmware/nnet_utils/nnet_dense_latency.h:17]   --->   Operation 402 'sext' 'sext_ln17_740' <Predicate = true> <Delay = 0.00>
ST_1 : Operation 403 [1/1] (0.00ns)   --->   "%tmp_712 = bitconcatenate i15 @_ssdm_op_BitConcatenate.i15.i10.i5, i10 %data_10_val_read, i5 0" [firmware/nnet_utils/nnet_mult.h:73->firmware/nnet_utils/nnet_dense_latency.h:42]   --->   Operation 403 'bitconcatenate' 'tmp_712' <Predicate = true> <Delay = 0.00>
ST_1 : Operation 404 [1/1] (0.00ns)   --->   "%sext_ln73_184 = sext i15 %tmp_712" [firmware/nnet_utils/nnet_mult.h:73->firmware/nnet_utils/nnet_dense_latency.h:42]   --->   Operation 404 'sext' 'sext_ln73_184' <Predicate = true> <Delay = 0.00>
ST_1 : Operation 405 [1/1] (0.00ns)   --->   "%tmp_713 = bitconcatenate i13 @_ssdm_op_BitConcatenate.i13.i10.i3, i10 %data_10_val_read, i3 0" [firmware/nnet_utils/nnet_mult.h:73->firmware/nnet_utils/nnet_dense_latency.h:42]   --->   Operation 405 'bitconcatenate' 'tmp_713' <Predicate = true> <Delay = 0.00>
ST_1 : Operation 406 [1/1] (0.00ns)   --->   "%sext_ln73_185 = sext i13 %tmp_713" [firmware/nnet_utils/nnet_mult.h:73->firmware/nnet_utils/nnet_dense_latency.h:42]   --->   Operation 406 'sext' 'sext_ln73_185' <Predicate = true> <Delay = 0.00>
ST_1 : Operation 407 [1/1] (1.94ns)   --->   "%mult_898 = sub i16 %sext_ln73_185, i16 %sext_ln73_184" [firmware/nnet_utils/nnet_mult.h:73->firmware/nnet_utils/nnet_dense_latency.h:42]   --->   Operation 407 'sub' 'mult_898' <Predicate = true> <Delay = 1.94> <CoreInst = "Adder">   --->   Core 1 'Adder' <Latency = 0> <II = 1> <Delay = 1.94> <FuncUnit> <Opcode : 'add' 'sub'> <InPorts = 2> <OutPorts = 1>
ST_1 : Operation 408 [1/1] (4.52ns)   --->   "%mult_899 = mul i16 %sext_ln73_43, i16 22" [firmware/nnet_utils/nnet_mult.h:73->firmware/nnet_utils/nnet_dense_latency.h:42]   --->   Operation 408 'mul' 'mult_899' <Predicate = true> <Delay = 4.52> <CoreInst = "Multiplier">   --->   Core 3 'Multiplier' <Latency = 0> <II = 1> <Delay = 4.52> <FuncUnit> <Opcode : 'mul'> <InPorts = 2> <OutPorts = 1>
ST_1 : Operation 409 [1/1] (0.00ns)   --->   "%sext_ln73_186 = sext i13 %tmp_713" [firmware/nnet_utils/nnet_mult.h:73->firmware/nnet_utils/nnet_dense_latency.h:42]   --->   Operation 409 'sext' 'sext_ln73_186' <Predicate = true> <Delay = 0.00>
ST_1 : Operation 410 [1/1] (0.00ns) (grouped into TernaryAdder)   --->   "%add_ln17_3 = add i15 %sext_ln73_180, i15 %sext_ln73_45" [firmware/nnet_utils/nnet_dense_latency.h:17]   --->   Operation 410 'add' 'add_ln17_3' <Predicate = true> <Delay = 0.00> <CoreInst = "TAddSub">   --->   Core 10 'TAddSub' <Latency = 0> <II = 1> <Delay = 1.99> <IPBlock> <Opcode : '' 'add' 'sub'> <InPorts = 3> <OutPorts = 1> <Sync> <CReg>
ST_1 : Operation 411 [1/1] (0.00ns)   --->   "%sext_ln73_187 = sext i11 %tmp_711" [firmware/nnet_utils/nnet_mult.h:73->firmware/nnet_utils/nnet_dense_latency.h:42]   --->   Operation 411 'sext' 'sext_ln73_187' <Predicate = true> <Delay = 0.00>
ST_1 : Operation 412 [1/1] (1.94ns)   --->   "%mult_900 = sub i16 %sext_ln73_187, i16 %sext_ln73_184" [firmware/nnet_utils/nnet_mult.h:73->firmware/nnet_utils/nnet_dense_latency.h:42]   --->   Operation 412 'sub' 'mult_900' <Predicate = true> <Delay = 1.94> <CoreInst = "Adder">   --->   Core 1 'Adder' <Latency = 0> <II = 1> <Delay = 1.94> <FuncUnit> <Opcode : 'add' 'sub'> <InPorts = 2> <OutPorts = 1>
ST_1 : Operation 413 [1/1] (0.00ns)   --->   "%sext_ln17_741 = sext i16 %mult_900" [firmware/nnet_utils/nnet_dense_latency.h:17]   --->   Operation 413 'sext' 'sext_ln17_741' <Predicate = true> <Delay = 0.00>
ST_1 : Operation 414 [1/1] (4.52ns)   --->   "%mult_901 = mul i16 %sext_ln73_43, i16 65513" [firmware/nnet_utils/nnet_mult.h:73->firmware/nnet_utils/nnet_dense_latency.h:42]   --->   Operation 414 'mul' 'mult_901' <Predicate = true> <Delay = 4.52> <CoreInst = "Multiplier">   --->   Core 3 'Multiplier' <Latency = 0> <II = 1> <Delay = 4.52> <FuncUnit> <Opcode : 'mul'> <InPorts = 2> <OutPorts = 1>
ST_1 : Operation 415 [1/1] (0.00ns)   --->   "%sext_ln17_742 = sext i16 %mult_901" [firmware/nnet_utils/nnet_dense_latency.h:17]   --->   Operation 415 'sext' 'sext_ln17_742' <Predicate = true> <Delay = 0.00>
ST_1 : Operation 416 [1/1] (0.00ns)   --->   "%sext_ln73_188 = sext i12 %tmp_710" [firmware/nnet_utils/nnet_mult.h:73->firmware/nnet_utils/nnet_dense_latency.h:42]   --->   Operation 416 'sext' 'sext_ln73_188' <Predicate = true> <Delay = 0.00>
ST_1 : Operation 417 [1/1] (1.81ns)   --->   "%mult_902 = sub i15 %sext_ln73_188, i15 %sext_ln73_180" [firmware/nnet_utils/nnet_mult.h:73->firmware/nnet_utils/nnet_dense_latency.h:42]   --->   Operation 417 'sub' 'mult_902' <Predicate = true> <Delay = 1.81> <CoreInst = "Adder">   --->   Core 1 'Adder' <Latency = 0> <II = 1> <Delay = 1.81> <FuncUnit> <Opcode : 'add' 'sub'> <InPorts = 2> <OutPorts = 1>
ST_1 : Operation 418 [1/1] (0.00ns)   --->   "%sext_ln17_743 = sext i15 %mult_902" [firmware/nnet_utils/nnet_dense_latency.h:17]   --->   Operation 418 'sext' 'sext_ln17_743' <Predicate = true> <Delay = 0.00>
ST_1 : Operation 419 [1/1] (1.73ns)   --->   "%mult_903 = sub i11 0, i11 %sext_ln73_42" [firmware/nnet_utils/nnet_mult.h:73->firmware/nnet_utils/nnet_dense_latency.h:42]   --->   Operation 419 'sub' 'mult_903' <Predicate = true> <Delay = 1.73> <CoreInst = "Adder">   --->   Core 1 'Adder' <Latency = 0> <II = 1> <Delay = 1.73> <FuncUnit> <Opcode : 'add' 'sub'> <InPorts = 2> <OutPorts = 1>
ST_1 : Operation 420 [1/1] (0.00ns)   --->   "%sext_ln17_744 = sext i11 %mult_903" [firmware/nnet_utils/nnet_dense_latency.h:17]   --->   Operation 420 'sext' 'sext_ln17_744' <Predicate = true> <Delay = 0.00>
ST_1 : Operation 421 [1/1] (0.00ns)   --->   "%sext_ln73_46 = sext i10 %data_11_val_read" [firmware/nnet_utils/nnet_mult.h:73->firmware/nnet_utils/nnet_dense_latency.h:42]   --->   Operation 421 'sext' 'sext_ln73_46' <Predicate = true> <Delay = 0.00>
ST_1 : Operation 422 [1/1] (0.00ns)   --->   "%sext_ln73_47 = sext i10 %data_11_val_read" [firmware/nnet_utils/nnet_mult.h:73->firmware/nnet_utils/nnet_dense_latency.h:42]   --->   Operation 422 'sext' 'sext_ln73_47' <Predicate = true> <Delay = 0.00>
ST_1 : Operation 423 [1/1] (0.00ns)   --->   "%sext_ln73_48 = sext i10 %data_11_val_read" [firmware/nnet_utils/nnet_mult.h:73->firmware/nnet_utils/nnet_dense_latency.h:42]   --->   Operation 423 'sext' 'sext_ln73_48' <Predicate = true> <Delay = 0.00>
ST_1 : Operation 424 [1/1] (0.00ns)   --->   "%sext_ln73_49 = sext i10 %data_11_val_read" [firmware/nnet_utils/nnet_mult.h:73->firmware/nnet_utils/nnet_dense_latency.h:42]   --->   Operation 424 'sext' 'sext_ln73_49' <Predicate = true> <Delay = 0.00>
ST_1 : Operation 425 [1/1] (0.00ns)   --->   "%sext_ln73_189 = sext i10 %data_11_val_read" [firmware/nnet_utils/nnet_mult.h:73->firmware/nnet_utils/nnet_dense_latency.h:42]   --->   Operation 425 'sext' 'sext_ln73_189' <Predicate = true> <Delay = 0.00>
ST_1 : Operation 426 [1/1] (0.00ns)   --->   "%mult_912 = bitconcatenate i13 @_ssdm_op_BitConcatenate.i13.i10.i3, i10 %data_11_val_read, i3 0" [firmware/nnet_utils/nnet_mult.h:73->firmware/nnet_utils/nnet_dense_latency.h:42]   --->   Operation 426 'bitconcatenate' 'mult_912' <Predicate = true> <Delay = 0.00>
ST_1 : Operation 427 [1/1] (0.00ns)   --->   "%sext_ln73_190 = sext i13 %mult_912" [firmware/nnet_utils/nnet_mult.h:73->firmware/nnet_utils/nnet_dense_latency.h:42]   --->   Operation 427 'sext' 'sext_ln73_190' <Predicate = true> <Delay = 0.00>
ST_1 : Operation 428 [1/1] (0.00ns) (grouped into TernaryAdder)   --->   "%sub_ln73_986 = sub i15 0, i15 %sext_ln73_190" [firmware/nnet_utils/nnet_mult.h:73->firmware/nnet_utils/nnet_dense_latency.h:42]   --->   Operation 428 'sub' 'sub_ln73_986' <Predicate = true> <Delay = 0.00> <CoreInst = "TAddSub">   --->   Core 10 'TAddSub' <Latency = 0> <II = 1> <Delay = 1.99> <IPBlock> <Opcode : '' 'add' 'sub'> <InPorts = 3> <OutPorts = 1> <Sync> <CReg>
ST_1 : Operation 429 [1/1] (3.87ns) (root node of TernaryAdder)   --->   "%mult_904 = sub i15 %sub_ln73_986, i15 %sext_ln73_49" [firmware/nnet_utils/nnet_mult.h:73->firmware/nnet_utils/nnet_dense_latency.h:42]   --->   Operation 429 'sub' 'mult_904' <Predicate = true> <Delay = 3.87> <CoreInst = "TAddSub">   --->   Core 10 'TAddSub' <Latency = 0> <II = 1> <Delay = 1.99> <IPBlock> <Opcode : '' 'add' 'sub'> <InPorts = 3> <OutPorts = 1> <Sync> <CReg>
ST_1 : Operation 430 [1/1] (4.52ns)   --->   "%mult_905 = mul i16 %sext_ln73_48, i16 65517" [firmware/nnet_utils/nnet_mult.h:73->firmware/nnet_utils/nnet_dense_latency.h:42]   --->   Operation 430 'mul' 'mult_905' <Predicate = true> <Delay = 4.52> <CoreInst = "Multiplier">   --->   Core 3 'Multiplier' <Latency = 0> <II = 1> <Delay = 4.52> <FuncUnit> <Opcode : 'mul'> <InPorts = 2> <OutPorts = 1>
ST_1 : Operation 431 [1/1] (0.00ns)   --->   "%sext_ln17_745 = sext i16 %mult_905" [firmware/nnet_utils/nnet_dense_latency.h:17]   --->   Operation 431 'sext' 'sext_ln17_745' <Predicate = true> <Delay = 0.00>
ST_1 : Operation 432 [1/1] (0.00ns)   --->   "%sext_ln73_191 = sext i13 %mult_912" [firmware/nnet_utils/nnet_mult.h:73->firmware/nnet_utils/nnet_dense_latency.h:42]   --->   Operation 432 'sext' 'sext_ln73_191' <Predicate = true> <Delay = 0.00>
ST_1 : Operation 433 [1/1] (0.00ns)   --->   "%tmp_715 = bitconcatenate i11 @_ssdm_op_BitConcatenate.i11.i10.i1, i10 %data_11_val_read, i1 0" [firmware/nnet_utils/nnet_mult.h:73->firmware/nnet_utils/nnet_dense_latency.h:42]   --->   Operation 433 'bitconcatenate' 'tmp_715' <Predicate = true> <Delay = 0.00>
ST_1 : Operation 434 [1/1] (0.00ns)   --->   "%sext_ln73_192 = sext i11 %tmp_715" [firmware/nnet_utils/nnet_mult.h:73->firmware/nnet_utils/nnet_dense_latency.h:42]   --->   Operation 434 'sext' 'sext_ln73_192' <Predicate = true> <Delay = 0.00>
ST_1 : Operation 435 [1/1] (1.67ns)   --->   "%mult_906 = sub i14 %sext_ln73_192, i14 %sext_ln73_191" [firmware/nnet_utils/nnet_mult.h:73->firmware/nnet_utils/nnet_dense_latency.h:42]   --->   Operation 435 'sub' 'mult_906' <Predicate = true> <Delay = 1.67> <CoreInst = "Adder">   --->   Core 1 'Adder' <Latency = 0> <II = 1> <Delay = 1.67> <FuncUnit> <Opcode : 'add' 'sub'> <InPorts = 2> <OutPorts = 1>
ST_1 : Operation 436 [1/1] (0.00ns)   --->   "%sext_ln17_746 = sext i14 %mult_906" [firmware/nnet_utils/nnet_dense_latency.h:17]   --->   Operation 436 'sext' 'sext_ln17_746' <Predicate = true> <Delay = 0.00>
ST_1 : Operation 437 [1/1] (0.00ns)   --->   "%mult_908 = bitconcatenate i12 @_ssdm_op_BitConcatenate.i12.i10.i2, i10 %data_11_val_read, i2 0" [firmware/nnet_utils/nnet_mult.h:73->firmware/nnet_utils/nnet_dense_latency.h:42]   --->   Operation 437 'bitconcatenate' 'mult_908' <Predicate = true> <Delay = 0.00>
ST_1 : Operation 438 [1/1] (0.00ns)   --->   "%sext_ln73_193 = sext i12 %mult_908" [firmware/nnet_utils/nnet_mult.h:73->firmware/nnet_utils/nnet_dense_latency.h:42]   --->   Operation 438 'sext' 'sext_ln73_193' <Predicate = true> <Delay = 0.00>
ST_1 : Operation 439 [1/1] (0.00ns) (grouped into TernaryAdder)   --->   "%sub_ln73_989 = sub i14 0, i14 %sext_ln73_193" [firmware/nnet_utils/nnet_mult.h:73->firmware/nnet_utils/nnet_dense_latency.h:42]   --->   Operation 439 'sub' 'sub_ln73_989' <Predicate = true> <Delay = 0.00> <CoreInst = "TAddSub">   --->   Core 10 'TAddSub' <Latency = 0> <II = 1> <Delay = 1.99> <IPBlock> <Opcode : '' 'add' 'sub'> <InPorts = 3> <OutPorts = 1> <Sync> <CReg>
ST_1 : Operation 440 [1/1] (3.84ns) (root node of TernaryAdder)   --->   "%mult_907 = sub i14 %sub_ln73_989, i14 %sext_ln73_47" [firmware/nnet_utils/nnet_mult.h:73->firmware/nnet_utils/nnet_dense_latency.h:42]   --->   Operation 440 'sub' 'mult_907' <Predicate = true> <Delay = 3.84> <CoreInst = "TAddSub">   --->   Core 10 'TAddSub' <Latency = 0> <II = 1> <Delay = 1.99> <IPBlock> <Opcode : '' 'add' 'sub'> <InPorts = 3> <OutPorts = 1> <Sync> <CReg>
ST_1 : Operation 441 [1/1] (0.00ns)   --->   "%sext_ln17_747 = sext i14 %mult_907" [firmware/nnet_utils/nnet_dense_latency.h:17]   --->   Operation 441 'sext' 'sext_ln17_747' <Predicate = true> <Delay = 0.00>
ST_1 : Operation 442 [1/1] (0.00ns)   --->   "%sext_ln17_748 = sext i12 %mult_908" [firmware/nnet_utils/nnet_dense_latency.h:17]   --->   Operation 442 'sext' 'sext_ln17_748' <Predicate = true> <Delay = 0.00>
ST_1 : Operation 443 [1/1] (0.00ns)   --->   "%tmp_717 = bitconcatenate i14 @_ssdm_op_BitConcatenate.i14.i10.i4, i10 %data_11_val_read, i4 0" [firmware/nnet_utils/nnet_mult.h:73->firmware/nnet_utils/nnet_dense_latency.h:42]   --->   Operation 443 'bitconcatenate' 'tmp_717' <Predicate = true> <Delay = 0.00>
ST_1 : Operation 444 [1/1] (0.00ns)   --->   "%sext_ln73_194 = sext i14 %tmp_717" [firmware/nnet_utils/nnet_mult.h:73->firmware/nnet_utils/nnet_dense_latency.h:42]   --->   Operation 444 'sext' 'sext_ln73_194' <Predicate = true> <Delay = 0.00>
ST_1 : Operation 445 [1/1] (0.00ns)   --->   "%sext_ln73_195 = sext i12 %mult_908" [firmware/nnet_utils/nnet_mult.h:73->firmware/nnet_utils/nnet_dense_latency.h:42]   --->   Operation 445 'sext' 'sext_ln73_195' <Predicate = true> <Delay = 0.00>
ST_1 : Operation 446 [1/1] (1.81ns)   --->   "%mult_909 = sub i15 %sext_ln73_195, i15 %sext_ln73_194" [firmware/nnet_utils/nnet_mult.h:73->firmware/nnet_utils/nnet_dense_latency.h:42]   --->   Operation 446 'sub' 'mult_909' <Predicate = true> <Delay = 1.81> <CoreInst = "Adder">   --->   Core 1 'Adder' <Latency = 0> <II = 1> <Delay = 1.81> <FuncUnit> <Opcode : 'add' 'sub'> <InPorts = 2> <OutPorts = 1>
ST_1 : Operation 447 [1/1] (0.00ns)   --->   "%sext_ln17_749 = sext i15 %mult_909" [firmware/nnet_utils/nnet_dense_latency.h:17]   --->   Operation 447 'sext' 'sext_ln17_749' <Predicate = true> <Delay = 0.00>
ST_1 : Operation 448 [1/1] (0.00ns)   --->   "%sext_ln73_196 = sext i14 %tmp_717" [firmware/nnet_utils/nnet_mult.h:73->firmware/nnet_utils/nnet_dense_latency.h:42]   --->   Operation 448 'sext' 'sext_ln73_196' <Predicate = true> <Delay = 0.00>
ST_1 : Operation 449 [1/1] (0.00ns) (grouped into TernaryAdder)   --->   "%sub_ln73_992 = sub i16 0, i16 %sext_ln73_196" [firmware/nnet_utils/nnet_mult.h:73->firmware/nnet_utils/nnet_dense_latency.h:42]   --->   Operation 449 'sub' 'sub_ln73_992' <Predicate = true> <Delay = 0.00> <CoreInst = "TAddSub">   --->   Core 10 'TAddSub' <Latency = 0> <II = 1> <Delay = 1.99> <IPBlock> <Opcode : '' 'add' 'sub'> <InPorts = 3> <OutPorts = 1> <Sync> <CReg>
ST_1 : Operation 450 [1/1] (0.00ns)   --->   "%sext_ln73_197 = sext i11 %tmp_715" [firmware/nnet_utils/nnet_mult.h:73->firmware/nnet_utils/nnet_dense_latency.h:42]   --->   Operation 450 'sext' 'sext_ln73_197' <Predicate = true> <Delay = 0.00>
ST_1 : Operation 451 [1/1] (3.90ns) (root node of TernaryAdder)   --->   "%mult_910 = sub i16 %sub_ln73_992, i16 %sext_ln73_197" [firmware/nnet_utils/nnet_mult.h:73->firmware/nnet_utils/nnet_dense_latency.h:42]   --->   Operation 451 'sub' 'mult_910' <Predicate = true> <Delay = 3.90> <CoreInst = "TAddSub">   --->   Core 10 'TAddSub' <Latency = 0> <II = 1> <Delay = 1.99> <IPBlock> <Opcode : '' 'add' 'sub'> <InPorts = 3> <OutPorts = 1> <Sync> <CReg>
ST_1 : Operation 452 [1/1] (0.00ns)   --->   "%sext_ln17_750 = sext i16 %mult_910" [firmware/nnet_utils/nnet_dense_latency.h:17]   --->   Operation 452 'sext' 'sext_ln17_750' <Predicate = true> <Delay = 0.00>
ST_1 : Operation 453 [1/1] (1.54ns)   --->   "%mult_911 = sub i13 %sext_ln17_748, i13 %sext_ln73_46" [firmware/nnet_utils/nnet_mult.h:73->firmware/nnet_utils/nnet_dense_latency.h:42]   --->   Operation 453 'sub' 'mult_911' <Predicate = true> <Delay = 1.54> <CoreInst = "Adder">   --->   Core 1 'Adder' <Latency = 0> <II = 1> <Delay = 1.54> <FuncUnit> <Opcode : 'add' 'sub'> <InPorts = 2> <OutPorts = 1>
ST_1 : Operation 454 [1/1] (1.54ns)   --->   "%mult_913 = sub i13 %sext_ln73_46, i13 %sext_ln17_748" [firmware/nnet_utils/nnet_mult.h:73->firmware/nnet_utils/nnet_dense_latency.h:42]   --->   Operation 454 'sub' 'mult_913' <Predicate = true> <Delay = 1.54> <CoreInst = "Adder">   --->   Core 1 'Adder' <Latency = 0> <II = 1> <Delay = 1.54> <FuncUnit> <Opcode : 'add' 'sub'> <InPorts = 2> <OutPorts = 1>
ST_1 : Operation 455 [1/1] (0.00ns)   --->   "%sext_ln17_752 = sext i13 %mult_913" [firmware/nnet_utils/nnet_dense_latency.h:17]   --->   Operation 455 'sext' 'sext_ln17_752' <Predicate = true> <Delay = 0.00>
ST_1 : Operation 456 [1/1] (4.52ns)   --->   "%mult_914 = mul i15 %sext_ln73_49, i15 32755" [firmware/nnet_utils/nnet_mult.h:73->firmware/nnet_utils/nnet_dense_latency.h:42]   --->   Operation 456 'mul' 'mult_914' <Predicate = true> <Delay = 4.52> <CoreInst = "Multiplier">   --->   Core 3 'Multiplier' <Latency = 0> <II = 1> <Delay = 4.52> <FuncUnit> <Opcode : 'mul'> <InPorts = 2> <OutPorts = 1>
ST_1 : Operation 457 [1/1] (0.00ns) (grouped into TernaryAdder)   --->   "%mult_915 = sub i14 %sext_ln73_191, i14 %sext_ln73_47" [firmware/nnet_utils/nnet_mult.h:73->firmware/nnet_utils/nnet_dense_latency.h:42]   --->   Operation 457 'sub' 'mult_915' <Predicate = true> <Delay = 0.00> <CoreInst = "TAddSub">   --->   Core 10 'TAddSub' <Latency = 0> <II = 1> <Delay = 1.99> <IPBlock> <Opcode : '' 'add' 'sub'> <InPorts = 3> <OutPorts = 1> <Sync> <CReg>
ST_1 : Operation 458 [1/1] (0.00ns)   --->   "%sext_ln73_51 = sext i10 %data_12_val_read" [firmware/nnet_utils/nnet_mult.h:73->firmware/nnet_utils/nnet_dense_latency.h:42]   --->   Operation 458 'sext' 'sext_ln73_51' <Predicate = true> <Delay = 0.00>
ST_1 : Operation 459 [1/1] (0.00ns)   --->   "%sext_ln73_52 = sext i10 %data_12_val_read" [firmware/nnet_utils/nnet_mult.h:73->firmware/nnet_utils/nnet_dense_latency.h:42]   --->   Operation 459 'sext' 'sext_ln73_52' <Predicate = true> <Delay = 0.00>
ST_1 : Operation 460 [1/1] (0.00ns)   --->   "%sext_ln73_198 = sext i10 %data_12_val_read" [firmware/nnet_utils/nnet_mult.h:73->firmware/nnet_utils/nnet_dense_latency.h:42]   --->   Operation 460 'sext' 'sext_ln73_198' <Predicate = true> <Delay = 0.00>
ST_1 : Operation 461 [1/1] (0.00ns)   --->   "%sext_ln73_53 = sext i10 %data_12_val_read" [firmware/nnet_utils/nnet_mult.h:73->firmware/nnet_utils/nnet_dense_latency.h:42]   --->   Operation 461 'sext' 'sext_ln73_53' <Predicate = true> <Delay = 0.00>
ST_1 : Operation 462 [1/1] (0.00ns)   --->   "%tmp_718 = bitconcatenate i12 @_ssdm_op_BitConcatenate.i12.i10.i2, i10 %data_12_val_read, i2 0" [firmware/nnet_utils/nnet_mult.h:73->firmware/nnet_utils/nnet_dense_latency.h:42]   --->   Operation 462 'bitconcatenate' 'tmp_718' <Predicate = true> <Delay = 0.00>
ST_1 : Operation 463 [1/1] (0.00ns)   --->   "%sext_ln73_199 = sext i12 %tmp_718" [firmware/nnet_utils/nnet_mult.h:73->firmware/nnet_utils/nnet_dense_latency.h:42]   --->   Operation 463 'sext' 'sext_ln73_199' <Predicate = true> <Delay = 0.00>
ST_1 : Operation 464 [1/1] (0.00ns) (grouped into TernaryAdder)   --->   "%mult_916 = add i14 %sext_ln73_199, i14 %sext_ln73_53" [firmware/nnet_utils/nnet_mult.h:73->firmware/nnet_utils/nnet_dense_latency.h:42]   --->   Operation 464 'add' 'mult_916' <Predicate = true> <Delay = 0.00> <CoreInst = "TAddSub">   --->   Core 10 'TAddSub' <Latency = 0> <II = 1> <Delay = 1.99> <IPBlock> <Opcode : '' 'add' 'sub'> <InPorts = 3> <OutPorts = 1> <Sync> <CReg>
ST_1 : Operation 465 [1/1] (4.52ns)   --->   "%mult_917 = mul i15 %sext_ln73_52, i15 13" [firmware/nnet_utils/nnet_mult.h:73->firmware/nnet_utils/nnet_dense_latency.h:42]   --->   Operation 465 'mul' 'mult_917' <Predicate = true> <Delay = 4.52> <CoreInst = "Multiplier">   --->   Core 3 'Multiplier' <Latency = 0> <II = 1> <Delay = 4.52> <FuncUnit> <Opcode : 'mul'> <InPorts = 2> <OutPorts = 1>
ST_1 : Operation 466 [1/1] (0.00ns)   --->   "%mult_918 = bitconcatenate i14 @_ssdm_op_BitConcatenate.i14.i10.i4, i10 %data_12_val_read, i4 0" [firmware/nnet_utils/nnet_mult.h:73->firmware/nnet_utils/nnet_dense_latency.h:42]   --->   Operation 466 'bitconcatenate' 'mult_918' <Predicate = true> <Delay = 0.00>
ST_1 : Operation 467 [1/1] (0.00ns)   --->   "%sext_ln17_754 = sext i14 %mult_918" [firmware/nnet_utils/nnet_dense_latency.h:17]   --->   Operation 467 'sext' 'sext_ln17_754' <Predicate = true> <Delay = 0.00>
ST_1 : Operation 468 [1/1] (4.52ns)   --->   "%mult_919 = mul i16 %sext_ln73_51, i16 25" [firmware/nnet_utils/nnet_mult.h:73->firmware/nnet_utils/nnet_dense_latency.h:42]   --->   Operation 468 'mul' 'mult_919' <Predicate = true> <Delay = 4.52> <CoreInst = "Multiplier">   --->   Core 3 'Multiplier' <Latency = 0> <II = 1> <Delay = 4.52> <FuncUnit> <Opcode : 'mul'> <InPorts = 2> <OutPorts = 1>
ST_1 : Operation 469 [1/1] (0.00ns)   --->   "%tmp_719 = bitconcatenate i13 @_ssdm_op_BitConcatenate.i13.i10.i3, i10 %data_12_val_read, i3 0" [firmware/nnet_utils/nnet_mult.h:73->firmware/nnet_utils/nnet_dense_latency.h:42]   --->   Operation 469 'bitconcatenate' 'tmp_719' <Predicate = true> <Delay = 0.00>
ST_1 : Operation 470 [1/1] (0.00ns)   --->   "%sext_ln73_200 = sext i13 %tmp_719" [firmware/nnet_utils/nnet_mult.h:73->firmware/nnet_utils/nnet_dense_latency.h:42]   --->   Operation 470 'sext' 'sext_ln73_200' <Predicate = true> <Delay = 0.00>
ST_1 : Operation 471 [1/1] (0.00ns) (grouped into TernaryAdder)   --->   "%sub_ln73_997 = sub i15 0, i15 %sext_ln73_200" [firmware/nnet_utils/nnet_mult.h:73->firmware/nnet_utils/nnet_dense_latency.h:42]   --->   Operation 471 'sub' 'sub_ln73_997' <Predicate = true> <Delay = 0.00> <CoreInst = "TAddSub">   --->   Core 10 'TAddSub' <Latency = 0> <II = 1> <Delay = 1.99> <IPBlock> <Opcode : '' 'add' 'sub'> <InPorts = 3> <OutPorts = 1> <Sync> <CReg>
ST_1 : Operation 472 [1/1] (3.87ns) (root node of TernaryAdder)   --->   "%mult_920 = sub i15 %sub_ln73_997, i15 %sext_ln73_52" [firmware/nnet_utils/nnet_mult.h:73->firmware/nnet_utils/nnet_dense_latency.h:42]   --->   Operation 472 'sub' 'mult_920' <Predicate = true> <Delay = 3.87> <CoreInst = "TAddSub">   --->   Core 10 'TAddSub' <Latency = 0> <II = 1> <Delay = 1.99> <IPBlock> <Opcode : '' 'add' 'sub'> <InPorts = 3> <OutPorts = 1> <Sync> <CReg>
ST_1 : Operation 473 [1/1] (0.00ns)   --->   "%tmp_720 = bitconcatenate i15 @_ssdm_op_BitConcatenate.i15.i10.i5, i10 %data_12_val_read, i5 0" [firmware/nnet_utils/nnet_mult.h:73->firmware/nnet_utils/nnet_dense_latency.h:42]   --->   Operation 473 'bitconcatenate' 'tmp_720' <Predicate = true> <Delay = 0.00>
ST_1 : Operation 474 [1/1] (0.00ns)   --->   "%sext_ln73_201 = sext i15 %tmp_720" [firmware/nnet_utils/nnet_mult.h:73->firmware/nnet_utils/nnet_dense_latency.h:42]   --->   Operation 474 'sext' 'sext_ln73_201' <Predicate = true> <Delay = 0.00>
ST_1 : Operation 475 [1/1] (0.00ns)   --->   "%sext_ln73_202 = sext i12 %tmp_718" [firmware/nnet_utils/nnet_mult.h:73->firmware/nnet_utils/nnet_dense_latency.h:42]   --->   Operation 475 'sext' 'sext_ln73_202' <Predicate = true> <Delay = 0.00>
ST_1 : Operation 476 [1/1] (0.00ns) (grouped into TernaryAdder)   --->   "%mult_921 = sub i16 %sext_ln73_201, i16 %sext_ln73_202" [firmware/nnet_utils/nnet_mult.h:73->firmware/nnet_utils/nnet_dense_latency.h:42]   --->   Operation 476 'sub' 'mult_921' <Predicate = true> <Delay = 0.00> <CoreInst = "TAddSub">   --->   Core 10 'TAddSub' <Latency = 0> <II = 1> <Delay = 1.99> <IPBlock> <Opcode : '' 'add' 'sub'> <InPorts = 3> <OutPorts = 1> <Sync> <CReg>
ST_1 : Operation 477 [1/1] (4.52ns)   --->   "%mult_922 = mul i16 %sext_ln73_51, i16 65515" [firmware/nnet_utils/nnet_mult.h:73->firmware/nnet_utils/nnet_dense_latency.h:42]   --->   Operation 477 'mul' 'mult_922' <Predicate = true> <Delay = 4.52> <CoreInst = "Multiplier">   --->   Core 3 'Multiplier' <Latency = 0> <II = 1> <Delay = 4.52> <FuncUnit> <Opcode : 'mul'> <InPorts = 2> <OutPorts = 1>
ST_1 : Operation 478 [1/1] (4.52ns)   --->   "%mult_923 = mul i15 %sext_ln73_52, i15 32755" [firmware/nnet_utils/nnet_mult.h:73->firmware/nnet_utils/nnet_dense_latency.h:42]   --->   Operation 478 'mul' 'mult_923' <Predicate = true> <Delay = 4.52> <CoreInst = "Multiplier">   --->   Core 3 'Multiplier' <Latency = 0> <II = 1> <Delay = 4.52> <FuncUnit> <Opcode : 'mul'> <InPorts = 2> <OutPorts = 1>
ST_1 : Operation 479 [1/1] (0.00ns)   --->   "%sext_ln73_203 = sext i15 %tmp_720" [firmware/nnet_utils/nnet_mult.h:73->firmware/nnet_utils/nnet_dense_latency.h:42]   --->   Operation 479 'sext' 'sext_ln73_203' <Predicate = true> <Delay = 0.00>
ST_1 : Operation 480 [1/1] (0.00ns)   --->   "%tmp_721 = bitconcatenate i11 @_ssdm_op_BitConcatenate.i11.i10.i1, i10 %data_12_val_read, i1 0" [firmware/nnet_utils/nnet_mult.h:73->firmware/nnet_utils/nnet_dense_latency.h:42]   --->   Operation 480 'bitconcatenate' 'tmp_721' <Predicate = true> <Delay = 0.00>
ST_1 : Operation 481 [1/1] (0.00ns)   --->   "%sext_ln73_204 = sext i11 %tmp_721" [firmware/nnet_utils/nnet_mult.h:73->firmware/nnet_utils/nnet_dense_latency.h:42]   --->   Operation 481 'sext' 'sext_ln73_204' <Predicate = true> <Delay = 0.00>
ST_1 : Operation 482 [1/1] (1.94ns)   --->   "%mult_924 = add i17 %sext_ln73_203, i17 %sext_ln73_204" [firmware/nnet_utils/nnet_mult.h:73->firmware/nnet_utils/nnet_dense_latency.h:42]   --->   Operation 482 'add' 'mult_924' <Predicate = true> <Delay = 1.94> <CoreInst = "Adder">   --->   Core 1 'Adder' <Latency = 0> <II = 1> <Delay = 1.94> <FuncUnit> <Opcode : 'add' 'sub'> <InPorts = 2> <OutPorts = 1>
ST_1 : Operation 483 [1/1] (0.00ns) (grouped into TernaryAdder)   --->   "%sub_ln73_1000 = sub i17 0, i17 %sext_ln73_203" [firmware/nnet_utils/nnet_mult.h:73->firmware/nnet_utils/nnet_dense_latency.h:42]   --->   Operation 483 'sub' 'sub_ln73_1000' <Predicate = true> <Delay = 0.00> <CoreInst = "TAddSub">   --->   Core 10 'TAddSub' <Latency = 0> <II = 1> <Delay = 1.99> <IPBlock> <Opcode : '' 'add' 'sub'> <InPorts = 3> <OutPorts = 1> <Sync> <CReg>
ST_1 : Operation 484 [1/1] (3.93ns) (root node of TernaryAdder)   --->   "%mult_925 = sub i17 %sub_ln73_1000, i17 %sext_ln73_204" [firmware/nnet_utils/nnet_mult.h:73->firmware/nnet_utils/nnet_dense_latency.h:42]   --->   Operation 484 'sub' 'mult_925' <Predicate = true> <Delay = 3.93> <CoreInst = "TAddSub">   --->   Core 10 'TAddSub' <Latency = 0> <II = 1> <Delay = 1.99> <IPBlock> <Opcode : '' 'add' 'sub'> <InPorts = 3> <OutPorts = 1> <Sync> <CReg>
ST_1 : Operation 485 [1/1] (0.00ns)   --->   "%sext_ln17_756 = sext i17 %mult_925" [firmware/nnet_utils/nnet_dense_latency.h:17]   --->   Operation 485 'sext' 'sext_ln17_756' <Predicate = true> <Delay = 0.00>
ST_1 : Operation 486 [1/1] (4.52ns)   --->   "%mult_926 = mul i16 %sext_ln73_51, i16 21" [firmware/nnet_utils/nnet_mult.h:73->firmware/nnet_utils/nnet_dense_latency.h:42]   --->   Operation 486 'mul' 'mult_926' <Predicate = true> <Delay = 4.52> <CoreInst = "Multiplier">   --->   Core 3 'Multiplier' <Latency = 0> <II = 1> <Delay = 4.52> <FuncUnit> <Opcode : 'mul'> <InPorts = 2> <OutPorts = 1>
ST_1 : Operation 487 [1/1] (0.00ns)   --->   "%sext_ln73_205 = sext i13 %tmp_719" [firmware/nnet_utils/nnet_mult.h:73->firmware/nnet_utils/nnet_dense_latency.h:42]   --->   Operation 487 'sext' 'sext_ln73_205' <Predicate = true> <Delay = 0.00>
ST_1 : Operation 488 [1/1] (0.00ns) (grouped into TernaryAdder)   --->   "%mult_927 = sub i14 %sext_ln73_53, i14 %sext_ln73_205" [firmware/nnet_utils/nnet_mult.h:73->firmware/nnet_utils/nnet_dense_latency.h:42]   --->   Operation 488 'sub' 'mult_927' <Predicate = true> <Delay = 0.00> <CoreInst = "TAddSub">   --->   Core 10 'TAddSub' <Latency = 0> <II = 1> <Delay = 1.99> <IPBlock> <Opcode : '' 'add' 'sub'> <InPorts = 3> <OutPorts = 1> <Sync> <CReg>
ST_1 : Operation 489 [1/1] (4.52ns)   --->   "%mul_ln17_6 = mul i14 %sext_ln73_53, i14 11" [firmware/nnet_utils/nnet_dense_latency.h:17]   --->   Operation 489 'mul' 'mul_ln17_6' <Predicate = true> <Delay = 4.52> <CoreInst = "Multiplier">   --->   Core 3 'Multiplier' <Latency = 0> <II = 1> <Delay = 4.52> <FuncUnit> <Opcode : 'mul'> <InPorts = 2> <OutPorts = 1>
ST_1 : Operation 490 [1/1] (0.00ns)   --->   "%sext_ln73_206 = sext i14 %mult_918" [firmware/nnet_utils/nnet_mult.h:73->firmware/nnet_utils/nnet_dense_latency.h:42]   --->   Operation 490 'sext' 'sext_ln73_206' <Predicate = true> <Delay = 0.00>
ST_1 : Operation 491 [1/1] (1.81ns)   --->   "%sub_ln73_1003 = sub i16 0, i16 %sext_ln73_206" [firmware/nnet_utils/nnet_mult.h:73->firmware/nnet_utils/nnet_dense_latency.h:42]   --->   Operation 491 'sub' 'sub_ln73_1003' <Predicate = true> <Delay = 1.81> <CoreInst = "Adder">   --->   Core 1 'Adder' <Latency = 0> <II = 1> <Delay = 1.81> <FuncUnit> <Opcode : 'add' 'sub'> <InPorts = 2> <OutPorts = 1>
ST_1 : Operation 492 [1/1] (0.00ns)   --->   "%sext_ln73_207 = sext i11 %tmp_721" [firmware/nnet_utils/nnet_mult.h:73->firmware/nnet_utils/nnet_dense_latency.h:42]   --->   Operation 492 'sext' 'sext_ln73_207' <Predicate = true> <Delay = 0.00>
ST_1 : Operation 493 [1/1] (0.00ns) (grouped into TernaryAdder)   --->   "%mult_928 = sub i16 %sub_ln73_1003, i16 %sext_ln73_207" [firmware/nnet_utils/nnet_mult.h:73->firmware/nnet_utils/nnet_dense_latency.h:42]   --->   Operation 493 'sub' 'mult_928' <Predicate = true> <Delay = 0.00> <CoreInst = "TAddSub">   --->   Core 10 'TAddSub' <Latency = 0> <II = 1> <Delay = 1.99> <IPBlock> <Opcode : '' 'add' 'sub'> <InPorts = 3> <OutPorts = 1> <Sync> <CReg>
ST_1 : Operation 494 [1/1] (0.00ns)   --->   "%sext_ln17_757 = sext i10 %data_13_val_read" [firmware/nnet_utils/nnet_dense_latency.h:17]   --->   Operation 494 'sext' 'sext_ln17_757' <Predicate = true> <Delay = 0.00>
ST_1 : Operation 495 [1/1] (0.00ns)   --->   "%sext_ln73_56 = sext i10 %data_13_val_read" [firmware/nnet_utils/nnet_mult.h:73->firmware/nnet_utils/nnet_dense_latency.h:42]   --->   Operation 495 'sext' 'sext_ln73_56' <Predicate = true> <Delay = 0.00>
ST_1 : Operation 496 [1/1] (0.00ns)   --->   "%sext_ln73_58 = sext i10 %data_13_val_read" [firmware/nnet_utils/nnet_mult.h:73->firmware/nnet_utils/nnet_dense_latency.h:42]   --->   Operation 496 'sext' 'sext_ln73_58' <Predicate = true> <Delay = 0.00>
ST_1 : Operation 497 [1/1] (0.00ns)   --->   "%sext_ln73_59 = sext i10 %data_13_val_read" [firmware/nnet_utils/nnet_mult.h:73->firmware/nnet_utils/nnet_dense_latency.h:42]   --->   Operation 497 'sext' 'sext_ln73_59' <Predicate = true> <Delay = 0.00>
ST_1 : Operation 498 [1/1] (0.00ns)   --->   "%mult_930 = bitconcatenate i14 @_ssdm_op_BitConcatenate.i14.i10.i4, i10 %data_13_val_read, i4 0" [firmware/nnet_utils/nnet_mult.h:73->firmware/nnet_utils/nnet_dense_latency.h:42]   --->   Operation 498 'bitconcatenate' 'mult_930' <Predicate = true> <Delay = 0.00>
ST_1 : Operation 499 [1/1] (0.00ns)   --->   "%sext_ln73_208 = sext i14 %mult_930" [firmware/nnet_utils/nnet_mult.h:73->firmware/nnet_utils/nnet_dense_latency.h:42]   --->   Operation 499 'sext' 'sext_ln73_208' <Predicate = true> <Delay = 0.00>
ST_1 : Operation 500 [1/1] (0.00ns) (grouped into TernaryAdder)   --->   "%mult_929 = sub i15 %sext_ln73_208, i15 %sext_ln73_59" [firmware/nnet_utils/nnet_mult.h:73->firmware/nnet_utils/nnet_dense_latency.h:42]   --->   Operation 500 'sub' 'mult_929' <Predicate = true> <Delay = 0.00> <CoreInst = "TAddSub">   --->   Core 10 'TAddSub' <Latency = 0> <II = 1> <Delay = 1.99> <IPBlock> <Opcode : '' 'add' 'sub'> <InPorts = 3> <OutPorts = 1> <Sync> <CReg>
ST_1 : Operation 501 [1/1] (0.00ns)   --->   "%tmp_723 = bitconcatenate i13 @_ssdm_op_BitConcatenate.i13.i10.i3, i10 %data_13_val_read, i3 0" [firmware/nnet_utils/nnet_mult.h:73->firmware/nnet_utils/nnet_dense_latency.h:42]   --->   Operation 501 'bitconcatenate' 'tmp_723' <Predicate = true> <Delay = 0.00>
ST_1 : Operation 502 [1/1] (0.00ns)   --->   "%sext_ln73_209 = sext i13 %tmp_723" [firmware/nnet_utils/nnet_mult.h:73->firmware/nnet_utils/nnet_dense_latency.h:42]   --->   Operation 502 'sext' 'sext_ln73_209' <Predicate = true> <Delay = 0.00>
ST_1 : Operation 503 [1/1] (0.00ns)   --->   "%mult_939 = bitconcatenate i11 @_ssdm_op_BitConcatenate.i11.i10.i1, i10 %data_13_val_read, i1 0" [firmware/nnet_utils/nnet_mult.h:73->firmware/nnet_utils/nnet_dense_latency.h:42]   --->   Operation 503 'bitconcatenate' 'mult_939' <Predicate = true> <Delay = 0.00>
ST_1 : Operation 504 [1/1] (0.00ns)   --->   "%sext_ln73_210 = sext i11 %mult_939" [firmware/nnet_utils/nnet_mult.h:73->firmware/nnet_utils/nnet_dense_latency.h:42]   --->   Operation 504 'sext' 'sext_ln73_210' <Predicate = true> <Delay = 0.00>
ST_1 : Operation 505 [1/1] (1.67ns)   --->   "%mult_931 = sub i14 %sext_ln73_209, i14 %sext_ln73_210" [firmware/nnet_utils/nnet_mult.h:73->firmware/nnet_utils/nnet_dense_latency.h:42]   --->   Operation 505 'sub' 'mult_931' <Predicate = true> <Delay = 1.67> <CoreInst = "Adder">   --->   Core 1 'Adder' <Latency = 0> <II = 1> <Delay = 1.67> <FuncUnit> <Opcode : 'add' 'sub'> <InPorts = 2> <OutPorts = 1>
ST_1 : Operation 506 [1/1] (0.00ns)   --->   "%sext_ln17_759 = sext i14 %mult_931" [firmware/nnet_utils/nnet_dense_latency.h:17]   --->   Operation 506 'sext' 'sext_ln17_759' <Predicate = true> <Delay = 0.00>
ST_1 : Operation 507 [1/1] (0.00ns)   --->   "%mult_932 = bitconcatenate i12 @_ssdm_op_BitConcatenate.i12.i10.i2, i10 %data_13_val_read, i2 0" [firmware/nnet_utils/nnet_mult.h:73->firmware/nnet_utils/nnet_dense_latency.h:42]   --->   Operation 507 'bitconcatenate' 'mult_932' <Predicate = true> <Delay = 0.00>
ST_1 : Operation 508 [1/1] (0.00ns)   --->   "%sext_ln17_760 = sext i12 %mult_932" [firmware/nnet_utils/nnet_dense_latency.h:17]   --->   Operation 508 'sext' 'sext_ln17_760' <Predicate = true> <Delay = 0.00>
ST_1 : Operation 509 [1/1] (0.00ns)   --->   "%tmp_725 = bitconcatenate i15 @_ssdm_op_BitConcatenate.i15.i10.i5, i10 %data_13_val_read, i5 0" [firmware/nnet_utils/nnet_mult.h:73->firmware/nnet_utils/nnet_dense_latency.h:42]   --->   Operation 509 'bitconcatenate' 'tmp_725' <Predicate = true> <Delay = 0.00>
ST_1 : Operation 510 [1/1] (0.00ns)   --->   "%sext_ln73_211 = sext i15 %tmp_725" [firmware/nnet_utils/nnet_mult.h:73->firmware/nnet_utils/nnet_dense_latency.h:42]   --->   Operation 510 'sext' 'sext_ln73_211' <Predicate = true> <Delay = 0.00>
ST_1 : Operation 511 [1/1] (0.00ns)   --->   "%sext_ln73_212 = sext i11 %mult_939" [firmware/nnet_utils/nnet_mult.h:73->firmware/nnet_utils/nnet_dense_latency.h:42]   --->   Operation 511 'sext' 'sext_ln73_212' <Predicate = true> <Delay = 0.00>
ST_1 : Operation 512 [1/1] (1.94ns)   --->   "%mult_933 = sub i16 %sext_ln73_212, i16 %sext_ln73_211" [firmware/nnet_utils/nnet_mult.h:73->firmware/nnet_utils/nnet_dense_latency.h:42]   --->   Operation 512 'sub' 'mult_933' <Predicate = true> <Delay = 1.94> <CoreInst = "Adder">   --->   Core 1 'Adder' <Latency = 0> <II = 1> <Delay = 1.94> <FuncUnit> <Opcode : 'add' 'sub'> <InPorts = 2> <OutPorts = 1>
ST_1 : Operation 513 [1/1] (1.67ns)   --->   "%mult_934 = sub i14 %sext_ln73_209, i14 %sext_ln73_58" [firmware/nnet_utils/nnet_mult.h:73->firmware/nnet_utils/nnet_dense_latency.h:42]   --->   Operation 513 'sub' 'mult_934' <Predicate = true> <Delay = 1.67> <CoreInst = "Adder">   --->   Core 1 'Adder' <Latency = 0> <II = 1> <Delay = 1.67> <FuncUnit> <Opcode : 'add' 'sub'> <InPorts = 2> <OutPorts = 1>
ST_1 : Operation 514 [1/1] (1.67ns)   --->   "%mult_935 = sub i14 %sext_ln73_58, i14 %sext_ln73_209" [firmware/nnet_utils/nnet_mult.h:73->firmware/nnet_utils/nnet_dense_latency.h:42]   --->   Operation 514 'sub' 'mult_935' <Predicate = true> <Delay = 1.67> <CoreInst = "Adder">   --->   Core 1 'Adder' <Latency = 0> <II = 1> <Delay = 1.67> <FuncUnit> <Opcode : 'add' 'sub'> <InPorts = 2> <OutPorts = 1>
ST_1 : Operation 515 [1/1] (0.00ns)   --->   "%sext_ln17_762 = sext i14 %mult_935" [firmware/nnet_utils/nnet_dense_latency.h:17]   --->   Operation 515 'sext' 'sext_ln17_762' <Predicate = true> <Delay = 0.00>
ST_1 : Operation 516 [1/1] (0.00ns)   --->   "%sext_ln73_213 = sext i14 %mult_930" [firmware/nnet_utils/nnet_mult.h:73->firmware/nnet_utils/nnet_dense_latency.h:42]   --->   Operation 516 'sext' 'sext_ln73_213' <Predicate = true> <Delay = 0.00>
ST_1 : Operation 517 [1/1] (1.81ns)   --->   "%mult_936 = add i16 %sext_ln73_213, i16 %sext_ln73_212" [firmware/nnet_utils/nnet_mult.h:73->firmware/nnet_utils/nnet_dense_latency.h:42]   --->   Operation 517 'add' 'mult_936' <Predicate = true> <Delay = 1.81> <CoreInst = "Adder">   --->   Core 1 'Adder' <Latency = 0> <II = 1> <Delay = 1.81> <FuncUnit> <Opcode : 'add' 'sub'> <InPorts = 2> <OutPorts = 1>
ST_1 : Operation 518 [1/1] (4.52ns)   --->   "%mul_ln17_7 = mul i16 %sext_ln17_757, i16 35" [firmware/nnet_utils/nnet_dense_latency.h:17]   --->   Operation 518 'mul' 'mul_ln17_7' <Predicate = true> <Delay = 4.52> <CoreInst = "Multiplier">   --->   Core 3 'Multiplier' <Latency = 0> <II = 1> <Delay = 4.52> <FuncUnit> <Opcode : 'mul'> <InPorts = 2> <OutPorts = 1>
ST_1 : Operation 519 [1/1] (1.81ns)   --->   "%sub_ln17_26 = sub i15 0, i15 %sext_ln73_208" [firmware/nnet_utils/nnet_dense_latency.h:17]   --->   Operation 519 'sub' 'sub_ln17_26' <Predicate = true> <Delay = 1.81> <CoreInst = "Adder">   --->   Core 1 'Adder' <Latency = 0> <II = 1> <Delay = 1.81> <FuncUnit> <Opcode : 'add' 'sub'> <InPorts = 2> <OutPorts = 1>
ST_1 : Operation 520 [1/1] (0.00ns)   --->   "%sext_ln17_788 = sext i12 %mult_932" [firmware/nnet_utils/nnet_dense_latency.h:17]   --->   Operation 520 'sext' 'sext_ln17_788' <Predicate = true> <Delay = 0.00>
ST_1 : Operation 521 [1/1] (0.00ns) (grouped into TernaryAdder)   --->   "%sub_ln17_27 = sub i15 %sub_ln17_26, i15 %sext_ln17_788" [firmware/nnet_utils/nnet_dense_latency.h:17]   --->   Operation 521 'sub' 'sub_ln17_27' <Predicate = true> <Delay = 0.00> <CoreInst = "TAddSub">   --->   Core 10 'TAddSub' <Latency = 0> <II = 1> <Delay = 1.99> <IPBlock> <Opcode : '' 'add' 'sub'> <InPorts = 3> <OutPorts = 1> <Sync> <CReg>
ST_1 : Operation 522 [1/1] (0.00ns)   --->   "%sext_ln73_214 = sext i11 %mult_939" [firmware/nnet_utils/nnet_mult.h:73->firmware/nnet_utils/nnet_dense_latency.h:42]   --->   Operation 522 'sext' 'sext_ln73_214' <Predicate = true> <Delay = 0.00>
ST_1 : Operation 523 [1/1] (1.63ns)   --->   "%mult_937 = sub i12 0, i12 %sext_ln73_214" [firmware/nnet_utils/nnet_mult.h:73->firmware/nnet_utils/nnet_dense_latency.h:42]   --->   Operation 523 'sub' 'mult_937' <Predicate = true> <Delay = 1.63> <CoreInst = "Adder">   --->   Core 1 'Adder' <Latency = 0> <II = 1> <Delay = 1.63> <FuncUnit> <Opcode : 'add' 'sub'> <InPorts = 2> <OutPorts = 1>
ST_1 : Operation 524 [1/1] (0.00ns)   --->   "%sext_ln17_763 = sext i12 %mult_937" [firmware/nnet_utils/nnet_dense_latency.h:17]   --->   Operation 524 'sext' 'sext_ln17_763' <Predicate = true> <Delay = 0.00>
ST_1 : Operation 525 [1/1] (1.54ns)   --->   "%mult_938 = sub i13 0, i13 %sext_ln17_760" [firmware/nnet_utils/nnet_mult.h:73->firmware/nnet_utils/nnet_dense_latency.h:42]   --->   Operation 525 'sub' 'mult_938' <Predicate = true> <Delay = 1.54> <CoreInst = "Adder">   --->   Core 1 'Adder' <Latency = 0> <II = 1> <Delay = 1.54> <FuncUnit> <Opcode : 'add' 'sub'> <InPorts = 2> <OutPorts = 1>
ST_1 : Operation 526 [1/1] (4.52ns)   --->   "%mul_ln17_8 = mul i15 %sext_ln73_59, i15 19" [firmware/nnet_utils/nnet_dense_latency.h:17]   --->   Operation 526 'mul' 'mul_ln17_8' <Predicate = true> <Delay = 4.52> <CoreInst = "Multiplier">   --->   Core 3 'Multiplier' <Latency = 0> <II = 1> <Delay = 4.52> <FuncUnit> <Opcode : 'mul'> <InPorts = 2> <OutPorts = 1>
ST_1 : Operation 527 [1/1] (0.00ns)   --->   "%sext_ln73_61 = sext i10 %data_14_val_read" [firmware/nnet_utils/nnet_mult.h:73->firmware/nnet_utils/nnet_dense_latency.h:42]   --->   Operation 527 'sext' 'sext_ln73_61' <Predicate = true> <Delay = 0.00>
ST_1 : Operation 528 [1/1] (0.00ns)   --->   "%sext_ln73_62 = sext i10 %data_14_val_read" [firmware/nnet_utils/nnet_mult.h:73->firmware/nnet_utils/nnet_dense_latency.h:42]   --->   Operation 528 'sext' 'sext_ln73_62' <Predicate = true> <Delay = 0.00>
ST_1 : Operation 529 [1/1] (0.00ns)   --->   "%sext_ln73_63 = sext i10 %data_14_val_read" [firmware/nnet_utils/nnet_mult.h:73->firmware/nnet_utils/nnet_dense_latency.h:42]   --->   Operation 529 'sext' 'sext_ln73_63' <Predicate = true> <Delay = 0.00>
ST_1 : Operation 530 [1/1] (0.00ns)   --->   "%sext_ln73_64 = sext i10 %data_14_val_read" [firmware/nnet_utils/nnet_mult.h:73->firmware/nnet_utils/nnet_dense_latency.h:42]   --->   Operation 530 'sext' 'sext_ln73_64' <Predicate = true> <Delay = 0.00>
ST_1 : Operation 531 [1/1] (4.52ns)   --->   "%mult_940 = mul i15 %sext_ln73_64, i15 13" [firmware/nnet_utils/nnet_mult.h:73->firmware/nnet_utils/nnet_dense_latency.h:42]   --->   Operation 531 'mul' 'mult_940' <Predicate = true> <Delay = 4.52> <CoreInst = "Multiplier">   --->   Core 3 'Multiplier' <Latency = 0> <II = 1> <Delay = 4.52> <FuncUnit> <Opcode : 'mul'> <InPorts = 2> <OutPorts = 1>
ST_1 : Operation 532 [1/1] (0.00ns)   --->   "%tmp_726 = bitconcatenate i13 @_ssdm_op_BitConcatenate.i13.i10.i3, i10 %data_14_val_read, i3 0" [firmware/nnet_utils/nnet_mult.h:73->firmware/nnet_utils/nnet_dense_latency.h:42]   --->   Operation 532 'bitconcatenate' 'tmp_726' <Predicate = true> <Delay = 0.00>
ST_1 : Operation 533 [1/1] (0.00ns)   --->   "%sext_ln73_215 = sext i13 %tmp_726" [firmware/nnet_utils/nnet_mult.h:73->firmware/nnet_utils/nnet_dense_latency.h:42]   --->   Operation 533 'sext' 'sext_ln73_215' <Predicate = true> <Delay = 0.00>
ST_1 : Operation 534 [1/1] (1.67ns)   --->   "%mult_941 = sub i14 %sext_ln73_63, i14 %sext_ln73_215" [firmware/nnet_utils/nnet_mult.h:73->firmware/nnet_utils/nnet_dense_latency.h:42]   --->   Operation 534 'sub' 'mult_941' <Predicate = true> <Delay = 1.67> <CoreInst = "Adder">   --->   Core 1 'Adder' <Latency = 0> <II = 1> <Delay = 1.67> <FuncUnit> <Opcode : 'add' 'sub'> <InPorts = 2> <OutPorts = 1>
ST_1 : Operation 535 [1/1] (0.00ns)   --->   "%sext_ln17_766 = sext i14 %mult_941" [firmware/nnet_utils/nnet_dense_latency.h:17]   --->   Operation 535 'sext' 'sext_ln17_766' <Predicate = true> <Delay = 0.00>
ST_1 : Operation 536 [1/1] (4.52ns)   --->   "%mult_942 = mul i16 %sext_ln73_62, i16 25" [firmware/nnet_utils/nnet_mult.h:73->firmware/nnet_utils/nnet_dense_latency.h:42]   --->   Operation 536 'mul' 'mult_942' <Predicate = true> <Delay = 4.52> <CoreInst = "Multiplier">   --->   Core 3 'Multiplier' <Latency = 0> <II = 1> <Delay = 4.52> <FuncUnit> <Opcode : 'mul'> <InPorts = 2> <OutPorts = 1>
ST_1 : Operation 537 [1/1] (0.00ns)   --->   "%tmp_727 = bitconcatenate i14 @_ssdm_op_BitConcatenate.i14.i10.i4, i10 %data_14_val_read, i4 0" [firmware/nnet_utils/nnet_mult.h:73->firmware/nnet_utils/nnet_dense_latency.h:42]   --->   Operation 537 'bitconcatenate' 'tmp_727' <Predicate = true> <Delay = 0.00>
ST_1 : Operation 538 [1/1] (0.00ns)   --->   "%sext_ln73_216 = sext i14 %tmp_727" [firmware/nnet_utils/nnet_mult.h:73->firmware/nnet_utils/nnet_dense_latency.h:42]   --->   Operation 538 'sext' 'sext_ln73_216' <Predicate = true> <Delay = 0.00>
ST_1 : Operation 539 [1/1] (0.00ns)   --->   "%mult_950 = bitconcatenate i12 @_ssdm_op_BitConcatenate.i12.i10.i2, i10 %data_14_val_read, i2 0" [firmware/nnet_utils/nnet_mult.h:73->firmware/nnet_utils/nnet_dense_latency.h:42]   --->   Operation 539 'bitconcatenate' 'mult_950' <Predicate = true> <Delay = 0.00>
ST_1 : Operation 540 [1/1] (0.00ns)   --->   "%sext_ln73_217 = sext i12 %mult_950" [firmware/nnet_utils/nnet_mult.h:73->firmware/nnet_utils/nnet_dense_latency.h:42]   --->   Operation 540 'sext' 'sext_ln73_217' <Predicate = true> <Delay = 0.00>
ST_1 : Operation 541 [1/1] (0.00ns) (grouped into TernaryAdder)   --->   "%mult_943 = add i16 %sext_ln73_216, i16 %sext_ln73_217" [firmware/nnet_utils/nnet_mult.h:73->firmware/nnet_utils/nnet_dense_latency.h:42]   --->   Operation 541 'add' 'mult_943' <Predicate = true> <Delay = 0.00> <CoreInst = "TAddSub">   --->   Core 10 'TAddSub' <Latency = 0> <II = 1> <Delay = 1.99> <IPBlock> <Opcode : '' 'add' 'sub'> <InPorts = 3> <OutPorts = 1> <Sync> <CReg>
ST_1 : Operation 542 [1/1] (0.00ns) (grouped into TernaryAdder)   --->   "%mult_944 = add i16 %sext_ln73_216, i16 %sext_ln73_62" [firmware/nnet_utils/nnet_mult.h:73->firmware/nnet_utils/nnet_dense_latency.h:42]   --->   Operation 542 'add' 'mult_944' <Predicate = true> <Delay = 0.00> <CoreInst = "TAddSub">   --->   Core 10 'TAddSub' <Latency = 0> <II = 1> <Delay = 1.99> <IPBlock> <Opcode : '' 'add' 'sub'> <InPorts = 3> <OutPorts = 1> <Sync> <CReg>
ST_1 : Operation 543 [1/1] (4.52ns)   --->   "%mult_945 = mul i15 %sext_ln73_64, i15 11" [firmware/nnet_utils/nnet_mult.h:73->firmware/nnet_utils/nnet_dense_latency.h:42]   --->   Operation 543 'mul' 'mult_945' <Predicate = true> <Delay = 4.52> <CoreInst = "Multiplier">   --->   Core 3 'Multiplier' <Latency = 0> <II = 1> <Delay = 4.52> <FuncUnit> <Opcode : 'mul'> <InPorts = 2> <OutPorts = 1>
ST_1 : Operation 544 [1/1] (0.00ns)   --->   "%sext_ln73_218 = sext i12 %mult_950" [firmware/nnet_utils/nnet_mult.h:73->firmware/nnet_utils/nnet_dense_latency.h:42]   --->   Operation 544 'sext' 'sext_ln73_218' <Predicate = true> <Delay = 0.00>
ST_1 : Operation 545 [1/1] (0.00ns) (grouped into TernaryAdder)   --->   "%mult_946 = sub i13 %sext_ln73_61, i13 %sext_ln73_218" [firmware/nnet_utils/nnet_mult.h:73->firmware/nnet_utils/nnet_dense_latency.h:42]   --->   Operation 545 'sub' 'mult_946' <Predicate = true> <Delay = 0.00> <CoreInst = "TAddSub">   --->   Core 10 'TAddSub' <Latency = 0> <II = 1> <Delay = 1.99> <IPBlock> <Opcode : '' 'add' 'sub'> <InPorts = 3> <OutPorts = 1> <Sync> <CReg>
ST_1 : Operation 546 [1/1] (4.52ns)   --->   "%mult_947 = mul i16 %sext_ln73_62, i16 21" [firmware/nnet_utils/nnet_mult.h:73->firmware/nnet_utils/nnet_dense_latency.h:42]   --->   Operation 546 'mul' 'mult_947' <Predicate = true> <Delay = 4.52> <CoreInst = "Multiplier">   --->   Core 3 'Multiplier' <Latency = 0> <II = 1> <Delay = 4.52> <FuncUnit> <Opcode : 'mul'> <InPorts = 2> <OutPorts = 1>
ST_1 : Operation 547 [1/1] (0.00ns)   --->   "%sext_ln73_219 = sext i14 %tmp_727" [firmware/nnet_utils/nnet_mult.h:73->firmware/nnet_utils/nnet_dense_latency.h:42]   --->   Operation 547 'sext' 'sext_ln73_219' <Predicate = true> <Delay = 0.00>
ST_1 : Operation 548 [1/1] (0.00ns)   --->   "%sext_ln73_220 = sext i12 %mult_950" [firmware/nnet_utils/nnet_mult.h:73->firmware/nnet_utils/nnet_dense_latency.h:42]   --->   Operation 548 'sext' 'sext_ln73_220' <Predicate = true> <Delay = 0.00>
ST_1 : Operation 549 [1/1] (0.00ns) (grouped into TernaryAdder)   --->   "%mult_948 = sub i15 %sext_ln73_219, i15 %sext_ln73_220" [firmware/nnet_utils/nnet_mult.h:73->firmware/nnet_utils/nnet_dense_latency.h:42]   --->   Operation 549 'sub' 'mult_948' <Predicate = true> <Delay = 0.00> <CoreInst = "TAddSub">   --->   Core 10 'TAddSub' <Latency = 0> <II = 1> <Delay = 1.99> <IPBlock> <Opcode : '' 'add' 'sub'> <InPorts = 3> <OutPorts = 1> <Sync> <CReg>
ST_1 : Operation 550 [1/1] (0.00ns)   --->   "%sext_ln73_221 = sext i13 %tmp_726" [firmware/nnet_utils/nnet_mult.h:73->firmware/nnet_utils/nnet_dense_latency.h:42]   --->   Operation 550 'sext' 'sext_ln73_221' <Predicate = true> <Delay = 0.00>
ST_1 : Operation 551 [1/1] (0.00ns)   --->   "%tmp_729 = bitconcatenate i11 @_ssdm_op_BitConcatenate.i11.i10.i1, i10 %data_14_val_read, i1 0" [firmware/nnet_utils/nnet_mult.h:73->firmware/nnet_utils/nnet_dense_latency.h:42]   --->   Operation 551 'bitconcatenate' 'tmp_729' <Predicate = true> <Delay = 0.00>
ST_1 : Operation 552 [1/1] (0.00ns)   --->   "%sext_ln73_222 = sext i11 %tmp_729" [firmware/nnet_utils/nnet_mult.h:73->firmware/nnet_utils/nnet_dense_latency.h:42]   --->   Operation 552 'sext' 'sext_ln73_222' <Predicate = true> <Delay = 0.00>
ST_1 : Operation 553 [1/1] (0.00ns) (grouped into TernaryAdder)   --->   "%mult_949 = add i15 %sext_ln73_221, i15 %sext_ln73_222" [firmware/nnet_utils/nnet_mult.h:73->firmware/nnet_utils/nnet_dense_latency.h:42]   --->   Operation 553 'add' 'mult_949' <Predicate = true> <Delay = 0.00> <CoreInst = "TAddSub">   --->   Core 10 'TAddSub' <Latency = 0> <II = 1> <Delay = 1.99> <IPBlock> <Opcode : '' 'add' 'sub'> <InPorts = 3> <OutPorts = 1> <Sync> <CReg>
ST_1 : Operation 554 [1/1] (0.00ns)   --->   "%sext_ln73_223 = sext i11 %tmp_729" [firmware/nnet_utils/nnet_mult.h:73->firmware/nnet_utils/nnet_dense_latency.h:42]   --->   Operation 554 'sext' 'sext_ln73_223' <Predicate = true> <Delay = 0.00>
ST_1 : Operation 555 [1/1] (0.00ns)   --->   "%sext_ln73_65 = sext i10 %data_15_val_read" [firmware/nnet_utils/nnet_mult.h:73->firmware/nnet_utils/nnet_dense_latency.h:42]   --->   Operation 555 'sext' 'sext_ln73_65' <Predicate = true> <Delay = 0.00>
ST_1 : Operation 556 [1/1] (0.00ns)   --->   "%sext_ln73_67 = sext i10 %data_15_val_read" [firmware/nnet_utils/nnet_mult.h:73->firmware/nnet_utils/nnet_dense_latency.h:42]   --->   Operation 556 'sext' 'sext_ln73_67' <Predicate = true> <Delay = 0.00>
ST_1 : Operation 557 [1/1] (0.00ns)   --->   "%sext_ln73_69 = sext i10 %data_15_val_read" [firmware/nnet_utils/nnet_mult.h:73->firmware/nnet_utils/nnet_dense_latency.h:42]   --->   Operation 557 'sext' 'sext_ln73_69' <Predicate = true> <Delay = 0.00>
ST_1 : Operation 558 [1/1] (4.52ns)   --->   "%mult_951 = mul i16 %sext_ln73_69, i16 65510" [firmware/nnet_utils/nnet_mult.h:73->firmware/nnet_utils/nnet_dense_latency.h:42]   --->   Operation 558 'mul' 'mult_951' <Predicate = true> <Delay = 4.52> <CoreInst = "Multiplier">   --->   Core 3 'Multiplier' <Latency = 0> <II = 1> <Delay = 4.52> <FuncUnit> <Opcode : 'mul'> <InPorts = 2> <OutPorts = 1>
ST_1 : Operation 559 [1/1] (0.00ns)   --->   "%tmp_730 = bitconcatenate i13 @_ssdm_op_BitConcatenate.i13.i10.i3, i10 %data_15_val_read, i3 0" [firmware/nnet_utils/nnet_mult.h:73->firmware/nnet_utils/nnet_dense_latency.h:42]   --->   Operation 559 'bitconcatenate' 'tmp_730' <Predicate = true> <Delay = 0.00>
ST_1 : Operation 560 [1/1] (0.00ns)   --->   "%sext_ln73_224 = sext i13 %tmp_730" [firmware/nnet_utils/nnet_mult.h:73->firmware/nnet_utils/nnet_dense_latency.h:42]   --->   Operation 560 'sext' 'sext_ln73_224' <Predicate = true> <Delay = 0.00>
ST_1 : Operation 561 [1/1] (0.00ns)   --->   "%mult_953 = bitconcatenate i14 @_ssdm_op_BitConcatenate.i14.i10.i4, i10 %data_15_val_read, i4 0" [firmware/nnet_utils/nnet_mult.h:73->firmware/nnet_utils/nnet_dense_latency.h:42]   --->   Operation 561 'bitconcatenate' 'mult_953' <Predicate = true> <Delay = 0.00>
ST_1 : Operation 562 [1/1] (0.00ns)   --->   "%sext_ln73_225 = sext i14 %mult_953" [firmware/nnet_utils/nnet_mult.h:73->firmware/nnet_utils/nnet_dense_latency.h:42]   --->   Operation 562 'sext' 'sext_ln73_225' <Predicate = true> <Delay = 0.00>
ST_1 : Operation 563 [1/1] (0.00ns) (grouped into TernaryAdder)   --->   "%mult_952 = sub i15 %sext_ln73_67, i15 %sext_ln73_225" [firmware/nnet_utils/nnet_mult.h:73->firmware/nnet_utils/nnet_dense_latency.h:42]   --->   Operation 563 'sub' 'mult_952' <Predicate = true> <Delay = 0.00> <CoreInst = "TAddSub">   --->   Core 10 'TAddSub' <Latency = 0> <II = 1> <Delay = 1.99> <IPBlock> <Opcode : '' 'add' 'sub'> <InPorts = 3> <OutPorts = 1> <Sync> <CReg>
ST_1 : Operation 564 [1/1] (0.00ns)   --->   "%tmp_732 = bitconcatenate i11 @_ssdm_op_BitConcatenate.i11.i10.i1, i10 %data_15_val_read, i1 0" [firmware/nnet_utils/nnet_mult.h:73->firmware/nnet_utils/nnet_dense_latency.h:42]   --->   Operation 564 'bitconcatenate' 'tmp_732' <Predicate = true> <Delay = 0.00>
ST_1 : Operation 565 [1/1] (0.00ns)   --->   "%sext_ln73_226 = sext i11 %tmp_732" [firmware/nnet_utils/nnet_mult.h:73->firmware/nnet_utils/nnet_dense_latency.h:42]   --->   Operation 565 'sext' 'sext_ln73_226' <Predicate = true> <Delay = 0.00>
ST_1 : Operation 566 [1/1] (1.63ns)   --->   "%mult_954 = sub i12 0, i12 %sext_ln73_226" [firmware/nnet_utils/nnet_mult.h:73->firmware/nnet_utils/nnet_dense_latency.h:42]   --->   Operation 566 'sub' 'mult_954' <Predicate = true> <Delay = 1.63> <CoreInst = "Adder">   --->   Core 1 'Adder' <Latency = 0> <II = 1> <Delay = 1.63> <FuncUnit> <Opcode : 'add' 'sub'> <InPorts = 2> <OutPorts = 1>
ST_1 : Operation 567 [1/1] (0.00ns)   --->   "%sext_ln17_771 = sext i12 %mult_954" [firmware/nnet_utils/nnet_dense_latency.h:17]   --->   Operation 567 'sext' 'sext_ln17_771' <Predicate = true> <Delay = 0.00>
ST_1 : Operation 568 [1/1] (0.00ns)   --->   "%tmp_733 = bitconcatenate i12 @_ssdm_op_BitConcatenate.i12.i10.i2, i10 %data_15_val_read, i2 0" [firmware/nnet_utils/nnet_mult.h:73->firmware/nnet_utils/nnet_dense_latency.h:42]   --->   Operation 568 'bitconcatenate' 'tmp_733' <Predicate = true> <Delay = 0.00>
ST_1 : Operation 569 [1/1] (0.00ns)   --->   "%sext_ln73_227 = sext i12 %tmp_733" [firmware/nnet_utils/nnet_mult.h:73->firmware/nnet_utils/nnet_dense_latency.h:42]   --->   Operation 569 'sext' 'sext_ln73_227' <Predicate = true> <Delay = 0.00>
ST_1 : Operation 570 [1/1] (0.00ns) (grouped into TernaryAdder)   --->   "%mult_955 = sub i13 %sext_ln73_227, i13 %sext_ln73_65" [firmware/nnet_utils/nnet_mult.h:73->firmware/nnet_utils/nnet_dense_latency.h:42]   --->   Operation 570 'sub' 'mult_955' <Predicate = true> <Delay = 0.00> <CoreInst = "TAddSub">   --->   Core 10 'TAddSub' <Latency = 0> <II = 1> <Delay = 1.99> <IPBlock> <Opcode : '' 'add' 'sub'> <InPorts = 3> <OutPorts = 1> <Sync> <CReg>
ST_1 : Operation 571 [1/1] (0.00ns)   --->   "%sext_ln73_228 = sext i14 %mult_953" [firmware/nnet_utils/nnet_mult.h:73->firmware/nnet_utils/nnet_dense_latency.h:42]   --->   Operation 571 'sext' 'sext_ln73_228' <Predicate = true> <Delay = 0.00>
ST_1 : Operation 572 [1/1] (1.81ns)   --->   "%sub_ln73_1018 = sub i16 0, i16 %sext_ln73_228" [firmware/nnet_utils/nnet_mult.h:73->firmware/nnet_utils/nnet_dense_latency.h:42]   --->   Operation 572 'sub' 'sub_ln73_1018' <Predicate = true> <Delay = 1.81> <CoreInst = "Adder">   --->   Core 1 'Adder' <Latency = 0> <II = 1> <Delay = 1.81> <FuncUnit> <Opcode : 'add' 'sub'> <InPorts = 2> <OutPorts = 1>
ST_1 : Operation 573 [1/1] (0.00ns)   --->   "%sext_ln73_229 = sext i12 %tmp_733" [firmware/nnet_utils/nnet_mult.h:73->firmware/nnet_utils/nnet_dense_latency.h:42]   --->   Operation 573 'sext' 'sext_ln73_229' <Predicate = true> <Delay = 0.00>
ST_1 : Operation 574 [1/1] (0.00ns) (grouped into TernaryAdder)   --->   "%mult_956 = sub i16 %sub_ln73_1018, i16 %sext_ln73_229" [firmware/nnet_utils/nnet_mult.h:73->firmware/nnet_utils/nnet_dense_latency.h:42]   --->   Operation 574 'sub' 'mult_956' <Predicate = true> <Delay = 0.00> <CoreInst = "TAddSub">   --->   Core 10 'TAddSub' <Latency = 0> <II = 1> <Delay = 1.99> <IPBlock> <Opcode : '' 'add' 'sub'> <InPorts = 3> <OutPorts = 1> <Sync> <CReg>
ST_1 : Operation 575 [1/1] (0.00ns)   --->   "%sext_ln73_230 = sext i12 %tmp_733" [firmware/nnet_utils/nnet_mult.h:73->firmware/nnet_utils/nnet_dense_latency.h:42]   --->   Operation 575 'sext' 'sext_ln73_230' <Predicate = true> <Delay = 0.00>
ST_1 : Operation 576 [1/1] (0.00ns) (grouped into TernaryAdder)   --->   "%mult_957 = sub i15 %sext_ln73_230, i15 %sext_ln73_225" [firmware/nnet_utils/nnet_mult.h:73->firmware/nnet_utils/nnet_dense_latency.h:42]   --->   Operation 576 'sub' 'mult_957' <Predicate = true> <Delay = 0.00> <CoreInst = "TAddSub">   --->   Core 10 'TAddSub' <Latency = 0> <II = 1> <Delay = 1.99> <IPBlock> <Opcode : '' 'add' 'sub'> <InPorts = 3> <OutPorts = 1> <Sync> <CReg>
ST_1 : Operation 577 [1/1] (4.52ns)   --->   "%mult_958 = mul i15 %sext_ln73_67, i15 32755" [firmware/nnet_utils/nnet_mult.h:73->firmware/nnet_utils/nnet_dense_latency.h:42]   --->   Operation 577 'mul' 'mult_958' <Predicate = true> <Delay = 4.52> <CoreInst = "Multiplier">   --->   Core 3 'Multiplier' <Latency = 0> <II = 1> <Delay = 4.52> <FuncUnit> <Opcode : 'mul'> <InPorts = 2> <OutPorts = 1>
ST_1 : Operation 578 [1/1] (0.00ns)   --->   "%sext_ln17_772 = sext i15 %mult_958" [firmware/nnet_utils/nnet_dense_latency.h:17]   --->   Operation 578 'sext' 'sext_ln17_772' <Predicate = true> <Delay = 0.00>
ST_1 : Operation 579 [1/1] (0.00ns) (grouped into TernaryAdder)   --->   "%mult_959 = add i16 %sext_ln73_228, i16 %sext_ln73_69" [firmware/nnet_utils/nnet_mult.h:73->firmware/nnet_utils/nnet_dense_latency.h:42]   --->   Operation 579 'add' 'mult_959' <Predicate = true> <Delay = 0.00> <CoreInst = "TAddSub">   --->   Core 10 'TAddSub' <Latency = 0> <II = 1> <Delay = 1.99> <IPBlock> <Opcode : '' 'add' 'sub'> <InPorts = 3> <OutPorts = 1> <Sync> <CReg>
ST_1 : Operation 580 [1/1] (0.00ns) (grouped into TernaryAdder)   --->   "%mult_960 = add i16 %sext_ln73_228, i16 %sext_ln73_229" [firmware/nnet_utils/nnet_mult.h:73->firmware/nnet_utils/nnet_dense_latency.h:42]   --->   Operation 580 'add' 'mult_960' <Predicate = true> <Delay = 0.00> <CoreInst = "TAddSub">   --->   Core 10 'TAddSub' <Latency = 0> <II = 1> <Delay = 1.99> <IPBlock> <Opcode : '' 'add' 'sub'> <InPorts = 3> <OutPorts = 1> <Sync> <CReg>
ST_1 : Operation 581 [1/1] (4.52ns)   --->   "%mult_961 = mul i15 %sext_ln73_67, i15 11" [firmware/nnet_utils/nnet_mult.h:73->firmware/nnet_utils/nnet_dense_latency.h:42]   --->   Operation 581 'mul' 'mult_961' <Predicate = true> <Delay = 4.52> <CoreInst = "Multiplier">   --->   Core 3 'Multiplier' <Latency = 0> <II = 1> <Delay = 4.52> <FuncUnit> <Opcode : 'mul'> <InPorts = 2> <OutPorts = 1>
ST_1 : Operation 582 [1/1] (4.52ns)   --->   "%mult_962 = mul i16 %sext_ln73_69, i16 65515" [firmware/nnet_utils/nnet_mult.h:73->firmware/nnet_utils/nnet_dense_latency.h:42]   --->   Operation 582 'mul' 'mult_962' <Predicate = true> <Delay = 4.52> <CoreInst = "Multiplier">   --->   Core 3 'Multiplier' <Latency = 0> <II = 1> <Delay = 4.52> <FuncUnit> <Opcode : 'mul'> <InPorts = 2> <OutPorts = 1>
ST_1 : Operation 583 [1/1] (0.00ns)   --->   "%sext_ln73_70 = sext i10 %data_16_val_read" [firmware/nnet_utils/nnet_mult.h:73->firmware/nnet_utils/nnet_dense_latency.h:42]   --->   Operation 583 'sext' 'sext_ln73_70' <Predicate = true> <Delay = 0.00>
ST_1 : Operation 584 [1/1] (0.00ns)   --->   "%sext_ln73_231 = sext i10 %data_16_val_read" [firmware/nnet_utils/nnet_mult.h:73->firmware/nnet_utils/nnet_dense_latency.h:42]   --->   Operation 584 'sext' 'sext_ln73_231' <Predicate = true> <Delay = 0.00>
ST_1 : Operation 585 [1/1] (0.00ns)   --->   "%sext_ln73_72 = sext i10 %data_16_val_read" [firmware/nnet_utils/nnet_mult.h:73->firmware/nnet_utils/nnet_dense_latency.h:42]   --->   Operation 585 'sext' 'sext_ln73_72' <Predicate = true> <Delay = 0.00>
ST_1 : Operation 586 [1/1] (0.00ns)   --->   "%sext_ln73_73 = sext i10 %data_16_val_read" [firmware/nnet_utils/nnet_mult.h:73->firmware/nnet_utils/nnet_dense_latency.h:42]   --->   Operation 586 'sext' 'sext_ln73_73' <Predicate = true> <Delay = 0.00>
ST_1 : Operation 587 [1/1] (0.00ns)   --->   "%tmp_734 = bitconcatenate i13 @_ssdm_op_BitConcatenate.i13.i10.i3, i10 %data_16_val_read, i3 0" [firmware/nnet_utils/nnet_mult.h:73->firmware/nnet_utils/nnet_dense_latency.h:42]   --->   Operation 587 'bitconcatenate' 'tmp_734' <Predicate = true> <Delay = 0.00>
ST_1 : Operation 588 [1/1] (0.00ns)   --->   "%sext_ln73_232 = sext i13 %tmp_734" [firmware/nnet_utils/nnet_mult.h:73->firmware/nnet_utils/nnet_dense_latency.h:42]   --->   Operation 588 'sext' 'sext_ln73_232' <Predicate = true> <Delay = 0.00>
ST_1 : Operation 589 [1/1] (4.52ns)   --->   "%mult_963 = mul i15 %sext_ln73_72, i15 32757" [firmware/nnet_utils/nnet_mult.h:73->firmware/nnet_utils/nnet_dense_latency.h:42]   --->   Operation 589 'mul' 'mult_963' <Predicate = true> <Delay = 4.52> <CoreInst = "Multiplier">   --->   Core 3 'Multiplier' <Latency = 0> <II = 1> <Delay = 4.52> <FuncUnit> <Opcode : 'mul'> <InPorts = 2> <OutPorts = 1>
ST_1 : Operation 590 [1/1] (0.00ns)   --->   "%mult_965 = bitconcatenate i14 @_ssdm_op_BitConcatenate.i14.i10.i4, i10 %data_16_val_read, i4 0" [firmware/nnet_utils/nnet_mult.h:73->firmware/nnet_utils/nnet_dense_latency.h:42]   --->   Operation 590 'bitconcatenate' 'mult_965' <Predicate = true> <Delay = 0.00>
ST_1 : Operation 591 [1/1] (0.00ns)   --->   "%sext_ln73_233 = sext i14 %mult_965" [firmware/nnet_utils/nnet_mult.h:73->firmware/nnet_utils/nnet_dense_latency.h:42]   --->   Operation 591 'sext' 'sext_ln73_233' <Predicate = true> <Delay = 0.00>
ST_1 : Operation 592 [1/1] (0.00ns) (grouped into TernaryAdder)   --->   "%mult_964 = sub i15 %sext_ln73_72, i15 %sext_ln73_233" [firmware/nnet_utils/nnet_mult.h:73->firmware/nnet_utils/nnet_dense_latency.h:42]   --->   Operation 592 'sub' 'mult_964' <Predicate = true> <Delay = 0.00> <CoreInst = "TAddSub">   --->   Core 10 'TAddSub' <Latency = 0> <II = 1> <Delay = 1.99> <IPBlock> <Opcode : '' 'add' 'sub'> <InPorts = 3> <OutPorts = 1> <Sync> <CReg>
ST_1 : Operation 593 [1/1] (0.00ns)   --->   "%sext_ln17_774 = sext i10 %data_16_val_read" [firmware/nnet_utils/nnet_dense_latency.h:17]   --->   Operation 593 'sext' 'sext_ln17_774' <Predicate = true> <Delay = 0.00>
ST_1 : Operation 594 [1/1] (4.52ns)   --->   "%mult_966 = mul i15 %sext_ln73_72, i15 32755" [firmware/nnet_utils/nnet_mult.h:73->firmware/nnet_utils/nnet_dense_latency.h:42]   --->   Operation 594 'mul' 'mult_966' <Predicate = true> <Delay = 4.52> <CoreInst = "Multiplier">   --->   Core 3 'Multiplier' <Latency = 0> <II = 1> <Delay = 4.52> <FuncUnit> <Opcode : 'mul'> <InPorts = 2> <OutPorts = 1>
ST_1 : Operation 595 [1/1] (0.00ns)   --->   "%tmp_736 = bitconcatenate i12 @_ssdm_op_BitConcatenate.i12.i10.i2, i10 %data_16_val_read, i2 0" [firmware/nnet_utils/nnet_mult.h:73->firmware/nnet_utils/nnet_dense_latency.h:42]   --->   Operation 595 'bitconcatenate' 'tmp_736' <Predicate = true> <Delay = 0.00>
ST_1 : Operation 596 [1/1] (0.00ns)   --->   "%sext_ln73_234 = sext i12 %tmp_736" [firmware/nnet_utils/nnet_mult.h:73->firmware/nnet_utils/nnet_dense_latency.h:42]   --->   Operation 596 'sext' 'sext_ln73_234' <Predicate = true> <Delay = 0.00>
ST_1 : Operation 597 [1/1] (0.00ns) (grouped into TernaryAdder)   --->   "%mult_967 = add i14 %sext_ln73_234, i14 %sext_ln73_73" [firmware/nnet_utils/nnet_mult.h:73->firmware/nnet_utils/nnet_dense_latency.h:42]   --->   Operation 597 'add' 'mult_967' <Predicate = true> <Delay = 0.00> <CoreInst = "TAddSub">   --->   Core 10 'TAddSub' <Latency = 0> <II = 1> <Delay = 1.99> <IPBlock> <Opcode : '' 'add' 'sub'> <InPorts = 3> <OutPorts = 1> <Sync> <CReg>
ST_1 : Operation 598 [1/1] (4.52ns)   --->   "%mult_968 = mul i16 %sext_ln73_70, i16 25" [firmware/nnet_utils/nnet_mult.h:73->firmware/nnet_utils/nnet_dense_latency.h:42]   --->   Operation 598 'mul' 'mult_968' <Predicate = true> <Delay = 4.52> <CoreInst = "Multiplier">   --->   Core 3 'Multiplier' <Latency = 0> <II = 1> <Delay = 4.52> <FuncUnit> <Opcode : 'mul'> <InPorts = 2> <OutPorts = 1>
ST_1 : Operation 599 [1/1] (1.67ns)   --->   "%mult_969 = sub i14 %sext_ln73_73, i14 %sext_ln73_232" [firmware/nnet_utils/nnet_mult.h:73->firmware/nnet_utils/nnet_dense_latency.h:42]   --->   Operation 599 'sub' 'mult_969' <Predicate = true> <Delay = 1.67> <CoreInst = "Adder">   --->   Core 1 'Adder' <Latency = 0> <II = 1> <Delay = 1.67> <FuncUnit> <Opcode : 'add' 'sub'> <InPorts = 2> <OutPorts = 1>
ST_1 : Operation 600 [1/1] (0.00ns)   --->   "%sext_ln17_776 = sext i14 %mult_969" [firmware/nnet_utils/nnet_dense_latency.h:17]   --->   Operation 600 'sext' 'sext_ln17_776' <Predicate = true> <Delay = 0.00>
ST_1 : Operation 601 [1/1] (0.00ns)   --->   "%sext_ln73_235 = sext i12 %tmp_736" [firmware/nnet_utils/nnet_mult.h:73->firmware/nnet_utils/nnet_dense_latency.h:42]   --->   Operation 601 'sext' 'sext_ln73_235' <Predicate = true> <Delay = 0.00>
ST_1 : Operation 602 [1/1] (0.00ns)   --->   "%sext_ln73_236 = sext i13 %tmp_734" [firmware/nnet_utils/nnet_mult.h:73->firmware/nnet_utils/nnet_dense_latency.h:42]   --->   Operation 602 'sext' 'sext_ln73_236' <Predicate = true> <Delay = 0.00>
ST_1 : Operation 603 [1/1] (1.67ns)   --->   "%sub_ln73_1023 = sub i15 0, i15 %sext_ln73_236" [firmware/nnet_utils/nnet_mult.h:73->firmware/nnet_utils/nnet_dense_latency.h:42]   --->   Operation 603 'sub' 'sub_ln73_1023' <Predicate = true> <Delay = 1.67> <CoreInst = "Adder">   --->   Core 1 'Adder' <Latency = 0> <II = 1> <Delay = 1.67> <FuncUnit> <Opcode : 'add' 'sub'> <InPorts = 2> <OutPorts = 1>
ST_1 : Operation 604 [1/1] (0.00ns) (grouped into TernaryAdder)   --->   "%mult_970 = sub i15 %sub_ln73_1023, i15 %sext_ln73_72" [firmware/nnet_utils/nnet_mult.h:73->firmware/nnet_utils/nnet_dense_latency.h:42]   --->   Operation 604 'sub' 'mult_970' <Predicate = true> <Delay = 0.00> <CoreInst = "TAddSub">   --->   Core 10 'TAddSub' <Latency = 0> <II = 1> <Delay = 1.99> <IPBlock> <Opcode : '' 'add' 'sub'> <InPorts = 3> <OutPorts = 1> <Sync> <CReg>
ST_1 : Operation 605 [1/1] (4.52ns)   --->   "%mult_971 = mul i16 %sext_ln73_70, i16 65517" [firmware/nnet_utils/nnet_mult.h:73->firmware/nnet_utils/nnet_dense_latency.h:42]   --->   Operation 605 'mul' 'mult_971' <Predicate = true> <Delay = 4.52> <CoreInst = "Multiplier">   --->   Core 3 'Multiplier' <Latency = 0> <II = 1> <Delay = 4.52> <FuncUnit> <Opcode : 'mul'> <InPorts = 2> <OutPorts = 1>
ST_1 : Operation 606 [1/1] (1.54ns)   --->   "%sub_ln73_1025 = sub i14 0, i14 %sext_ln73_234" [firmware/nnet_utils/nnet_mult.h:73->firmware/nnet_utils/nnet_dense_latency.h:42]   --->   Operation 606 'sub' 'sub_ln73_1025' <Predicate = true> <Delay = 1.54> <CoreInst = "Adder">   --->   Core 1 'Adder' <Latency = 0> <II = 1> <Delay = 1.54> <FuncUnit> <Opcode : 'add' 'sub'> <InPorts = 2> <OutPorts = 1>
ST_1 : Operation 607 [1/1] (0.00ns) (grouped into TernaryAdder)   --->   "%mult_972 = sub i14 %sub_ln73_1025, i14 %sext_ln73_73" [firmware/nnet_utils/nnet_mult.h:73->firmware/nnet_utils/nnet_dense_latency.h:42]   --->   Operation 607 'sub' 'mult_972' <Predicate = true> <Delay = 0.00> <CoreInst = "TAddSub">   --->   Core 10 'TAddSub' <Latency = 0> <II = 1> <Delay = 1.99> <IPBlock> <Opcode : '' 'add' 'sub'> <InPorts = 3> <OutPorts = 1> <Sync> <CReg>
ST_1 : Operation 608 [1/1] (0.00ns)   --->   "%sext_ln73_75 = sext i10 %data_17_val_read" [firmware/nnet_utils/nnet_mult.h:73->firmware/nnet_utils/nnet_dense_latency.h:42]   --->   Operation 608 'sext' 'sext_ln73_75' <Predicate = true> <Delay = 0.00>
ST_1 : Operation 609 [1/1] (0.00ns)   --->   "%sext_ln73_76 = sext i10 %data_17_val_read" [firmware/nnet_utils/nnet_mult.h:73->firmware/nnet_utils/nnet_dense_latency.h:42]   --->   Operation 609 'sext' 'sext_ln73_76' <Predicate = true> <Delay = 0.00>
ST_1 : Operation 610 [1/1] (0.00ns)   --->   "%sext_ln73_77 = sext i10 %data_17_val_read" [firmware/nnet_utils/nnet_mult.h:73->firmware/nnet_utils/nnet_dense_latency.h:42]   --->   Operation 610 'sext' 'sext_ln73_77' <Predicate = true> <Delay = 0.00>
ST_1 : Operation 611 [1/1] (0.00ns)   --->   "%mult_982 = bitconcatenate i13 @_ssdm_op_BitConcatenate.i13.i10.i3, i10 %data_17_val_read, i3 0" [firmware/nnet_utils/nnet_mult.h:73->firmware/nnet_utils/nnet_dense_latency.h:42]   --->   Operation 611 'bitconcatenate' 'mult_982' <Predicate = true> <Delay = 0.00>
ST_1 : Operation 612 [1/1] (0.00ns)   --->   "%sext_ln73_237 = sext i13 %mult_982" [firmware/nnet_utils/nnet_mult.h:73->firmware/nnet_utils/nnet_dense_latency.h:42]   --->   Operation 612 'sext' 'sext_ln73_237' <Predicate = true> <Delay = 0.00>
ST_1 : Operation 613 [1/1] (0.00ns) (grouped into TernaryAdder)   --->   "%mult_973 = add i15 %sext_ln73_237, i15 %sext_ln73_77" [firmware/nnet_utils/nnet_mult.h:73->firmware/nnet_utils/nnet_dense_latency.h:42]   --->   Operation 613 'add' 'mult_973' <Predicate = true> <Delay = 0.00> <CoreInst = "TAddSub">   --->   Core 10 'TAddSub' <Latency = 0> <II = 1> <Delay = 1.99> <IPBlock> <Opcode : '' 'add' 'sub'> <InPorts = 3> <OutPorts = 1> <Sync> <CReg>
ST_1 : Operation 614 [1/1] (0.00ns)   --->   "%mult_974 = bitconcatenate i14 @_ssdm_op_BitConcatenate.i14.i10.i4, i10 %data_17_val_read, i4 0" [firmware/nnet_utils/nnet_mult.h:73->firmware/nnet_utils/nnet_dense_latency.h:42]   --->   Operation 614 'bitconcatenate' 'mult_974' <Predicate = true> <Delay = 0.00>
ST_1 : Operation 615 [1/1] (0.00ns)   --->   "%sext_ln17_777 = sext i14 %mult_974" [firmware/nnet_utils/nnet_dense_latency.h:17]   --->   Operation 615 'sext' 'sext_ln17_777' <Predicate = true> <Delay = 0.00>
ST_1 : Operation 616 [1/1] (4.52ns)   --->   "%mult_975 = mul i16 %sext_ln73_75, i16 23" [firmware/nnet_utils/nnet_mult.h:73->firmware/nnet_utils/nnet_dense_latency.h:42]   --->   Operation 616 'mul' 'mult_975' <Predicate = true> <Delay = 4.52> <CoreInst = "Multiplier">   --->   Core 3 'Multiplier' <Latency = 0> <II = 1> <Delay = 4.52> <FuncUnit> <Opcode : 'mul'> <InPorts = 2> <OutPorts = 1>
ST_1 : Operation 617 [1/1] (1.67ns)   --->   "%sub_ln73_1027 = sub i15 0, i15 %sext_ln73_237" [firmware/nnet_utils/nnet_mult.h:73->firmware/nnet_utils/nnet_dense_latency.h:42]   --->   Operation 617 'sub' 'sub_ln73_1027' <Predicate = true> <Delay = 1.67> <CoreInst = "Adder">   --->   Core 1 'Adder' <Latency = 0> <II = 1> <Delay = 1.67> <FuncUnit> <Opcode : 'add' 'sub'> <InPorts = 2> <OutPorts = 1>
ST_1 : Operation 618 [1/1] (0.00ns)   --->   "%tmp_738 = bitconcatenate i11 @_ssdm_op_BitConcatenate.i11.i10.i1, i10 %data_17_val_read, i1 0" [firmware/nnet_utils/nnet_mult.h:73->firmware/nnet_utils/nnet_dense_latency.h:42]   --->   Operation 618 'bitconcatenate' 'tmp_738' <Predicate = true> <Delay = 0.00>
ST_1 : Operation 619 [1/1] (0.00ns)   --->   "%sext_ln73_238 = sext i11 %tmp_738" [firmware/nnet_utils/nnet_mult.h:73->firmware/nnet_utils/nnet_dense_latency.h:42]   --->   Operation 619 'sext' 'sext_ln73_238' <Predicate = true> <Delay = 0.00>
ST_1 : Operation 620 [1/1] (0.00ns) (grouped into TernaryAdder)   --->   "%mult_976 = sub i15 %sub_ln73_1027, i15 %sext_ln73_238" [firmware/nnet_utils/nnet_mult.h:73->firmware/nnet_utils/nnet_dense_latency.h:42]   --->   Operation 620 'sub' 'mult_976' <Predicate = true> <Delay = 0.00> <CoreInst = "TAddSub">   --->   Core 10 'TAddSub' <Latency = 0> <II = 1> <Delay = 1.99> <IPBlock> <Opcode : '' 'add' 'sub'> <InPorts = 3> <OutPorts = 1> <Sync> <CReg>
ST_1 : Operation 621 [1/1] (0.00ns)   --->   "%tmp_739 = bitconcatenate i15 @_ssdm_op_BitConcatenate.i15.i10.i5, i10 %data_17_val_read, i5 0" [firmware/nnet_utils/nnet_mult.h:73->firmware/nnet_utils/nnet_dense_latency.h:42]   --->   Operation 621 'bitconcatenate' 'tmp_739' <Predicate = true> <Delay = 0.00>
ST_1 : Operation 622 [1/1] (0.00ns)   --->   "%sext_ln73_239 = sext i15 %tmp_739" [firmware/nnet_utils/nnet_mult.h:73->firmware/nnet_utils/nnet_dense_latency.h:42]   --->   Operation 622 'sext' 'sext_ln73_239' <Predicate = true> <Delay = 0.00>
ST_1 : Operation 623 [1/1] (0.00ns)   --->   "%sext_ln73_240 = sext i13 %mult_982" [firmware/nnet_utils/nnet_mult.h:73->firmware/nnet_utils/nnet_dense_latency.h:42]   --->   Operation 623 'sext' 'sext_ln73_240' <Predicate = true> <Delay = 0.00>
ST_1 : Operation 624 [1/1] (0.00ns) (grouped into TernaryAdder)   --->   "%mult_977 = sub i16 %sext_ln73_239, i16 %sext_ln73_240" [firmware/nnet_utils/nnet_mult.h:73->firmware/nnet_utils/nnet_dense_latency.h:42]   --->   Operation 624 'sub' 'mult_977' <Predicate = true> <Delay = 0.00> <CoreInst = "TAddSub">   --->   Core 10 'TAddSub' <Latency = 0> <II = 1> <Delay = 1.99> <IPBlock> <Opcode : '' 'add' 'sub'> <InPorts = 3> <OutPorts = 1> <Sync> <CReg>
ST_1 : Operation 625 [1/1] (0.00ns)   --->   "%tmp_740 = bitconcatenate i12 @_ssdm_op_BitConcatenate.i12.i10.i2, i10 %data_17_val_read, i2 0" [firmware/nnet_utils/nnet_mult.h:73->firmware/nnet_utils/nnet_dense_latency.h:42]   --->   Operation 625 'bitconcatenate' 'tmp_740' <Predicate = true> <Delay = 0.00>
ST_1 : Operation 626 [1/1] (0.00ns)   --->   "%sext_ln73_241 = sext i12 %tmp_740" [firmware/nnet_utils/nnet_mult.h:73->firmware/nnet_utils/nnet_dense_latency.h:42]   --->   Operation 626 'sext' 'sext_ln73_241' <Predicate = true> <Delay = 0.00>
ST_1 : Operation 627 [1/1] (4.52ns)   --->   "%mult_978 = mul i15 %sext_ln73_77, i15 32757" [firmware/nnet_utils/nnet_mult.h:73->firmware/nnet_utils/nnet_dense_latency.h:42]   --->   Operation 627 'mul' 'mult_978' <Predicate = true> <Delay = 4.52> <CoreInst = "Multiplier">   --->   Core 3 'Multiplier' <Latency = 0> <II = 1> <Delay = 4.52> <FuncUnit> <Opcode : 'mul'> <InPorts = 2> <OutPorts = 1>
ST_1 : Operation 628 [1/1] (0.00ns)   --->   "%sext_ln17_778 = sext i15 %mult_978" [firmware/nnet_utils/nnet_dense_latency.h:17]   --->   Operation 628 'sext' 'sext_ln17_778' <Predicate = true> <Delay = 0.00>
ST_1 : Operation 629 [1/1] (0.00ns)   --->   "%sext_ln73_78 = sext i10 %data_17_val_read" [firmware/nnet_utils/nnet_mult.h:73->firmware/nnet_utils/nnet_dense_latency.h:42]   --->   Operation 629 'sext' 'sext_ln73_78' <Predicate = true> <Delay = 0.00>
ST_1 : Operation 630 [1/1] (0.00ns) (grouped into TernaryAdder)   --->   "%sub_ln17_28 = sub i12 %tmp_740, i12 %sext_ln73_78" [firmware/nnet_utils/nnet_dense_latency.h:17]   --->   Operation 630 'sub' 'sub_ln17_28' <Predicate = true> <Delay = 0.00> <CoreInst = "TAddSub">   --->   Core 10 'TAddSub' <Latency = 0> <II = 1> <Delay = 1.99> <IPBlock> <Opcode : '' 'add' 'sub'> <InPorts = 3> <OutPorts = 1> <Sync> <CReg>
ST_1 : Operation 631 [1/1] (0.00ns) (grouped into TernaryAdder)   --->   "%mult_979 = sub i15 %sub_ln73_1027, i15 %sext_ln73_77" [firmware/nnet_utils/nnet_mult.h:73->firmware/nnet_utils/nnet_dense_latency.h:42]   --->   Operation 631 'sub' 'mult_979' <Predicate = true> <Delay = 0.00> <CoreInst = "TAddSub">   --->   Core 10 'TAddSub' <Latency = 0> <II = 1> <Delay = 1.99> <IPBlock> <Opcode : '' 'add' 'sub'> <InPorts = 3> <OutPorts = 1> <Sync> <CReg>
ST_1 : Operation 632 [1/1] (0.00ns)   --->   "%sext_ln73_242 = sext i12 %tmp_740" [firmware/nnet_utils/nnet_mult.h:73->firmware/nnet_utils/nnet_dense_latency.h:42]   --->   Operation 632 'sext' 'sext_ln73_242' <Predicate = true> <Delay = 0.00>
ST_1 : Operation 633 [1/1] (0.00ns) (grouped into TernaryAdder)   --->   "%sub_ln73_1031 = sub i14 0, i14 %sext_ln73_242" [firmware/nnet_utils/nnet_mult.h:73->firmware/nnet_utils/nnet_dense_latency.h:42]   --->   Operation 633 'sub' 'sub_ln73_1031' <Predicate = true> <Delay = 0.00> <CoreInst = "TAddSub">   --->   Core 10 'TAddSub' <Latency = 0> <II = 1> <Delay = 1.99> <IPBlock> <Opcode : '' 'add' 'sub'> <InPorts = 3> <OutPorts = 1> <Sync> <CReg>
ST_1 : Operation 634 [1/1] (3.84ns) (root node of TernaryAdder)   --->   "%mult_980 = sub i14 %sub_ln73_1031, i14 %sext_ln73_76" [firmware/nnet_utils/nnet_mult.h:73->firmware/nnet_utils/nnet_dense_latency.h:42]   --->   Operation 634 'sub' 'mult_980' <Predicate = true> <Delay = 3.84> <CoreInst = "TAddSub">   --->   Core 10 'TAddSub' <Latency = 0> <II = 1> <Delay = 1.99> <IPBlock> <Opcode : '' 'add' 'sub'> <InPorts = 3> <OutPorts = 1> <Sync> <CReg>
ST_1 : Operation 635 [1/1] (0.00ns)   --->   "%sext_ln17_779 = sext i14 %mult_980" [firmware/nnet_utils/nnet_dense_latency.h:17]   --->   Operation 635 'sext' 'sext_ln17_779' <Predicate = true> <Delay = 0.00>
ST_1 : Operation 636 [1/1] (0.00ns)   --->   "%sext_ln73_243 = sext i14 %mult_974" [firmware/nnet_utils/nnet_mult.h:73->firmware/nnet_utils/nnet_dense_latency.h:42]   --->   Operation 636 'sext' 'sext_ln73_243' <Predicate = true> <Delay = 0.00>
ST_1 : Operation 637 [1/1] (0.00ns)   --->   "%sext_ln73_244 = sext i11 %tmp_738" [firmware/nnet_utils/nnet_mult.h:73->firmware/nnet_utils/nnet_dense_latency.h:42]   --->   Operation 637 'sext' 'sext_ln73_244' <Predicate = true> <Delay = 0.00>
ST_1 : Operation 638 [1/1] (0.00ns) (grouped into TernaryAdder)   --->   "%mult_981 = add i16 %sext_ln73_243, i16 %sext_ln73_244" [firmware/nnet_utils/nnet_mult.h:73->firmware/nnet_utils/nnet_dense_latency.h:42]   --->   Operation 638 'add' 'mult_981' <Predicate = true> <Delay = 0.00> <CoreInst = "TAddSub">   --->   Core 10 'TAddSub' <Latency = 0> <II = 1> <Delay = 1.99> <IPBlock> <Opcode : '' 'add' 'sub'> <InPorts = 3> <OutPorts = 1> <Sync> <CReg>
ST_1 : Operation 639 [1/1] (0.00ns)   --->   "%sext_ln17_780 = sext i13 %mult_982" [firmware/nnet_utils/nnet_dense_latency.h:17]   --->   Operation 639 'sext' 'sext_ln17_780' <Predicate = true> <Delay = 0.00>
ST_1 : Operation 640 [1/1] (4.52ns)   --->   "%mult_983 = mul i16 %sext_ln73_75, i16 21" [firmware/nnet_utils/nnet_mult.h:73->firmware/nnet_utils/nnet_dense_latency.h:42]   --->   Operation 640 'mul' 'mult_983' <Predicate = true> <Delay = 4.52> <CoreInst = "Multiplier">   --->   Core 3 'Multiplier' <Latency = 0> <II = 1> <Delay = 4.52> <FuncUnit> <Opcode : 'mul'> <InPorts = 2> <OutPorts = 1>
ST_1 : Operation 641 [1/1] (0.00ns)   --->   "%sext_ln73_80 = sext i10 %data_18_val_read" [firmware/nnet_utils/nnet_mult.h:73->firmware/nnet_utils/nnet_dense_latency.h:42]   --->   Operation 641 'sext' 'sext_ln73_80' <Predicate = true> <Delay = 0.00>
ST_1 : Operation 642 [1/1] (0.00ns)   --->   "%sext_ln73_81 = sext i10 %data_18_val_read" [firmware/nnet_utils/nnet_mult.h:73->firmware/nnet_utils/nnet_dense_latency.h:42]   --->   Operation 642 'sext' 'sext_ln73_81' <Predicate = true> <Delay = 0.00>
ST_1 : Operation 643 [1/1] (0.00ns)   --->   "%sext_ln73_82 = sext i10 %data_18_val_read" [firmware/nnet_utils/nnet_mult.h:73->firmware/nnet_utils/nnet_dense_latency.h:42]   --->   Operation 643 'sext' 'sext_ln73_82' <Predicate = true> <Delay = 0.00>
ST_1 : Operation 644 [1/1] (4.52ns)   --->   "%mult_984 = mul i15 %sext_ln73_82, i15 32755" [firmware/nnet_utils/nnet_mult.h:73->firmware/nnet_utils/nnet_dense_latency.h:42]   --->   Operation 644 'mul' 'mult_984' <Predicate = true> <Delay = 4.52> <CoreInst = "Multiplier">   --->   Core 3 'Multiplier' <Latency = 0> <II = 1> <Delay = 4.52> <FuncUnit> <Opcode : 'mul'> <InPorts = 2> <OutPorts = 1>
ST_1 : Operation 645 [1/1] (0.00ns)   --->   "%mult_993 = bitconcatenate i14 @_ssdm_op_BitConcatenate.i14.i10.i4, i10 %data_18_val_read, i4 0" [firmware/nnet_utils/nnet_mult.h:73->firmware/nnet_utils/nnet_dense_latency.h:42]   --->   Operation 645 'bitconcatenate' 'mult_993' <Predicate = true> <Delay = 0.00>
ST_1 : Operation 646 [1/1] (0.00ns)   --->   "%sext_ln73_245 = sext i14 %mult_993" [firmware/nnet_utils/nnet_mult.h:73->firmware/nnet_utils/nnet_dense_latency.h:42]   --->   Operation 646 'sext' 'sext_ln73_245' <Predicate = true> <Delay = 0.00>
ST_1 : Operation 647 [1/1] (0.00ns) (grouped into TernaryAdder)   --->   "%mult_985 = add i16 %sext_ln73_245, i16 %sext_ln73_81" [firmware/nnet_utils/nnet_mult.h:73->firmware/nnet_utils/nnet_dense_latency.h:42]   --->   Operation 647 'add' 'mult_985' <Predicate = true> <Delay = 0.00> <CoreInst = "TAddSub">   --->   Core 10 'TAddSub' <Latency = 0> <II = 1> <Delay = 1.99> <IPBlock> <Opcode : '' 'add' 'sub'> <InPorts = 3> <OutPorts = 1> <Sync> <CReg>
ST_1 : Operation 648 [1/1] (4.52ns)   --->   "%mult_986 = mul i16 %sext_ln73_81, i16 29" [firmware/nnet_utils/nnet_mult.h:73->firmware/nnet_utils/nnet_dense_latency.h:42]   --->   Operation 648 'mul' 'mult_986' <Predicate = true> <Delay = 4.52> <CoreInst = "Multiplier">   --->   Core 3 'Multiplier' <Latency = 0> <II = 1> <Delay = 4.52> <FuncUnit> <Opcode : 'mul'> <InPorts = 2> <OutPorts = 1>
ST_1 : Operation 649 [1/1] (4.52ns)   --->   "%mult_987 = mul i16 %sext_ln73_81, i16 65517" [firmware/nnet_utils/nnet_mult.h:73->firmware/nnet_utils/nnet_dense_latency.h:42]   --->   Operation 649 'mul' 'mult_987' <Predicate = true> <Delay = 4.52> <CoreInst = "Multiplier">   --->   Core 3 'Multiplier' <Latency = 0> <II = 1> <Delay = 4.52> <FuncUnit> <Opcode : 'mul'> <InPorts = 2> <OutPorts = 1>
ST_1 : Operation 650 [1/1] (4.52ns)   --->   "%mult_988 = mul i15 %sext_ln73_82, i15 32757" [firmware/nnet_utils/nnet_mult.h:73->firmware/nnet_utils/nnet_dense_latency.h:42]   --->   Operation 650 'mul' 'mult_988' <Predicate = true> <Delay = 4.52> <CoreInst = "Multiplier">   --->   Core 3 'Multiplier' <Latency = 0> <II = 1> <Delay = 4.52> <FuncUnit> <Opcode : 'mul'> <InPorts = 2> <OutPorts = 1>
ST_1 : Operation 651 [1/1] (0.00ns)   --->   "%sext_ln17_781 = sext i15 %mult_988" [firmware/nnet_utils/nnet_dense_latency.h:17]   --->   Operation 651 'sext' 'sext_ln17_781' <Predicate = true> <Delay = 0.00>
ST_1 : Operation 652 [1/1] (0.00ns)   --->   "%sext_ln73_246 = sext i14 %mult_993" [firmware/nnet_utils/nnet_mult.h:73->firmware/nnet_utils/nnet_dense_latency.h:42]   --->   Operation 652 'sext' 'sext_ln73_246' <Predicate = true> <Delay = 0.00>
ST_1 : Operation 653 [1/1] (0.00ns)   --->   "%tmp_742 = bitconcatenate i12 @_ssdm_op_BitConcatenate.i12.i10.i2, i10 %data_18_val_read, i2 0" [firmware/nnet_utils/nnet_mult.h:73->firmware/nnet_utils/nnet_dense_latency.h:42]   --->   Operation 653 'bitconcatenate' 'tmp_742' <Predicate = true> <Delay = 0.00>
ST_1 : Operation 654 [1/1] (0.00ns)   --->   "%sext_ln73_247 = sext i12 %tmp_742" [firmware/nnet_utils/nnet_mult.h:73->firmware/nnet_utils/nnet_dense_latency.h:42]   --->   Operation 654 'sext' 'sext_ln73_247' <Predicate = true> <Delay = 0.00>
ST_1 : Operation 655 [1/1] (1.81ns)   --->   "%mult_989 = sub i15 %sext_ln73_246, i15 %sext_ln73_247" [firmware/nnet_utils/nnet_mult.h:73->firmware/nnet_utils/nnet_dense_latency.h:42]   --->   Operation 655 'sub' 'mult_989' <Predicate = true> <Delay = 1.81> <CoreInst = "Adder">   --->   Core 1 'Adder' <Latency = 0> <II = 1> <Delay = 1.81> <FuncUnit> <Opcode : 'add' 'sub'> <InPorts = 2> <OutPorts = 1>
ST_1 : Operation 656 [1/1] (4.52ns)   --->   "%mult_990 = mul i16 %sext_ln73_81, i16 19" [firmware/nnet_utils/nnet_mult.h:73->firmware/nnet_utils/nnet_dense_latency.h:42]   --->   Operation 656 'mul' 'mult_990' <Predicate = true> <Delay = 4.52> <CoreInst = "Multiplier">   --->   Core 3 'Multiplier' <Latency = 0> <II = 1> <Delay = 4.52> <FuncUnit> <Opcode : 'mul'> <InPorts = 2> <OutPorts = 1>
ST_1 : Operation 657 [1/1] (0.00ns)   --->   "%mult_995 = bitconcatenate i13 @_ssdm_op_BitConcatenate.i13.i10.i3, i10 %data_18_val_read, i3 0" [firmware/nnet_utils/nnet_mult.h:73->firmware/nnet_utils/nnet_dense_latency.h:42]   --->   Operation 657 'bitconcatenate' 'mult_995' <Predicate = true> <Delay = 0.00>
ST_1 : Operation 658 [1/1] (0.00ns)   --->   "%sext_ln73_248 = sext i13 %mult_995" [firmware/nnet_utils/nnet_mult.h:73->firmware/nnet_utils/nnet_dense_latency.h:42]   --->   Operation 658 'sext' 'sext_ln73_248' <Predicate = true> <Delay = 0.00>
ST_1 : Operation 659 [1/1] (0.00ns) (grouped into TernaryAdder)   --->   "%mult_991 = sub i14 %sext_ln73_80, i14 %sext_ln73_248" [firmware/nnet_utils/nnet_mult.h:73->firmware/nnet_utils/nnet_dense_latency.h:42]   --->   Operation 659 'sub' 'mult_991' <Predicate = true> <Delay = 0.00> <CoreInst = "TAddSub">   --->   Core 10 'TAddSub' <Latency = 0> <II = 1> <Delay = 1.99> <IPBlock> <Opcode : '' 'add' 'sub'> <InPorts = 3> <OutPorts = 1> <Sync> <CReg>
ST_1 : Operation 660 [1/1] (4.52ns)   --->   "%mult_992 = mul i15 %sext_ln73_82, i15 11" [firmware/nnet_utils/nnet_mult.h:73->firmware/nnet_utils/nnet_dense_latency.h:42]   --->   Operation 660 'mul' 'mult_992' <Predicate = true> <Delay = 4.52> <CoreInst = "Multiplier">   --->   Core 3 'Multiplier' <Latency = 0> <II = 1> <Delay = 4.52> <FuncUnit> <Opcode : 'mul'> <InPorts = 2> <OutPorts = 1>
ST_1 : Operation 661 [1/1] (0.00ns)   --->   "%sext_ln17_782 = sext i10 %data_18_val_read" [firmware/nnet_utils/nnet_dense_latency.h:17]   --->   Operation 661 'sext' 'sext_ln17_782' <Predicate = true> <Delay = 0.00>
ST_1 : Operation 662 [1/1] (0.00ns)   --->   "%sext_ln73_249 = sext i12 %tmp_742" [firmware/nnet_utils/nnet_mult.h:73->firmware/nnet_utils/nnet_dense_latency.h:42]   --->   Operation 662 'sext' 'sext_ln73_249' <Predicate = true> <Delay = 0.00>
ST_1 : Operation 663 [1/1] (0.00ns)   --->   "%mult_994 = bitconcatenate i11 @_ssdm_op_BitConcatenate.i11.i10.i1, i10 %data_18_val_read, i1 0" [firmware/nnet_utils/nnet_mult.h:73->firmware/nnet_utils/nnet_dense_latency.h:42]   --->   Operation 663 'bitconcatenate' 'mult_994' <Predicate = true> <Delay = 0.00>
ST_1 : Operation 664 [1/1] (0.00ns)   --->   "%sext_ln17_784 = sext i11 %mult_994" [firmware/nnet_utils/nnet_dense_latency.h:17]   --->   Operation 664 'sext' 'sext_ln17_784' <Predicate = true> <Delay = 0.00>
ST_1 : Operation 665 [1/1] (0.00ns)   --->   "%sext_ln73_250 = sext i11 %mult_994" [firmware/nnet_utils/nnet_mult.h:73->firmware/nnet_utils/nnet_dense_latency.h:42]   --->   Operation 665 'sext' 'sext_ln73_250' <Predicate = true> <Delay = 0.00>
ST_1 : Operation 666 [1/1] (0.00ns) (grouped into TernaryAdder)   --->   "%mult_996 = add i16 %sext_ln73_245, i16 %sext_ln73_250" [firmware/nnet_utils/nnet_mult.h:73->firmware/nnet_utils/nnet_dense_latency.h:42]   --->   Operation 666 'add' 'mult_996' <Predicate = true> <Delay = 0.00> <CoreInst = "TAddSub">   --->   Core 10 'TAddSub' <Latency = 0> <II = 1> <Delay = 1.99> <IPBlock> <Opcode : '' 'add' 'sub'> <InPorts = 3> <OutPorts = 1> <Sync> <CReg>
ST_1 : Operation 667 [1/1] (0.00ns)   --->   "%tmp_744 = bitconcatenate i15 @_ssdm_op_BitConcatenate.i15.i10.i5, i10 %data_18_val_read, i5 0" [firmware/nnet_utils/nnet_mult.h:73->firmware/nnet_utils/nnet_dense_latency.h:42]   --->   Operation 667 'bitconcatenate' 'tmp_744' <Predicate = true> <Delay = 0.00>
ST_1 : Operation 668 [1/1] (0.00ns)   --->   "%sext_ln73_251 = sext i15 %tmp_744" [firmware/nnet_utils/nnet_mult.h:73->firmware/nnet_utils/nnet_dense_latency.h:42]   --->   Operation 668 'sext' 'sext_ln73_251' <Predicate = true> <Delay = 0.00>
ST_1 : Operation 669 [1/1] (0.00ns)   --->   "%sext_ln73_252 = sext i12 %tmp_742" [firmware/nnet_utils/nnet_mult.h:73->firmware/nnet_utils/nnet_dense_latency.h:42]   --->   Operation 669 'sext' 'sext_ln73_252' <Predicate = true> <Delay = 0.00>
ST_1 : Operation 670 [1/1] (0.00ns) (grouped into TernaryAdder)   --->   "%mult_997 = sub i16 %sext_ln73_251, i16 %sext_ln73_252" [firmware/nnet_utils/nnet_mult.h:73->firmware/nnet_utils/nnet_dense_latency.h:42]   --->   Operation 670 'sub' 'mult_997' <Predicate = true> <Delay = 0.00> <CoreInst = "TAddSub">   --->   Core 10 'TAddSub' <Latency = 0> <II = 1> <Delay = 1.99> <IPBlock> <Opcode : '' 'add' 'sub'> <InPorts = 3> <OutPorts = 1> <Sync> <CReg>
ST_1 : Operation 671 [1/1] (0.00ns)   --->   "%sext_ln73_83 = sext i10 %data_19_val_read" [firmware/nnet_utils/nnet_mult.h:73->firmware/nnet_utils/nnet_dense_latency.h:42]   --->   Operation 671 'sext' 'sext_ln73_83' <Predicate = true> <Delay = 0.00>
ST_1 : Operation 672 [1/1] (0.00ns)   --->   "%sext_ln73_84 = sext i10 %data_19_val_read" [firmware/nnet_utils/nnet_mult.h:73->firmware/nnet_utils/nnet_dense_latency.h:42]   --->   Operation 672 'sext' 'sext_ln73_84' <Predicate = true> <Delay = 0.00>
ST_1 : Operation 673 [1/1] (0.00ns)   --->   "%sext_ln73_253 = sext i10 %data_19_val_read" [firmware/nnet_utils/nnet_mult.h:73->firmware/nnet_utils/nnet_dense_latency.h:42]   --->   Operation 673 'sext' 'sext_ln73_253' <Predicate = true> <Delay = 0.00>
ST_1 : Operation 674 [1/1] (0.00ns)   --->   "%sext_ln73_85 = sext i10 %data_19_val_read" [firmware/nnet_utils/nnet_mult.h:73->firmware/nnet_utils/nnet_dense_latency.h:42]   --->   Operation 674 'sext' 'sext_ln73_85' <Predicate = true> <Delay = 0.00>
ST_1 : Operation 675 [1/1] (0.00ns)   --->   "%tmp_745 = bitconcatenate i15 @_ssdm_op_BitConcatenate.i15.i10.i5, i10 %data_19_val_read, i5 0" [firmware/nnet_utils/nnet_mult.h:73->firmware/nnet_utils/nnet_dense_latency.h:42]   --->   Operation 675 'bitconcatenate' 'tmp_745' <Predicate = true> <Delay = 0.00>
ST_1 : Operation 676 [1/1] (0.00ns)   --->   "%sext_ln73_254 = sext i15 %tmp_745" [firmware/nnet_utils/nnet_mult.h:73->firmware/nnet_utils/nnet_dense_latency.h:42]   --->   Operation 676 'sext' 'sext_ln73_254' <Predicate = true> <Delay = 0.00>
ST_1 : Operation 677 [1/1] (0.00ns) (grouped into TernaryAdder)   --->   "%sub_ln73_1036 = sub i17 0, i17 %sext_ln73_254" [firmware/nnet_utils/nnet_mult.h:73->firmware/nnet_utils/nnet_dense_latency.h:42]   --->   Operation 677 'sub' 'sub_ln73_1036' <Predicate = true> <Delay = 0.00> <CoreInst = "TAddSub">   --->   Core 10 'TAddSub' <Latency = 0> <II = 1> <Delay = 1.99> <IPBlock> <Opcode : '' 'add' 'sub'> <InPorts = 3> <OutPorts = 1> <Sync> <CReg>
ST_1 : Operation 678 [1/1] (0.00ns)   --->   "%tmp_746 = bitconcatenate i13 @_ssdm_op_BitConcatenate.i13.i10.i3, i10 %data_19_val_read, i3 0" [firmware/nnet_utils/nnet_mult.h:73->firmware/nnet_utils/nnet_dense_latency.h:42]   --->   Operation 678 'bitconcatenate' 'tmp_746' <Predicate = true> <Delay = 0.00>
ST_1 : Operation 679 [1/1] (0.00ns)   --->   "%sext_ln73_255 = sext i13 %tmp_746" [firmware/nnet_utils/nnet_mult.h:73->firmware/nnet_utils/nnet_dense_latency.h:42]   --->   Operation 679 'sext' 'sext_ln73_255' <Predicate = true> <Delay = 0.00>
ST_1 : Operation 680 [1/1] (3.93ns) (root node of TernaryAdder)   --->   "%mult_998 = sub i17 %sub_ln73_1036, i17 %sext_ln73_255" [firmware/nnet_utils/nnet_mult.h:73->firmware/nnet_utils/nnet_dense_latency.h:42]   --->   Operation 680 'sub' 'mult_998' <Predicate = true> <Delay = 3.93> <CoreInst = "TAddSub">   --->   Core 10 'TAddSub' <Latency = 0> <II = 1> <Delay = 1.99> <IPBlock> <Opcode : '' 'add' 'sub'> <InPorts = 3> <OutPorts = 1> <Sync> <CReg>
ST_1 : Operation 681 [1/1] (0.00ns)   --->   "%sext_ln73_256 = sext i13 %tmp_746" [firmware/nnet_utils/nnet_mult.h:73->firmware/nnet_utils/nnet_dense_latency.h:42]   --->   Operation 681 'sext' 'sext_ln73_256' <Predicate = true> <Delay = 0.00>
ST_1 : Operation 682 [1/1] (0.00ns) (grouped into TernaryAdder)   --->   "%sub_ln73_1038 = sub i15 0, i15 %sext_ln73_256" [firmware/nnet_utils/nnet_mult.h:73->firmware/nnet_utils/nnet_dense_latency.h:42]   --->   Operation 682 'sub' 'sub_ln73_1038' <Predicate = true> <Delay = 0.00> <CoreInst = "TAddSub">   --->   Core 10 'TAddSub' <Latency = 0> <II = 1> <Delay = 1.99> <IPBlock> <Opcode : '' 'add' 'sub'> <InPorts = 3> <OutPorts = 1> <Sync> <CReg>
ST_1 : Operation 683 [1/1] (3.87ns) (root node of TernaryAdder)   --->   "%mult_999 = sub i15 %sub_ln73_1038, i15 %sext_ln73_85" [firmware/nnet_utils/nnet_mult.h:73->firmware/nnet_utils/nnet_dense_latency.h:42]   --->   Operation 683 'sub' 'mult_999' <Predicate = true> <Delay = 3.87> <CoreInst = "TAddSub">   --->   Core 10 'TAddSub' <Latency = 0> <II = 1> <Delay = 1.99> <IPBlock> <Opcode : '' 'add' 'sub'> <InPorts = 3> <OutPorts = 1> <Sync> <CReg>
ST_1 : Operation 684 [1/1] (0.00ns)   --->   "%sext_ln17_787 = sext i15 %mult_999" [firmware/nnet_utils/nnet_dense_latency.h:17]   --->   Operation 684 'sext' 'sext_ln17_787' <Predicate = true> <Delay = 0.00>
ST_1 : Operation 685 [1/1] (0.00ns)   --->   "%tmp_747 = bitconcatenate i14 @_ssdm_op_BitConcatenate.i14.i10.i4, i10 %data_19_val_read, i4 0" [firmware/nnet_utils/nnet_mult.h:73->firmware/nnet_utils/nnet_dense_latency.h:42]   --->   Operation 685 'bitconcatenate' 'tmp_747' <Predicate = true> <Delay = 0.00>
ST_1 : Operation 686 [1/1] (0.00ns)   --->   "%sext_ln73_257 = sext i14 %tmp_747" [firmware/nnet_utils/nnet_mult.h:73->firmware/nnet_utils/nnet_dense_latency.h:42]   --->   Operation 686 'sext' 'sext_ln73_257' <Predicate = true> <Delay = 0.00>
ST_1 : Operation 687 [1/1] (1.81ns)   --->   "%sub_ln73_1040 = sub i16 0, i16 %sext_ln73_257" [firmware/nnet_utils/nnet_mult.h:73->firmware/nnet_utils/nnet_dense_latency.h:42]   --->   Operation 687 'sub' 'sub_ln73_1040' <Predicate = true> <Delay = 1.81> <CoreInst = "Adder">   --->   Core 1 'Adder' <Latency = 0> <II = 1> <Delay = 1.81> <FuncUnit> <Opcode : 'add' 'sub'> <InPorts = 2> <OutPorts = 1>
ST_1 : Operation 688 [1/1] (0.00ns)   --->   "%tmp_748 = bitconcatenate i11 @_ssdm_op_BitConcatenate.i11.i10.i1, i10 %data_19_val_read, i1 0" [firmware/nnet_utils/nnet_mult.h:73->firmware/nnet_utils/nnet_dense_latency.h:42]   --->   Operation 688 'bitconcatenate' 'tmp_748' <Predicate = true> <Delay = 0.00>
ST_1 : Operation 689 [1/1] (0.00ns)   --->   "%sext_ln73_258 = sext i11 %tmp_748" [firmware/nnet_utils/nnet_mult.h:73->firmware/nnet_utils/nnet_dense_latency.h:42]   --->   Operation 689 'sext' 'sext_ln73_258' <Predicate = true> <Delay = 0.00>
ST_1 : Operation 690 [1/1] (0.00ns) (grouped into TernaryAdder)   --->   "%mult_1000 = sub i16 %sub_ln73_1040, i16 %sext_ln73_258" [firmware/nnet_utils/nnet_mult.h:73->firmware/nnet_utils/nnet_dense_latency.h:42]   --->   Operation 690 'sub' 'mult_1000' <Predicate = true> <Delay = 0.00> <CoreInst = "TAddSub">   --->   Core 10 'TAddSub' <Latency = 0> <II = 1> <Delay = 1.99> <IPBlock> <Opcode : '' 'add' 'sub'> <InPorts = 3> <OutPorts = 1> <Sync> <CReg>
ST_1 : Operation 691 [1/1] (0.00ns)   --->   "%sext_ln73_259 = sext i13 %tmp_746" [firmware/nnet_utils/nnet_mult.h:73->firmware/nnet_utils/nnet_dense_latency.h:42]   --->   Operation 691 'sext' 'sext_ln73_259' <Predicate = true> <Delay = 0.00>
ST_1 : Operation 692 [1/1] (0.00ns) (grouped into TernaryAdder)   --->   "%mult_1001 = sub i14 %sext_ln73_83, i14 %sext_ln73_259" [firmware/nnet_utils/nnet_mult.h:73->firmware/nnet_utils/nnet_dense_latency.h:42]   --->   Operation 692 'sub' 'mult_1001' <Predicate = true> <Delay = 0.00> <CoreInst = "TAddSub">   --->   Core 10 'TAddSub' <Latency = 0> <II = 1> <Delay = 1.99> <IPBlock> <Opcode : '' 'add' 'sub'> <InPorts = 3> <OutPorts = 1> <Sync> <CReg>
ST_1 : Operation 693 [1/1] (0.00ns)   --->   "%sext_ln73_260 = sext i15 %tmp_745" [firmware/nnet_utils/nnet_mult.h:73->firmware/nnet_utils/nnet_dense_latency.h:42]   --->   Operation 693 'sext' 'sext_ln73_260' <Predicate = true> <Delay = 0.00>
ST_1 : Operation 694 [1/1] (0.00ns)   --->   "%sext_ln73_261 = sext i13 %tmp_746" [firmware/nnet_utils/nnet_mult.h:73->firmware/nnet_utils/nnet_dense_latency.h:42]   --->   Operation 694 'sext' 'sext_ln73_261' <Predicate = true> <Delay = 0.00>
ST_1 : Operation 695 [1/1] (0.00ns) (grouped into TernaryAdder)   --->   "%mult_1002 = sub i16 %sext_ln73_261, i16 %sext_ln73_260" [firmware/nnet_utils/nnet_mult.h:73->firmware/nnet_utils/nnet_dense_latency.h:42]   --->   Operation 695 'sub' 'mult_1002' <Predicate = true> <Delay = 0.00> <CoreInst = "TAddSub">   --->   Core 10 'TAddSub' <Latency = 0> <II = 1> <Delay = 1.99> <IPBlock> <Opcode : '' 'add' 'sub'> <InPorts = 3> <OutPorts = 1> <Sync> <CReg>
ST_1 : Operation 696 [1/1] (0.00ns) (grouped into TernaryAdder)   --->   "%mult_1003 = sub i16 %sub_ln73_1040, i16 %sext_ln73_84" [firmware/nnet_utils/nnet_mult.h:73->firmware/nnet_utils/nnet_dense_latency.h:42]   --->   Operation 696 'sub' 'mult_1003' <Predicate = true> <Delay = 0.00> <CoreInst = "TAddSub">   --->   Core 10 'TAddSub' <Latency = 0> <II = 1> <Delay = 1.99> <IPBlock> <Opcode : '' 'add' 'sub'> <InPorts = 3> <OutPorts = 1> <Sync> <CReg>
ST_1 : Operation 697 [1/1] (0.00ns) (grouped into TernaryAdder)   --->   "%mult_1004 = add i16 %sext_ln73_257, i16 %sext_ln73_258" [firmware/nnet_utils/nnet_mult.h:73->firmware/nnet_utils/nnet_dense_latency.h:42]   --->   Operation 697 'add' 'mult_1004' <Predicate = true> <Delay = 0.00> <CoreInst = "TAddSub">   --->   Core 10 'TAddSub' <Latency = 0> <II = 1> <Delay = 1.99> <IPBlock> <Opcode : '' 'add' 'sub'> <InPorts = 3> <OutPorts = 1> <Sync> <CReg>
ST_1 : Operation 698 [1/1] (0.00ns)   --->   "%sext_ln73_262 = sext i14 %tmp_747" [firmware/nnet_utils/nnet_mult.h:73->firmware/nnet_utils/nnet_dense_latency.h:42]   --->   Operation 698 'sext' 'sext_ln73_262' <Predicate = true> <Delay = 0.00>
ST_1 : Operation 699 [1/1] (0.00ns)   --->   "%tmp_749 = bitconcatenate i16 @_ssdm_op_BitConcatenate.i16.i10.i6, i10 %data_19_val_read, i6 0" [firmware/nnet_utils/nnet_mult.h:73->firmware/nnet_utils/nnet_dense_latency.h:42]   --->   Operation 699 'bitconcatenate' 'tmp_749' <Predicate = true> <Delay = 0.00>
ST_1 : Operation 700 [1/1] (0.00ns)   --->   "%sext_ln73_263 = sext i16 %tmp_749" [firmware/nnet_utils/nnet_mult.h:73->firmware/nnet_utils/nnet_dense_latency.h:42]   --->   Operation 700 'sext' 'sext_ln73_263' <Predicate = true> <Delay = 0.00>
ST_1 : Operation 701 [1/1] (0.00ns)   --->   "%sext_ln73_264 = sext i14 %tmp_747" [firmware/nnet_utils/nnet_mult.h:73->firmware/nnet_utils/nnet_dense_latency.h:42]   --->   Operation 701 'sext' 'sext_ln73_264' <Predicate = true> <Delay = 0.00>
ST_1 : Operation 702 [1/1] (0.00ns) (grouped into TernaryAdder)   --->   "%mult_1005 = sub i17 %sext_ln73_263, i17 %sext_ln73_264" [firmware/nnet_utils/nnet_mult.h:73->firmware/nnet_utils/nnet_dense_latency.h:42]   --->   Operation 702 'sub' 'mult_1005' <Predicate = true> <Delay = 0.00> <CoreInst = "TAddSub">   --->   Core 10 'TAddSub' <Latency = 0> <II = 1> <Delay = 1.99> <IPBlock> <Opcode : '' 'add' 'sub'> <InPorts = 3> <OutPorts = 1> <Sync> <CReg>
ST_1 : Operation 703 [1/1] (0.00ns)   --->   "%tmp_750 = bitconcatenate i12 @_ssdm_op_BitConcatenate.i12.i10.i2, i10 %data_19_val_read, i2 0" [firmware/nnet_utils/nnet_mult.h:73->firmware/nnet_utils/nnet_dense_latency.h:42]   --->   Operation 703 'bitconcatenate' 'tmp_750' <Predicate = true> <Delay = 0.00>
ST_1 : Operation 704 [1/1] (0.00ns)   --->   "%sext_ln73_265 = sext i12 %tmp_750" [firmware/nnet_utils/nnet_mult.h:73->firmware/nnet_utils/nnet_dense_latency.h:42]   --->   Operation 704 'sext' 'sext_ln73_265' <Predicate = true> <Delay = 0.00>
ST_1 : Operation 705 [1/1] (1.54ns)   --->   "%sub_ln73_1046 = sub i14 0, i14 %sext_ln73_265" [firmware/nnet_utils/nnet_mult.h:73->firmware/nnet_utils/nnet_dense_latency.h:42]   --->   Operation 705 'sub' 'sub_ln73_1046' <Predicate = true> <Delay = 1.54> <CoreInst = "Adder">   --->   Core 1 'Adder' <Latency = 0> <II = 1> <Delay = 1.54> <FuncUnit> <Opcode : 'add' 'sub'> <InPorts = 2> <OutPorts = 1>
ST_1 : Operation 706 [1/1] (0.00ns) (grouped into TernaryAdder)   --->   "%mult_1006 = sub i14 %sub_ln73_1046, i14 %sext_ln73_83" [firmware/nnet_utils/nnet_mult.h:73->firmware/nnet_utils/nnet_dense_latency.h:42]   --->   Operation 706 'sub' 'mult_1006' <Predicate = true> <Delay = 0.00> <CoreInst = "TAddSub">   --->   Core 10 'TAddSub' <Latency = 0> <II = 1> <Delay = 1.99> <IPBlock> <Opcode : '' 'add' 'sub'> <InPorts = 3> <OutPorts = 1> <Sync> <CReg>
ST_1 : Operation 707 [1/1] (4.52ns)   --->   "%mult_1007 = mul i16 %sext_ln73_84, i16 65509" [firmware/nnet_utils/nnet_mult.h:73->firmware/nnet_utils/nnet_dense_latency.h:42]   --->   Operation 707 'mul' 'mult_1007' <Predicate = true> <Delay = 4.52> <CoreInst = "Multiplier">   --->   Core 3 'Multiplier' <Latency = 0> <II = 1> <Delay = 4.52> <FuncUnit> <Opcode : 'mul'> <InPorts = 2> <OutPorts = 1>
ST_1 : Operation 708 [1/1] (0.00ns)   --->   "%sext_ln73_89 = sext i10 %data_20_val_read" [firmware/nnet_utils/nnet_mult.h:73->firmware/nnet_utils/nnet_dense_latency.h:42]   --->   Operation 708 'sext' 'sext_ln73_89' <Predicate = true> <Delay = 0.00>
ST_1 : Operation 709 [1/1] (0.00ns)   --->   "%sext_ln73_90 = sext i10 %data_20_val_read" [firmware/nnet_utils/nnet_mult.h:73->firmware/nnet_utils/nnet_dense_latency.h:42]   --->   Operation 709 'sext' 'sext_ln73_90' <Predicate = true> <Delay = 0.00>
ST_1 : Operation 710 [1/1] (0.00ns)   --->   "%sext_ln73_91 = sext i10 %data_20_val_read" [firmware/nnet_utils/nnet_mult.h:73->firmware/nnet_utils/nnet_dense_latency.h:42]   --->   Operation 710 'sext' 'sext_ln73_91' <Predicate = true> <Delay = 0.00>
ST_1 : Operation 711 [1/1] (0.00ns)   --->   "%tmp_751 = bitconcatenate i14 @_ssdm_op_BitConcatenate.i14.i10.i4, i10 %data_20_val_read, i4 0" [firmware/nnet_utils/nnet_mult.h:73->firmware/nnet_utils/nnet_dense_latency.h:42]   --->   Operation 711 'bitconcatenate' 'tmp_751' <Predicate = true> <Delay = 0.00>
ST_1 : Operation 712 [1/1] (0.00ns)   --->   "%sext_ln73_266 = sext i14 %tmp_751" [firmware/nnet_utils/nnet_mult.h:73->firmware/nnet_utils/nnet_dense_latency.h:42]   --->   Operation 712 'sext' 'sext_ln73_266' <Predicate = true> <Delay = 0.00>
ST_1 : Operation 713 [1/1] (1.81ns)   --->   "%sub_ln73_1048 = sub i16 0, i16 %sext_ln73_266" [firmware/nnet_utils/nnet_mult.h:73->firmware/nnet_utils/nnet_dense_latency.h:42]   --->   Operation 713 'sub' 'sub_ln73_1048' <Predicate = true> <Delay = 1.81> <CoreInst = "Adder">   --->   Core 1 'Adder' <Latency = 0> <II = 1> <Delay = 1.81> <FuncUnit> <Opcode : 'add' 'sub'> <InPorts = 2> <OutPorts = 1>
ST_1 : Operation 714 [1/1] (0.00ns) (grouped into TernaryAdder)   --->   "%mult_1008 = sub i16 %sub_ln73_1048, i16 %sext_ln73_91" [firmware/nnet_utils/nnet_mult.h:73->firmware/nnet_utils/nnet_dense_latency.h:42]   --->   Operation 714 'sub' 'mult_1008' <Predicate = true> <Delay = 0.00> <CoreInst = "TAddSub">   --->   Core 10 'TAddSub' <Latency = 0> <II = 1> <Delay = 1.99> <IPBlock> <Opcode : '' 'add' 'sub'> <InPorts = 3> <OutPorts = 1> <Sync> <CReg>
ST_1 : Operation 715 [1/1] (0.00ns)   --->   "%sext_ln73_267 = sext i14 %tmp_751" [firmware/nnet_utils/nnet_mult.h:73->firmware/nnet_utils/nnet_dense_latency.h:42]   --->   Operation 715 'sext' 'sext_ln73_267' <Predicate = true> <Delay = 0.00>
ST_1 : Operation 716 [1/1] (0.00ns) (grouped into TernaryAdder)   --->   "%mult_1009 = sub i15 %sext_ln73_267, i15 %sext_ln73_90" [firmware/nnet_utils/nnet_mult.h:73->firmware/nnet_utils/nnet_dense_latency.h:42]   --->   Operation 716 'sub' 'mult_1009' <Predicate = true> <Delay = 0.00> <CoreInst = "TAddSub">   --->   Core 10 'TAddSub' <Latency = 0> <II = 1> <Delay = 1.99> <IPBlock> <Opcode : '' 'add' 'sub'> <InPorts = 3> <OutPorts = 1> <Sync> <CReg>
ST_1 : Operation 717 [1/1] (4.52ns)   --->   "%mul_ln73 = mul i16 %sext_ln73_91, i16 65515" [firmware/nnet_utils/nnet_mult.h:73->firmware/nnet_utils/nnet_dense_latency.h:42]   --->   Operation 717 'mul' 'mul_ln73' <Predicate = true> <Delay = 4.52> <CoreInst = "Multiplier">   --->   Core 3 'Multiplier' <Latency = 0> <II = 1> <Delay = 4.52> <FuncUnit> <Opcode : 'mul'> <InPorts = 2> <OutPorts = 1>
ST_1 : Operation 718 [1/1] (0.00ns)   --->   "%tmp_752 = bitconcatenate i13 @_ssdm_op_BitConcatenate.i13.i10.i3, i10 %data_20_val_read, i3 0" [firmware/nnet_utils/nnet_mult.h:73->firmware/nnet_utils/nnet_dense_latency.h:42]   --->   Operation 718 'bitconcatenate' 'tmp_752' <Predicate = true> <Delay = 0.00>
ST_1 : Operation 719 [1/1] (0.00ns)   --->   "%sext_ln73_268 = sext i13 %tmp_752" [firmware/nnet_utils/nnet_mult.h:73->firmware/nnet_utils/nnet_dense_latency.h:42]   --->   Operation 719 'sext' 'sext_ln73_268' <Predicate = true> <Delay = 0.00>
ST_1 : Operation 720 [1/1] (0.00ns) (grouped into TernaryAdder)   --->   "%sub_ln73_1051 = sub i15 0, i15 %sext_ln73_268" [firmware/nnet_utils/nnet_mult.h:73->firmware/nnet_utils/nnet_dense_latency.h:42]   --->   Operation 720 'sub' 'sub_ln73_1051' <Predicate = true> <Delay = 0.00> <CoreInst = "TAddSub">   --->   Core 10 'TAddSub' <Latency = 0> <II = 1> <Delay = 1.99> <IPBlock> <Opcode : '' 'add' 'sub'> <InPorts = 3> <OutPorts = 1> <Sync> <CReg>
ST_1 : Operation 721 [1/1] (3.87ns) (root node of TernaryAdder)   --->   "%mult_1010 = sub i15 %sub_ln73_1051, i15 %sext_ln73_90" [firmware/nnet_utils/nnet_mult.h:73->firmware/nnet_utils/nnet_dense_latency.h:42]   --->   Operation 721 'sub' 'mult_1010' <Predicate = true> <Delay = 3.87> <CoreInst = "TAddSub">   --->   Core 10 'TAddSub' <Latency = 0> <II = 1> <Delay = 1.99> <IPBlock> <Opcode : '' 'add' 'sub'> <InPorts = 3> <OutPorts = 1> <Sync> <CReg>
ST_1 : Operation 722 [1/1] (0.00ns)   --->   "%mult_1011 = bitconcatenate i11 @_ssdm_op_BitConcatenate.i11.i10.i1, i10 %data_20_val_read, i1 0" [firmware/nnet_utils/nnet_mult.h:73->firmware/nnet_utils/nnet_dense_latency.h:42]   --->   Operation 722 'bitconcatenate' 'mult_1011' <Predicate = true> <Delay = 0.00>
ST_1 : Operation 723 [1/1] (0.00ns)   --->   "%sext_ln17_789 = sext i11 %mult_1011" [firmware/nnet_utils/nnet_dense_latency.h:17]   --->   Operation 723 'sext' 'sext_ln17_789' <Predicate = true> <Delay = 0.00>
ST_1 : Operation 724 [1/1] (0.00ns)   --->   "%mult_1014 = bitconcatenate i12 @_ssdm_op_BitConcatenate.i12.i10.i2, i10 %data_20_val_read, i2 0" [firmware/nnet_utils/nnet_mult.h:73->firmware/nnet_utils/nnet_dense_latency.h:42]   --->   Operation 724 'bitconcatenate' 'mult_1014' <Predicate = true> <Delay = 0.00>
ST_1 : Operation 725 [1/1] (0.00ns)   --->   "%sext_ln73_269 = sext i12 %mult_1014" [firmware/nnet_utils/nnet_mult.h:73->firmware/nnet_utils/nnet_dense_latency.h:42]   --->   Operation 725 'sext' 'sext_ln73_269' <Predicate = true> <Delay = 0.00>
ST_1 : Operation 726 [1/1] (1.81ns)   --->   "%mult_1012 = sub i15 %sext_ln73_269, i15 %sext_ln73_267" [firmware/nnet_utils/nnet_mult.h:73->firmware/nnet_utils/nnet_dense_latency.h:42]   --->   Operation 726 'sub' 'mult_1012' <Predicate = true> <Delay = 1.81> <CoreInst = "Adder">   --->   Core 1 'Adder' <Latency = 0> <II = 1> <Delay = 1.81> <FuncUnit> <Opcode : 'add' 'sub'> <InPorts = 2> <OutPorts = 1>
ST_1 : Operation 727 [1/1] (1.73ns)   --->   "%mult_1013 = sub i11 0, i11 %sext_ln73_89" [firmware/nnet_utils/nnet_mult.h:73->firmware/nnet_utils/nnet_dense_latency.h:42]   --->   Operation 727 'sub' 'mult_1013' <Predicate = true> <Delay = 1.73> <CoreInst = "Adder">   --->   Core 1 'Adder' <Latency = 0> <II = 1> <Delay = 1.73> <FuncUnit> <Opcode : 'add' 'sub'> <InPorts = 2> <OutPorts = 1>
ST_1 : Operation 728 [1/1] (0.00ns)   --->   "%sext_ln17_790 = sext i11 %mult_1013" [firmware/nnet_utils/nnet_dense_latency.h:17]   --->   Operation 728 'sext' 'sext_ln17_790' <Predicate = true> <Delay = 0.00>
ST_1 : Operation 729 [1/1] (0.00ns)   --->   "%sext_ln17_791 = sext i12 %mult_1014" [firmware/nnet_utils/nnet_dense_latency.h:17]   --->   Operation 729 'sext' 'sext_ln17_791' <Predicate = true> <Delay = 0.00>
ST_1 : Operation 730 [1/1] (0.00ns)   --->   "%sext_ln73_270 = sext i11 %mult_1011" [firmware/nnet_utils/nnet_mult.h:73->firmware/nnet_utils/nnet_dense_latency.h:42]   --->   Operation 730 'sext' 'sext_ln73_270' <Predicate = true> <Delay = 0.00>
ST_1 : Operation 731 [1/1] (0.00ns) (grouped into TernaryAdder)   --->   "%mult_1015 = add i15 %sext_ln73_268, i15 %sext_ln73_270" [firmware/nnet_utils/nnet_mult.h:73->firmware/nnet_utils/nnet_dense_latency.h:42]   --->   Operation 731 'add' 'mult_1015' <Predicate = true> <Delay = 0.00> <CoreInst = "TAddSub">   --->   Core 10 'TAddSub' <Latency = 0> <II = 1> <Delay = 1.99> <IPBlock> <Opcode : '' 'add' 'sub'> <InPorts = 3> <OutPorts = 1> <Sync> <CReg>
ST_1 : Operation 732 [1/1] (4.52ns)   --->   "%mult_1016 = mul i15 %sext_ln73_90, i15 11" [firmware/nnet_utils/nnet_mult.h:73->firmware/nnet_utils/nnet_dense_latency.h:42]   --->   Operation 732 'mul' 'mult_1016' <Predicate = true> <Delay = 4.52> <CoreInst = "Multiplier">   --->   Core 3 'Multiplier' <Latency = 0> <II = 1> <Delay = 4.52> <FuncUnit> <Opcode : 'mul'> <InPorts = 2> <OutPorts = 1>
ST_1 : Operation 733 [1/1] (0.00ns)   --->   "%sext_ln73_271 = sext i13 %tmp_752" [firmware/nnet_utils/nnet_mult.h:73->firmware/nnet_utils/nnet_dense_latency.h:42]   --->   Operation 733 'sext' 'sext_ln73_271' <Predicate = true> <Delay = 0.00>
ST_1 : Operation 734 [1/1] (0.00ns)   --->   "%sext_ln73_272 = sext i11 %mult_1011" [firmware/nnet_utils/nnet_mult.h:73->firmware/nnet_utils/nnet_dense_latency.h:42]   --->   Operation 734 'sext' 'sext_ln73_272' <Predicate = true> <Delay = 0.00>
ST_1 : Operation 735 [1/1] (1.67ns)   --->   "%mult_1017 = sub i14 %sext_ln73_272, i14 %sext_ln73_271" [firmware/nnet_utils/nnet_mult.h:73->firmware/nnet_utils/nnet_dense_latency.h:42]   --->   Operation 735 'sub' 'mult_1017' <Predicate = true> <Delay = 1.67> <CoreInst = "Adder">   --->   Core 1 'Adder' <Latency = 0> <II = 1> <Delay = 1.67> <FuncUnit> <Opcode : 'add' 'sub'> <InPorts = 2> <OutPorts = 1>
ST_1 : Operation 736 [1/1] (0.00ns)   --->   "%sext_ln73_273 = sext i10 %data_21_val_read" [firmware/nnet_utils/nnet_mult.h:73->firmware/nnet_utils/nnet_dense_latency.h:42]   --->   Operation 736 'sext' 'sext_ln73_273' <Predicate = true> <Delay = 0.00>
ST_1 : Operation 737 [1/1] (0.00ns)   --->   "%sext_ln73_93 = sext i10 %data_21_val_read" [firmware/nnet_utils/nnet_mult.h:73->firmware/nnet_utils/nnet_dense_latency.h:42]   --->   Operation 737 'sext' 'sext_ln73_93' <Predicate = true> <Delay = 0.00>
ST_1 : Operation 738 [1/1] (0.00ns)   --->   "%sext_ln73_94 = sext i10 %data_21_val_read" [firmware/nnet_utils/nnet_mult.h:73->firmware/nnet_utils/nnet_dense_latency.h:42]   --->   Operation 738 'sext' 'sext_ln73_94' <Predicate = true> <Delay = 0.00>
ST_1 : Operation 739 [1/1] (0.00ns)   --->   "%sext_ln73_95 = sext i10 %data_21_val_read" [firmware/nnet_utils/nnet_mult.h:73->firmware/nnet_utils/nnet_dense_latency.h:42]   --->   Operation 739 'sext' 'sext_ln73_95' <Predicate = true> <Delay = 0.00>
ST_1 : Operation 740 [1/1] (0.00ns)   --->   "%tmp_754 = bitconcatenate i13 @_ssdm_op_BitConcatenate.i13.i10.i3, i10 %data_21_val_read, i3 0" [firmware/nnet_utils/nnet_mult.h:73->firmware/nnet_utils/nnet_dense_latency.h:42]   --->   Operation 740 'bitconcatenate' 'tmp_754' <Predicate = true> <Delay = 0.00>
ST_1 : Operation 741 [1/1] (0.00ns)   --->   "%sext_ln73_274 = sext i13 %tmp_754" [firmware/nnet_utils/nnet_mult.h:73->firmware/nnet_utils/nnet_dense_latency.h:42]   --->   Operation 741 'sext' 'sext_ln73_274' <Predicate = true> <Delay = 0.00>
ST_1 : Operation 742 [1/1] (1.67ns)   --->   "%sub_ln73_1056 = sub i15 0, i15 %sext_ln73_274" [firmware/nnet_utils/nnet_mult.h:73->firmware/nnet_utils/nnet_dense_latency.h:42]   --->   Operation 742 'sub' 'sub_ln73_1056' <Predicate = true> <Delay = 1.67> <CoreInst = "Adder">   --->   Core 1 'Adder' <Latency = 0> <II = 1> <Delay = 1.67> <FuncUnit> <Opcode : 'add' 'sub'> <InPorts = 2> <OutPorts = 1>
ST_1 : Operation 743 [1/1] (1.94ns)   --->   "%sub_ln73_1057 = sub i15 %sub_ln73_1056, i15 %sext_ln73_95" [firmware/nnet_utils/nnet_mult.h:73->firmware/nnet_utils/nnet_dense_latency.h:42]   --->   Operation 743 'sub' 'sub_ln73_1057' <Predicate = true> <Delay = 1.94> <CoreInst = "Adder">   --->   Core 1 'Adder' <Latency = 0> <II = 1> <Delay = 1.94> <FuncUnit> <Opcode : 'add' 'sub'> <InPorts = 2> <OutPorts = 1>
ST_1 : Operation 744 [1/1] (0.00ns)   --->   "%tmp_755 = bitconcatenate i14 @_ssdm_op_BitConcatenate.i14.i10.i4, i10 %data_21_val_read, i4 0" [firmware/nnet_utils/nnet_mult.h:73->firmware/nnet_utils/nnet_dense_latency.h:42]   --->   Operation 744 'bitconcatenate' 'tmp_755' <Predicate = true> <Delay = 0.00>
ST_1 : Operation 745 [1/1] (0.00ns)   --->   "%sext_ln73_275 = sext i14 %tmp_755" [firmware/nnet_utils/nnet_mult.h:73->firmware/nnet_utils/nnet_dense_latency.h:42]   --->   Operation 745 'sext' 'sext_ln73_275' <Predicate = true> <Delay = 0.00>
ST_1 : Operation 746 [1/1] (1.81ns)   --->   "%sub_ln73_1058 = sub i16 0, i16 %sext_ln73_275" [firmware/nnet_utils/nnet_mult.h:73->firmware/nnet_utils/nnet_dense_latency.h:42]   --->   Operation 746 'sub' 'sub_ln73_1058' <Predicate = true> <Delay = 1.81> <CoreInst = "Adder">   --->   Core 1 'Adder' <Latency = 0> <II = 1> <Delay = 1.81> <FuncUnit> <Opcode : 'add' 'sub'> <InPorts = 2> <OutPorts = 1>
ST_1 : Operation 747 [1/1] (0.00ns) (grouped into TernaryAdder)   --->   "%mult_1018 = sub i16 %sub_ln73_1058, i16 %sext_ln73_94" [firmware/nnet_utils/nnet_mult.h:73->firmware/nnet_utils/nnet_dense_latency.h:42]   --->   Operation 747 'sub' 'mult_1018' <Predicate = true> <Delay = 0.00> <CoreInst = "TAddSub">   --->   Core 10 'TAddSub' <Latency = 0> <II = 1> <Delay = 1.99> <IPBlock> <Opcode : '' 'add' 'sub'> <InPorts = 3> <OutPorts = 1> <Sync> <CReg>
ST_1 : Operation 748 [1/1] (0.00ns)   --->   "%sext_ln73_276 = sext i13 %tmp_754" [firmware/nnet_utils/nnet_mult.h:73->firmware/nnet_utils/nnet_dense_latency.h:42]   --->   Operation 748 'sext' 'sext_ln73_276' <Predicate = true> <Delay = 0.00>
ST_1 : Operation 749 [1/1] (0.00ns)   --->   "%mult_1026 = bitconcatenate i11 @_ssdm_op_BitConcatenate.i11.i10.i1, i10 %data_21_val_read, i1 0" [firmware/nnet_utils/nnet_mult.h:73->firmware/nnet_utils/nnet_dense_latency.h:42]   --->   Operation 749 'bitconcatenate' 'mult_1026' <Predicate = true> <Delay = 0.00>
ST_1 : Operation 750 [1/1] (0.00ns)   --->   "%sext_ln73_277 = sext i11 %mult_1026" [firmware/nnet_utils/nnet_mult.h:73->firmware/nnet_utils/nnet_dense_latency.h:42]   --->   Operation 750 'sext' 'sext_ln73_277' <Predicate = true> <Delay = 0.00>
ST_1 : Operation 751 [1/1] (1.67ns)   --->   "%sub_ln73_1060 = sub i14 %sext_ln73_277, i14 %sext_ln73_276" [firmware/nnet_utils/nnet_mult.h:73->firmware/nnet_utils/nnet_dense_latency.h:42]   --->   Operation 751 'sub' 'sub_ln73_1060' <Predicate = true> <Delay = 1.67> <CoreInst = "Adder">   --->   Core 1 'Adder' <Latency = 0> <II = 1> <Delay = 1.67> <FuncUnit> <Opcode : 'add' 'sub'> <InPorts = 2> <OutPorts = 1>
ST_1 : Operation 752 [1/1] (4.52ns)   --->   "%mult_1019 = mul i16 %sext_ln73_94, i16 21" [firmware/nnet_utils/nnet_mult.h:73->firmware/nnet_utils/nnet_dense_latency.h:42]   --->   Operation 752 'mul' 'mult_1019' <Predicate = true> <Delay = 4.52> <CoreInst = "Multiplier">   --->   Core 3 'Multiplier' <Latency = 0> <II = 1> <Delay = 4.52> <FuncUnit> <Opcode : 'mul'> <InPorts = 2> <OutPorts = 1>
ST_1 : Operation 753 [1/1] (0.00ns)   --->   "%sext_ln17_792 = sext i16 %mult_1019" [firmware/nnet_utils/nnet_dense_latency.h:17]   --->   Operation 753 'sext' 'sext_ln17_792' <Predicate = true> <Delay = 0.00>
ST_1 : Operation 754 [1/1] (0.00ns)   --->   "%sext_ln73_278 = sext i11 %mult_1026" [firmware/nnet_utils/nnet_mult.h:73->firmware/nnet_utils/nnet_dense_latency.h:42]   --->   Operation 754 'sext' 'sext_ln73_278' <Predicate = true> <Delay = 0.00>
ST_1 : Operation 755 [1/1] (0.00ns) (grouped into TernaryAdder)   --->   "%mult_1020 = sub i15 %sub_ln73_1056, i15 %sext_ln73_278" [firmware/nnet_utils/nnet_mult.h:73->firmware/nnet_utils/nnet_dense_latency.h:42]   --->   Operation 755 'sub' 'mult_1020' <Predicate = true> <Delay = 0.00> <CoreInst = "TAddSub">   --->   Core 10 'TAddSub' <Latency = 0> <II = 1> <Delay = 1.99> <IPBlock> <Opcode : '' 'add' 'sub'> <InPorts = 3> <OutPorts = 1> <Sync> <CReg>
ST_1 : Operation 756 [1/1] (0.00ns)   --->   "%sext_ln73_279 = sext i14 %tmp_755" [firmware/nnet_utils/nnet_mult.h:73->firmware/nnet_utils/nnet_dense_latency.h:42]   --->   Operation 756 'sext' 'sext_ln73_279' <Predicate = true> <Delay = 0.00>
ST_1 : Operation 757 [1/1] (0.00ns)   --->   "%tmp_757 = bitconcatenate i12 @_ssdm_op_BitConcatenate.i12.i10.i2, i10 %data_21_val_read, i2 0" [firmware/nnet_utils/nnet_mult.h:73->firmware/nnet_utils/nnet_dense_latency.h:42]   --->   Operation 757 'bitconcatenate' 'tmp_757' <Predicate = true> <Delay = 0.00>
ST_1 : Operation 758 [1/1] (0.00ns)   --->   "%sext_ln73_280 = sext i12 %tmp_757" [firmware/nnet_utils/nnet_mult.h:73->firmware/nnet_utils/nnet_dense_latency.h:42]   --->   Operation 758 'sext' 'sext_ln73_280' <Predicate = true> <Delay = 0.00>
ST_1 : Operation 759 [1/1] (0.00ns) (grouped into TernaryAdder)   --->   "%mult_1021 = sub i15 %sext_ln73_280, i15 %sext_ln73_279" [firmware/nnet_utils/nnet_mult.h:73->firmware/nnet_utils/nnet_dense_latency.h:42]   --->   Operation 759 'sub' 'mult_1021' <Predicate = true> <Delay = 0.00> <CoreInst = "TAddSub">   --->   Core 10 'TAddSub' <Latency = 0> <II = 1> <Delay = 1.99> <IPBlock> <Opcode : '' 'add' 'sub'> <InPorts = 3> <OutPorts = 1> <Sync> <CReg>
ST_1 : Operation 760 [1/1] (0.00ns)   --->   "%tmp_758 = bitconcatenate i15 @_ssdm_op_BitConcatenate.i15.i10.i5, i10 %data_21_val_read, i5 0" [firmware/nnet_utils/nnet_mult.h:73->firmware/nnet_utils/nnet_dense_latency.h:42]   --->   Operation 760 'bitconcatenate' 'tmp_758' <Predicate = true> <Delay = 0.00>
ST_1 : Operation 761 [1/1] (0.00ns)   --->   "%sext_ln73_281 = sext i15 %tmp_758" [firmware/nnet_utils/nnet_mult.h:73->firmware/nnet_utils/nnet_dense_latency.h:42]   --->   Operation 761 'sext' 'sext_ln73_281' <Predicate = true> <Delay = 0.00>
ST_1 : Operation 762 [1/1] (0.00ns)   --->   "%sext_ln73_282 = sext i12 %tmp_757" [firmware/nnet_utils/nnet_mult.h:73->firmware/nnet_utils/nnet_dense_latency.h:42]   --->   Operation 762 'sext' 'sext_ln73_282' <Predicate = true> <Delay = 0.00>
ST_1 : Operation 763 [1/1] (1.94ns)   --->   "%mult_1022 = sub i16 %sext_ln73_282, i16 %sext_ln73_281" [firmware/nnet_utils/nnet_mult.h:73->firmware/nnet_utils/nnet_dense_latency.h:42]   --->   Operation 763 'sub' 'mult_1022' <Predicate = true> <Delay = 1.94> <CoreInst = "Adder">   --->   Core 1 'Adder' <Latency = 0> <II = 1> <Delay = 1.94> <FuncUnit> <Opcode : 'add' 'sub'> <InPorts = 2> <OutPorts = 1>
ST_1 : Operation 764 [1/1] (0.00ns)   --->   "%sext_ln17_793 = sext i16 %mult_1022" [firmware/nnet_utils/nnet_dense_latency.h:17]   --->   Operation 764 'sext' 'sext_ln17_793' <Predicate = true> <Delay = 0.00>
ST_1 : Operation 765 [1/1] (2.07ns)   --->   "%mult_1023 = sub i16 %sub_ln73_1058, i16 %sext_ln73_282" [firmware/nnet_utils/nnet_mult.h:73->firmware/nnet_utils/nnet_dense_latency.h:42]   --->   Operation 765 'sub' 'mult_1023' <Predicate = true> <Delay = 2.07> <CoreInst = "Adder">   --->   Core 1 'Adder' <Latency = 0> <II = 1> <Delay = 2.07> <FuncUnit> <Opcode : 'add' 'sub'> <InPorts = 2> <OutPorts = 1>
ST_1 : Operation 766 [1/1] (4.52ns)   --->   "%mult_1024 = mul i16 %sext_ln73_94, i16 29" [firmware/nnet_utils/nnet_mult.h:73->firmware/nnet_utils/nnet_dense_latency.h:42]   --->   Operation 766 'mul' 'mult_1024' <Predicate = true> <Delay = 4.52> <CoreInst = "Multiplier">   --->   Core 3 'Multiplier' <Latency = 0> <II = 1> <Delay = 4.52> <FuncUnit> <Opcode : 'mul'> <InPorts = 2> <OutPorts = 1>
ST_1 : Operation 767 [1/1] (4.52ns)   --->   "%mul_ln17_9 = mul i16 %sext_ln73_94, i16 65499" [firmware/nnet_utils/nnet_dense_latency.h:17]   --->   Operation 767 'mul' 'mul_ln17_9' <Predicate = true> <Delay = 4.52> <CoreInst = "Multiplier">   --->   Core 3 'Multiplier' <Latency = 0> <II = 1> <Delay = 4.52> <FuncUnit> <Opcode : 'mul'> <InPorts = 2> <OutPorts = 1>
ST_1 : Operation 768 [1/1] (4.52ns)   --->   "%mul_ln17_10 = mul i16 %sext_ln73_94, i16 46" [firmware/nnet_utils/nnet_dense_latency.h:17]   --->   Operation 768 'mul' 'mul_ln17_10' <Predicate = true> <Delay = 4.52> <CoreInst = "Multiplier">   --->   Core 3 'Multiplier' <Latency = 0> <II = 1> <Delay = 4.52> <FuncUnit> <Opcode : 'mul'> <InPorts = 2> <OutPorts = 1>
ST_1 : Operation 769 [1/1] (1.67ns)   --->   "%mult_1025 = sub i14 %sext_ln73_93, i14 %sext_ln73_276" [firmware/nnet_utils/nnet_mult.h:73->firmware/nnet_utils/nnet_dense_latency.h:42]   --->   Operation 769 'sub' 'mult_1025' <Predicate = true> <Delay = 1.67> <CoreInst = "Adder">   --->   Core 1 'Adder' <Latency = 0> <II = 1> <Delay = 1.67> <FuncUnit> <Opcode : 'add' 'sub'> <InPorts = 2> <OutPorts = 1>
ST_1 : Operation 770 [1/1] (0.00ns)   --->   "%sext_ln17_794 = sext i14 %mult_1025" [firmware/nnet_utils/nnet_dense_latency.h:17]   --->   Operation 770 'sext' 'sext_ln17_794' <Predicate = true> <Delay = 0.00>
ST_1 : Operation 771 [1/1] (0.00ns)   --->   "%sext_ln17_795 = sext i11 %mult_1026" [firmware/nnet_utils/nnet_dense_latency.h:17]   --->   Operation 771 'sext' 'sext_ln17_795' <Predicate = true> <Delay = 0.00>
ST_1 : Operation 772 [1/1] (0.00ns)   --->   "%sext_ln73_97 = sext i10 %data_22_val_read" [firmware/nnet_utils/nnet_mult.h:73->firmware/nnet_utils/nnet_dense_latency.h:42]   --->   Operation 772 'sext' 'sext_ln73_97' <Predicate = true> <Delay = 0.00>
ST_1 : Operation 773 [1/1] (0.00ns)   --->   "%sext_ln73_98 = sext i10 %data_22_val_read" [firmware/nnet_utils/nnet_mult.h:73->firmware/nnet_utils/nnet_dense_latency.h:42]   --->   Operation 773 'sext' 'sext_ln73_98' <Predicate = true> <Delay = 0.00>
ST_1 : Operation 774 [1/1] (0.00ns)   --->   "%sext_ln73_283 = sext i10 %data_22_val_read" [firmware/nnet_utils/nnet_mult.h:73->firmware/nnet_utils/nnet_dense_latency.h:42]   --->   Operation 774 'sext' 'sext_ln73_283' <Predicate = true> <Delay = 0.00>
ST_1 : Operation 775 [1/1] (0.00ns)   --->   "%sext_ln73_99 = sext i10 %data_22_val_read" [firmware/nnet_utils/nnet_mult.h:73->firmware/nnet_utils/nnet_dense_latency.h:42]   --->   Operation 775 'sext' 'sext_ln73_99' <Predicate = true> <Delay = 0.00>
ST_1 : Operation 776 [1/1] (0.00ns)   --->   "%sext_ln73_100 = sext i10 %data_22_val_read" [firmware/nnet_utils/nnet_mult.h:73->firmware/nnet_utils/nnet_dense_latency.h:42]   --->   Operation 776 'sext' 'sext_ln73_100' <Predicate = true> <Delay = 0.00>
ST_1 : Operation 777 [1/1] (0.00ns)   --->   "%tmp_759 = bitconcatenate i15 @_ssdm_op_BitConcatenate.i15.i10.i5, i10 %data_22_val_read, i5 0" [firmware/nnet_utils/nnet_mult.h:73->firmware/nnet_utils/nnet_dense_latency.h:42]   --->   Operation 777 'bitconcatenate' 'tmp_759' <Predicate = true> <Delay = 0.00>
ST_1 : Operation 778 [1/1] (0.00ns)   --->   "%sext_ln73_284 = sext i15 %tmp_759" [firmware/nnet_utils/nnet_mult.h:73->firmware/nnet_utils/nnet_dense_latency.h:42]   --->   Operation 778 'sext' 'sext_ln73_284' <Predicate = true> <Delay = 0.00>
ST_1 : Operation 779 [1/1] (1.94ns)   --->   "%sub_ln73_1066 = sub i17 0, i17 %sext_ln73_284" [firmware/nnet_utils/nnet_mult.h:73->firmware/nnet_utils/nnet_dense_latency.h:42]   --->   Operation 779 'sub' 'sub_ln73_1066' <Predicate = true> <Delay = 1.94> <CoreInst = "Adder">   --->   Core 1 'Adder' <Latency = 0> <II = 1> <Delay = 1.94> <FuncUnit> <Opcode : 'add' 'sub'> <InPorts = 2> <OutPorts = 1>
ST_1 : Operation 780 [1/1] (0.00ns)   --->   "%tmp_760 = bitconcatenate i12 @_ssdm_op_BitConcatenate.i12.i10.i2, i10 %data_22_val_read, i2 0" [firmware/nnet_utils/nnet_mult.h:73->firmware/nnet_utils/nnet_dense_latency.h:42]   --->   Operation 780 'bitconcatenate' 'tmp_760' <Predicate = true> <Delay = 0.00>
ST_1 : Operation 781 [1/1] (0.00ns)   --->   "%sext_ln73_285 = sext i12 %tmp_760" [firmware/nnet_utils/nnet_mult.h:73->firmware/nnet_utils/nnet_dense_latency.h:42]   --->   Operation 781 'sext' 'sext_ln73_285' <Predicate = true> <Delay = 0.00>
ST_1 : Operation 782 [1/1] (0.00ns) (grouped into TernaryAdder)   --->   "%mult_1027 = sub i17 %sub_ln73_1066, i17 %sext_ln73_285" [firmware/nnet_utils/nnet_mult.h:73->firmware/nnet_utils/nnet_dense_latency.h:42]   --->   Operation 782 'sub' 'mult_1027' <Predicate = true> <Delay = 0.00> <CoreInst = "TAddSub">   --->   Core 10 'TAddSub' <Latency = 0> <II = 1> <Delay = 1.99> <IPBlock> <Opcode : '' 'add' 'sub'> <InPorts = 3> <OutPorts = 1> <Sync> <CReg>
ST_1 : Operation 783 [1/1] (0.00ns)   --->   "%tmp_761 = bitconcatenate i13 @_ssdm_op_BitConcatenate.i13.i10.i3, i10 %data_22_val_read, i3 0" [firmware/nnet_utils/nnet_mult.h:73->firmware/nnet_utils/nnet_dense_latency.h:42]   --->   Operation 783 'bitconcatenate' 'tmp_761' <Predicate = true> <Delay = 0.00>
ST_1 : Operation 784 [1/1] (0.00ns)   --->   "%sext_ln73_286 = sext i13 %tmp_761" [firmware/nnet_utils/nnet_mult.h:73->firmware/nnet_utils/nnet_dense_latency.h:42]   --->   Operation 784 'sext' 'sext_ln73_286' <Predicate = true> <Delay = 0.00>
ST_1 : Operation 785 [1/1] (0.00ns)   --->   "%tmp_762 = bitconcatenate i11 @_ssdm_op_BitConcatenate.i11.i10.i1, i10 %data_22_val_read, i1 0" [firmware/nnet_utils/nnet_mult.h:73->firmware/nnet_utils/nnet_dense_latency.h:42]   --->   Operation 785 'bitconcatenate' 'tmp_762' <Predicate = true> <Delay = 0.00>
ST_1 : Operation 786 [1/1] (0.00ns)   --->   "%sext_ln73_287 = sext i11 %tmp_762" [firmware/nnet_utils/nnet_mult.h:73->firmware/nnet_utils/nnet_dense_latency.h:42]   --->   Operation 786 'sext' 'sext_ln73_287' <Predicate = true> <Delay = 0.00>
ST_1 : Operation 787 [1/1] (0.00ns) (grouped into TernaryAdder)   --->   "%mult_1028 = add i15 %sext_ln73_286, i15 %sext_ln73_287" [firmware/nnet_utils/nnet_mult.h:73->firmware/nnet_utils/nnet_dense_latency.h:42]   --->   Operation 787 'add' 'mult_1028' <Predicate = true> <Delay = 0.00> <CoreInst = "TAddSub">   --->   Core 10 'TAddSub' <Latency = 0> <II = 1> <Delay = 1.99> <IPBlock> <Opcode : '' 'add' 'sub'> <InPorts = 3> <OutPorts = 1> <Sync> <CReg>
ST_1 : Operation 788 [1/1] (4.52ns)   --->   "%mult_1029 = mul i16 %sext_ln73_98, i16 65511" [firmware/nnet_utils/nnet_mult.h:73->firmware/nnet_utils/nnet_dense_latency.h:42]   --->   Operation 788 'mul' 'mult_1029' <Predicate = true> <Delay = 4.52> <CoreInst = "Multiplier">   --->   Core 3 'Multiplier' <Latency = 0> <II = 1> <Delay = 4.52> <FuncUnit> <Opcode : 'mul'> <InPorts = 2> <OutPorts = 1>
ST_1 : Operation 789 [1/1] (4.52ns)   --->   "%mult_1030 = mul i16 %sext_ln73_98, i16 65513" [firmware/nnet_utils/nnet_mult.h:73->firmware/nnet_utils/nnet_dense_latency.h:42]   --->   Operation 789 'mul' 'mult_1030' <Predicate = true> <Delay = 4.52> <CoreInst = "Multiplier">   --->   Core 3 'Multiplier' <Latency = 0> <II = 1> <Delay = 4.52> <FuncUnit> <Opcode : 'mul'> <InPorts = 2> <OutPorts = 1>
ST_1 : Operation 790 [1/1] (1.94ns)   --->   "%mult_1031 = add i17 %sext_ln73_284, i17 %sext_ln73_100" [firmware/nnet_utils/nnet_mult.h:73->firmware/nnet_utils/nnet_dense_latency.h:42]   --->   Operation 790 'add' 'mult_1031' <Predicate = true> <Delay = 1.94> <CoreInst = "Adder">   --->   Core 1 'Adder' <Latency = 0> <II = 1> <Delay = 1.94> <FuncUnit> <Opcode : 'add' 'sub'> <InPorts = 2> <OutPorts = 1>
ST_1 : Operation 791 [1/1] (0.00ns)   --->   "%sext_ln73_288 = sext i13 %tmp_761" [firmware/nnet_utils/nnet_mult.h:73->firmware/nnet_utils/nnet_dense_latency.h:42]   --->   Operation 791 'sext' 'sext_ln73_288' <Predicate = true> <Delay = 0.00>
ST_1 : Operation 792 [1/1] (0.00ns) (grouped into TernaryAdder)   --->   "%mult_1032 = sub i14 %sext_ln73_97, i14 %sext_ln73_288" [firmware/nnet_utils/nnet_mult.h:73->firmware/nnet_utils/nnet_dense_latency.h:42]   --->   Operation 792 'sub' 'mult_1032' <Predicate = true> <Delay = 0.00> <CoreInst = "TAddSub">   --->   Core 10 'TAddSub' <Latency = 0> <II = 1> <Delay = 1.99> <IPBlock> <Opcode : '' 'add' 'sub'> <InPorts = 3> <OutPorts = 1> <Sync> <CReg>
ST_1 : Operation 793 [1/1] (4.52ns)   --->   "%mult_1033 = mul i17 %sext_ln73_100, i17 131033" [firmware/nnet_utils/nnet_mult.h:73->firmware/nnet_utils/nnet_dense_latency.h:42]   --->   Operation 793 'mul' 'mult_1033' <Predicate = true> <Delay = 4.52> <CoreInst = "Multiplier">   --->   Core 3 'Multiplier' <Latency = 0> <II = 1> <Delay = 4.52> <FuncUnit> <Opcode : 'mul'> <InPorts = 2> <OutPorts = 1>
ST_1 : Operation 794 [1/1] (0.00ns)   --->   "%sext_ln73_289 = sext i11 %tmp_762" [firmware/nnet_utils/nnet_mult.h:73->firmware/nnet_utils/nnet_dense_latency.h:42]   --->   Operation 794 'sext' 'sext_ln73_289' <Predicate = true> <Delay = 0.00>
ST_1 : Operation 795 [1/1] (1.67ns)   --->   "%mult_1034 = sub i14 %sext_ln73_288, i14 %sext_ln73_289" [firmware/nnet_utils/nnet_mult.h:73->firmware/nnet_utils/nnet_dense_latency.h:42]   --->   Operation 795 'sub' 'mult_1034' <Predicate = true> <Delay = 1.67> <CoreInst = "Adder">   --->   Core 1 'Adder' <Latency = 0> <II = 1> <Delay = 1.67> <FuncUnit> <Opcode : 'add' 'sub'> <InPorts = 2> <OutPorts = 1>
ST_1 : Operation 796 [1/1] (0.00ns)   --->   "%sext_ln17_798 = sext i14 %mult_1034" [firmware/nnet_utils/nnet_dense_latency.h:17]   --->   Operation 796 'sext' 'sext_ln17_798' <Predicate = true> <Delay = 0.00>
ST_1 : Operation 797 [1/1] (0.00ns) (grouped into TernaryAdder)   --->   "%mult_1035 = sub i14 %sext_ln73_288, i14 %sext_ln73_97" [firmware/nnet_utils/nnet_mult.h:73->firmware/nnet_utils/nnet_dense_latency.h:42]   --->   Operation 797 'sub' 'mult_1035' <Predicate = true> <Delay = 0.00> <CoreInst = "TAddSub">   --->   Core 10 'TAddSub' <Latency = 0> <II = 1> <Delay = 1.99> <IPBlock> <Opcode : '' 'add' 'sub'> <InPorts = 3> <OutPorts = 1> <Sync> <CReg>
ST_1 : Operation 798 [1/1] (4.52ns)   --->   "%mult_1036 = mul i17 %sext_ln73_100, i17 39" [firmware/nnet_utils/nnet_mult.h:73->firmware/nnet_utils/nnet_dense_latency.h:42]   --->   Operation 798 'mul' 'mult_1036' <Predicate = true> <Delay = 4.52> <CoreInst = "Multiplier">   --->   Core 3 'Multiplier' <Latency = 0> <II = 1> <Delay = 4.52> <FuncUnit> <Opcode : 'mul'> <InPorts = 2> <OutPorts = 1>
ST_1 : Operation 799 [1/1] (0.00ns) (grouped into TernaryAdder)   --->   "%mult_1037 = add i15 %sext_ln73_286, i15 %sext_ln73_99" [firmware/nnet_utils/nnet_mult.h:73->firmware/nnet_utils/nnet_dense_latency.h:42]   --->   Operation 799 'add' 'mult_1037' <Predicate = true> <Delay = 0.00> <CoreInst = "TAddSub">   --->   Core 10 'TAddSub' <Latency = 0> <II = 1> <Delay = 1.99> <IPBlock> <Opcode : '' 'add' 'sub'> <InPorts = 3> <OutPorts = 1> <Sync> <CReg>
ST_1 : Operation 800 [1/1] (0.00ns)   --->   "%tmp_763 = bitconcatenate i14 @_ssdm_op_BitConcatenate.i14.i10.i4, i10 %data_22_val_read, i4 0" [firmware/nnet_utils/nnet_mult.h:73->firmware/nnet_utils/nnet_dense_latency.h:42]   --->   Operation 800 'bitconcatenate' 'tmp_763' <Predicate = true> <Delay = 0.00>
ST_1 : Operation 801 [1/1] (0.00ns)   --->   "%sext_ln73_290 = sext i14 %tmp_763" [firmware/nnet_utils/nnet_mult.h:73->firmware/nnet_utils/nnet_dense_latency.h:42]   --->   Operation 801 'sext' 'sext_ln73_290' <Predicate = true> <Delay = 0.00>
ST_1 : Operation 802 [1/1] (1.81ns)   --->   "%mult_1038 = sub i15 %sext_ln73_290, i15 %sext_ln73_99" [firmware/nnet_utils/nnet_mult.h:73->firmware/nnet_utils/nnet_dense_latency.h:42]   --->   Operation 802 'sub' 'mult_1038' <Predicate = true> <Delay = 1.81> <CoreInst = "Adder">   --->   Core 1 'Adder' <Latency = 0> <II = 1> <Delay = 1.81> <FuncUnit> <Opcode : 'add' 'sub'> <InPorts = 2> <OutPorts = 1>
ST_1 : Operation 803 [1/1] (0.00ns)   --->   "%sext_ln17_799 = sext i15 %mult_1038" [firmware/nnet_utils/nnet_dense_latency.h:17]   --->   Operation 803 'sext' 'sext_ln17_799' <Predicate = true> <Delay = 0.00>
ST_1 : Operation 804 [1/1] (4.52ns)   --->   "%mult_1039 = mul i16 %sext_ln73_98, i16 65509" [firmware/nnet_utils/nnet_mult.h:73->firmware/nnet_utils/nnet_dense_latency.h:42]   --->   Operation 804 'mul' 'mult_1039' <Predicate = true> <Delay = 4.52> <CoreInst = "Multiplier">   --->   Core 3 'Multiplier' <Latency = 0> <II = 1> <Delay = 4.52> <FuncUnit> <Opcode : 'mul'> <InPorts = 2> <OutPorts = 1>
ST_1 : Operation 805 [1/1] (0.00ns)   --->   "%sext_ln73_291 = sext i12 %tmp_760" [firmware/nnet_utils/nnet_mult.h:73->firmware/nnet_utils/nnet_dense_latency.h:42]   --->   Operation 805 'sext' 'sext_ln73_291' <Predicate = true> <Delay = 0.00>
ST_1 : Operation 806 [1/1] (1.81ns)   --->   "%mult_1040 = sub i15 %sext_ln73_290, i15 %sext_ln73_291" [firmware/nnet_utils/nnet_mult.h:73->firmware/nnet_utils/nnet_dense_latency.h:42]   --->   Operation 806 'sub' 'mult_1040' <Predicate = true> <Delay = 1.81> <CoreInst = "Adder">   --->   Core 1 'Adder' <Latency = 0> <II = 1> <Delay = 1.81> <FuncUnit> <Opcode : 'add' 'sub'> <InPorts = 2> <OutPorts = 1>
ST_1 : Operation 807 [1/1] (0.00ns)   --->   "%sext_ln73_101 = sext i10 %data_23_val_read" [firmware/nnet_utils/nnet_mult.h:73->firmware/nnet_utils/nnet_dense_latency.h:42]   --->   Operation 807 'sext' 'sext_ln73_101' <Predicate = true> <Delay = 0.00>
ST_1 : Operation 808 [1/1] (0.00ns)   --->   "%sext_ln73_102 = sext i10 %data_23_val_read" [firmware/nnet_utils/nnet_mult.h:73->firmware/nnet_utils/nnet_dense_latency.h:42]   --->   Operation 808 'sext' 'sext_ln73_102' <Predicate = true> <Delay = 0.00>
ST_1 : Operation 809 [1/1] (0.00ns)   --->   "%sext_ln73_103 = sext i10 %data_23_val_read" [firmware/nnet_utils/nnet_mult.h:73->firmware/nnet_utils/nnet_dense_latency.h:42]   --->   Operation 809 'sext' 'sext_ln73_103' <Predicate = true> <Delay = 0.00>
ST_1 : Operation 810 [1/1] (0.00ns)   --->   "%sext_ln73_104 = sext i10 %data_23_val_read" [firmware/nnet_utils/nnet_mult.h:73->firmware/nnet_utils/nnet_dense_latency.h:42]   --->   Operation 810 'sext' 'sext_ln73_104' <Predicate = true> <Delay = 0.00>
ST_1 : Operation 811 [1/1] (0.00ns)   --->   "%sext_ln73_105 = sext i10 %data_23_val_read" [firmware/nnet_utils/nnet_mult.h:73->firmware/nnet_utils/nnet_dense_latency.h:42]   --->   Operation 811 'sext' 'sext_ln73_105' <Predicate = true> <Delay = 0.00>
ST_1 : Operation 812 [1/1] (0.00ns)   --->   "%tmp_764 = bitconcatenate i15 @_ssdm_op_BitConcatenate.i15.i10.i5, i10 %data_23_val_read, i5 0" [firmware/nnet_utils/nnet_mult.h:73->firmware/nnet_utils/nnet_dense_latency.h:42]   --->   Operation 812 'bitconcatenate' 'tmp_764' <Predicate = true> <Delay = 0.00>
ST_1 : Operation 813 [1/1] (0.00ns)   --->   "%sext_ln73_292 = sext i15 %tmp_764" [firmware/nnet_utils/nnet_mult.h:73->firmware/nnet_utils/nnet_dense_latency.h:42]   --->   Operation 813 'sext' 'sext_ln73_292' <Predicate = true> <Delay = 0.00>
ST_1 : Operation 814 [1/1] (0.00ns)   --->   "%tmp_765 = bitconcatenate i13 @_ssdm_op_BitConcatenate.i13.i10.i3, i10 %data_23_val_read, i3 0" [firmware/nnet_utils/nnet_mult.h:73->firmware/nnet_utils/nnet_dense_latency.h:42]   --->   Operation 814 'bitconcatenate' 'tmp_765' <Predicate = true> <Delay = 0.00>
ST_1 : Operation 815 [1/1] (0.00ns)   --->   "%sext_ln73_293 = sext i13 %tmp_765" [firmware/nnet_utils/nnet_mult.h:73->firmware/nnet_utils/nnet_dense_latency.h:42]   --->   Operation 815 'sext' 'sext_ln73_293' <Predicate = true> <Delay = 0.00>
ST_1 : Operation 816 [1/1] (1.94ns)   --->   "%sub_ln73_1073 = sub i16 %sext_ln73_292, i16 %sext_ln73_293" [firmware/nnet_utils/nnet_mult.h:73->firmware/nnet_utils/nnet_dense_latency.h:42]   --->   Operation 816 'sub' 'sub_ln73_1073' <Predicate = true> <Delay = 1.94> <CoreInst = "Adder">   --->   Core 1 'Adder' <Latency = 0> <II = 1> <Delay = 1.94> <FuncUnit> <Opcode : 'add' 'sub'> <InPorts = 2> <OutPorts = 1>
ST_1 : Operation 817 [1/1] (4.52ns)   --->   "%mult_1041 = mul i16 %sext_ln73_105, i16 29" [firmware/nnet_utils/nnet_mult.h:73->firmware/nnet_utils/nnet_dense_latency.h:42]   --->   Operation 817 'mul' 'mult_1041' <Predicate = true> <Delay = 4.52> <CoreInst = "Multiplier">   --->   Core 3 'Multiplier' <Latency = 0> <II = 1> <Delay = 4.52> <FuncUnit> <Opcode : 'mul'> <InPorts = 2> <OutPorts = 1>
ST_1 : Operation 818 [1/1] (0.00ns)   --->   "%sext_ln17_800 = sext i16 %mult_1041" [firmware/nnet_utils/nnet_dense_latency.h:17]   --->   Operation 818 'sext' 'sext_ln17_800' <Predicate = true> <Delay = 0.00>
ST_1 : Operation 819 [1/1] (4.52ns)   --->   "%mult_1042 = mul i17 %sext_ln73_104, i17 131033" [firmware/nnet_utils/nnet_mult.h:73->firmware/nnet_utils/nnet_dense_latency.h:42]   --->   Operation 819 'mul' 'mult_1042' <Predicate = true> <Delay = 4.52> <CoreInst = "Multiplier">   --->   Core 3 'Multiplier' <Latency = 0> <II = 1> <Delay = 4.52> <FuncUnit> <Opcode : 'mul'> <InPorts = 2> <OutPorts = 1>
ST_1 : Operation 820 [1/1] (1.73ns)   --->   "%mult_1043 = sub i11 0, i11 %sext_ln73_103" [firmware/nnet_utils/nnet_mult.h:73->firmware/nnet_utils/nnet_dense_latency.h:42]   --->   Operation 820 'sub' 'mult_1043' <Predicate = true> <Delay = 1.73> <CoreInst = "Adder">   --->   Core 1 'Adder' <Latency = 0> <II = 1> <Delay = 1.73> <FuncUnit> <Opcode : 'add' 'sub'> <InPorts = 2> <OutPorts = 1>
ST_1 : Operation 821 [1/1] (0.00ns)   --->   "%sext_ln17_801 = sext i11 %mult_1043" [firmware/nnet_utils/nnet_dense_latency.h:17]   --->   Operation 821 'sext' 'sext_ln17_801' <Predicate = true> <Delay = 0.00>
ST_1 : Operation 822 [1/1] (0.00ns)   --->   "%shl_ln = bitconcatenate i11 @_ssdm_op_BitConcatenate.i11.i10.i1, i10 %data_23_val_read, i1 0" [firmware/nnet_utils/nnet_mult.h:73->firmware/nnet_utils/nnet_dense_latency.h:42]   --->   Operation 822 'bitconcatenate' 'shl_ln' <Predicate = true> <Delay = 0.00>
ST_1 : Operation 823 [1/1] (4.52ns)   --->   "%mult_1044 = mul i16 %sext_ln73_105, i16 21" [firmware/nnet_utils/nnet_mult.h:73->firmware/nnet_utils/nnet_dense_latency.h:42]   --->   Operation 823 'mul' 'mult_1044' <Predicate = true> <Delay = 4.52> <CoreInst = "Multiplier">   --->   Core 3 'Multiplier' <Latency = 0> <II = 1> <Delay = 4.52> <FuncUnit> <Opcode : 'mul'> <InPorts = 2> <OutPorts = 1>
ST_1 : Operation 824 [1/1] (0.00ns)   --->   "%tmp_766 = bitconcatenate i12 @_ssdm_op_BitConcatenate.i12.i10.i2, i10 %data_23_val_read, i2 0" [firmware/nnet_utils/nnet_mult.h:73->firmware/nnet_utils/nnet_dense_latency.h:42]   --->   Operation 824 'bitconcatenate' 'tmp_766' <Predicate = true> <Delay = 0.00>
ST_1 : Operation 825 [1/1] (0.00ns)   --->   "%sext_ln73_294 = sext i12 %tmp_766" [firmware/nnet_utils/nnet_mult.h:73->firmware/nnet_utils/nnet_dense_latency.h:42]   --->   Operation 825 'sext' 'sext_ln73_294' <Predicate = true> <Delay = 0.00>
ST_1 : Operation 826 [1/1] (1.54ns)   --->   "%sub_ln73_1075 = sub i14 0, i14 %sext_ln73_294" [firmware/nnet_utils/nnet_mult.h:73->firmware/nnet_utils/nnet_dense_latency.h:42]   --->   Operation 826 'sub' 'sub_ln73_1075' <Predicate = true> <Delay = 1.54> <CoreInst = "Adder">   --->   Core 1 'Adder' <Latency = 0> <II = 1> <Delay = 1.54> <FuncUnit> <Opcode : 'add' 'sub'> <InPorts = 2> <OutPorts = 1>
ST_1 : Operation 827 [1/1] (0.00ns) (grouped into TernaryAdder)   --->   "%mult_1045 = sub i14 %sub_ln73_1075, i14 %sext_ln73_102" [firmware/nnet_utils/nnet_mult.h:73->firmware/nnet_utils/nnet_dense_latency.h:42]   --->   Operation 827 'sub' 'mult_1045' <Predicate = true> <Delay = 0.00> <CoreInst = "TAddSub">   --->   Core 10 'TAddSub' <Latency = 0> <II = 1> <Delay = 1.99> <IPBlock> <Opcode : '' 'add' 'sub'> <InPorts = 3> <OutPorts = 1> <Sync> <CReg>
ST_1 : Operation 828 [1/1] (0.00ns)   --->   "%sext_ln17_802 = sext i13 %tmp_765" [firmware/nnet_utils/nnet_dense_latency.h:17]   --->   Operation 828 'sext' 'sext_ln17_802' <Predicate = true> <Delay = 0.00>
ST_1 : Operation 829 [1/1] (0.00ns) (grouped into TernaryAdder)   --->   "%sub_ln17_29 = sub i14 0, i14 %sext_ln17_802" [firmware/nnet_utils/nnet_dense_latency.h:17]   --->   Operation 829 'sub' 'sub_ln17_29' <Predicate = true> <Delay = 0.00> <CoreInst = "TAddSub">   --->   Core 10 'TAddSub' <Latency = 0> <II = 1> <Delay = 1.99> <IPBlock> <Opcode : '' 'add' 'sub'> <InPorts = 3> <OutPorts = 1> <Sync> <CReg>
ST_1 : Operation 830 [1/1] (3.84ns) (root node of TernaryAdder)   --->   "%sub_ln17_30 = sub i14 %sub_ln17_29, i14 %sext_ln73_102" [firmware/nnet_utils/nnet_dense_latency.h:17]   --->   Operation 830 'sub' 'sub_ln17_30' <Predicate = true> <Delay = 3.84> <CoreInst = "TAddSub">   --->   Core 10 'TAddSub' <Latency = 0> <II = 1> <Delay = 1.99> <IPBlock> <Opcode : '' 'add' 'sub'> <InPorts = 3> <OutPorts = 1> <Sync> <CReg>
ST_1 : Operation 831 [1/1] (0.00ns) (grouped into TernaryAdder)   --->   "%mult_1046 = add i14 %sext_ln73_294, i14 %sext_ln73_102" [firmware/nnet_utils/nnet_mult.h:73->firmware/nnet_utils/nnet_dense_latency.h:42]   --->   Operation 831 'add' 'mult_1046' <Predicate = true> <Delay = 0.00> <CoreInst = "TAddSub">   --->   Core 10 'TAddSub' <Latency = 0> <II = 1> <Delay = 1.99> <IPBlock> <Opcode : '' 'add' 'sub'> <InPorts = 3> <OutPorts = 1> <Sync> <CReg>
ST_1 : Operation 832 [1/1] (0.00ns)   --->   "%tmp_767 = bitconcatenate i14 @_ssdm_op_BitConcatenate.i14.i10.i4, i10 %data_23_val_read, i4 0" [firmware/nnet_utils/nnet_mult.h:73->firmware/nnet_utils/nnet_dense_latency.h:42]   --->   Operation 832 'bitconcatenate' 'tmp_767' <Predicate = true> <Delay = 0.00>
ST_1 : Operation 833 [1/1] (0.00ns)   --->   "%sext_ln73_295 = sext i14 %tmp_767" [firmware/nnet_utils/nnet_mult.h:73->firmware/nnet_utils/nnet_dense_latency.h:42]   --->   Operation 833 'sext' 'sext_ln73_295' <Predicate = true> <Delay = 0.00>
ST_1 : Operation 834 [1/1] (1.81ns)   --->   "%sub_ln73_1077 = sub i15 %sext_ln73_295, i15 %sext_ln73_101" [firmware/nnet_utils/nnet_mult.h:73->firmware/nnet_utils/nnet_dense_latency.h:42]   --->   Operation 834 'sub' 'sub_ln73_1077' <Predicate = true> <Delay = 1.81> <CoreInst = "Adder">   --->   Core 1 'Adder' <Latency = 0> <II = 1> <Delay = 1.81> <FuncUnit> <Opcode : 'add' 'sub'> <InPorts = 2> <OutPorts = 1>
ST_1 : Operation 835 [1/1] (0.00ns) (grouped into TernaryAdder)   --->   "%mult_1047 = sub i16 %sext_ln73_105, i16 %sext_ln73_292" [firmware/nnet_utils/nnet_mult.h:73->firmware/nnet_utils/nnet_dense_latency.h:42]   --->   Operation 835 'sub' 'mult_1047' <Predicate = true> <Delay = 0.00> <CoreInst = "TAddSub">   --->   Core 10 'TAddSub' <Latency = 0> <II = 1> <Delay = 1.99> <IPBlock> <Opcode : '' 'add' 'sub'> <InPorts = 3> <OutPorts = 1> <Sync> <CReg>
ST_1 : Operation 836 [1/1] (0.00ns) (grouped into TernaryAdder)   --->   "%mult_1048 = sub i14 %sext_ln17_802, i14 %sext_ln73_102" [firmware/nnet_utils/nnet_mult.h:73->firmware/nnet_utils/nnet_dense_latency.h:42]   --->   Operation 836 'sub' 'mult_1048' <Predicate = true> <Delay = 0.00> <CoreInst = "TAddSub">   --->   Core 10 'TAddSub' <Latency = 0> <II = 1> <Delay = 1.99> <IPBlock> <Opcode : '' 'add' 'sub'> <InPorts = 3> <OutPorts = 1> <Sync> <CReg>
ST_1 : Operation 837 [1/1] (0.00ns)   --->   "%sext_ln73_296 = sext i11 %shl_ln" [firmware/nnet_utils/nnet_mult.h:73->firmware/nnet_utils/nnet_dense_latency.h:42]   --->   Operation 837 'sext' 'sext_ln73_296' <Predicate = true> <Delay = 0.00>
ST_1 : Operation 838 [1/1] (0.00ns) (grouped into TernaryAdder)   --->   "%mult_1049 = sub i16 %sext_ln73_292, i16 %sext_ln73_296" [firmware/nnet_utils/nnet_mult.h:73->firmware/nnet_utils/nnet_dense_latency.h:42]   --->   Operation 838 'sub' 'mult_1049' <Predicate = true> <Delay = 0.00> <CoreInst = "TAddSub">   --->   Core 10 'TAddSub' <Latency = 0> <II = 1> <Delay = 1.99> <IPBlock> <Opcode : '' 'add' 'sub'> <InPorts = 3> <OutPorts = 1> <Sync> <CReg>
ST_1 : Operation 839 [1/1] (0.00ns)   --->   "%sext_ln73_106 = sext i10 %data_24_val_read" [firmware/nnet_utils/nnet_mult.h:73->firmware/nnet_utils/nnet_dense_latency.h:42]   --->   Operation 839 'sext' 'sext_ln73_106' <Predicate = true> <Delay = 0.00>
ST_1 : Operation 840 [1/1] (0.00ns)   --->   "%sext_ln73_107 = sext i10 %data_24_val_read" [firmware/nnet_utils/nnet_mult.h:73->firmware/nnet_utils/nnet_dense_latency.h:42]   --->   Operation 840 'sext' 'sext_ln73_107' <Predicate = true> <Delay = 0.00>
ST_1 : Operation 841 [1/1] (0.00ns)   --->   "%sext_ln73_108 = sext i10 %data_24_val_read" [firmware/nnet_utils/nnet_mult.h:73->firmware/nnet_utils/nnet_dense_latency.h:42]   --->   Operation 841 'sext' 'sext_ln73_108' <Predicate = true> <Delay = 0.00>
ST_1 : Operation 842 [1/1] (4.52ns)   --->   "%mult_1050 = mul i15 %sext_ln73_108, i15 32755" [firmware/nnet_utils/nnet_mult.h:73->firmware/nnet_utils/nnet_dense_latency.h:42]   --->   Operation 842 'mul' 'mult_1050' <Predicate = true> <Delay = 4.52> <CoreInst = "Multiplier">   --->   Core 3 'Multiplier' <Latency = 0> <II = 1> <Delay = 4.52> <FuncUnit> <Opcode : 'mul'> <InPorts = 2> <OutPorts = 1>
ST_1 : Operation 843 [1/1] (0.00ns)   --->   "%tmp_768 = bitconcatenate i13 @_ssdm_op_BitConcatenate.i13.i10.i3, i10 %data_24_val_read, i3 0" [firmware/nnet_utils/nnet_mult.h:73->firmware/nnet_utils/nnet_dense_latency.h:42]   --->   Operation 843 'bitconcatenate' 'tmp_768' <Predicate = true> <Delay = 0.00>
ST_1 : Operation 844 [1/1] (0.00ns)   --->   "%sext_ln73_297 = sext i13 %tmp_768" [firmware/nnet_utils/nnet_mult.h:73->firmware/nnet_utils/nnet_dense_latency.h:42]   --->   Operation 844 'sext' 'sext_ln73_297' <Predicate = true> <Delay = 0.00>
ST_1 : Operation 845 [1/1] (1.67ns)   --->   "%sub_ln73_1081 = sub i14 %sext_ln73_107, i14 %sext_ln73_297" [firmware/nnet_utils/nnet_mult.h:73->firmware/nnet_utils/nnet_dense_latency.h:42]   --->   Operation 845 'sub' 'sub_ln73_1081' <Predicate = true> <Delay = 1.67> <CoreInst = "Adder">   --->   Core 1 'Adder' <Latency = 0> <II = 1> <Delay = 1.67> <FuncUnit> <Opcode : 'add' 'sub'> <InPorts = 2> <OutPorts = 1>
ST_1 : Operation 846 [1/1] (4.52ns)   --->   "%mul_ln73_336 = mul i16 %sext_ln73_106, i16 23" [firmware/nnet_utils/nnet_mult.h:73->firmware/nnet_utils/nnet_dense_latency.h:42]   --->   Operation 846 'mul' 'mul_ln73_336' <Predicate = true> <Delay = 4.52> <CoreInst = "Multiplier">   --->   Core 3 'Multiplier' <Latency = 0> <II = 1> <Delay = 4.52> <FuncUnit> <Opcode : 'mul'> <InPorts = 2> <OutPorts = 1>
ST_1 : Operation 847 [1/1] (4.52ns)   --->   "%mult_1051 = mul i16 %sext_ln73_106, i16 65514" [firmware/nnet_utils/nnet_mult.h:73->firmware/nnet_utils/nnet_dense_latency.h:42]   --->   Operation 847 'mul' 'mult_1051' <Predicate = true> <Delay = 4.52> <CoreInst = "Multiplier">   --->   Core 3 'Multiplier' <Latency = 0> <II = 1> <Delay = 4.52> <FuncUnit> <Opcode : 'mul'> <InPorts = 2> <OutPorts = 1>
ST_1 : Operation 848 [1/1] (0.00ns)   --->   "%sext_ln17_803 = sext i16 %mult_1051" [firmware/nnet_utils/nnet_dense_latency.h:17]   --->   Operation 848 'sext' 'sext_ln17_803' <Predicate = true> <Delay = 0.00>
ST_1 : Operation 849 [1/1] (4.52ns)   --->   "%mult_1052 = mul i15 %sext_ln73_108, i15 32757" [firmware/nnet_utils/nnet_mult.h:73->firmware/nnet_utils/nnet_dense_latency.h:42]   --->   Operation 849 'mul' 'mult_1052' <Predicate = true> <Delay = 4.52> <CoreInst = "Multiplier">   --->   Core 3 'Multiplier' <Latency = 0> <II = 1> <Delay = 4.52> <FuncUnit> <Opcode : 'mul'> <InPorts = 2> <OutPorts = 1>
ST_1 : Operation 850 [1/1] (0.00ns)   --->   "%tmp_769 = bitconcatenate i11 @_ssdm_op_BitConcatenate.i11.i10.i1, i10 %data_24_val_read, i1 0" [firmware/nnet_utils/nnet_mult.h:73->firmware/nnet_utils/nnet_dense_latency.h:42]   --->   Operation 850 'bitconcatenate' 'tmp_769' <Predicate = true> <Delay = 0.00>
ST_1 : Operation 851 [1/1] (0.00ns)   --->   "%sext_ln73_298 = sext i11 %tmp_769" [firmware/nnet_utils/nnet_mult.h:73->firmware/nnet_utils/nnet_dense_latency.h:42]   --->   Operation 851 'sext' 'sext_ln73_298' <Predicate = true> <Delay = 0.00>
ST_1 : Operation 852 [1/1] (1.67ns)   --->   "%mult_1053 = sub i14 %sext_ln73_298, i14 %sext_ln73_297" [firmware/nnet_utils/nnet_mult.h:73->firmware/nnet_utils/nnet_dense_latency.h:42]   --->   Operation 852 'sub' 'mult_1053' <Predicate = true> <Delay = 1.67> <CoreInst = "Adder">   --->   Core 1 'Adder' <Latency = 0> <II = 1> <Delay = 1.67> <FuncUnit> <Opcode : 'add' 'sub'> <InPorts = 2> <OutPorts = 1>
ST_1 : Operation 853 [1/1] (0.00ns)   --->   "%sext_ln17_804 = sext i14 %mult_1053" [firmware/nnet_utils/nnet_dense_latency.h:17]   --->   Operation 853 'sext' 'sext_ln17_804' <Predicate = true> <Delay = 0.00>
ST_1 : Operation 854 [1/1] (0.00ns)   --->   "%tmp_770 = bitconcatenate i15 @_ssdm_op_BitConcatenate.i15.i10.i5, i10 %data_24_val_read, i5 0" [firmware/nnet_utils/nnet_mult.h:73->firmware/nnet_utils/nnet_dense_latency.h:42]   --->   Operation 854 'bitconcatenate' 'tmp_770' <Predicate = true> <Delay = 0.00>
ST_1 : Operation 855 [1/1] (0.00ns)   --->   "%sext_ln73_299 = sext i15 %tmp_770" [firmware/nnet_utils/nnet_mult.h:73->firmware/nnet_utils/nnet_dense_latency.h:42]   --->   Operation 855 'sext' 'sext_ln73_299' <Predicate = true> <Delay = 0.00>
ST_1 : Operation 856 [1/1] (0.00ns)   --->   "%sext_ln73_300 = sext i11 %tmp_769" [firmware/nnet_utils/nnet_mult.h:73->firmware/nnet_utils/nnet_dense_latency.h:42]   --->   Operation 856 'sext' 'sext_ln73_300' <Predicate = true> <Delay = 0.00>
ST_1 : Operation 857 [1/1] (0.00ns) (grouped into TernaryAdder)   --->   "%mult_1054 = sub i16 %sext_ln73_299, i16 %sext_ln73_300" [firmware/nnet_utils/nnet_mult.h:73->firmware/nnet_utils/nnet_dense_latency.h:42]   --->   Operation 857 'sub' 'mult_1054' <Predicate = true> <Delay = 0.00> <CoreInst = "TAddSub">   --->   Core 10 'TAddSub' <Latency = 0> <II = 1> <Delay = 1.99> <IPBlock> <Opcode : '' 'add' 'sub'> <InPorts = 3> <OutPorts = 1> <Sync> <CReg>
ST_1 : Operation 858 [1/1] (0.00ns)   --->   "%tmp_771 = bitconcatenate i14 @_ssdm_op_BitConcatenate.i14.i10.i4, i10 %data_24_val_read, i4 0" [firmware/nnet_utils/nnet_mult.h:73->firmware/nnet_utils/nnet_dense_latency.h:42]   --->   Operation 858 'bitconcatenate' 'tmp_771' <Predicate = true> <Delay = 0.00>
ST_1 : Operation 859 [1/1] (0.00ns)   --->   "%sext_ln73_301 = sext i14 %tmp_771" [firmware/nnet_utils/nnet_mult.h:73->firmware/nnet_utils/nnet_dense_latency.h:42]   --->   Operation 859 'sext' 'sext_ln73_301' <Predicate = true> <Delay = 0.00>
ST_1 : Operation 860 [1/1] (0.00ns)   --->   "%sext_ln73_302 = sext i11 %tmp_769" [firmware/nnet_utils/nnet_mult.h:73->firmware/nnet_utils/nnet_dense_latency.h:42]   --->   Operation 860 'sext' 'sext_ln73_302' <Predicate = true> <Delay = 0.00>
ST_1 : Operation 861 [1/1] (1.81ns)   --->   "%mult_1055 = sub i15 %sext_ln73_302, i15 %sext_ln73_301" [firmware/nnet_utils/nnet_mult.h:73->firmware/nnet_utils/nnet_dense_latency.h:42]   --->   Operation 861 'sub' 'mult_1055' <Predicate = true> <Delay = 1.81> <CoreInst = "Adder">   --->   Core 1 'Adder' <Latency = 0> <II = 1> <Delay = 1.81> <FuncUnit> <Opcode : 'add' 'sub'> <InPorts = 2> <OutPorts = 1>
ST_1 : Operation 862 [1/1] (0.00ns) (grouped into TernaryAdder)   --->   "%mult_1056 = sub i15 %sext_ln73_301, i15 %sext_ln73_108" [firmware/nnet_utils/nnet_mult.h:73->firmware/nnet_utils/nnet_dense_latency.h:42]   --->   Operation 862 'sub' 'mult_1056' <Predicate = true> <Delay = 0.00> <CoreInst = "TAddSub">   --->   Core 10 'TAddSub' <Latency = 0> <II = 1> <Delay = 1.99> <IPBlock> <Opcode : '' 'add' 'sub'> <InPorts = 3> <OutPorts = 1> <Sync> <CReg>
ST_1 : Operation 863 [1/1] (4.52ns)   --->   "%mult_1057 = mul i16 %sext_ln73_106, i16 65510" [firmware/nnet_utils/nnet_mult.h:73->firmware/nnet_utils/nnet_dense_latency.h:42]   --->   Operation 863 'mul' 'mult_1057' <Predicate = true> <Delay = 4.52> <CoreInst = "Multiplier">   --->   Core 3 'Multiplier' <Latency = 0> <II = 1> <Delay = 4.52> <FuncUnit> <Opcode : 'mul'> <InPorts = 2> <OutPorts = 1>
ST_1 : Operation 864 [1/1] (0.00ns)   --->   "%sext_ln73_303 = sext i13 %tmp_768" [firmware/nnet_utils/nnet_mult.h:73->firmware/nnet_utils/nnet_dense_latency.h:42]   --->   Operation 864 'sext' 'sext_ln73_303' <Predicate = true> <Delay = 0.00>
ST_1 : Operation 865 [1/1] (0.00ns) (grouped into TernaryAdder)   --->   "%mult_1058 = add i15 %sext_ln73_303, i15 %sext_ln73_108" [firmware/nnet_utils/nnet_mult.h:73->firmware/nnet_utils/nnet_dense_latency.h:42]   --->   Operation 865 'add' 'mult_1058' <Predicate = true> <Delay = 0.00> <CoreInst = "TAddSub">   --->   Core 10 'TAddSub' <Latency = 0> <II = 1> <Delay = 1.99> <IPBlock> <Opcode : '' 'add' 'sub'> <InPorts = 3> <OutPorts = 1> <Sync> <CReg>
ST_1 : Operation 866 [1/1] (1.67ns)   --->   "%mult_1059 = sub i14 %sext_ln73_297, i14 %sext_ln73_107" [firmware/nnet_utils/nnet_mult.h:73->firmware/nnet_utils/nnet_dense_latency.h:42]   --->   Operation 866 'sub' 'mult_1059' <Predicate = true> <Delay = 1.67> <CoreInst = "Adder">   --->   Core 1 'Adder' <Latency = 0> <II = 1> <Delay = 1.67> <FuncUnit> <Opcode : 'add' 'sub'> <InPorts = 2> <OutPorts = 1>
ST_1 : Operation 867 [1/1] (0.00ns)   --->   "%sext_ln73_304 = sext i14 %tmp_771" [firmware/nnet_utils/nnet_mult.h:73->firmware/nnet_utils/nnet_dense_latency.h:42]   --->   Operation 867 'sext' 'sext_ln73_304' <Predicate = true> <Delay = 0.00>
ST_1 : Operation 868 [1/1] (0.00ns) (grouped into TernaryAdder)   --->   "%sub_ln73_1087 = sub i16 0, i16 %sext_ln73_304" [firmware/nnet_utils/nnet_mult.h:73->firmware/nnet_utils/nnet_dense_latency.h:42]   --->   Operation 868 'sub' 'sub_ln73_1087' <Predicate = true> <Delay = 0.00> <CoreInst = "TAddSub">   --->   Core 10 'TAddSub' <Latency = 0> <II = 1> <Delay = 1.99> <IPBlock> <Opcode : '' 'add' 'sub'> <InPorts = 3> <OutPorts = 1> <Sync> <CReg>
ST_1 : Operation 869 [1/1] (3.90ns) (root node of TernaryAdder)   --->   "%mult_1060 = sub i16 %sub_ln73_1087, i16 %sext_ln73_106" [firmware/nnet_utils/nnet_mult.h:73->firmware/nnet_utils/nnet_dense_latency.h:42]   --->   Operation 869 'sub' 'mult_1060' <Predicate = true> <Delay = 3.90> <CoreInst = "TAddSub">   --->   Core 10 'TAddSub' <Latency = 0> <II = 1> <Delay = 1.99> <IPBlock> <Opcode : '' 'add' 'sub'> <InPorts = 3> <OutPorts = 1> <Sync> <CReg>
ST_1 : Operation 870 [1/1] (0.00ns)   --->   "%sext_ln73_109 = sext i10 %data_25_val_read" [firmware/nnet_utils/nnet_mult.h:73->firmware/nnet_utils/nnet_dense_latency.h:42]   --->   Operation 870 'sext' 'sext_ln73_109' <Predicate = true> <Delay = 0.00>
ST_1 : Operation 871 [1/1] (0.00ns)   --->   "%sext_ln73_110 = sext i10 %data_25_val_read" [firmware/nnet_utils/nnet_mult.h:73->firmware/nnet_utils/nnet_dense_latency.h:42]   --->   Operation 871 'sext' 'sext_ln73_110' <Predicate = true> <Delay = 0.00>
ST_1 : Operation 872 [1/1] (0.00ns)   --->   "%sext_ln73_111 = sext i10 %data_25_val_read" [firmware/nnet_utils/nnet_mult.h:73->firmware/nnet_utils/nnet_dense_latency.h:42]   --->   Operation 872 'sext' 'sext_ln73_111' <Predicate = true> <Delay = 0.00>
ST_1 : Operation 873 [1/1] (0.00ns)   --->   "%sext_ln73_112 = sext i10 %data_25_val_read" [firmware/nnet_utils/nnet_mult.h:73->firmware/nnet_utils/nnet_dense_latency.h:42]   --->   Operation 873 'sext' 'sext_ln73_112' <Predicate = true> <Delay = 0.00>
ST_1 : Operation 874 [1/1] (0.00ns)   --->   "%sext_ln73_305 = sext i10 %data_25_val_read" [firmware/nnet_utils/nnet_mult.h:73->firmware/nnet_utils/nnet_dense_latency.h:42]   --->   Operation 874 'sext' 'sext_ln73_305' <Predicate = true> <Delay = 0.00>
ST_1 : Operation 875 [1/1] (0.00ns)   --->   "%tmp_772 = bitconcatenate i14 @_ssdm_op_BitConcatenate.i14.i10.i4, i10 %data_25_val_read, i4 0" [firmware/nnet_utils/nnet_mult.h:73->firmware/nnet_utils/nnet_dense_latency.h:42]   --->   Operation 875 'bitconcatenate' 'tmp_772' <Predicate = true> <Delay = 0.00>
ST_1 : Operation 876 [1/1] (0.00ns)   --->   "%sext_ln73_306 = sext i14 %tmp_772" [firmware/nnet_utils/nnet_mult.h:73->firmware/nnet_utils/nnet_dense_latency.h:42]   --->   Operation 876 'sext' 'sext_ln73_306' <Predicate = true> <Delay = 0.00>
ST_1 : Operation 877 [1/1] (0.00ns)   --->   "%tmp_773 = bitconcatenate i11 @_ssdm_op_BitConcatenate.i11.i10.i1, i10 %data_25_val_read, i1 0" [firmware/nnet_utils/nnet_mult.h:73->firmware/nnet_utils/nnet_dense_latency.h:42]   --->   Operation 877 'bitconcatenate' 'tmp_773' <Predicate = true> <Delay = 0.00>
ST_1 : Operation 878 [1/1] (0.00ns)   --->   "%sext_ln73_307 = sext i11 %tmp_773" [firmware/nnet_utils/nnet_mult.h:73->firmware/nnet_utils/nnet_dense_latency.h:42]   --->   Operation 878 'sext' 'sext_ln73_307' <Predicate = true> <Delay = 0.00>
ST_1 : Operation 879 [1/1] (0.00ns) (grouped into TernaryAdder)   --->   "%mult_1061 = add i16 %sext_ln73_306, i16 %sext_ln73_307" [firmware/nnet_utils/nnet_mult.h:73->firmware/nnet_utils/nnet_dense_latency.h:42]   --->   Operation 879 'add' 'mult_1061' <Predicate = true> <Delay = 0.00> <CoreInst = "TAddSub">   --->   Core 10 'TAddSub' <Latency = 0> <II = 1> <Delay = 1.99> <IPBlock> <Opcode : '' 'add' 'sub'> <InPorts = 3> <OutPorts = 1> <Sync> <CReg>
ST_1 : Operation 880 [1/1] (0.00ns)   --->   "%tmp_774 = bitconcatenate i12 @_ssdm_op_BitConcatenate.i12.i10.i2, i10 %data_25_val_read, i2 0" [firmware/nnet_utils/nnet_mult.h:73->firmware/nnet_utils/nnet_dense_latency.h:42]   --->   Operation 880 'bitconcatenate' 'tmp_774' <Predicate = true> <Delay = 0.00>
ST_1 : Operation 881 [1/1] (0.00ns)   --->   "%sext_ln73_308 = sext i12 %tmp_774" [firmware/nnet_utils/nnet_mult.h:73->firmware/nnet_utils/nnet_dense_latency.h:42]   --->   Operation 881 'sext' 'sext_ln73_308' <Predicate = true> <Delay = 0.00>
ST_1 : Operation 882 [1/1] (0.00ns) (grouped into TernaryAdder)   --->   "%sub_ln73_1089 = sub i14 0, i14 %sext_ln73_308" [firmware/nnet_utils/nnet_mult.h:73->firmware/nnet_utils/nnet_dense_latency.h:42]   --->   Operation 882 'sub' 'sub_ln73_1089' <Predicate = true> <Delay = 0.00> <CoreInst = "TAddSub">   --->   Core 10 'TAddSub' <Latency = 0> <II = 1> <Delay = 1.99> <IPBlock> <Opcode : '' 'add' 'sub'> <InPorts = 3> <OutPorts = 1> <Sync> <CReg>
ST_1 : Operation 883 [1/1] (3.84ns) (root node of TernaryAdder)   --->   "%mult_1062 = sub i14 %sub_ln73_1089, i14 %sext_ln73_111" [firmware/nnet_utils/nnet_mult.h:73->firmware/nnet_utils/nnet_dense_latency.h:42]   --->   Operation 883 'sub' 'mult_1062' <Predicate = true> <Delay = 3.84> <CoreInst = "TAddSub">   --->   Core 10 'TAddSub' <Latency = 0> <II = 1> <Delay = 1.99> <IPBlock> <Opcode : '' 'add' 'sub'> <InPorts = 3> <OutPorts = 1> <Sync> <CReg>
ST_1 : Operation 884 [1/1] (0.00ns)   --->   "%sext_ln17_805 = sext i14 %mult_1062" [firmware/nnet_utils/nnet_dense_latency.h:17]   --->   Operation 884 'sext' 'sext_ln17_805' <Predicate = true> <Delay = 0.00>
ST_1 : Operation 885 [1/1] (0.00ns)   --->   "%sext_ln73_309 = sext i14 %tmp_772" [firmware/nnet_utils/nnet_mult.h:73->firmware/nnet_utils/nnet_dense_latency.h:42]   --->   Operation 885 'sext' 'sext_ln73_309' <Predicate = true> <Delay = 0.00>
ST_1 : Operation 886 [1/1] (0.00ns)   --->   "%sext_ln73_310 = sext i11 %tmp_773" [firmware/nnet_utils/nnet_mult.h:73->firmware/nnet_utils/nnet_dense_latency.h:42]   --->   Operation 886 'sext' 'sext_ln73_310' <Predicate = true> <Delay = 0.00>
ST_1 : Operation 887 [1/1] (1.81ns)   --->   "%mult_1063 = sub i15 %sext_ln73_309, i15 %sext_ln73_310" [firmware/nnet_utils/nnet_mult.h:73->firmware/nnet_utils/nnet_dense_latency.h:42]   --->   Operation 887 'sub' 'mult_1063' <Predicate = true> <Delay = 1.81> <CoreInst = "Adder">   --->   Core 1 'Adder' <Latency = 0> <II = 1> <Delay = 1.81> <FuncUnit> <Opcode : 'add' 'sub'> <InPorts = 2> <OutPorts = 1>
ST_1 : Operation 888 [1/1] (0.00ns)   --->   "%sext_ln73_311 = sext i12 %tmp_774" [firmware/nnet_utils/nnet_mult.h:73->firmware/nnet_utils/nnet_dense_latency.h:42]   --->   Operation 888 'sext' 'sext_ln73_311' <Predicate = true> <Delay = 0.00>
ST_1 : Operation 889 [1/1] (1.54ns)   --->   "%mult_1064 = sub i13 0, i13 %sext_ln73_311" [firmware/nnet_utils/nnet_mult.h:73->firmware/nnet_utils/nnet_dense_latency.h:42]   --->   Operation 889 'sub' 'mult_1064' <Predicate = true> <Delay = 1.54> <CoreInst = "Adder">   --->   Core 1 'Adder' <Latency = 0> <II = 1> <Delay = 1.54> <FuncUnit> <Opcode : 'add' 'sub'> <InPorts = 2> <OutPorts = 1>
ST_1 : Operation 890 [1/1] (0.00ns)   --->   "%sext_ln17_806 = sext i13 %mult_1064" [firmware/nnet_utils/nnet_dense_latency.h:17]   --->   Operation 890 'sext' 'sext_ln17_806' <Predicate = true> <Delay = 0.00>
ST_1 : Operation 891 [1/1] (0.00ns)   --->   "%tmp_775 = bitconcatenate i13 @_ssdm_op_BitConcatenate.i13.i10.i3, i10 %data_25_val_read, i3 0" [firmware/nnet_utils/nnet_mult.h:73->firmware/nnet_utils/nnet_dense_latency.h:42]   --->   Operation 891 'bitconcatenate' 'tmp_775' <Predicate = true> <Delay = 0.00>
ST_1 : Operation 892 [1/1] (0.00ns)   --->   "%sext_ln73_312 = sext i13 %tmp_775" [firmware/nnet_utils/nnet_mult.h:73->firmware/nnet_utils/nnet_dense_latency.h:42]   --->   Operation 892 'sext' 'sext_ln73_312' <Predicate = true> <Delay = 0.00>
ST_1 : Operation 893 [1/1] (0.00ns) (grouped into TernaryAdder)   --->   "%mult_1065 = sub i14 %sext_ln73_111, i14 %sext_ln73_312" [firmware/nnet_utils/nnet_mult.h:73->firmware/nnet_utils/nnet_dense_latency.h:42]   --->   Operation 893 'sub' 'mult_1065' <Predicate = true> <Delay = 0.00> <CoreInst = "TAddSub">   --->   Core 10 'TAddSub' <Latency = 0> <II = 1> <Delay = 1.99> <IPBlock> <Opcode : '' 'add' 'sub'> <InPorts = 3> <OutPorts = 1> <Sync> <CReg>
ST_1 : Operation 894 [1/1] (1.54ns)   --->   "%mult_1066 = sub i13 %sext_ln73_311, i13 %sext_ln73_109" [firmware/nnet_utils/nnet_mult.h:73->firmware/nnet_utils/nnet_dense_latency.h:42]   --->   Operation 894 'sub' 'mult_1066' <Predicate = true> <Delay = 1.54> <CoreInst = "Adder">   --->   Core 1 'Adder' <Latency = 0> <II = 1> <Delay = 1.54> <FuncUnit> <Opcode : 'add' 'sub'> <InPorts = 2> <OutPorts = 1>
ST_1 : Operation 895 [1/1] (0.00ns)   --->   "%sext_ln17_807 = sext i13 %mult_1066" [firmware/nnet_utils/nnet_dense_latency.h:17]   --->   Operation 895 'sext' 'sext_ln17_807' <Predicate = true> <Delay = 0.00>
ST_1 : Operation 896 [1/1] (4.52ns)   --->   "%mult_1067 = mul i16 %sext_ln73_112, i16 21" [firmware/nnet_utils/nnet_mult.h:73->firmware/nnet_utils/nnet_dense_latency.h:42]   --->   Operation 896 'mul' 'mult_1067' <Predicate = true> <Delay = 4.52> <CoreInst = "Multiplier">   --->   Core 3 'Multiplier' <Latency = 0> <II = 1> <Delay = 4.52> <FuncUnit> <Opcode : 'mul'> <InPorts = 2> <OutPorts = 1>
ST_1 : Operation 897 [1/1] (0.00ns)   --->   "%sext_ln17_808 = sext i11 %tmp_773" [firmware/nnet_utils/nnet_dense_latency.h:17]   --->   Operation 897 'sext' 'sext_ln17_808' <Predicate = true> <Delay = 0.00>
ST_1 : Operation 898 [1/1] (0.00ns) (grouped into TernaryAdder)   --->   "%sub_ln17_31 = sub i13 %tmp_775, i13 %sext_ln17_808" [firmware/nnet_utils/nnet_dense_latency.h:17]   --->   Operation 898 'sub' 'sub_ln17_31' <Predicate = true> <Delay = 0.00> <CoreInst = "TAddSub">   --->   Core 10 'TAddSub' <Latency = 0> <II = 1> <Delay = 1.99> <IPBlock> <Opcode : '' 'add' 'sub'> <InPorts = 3> <OutPorts = 1> <Sync> <CReg>
ST_1 : Operation 899 [1/1] (0.00ns) (grouped into TernaryAdder)   --->   "%mult_1068 = add i16 %sext_ln73_306, i16 %sext_ln73_112" [firmware/nnet_utils/nnet_mult.h:73->firmware/nnet_utils/nnet_dense_latency.h:42]   --->   Operation 899 'add' 'mult_1068' <Predicate = true> <Delay = 0.00> <CoreInst = "TAddSub">   --->   Core 10 'TAddSub' <Latency = 0> <II = 1> <Delay = 1.99> <IPBlock> <Opcode : '' 'add' 'sub'> <InPorts = 3> <OutPorts = 1> <Sync> <CReg>
ST_1 : Operation 900 [1/1] (4.52ns)   --->   "%mult_1069 = mul i16 %sext_ln73_112, i16 26" [firmware/nnet_utils/nnet_mult.h:73->firmware/nnet_utils/nnet_dense_latency.h:42]   --->   Operation 900 'mul' 'mult_1069' <Predicate = true> <Delay = 4.52> <CoreInst = "Multiplier">   --->   Core 3 'Multiplier' <Latency = 0> <II = 1> <Delay = 4.52> <FuncUnit> <Opcode : 'mul'> <InPorts = 2> <OutPorts = 1>
ST_1 : Operation 901 [1/1] (4.52ns)   --->   "%mult_1070 = mul i15 %sext_ln73_110, i15 13" [firmware/nnet_utils/nnet_mult.h:73->firmware/nnet_utils/nnet_dense_latency.h:42]   --->   Operation 901 'mul' 'mult_1070' <Predicate = true> <Delay = 4.52> <CoreInst = "Multiplier">   --->   Core 3 'Multiplier' <Latency = 0> <II = 1> <Delay = 4.52> <FuncUnit> <Opcode : 'mul'> <InPorts = 2> <OutPorts = 1>
ST_1 : Operation 902 [1/1] (0.00ns)   --->   "%sext_ln73_313 = sext i12 %tmp_774" [firmware/nnet_utils/nnet_mult.h:73->firmware/nnet_utils/nnet_dense_latency.h:42]   --->   Operation 902 'sext' 'sext_ln73_313' <Predicate = true> <Delay = 0.00>
ST_1 : Operation 903 [1/1] (0.00ns) (grouped into TernaryAdder)   --->   "%mult_1071 = sub i15 %sext_ln73_309, i15 %sext_ln73_313" [firmware/nnet_utils/nnet_mult.h:73->firmware/nnet_utils/nnet_dense_latency.h:42]   --->   Operation 903 'sub' 'mult_1071' <Predicate = true> <Delay = 0.00> <CoreInst = "TAddSub">   --->   Core 10 'TAddSub' <Latency = 0> <II = 1> <Delay = 1.99> <IPBlock> <Opcode : '' 'add' 'sub'> <InPorts = 3> <OutPorts = 1> <Sync> <CReg>
ST_1 : Operation 904 [1/1] (0.00ns)   --->   "%tmp_776 = bitconcatenate i15 @_ssdm_op_BitConcatenate.i15.i10.i5, i10 %data_25_val_read, i5 0" [firmware/nnet_utils/nnet_mult.h:73->firmware/nnet_utils/nnet_dense_latency.h:42]   --->   Operation 904 'bitconcatenate' 'tmp_776' <Predicate = true> <Delay = 0.00>
ST_1 : Operation 905 [1/1] (0.00ns)   --->   "%sext_ln73_314 = sext i15 %tmp_776" [firmware/nnet_utils/nnet_mult.h:73->firmware/nnet_utils/nnet_dense_latency.h:42]   --->   Operation 905 'sext' 'sext_ln73_314' <Predicate = true> <Delay = 0.00>
ST_1 : Operation 906 [1/1] (0.00ns)   --->   "%sext_ln73_315 = sext i13 %tmp_775" [firmware/nnet_utils/nnet_mult.h:73->firmware/nnet_utils/nnet_dense_latency.h:42]   --->   Operation 906 'sext' 'sext_ln73_315' <Predicate = true> <Delay = 0.00>
ST_1 : Operation 907 [1/1] (0.00ns) (grouped into TernaryAdder)   --->   "%mult_1072 = sub i16 %sext_ln73_314, i16 %sext_ln73_315" [firmware/nnet_utils/nnet_mult.h:73->firmware/nnet_utils/nnet_dense_latency.h:42]   --->   Operation 907 'sub' 'mult_1072' <Predicate = true> <Delay = 0.00> <CoreInst = "TAddSub">   --->   Core 10 'TAddSub' <Latency = 0> <II = 1> <Delay = 1.99> <IPBlock> <Opcode : '' 'add' 'sub'> <InPorts = 3> <OutPorts = 1> <Sync> <CReg>
ST_1 : Operation 908 [1/1] (0.00ns)   --->   "%sext_ln73_113 = sext i10 %data_26_val_read" [firmware/nnet_utils/nnet_mult.h:73->firmware/nnet_utils/nnet_dense_latency.h:42]   --->   Operation 908 'sext' 'sext_ln73_113' <Predicate = true> <Delay = 0.00>
ST_1 : Operation 909 [1/1] (0.00ns)   --->   "%sext_ln73_114 = sext i10 %data_26_val_read" [firmware/nnet_utils/nnet_mult.h:73->firmware/nnet_utils/nnet_dense_latency.h:42]   --->   Operation 909 'sext' 'sext_ln73_114' <Predicate = true> <Delay = 0.00>
ST_1 : Operation 910 [1/1] (0.00ns)   --->   "%sext_ln73_316 = sext i10 %data_26_val_read" [firmware/nnet_utils/nnet_mult.h:73->firmware/nnet_utils/nnet_dense_latency.h:42]   --->   Operation 910 'sext' 'sext_ln73_316' <Predicate = true> <Delay = 0.00>
ST_1 : Operation 911 [1/1] (0.00ns)   --->   "%sext_ln73_115 = sext i10 %data_26_val_read" [firmware/nnet_utils/nnet_mult.h:73->firmware/nnet_utils/nnet_dense_latency.h:42]   --->   Operation 911 'sext' 'sext_ln73_115' <Predicate = true> <Delay = 0.00>
ST_1 : Operation 912 [1/1] (0.00ns)   --->   "%sext_ln73_116 = sext i10 %data_26_val_read" [firmware/nnet_utils/nnet_mult.h:73->firmware/nnet_utils/nnet_dense_latency.h:42]   --->   Operation 912 'sext' 'sext_ln73_116' <Predicate = true> <Delay = 0.00>
ST_1 : Operation 913 [1/1] (4.52ns)   --->   "%mult_1073 = mul i17 %sext_ln73_116, i17 131034" [firmware/nnet_utils/nnet_mult.h:73->firmware/nnet_utils/nnet_dense_latency.h:42]   --->   Operation 913 'mul' 'mult_1073' <Predicate = true> <Delay = 4.52> <CoreInst = "Multiplier">   --->   Core 3 'Multiplier' <Latency = 0> <II = 1> <Delay = 4.52> <FuncUnit> <Opcode : 'mul'> <InPorts = 2> <OutPorts = 1>
ST_1 : Operation 914 [1/1] (0.00ns)   --->   "%tmp_777 = bitconcatenate i15 @_ssdm_op_BitConcatenate.i15.i10.i5, i10 %data_26_val_read, i5 0" [firmware/nnet_utils/nnet_mult.h:73->firmware/nnet_utils/nnet_dense_latency.h:42]   --->   Operation 914 'bitconcatenate' 'tmp_777' <Predicate = true> <Delay = 0.00>
ST_1 : Operation 915 [1/1] (0.00ns)   --->   "%sext_ln73_317 = sext i15 %tmp_777" [firmware/nnet_utils/nnet_mult.h:73->firmware/nnet_utils/nnet_dense_latency.h:42]   --->   Operation 915 'sext' 'sext_ln73_317' <Predicate = true> <Delay = 0.00>
ST_1 : Operation 916 [1/1] (0.00ns) (grouped into TernaryAdder)   --->   "%sub_ln73_1097 = sub i17 0, i17 %sext_ln73_317" [firmware/nnet_utils/nnet_mult.h:73->firmware/nnet_utils/nnet_dense_latency.h:42]   --->   Operation 916 'sub' 'sub_ln73_1097' <Predicate = true> <Delay = 0.00> <CoreInst = "TAddSub">   --->   Core 10 'TAddSub' <Latency = 0> <II = 1> <Delay = 1.99> <IPBlock> <Opcode : '' 'add' 'sub'> <InPorts = 3> <OutPorts = 1> <Sync> <CReg>
ST_1 : Operation 917 [1/1] (3.93ns) (root node of TernaryAdder)   --->   "%sub_ln73_1098 = sub i17 %sub_ln73_1097, i17 %sext_ln73_116" [firmware/nnet_utils/nnet_mult.h:73->firmware/nnet_utils/nnet_dense_latency.h:42]   --->   Operation 917 'sub' 'sub_ln73_1098' <Predicate = true> <Delay = 3.93> <CoreInst = "TAddSub">   --->   Core 10 'TAddSub' <Latency = 0> <II = 1> <Delay = 1.99> <IPBlock> <Opcode : '' 'add' 'sub'> <InPorts = 3> <OutPorts = 1> <Sync> <CReg>
ST_1 : Operation 918 [1/1] (4.52ns)   --->   "%mult_1074 = mul i16 %sext_ln73_115, i16 65509" [firmware/nnet_utils/nnet_mult.h:73->firmware/nnet_utils/nnet_dense_latency.h:42]   --->   Operation 918 'mul' 'mult_1074' <Predicate = true> <Delay = 4.52> <CoreInst = "Multiplier">   --->   Core 3 'Multiplier' <Latency = 0> <II = 1> <Delay = 4.52> <FuncUnit> <Opcode : 'mul'> <InPorts = 2> <OutPorts = 1>
ST_1 : Operation 919 [1/1] (4.52ns)   --->   "%mult_1075 = mul i16 %sext_ln73_115, i16 23" [firmware/nnet_utils/nnet_mult.h:73->firmware/nnet_utils/nnet_dense_latency.h:42]   --->   Operation 919 'mul' 'mult_1075' <Predicate = true> <Delay = 4.52> <CoreInst = "Multiplier">   --->   Core 3 'Multiplier' <Latency = 0> <II = 1> <Delay = 4.52> <FuncUnit> <Opcode : 'mul'> <InPorts = 2> <OutPorts = 1>
ST_1 : Operation 920 [1/1] (0.00ns)   --->   "%tmp_778 = bitconcatenate i13 @_ssdm_op_BitConcatenate.i13.i10.i3, i10 %data_26_val_read, i3 0" [firmware/nnet_utils/nnet_mult.h:73->firmware/nnet_utils/nnet_dense_latency.h:42]   --->   Operation 920 'bitconcatenate' 'tmp_778' <Predicate = true> <Delay = 0.00>
ST_1 : Operation 921 [1/1] (0.00ns)   --->   "%sext_ln73_318 = sext i13 %tmp_778" [firmware/nnet_utils/nnet_mult.h:73->firmware/nnet_utils/nnet_dense_latency.h:42]   --->   Operation 921 'sext' 'sext_ln73_318' <Predicate = true> <Delay = 0.00>
ST_1 : Operation 922 [1/1] (0.00ns)   --->   "%tmp_779 = bitconcatenate i11 @_ssdm_op_BitConcatenate.i11.i10.i1, i10 %data_26_val_read, i1 0" [firmware/nnet_utils/nnet_mult.h:73->firmware/nnet_utils/nnet_dense_latency.h:42]   --->   Operation 922 'bitconcatenate' 'tmp_779' <Predicate = true> <Delay = 0.00>
ST_1 : Operation 923 [1/1] (0.00ns)   --->   "%sext_ln73_319 = sext i11 %tmp_779" [firmware/nnet_utils/nnet_mult.h:73->firmware/nnet_utils/nnet_dense_latency.h:42]   --->   Operation 923 'sext' 'sext_ln73_319' <Predicate = true> <Delay = 0.00>
ST_1 : Operation 924 [1/1] (1.67ns)   --->   "%sub_ln73_1099 = sub i14 %sext_ln73_319, i14 %sext_ln73_318" [firmware/nnet_utils/nnet_mult.h:73->firmware/nnet_utils/nnet_dense_latency.h:42]   --->   Operation 924 'sub' 'sub_ln73_1099' <Predicate = true> <Delay = 1.67> <CoreInst = "Adder">   --->   Core 1 'Adder' <Latency = 0> <II = 1> <Delay = 1.67> <FuncUnit> <Opcode : 'add' 'sub'> <InPorts = 2> <OutPorts = 1>
ST_1 : Operation 925 [1/1] (4.52ns)   --->   "%mul_ln73_346 = mul i16 %sext_ln73_115, i16 65514" [firmware/nnet_utils/nnet_mult.h:73->firmware/nnet_utils/nnet_dense_latency.h:42]   --->   Operation 925 'mul' 'mul_ln73_346' <Predicate = true> <Delay = 4.52> <CoreInst = "Multiplier">   --->   Core 3 'Multiplier' <Latency = 0> <II = 1> <Delay = 4.52> <FuncUnit> <Opcode : 'mul'> <InPorts = 2> <OutPorts = 1>
ST_1 : Operation 926 [1/1] (0.00ns)   --->   "%sext_ln17_810 = sext i15 %tmp_777" [firmware/nnet_utils/nnet_dense_latency.h:17]   --->   Operation 926 'sext' 'sext_ln17_810' <Predicate = true> <Delay = 0.00>
ST_1 : Operation 927 [1/1] (1.94ns)   --->   "%add_ln17_4 = add i16 %sext_ln17_810, i16 %sext_ln73_115" [firmware/nnet_utils/nnet_dense_latency.h:17]   --->   Operation 927 'add' 'add_ln17_4' <Predicate = true> <Delay = 1.94> <CoreInst = "Adder">   --->   Core 1 'Adder' <Latency = 0> <II = 1> <Delay = 1.94> <FuncUnit> <Opcode : 'add' 'sub'> <InPorts = 2> <OutPorts = 1>
ST_1 : Operation 928 [1/1] (4.52ns)   --->   "%mult_1076 = mul i16 %sext_ln73_115, i16 27" [firmware/nnet_utils/nnet_mult.h:73->firmware/nnet_utils/nnet_dense_latency.h:42]   --->   Operation 928 'mul' 'mult_1076' <Predicate = true> <Delay = 4.52> <CoreInst = "Multiplier">   --->   Core 3 'Multiplier' <Latency = 0> <II = 1> <Delay = 4.52> <FuncUnit> <Opcode : 'mul'> <InPorts = 2> <OutPorts = 1>
ST_1 : Operation 929 [1/1] (0.00ns)   --->   "%tmp_780 = bitconcatenate i14 @_ssdm_op_BitConcatenate.i14.i10.i4, i10 %data_26_val_read, i4 0" [firmware/nnet_utils/nnet_mult.h:73->firmware/nnet_utils/nnet_dense_latency.h:42]   --->   Operation 929 'bitconcatenate' 'tmp_780' <Predicate = true> <Delay = 0.00>
ST_1 : Operation 930 [1/1] (0.00ns)   --->   "%sext_ln73_320 = sext i14 %tmp_780" [firmware/nnet_utils/nnet_mult.h:73->firmware/nnet_utils/nnet_dense_latency.h:42]   --->   Operation 930 'sext' 'sext_ln73_320' <Predicate = true> <Delay = 0.00>
ST_1 : Operation 931 [1/1] (0.00ns) (grouped into TernaryAdder)   --->   "%mult_1077 = sub i15 %sext_ln73_320, i15 %sext_ln73_113" [firmware/nnet_utils/nnet_mult.h:73->firmware/nnet_utils/nnet_dense_latency.h:42]   --->   Operation 931 'sub' 'mult_1077' <Predicate = true> <Delay = 0.00> <CoreInst = "TAddSub">   --->   Core 10 'TAddSub' <Latency = 0> <II = 1> <Delay = 1.99> <IPBlock> <Opcode : '' 'add' 'sub'> <InPorts = 3> <OutPorts = 1> <Sync> <CReg>
ST_1 : Operation 932 [1/1] (4.52ns)   --->   "%mult_1078 = mul i16 %sext_ln73_115, i16 65513" [firmware/nnet_utils/nnet_mult.h:73->firmware/nnet_utils/nnet_dense_latency.h:42]   --->   Operation 932 'mul' 'mult_1078' <Predicate = true> <Delay = 4.52> <CoreInst = "Multiplier">   --->   Core 3 'Multiplier' <Latency = 0> <II = 1> <Delay = 4.52> <FuncUnit> <Opcode : 'mul'> <InPorts = 2> <OutPorts = 1>
ST_1 : Operation 933 [1/1] (1.67ns)   --->   "%mult_1079 = sub i14 %sext_ln73_114, i14 %sext_ln73_318" [firmware/nnet_utils/nnet_mult.h:73->firmware/nnet_utils/nnet_dense_latency.h:42]   --->   Operation 933 'sub' 'mult_1079' <Predicate = true> <Delay = 1.67> <CoreInst = "Adder">   --->   Core 1 'Adder' <Latency = 0> <II = 1> <Delay = 1.67> <FuncUnit> <Opcode : 'add' 'sub'> <InPorts = 2> <OutPorts = 1>
ST_1 : Operation 934 [1/1] (0.00ns)   --->   "%sext_ln73_321 = sext i13 %tmp_778" [firmware/nnet_utils/nnet_mult.h:73->firmware/nnet_utils/nnet_dense_latency.h:42]   --->   Operation 934 'sext' 'sext_ln73_321' <Predicate = true> <Delay = 0.00>
ST_1 : Operation 935 [1/1] (0.00ns)   --->   "%sext_ln73_322 = sext i11 %tmp_779" [firmware/nnet_utils/nnet_mult.h:73->firmware/nnet_utils/nnet_dense_latency.h:42]   --->   Operation 935 'sext' 'sext_ln73_322' <Predicate = true> <Delay = 0.00>
ST_1 : Operation 936 [1/1] (0.00ns) (grouped into TernaryAdder)   --->   "%mult_1080 = add i15 %sext_ln73_321, i15 %sext_ln73_322" [firmware/nnet_utils/nnet_mult.h:73->firmware/nnet_utils/nnet_dense_latency.h:42]   --->   Operation 936 'add' 'mult_1080' <Predicate = true> <Delay = 0.00> <CoreInst = "TAddSub">   --->   Core 10 'TAddSub' <Latency = 0> <II = 1> <Delay = 1.99> <IPBlock> <Opcode : '' 'add' 'sub'> <InPorts = 3> <OutPorts = 1> <Sync> <CReg>
ST_1 : Operation 937 [1/1] (0.00ns)   --->   "%sext_ln73_118 = sext i10 %data_27_val_read" [firmware/nnet_utils/nnet_mult.h:73->firmware/nnet_utils/nnet_dense_latency.h:42]   --->   Operation 937 'sext' 'sext_ln73_118' <Predicate = true> <Delay = 0.00>
ST_1 : Operation 938 [1/1] (0.00ns)   --->   "%sext_ln73_323 = sext i10 %data_27_val_read" [firmware/nnet_utils/nnet_mult.h:73->firmware/nnet_utils/nnet_dense_latency.h:42]   --->   Operation 938 'sext' 'sext_ln73_323' <Predicate = true> <Delay = 0.00>
ST_1 : Operation 939 [1/1] (0.00ns)   --->   "%sext_ln73_119 = sext i10 %data_27_val_read" [firmware/nnet_utils/nnet_mult.h:73->firmware/nnet_utils/nnet_dense_latency.h:42]   --->   Operation 939 'sext' 'sext_ln73_119' <Predicate = true> <Delay = 0.00>
ST_1 : Operation 940 [1/1] (0.00ns)   --->   "%tmp_781 = bitconcatenate i13 @_ssdm_op_BitConcatenate.i13.i10.i3, i10 %data_27_val_read, i3 0" [firmware/nnet_utils/nnet_mult.h:73->firmware/nnet_utils/nnet_dense_latency.h:42]   --->   Operation 940 'bitconcatenate' 'tmp_781' <Predicate = true> <Delay = 0.00>
ST_1 : Operation 941 [1/1] (0.00ns)   --->   "%sext_ln73_324 = sext i13 %tmp_781" [firmware/nnet_utils/nnet_mult.h:73->firmware/nnet_utils/nnet_dense_latency.h:42]   --->   Operation 941 'sext' 'sext_ln73_324' <Predicate = true> <Delay = 0.00>
ST_1 : Operation 942 [1/1] (0.00ns)   --->   "%tmp_782 = bitconcatenate i11 @_ssdm_op_BitConcatenate.i11.i10.i1, i10 %data_27_val_read, i1 0" [firmware/nnet_utils/nnet_mult.h:73->firmware/nnet_utils/nnet_dense_latency.h:42]   --->   Operation 942 'bitconcatenate' 'tmp_782' <Predicate = true> <Delay = 0.00>
ST_1 : Operation 943 [1/1] (0.00ns)   --->   "%sext_ln73_325 = sext i11 %tmp_782" [firmware/nnet_utils/nnet_mult.h:73->firmware/nnet_utils/nnet_dense_latency.h:42]   --->   Operation 943 'sext' 'sext_ln73_325' <Predicate = true> <Delay = 0.00>
ST_1 : Operation 944 [1/1] (0.00ns) (grouped into TernaryAdder)   --->   "%mult_1081 = add i15 %sext_ln73_324, i15 %sext_ln73_325" [firmware/nnet_utils/nnet_mult.h:73->firmware/nnet_utils/nnet_dense_latency.h:42]   --->   Operation 944 'add' 'mult_1081' <Predicate = true> <Delay = 0.00> <CoreInst = "TAddSub">   --->   Core 10 'TAddSub' <Latency = 0> <II = 1> <Delay = 1.99> <IPBlock> <Opcode : '' 'add' 'sub'> <InPorts = 3> <OutPorts = 1> <Sync> <CReg>
ST_1 : Operation 945 [1/1] (4.52ns)   --->   "%mult_1082 = mul i16 %sext_ln73_119, i16 29" [firmware/nnet_utils/nnet_mult.h:73->firmware/nnet_utils/nnet_dense_latency.h:42]   --->   Operation 945 'mul' 'mult_1082' <Predicate = true> <Delay = 4.52> <CoreInst = "Multiplier">   --->   Core 3 'Multiplier' <Latency = 0> <II = 1> <Delay = 4.52> <FuncUnit> <Opcode : 'mul'> <InPorts = 2> <OutPorts = 1>
ST_1 : Operation 946 [1/1] (4.52ns)   --->   "%mult_1083 = mul i16 %sext_ln73_119, i16 27" [firmware/nnet_utils/nnet_mult.h:73->firmware/nnet_utils/nnet_dense_latency.h:42]   --->   Operation 946 'mul' 'mult_1083' <Predicate = true> <Delay = 4.52> <CoreInst = "Multiplier">   --->   Core 3 'Multiplier' <Latency = 0> <II = 1> <Delay = 4.52> <FuncUnit> <Opcode : 'mul'> <InPorts = 2> <OutPorts = 1>
ST_1 : Operation 947 [1/1] (4.52ns)   --->   "%mult_1084 = mul i16 %sext_ln73_119, i16 65517" [firmware/nnet_utils/nnet_mult.h:73->firmware/nnet_utils/nnet_dense_latency.h:42]   --->   Operation 947 'mul' 'mult_1084' <Predicate = true> <Delay = 4.52> <CoreInst = "Multiplier">   --->   Core 3 'Multiplier' <Latency = 0> <II = 1> <Delay = 4.52> <FuncUnit> <Opcode : 'mul'> <InPorts = 2> <OutPorts = 1>
ST_1 : Operation 948 [1/1] (0.00ns)   --->   "%tmp_783 = bitconcatenate i14 @_ssdm_op_BitConcatenate.i14.i10.i4, i10 %data_27_val_read, i4 0" [firmware/nnet_utils/nnet_mult.h:73->firmware/nnet_utils/nnet_dense_latency.h:42]   --->   Operation 948 'bitconcatenate' 'tmp_783' <Predicate = true> <Delay = 0.00>
ST_1 : Operation 949 [1/1] (0.00ns)   --->   "%sext_ln73_326 = sext i14 %tmp_783" [firmware/nnet_utils/nnet_mult.h:73->firmware/nnet_utils/nnet_dense_latency.h:42]   --->   Operation 949 'sext' 'sext_ln73_326' <Predicate = true> <Delay = 0.00>
ST_1 : Operation 950 [1/1] (0.00ns)   --->   "%mult_1086 = bitconcatenate i12 @_ssdm_op_BitConcatenate.i12.i10.i2, i10 %data_27_val_read, i2 0" [firmware/nnet_utils/nnet_mult.h:73->firmware/nnet_utils/nnet_dense_latency.h:42]   --->   Operation 950 'bitconcatenate' 'mult_1086' <Predicate = true> <Delay = 0.00>
ST_1 : Operation 951 [1/1] (0.00ns)   --->   "%sext_ln73_327 = sext i12 %mult_1086" [firmware/nnet_utils/nnet_mult.h:73->firmware/nnet_utils/nnet_dense_latency.h:42]   --->   Operation 951 'sext' 'sext_ln73_327' <Predicate = true> <Delay = 0.00>
ST_1 : Operation 952 [1/1] (0.00ns) (grouped into TernaryAdder)   --->   "%mult_1085 = sub i15 %sext_ln73_326, i15 %sext_ln73_327" [firmware/nnet_utils/nnet_mult.h:73->firmware/nnet_utils/nnet_dense_latency.h:42]   --->   Operation 952 'sub' 'mult_1085' <Predicate = true> <Delay = 0.00> <CoreInst = "TAddSub">   --->   Core 10 'TAddSub' <Latency = 0> <II = 1> <Delay = 1.99> <IPBlock> <Opcode : '' 'add' 'sub'> <InPorts = 3> <OutPorts = 1> <Sync> <CReg>
ST_1 : Operation 953 [1/1] (0.00ns)   --->   "%sext_ln17_809 = sext i12 %mult_1086" [firmware/nnet_utils/nnet_dense_latency.h:17]   --->   Operation 953 'sext' 'sext_ln17_809' <Predicate = true> <Delay = 0.00>
ST_1 : Operation 954 [1/1] (4.52ns)   --->   "%mult_1087 = mul i16 %sext_ln73_119, i16 23" [firmware/nnet_utils/nnet_mult.h:73->firmware/nnet_utils/nnet_dense_latency.h:42]   --->   Operation 954 'mul' 'mult_1087' <Predicate = true> <Delay = 4.52> <CoreInst = "Multiplier">   --->   Core 3 'Multiplier' <Latency = 0> <II = 1> <Delay = 4.52> <FuncUnit> <Opcode : 'mul'> <InPorts = 2> <OutPorts = 1>
ST_1 : Operation 955 [1/1] (0.00ns)   --->   "%tmp_785 = bitconcatenate i15 @_ssdm_op_BitConcatenate.i15.i10.i5, i10 %data_27_val_read, i5 0" [firmware/nnet_utils/nnet_mult.h:73->firmware/nnet_utils/nnet_dense_latency.h:42]   --->   Operation 955 'bitconcatenate' 'tmp_785' <Predicate = true> <Delay = 0.00>
ST_1 : Operation 956 [1/1] (0.00ns)   --->   "%sext_ln73_328 = sext i15 %tmp_785" [firmware/nnet_utils/nnet_mult.h:73->firmware/nnet_utils/nnet_dense_latency.h:42]   --->   Operation 956 'sext' 'sext_ln73_328' <Predicate = true> <Delay = 0.00>
ST_1 : Operation 957 [1/1] (0.00ns)   --->   "%sext_ln73_329 = sext i13 %tmp_781" [firmware/nnet_utils/nnet_mult.h:73->firmware/nnet_utils/nnet_dense_latency.h:42]   --->   Operation 957 'sext' 'sext_ln73_329' <Predicate = true> <Delay = 0.00>
ST_1 : Operation 958 [1/1] (1.94ns)   --->   "%sub_ln73_1103 = sub i16 %sext_ln73_328, i16 %sext_ln73_329" [firmware/nnet_utils/nnet_mult.h:73->firmware/nnet_utils/nnet_dense_latency.h:42]   --->   Operation 958 'sub' 'sub_ln73_1103' <Predicate = true> <Delay = 1.94> <CoreInst = "Adder">   --->   Core 1 'Adder' <Latency = 0> <II = 1> <Delay = 1.94> <FuncUnit> <Opcode : 'add' 'sub'> <InPorts = 2> <OutPorts = 1>
ST_1 : Operation 959 [1/1] (1.54ns)   --->   "%mult_1088 = sub i13 0, i13 %sext_ln17_809" [firmware/nnet_utils/nnet_mult.h:73->firmware/nnet_utils/nnet_dense_latency.h:42]   --->   Operation 959 'sub' 'mult_1088' <Predicate = true> <Delay = 1.54> <CoreInst = "Adder">   --->   Core 1 'Adder' <Latency = 0> <II = 1> <Delay = 1.54> <FuncUnit> <Opcode : 'add' 'sub'> <InPorts = 2> <OutPorts = 1>
ST_1 : Operation 960 [1/1] (4.52ns)   --->   "%mult_1089 = mul i16 %sext_ln73_119, i16 21" [firmware/nnet_utils/nnet_mult.h:73->firmware/nnet_utils/nnet_dense_latency.h:42]   --->   Operation 960 'mul' 'mult_1089' <Predicate = true> <Delay = 4.52> <CoreInst = "Multiplier">   --->   Core 3 'Multiplier' <Latency = 0> <II = 1> <Delay = 4.52> <FuncUnit> <Opcode : 'mul'> <InPorts = 2> <OutPorts = 1>
ST_1 : Operation 961 [1/1] (0.00ns)   --->   "%sext_ln73_330 = sext i14 %tmp_783" [firmware/nnet_utils/nnet_mult.h:73->firmware/nnet_utils/nnet_dense_latency.h:42]   --->   Operation 961 'sext' 'sext_ln73_330' <Predicate = true> <Delay = 0.00>
ST_1 : Operation 962 [1/1] (0.00ns) (grouped into TernaryAdder)   --->   "%mult_1090 = add i16 %sext_ln73_330, i16 %sext_ln73_119" [firmware/nnet_utils/nnet_mult.h:73->firmware/nnet_utils/nnet_dense_latency.h:42]   --->   Operation 962 'add' 'mult_1090' <Predicate = true> <Delay = 0.00> <CoreInst = "TAddSub">   --->   Core 10 'TAddSub' <Latency = 0> <II = 1> <Delay = 1.99> <IPBlock> <Opcode : '' 'add' 'sub'> <InPorts = 3> <OutPorts = 1> <Sync> <CReg>
ST_1 : Operation 963 [1/1] (0.00ns)   --->   "%sext_ln73_331 = sext i13 %tmp_781" [firmware/nnet_utils/nnet_mult.h:73->firmware/nnet_utils/nnet_dense_latency.h:42]   --->   Operation 963 'sext' 'sext_ln73_331' <Predicate = true> <Delay = 0.00>
ST_1 : Operation 964 [1/1] (0.00ns) (grouped into TernaryAdder)   --->   "%mult_1091 = sub i14 %sext_ln73_331, i14 %sext_ln73_118" [firmware/nnet_utils/nnet_mult.h:73->firmware/nnet_utils/nnet_dense_latency.h:42]   --->   Operation 964 'sub' 'mult_1091' <Predicate = true> <Delay = 0.00> <CoreInst = "TAddSub">   --->   Core 10 'TAddSub' <Latency = 0> <II = 1> <Delay = 1.99> <IPBlock> <Opcode : '' 'add' 'sub'> <InPorts = 3> <OutPorts = 1> <Sync> <CReg>
ST_1 : Operation 965 [1/1] (0.00ns)   --->   "%sext_ln73_121 = sext i10 %data_28_val_read" [firmware/nnet_utils/nnet_mult.h:73->firmware/nnet_utils/nnet_dense_latency.h:42]   --->   Operation 965 'sext' 'sext_ln73_121' <Predicate = true> <Delay = 0.00>
ST_1 : Operation 966 [1/1] (0.00ns)   --->   "%sext_ln73_122 = sext i10 %data_28_val_read" [firmware/nnet_utils/nnet_mult.h:73->firmware/nnet_utils/nnet_dense_latency.h:42]   --->   Operation 966 'sext' 'sext_ln73_122' <Predicate = true> <Delay = 0.00>
ST_1 : Operation 967 [1/1] (0.00ns)   --->   "%sext_ln17_811 = sext i10 %data_28_val_read" [firmware/nnet_utils/nnet_dense_latency.h:17]   --->   Operation 967 'sext' 'sext_ln17_811' <Predicate = true> <Delay = 0.00>
ST_1 : Operation 968 [1/1] (0.00ns)   --->   "%sext_ln73_123 = sext i10 %data_28_val_read" [firmware/nnet_utils/nnet_mult.h:73->firmware/nnet_utils/nnet_dense_latency.h:42]   --->   Operation 968 'sext' 'sext_ln73_123' <Predicate = true> <Delay = 0.00>
ST_1 : Operation 969 [1/1] (0.00ns)   --->   "%tmp_786 = bitconcatenate i12 @_ssdm_op_BitConcatenate.i12.i10.i2, i10 %data_28_val_read, i2 0" [firmware/nnet_utils/nnet_mult.h:73->firmware/nnet_utils/nnet_dense_latency.h:42]   --->   Operation 969 'bitconcatenate' 'tmp_786' <Predicate = true> <Delay = 0.00>
ST_1 : Operation 970 [1/1] (0.00ns)   --->   "%sext_ln73_332 = sext i12 %tmp_786" [firmware/nnet_utils/nnet_mult.h:73->firmware/nnet_utils/nnet_dense_latency.h:42]   --->   Operation 970 'sext' 'sext_ln73_332' <Predicate = true> <Delay = 0.00>
ST_1 : Operation 971 [1/1] (1.54ns)   --->   "%mult_1092 = sub i13 %sext_ln73_332, i13 %sext_ln17_811" [firmware/nnet_utils/nnet_mult.h:73->firmware/nnet_utils/nnet_dense_latency.h:42]   --->   Operation 971 'sub' 'mult_1092' <Predicate = true> <Delay = 1.54> <CoreInst = "Adder">   --->   Core 1 'Adder' <Latency = 0> <II = 1> <Delay = 1.54> <FuncUnit> <Opcode : 'add' 'sub'> <InPorts = 2> <OutPorts = 1>
ST_1 : Operation 972 [1/1] (0.00ns)   --->   "%sext_ln17_812 = sext i13 %mult_1092" [firmware/nnet_utils/nnet_dense_latency.h:17]   --->   Operation 972 'sext' 'sext_ln17_812' <Predicate = true> <Delay = 0.00>
ST_1 : Operation 973 [1/1] (0.00ns)   --->   "%tmp_787 = bitconcatenate i14 @_ssdm_op_BitConcatenate.i14.i10.i4, i10 %data_28_val_read, i4 0" [firmware/nnet_utils/nnet_mult.h:73->firmware/nnet_utils/nnet_dense_latency.h:42]   --->   Operation 973 'bitconcatenate' 'tmp_787' <Predicate = true> <Delay = 0.00>
ST_1 : Operation 974 [1/1] (0.00ns)   --->   "%sext_ln73_333 = sext i14 %tmp_787" [firmware/nnet_utils/nnet_mult.h:73->firmware/nnet_utils/nnet_dense_latency.h:42]   --->   Operation 974 'sext' 'sext_ln73_333' <Predicate = true> <Delay = 0.00>
ST_1 : Operation 975 [1/1] (0.00ns)   --->   "%sext_ln73_334 = sext i12 %tmp_786" [firmware/nnet_utils/nnet_mult.h:73->firmware/nnet_utils/nnet_dense_latency.h:42]   --->   Operation 975 'sext' 'sext_ln73_334' <Predicate = true> <Delay = 0.00>
ST_1 : Operation 976 [1/1] (0.00ns) (grouped into TernaryAdder)   --->   "%mult_1093 = add i16 %sext_ln73_333, i16 %sext_ln73_334" [firmware/nnet_utils/nnet_mult.h:73->firmware/nnet_utils/nnet_dense_latency.h:42]   --->   Operation 976 'add' 'mult_1093' <Predicate = true> <Delay = 0.00> <CoreInst = "TAddSub">   --->   Core 10 'TAddSub' <Latency = 0> <II = 1> <Delay = 1.99> <IPBlock> <Opcode : '' 'add' 'sub'> <InPorts = 3> <OutPorts = 1> <Sync> <CReg>
ST_1 : Operation 977 [1/1] (0.00ns)   --->   "%p_shl43 = bitconcatenate i13 @_ssdm_op_BitConcatenate.i13.i10.i3, i10 %data_28_val_read, i3 0" [firmware/nnet_utils/nnet_dense_latency.h:17]   --->   Operation 977 'bitconcatenate' 'p_shl43' <Predicate = true> <Delay = 0.00>
ST_1 : Operation 978 [1/1] (0.00ns)   --->   "%tmp_788 = bitconcatenate i11 @_ssdm_op_BitConcatenate.i11.i10.i1, i10 %data_28_val_read, i1 0" [firmware/nnet_utils/nnet_dense_latency.h:17]   --->   Operation 978 'bitconcatenate' 'tmp_788' <Predicate = true> <Delay = 0.00>
ST_1 : Operation 979 [1/1] (0.00ns)   --->   "%sext_ln17_831 = sext i11 %tmp_788" [firmware/nnet_utils/nnet_dense_latency.h:17]   --->   Operation 979 'sext' 'sext_ln17_831' <Predicate = true> <Delay = 0.00>
ST_1 : Operation 980 [1/1] (0.00ns) (grouped into TernaryAdder)   --->   "%sub_ln17_32 = sub i13 %sext_ln17_831, i13 %p_shl43" [firmware/nnet_utils/nnet_dense_latency.h:17]   --->   Operation 980 'sub' 'sub_ln17_32' <Predicate = true> <Delay = 0.00> <CoreInst = "TAddSub">   --->   Core 10 'TAddSub' <Latency = 0> <II = 1> <Delay = 1.99> <IPBlock> <Opcode : '' 'add' 'sub'> <InPorts = 3> <OutPorts = 1> <Sync> <CReg>
ST_1 : Operation 981 [1/1] (4.52ns)   --->   "%mult_1094 = mul i16 %sext_ln73_123, i16 65514" [firmware/nnet_utils/nnet_mult.h:73->firmware/nnet_utils/nnet_dense_latency.h:42]   --->   Operation 981 'mul' 'mult_1094' <Predicate = true> <Delay = 4.52> <CoreInst = "Multiplier">   --->   Core 3 'Multiplier' <Latency = 0> <II = 1> <Delay = 4.52> <FuncUnit> <Opcode : 'mul'> <InPorts = 2> <OutPorts = 1>
ST_1 : Operation 982 [1/1] (4.52ns)   --->   "%mult_1095 = mul i16 %sext_ln73_123, i16 26" [firmware/nnet_utils/nnet_mult.h:73->firmware/nnet_utils/nnet_dense_latency.h:42]   --->   Operation 982 'mul' 'mult_1095' <Predicate = true> <Delay = 4.52> <CoreInst = "Multiplier">   --->   Core 3 'Multiplier' <Latency = 0> <II = 1> <Delay = 4.52> <FuncUnit> <Opcode : 'mul'> <InPorts = 2> <OutPorts = 1>
ST_1 : Operation 983 [1/1] (4.52ns)   --->   "%mult_1096 = mul i16 %sext_ln73_123, i16 65515" [firmware/nnet_utils/nnet_mult.h:73->firmware/nnet_utils/nnet_dense_latency.h:42]   --->   Operation 983 'mul' 'mult_1096' <Predicate = true> <Delay = 4.52> <CoreInst = "Multiplier">   --->   Core 3 'Multiplier' <Latency = 0> <II = 1> <Delay = 4.52> <FuncUnit> <Opcode : 'mul'> <InPorts = 2> <OutPorts = 1>
ST_1 : Operation 984 [1/1] (0.00ns) (grouped into TernaryAdder)   --->   "%sub_ln73_1107 = sub i16 0, i16 %sext_ln73_333" [firmware/nnet_utils/nnet_mult.h:73->firmware/nnet_utils/nnet_dense_latency.h:42]   --->   Operation 984 'sub' 'sub_ln73_1107' <Predicate = true> <Delay = 0.00> <CoreInst = "TAddSub">   --->   Core 10 'TAddSub' <Latency = 0> <II = 1> <Delay = 1.99> <IPBlock> <Opcode : '' 'add' 'sub'> <InPorts = 3> <OutPorts = 1> <Sync> <CReg>
ST_1 : Operation 985 [1/1] (3.90ns) (root node of TernaryAdder)   --->   "%sub_ln73_1108 = sub i16 %sub_ln73_1107, i16 %sext_ln73_123" [firmware/nnet_utils/nnet_mult.h:73->firmware/nnet_utils/nnet_dense_latency.h:42]   --->   Operation 985 'sub' 'sub_ln73_1108' <Predicate = true> <Delay = 3.90> <CoreInst = "TAddSub">   --->   Core 10 'TAddSub' <Latency = 0> <II = 1> <Delay = 1.99> <IPBlock> <Opcode : '' 'add' 'sub'> <InPorts = 3> <OutPorts = 1> <Sync> <CReg>
ST_1 : Operation 986 [1/1] (0.00ns)   --->   "%sext_ln73_335 = sext i14 %tmp_787" [firmware/nnet_utils/nnet_mult.h:73->firmware/nnet_utils/nnet_dense_latency.h:42]   --->   Operation 986 'sext' 'sext_ln73_335' <Predicate = true> <Delay = 0.00>
ST_1 : Operation 987 [1/1] (0.00ns)   --->   "%sext_ln73_336 = sext i12 %tmp_786" [firmware/nnet_utils/nnet_mult.h:73->firmware/nnet_utils/nnet_dense_latency.h:42]   --->   Operation 987 'sext' 'sext_ln73_336' <Predicate = true> <Delay = 0.00>
ST_1 : Operation 988 [1/1] (1.81ns)   --->   "%mult_1097 = sub i15 %sext_ln73_335, i15 %sext_ln73_336" [firmware/nnet_utils/nnet_mult.h:73->firmware/nnet_utils/nnet_dense_latency.h:42]   --->   Operation 988 'sub' 'mult_1097' <Predicate = true> <Delay = 1.81> <CoreInst = "Adder">   --->   Core 1 'Adder' <Latency = 0> <II = 1> <Delay = 1.81> <FuncUnit> <Opcode : 'add' 'sub'> <InPorts = 2> <OutPorts = 1>
ST_1 : Operation 989 [1/1] (0.00ns)   --->   "%sext_ln17_814 = sext i15 %mult_1097" [firmware/nnet_utils/nnet_dense_latency.h:17]   --->   Operation 989 'sext' 'sext_ln17_814' <Predicate = true> <Delay = 0.00>
ST_1 : Operation 990 [1/1] (1.73ns)   --->   "%mult_1098 = sub i11 0, i11 %sext_ln73_121" [firmware/nnet_utils/nnet_mult.h:73->firmware/nnet_utils/nnet_dense_latency.h:42]   --->   Operation 990 'sub' 'mult_1098' <Predicate = true> <Delay = 1.73> <CoreInst = "Adder">   --->   Core 1 'Adder' <Latency = 0> <II = 1> <Delay = 1.73> <FuncUnit> <Opcode : 'add' 'sub'> <InPorts = 2> <OutPorts = 1>
ST_1 : Operation 991 [1/1] (0.00ns)   --->   "%sext_ln73_337 = sext i11 %tmp_788" [firmware/nnet_utils/nnet_mult.h:73->firmware/nnet_utils/nnet_dense_latency.h:42]   --->   Operation 991 'sext' 'sext_ln73_337' <Predicate = true> <Delay = 0.00>
ST_1 : Operation 992 [1/1] (1.81ns)   --->   "%mult_1099 = sub i15 %sext_ln73_335, i15 %sext_ln73_337" [firmware/nnet_utils/nnet_mult.h:73->firmware/nnet_utils/nnet_dense_latency.h:42]   --->   Operation 992 'sub' 'mult_1099' <Predicate = true> <Delay = 1.81> <CoreInst = "Adder">   --->   Core 1 'Adder' <Latency = 0> <II = 1> <Delay = 1.81> <FuncUnit> <Opcode : 'add' 'sub'> <InPorts = 2> <OutPorts = 1>
ST_1 : Operation 993 [1/1] (4.52ns)   --->   "%mul_ln17_11 = mul i15 %sext_ln73_122, i15 22" [firmware/nnet_utils/nnet_dense_latency.h:17]   --->   Operation 993 'mul' 'mul_ln17_11' <Predicate = true> <Delay = 4.52> <CoreInst = "Multiplier">   --->   Core 3 'Multiplier' <Latency = 0> <II = 1> <Delay = 4.52> <FuncUnit> <Opcode : 'mul'> <InPorts = 2> <OutPorts = 1>
ST_1 : Operation 994 [1/1] (4.52ns)   --->   "%mult_1100 = mul i16 %sext_ln73_123, i16 23" [firmware/nnet_utils/nnet_mult.h:73->firmware/nnet_utils/nnet_dense_latency.h:42]   --->   Operation 994 'mul' 'mult_1100' <Predicate = true> <Delay = 4.52> <CoreInst = "Multiplier">   --->   Core 3 'Multiplier' <Latency = 0> <II = 1> <Delay = 4.52> <FuncUnit> <Opcode : 'mul'> <InPorts = 2> <OutPorts = 1>
ST_1 : Operation 995 [1/1] (0.00ns)   --->   "%sext_ln73_124 = sext i10 %data_28_val_read" [firmware/nnet_utils/nnet_mult.h:73->firmware/nnet_utils/nnet_dense_latency.h:42]   --->   Operation 995 'sext' 'sext_ln73_124' <Predicate = true> <Delay = 0.00>
ST_1 : Operation 996 [1/1] (0.00ns)   --->   "%sext_ln17_832 = sext i13 %p_shl43" [firmware/nnet_utils/nnet_dense_latency.h:17]   --->   Operation 996 'sext' 'sext_ln17_832' <Predicate = true> <Delay = 0.00>
ST_1 : Operation 997 [1/1] (0.00ns) (grouped into TernaryAdder)   --->   "%sub_ln17_33 = sub i14 0, i14 %sext_ln17_832" [firmware/nnet_utils/nnet_dense_latency.h:17]   --->   Operation 997 'sub' 'sub_ln17_33' <Predicate = true> <Delay = 0.00> <CoreInst = "TAddSub">   --->   Core 10 'TAddSub' <Latency = 0> <II = 1> <Delay = 1.99> <IPBlock> <Opcode : '' 'add' 'sub'> <InPorts = 3> <OutPorts = 1> <Sync> <CReg>
ST_1 : Operation 998 [1/1] (3.84ns) (root node of TernaryAdder)   --->   "%sub_ln17_34 = sub i14 %sub_ln17_33, i14 %sext_ln73_124" [firmware/nnet_utils/nnet_dense_latency.h:17]   --->   Operation 998 'sub' 'sub_ln17_34' <Predicate = true> <Delay = 3.84> <CoreInst = "TAddSub">   --->   Core 10 'TAddSub' <Latency = 0> <II = 1> <Delay = 1.99> <IPBlock> <Opcode : '' 'add' 'sub'> <InPorts = 3> <OutPorts = 1> <Sync> <CReg>
ST_1 : Operation 999 [1/1] (0.00ns) (grouped into TernaryAdder)   --->   "%mult_1101 = add i16 %sext_ln73_333, i16 %sext_ln73_123" [firmware/nnet_utils/nnet_mult.h:73->firmware/nnet_utils/nnet_dense_latency.h:42]   --->   Operation 999 'add' 'mult_1101' <Predicate = true> <Delay = 0.00> <CoreInst = "TAddSub">   --->   Core 10 'TAddSub' <Latency = 0> <II = 1> <Delay = 1.99> <IPBlock> <Opcode : '' 'add' 'sub'> <InPorts = 3> <OutPorts = 1> <Sync> <CReg>
ST_1 : Operation 1000 [1/1] (0.00ns)   --->   "%sext_ln73_125 = sext i10 %data_29_val_read" [firmware/nnet_utils/nnet_mult.h:73->firmware/nnet_utils/nnet_dense_latency.h:42]   --->   Operation 1000 'sext' 'sext_ln73_125' <Predicate = true> <Delay = 0.00>
ST_1 : Operation 1001 [1/1] (0.00ns)   --->   "%sext_ln73_126 = sext i10 %data_29_val_read" [firmware/nnet_utils/nnet_mult.h:73->firmware/nnet_utils/nnet_dense_latency.h:42]   --->   Operation 1001 'sext' 'sext_ln73_126' <Predicate = true> <Delay = 0.00>
ST_1 : Operation 1002 [1/1] (0.00ns)   --->   "%sext_ln73_127 = sext i10 %data_29_val_read" [firmware/nnet_utils/nnet_mult.h:73->firmware/nnet_utils/nnet_dense_latency.h:42]   --->   Operation 1002 'sext' 'sext_ln73_127' <Predicate = true> <Delay = 0.00>
ST_1 : Operation 1003 [1/1] (0.00ns)   --->   "%sext_ln73_129 = sext i10 %data_29_val_read" [firmware/nnet_utils/nnet_mult.h:73->firmware/nnet_utils/nnet_dense_latency.h:42]   --->   Operation 1003 'sext' 'sext_ln73_129' <Predicate = true> <Delay = 0.00>
ST_1 : Operation 1004 [1/1] (4.52ns)   --->   "%mult_1102 = mul i16 %sext_ln73_129, i16 25" [firmware/nnet_utils/nnet_mult.h:73->firmware/nnet_utils/nnet_dense_latency.h:42]   --->   Operation 1004 'mul' 'mult_1102' <Predicate = true> <Delay = 4.52> <CoreInst = "Multiplier">   --->   Core 3 'Multiplier' <Latency = 0> <II = 1> <Delay = 4.52> <FuncUnit> <Opcode : 'mul'> <InPorts = 2> <OutPorts = 1>
ST_1 : Operation 1005 [1/1] (0.00ns)   --->   "%mult_1103 = bitconcatenate i12 @_ssdm_op_BitConcatenate.i12.i10.i2, i10 %data_29_val_read, i2 0" [firmware/nnet_utils/nnet_mult.h:73->firmware/nnet_utils/nnet_dense_latency.h:42]   --->   Operation 1005 'bitconcatenate' 'mult_1103' <Predicate = true> <Delay = 0.00>
ST_1 : Operation 1006 [1/1] (0.00ns)   --->   "%sext_ln17_816 = sext i12 %mult_1103" [firmware/nnet_utils/nnet_dense_latency.h:17]   --->   Operation 1006 'sext' 'sext_ln17_816' <Predicate = true> <Delay = 0.00>
ST_1 : Operation 1007 [1/1] (0.00ns)   --->   "%tmp_789 = bitconcatenate i14 @_ssdm_op_BitConcatenate.i14.i10.i4, i10 %data_29_val_read, i4 0" [firmware/nnet_utils/nnet_mult.h:73->firmware/nnet_utils/nnet_dense_latency.h:42]   --->   Operation 1007 'bitconcatenate' 'tmp_789' <Predicate = true> <Delay = 0.00>
ST_1 : Operation 1008 [1/1] (0.00ns)   --->   "%sext_ln73_338 = sext i14 %tmp_789" [firmware/nnet_utils/nnet_mult.h:73->firmware/nnet_utils/nnet_dense_latency.h:42]   --->   Operation 1008 'sext' 'sext_ln73_338' <Predicate = true> <Delay = 0.00>
ST_1 : Operation 1009 [1/1] (0.00ns)   --->   "%tmp_790 = bitconcatenate i11 @_ssdm_op_BitConcatenate.i11.i10.i1, i10 %data_29_val_read, i1 0" [firmware/nnet_utils/nnet_mult.h:73->firmware/nnet_utils/nnet_dense_latency.h:42]   --->   Operation 1009 'bitconcatenate' 'tmp_790' <Predicate = true> <Delay = 0.00>
ST_1 : Operation 1010 [1/1] (0.00ns)   --->   "%sext_ln73_339 = sext i11 %tmp_790" [firmware/nnet_utils/nnet_mult.h:73->firmware/nnet_utils/nnet_dense_latency.h:42]   --->   Operation 1010 'sext' 'sext_ln73_339' <Predicate = true> <Delay = 0.00>
ST_1 : Operation 1011 [1/1] (0.00ns) (grouped into TernaryAdder)   --->   "%mult_1104 = sub i15 %sext_ln73_339, i15 %sext_ln73_338" [firmware/nnet_utils/nnet_mult.h:73->firmware/nnet_utils/nnet_dense_latency.h:42]   --->   Operation 1011 'sub' 'mult_1104' <Predicate = true> <Delay = 0.00> <CoreInst = "TAddSub">   --->   Core 10 'TAddSub' <Latency = 0> <II = 1> <Delay = 1.99> <IPBlock> <Opcode : '' 'add' 'sub'> <InPorts = 3> <OutPorts = 1> <Sync> <CReg>
ST_1 : Operation 1012 [1/1] (0.00ns)   --->   "%sext_ln17_833 = sext i12 %mult_1103" [firmware/nnet_utils/nnet_dense_latency.h:17]   --->   Operation 1012 'sext' 'sext_ln17_833' <Predicate = true> <Delay = 0.00>
ST_1 : Operation 1013 [1/1] (0.00ns) (grouped into TernaryAdder)   --->   "%add_ln17_5 = add i15 %sext_ln73_338, i15 %sext_ln17_833" [firmware/nnet_utils/nnet_dense_latency.h:17]   --->   Operation 1013 'add' 'add_ln17_5' <Predicate = true> <Delay = 0.00> <CoreInst = "TAddSub">   --->   Core 10 'TAddSub' <Latency = 0> <II = 1> <Delay = 1.99> <IPBlock> <Opcode : '' 'add' 'sub'> <InPorts = 3> <OutPorts = 1> <Sync> <CReg>
ST_1 : Operation 1014 [1/1] (4.52ns)   --->   "%mul_ln73_359 = mul i16 %sext_ln73_129, i16 19" [firmware/nnet_utils/nnet_mult.h:73->firmware/nnet_utils/nnet_dense_latency.h:42]   --->   Operation 1014 'mul' 'mul_ln73_359' <Predicate = true> <Delay = 4.52> <CoreInst = "Multiplier">   --->   Core 3 'Multiplier' <Latency = 0> <II = 1> <Delay = 4.52> <FuncUnit> <Opcode : 'mul'> <InPorts = 2> <OutPorts = 1>
ST_1 : Operation 1015 [1/1] (0.00ns)   --->   "%sext_ln73_340 = sext i14 %tmp_789" [firmware/nnet_utils/nnet_mult.h:73->firmware/nnet_utils/nnet_dense_latency.h:42]   --->   Operation 1015 'sext' 'sext_ln73_340' <Predicate = true> <Delay = 0.00>
ST_1 : Operation 1016 [1/1] (0.00ns) (grouped into TernaryAdder)   --->   "%sub_ln73_1113 = sub i16 0, i16 %sext_ln73_340" [firmware/nnet_utils/nnet_mult.h:73->firmware/nnet_utils/nnet_dense_latency.h:42]   --->   Operation 1016 'sub' 'sub_ln73_1113' <Predicate = true> <Delay = 0.00> <CoreInst = "TAddSub">   --->   Core 10 'TAddSub' <Latency = 0> <II = 1> <Delay = 1.99> <IPBlock> <Opcode : '' 'add' 'sub'> <InPorts = 3> <OutPorts = 1> <Sync> <CReg>
ST_1 : Operation 1017 [1/1] (0.00ns)   --->   "%sext_ln73_341 = sext i12 %mult_1103" [firmware/nnet_utils/nnet_mult.h:73->firmware/nnet_utils/nnet_dense_latency.h:42]   --->   Operation 1017 'sext' 'sext_ln73_341' <Predicate = true> <Delay = 0.00>
ST_1 : Operation 1018 [1/1] (3.90ns) (root node of TernaryAdder)   --->   "%sub_ln73_1114 = sub i16 %sub_ln73_1113, i16 %sext_ln73_341" [firmware/nnet_utils/nnet_mult.h:73->firmware/nnet_utils/nnet_dense_latency.h:42]   --->   Operation 1018 'sub' 'sub_ln73_1114' <Predicate = true> <Delay = 3.90> <CoreInst = "TAddSub">   --->   Core 10 'TAddSub' <Latency = 0> <II = 1> <Delay = 1.99> <IPBlock> <Opcode : '' 'add' 'sub'> <InPorts = 3> <OutPorts = 1> <Sync> <CReg>
ST_1 : Operation 1019 [1/1] (4.52ns)   --->   "%mult_1105 = mul i16 %sext_ln73_129, i16 23" [firmware/nnet_utils/nnet_mult.h:73->firmware/nnet_utils/nnet_dense_latency.h:42]   --->   Operation 1019 'mul' 'mult_1105' <Predicate = true> <Delay = 4.52> <CoreInst = "Multiplier">   --->   Core 3 'Multiplier' <Latency = 0> <II = 1> <Delay = 4.52> <FuncUnit> <Opcode : 'mul'> <InPorts = 2> <OutPorts = 1>
ST_1 : Operation 1020 [1/1] (0.00ns)   --->   "%tmp_791 = bitconcatenate i15 @_ssdm_op_BitConcatenate.i15.i10.i5, i10 %data_29_val_read, i5 0" [firmware/nnet_utils/nnet_mult.h:73->firmware/nnet_utils/nnet_dense_latency.h:42]   --->   Operation 1020 'bitconcatenate' 'tmp_791' <Predicate = true> <Delay = 0.00>
ST_1 : Operation 1021 [1/1] (0.00ns)   --->   "%sext_ln73_342 = sext i15 %tmp_791" [firmware/nnet_utils/nnet_mult.h:73->firmware/nnet_utils/nnet_dense_latency.h:42]   --->   Operation 1021 'sext' 'sext_ln73_342' <Predicate = true> <Delay = 0.00>
ST_1 : Operation 1022 [1/1] (0.00ns)   --->   "%tmp_792 = bitconcatenate i13 @_ssdm_op_BitConcatenate.i13.i10.i3, i10 %data_29_val_read, i3 0" [firmware/nnet_utils/nnet_mult.h:73->firmware/nnet_utils/nnet_dense_latency.h:42]   --->   Operation 1022 'bitconcatenate' 'tmp_792' <Predicate = true> <Delay = 0.00>
ST_1 : Operation 1023 [1/1] (0.00ns)   --->   "%sext_ln73_343 = sext i13 %tmp_792" [firmware/nnet_utils/nnet_mult.h:73->firmware/nnet_utils/nnet_dense_latency.h:42]   --->   Operation 1023 'sext' 'sext_ln73_343' <Predicate = true> <Delay = 0.00>
ST_1 : Operation 1024 [1/1] (0.00ns) (grouped into TernaryAdder)   --->   "%mult_1106 = sub i16 %sext_ln73_342, i16 %sext_ln73_343" [firmware/nnet_utils/nnet_mult.h:73->firmware/nnet_utils/nnet_dense_latency.h:42]   --->   Operation 1024 'sub' 'mult_1106' <Predicate = true> <Delay = 0.00> <CoreInst = "TAddSub">   --->   Core 10 'TAddSub' <Latency = 0> <II = 1> <Delay = 1.99> <IPBlock> <Opcode : '' 'add' 'sub'> <InPorts = 3> <OutPorts = 1> <Sync> <CReg>
ST_1 : Operation 1025 [1/1] (0.00ns)   --->   "%sext_ln73_344 = sext i12 %mult_1103" [firmware/nnet_utils/nnet_mult.h:73->firmware/nnet_utils/nnet_dense_latency.h:42]   --->   Operation 1025 'sext' 'sext_ln73_344' <Predicate = true> <Delay = 0.00>
ST_1 : Operation 1026 [1/1] (1.54ns)   --->   "%mult_1107 = sub i13 %sext_ln73_126, i13 %sext_ln73_344" [firmware/nnet_utils/nnet_mult.h:73->firmware/nnet_utils/nnet_dense_latency.h:42]   --->   Operation 1026 'sub' 'mult_1107' <Predicate = true> <Delay = 1.54> <CoreInst = "Adder">   --->   Core 1 'Adder' <Latency = 0> <II = 1> <Delay = 1.54> <FuncUnit> <Opcode : 'add' 'sub'> <InPorts = 2> <OutPorts = 1>
ST_1 : Operation 1027 [1/1] (0.00ns)   --->   "%sext_ln73_345 = sext i11 %tmp_790" [firmware/nnet_utils/nnet_mult.h:73->firmware/nnet_utils/nnet_dense_latency.h:42]   --->   Operation 1027 'sext' 'sext_ln73_345' <Predicate = true> <Delay = 0.00>
ST_1 : Operation 1028 [1/1] (1.63ns)   --->   "%mult_1108 = sub i12 0, i12 %sext_ln73_345" [firmware/nnet_utils/nnet_mult.h:73->firmware/nnet_utils/nnet_dense_latency.h:42]   --->   Operation 1028 'sub' 'mult_1108' <Predicate = true> <Delay = 1.63> <CoreInst = "Adder">   --->   Core 1 'Adder' <Latency = 0> <II = 1> <Delay = 1.63> <FuncUnit> <Opcode : 'add' 'sub'> <InPorts = 2> <OutPorts = 1>
ST_1 : Operation 1029 [1/1] (0.00ns)   --->   "%sext_ln17_817 = sext i12 %mult_1108" [firmware/nnet_utils/nnet_dense_latency.h:17]   --->   Operation 1029 'sext' 'sext_ln17_817' <Predicate = true> <Delay = 0.00>
ST_1 : Operation 1030 [1/1] (1.73ns)   --->   "%mult_1109 = sub i11 0, i11 %sext_ln73_125" [firmware/nnet_utils/nnet_mult.h:73->firmware/nnet_utils/nnet_dense_latency.h:42]   --->   Operation 1030 'sub' 'mult_1109' <Predicate = true> <Delay = 1.73> <CoreInst = "Adder">   --->   Core 1 'Adder' <Latency = 0> <II = 1> <Delay = 1.73> <FuncUnit> <Opcode : 'add' 'sub'> <InPorts = 2> <OutPorts = 1>
ST_1 : Operation 1031 [1/1] (0.00ns)   --->   "%sext_ln17_818 = sext i11 %mult_1109" [firmware/nnet_utils/nnet_dense_latency.h:17]   --->   Operation 1031 'sext' 'sext_ln17_818' <Predicate = true> <Delay = 0.00>
ST_1 : Operation 1032 [1/1] (4.52ns)   --->   "%mult_1110 = mul i16 %sext_ln73_129, i16 21" [firmware/nnet_utils/nnet_mult.h:73->firmware/nnet_utils/nnet_dense_latency.h:42]   --->   Operation 1032 'mul' 'mult_1110' <Predicate = true> <Delay = 4.52> <CoreInst = "Multiplier">   --->   Core 3 'Multiplier' <Latency = 0> <II = 1> <Delay = 4.52> <FuncUnit> <Opcode : 'mul'> <InPorts = 2> <OutPorts = 1>
ST_1 : Operation 1033 [1/1] (4.52ns)   --->   "%mult_1111 = mul i15 %sext_ln73_127, i15 32755" [firmware/nnet_utils/nnet_mult.h:73->firmware/nnet_utils/nnet_dense_latency.h:42]   --->   Operation 1033 'mul' 'mult_1111' <Predicate = true> <Delay = 4.52> <CoreInst = "Multiplier">   --->   Core 3 'Multiplier' <Latency = 0> <II = 1> <Delay = 4.52> <FuncUnit> <Opcode : 'mul'> <InPorts = 2> <OutPorts = 1>
ST_1 : Operation 1034 [1/1] (0.00ns) (grouped into TernaryAdder)   --->   "%mult_1112 = add i16 %sext_ln73_340, i16 %sext_ln73_129" [firmware/nnet_utils/nnet_mult.h:73->firmware/nnet_utils/nnet_dense_latency.h:42]   --->   Operation 1034 'add' 'mult_1112' <Predicate = true> <Delay = 0.00> <CoreInst = "TAddSub">   --->   Core 10 'TAddSub' <Latency = 0> <II = 1> <Delay = 1.99> <IPBlock> <Opcode : '' 'add' 'sub'> <InPorts = 3> <OutPorts = 1> <Sync> <CReg>
ST_1 : Operation 1035 [1/1] (0.00ns)   --->   "%sext_ln73_130 = sext i10 %data_30_val_read" [firmware/nnet_utils/nnet_mult.h:73->firmware/nnet_utils/nnet_dense_latency.h:42]   --->   Operation 1035 'sext' 'sext_ln73_130' <Predicate = true> <Delay = 0.00>
ST_1 : Operation 1036 [1/1] (0.00ns)   --->   "%sext_ln73_131 = sext i10 %data_30_val_read" [firmware/nnet_utils/nnet_mult.h:73->firmware/nnet_utils/nnet_dense_latency.h:42]   --->   Operation 1036 'sext' 'sext_ln73_131' <Predicate = true> <Delay = 0.00>
ST_1 : Operation 1037 [1/1] (0.00ns)   --->   "%sext_ln73_132 = sext i10 %data_30_val_read" [firmware/nnet_utils/nnet_mult.h:73->firmware/nnet_utils/nnet_dense_latency.h:42]   --->   Operation 1037 'sext' 'sext_ln73_132' <Predicate = true> <Delay = 0.00>
ST_1 : Operation 1038 [1/1] (0.00ns)   --->   "%sext_ln73_133 = sext i10 %data_30_val_read" [firmware/nnet_utils/nnet_mult.h:73->firmware/nnet_utils/nnet_dense_latency.h:42]   --->   Operation 1038 'sext' 'sext_ln73_133' <Predicate = true> <Delay = 0.00>
ST_1 : Operation 1039 [1/1] (0.00ns)   --->   "%mult_1113 = bitconcatenate i13 @_ssdm_op_BitConcatenate.i13.i10.i3, i10 %data_30_val_read, i3 0" [firmware/nnet_utils/nnet_mult.h:73->firmware/nnet_utils/nnet_dense_latency.h:42]   --->   Operation 1039 'bitconcatenate' 'mult_1113' <Predicate = true> <Delay = 0.00>
ST_1 : Operation 1040 [1/1] (0.00ns)   --->   "%sext_ln73_346 = sext i13 %mult_1113" [firmware/nnet_utils/nnet_mult.h:73->firmware/nnet_utils/nnet_dense_latency.h:42]   --->   Operation 1040 'sext' 'sext_ln73_346' <Predicate = true> <Delay = 0.00>
ST_1 : Operation 1041 [1/1] (0.00ns) (grouped into TernaryAdder)   --->   "%sub_ln73_1119 = sub i15 0, i15 %sext_ln73_346" [firmware/nnet_utils/nnet_mult.h:73->firmware/nnet_utils/nnet_dense_latency.h:42]   --->   Operation 1041 'sub' 'sub_ln73_1119' <Predicate = true> <Delay = 0.00> <CoreInst = "TAddSub">   --->   Core 10 'TAddSub' <Latency = 0> <II = 1> <Delay = 1.99> <IPBlock> <Opcode : '' 'add' 'sub'> <InPorts = 3> <OutPorts = 1> <Sync> <CReg>
ST_1 : Operation 1042 [1/1] (0.00ns)   --->   "%tmp_794 = bitconcatenate i11 @_ssdm_op_BitConcatenate.i11.i10.i1, i10 %data_30_val_read, i1 0" [firmware/nnet_utils/nnet_mult.h:73->firmware/nnet_utils/nnet_dense_latency.h:42]   --->   Operation 1042 'bitconcatenate' 'tmp_794' <Predicate = true> <Delay = 0.00>
ST_1 : Operation 1043 [1/1] (0.00ns)   --->   "%sext_ln73_347 = sext i11 %tmp_794" [firmware/nnet_utils/nnet_mult.h:73->firmware/nnet_utils/nnet_dense_latency.h:42]   --->   Operation 1043 'sext' 'sext_ln73_347' <Predicate = true> <Delay = 0.00>
ST_1 : Operation 1044 [1/1] (3.87ns) (root node of TernaryAdder)   --->   "%sub_ln73_1120 = sub i15 %sub_ln73_1119, i15 %sext_ln73_347" [firmware/nnet_utils/nnet_mult.h:73->firmware/nnet_utils/nnet_dense_latency.h:42]   --->   Operation 1044 'sub' 'sub_ln73_1120' <Predicate = true> <Delay = 3.87> <CoreInst = "TAddSub">   --->   Core 10 'TAddSub' <Latency = 0> <II = 1> <Delay = 1.99> <IPBlock> <Opcode : '' 'add' 'sub'> <InPorts = 3> <OutPorts = 1> <Sync> <CReg>
ST_1 : Operation 1045 [1/1] (0.00ns)   --->   "%sext_ln17_819 = sext i13 %mult_1113" [firmware/nnet_utils/nnet_dense_latency.h:17]   --->   Operation 1045 'sext' 'sext_ln17_819' <Predicate = true> <Delay = 0.00>
ST_1 : Operation 1046 [1/1] (1.73ns)   --->   "%sub_ln73 = sub i11 0, i11 %sext_ln73_132" [firmware/nnet_utils/nnet_mult.h:73->firmware/nnet_utils/nnet_dense_latency.h:42]   --->   Operation 1046 'sub' 'sub_ln73' <Predicate = true> <Delay = 1.73> <CoreInst = "Adder">   --->   Core 1 'Adder' <Latency = 0> <II = 1> <Delay = 1.73> <FuncUnit> <Opcode : 'add' 'sub'> <InPorts = 2> <OutPorts = 1>
ST_1 : Operation 1047 [1/1] (4.52ns)   --->   "%mult_1114 = mul i16 %sext_ln73_131, i16 25" [firmware/nnet_utils/nnet_mult.h:73->firmware/nnet_utils/nnet_dense_latency.h:42]   --->   Operation 1047 'mul' 'mult_1114' <Predicate = true> <Delay = 4.52> <CoreInst = "Multiplier">   --->   Core 3 'Multiplier' <Latency = 0> <II = 1> <Delay = 4.52> <FuncUnit> <Opcode : 'mul'> <InPorts = 2> <OutPorts = 1>
ST_1 : Operation 1048 [1/1] (0.00ns)   --->   "%tmp_795 = bitconcatenate i12 @_ssdm_op_BitConcatenate.i12.i10.i2, i10 %data_30_val_read, i2 0" [firmware/nnet_utils/nnet_mult.h:73->firmware/nnet_utils/nnet_dense_latency.h:42]   --->   Operation 1048 'bitconcatenate' 'tmp_795' <Predicate = true> <Delay = 0.00>
ST_1 : Operation 1049 [1/1] (0.00ns)   --->   "%sext_ln73_348 = sext i12 %tmp_795" [firmware/nnet_utils/nnet_mult.h:73->firmware/nnet_utils/nnet_dense_latency.h:42]   --->   Operation 1049 'sext' 'sext_ln73_348' <Predicate = true> <Delay = 0.00>
ST_1 : Operation 1050 [1/1] (0.00ns) (grouped into TernaryAdder)   --->   "%mult_1115 = add i14 %sext_ln73_348, i14 %sext_ln73_130" [firmware/nnet_utils/nnet_mult.h:73->firmware/nnet_utils/nnet_dense_latency.h:42]   --->   Operation 1050 'add' 'mult_1115' <Predicate = true> <Delay = 0.00> <CoreInst = "TAddSub">   --->   Core 10 'TAddSub' <Latency = 0> <II = 1> <Delay = 1.99> <IPBlock> <Opcode : '' 'add' 'sub'> <InPorts = 3> <OutPorts = 1> <Sync> <CReg>
ST_1 : Operation 1051 [1/1] (4.52ns)   --->   "%mult_1116 = mul i16 %sext_ln73_131, i16 65515" [firmware/nnet_utils/nnet_mult.h:73->firmware/nnet_utils/nnet_dense_latency.h:42]   --->   Operation 1051 'mul' 'mult_1116' <Predicate = true> <Delay = 4.52> <CoreInst = "Multiplier">   --->   Core 3 'Multiplier' <Latency = 0> <II = 1> <Delay = 4.52> <FuncUnit> <Opcode : 'mul'> <InPorts = 2> <OutPorts = 1>
ST_1 : Operation 1052 [1/1] (0.00ns)   --->   "%tmp_796 = bitconcatenate i14 @_ssdm_op_BitConcatenate.i14.i10.i4, i10 %data_30_val_read, i4 0" [firmware/nnet_utils/nnet_mult.h:73->firmware/nnet_utils/nnet_dense_latency.h:42]   --->   Operation 1052 'bitconcatenate' 'tmp_796' <Predicate = true> <Delay = 0.00>
ST_1 : Operation 1053 [1/1] (0.00ns)   --->   "%sext_ln73_349 = sext i14 %tmp_796" [firmware/nnet_utils/nnet_mult.h:73->firmware/nnet_utils/nnet_dense_latency.h:42]   --->   Operation 1053 'sext' 'sext_ln73_349' <Predicate = true> <Delay = 0.00>
ST_1 : Operation 1054 [1/1] (0.00ns) (grouped into TernaryAdder)   --->   "%mult_1117 = sub i15 %sext_ln73_133, i15 %sext_ln73_349" [firmware/nnet_utils/nnet_mult.h:73->firmware/nnet_utils/nnet_dense_latency.h:42]   --->   Operation 1054 'sub' 'mult_1117' <Predicate = true> <Delay = 0.00> <CoreInst = "TAddSub">   --->   Core 10 'TAddSub' <Latency = 0> <II = 1> <Delay = 1.99> <IPBlock> <Opcode : '' 'add' 'sub'> <InPorts = 3> <OutPorts = 1> <Sync> <CReg>
ST_1 : Operation 1055 [1/1] (4.52ns)   --->   "%mult_1118 = mul i16 %sext_ln73_131, i16 65507" [firmware/nnet_utils/nnet_mult.h:73->firmware/nnet_utils/nnet_dense_latency.h:42]   --->   Operation 1055 'mul' 'mult_1118' <Predicate = true> <Delay = 4.52> <CoreInst = "Multiplier">   --->   Core 3 'Multiplier' <Latency = 0> <II = 1> <Delay = 4.52> <FuncUnit> <Opcode : 'mul'> <InPorts = 2> <OutPorts = 1>
ST_1 : Operation 1056 [1/1] (1.67ns)   --->   "%mult_1119 = add i15 %sext_ln73_346, i15 %sext_ln73_133" [firmware/nnet_utils/nnet_mult.h:73->firmware/nnet_utils/nnet_dense_latency.h:42]   --->   Operation 1056 'add' 'mult_1119' <Predicate = true> <Delay = 1.67> <CoreInst = "Adder">   --->   Core 1 'Adder' <Latency = 0> <II = 1> <Delay = 1.67> <FuncUnit> <Opcode : 'add' 'sub'> <InPorts = 2> <OutPorts = 1>
ST_1 : Operation 1057 [1/1] (0.00ns)   --->   "%sext_ln17_820 = sext i15 %mult_1119" [firmware/nnet_utils/nnet_dense_latency.h:17]   --->   Operation 1057 'sext' 'sext_ln17_820' <Predicate = true> <Delay = 0.00>
ST_1 : Operation 1058 [1/1] (0.00ns)   --->   "%sext_ln73_350 = sext i14 %tmp_796" [firmware/nnet_utils/nnet_mult.h:73->firmware/nnet_utils/nnet_dense_latency.h:42]   --->   Operation 1058 'sext' 'sext_ln73_350' <Predicate = true> <Delay = 0.00>
ST_1 : Operation 1059 [1/1] (0.00ns)   --->   "%sext_ln73_351 = sext i11 %tmp_794" [firmware/nnet_utils/nnet_mult.h:73->firmware/nnet_utils/nnet_dense_latency.h:42]   --->   Operation 1059 'sext' 'sext_ln73_351' <Predicate = true> <Delay = 0.00>
ST_1 : Operation 1060 [1/1] (1.81ns)   --->   "%mult_1120 = add i16 %sext_ln73_350, i16 %sext_ln73_351" [firmware/nnet_utils/nnet_mult.h:73->firmware/nnet_utils/nnet_dense_latency.h:42]   --->   Operation 1060 'add' 'mult_1120' <Predicate = true> <Delay = 1.81> <CoreInst = "Adder">   --->   Core 1 'Adder' <Latency = 0> <II = 1> <Delay = 1.81> <FuncUnit> <Opcode : 'add' 'sub'> <InPorts = 2> <OutPorts = 1>
ST_1 : Operation 1061 [1/1] (0.00ns)   --->   "%mult_1121 = bitconcatenate i15 @_ssdm_op_BitConcatenate.i15.i10.i5, i10 %data_30_val_read, i5 0" [firmware/nnet_utils/nnet_mult.h:73->firmware/nnet_utils/nnet_dense_latency.h:42]   --->   Operation 1061 'bitconcatenate' 'mult_1121' <Predicate = true> <Delay = 0.00>
ST_1 : Operation 1062 [1/1] (0.00ns)   --->   "%sext_ln17_821 = sext i15 %mult_1121" [firmware/nnet_utils/nnet_dense_latency.h:17]   --->   Operation 1062 'sext' 'sext_ln17_821' <Predicate = true> <Delay = 0.00>
ST_1 : Operation 1063 [1/1] (4.52ns)   --->   "%mult_1122 = mul i16 %sext_ln73_131, i16 65510" [firmware/nnet_utils/nnet_mult.h:73->firmware/nnet_utils/nnet_dense_latency.h:42]   --->   Operation 1063 'mul' 'mult_1122' <Predicate = true> <Delay = 4.52> <CoreInst = "Multiplier">   --->   Core 3 'Multiplier' <Latency = 0> <II = 1> <Delay = 4.52> <FuncUnit> <Opcode : 'mul'> <InPorts = 2> <OutPorts = 1>
ST_1 : Operation 1064 [1/1] (4.52ns)   --->   "%mult_1123 = mul i16 %sext_ln73_131, i16 26" [firmware/nnet_utils/nnet_mult.h:73->firmware/nnet_utils/nnet_dense_latency.h:42]   --->   Operation 1064 'mul' 'mult_1123' <Predicate = true> <Delay = 4.52> <CoreInst = "Multiplier">   --->   Core 3 'Multiplier' <Latency = 0> <II = 1> <Delay = 4.52> <FuncUnit> <Opcode : 'mul'> <InPorts = 2> <OutPorts = 1>
ST_1 : Operation 1065 [1/1] (0.00ns)   --->   "%sext_ln17_822 = sext i10 %data_31_val_read" [firmware/nnet_utils/nnet_dense_latency.h:17]   --->   Operation 1065 'sext' 'sext_ln17_822' <Predicate = true> <Delay = 0.00>
ST_1 : Operation 1066 [1/1] (0.00ns)   --->   "%sext_ln73_134 = sext i10 %data_31_val_read" [firmware/nnet_utils/nnet_mult.h:73->firmware/nnet_utils/nnet_dense_latency.h:42]   --->   Operation 1066 'sext' 'sext_ln73_134' <Predicate = true> <Delay = 0.00>
ST_1 : Operation 1067 [1/1] (0.00ns)   --->   "%sext_ln73_135 = sext i10 %data_31_val_read" [firmware/nnet_utils/nnet_mult.h:73->firmware/nnet_utils/nnet_dense_latency.h:42]   --->   Operation 1067 'sext' 'sext_ln73_135' <Predicate = true> <Delay = 0.00>
ST_1 : Operation 1068 [1/1] (4.52ns)   --->   "%mult_1124 = mul i17 %sext_ln73_135, i17 131033" [firmware/nnet_utils/nnet_mult.h:73->firmware/nnet_utils/nnet_dense_latency.h:42]   --->   Operation 1068 'mul' 'mult_1124' <Predicate = true> <Delay = 4.52> <CoreInst = "Multiplier">   --->   Core 3 'Multiplier' <Latency = 0> <II = 1> <Delay = 4.52> <FuncUnit> <Opcode : 'mul'> <InPorts = 2> <OutPorts = 1>
ST_1 : Operation 1069 [1/1] (4.52ns)   --->   "%mult_1125 = mul i16 %sext_ln73_134, i16 65517" [firmware/nnet_utils/nnet_mult.h:73->firmware/nnet_utils/nnet_dense_latency.h:42]   --->   Operation 1069 'mul' 'mult_1125' <Predicate = true> <Delay = 4.52> <CoreInst = "Multiplier">   --->   Core 3 'Multiplier' <Latency = 0> <II = 1> <Delay = 4.52> <FuncUnit> <Opcode : 'mul'> <InPorts = 2> <OutPorts = 1>
ST_1 : Operation 1070 [1/1] (4.52ns)   --->   "%mult_1126 = mul i16 %sext_ln73_134, i16 65511" [firmware/nnet_utils/nnet_mult.h:73->firmware/nnet_utils/nnet_dense_latency.h:42]   --->   Operation 1070 'mul' 'mult_1126' <Predicate = true> <Delay = 4.52> <CoreInst = "Multiplier">   --->   Core 3 'Multiplier' <Latency = 0> <II = 1> <Delay = 4.52> <FuncUnit> <Opcode : 'mul'> <InPorts = 2> <OutPorts = 1>
ST_1 : Operation 1071 [1/1] (0.00ns)   --->   "%tmp_797 = bitconcatenate i15 @_ssdm_op_BitConcatenate.i15.i10.i5, i10 %data_31_val_read, i5 0" [firmware/nnet_utils/nnet_mult.h:73->firmware/nnet_utils/nnet_dense_latency.h:42]   --->   Operation 1071 'bitconcatenate' 'tmp_797' <Predicate = true> <Delay = 0.00>
ST_1 : Operation 1072 [1/1] (0.00ns)   --->   "%sext_ln73_352 = sext i15 %tmp_797" [firmware/nnet_utils/nnet_mult.h:73->firmware/nnet_utils/nnet_dense_latency.h:42]   --->   Operation 1072 'sext' 'sext_ln73_352' <Predicate = true> <Delay = 0.00>
ST_1 : Operation 1073 [1/1] (0.00ns)   --->   "%mult_1129 = bitconcatenate i11 @_ssdm_op_BitConcatenate.i11.i10.i1, i10 %data_31_val_read, i1 0" [firmware/nnet_utils/nnet_mult.h:73->firmware/nnet_utils/nnet_dense_latency.h:42]   --->   Operation 1073 'bitconcatenate' 'mult_1129' <Predicate = true> <Delay = 0.00>
ST_1 : Operation 1074 [1/1] (0.00ns)   --->   "%sext_ln73_353 = sext i11 %mult_1129" [firmware/nnet_utils/nnet_mult.h:73->firmware/nnet_utils/nnet_dense_latency.h:42]   --->   Operation 1074 'sext' 'sext_ln73_353' <Predicate = true> <Delay = 0.00>
ST_1 : Operation 1075 [1/1] (0.00ns) (grouped into TernaryAdder)   --->   "%mult_1127 = sub i16 %sext_ln73_352, i16 %sext_ln73_353" [firmware/nnet_utils/nnet_mult.h:73->firmware/nnet_utils/nnet_dense_latency.h:42]   --->   Operation 1075 'sub' 'mult_1127' <Predicate = true> <Delay = 0.00> <CoreInst = "TAddSub">   --->   Core 10 'TAddSub' <Latency = 0> <II = 1> <Delay = 1.99> <IPBlock> <Opcode : '' 'add' 'sub'> <InPorts = 3> <OutPorts = 1> <Sync> <CReg>
ST_1 : Operation 1076 [1/1] (0.00ns)   --->   "%tmp_799 = bitconcatenate i14 @_ssdm_op_BitConcatenate.i14.i10.i4, i10 %data_31_val_read, i4 0" [firmware/nnet_utils/nnet_mult.h:73->firmware/nnet_utils/nnet_dense_latency.h:42]   --->   Operation 1076 'bitconcatenate' 'tmp_799' <Predicate = true> <Delay = 0.00>
ST_1 : Operation 1077 [1/1] (0.00ns)   --->   "%sext_ln73_354 = sext i14 %tmp_799" [firmware/nnet_utils/nnet_mult.h:73->firmware/nnet_utils/nnet_dense_latency.h:42]   --->   Operation 1077 'sext' 'sext_ln73_354' <Predicate = true> <Delay = 0.00>
ST_1 : Operation 1078 [1/1] (0.00ns) (grouped into TernaryAdder)   --->   "%sub_ln73_1123 = sub i16 0, i16 %sext_ln73_354" [firmware/nnet_utils/nnet_mult.h:73->firmware/nnet_utils/nnet_dense_latency.h:42]   --->   Operation 1078 'sub' 'sub_ln73_1123' <Predicate = true> <Delay = 0.00> <CoreInst = "TAddSub">   --->   Core 10 'TAddSub' <Latency = 0> <II = 1> <Delay = 1.99> <IPBlock> <Opcode : '' 'add' 'sub'> <InPorts = 3> <OutPorts = 1> <Sync> <CReg>
ST_1 : Operation 1079 [1/1] (3.90ns) (root node of TernaryAdder)   --->   "%mult_1128 = sub i16 %sub_ln73_1123, i16 %sext_ln73_353" [firmware/nnet_utils/nnet_mult.h:73->firmware/nnet_utils/nnet_dense_latency.h:42]   --->   Operation 1079 'sub' 'mult_1128' <Predicate = true> <Delay = 3.90> <CoreInst = "TAddSub">   --->   Core 10 'TAddSub' <Latency = 0> <II = 1> <Delay = 1.99> <IPBlock> <Opcode : '' 'add' 'sub'> <InPorts = 3> <OutPorts = 1> <Sync> <CReg>
ST_1 : Operation 1080 [1/1] (0.00ns)   --->   "%sext_ln17_825 = sext i11 %mult_1129" [firmware/nnet_utils/nnet_dense_latency.h:17]   --->   Operation 1080 'sext' 'sext_ln17_825' <Predicate = true> <Delay = 0.00>
ST_1 : Operation 1081 [1/1] (0.00ns)   --->   "%sext_ln17_826 = sext i11 %mult_1129" [firmware/nnet_utils/nnet_dense_latency.h:17]   --->   Operation 1081 'sext' 'sext_ln17_826' <Predicate = true> <Delay = 0.00>
ST_1 : Operation 1082 [1/1] (0.00ns) (grouped into TernaryAdder)   --->   "%mult_1130 = sub i16 %sext_ln73_353, i16 %sext_ln73_352" [firmware/nnet_utils/nnet_mult.h:73->firmware/nnet_utils/nnet_dense_latency.h:42]   --->   Operation 1082 'sub' 'mult_1130' <Predicate = true> <Delay = 0.00> <CoreInst = "TAddSub">   --->   Core 10 'TAddSub' <Latency = 0> <II = 1> <Delay = 1.99> <IPBlock> <Opcode : '' 'add' 'sub'> <InPorts = 3> <OutPorts = 1> <Sync> <CReg>
ST_1 : Operation 1083 [1/1] (0.00ns)   --->   "%mult_1131 = bitconcatenate i12 @_ssdm_op_BitConcatenate.i12.i10.i2, i10 %data_31_val_read, i2 0" [firmware/nnet_utils/nnet_mult.h:73->firmware/nnet_utils/nnet_dense_latency.h:42]   --->   Operation 1083 'bitconcatenate' 'mult_1131' <Predicate = true> <Delay = 0.00>
ST_1 : Operation 1084 [1/1] (0.00ns)   --->   "%sext_ln17_827 = sext i12 %mult_1131" [firmware/nnet_utils/nnet_dense_latency.h:17]   --->   Operation 1084 'sext' 'sext_ln17_827' <Predicate = true> <Delay = 0.00>
ST_1 : Operation 1085 [1/1] (0.00ns) (grouped into TernaryAdder)   --->   "%add_ln17_6 = add i13 %sext_ln17_827, i13 %sext_ln17_822" [firmware/nnet_utils/nnet_dense_latency.h:17]   --->   Operation 1085 'add' 'add_ln17_6' <Predicate = true> <Delay = 0.00> <CoreInst = "TAddSub">   --->   Core 10 'TAddSub' <Latency = 0> <II = 1> <Delay = 1.99> <IPBlock> <Opcode : '' 'add' 'sub'> <InPorts = 3> <OutPorts = 1> <Sync> <CReg>
ST_1 : Operation 1086 [1/1] (4.52ns)   --->   "%mult_1132 = mul i16 %sext_ln73_134, i16 65509" [firmware/nnet_utils/nnet_mult.h:73->firmware/nnet_utils/nnet_dense_latency.h:42]   --->   Operation 1086 'mul' 'mult_1132' <Predicate = true> <Delay = 4.52> <CoreInst = "Multiplier">   --->   Core 3 'Multiplier' <Latency = 0> <II = 1> <Delay = 4.52> <FuncUnit> <Opcode : 'mul'> <InPorts = 2> <OutPorts = 1>
ST_1 : Operation 1087 [1/1] (0.00ns)   --->   "%sext_ln73_355 = sext i15 %tmp_797" [firmware/nnet_utils/nnet_mult.h:73->firmware/nnet_utils/nnet_dense_latency.h:42]   --->   Operation 1087 'sext' 'sext_ln73_355' <Predicate = true> <Delay = 0.00>
ST_1 : Operation 1088 [1/1] (1.94ns)   --->   "%mult_1133 = add i17 %sext_ln73_355, i17 %sext_ln73_135" [firmware/nnet_utils/nnet_mult.h:73->firmware/nnet_utils/nnet_dense_latency.h:42]   --->   Operation 1088 'add' 'mult_1133' <Predicate = true> <Delay = 1.94> <CoreInst = "Adder">   --->   Core 1 'Adder' <Latency = 0> <II = 1> <Delay = 1.94> <FuncUnit> <Opcode : 'add' 'sub'> <InPorts = 2> <OutPorts = 1>
ST_1 : Operation 1089 [1/1] (4.52ns)   --->   "%mult_1134 = mul i16 %sext_ln73_134, i16 65515" [firmware/nnet_utils/nnet_mult.h:73->firmware/nnet_utils/nnet_dense_latency.h:42]   --->   Operation 1089 'mul' 'mult_1134' <Predicate = true> <Delay = 4.52> <CoreInst = "Multiplier">   --->   Core 3 'Multiplier' <Latency = 0> <II = 1> <Delay = 4.52> <FuncUnit> <Opcode : 'mul'> <InPorts = 2> <OutPorts = 1>
ST_1 : Operation 1090 [1/1] (0.00ns)   --->   "%sext_ln17_834 = sext i14 %tmp_799" [firmware/nnet_utils/nnet_dense_latency.h:17]   --->   Operation 1090 'sext' 'sext_ln17_834' <Predicate = true> <Delay = 0.00>
ST_1 : Operation 1091 [1/1] (0.00ns) (grouped into TernaryAdder)   --->   "%sub_ln17_35 = sub i15 0, i15 %sext_ln17_834" [firmware/nnet_utils/nnet_dense_latency.h:17]   --->   Operation 1091 'sub' 'sub_ln17_35' <Predicate = true> <Delay = 0.00> <CoreInst = "TAddSub">   --->   Core 10 'TAddSub' <Latency = 0> <II = 1> <Delay = 1.99> <IPBlock> <Opcode : '' 'add' 'sub'> <InPorts = 3> <OutPorts = 1> <Sync> <CReg>
ST_1 : Operation 1092 [1/1] (0.00ns)   --->   "%sext_ln17_835 = sext i12 %mult_1131" [firmware/nnet_utils/nnet_dense_latency.h:17]   --->   Operation 1092 'sext' 'sext_ln17_835' <Predicate = true> <Delay = 0.00>
ST_1 : Operation 1093 [1/1] (3.87ns) (root node of TernaryAdder)   --->   "%sub_ln17_36 = sub i15 %sub_ln17_35, i15 %sext_ln17_835" [firmware/nnet_utils/nnet_dense_latency.h:17]   --->   Operation 1093 'sub' 'sub_ln17_36' <Predicate = true> <Delay = 3.87> <CoreInst = "TAddSub">   --->   Core 10 'TAddSub' <Latency = 0> <II = 1> <Delay = 1.99> <IPBlock> <Opcode : '' 'add' 'sub'> <InPorts = 3> <OutPorts = 1> <Sync> <CReg>
ST_1 : Operation 1094 [1/1] (1.94ns)   --->   "%mult_1135 = sub i16 %sext_ln73_134, i16 %sext_ln73_352" [firmware/nnet_utils/nnet_mult.h:73->firmware/nnet_utils/nnet_dense_latency.h:42]   --->   Operation 1094 'sub' 'mult_1135' <Predicate = true> <Delay = 1.94> <CoreInst = "Adder">   --->   Core 1 'Adder' <Latency = 0> <II = 1> <Delay = 1.94> <FuncUnit> <Opcode : 'add' 'sub'> <InPorts = 2> <OutPorts = 1>
ST_1 : Operation 1095 [1/1] (1.73ns)   --->   "%sub_ln58 = sub i11 1792, i11 %sext_ln73" [firmware/nnet_utils/nnet_dense_latency.h:58]   --->   Operation 1095 'sub' 'sub_ln58' <Predicate = true> <Delay = 1.73> <CoreInst = "Adder">   --->   Core 1 'Adder' <Latency = 0> <II = 1> <Delay = 1.73> <FuncUnit> <Opcode : 'add' 'sub'> <InPorts = 2> <OutPorts = 1>
ST_1 : Operation 1096 [1/1] (0.00ns)   --->   "%sext_ln58 = sext i11 %sub_ln58" [firmware/nnet_utils/nnet_dense_latency.h:58]   --->   Operation 1096 'sext' 'sext_ln58' <Predicate = true> <Delay = 0.00>
ST_1 : Operation 1097 [1/1] (0.00ns) (grouped into TernaryAdder)   --->   "%add_ln58 = add i13 %sext_ln17_711, i13 128" [firmware/nnet_utils/nnet_dense_latency.h:58]   --->   Operation 1097 'add' 'add_ln58' <Predicate = true> <Delay = 0.00> <CoreInst = "TAddSub">   --->   Core 10 'TAddSub' <Latency = 0> <II = 1> <Delay = 1.99> <IPBlock> <Opcode : '' 'add' 'sub'> <InPorts = 3> <OutPorts = 1> <Sync> <CReg>
ST_1 : Operation 1098 [1/1] (0.00ns) (grouped into TernaryAdder)   --->   "%add_ln58_1956 = add i15 %mul_ln17, i15 192" [firmware/nnet_utils/nnet_dense_latency.h:58]   --->   Operation 1098 'add' 'add_ln58_1956' <Predicate = true> <Delay = 0.00> <CoreInst = "TAddSub">   --->   Core 10 'TAddSub' <Latency = 0> <II = 1> <Delay = 1.99> <IPBlock> <Opcode : '' 'add' 'sub'> <InPorts = 3> <OutPorts = 1> <Sync> <CReg>
ST_1 : Operation 1099 [1/1] (3.78ns) (root node of TernaryAdder)   --->   "%add_ln58_1957 = add i12 %sub_ln17_8, i12 512" [firmware/nnet_utils/nnet_dense_latency.h:58]   --->   Operation 1099 'add' 'add_ln58_1957' <Predicate = true> <Delay = 3.78> <CoreInst = "TAddSub">   --->   Core 10 'TAddSub' <Latency = 0> <II = 1> <Delay = 1.99> <IPBlock> <Opcode : '' 'add' 'sub'> <InPorts = 3> <OutPorts = 1> <Sync> <CReg>
ST_1 : Operation 1100 [1/1] (0.00ns)   --->   "%sext_ln58_183 = sext i12 %add_ln58_1957" [firmware/nnet_utils/nnet_dense_latency.h:58]   --->   Operation 1100 'sext' 'sext_ln58_183' <Predicate = true> <Delay = 0.00>
ST_1 : Operation 1101 [1/1] (3.87ns) (root node of TernaryAdder)   --->   "%add_ln58_1958 = add i15 %sub_ln17_9, i15 384" [firmware/nnet_utils/nnet_dense_latency.h:58]   --->   Operation 1101 'add' 'add_ln58_1958' <Predicate = true> <Delay = 3.87> <CoreInst = "TAddSub">   --->   Core 10 'TAddSub' <Latency = 0> <II = 1> <Delay = 1.99> <IPBlock> <Opcode : '' 'add' 'sub'> <InPorts = 3> <OutPorts = 1> <Sync> <CReg>
ST_1 : Operation 1102 [1/1] (0.00ns)   --->   "%sext_ln58_184 = sext i15 %add_ln58_1958" [firmware/nnet_utils/nnet_dense_latency.h:58]   --->   Operation 1102 'sext' 'sext_ln58_184' <Predicate = true> <Delay = 0.00>
ST_1 : Operation 1103 [1/1] (1.94ns)   --->   "%add_ln58_1959 = add i15 %mul_ln17_3, i15 64" [firmware/nnet_utils/nnet_dense_latency.h:58]   --->   Operation 1103 'add' 'add_ln58_1959' <Predicate = true> <Delay = 1.94> <CoreInst = "Adder">   --->   Core 1 'Adder' <Latency = 0> <II = 1> <Delay = 1.94> <FuncUnit> <Opcode : 'add' 'sub'> <InPorts = 2> <OutPorts = 1>
ST_1 : Operation 1104 [1/1] (0.00ns)   --->   "%sext_ln58_185 = sext i15 %add_ln58_1959" [firmware/nnet_utils/nnet_dense_latency.h:58]   --->   Operation 1104 'sext' 'sext_ln58_185' <Predicate = true> <Delay = 0.00>
ST_1 : Operation 1105 [1/1] (1.73ns)   --->   "%sub_ln58_12 = sub i11 192, i11 %sext_ln73_7" [firmware/nnet_utils/nnet_dense_latency.h:58]   --->   Operation 1105 'sub' 'sub_ln58_12' <Predicate = true> <Delay = 1.73> <CoreInst = "Adder">   --->   Core 1 'Adder' <Latency = 0> <II = 1> <Delay = 1.73> <FuncUnit> <Opcode : 'add' 'sub'> <InPorts = 2> <OutPorts = 1>
ST_1 : Operation 1106 [1/1] (0.00ns)   --->   "%sext_ln58_1093 = sext i11 %sub_ln58_12" [firmware/nnet_utils/nnet_dense_latency.h:58]   --->   Operation 1106 'sext' 'sext_ln58_1093' <Predicate = true> <Delay = 0.00>
ST_1 : Operation 1107 [1/1] (3.81ns) (root node of TernaryAdder)   --->   "%add_ln58_1960 = add i13 %sext_ln58_1093, i13 %sub_ln17_2" [firmware/nnet_utils/nnet_dense_latency.h:58]   --->   Operation 1107 'add' 'add_ln58_1960' <Predicate = true> <Delay = 3.81> <CoreInst = "TAddSub">   --->   Core 10 'TAddSub' <Latency = 0> <II = 1> <Delay = 1.99> <IPBlock> <Opcode : '' 'add' 'sub'> <InPorts = 3> <OutPorts = 1> <Sync> <CReg>
ST_1 : Operation 1108 [1/1] (0.00ns)   --->   "%sext_ln58_186 = sext i13 %add_ln58_1960" [firmware/nnet_utils/nnet_dense_latency.h:58]   --->   Operation 1108 'sext' 'sext_ln58_186' <Predicate = true> <Delay = 0.00>
ST_1 : Operation 1109 [1/1] (3.84ns) (root node of TernaryAdder)   --->   "%add_ln58_1961 = add i14 %add_ln17_1, i14 16320" [firmware/nnet_utils/nnet_dense_latency.h:58]   --->   Operation 1109 'add' 'add_ln58_1961' <Predicate = true> <Delay = 3.84> <CoreInst = "TAddSub">   --->   Core 10 'TAddSub' <Latency = 0> <II = 1> <Delay = 1.99> <IPBlock> <Opcode : '' 'add' 'sub'> <InPorts = 3> <OutPorts = 1> <Sync> <CReg>
ST_1 : Operation 1110 [1/1] (0.00ns)   --->   "%sext_ln58_1094 = sext i14 %add_ln58_1961" [firmware/nnet_utils/nnet_dense_latency.h:58]   --->   Operation 1110 'sext' 'sext_ln58_1094' <Predicate = true> <Delay = 0.00>
ST_1 : Operation 1111 [1/1] (3.87ns) (root node of TernaryAdder)   --->   "%add_ln58_1962 = add i15 %sext_ln58_1094, i15 %sub_ln17_4" [firmware/nnet_utils/nnet_dense_latency.h:58]   --->   Operation 1111 'add' 'add_ln58_1962' <Predicate = true> <Delay = 3.87> <CoreInst = "TAddSub">   --->   Core 10 'TAddSub' <Latency = 0> <II = 1> <Delay = 1.99> <IPBlock> <Opcode : '' 'add' 'sub'> <InPorts = 3> <OutPorts = 1> <Sync> <CReg>
ST_1 : Operation 1112 [1/1] (0.00ns)   --->   "%sext_ln58_187 = sext i15 %add_ln58_1962" [firmware/nnet_utils/nnet_dense_latency.h:58]   --->   Operation 1112 'sext' 'sext_ln58_187' <Predicate = true> <Delay = 0.00>
ST_1 : Operation 1113 [1/1] (2.07ns)   --->   "%add_ln58_1963 = add i16 %mult_797, i16 %sext_ln58_184" [firmware/nnet_utils/nnet_dense_latency.h:58]   --->   Operation 1113 'add' 'add_ln58_1963' <Predicate = true> <Delay = 2.07> <CoreInst = "Adder">   --->   Core 1 'Adder' <Latency = 0> <II = 1> <Delay = 2.07> <FuncUnit> <Opcode : 'add' 'sub'> <InPorts = 2> <OutPorts = 1>
ST_1 : Operation 1114 [1/1] (0.00ns)   --->   "%sext_ln58_188 = sext i16 %add_ln58_1963" [firmware/nnet_utils/nnet_dense_latency.h:58]   --->   Operation 1114 'sext' 'sext_ln58_188' <Predicate = true> <Delay = 0.00>
ST_1 : Operation 1115 [1/1] (1.94ns)   --->   "%add_ln58_1964 = add i15 %mul_ln17_1, i15 %sext_ln17_696" [firmware/nnet_utils/nnet_dense_latency.h:58]   --->   Operation 1115 'add' 'add_ln58_1964' <Predicate = true> <Delay = 1.94> <CoreInst = "Adder">   --->   Core 1 'Adder' <Latency = 0> <II = 1> <Delay = 1.94> <FuncUnit> <Opcode : 'add' 'sub'> <InPorts = 2> <OutPorts = 1>
ST_1 : Operation 1116 [1/1] (0.00ns)   --->   "%add_ln58_2002_cast = sext i15 %add_ln58_1964" [firmware/nnet_utils/nnet_dense_latency.h:58]   --->   Operation 1116 'sext' 'add_ln58_2002_cast' <Predicate = true> <Delay = 0.00>
ST_1 : Operation 1117 [1/1] (1.73ns)   --->   "%tmp16 = add i11 %sext_ln73_7, i11 %sext_ln73" [firmware/nnet_utils/nnet_mult.h:73->firmware/nnet_utils/nnet_dense_latency.h:42]   --->   Operation 1117 'add' 'tmp16' <Predicate = true> <Delay = 1.73> <CoreInst = "Adder">   --->   Core 1 'Adder' <Latency = 0> <II = 1> <Delay = 1.73> <FuncUnit> <Opcode : 'add' 'sub'> <InPorts = 2> <OutPorts = 1>
ST_1 : Operation 1118 [1/1] (0.00ns)   --->   "%tmp = bitconcatenate i12 @_ssdm_op_BitConcatenate.i12.i11.i1, i11 %tmp16, i1 0" [firmware/nnet_utils/nnet_mult.h:73->firmware/nnet_utils/nnet_dense_latency.h:42]   --->   Operation 1118 'bitconcatenate' 'tmp' <Predicate = true> <Delay = 0.00>
ST_1 : Operation 1119 [1/1] (0.00ns)   --->   "%sext_ln58_1127 = sext i12 %tmp" [firmware/nnet_utils/nnet_dense_latency.h:58]   --->   Operation 1119 'sext' 'sext_ln58_1127' <Predicate = true> <Delay = 0.00>
ST_1 : Operation 1120 [1/1] (1.54ns)   --->   "%add_ln58_1965 = add i13 %sext_ln58_1127, i13 8128" [firmware/nnet_utils/nnet_dense_latency.h:58]   --->   Operation 1120 'add' 'add_ln58_1965' <Predicate = true> <Delay = 1.54> <CoreInst = "Adder">   --->   Core 1 'Adder' <Latency = 0> <II = 1> <Delay = 1.54> <FuncUnit> <Opcode : 'add' 'sub'> <InPorts = 2> <OutPorts = 1>
ST_1 : Operation 1121 [1/1] (0.00ns)   --->   "%sext_ln58_1357 = sext i13 %add_ln58_1965" [firmware/nnet_utils/nnet_dense_latency.h:58]   --->   Operation 1121 'sext' 'sext_ln58_1357' <Predicate = true> <Delay = 0.00>
ST_1 : Operation 1122 [1/1] (1.67ns)   --->   "%add_ln58_1966 = add i13 %trunc_ln17, i13 192" [firmware/nnet_utils/nnet_dense_latency.h:58]   --->   Operation 1122 'add' 'add_ln58_1966' <Predicate = true> <Delay = 1.67> <CoreInst = "Adder">   --->   Core 1 'Adder' <Latency = 0> <II = 1> <Delay = 1.67> <FuncUnit> <Opcode : 'add' 'sub'> <InPorts = 2> <OutPorts = 1>
ST_1 : Operation 1123 [1/1] (0.00ns)   --->   "%sext_ln58_1095 = sext i13 %add_ln58_1966" [firmware/nnet_utils/nnet_dense_latency.h:58]   --->   Operation 1123 'sext' 'sext_ln58_1095' <Predicate = true> <Delay = 0.00>
ST_1 : Operation 1124 [1/1] (1.94ns)   --->   "%add_ln58_1967 = add i15 %sext_ln58_1095, i15 %mul_ln17_2" [firmware/nnet_utils/nnet_dense_latency.h:58]   --->   Operation 1124 'add' 'add_ln58_1967' <Predicate = true> <Delay = 1.94> <CoreInst = "Adder">   --->   Core 1 'Adder' <Latency = 0> <II = 1> <Delay = 1.94> <FuncUnit> <Opcode : 'add' 'sub'> <InPorts = 2> <OutPorts = 1>
ST_1 : Operation 1125 [1/1] (0.00ns)   --->   "%sext_ln58_190 = sext i15 %add_ln58_1967" [firmware/nnet_utils/nnet_dense_latency.h:58]   --->   Operation 1125 'sext' 'sext_ln58_190' <Predicate = true> <Delay = 0.00>
ST_1 : Operation 1126 [1/1] (1.81ns)   --->   "%add_ln58_1968 = add i14 %mult_801, i14 %sext_ln58_186" [firmware/nnet_utils/nnet_dense_latency.h:58]   --->   Operation 1126 'add' 'add_ln58_1968' <Predicate = true> <Delay = 1.81> <CoreInst = "Adder">   --->   Core 1 'Adder' <Latency = 0> <II = 1> <Delay = 1.81> <FuncUnit> <Opcode : 'add' 'sub'> <InPorts = 2> <OutPorts = 1>
ST_1 : Operation 1127 [1/1] (0.00ns)   --->   "%sext_ln58_1096 = sext i14 %add_ln58_1968" [firmware/nnet_utils/nnet_dense_latency.h:58]   --->   Operation 1127 'sext' 'sext_ln58_1096' <Predicate = true> <Delay = 0.00>
ST_1 : Operation 1128 [1/1] (1.81ns)   --->   "%add_ln58_1969 = add i14 %trunc_ln17_1, i14 %sext_ln58" [firmware/nnet_utils/nnet_dense_latency.h:58]   --->   Operation 1128 'add' 'add_ln58_1969' <Predicate = true> <Delay = 1.81> <CoreInst = "Adder">   --->   Core 1 'Adder' <Latency = 0> <II = 1> <Delay = 1.81> <FuncUnit> <Opcode : 'add' 'sub'> <InPorts = 2> <OutPorts = 1>
ST_1 : Operation 1129 [1/1] (0.00ns)   --->   "%sext_ln58_1097 = sext i14 %add_ln58_1969" [firmware/nnet_utils/nnet_dense_latency.h:58]   --->   Operation 1129 'sext' 'sext_ln58_1097' <Predicate = true> <Delay = 0.00>
ST_1 : Operation 1130 [1/1] (3.87ns) (root node of TernaryAdder)   --->   "%add_ln58_1970 = add i15 %sext_ln58_1097, i15 %mult_794" [firmware/nnet_utils/nnet_dense_latency.h:58]   --->   Operation 1130 'add' 'add_ln58_1970' <Predicate = true> <Delay = 3.87> <CoreInst = "TAddSub">   --->   Core 10 'TAddSub' <Latency = 0> <II = 1> <Delay = 1.99> <IPBlock> <Opcode : '' 'add' 'sub'> <InPorts = 3> <OutPorts = 1> <Sync> <CReg>
ST_1 : Operation 1131 [1/1] (0.00ns)   --->   "%sext_ln58_192 = sext i15 %add_ln58_1970" [firmware/nnet_utils/nnet_dense_latency.h:58]   --->   Operation 1131 'sext' 'sext_ln58_192' <Predicate = true> <Delay = 0.00>
ST_1 : Operation 1132 [1/1] (3.81ns) (root node of TernaryAdder)   --->   "%add_ln58_1971 = add i13 %add_ln58, i13 %sext_ln17_698" [firmware/nnet_utils/nnet_dense_latency.h:58]   --->   Operation 1132 'add' 'add_ln58_1971' <Predicate = true> <Delay = 3.81> <CoreInst = "TAddSub">   --->   Core 10 'TAddSub' <Latency = 0> <II = 1> <Delay = 1.99> <IPBlock> <Opcode : '' 'add' 'sub'> <InPorts = 3> <OutPorts = 1> <Sync> <CReg>
ST_1 : Operation 1133 [1/1] (0.00ns)   --->   "%sext_ln58_1098 = sext i13 %add_ln58_1971" [firmware/nnet_utils/nnet_dense_latency.h:58]   --->   Operation 1133 'sext' 'sext_ln58_1098' <Predicate = true> <Delay = 0.00>
ST_1 : Operation 1134 [1/1] (1.81ns)   --->   "%add_ln58_1972 = add i14 %sext_ln58_1098, i14 %sub_ln17_13" [firmware/nnet_utils/nnet_dense_latency.h:58]   --->   Operation 1134 'add' 'add_ln58_1972' <Predicate = true> <Delay = 1.81> <CoreInst = "Adder">   --->   Core 1 'Adder' <Latency = 0> <II = 1> <Delay = 1.81> <FuncUnit> <Opcode : 'add' 'sub'> <InPorts = 2> <OutPorts = 1>
ST_1 : Operation 1135 [1/1] (0.00ns)   --->   "%sext_ln58_193 = sext i14 %add_ln58_1972" [firmware/nnet_utils/nnet_dense_latency.h:58]   --->   Operation 1135 'sext' 'sext_ln58_193' <Predicate = true> <Delay = 0.00>
ST_1 : Operation 1136 [1/1] (0.00ns) (grouped into TernaryAdder)   --->   "%add_ln58_1973 = add i15 %add_ln17, i15 %sext_ln17_694" [firmware/nnet_utils/nnet_dense_latency.h:58]   --->   Operation 1136 'add' 'add_ln58_1973' <Predicate = true> <Delay = 0.00> <CoreInst = "TAddSub">   --->   Core 10 'TAddSub' <Latency = 0> <II = 1> <Delay = 1.99> <IPBlock> <Opcode : '' 'add' 'sub'> <InPorts = 3> <OutPorts = 1> <Sync> <CReg>
ST_1 : Operation 1137 [1/1] (3.81ns) (root node of TernaryAdder)   --->   "%add_ln58_1974 = add i13 %sub_ln17_16, i13 8064" [firmware/nnet_utils/nnet_dense_latency.h:58]   --->   Operation 1137 'add' 'add_ln58_1974' <Predicate = true> <Delay = 3.81> <CoreInst = "TAddSub">   --->   Core 10 'TAddSub' <Latency = 0> <II = 1> <Delay = 1.99> <IPBlock> <Opcode : '' 'add' 'sub'> <InPorts = 3> <OutPorts = 1> <Sync> <CReg>
ST_1 : Operation 1138 [1/1] (0.00ns)   --->   "%sext_ln58_1099 = sext i13 %add_ln58_1974" [firmware/nnet_utils/nnet_dense_latency.h:58]   --->   Operation 1138 'sext' 'sext_ln58_1099' <Predicate = true> <Delay = 0.00>
ST_1 : Operation 1139 [1/1] (3.87ns) (root node of TernaryAdder)   --->   "%add_ln58_1975 = add i15 %sext_ln58_1099, i15 %add_ln58_1973" [firmware/nnet_utils/nnet_dense_latency.h:58]   --->   Operation 1139 'add' 'add_ln58_1975' <Predicate = true> <Delay = 3.87> <CoreInst = "TAddSub">   --->   Core 10 'TAddSub' <Latency = 0> <II = 1> <Delay = 1.99> <IPBlock> <Opcode : '' 'add' 'sub'> <InPorts = 3> <OutPorts = 1> <Sync> <CReg>
ST_1 : Operation 1140 [1/1] (0.00ns)   --->   "%sext_ln58_194 = sext i15 %add_ln58_1975" [firmware/nnet_utils/nnet_dense_latency.h:58]   --->   Operation 1140 'sext' 'sext_ln58_194' <Predicate = true> <Delay = 0.00>
ST_1 : Operation 1141 [1/1] (0.00ns) (grouped into TernaryAdder)   --->   "%add_ln58_1976 = add i16 %sub_ln17_11, i16 %sext_ln17_695" [firmware/nnet_utils/nnet_dense_latency.h:58]   --->   Operation 1141 'add' 'add_ln58_1976' <Predicate = true> <Delay = 0.00> <CoreInst = "TAddSub">   --->   Core 10 'TAddSub' <Latency = 0> <II = 1> <Delay = 1.99> <IPBlock> <Opcode : '' 'add' 'sub'> <InPorts = 3> <OutPorts = 1> <Sync> <CReg>
ST_1 : Operation 1142 [1/1] (3.81ns) (root node of TernaryAdder)   --->   "%add_ln58_1977 = add i13 %sub_ln17_17, i13 448" [firmware/nnet_utils/nnet_dense_latency.h:58]   --->   Operation 1142 'add' 'add_ln58_1977' <Predicate = true> <Delay = 3.81> <CoreInst = "TAddSub">   --->   Core 10 'TAddSub' <Latency = 0> <II = 1> <Delay = 1.99> <IPBlock> <Opcode : '' 'add' 'sub'> <InPorts = 3> <OutPorts = 1> <Sync> <CReg>
ST_1 : Operation 1143 [1/1] (0.00ns)   --->   "%sext_ln58_1100 = sext i13 %add_ln58_1977" [firmware/nnet_utils/nnet_dense_latency.h:58]   --->   Operation 1143 'sext' 'sext_ln58_1100' <Predicate = true> <Delay = 0.00>
ST_1 : Operation 1144 [1/1] (3.90ns) (root node of TernaryAdder)   --->   "%add_ln58_1978 = add i16 %sext_ln58_1100, i16 %add_ln58_1976" [firmware/nnet_utils/nnet_dense_latency.h:58]   --->   Operation 1144 'add' 'add_ln58_1978' <Predicate = true> <Delay = 3.90> <CoreInst = "TAddSub">   --->   Core 10 'TAddSub' <Latency = 0> <II = 1> <Delay = 1.99> <IPBlock> <Opcode : '' 'add' 'sub'> <InPorts = 3> <OutPorts = 1> <Sync> <CReg>
ST_1 : Operation 1145 [1/1] (0.00ns)   --->   "%sext_ln58_195 = sext i16 %add_ln58_1978" [firmware/nnet_utils/nnet_dense_latency.h:58]   --->   Operation 1145 'sext' 'sext_ln58_195' <Predicate = true> <Delay = 0.00>
ST_1 : Operation 1146 [1/1] (0.00ns) (grouped into TernaryAdder)   --->   "%add_ln58_1979 = add i16 %mult, i16 %mult_807" [firmware/nnet_utils/nnet_dense_latency.h:58]   --->   Operation 1146 'add' 'add_ln58_1979' <Predicate = true> <Delay = 0.00> <CoreInst = "TAddSub">   --->   Core 10 'TAddSub' <Latency = 0> <II = 1> <Delay = 1.99> <IPBlock> <Opcode : '' 'add' 'sub'> <InPorts = 3> <OutPorts = 1> <Sync> <CReg>
ST_1 : Operation 1147 [1/1] (3.90ns) (root node of TernaryAdder)   --->   "%add_ln58_1980 = add i16 %add_ln58_1979, i16 %mult_795" [firmware/nnet_utils/nnet_dense_latency.h:58]   --->   Operation 1147 'add' 'add_ln58_1980' <Predicate = true> <Delay = 3.90> <CoreInst = "TAddSub">   --->   Core 10 'TAddSub' <Latency = 0> <II = 1> <Delay = 1.99> <IPBlock> <Opcode : '' 'add' 'sub'> <InPorts = 3> <OutPorts = 1> <Sync> <CReg>
ST_1 : Operation 1148 [1/1] (0.00ns)   --->   "%sext_ln58_196 = sext i16 %add_ln58_1980" [firmware/nnet_utils/nnet_dense_latency.h:58]   --->   Operation 1148 'sext' 'sext_ln58_196' <Predicate = true> <Delay = 0.00>
ST_1 : Operation 1149 [1/1] (3.90ns) (root node of TernaryAdder)   --->   "%add_ln58_1981 = add i16 %mult_808, i16 %sext_ln58_190" [firmware/nnet_utils/nnet_dense_latency.h:58]   --->   Operation 1149 'add' 'add_ln58_1981' <Predicate = true> <Delay = 3.90> <CoreInst = "TAddSub">   --->   Core 10 'TAddSub' <Latency = 0> <II = 1> <Delay = 1.99> <IPBlock> <Opcode : '' 'add' 'sub'> <InPorts = 3> <OutPorts = 1> <Sync> <CReg>
ST_1 : Operation 1150 [1/1] (0.00ns)   --->   "%sext_ln58_197 = sext i16 %add_ln58_1981" [firmware/nnet_utils/nnet_dense_latency.h:58]   --->   Operation 1150 'sext' 'sext_ln58_197' <Predicate = true> <Delay = 0.00>
ST_1 : Operation 1151 [1/1] (1.81ns)   --->   "%add_ln58_1982 = add i15 %sext_ln58_193, i15 %sext_ln17_701" [firmware/nnet_utils/nnet_dense_latency.h:58]   --->   Operation 1151 'add' 'add_ln58_1982' <Predicate = true> <Delay = 1.81> <CoreInst = "Adder">   --->   Core 1 'Adder' <Latency = 0> <II = 1> <Delay = 1.81> <FuncUnit> <Opcode : 'add' 'sub'> <InPorts = 2> <OutPorts = 1>
ST_1 : Operation 1152 [1/1] (0.00ns)   --->   "%sext_ln58_198 = sext i15 %add_ln58_1982" [firmware/nnet_utils/nnet_dense_latency.h:58]   --->   Operation 1152 'sext' 'sext_ln58_198' <Predicate = true> <Delay = 0.00>
ST_1 : Operation 1153 [1/1] (0.00ns) (grouped into TernaryAdder)   --->   "%add_ln58_1983 = add i16 %mult_804, i16 %mult_795" [firmware/nnet_utils/nnet_dense_latency.h:58]   --->   Operation 1153 'add' 'add_ln58_1983' <Predicate = true> <Delay = 0.00> <CoreInst = "TAddSub">   --->   Core 10 'TAddSub' <Latency = 0> <II = 1> <Delay = 1.99> <IPBlock> <Opcode : '' 'add' 'sub'> <InPorts = 3> <OutPorts = 1> <Sync> <CReg>
ST_1 : Operation 1154 [1/1] (3.87ns) (root node of TernaryAdder)   --->   "%add_ln58_1984 = add i15 %add_ln58_1956, i15 %sext_ln17_702" [firmware/nnet_utils/nnet_dense_latency.h:58]   --->   Operation 1154 'add' 'add_ln58_1984' <Predicate = true> <Delay = 3.87> <CoreInst = "TAddSub">   --->   Core 10 'TAddSub' <Latency = 0> <II = 1> <Delay = 1.99> <IPBlock> <Opcode : '' 'add' 'sub'> <InPorts = 3> <OutPorts = 1> <Sync> <CReg>
ST_1 : Operation 1155 [1/1] (0.00ns)   --->   "%sext_ln58_1101 = sext i15 %add_ln58_1984" [firmware/nnet_utils/nnet_dense_latency.h:58]   --->   Operation 1155 'sext' 'sext_ln58_1101' <Predicate = true> <Delay = 0.00>
ST_1 : Operation 1156 [1/1] (3.90ns) (root node of TernaryAdder)   --->   "%add_ln58_1985 = add i16 %sext_ln58_1101, i16 %add_ln58_1983" [firmware/nnet_utils/nnet_dense_latency.h:58]   --->   Operation 1156 'add' 'add_ln58_1985' <Predicate = true> <Delay = 3.90> <CoreInst = "TAddSub">   --->   Core 10 'TAddSub' <Latency = 0> <II = 1> <Delay = 1.99> <IPBlock> <Opcode : '' 'add' 'sub'> <InPorts = 3> <OutPorts = 1> <Sync> <CReg>
ST_1 : Operation 1157 [1/1] (0.00ns)   --->   "%sext_ln58_199 = sext i16 %add_ln58_1985" [firmware/nnet_utils/nnet_dense_latency.h:58]   --->   Operation 1157 'sext' 'sext_ln58_199' <Predicate = true> <Delay = 0.00>
ST_1 : Operation 1158 [1/1] (1.81ns)   --->   "%add_ln58_1986 = add i14 %trunc_ln17_1, i14 %sext_ln17_703" [firmware/nnet_utils/nnet_dense_latency.h:58]   --->   Operation 1158 'add' 'add_ln58_1986' <Predicate = true> <Delay = 1.81> <CoreInst = "Adder">   --->   Core 1 'Adder' <Latency = 0> <II = 1> <Delay = 1.81> <FuncUnit> <Opcode : 'add' 'sub'> <InPorts = 2> <OutPorts = 1>
ST_1 : Operation 1159 [1/1] (0.00ns)   --->   "%sext_ln58_1102 = sext i14 %add_ln58_1986" [firmware/nnet_utils/nnet_dense_latency.h:58]   --->   Operation 1159 'sext' 'sext_ln58_1102' <Predicate = true> <Delay = 0.00>
ST_1 : Operation 1160 [1/1] (1.94ns)   --->   "%add_ln58_1987 = add i16 %sext_ln58_1102, i16 %add_ln58_2002_cast" [firmware/nnet_utils/nnet_dense_latency.h:58]   --->   Operation 1160 'add' 'add_ln58_1987' <Predicate = true> <Delay = 1.94> <CoreInst = "Adder">   --->   Core 1 'Adder' <Latency = 0> <II = 1> <Delay = 1.94> <FuncUnit> <Opcode : 'add' 'sub'> <InPorts = 2> <OutPorts = 1>
ST_1 : Operation 1161 [1/1] (0.00ns)   --->   "%sext_ln58_200 = sext i16 %add_ln58_1987" [firmware/nnet_utils/nnet_dense_latency.h:58]   --->   Operation 1161 'sext' 'sext_ln58_200' <Predicate = true> <Delay = 0.00>
ST_1 : Operation 1162 [1/1] (0.00ns) (grouped into TernaryAdder)   --->   "%add_ln58_1988 = add i16 %mult_818, i16 %sext_ln58_185" [firmware/nnet_utils/nnet_dense_latency.h:58]   --->   Operation 1162 'add' 'add_ln58_1988' <Predicate = true> <Delay = 0.00> <CoreInst = "TAddSub">   --->   Core 10 'TAddSub' <Latency = 0> <II = 1> <Delay = 1.99> <IPBlock> <Opcode : '' 'add' 'sub'> <InPorts = 3> <OutPorts = 1> <Sync> <CReg>
ST_1 : Operation 1163 [1/1] (1.94ns)   --->   "%add_ln58_1989 = add i15 %mult_800, i15 %sext_ln17_697" [firmware/nnet_utils/nnet_dense_latency.h:58]   --->   Operation 1163 'add' 'add_ln58_1989' <Predicate = true> <Delay = 1.94> <CoreInst = "Adder">   --->   Core 1 'Adder' <Latency = 0> <II = 1> <Delay = 1.94> <FuncUnit> <Opcode : 'add' 'sub'> <InPorts = 2> <OutPorts = 1>
ST_1 : Operation 1164 [1/1] (0.00ns)   --->   "%sext_ln58_1103 = sext i15 %add_ln58_1989" [firmware/nnet_utils/nnet_dense_latency.h:58]   --->   Operation 1164 'sext' 'sext_ln58_1103' <Predicate = true> <Delay = 0.00>
ST_1 : Operation 1165 [1/1] (3.90ns) (root node of TernaryAdder)   --->   "%add_ln58_1990 = add i16 %sext_ln58_1103, i16 %add_ln58_1988" [firmware/nnet_utils/nnet_dense_latency.h:58]   --->   Operation 1165 'add' 'add_ln58_1990' <Predicate = true> <Delay = 3.90> <CoreInst = "TAddSub">   --->   Core 10 'TAddSub' <Latency = 0> <II = 1> <Delay = 1.99> <IPBlock> <Opcode : '' 'add' 'sub'> <InPorts = 3> <OutPorts = 1> <Sync> <CReg>
ST_1 : Operation 1166 [1/1] (0.00ns)   --->   "%sext_ln58_201 = sext i16 %add_ln58_1990" [firmware/nnet_utils/nnet_dense_latency.h:58]   --->   Operation 1166 'sext' 'sext_ln58_201' <Predicate = true> <Delay = 0.00>
ST_1 : Operation 1167 [1/1] (2.07ns)   --->   "%add_ln58_1991 = add i16 %mult_821, i16 %sext_ln58_198" [firmware/nnet_utils/nnet_dense_latency.h:58]   --->   Operation 1167 'add' 'add_ln58_1991' <Predicate = true> <Delay = 2.07> <CoreInst = "Adder">   --->   Core 1 'Adder' <Latency = 0> <II = 1> <Delay = 2.07> <FuncUnit> <Opcode : 'add' 'sub'> <InPorts = 2> <OutPorts = 1>
ST_1 : Operation 1168 [1/1] (0.00ns)   --->   "%sext_ln58_202 = sext i16 %add_ln58_1991" [firmware/nnet_utils/nnet_dense_latency.h:58]   --->   Operation 1168 'sext' 'sext_ln58_202' <Predicate = true> <Delay = 0.00>
ST_1 : Operation 1169 [1/1] (0.00ns) (grouped into TernaryAdder)   --->   "%add_ln58_1992 = add i16 %mult_834, i16 %mult_809" [firmware/nnet_utils/nnet_dense_latency.h:58]   --->   Operation 1169 'add' 'add_ln58_1992' <Predicate = true> <Delay = 0.00> <CoreInst = "TAddSub">   --->   Core 10 'TAddSub' <Latency = 0> <II = 1> <Delay = 1.99> <IPBlock> <Opcode : '' 'add' 'sub'> <InPorts = 3> <OutPorts = 1> <Sync> <CReg>
ST_1 : Operation 1170 [1/1] (3.87ns) (root node of TernaryAdder)   --->   "%add_ln58_1993 = add i15 %mult_819, i15 %sext_ln58_1096" [firmware/nnet_utils/nnet_dense_latency.h:58]   --->   Operation 1170 'add' 'add_ln58_1993' <Predicate = true> <Delay = 3.87> <CoreInst = "TAddSub">   --->   Core 10 'TAddSub' <Latency = 0> <II = 1> <Delay = 1.99> <IPBlock> <Opcode : '' 'add' 'sub'> <InPorts = 3> <OutPorts = 1> <Sync> <CReg>
ST_1 : Operation 1171 [1/1] (0.00ns)   --->   "%sext_ln58_1104 = sext i15 %add_ln58_1993" [firmware/nnet_utils/nnet_dense_latency.h:58]   --->   Operation 1171 'sext' 'sext_ln58_1104' <Predicate = true> <Delay = 0.00>
ST_1 : Operation 1172 [1/1] (3.90ns) (root node of TernaryAdder)   --->   "%add_ln58_1994 = add i16 %sext_ln58_1104, i16 %add_ln58_1992" [firmware/nnet_utils/nnet_dense_latency.h:58]   --->   Operation 1172 'add' 'add_ln58_1994' <Predicate = true> <Delay = 3.90> <CoreInst = "TAddSub">   --->   Core 10 'TAddSub' <Latency = 0> <II = 1> <Delay = 1.99> <IPBlock> <Opcode : '' 'add' 'sub'> <InPorts = 3> <OutPorts = 1> <Sync> <CReg>
ST_1 : Operation 1173 [1/1] (0.00ns) (grouped into TernaryAdder)   --->   "%add_ln58_1995 = add i16 %mult_810, i16 %sext_ln58_192" [firmware/nnet_utils/nnet_dense_latency.h:58]   --->   Operation 1173 'add' 'add_ln58_1995' <Predicate = true> <Delay = 0.00> <CoreInst = "TAddSub">   --->   Core 10 'TAddSub' <Latency = 0> <II = 1> <Delay = 1.99> <IPBlock> <Opcode : '' 'add' 'sub'> <InPorts = 3> <OutPorts = 1> <Sync> <CReg>
ST_1 : Operation 1174 [1/1] (1.67ns)   --->   "%add_ln58_1996 = add i13 %add_ln17_2, i13 %sext_ln17_704" [firmware/nnet_utils/nnet_dense_latency.h:58]   --->   Operation 1174 'add' 'add_ln58_1996' <Predicate = true> <Delay = 1.67> <CoreInst = "Adder">   --->   Core 1 'Adder' <Latency = 0> <II = 1> <Delay = 1.67> <FuncUnit> <Opcode : 'add' 'sub'> <InPorts = 2> <OutPorts = 1>
ST_1 : Operation 1175 [1/1] (0.00ns)   --->   "%sext_ln58_1105 = sext i13 %add_ln58_1996" [firmware/nnet_utils/nnet_dense_latency.h:58]   --->   Operation 1175 'sext' 'sext_ln58_1105' <Predicate = true> <Delay = 0.00>
ST_1 : Operation 1176 [1/1] (3.90ns) (root node of TernaryAdder)   --->   "%add_ln58_1997 = add i16 %sext_ln58_1105, i16 %add_ln58_1995" [firmware/nnet_utils/nnet_dense_latency.h:58]   --->   Operation 1176 'add' 'add_ln58_1997' <Predicate = true> <Delay = 3.90> <CoreInst = "TAddSub">   --->   Core 10 'TAddSub' <Latency = 0> <II = 1> <Delay = 1.99> <IPBlock> <Opcode : '' 'add' 'sub'> <InPorts = 3> <OutPorts = 1> <Sync> <CReg>
ST_1 : Operation 1177 [1/1] (0.00ns)   --->   "%sext_ln58_204 = sext i16 %add_ln58_1997" [firmware/nnet_utils/nnet_dense_latency.h:58]   --->   Operation 1177 'sext' 'sext_ln58_204' <Predicate = true> <Delay = 0.00>
ST_1 : Operation 1178 [1/1] (0.00ns) (grouped into TernaryAdder)   --->   "%add_ln58_1998 = add i16 %mult_837, i16 %sext_ln58_194" [firmware/nnet_utils/nnet_dense_latency.h:58]   --->   Operation 1178 'add' 'add_ln58_1998' <Predicate = true> <Delay = 0.00> <CoreInst = "TAddSub">   --->   Core 10 'TAddSub' <Latency = 0> <II = 1> <Delay = 1.99> <IPBlock> <Opcode : '' 'add' 'sub'> <InPorts = 3> <OutPorts = 1> <Sync> <CReg>
ST_1 : Operation 1179 [1/1] (3.81ns) (root node of TernaryAdder)   --->   "%sub_ln58_25 = sub i13 %mult_824, i13 %sext_ln73_71" [firmware/nnet_utils/nnet_dense_latency.h:58]   --->   Operation 1179 'sub' 'sub_ln58_25' <Predicate = true> <Delay = 3.81> <CoreInst = "TAddSub">   --->   Core 10 'TAddSub' <Latency = 0> <II = 1> <Delay = 1.99> <IPBlock> <Opcode : '' 'add' 'sub'> <InPorts = 3> <OutPorts = 1> <Sync> <CReg>
ST_1 : Operation 1180 [1/1] (0.00ns)   --->   "%sext_ln58_1106 = sext i13 %sub_ln58_25" [firmware/nnet_utils/nnet_dense_latency.h:58]   --->   Operation 1180 'sext' 'sext_ln58_1106' <Predicate = true> <Delay = 0.00>
ST_1 : Operation 1181 [1/1] (3.90ns) (root node of TernaryAdder)   --->   "%add_ln58_1999 = add i16 %sext_ln58_1106, i16 %add_ln58_1998" [firmware/nnet_utils/nnet_dense_latency.h:58]   --->   Operation 1181 'add' 'add_ln58_1999' <Predicate = true> <Delay = 3.90> <CoreInst = "TAddSub">   --->   Core 10 'TAddSub' <Latency = 0> <II = 1> <Delay = 1.99> <IPBlock> <Opcode : '' 'add' 'sub'> <InPorts = 3> <OutPorts = 1> <Sync> <CReg>
ST_1 : Operation 1182 [1/1] (0.00ns)   --->   "%sext_ln58_205 = sext i16 %add_ln58_1999" [firmware/nnet_utils/nnet_dense_latency.h:58]   --->   Operation 1182 'sext' 'sext_ln58_205' <Predicate = true> <Delay = 0.00>
ST_1 : Operation 1183 [1/1] (0.00ns) (grouped into TernaryAdder)   --->   "%add_ln58_2000 = add i17 %sext_ln58_188, i17 %sext_ln17_707" [firmware/nnet_utils/nnet_dense_latency.h:58]   --->   Operation 1183 'add' 'add_ln58_2000' <Predicate = true> <Delay = 0.00> <CoreInst = "TAddSub">   --->   Core 10 'TAddSub' <Latency = 0> <II = 1> <Delay = 1.99> <IPBlock> <Opcode : '' 'add' 'sub'> <InPorts = 3> <OutPorts = 1> <Sync> <CReg>
ST_1 : Operation 1184 [1/1] (1.94ns)   --->   "%add_ln58_2001 = add i15 %mult_802, i15 %mult_815" [firmware/nnet_utils/nnet_dense_latency.h:58]   --->   Operation 1184 'add' 'add_ln58_2001' <Predicate = true> <Delay = 1.94> <CoreInst = "Adder">   --->   Core 1 'Adder' <Latency = 0> <II = 1> <Delay = 1.94> <FuncUnit> <Opcode : 'add' 'sub'> <InPorts = 2> <OutPorts = 1>
ST_1 : Operation 1185 [1/1] (0.00ns)   --->   "%sext_ln58_1107 = sext i15 %add_ln58_2001" [firmware/nnet_utils/nnet_dense_latency.h:58]   --->   Operation 1185 'sext' 'sext_ln58_1107' <Predicate = true> <Delay = 0.00>
ST_1 : Operation 1186 [1/1] (3.87ns) (root node of TernaryAdder)   --->   "%add_ln58_2002 = add i16 %sext_ln58_1107, i16 %mult_840" [firmware/nnet_utils/nnet_dense_latency.h:58]   --->   Operation 1186 'add' 'add_ln58_2002' <Predicate = true> <Delay = 3.87> <CoreInst = "TAddSub">   --->   Core 10 'TAddSub' <Latency = 0> <II = 1> <Delay = 1.99> <IPBlock> <Opcode : '' 'add' 'sub'> <InPorts = 3> <OutPorts = 1> <Sync> <CReg>
ST_1 : Operation 1187 [1/1] (0.00ns)   --->   "%sext_ln58_1108 = sext i16 %add_ln58_2002" [firmware/nnet_utils/nnet_dense_latency.h:58]   --->   Operation 1187 'sext' 'sext_ln58_1108' <Predicate = true> <Delay = 0.00>
ST_1 : Operation 1188 [1/1] (3.93ns) (root node of TernaryAdder)   --->   "%add_ln58_2003 = add i17 %sext_ln58_1108, i17 %add_ln58_2000" [firmware/nnet_utils/nnet_dense_latency.h:58]   --->   Operation 1188 'add' 'add_ln58_2003' <Predicate = true> <Delay = 3.93> <CoreInst = "TAddSub">   --->   Core 10 'TAddSub' <Latency = 0> <II = 1> <Delay = 1.99> <IPBlock> <Opcode : '' 'add' 'sub'> <InPorts = 3> <OutPorts = 1> <Sync> <CReg>
ST_1 : Operation 1189 [1/1] (0.00ns) (grouped into TernaryAdder)   --->   "%add_ln58_2004 = add i17 %mult_847, i17 %sext_ln58_199" [firmware/nnet_utils/nnet_dense_latency.h:58]   --->   Operation 1189 'add' 'add_ln58_2004' <Predicate = true> <Delay = 0.00> <CoreInst = "TAddSub">   --->   Core 10 'TAddSub' <Latency = 0> <II = 1> <Delay = 1.99> <IPBlock> <Opcode : '' 'add' 'sub'> <InPorts = 3> <OutPorts = 1> <Sync> <CReg>
ST_1 : Operation 1190 [1/1] (2.07ns)   --->   "%add_ln58_2005 = add i16 %mult_836, i16 %sext_ln17_705" [firmware/nnet_utils/nnet_dense_latency.h:58]   --->   Operation 1190 'add' 'add_ln58_2005' <Predicate = true> <Delay = 2.07> <CoreInst = "Adder">   --->   Core 1 'Adder' <Latency = 0> <II = 1> <Delay = 2.07> <FuncUnit> <Opcode : 'add' 'sub'> <InPorts = 2> <OutPorts = 1>
ST_1 : Operation 1191 [1/1] (0.00ns)   --->   "%sext_ln58_1109 = sext i16 %add_ln58_2005" [firmware/nnet_utils/nnet_dense_latency.h:58]   --->   Operation 1191 'sext' 'sext_ln58_1109' <Predicate = true> <Delay = 0.00>
ST_1 : Operation 1192 [1/1] (3.93ns) (root node of TernaryAdder)   --->   "%add_ln58_2006 = add i17 %sext_ln58_1109, i17 %add_ln58_2004" [firmware/nnet_utils/nnet_dense_latency.h:58]   --->   Operation 1192 'add' 'add_ln58_2006' <Predicate = true> <Delay = 3.93> <CoreInst = "TAddSub">   --->   Core 10 'TAddSub' <Latency = 0> <II = 1> <Delay = 1.99> <IPBlock> <Opcode : '' 'add' 'sub'> <InPorts = 3> <OutPorts = 1> <Sync> <CReg>
ST_1 : Operation 1193 [1/1] (3.84ns) (root node of TernaryAdder)   --->   "%add_ln58_2007 = add i14 %sub_ln17_15, i14 %mult_813" [firmware/nnet_utils/nnet_dense_latency.h:58]   --->   Operation 1193 'add' 'add_ln58_2007' <Predicate = true> <Delay = 3.84> <CoreInst = "TAddSub">   --->   Core 10 'TAddSub' <Latency = 0> <II = 1> <Delay = 1.99> <IPBlock> <Opcode : '' 'add' 'sub'> <InPorts = 3> <OutPorts = 1> <Sync> <CReg>
ST_1 : Operation 1194 [1/1] (0.00ns)   --->   "%sext_ln58_1110 = sext i14 %add_ln58_2007" [firmware/nnet_utils/nnet_dense_latency.h:58]   --->   Operation 1194 'sext' 'sext_ln58_1110' <Predicate = true> <Delay = 0.00>
ST_1 : Operation 1195 [1/1] (0.00ns) (grouped into TernaryAdder)   --->   "%add_ln58_2008 = add i16 %sext_ln58_1110, i16 %sext_ln58_187" [firmware/nnet_utils/nnet_dense_latency.h:58]   --->   Operation 1195 'add' 'add_ln58_2008' <Predicate = true> <Delay = 0.00> <CoreInst = "TAddSub">   --->   Core 10 'TAddSub' <Latency = 0> <II = 1> <Delay = 1.99> <IPBlock> <Opcode : '' 'add' 'sub'> <InPorts = 3> <OutPorts = 1> <Sync> <CReg>
ST_1 : Operation 1196 [1/1] (3.81ns) (root node of TernaryAdder)   --->   "%sub_ln58_26 = sub i13 %mult_823, i13 %sext_ln73_155" [firmware/nnet_utils/nnet_dense_latency.h:58]   --->   Operation 1196 'sub' 'sub_ln58_26' <Predicate = true> <Delay = 3.81> <CoreInst = "TAddSub">   --->   Core 10 'TAddSub' <Latency = 0> <II = 1> <Delay = 1.99> <IPBlock> <Opcode : '' 'add' 'sub'> <InPorts = 3> <OutPorts = 1> <Sync> <CReg>
ST_1 : Operation 1197 [1/1] (0.00ns)   --->   "%sext_ln58_1111 = sext i13 %sub_ln58_26" [firmware/nnet_utils/nnet_dense_latency.h:58]   --->   Operation 1197 'sext' 'sext_ln58_1111' <Predicate = true> <Delay = 0.00>
ST_1 : Operation 1198 [1/1] (1.67ns)   --->   "%sub_ln58_27 = sub i14 %sext_ln58_1111, i14 %sext_ln73_144" [firmware/nnet_utils/nnet_dense_latency.h:58]   --->   Operation 1198 'sub' 'sub_ln58_27' <Predicate = true> <Delay = 1.67> <CoreInst = "Adder">   --->   Core 1 'Adder' <Latency = 0> <II = 1> <Delay = 1.67> <FuncUnit> <Opcode : 'add' 'sub'> <InPorts = 2> <OutPorts = 1>
ST_1 : Operation 1199 [1/1] (0.00ns)   --->   "%sext_ln58_1112 = sext i14 %sub_ln58_27" [firmware/nnet_utils/nnet_dense_latency.h:58]   --->   Operation 1199 'sext' 'sext_ln58_1112' <Predicate = true> <Delay = 0.00>
ST_1 : Operation 1200 [1/1] (3.90ns) (root node of TernaryAdder)   --->   "%add_ln58_2009 = add i16 %sext_ln58_1112, i16 %add_ln58_2008" [firmware/nnet_utils/nnet_dense_latency.h:58]   --->   Operation 1200 'add' 'add_ln58_2009' <Predicate = true> <Delay = 3.90> <CoreInst = "TAddSub">   --->   Core 10 'TAddSub' <Latency = 0> <II = 1> <Delay = 1.99> <IPBlock> <Opcode : '' 'add' 'sub'> <InPorts = 3> <OutPorts = 1> <Sync> <CReg>
ST_1 : Operation 1201 [1/1] (0.00ns)   --->   "%sext_ln58_208 = sext i16 %add_ln58_2009" [firmware/nnet_utils/nnet_dense_latency.h:58]   --->   Operation 1201 'sext' 'sext_ln58_208' <Predicate = true> <Delay = 0.00>
ST_1 : Operation 1202 [1/1] (0.00ns) (grouped into TernaryAdder)   --->   "%add_ln58_2010 = add i17 %sext_ln58_200, i17 %sext_ln17_709" [firmware/nnet_utils/nnet_dense_latency.h:58]   --->   Operation 1202 'add' 'add_ln58_2010' <Predicate = true> <Delay = 0.00> <CoreInst = "TAddSub">   --->   Core 10 'TAddSub' <Latency = 0> <II = 1> <Delay = 1.99> <IPBlock> <Opcode : '' 'add' 'sub'> <InPorts = 3> <OutPorts = 1> <Sync> <CReg>
ST_1 : Operation 1203 [1/1] (2.07ns)   --->   "%add_ln58_2011 = add i16 %mult_838, i16 %mult_848" [firmware/nnet_utils/nnet_dense_latency.h:58]   --->   Operation 1203 'add' 'add_ln58_2011' <Predicate = true> <Delay = 2.07> <CoreInst = "Adder">   --->   Core 1 'Adder' <Latency = 0> <II = 1> <Delay = 2.07> <FuncUnit> <Opcode : 'add' 'sub'> <InPorts = 2> <OutPorts = 1>
ST_1 : Operation 1204 [1/1] (0.00ns)   --->   "%sext_ln58_1113 = sext i16 %add_ln58_2011" [firmware/nnet_utils/nnet_dense_latency.h:58]   --->   Operation 1204 'sext' 'sext_ln58_1113' <Predicate = true> <Delay = 0.00>
ST_1 : Operation 1205 [1/1] (3.93ns) (root node of TernaryAdder)   --->   "%add_ln58_2012 = add i17 %sext_ln58_1113, i17 %add_ln58_2010" [firmware/nnet_utils/nnet_dense_latency.h:58]   --->   Operation 1205 'add' 'add_ln58_2012' <Predicate = true> <Delay = 3.93> <CoreInst = "TAddSub">   --->   Core 10 'TAddSub' <Latency = 0> <II = 1> <Delay = 1.99> <IPBlock> <Opcode : '' 'add' 'sub'> <InPorts = 3> <OutPorts = 1> <Sync> <CReg>
ST_1 : Operation 1206 [1/1] (0.00ns)   --->   "%sext_ln58_209 = sext i17 %add_ln58_2012" [firmware/nnet_utils/nnet_dense_latency.h:58]   --->   Operation 1206 'sext' 'sext_ln58_209' <Predicate = true> <Delay = 0.00>
ST_1 : Operation 1207 [1/1] (0.00ns) (grouped into TernaryAdder)   --->   "%add_ln58_2013 = add i17 %mult_852, i17 %sext_ln58_197" [firmware/nnet_utils/nnet_dense_latency.h:58]   --->   Operation 1207 'add' 'add_ln58_2013' <Predicate = true> <Delay = 0.00> <CoreInst = "TAddSub">   --->   Core 10 'TAddSub' <Latency = 0> <II = 1> <Delay = 1.99> <IPBlock> <Opcode : '' 'add' 'sub'> <InPorts = 3> <OutPorts = 1> <Sync> <CReg>
ST_1 : Operation 1208 [1/1] (3.81ns) (root node of TernaryAdder)   --->   "%add_ln58_2014 = add i13 %sub_ln17_20, i13 %sext_ln17_704" [firmware/nnet_utils/nnet_dense_latency.h:58]   --->   Operation 1208 'add' 'add_ln58_2014' <Predicate = true> <Delay = 3.81> <CoreInst = "TAddSub">   --->   Core 10 'TAddSub' <Latency = 0> <II = 1> <Delay = 1.99> <IPBlock> <Opcode : '' 'add' 'sub'> <InPorts = 3> <OutPorts = 1> <Sync> <CReg>
ST_1 : Operation 1209 [1/1] (0.00ns)   --->   "%sext_ln58_1114 = sext i13 %add_ln58_2014" [firmware/nnet_utils/nnet_dense_latency.h:58]   --->   Operation 1209 'sext' 'sext_ln58_1114' <Predicate = true> <Delay = 0.00>
ST_1 : Operation 1210 [1/1] (3.87ns) (root node of TernaryAdder)   --->   "%add_ln58_2015 = add i15 %sext_ln58_1114, i15 %mult_843" [firmware/nnet_utils/nnet_dense_latency.h:58]   --->   Operation 1210 'add' 'add_ln58_2015' <Predicate = true> <Delay = 3.87> <CoreInst = "TAddSub">   --->   Core 10 'TAddSub' <Latency = 0> <II = 1> <Delay = 1.99> <IPBlock> <Opcode : '' 'add' 'sub'> <InPorts = 3> <OutPorts = 1> <Sync> <CReg>
ST_1 : Operation 1211 [1/1] (0.00ns)   --->   "%sext_ln58_1115 = sext i15 %add_ln58_2015" [firmware/nnet_utils/nnet_dense_latency.h:58]   --->   Operation 1211 'sext' 'sext_ln58_1115' <Predicate = true> <Delay = 0.00>
ST_1 : Operation 1212 [1/1] (3.93ns) (root node of TernaryAdder)   --->   "%add_ln58_2016 = add i17 %sext_ln58_1115, i17 %add_ln58_2013" [firmware/nnet_utils/nnet_dense_latency.h:58]   --->   Operation 1212 'add' 'add_ln58_2016' <Predicate = true> <Delay = 3.93> <CoreInst = "TAddSub">   --->   Core 10 'TAddSub' <Latency = 0> <II = 1> <Delay = 1.99> <IPBlock> <Opcode : '' 'add' 'sub'> <InPorts = 3> <OutPorts = 1> <Sync> <CReg>
ST_1 : Operation 1213 [1/1] (0.00ns)   --->   "%sext_ln58_210 = sext i17 %add_ln58_2016" [firmware/nnet_utils/nnet_dense_latency.h:58]   --->   Operation 1213 'sext' 'sext_ln58_210' <Predicate = true> <Delay = 0.00>
ST_1 : Operation 1214 [1/1] (0.00ns) (grouped into TernaryAdder)   --->   "%add_ln58_2017 = add i17 %mult_854, i17 %sext_ln58_202" [firmware/nnet_utils/nnet_dense_latency.h:58]   --->   Operation 1214 'add' 'add_ln58_2017' <Predicate = true> <Delay = 0.00> <CoreInst = "TAddSub">   --->   Core 10 'TAddSub' <Latency = 0> <II = 1> <Delay = 1.99> <IPBlock> <Opcode : '' 'add' 'sub'> <InPorts = 3> <OutPorts = 1> <Sync> <CReg>
ST_1 : Operation 1215 [1/1] (3.87ns) (root node of TernaryAdder)   --->   "%add_ln58_2018 = add i15 %mult_835, i15 %mult_846" [firmware/nnet_utils/nnet_dense_latency.h:58]   --->   Operation 1215 'add' 'add_ln58_2018' <Predicate = true> <Delay = 3.87> <CoreInst = "TAddSub">   --->   Core 10 'TAddSub' <Latency = 0> <II = 1> <Delay = 1.99> <IPBlock> <Opcode : '' 'add' 'sub'> <InPorts = 3> <OutPorts = 1> <Sync> <CReg>
ST_1 : Operation 1216 [1/1] (0.00ns)   --->   "%sext_ln58_1116 = sext i15 %add_ln58_2018" [firmware/nnet_utils/nnet_dense_latency.h:58]   --->   Operation 1216 'sext' 'sext_ln58_1116' <Predicate = true> <Delay = 0.00>
ST_1 : Operation 1217 [1/1] (3.93ns) (root node of TernaryAdder)   --->   "%add_ln58_2019 = add i17 %sext_ln58_1116, i17 %add_ln58_2017" [firmware/nnet_utils/nnet_dense_latency.h:58]   --->   Operation 1217 'add' 'add_ln58_2019' <Predicate = true> <Delay = 3.93> <CoreInst = "TAddSub">   --->   Core 10 'TAddSub' <Latency = 0> <II = 1> <Delay = 1.99> <IPBlock> <Opcode : '' 'add' 'sub'> <InPorts = 3> <OutPorts = 1> <Sync> <CReg>
ST_1 : Operation 1218 [1/1] (0.00ns)   --->   "%sext_ln58_211 = sext i17 %add_ln58_2019" [firmware/nnet_utils/nnet_dense_latency.h:58]   --->   Operation 1218 'sext' 'sext_ln58_211' <Predicate = true> <Delay = 0.00>
ST_1 : Operation 1219 [1/1] (2.07ns)   --->   "%add_ln58_2020 = add i16 %mult_816, i16 %mult_829" [firmware/nnet_utils/nnet_dense_latency.h:58]   --->   Operation 1219 'add' 'add_ln58_2020' <Predicate = true> <Delay = 2.07> <CoreInst = "Adder">   --->   Core 1 'Adder' <Latency = 0> <II = 1> <Delay = 2.07> <FuncUnit> <Opcode : 'add' 'sub'> <InPorts = 2> <OutPorts = 1>
ST_1 : Operation 1220 [1/1] (0.00ns)   --->   "%sext_ln58_1117 = sext i16 %add_ln58_2020" [firmware/nnet_utils/nnet_dense_latency.h:58]   --->   Operation 1220 'sext' 'sext_ln58_1117' <Predicate = true> <Delay = 0.00>
ST_1 : Operation 1221 [1/1] (0.00ns) (grouped into TernaryAdder)   --->   "%add_ln58_2021 = add i17 %sext_ln58_1117, i17 %sext_ln58_195" [firmware/nnet_utils/nnet_dense_latency.h:58]   --->   Operation 1221 'add' 'add_ln58_2021' <Predicate = true> <Delay = 0.00> <CoreInst = "TAddSub">   --->   Core 10 'TAddSub' <Latency = 0> <II = 1> <Delay = 1.99> <IPBlock> <Opcode : '' 'add' 'sub'> <InPorts = 3> <OutPorts = 1> <Sync> <CReg>
ST_1 : Operation 1222 [1/1] (1.81ns)   --->   "%add_ln58_2022 = add i14 %sub_ln17_21, i14 %sext_ln17_713" [firmware/nnet_utils/nnet_dense_latency.h:58]   --->   Operation 1222 'add' 'add_ln58_2022' <Predicate = true> <Delay = 1.81> <CoreInst = "Adder">   --->   Core 1 'Adder' <Latency = 0> <II = 1> <Delay = 1.81> <FuncUnit> <Opcode : 'add' 'sub'> <InPorts = 2> <OutPorts = 1>
ST_1 : Operation 1223 [1/1] (0.00ns)   --->   "%sext_ln58_1118 = sext i14 %add_ln58_2022" [firmware/nnet_utils/nnet_dense_latency.h:58]   --->   Operation 1223 'sext' 'sext_ln58_1118' <Predicate = true> <Delay = 0.00>
ST_1 : Operation 1224 [1/1] (3.90ns) (root node of TernaryAdder)   --->   "%add_ln58_2023 = add i16 %sext_ln58_1118, i16 %mult_862" [firmware/nnet_utils/nnet_dense_latency.h:58]   --->   Operation 1224 'add' 'add_ln58_2023' <Predicate = true> <Delay = 3.90> <CoreInst = "TAddSub">   --->   Core 10 'TAddSub' <Latency = 0> <II = 1> <Delay = 1.99> <IPBlock> <Opcode : '' 'add' 'sub'> <InPorts = 3> <OutPorts = 1> <Sync> <CReg>
ST_1 : Operation 1225 [1/1] (0.00ns)   --->   "%sext_ln58_1119 = sext i16 %add_ln58_2023" [firmware/nnet_utils/nnet_dense_latency.h:58]   --->   Operation 1225 'sext' 'sext_ln58_1119' <Predicate = true> <Delay = 0.00>
ST_1 : Operation 1226 [1/1] (3.93ns) (root node of TernaryAdder)   --->   "%add_ln58_2024 = add i17 %sext_ln58_1119, i17 %add_ln58_2021" [firmware/nnet_utils/nnet_dense_latency.h:58]   --->   Operation 1226 'add' 'add_ln58_2024' <Predicate = true> <Delay = 3.93> <CoreInst = "TAddSub">   --->   Core 10 'TAddSub' <Latency = 0> <II = 1> <Delay = 1.99> <IPBlock> <Opcode : '' 'add' 'sub'> <InPorts = 3> <OutPorts = 1> <Sync> <CReg>
ST_1 : Operation 1227 [1/1] (0.00ns)   --->   "%sext_ln58_212 = sext i17 %add_ln58_2024" [firmware/nnet_utils/nnet_dense_latency.h:58]   --->   Operation 1227 'sext' 'sext_ln58_212' <Predicate = true> <Delay = 0.00>
ST_1 : Operation 1228 [1/1] (0.00ns) (grouped into TernaryAdder)   --->   "%add_ln58_2025 = add i17 %sext_ln58_201, i17 %sext_ln17_710" [firmware/nnet_utils/nnet_dense_latency.h:58]   --->   Operation 1228 'add' 'add_ln58_2025' <Predicate = true> <Delay = 0.00> <CoreInst = "TAddSub">   --->   Core 10 'TAddSub' <Latency = 0> <II = 1> <Delay = 1.99> <IPBlock> <Opcode : '' 'add' 'sub'> <InPorts = 3> <OutPorts = 1> <Sync> <CReg>
ST_1 : Operation 1229 [1/1] (1.81ns)   --->   "%add_ln58_2026 = add i14 %mul_ln17_4, i14 %sext_ln17_714" [firmware/nnet_utils/nnet_dense_latency.h:58]   --->   Operation 1229 'add' 'add_ln58_2026' <Predicate = true> <Delay = 1.81> <CoreInst = "Adder">   --->   Core 1 'Adder' <Latency = 0> <II = 1> <Delay = 1.81> <FuncUnit> <Opcode : 'add' 'sub'> <InPorts = 2> <OutPorts = 1>
ST_1 : Operation 1230 [1/1] (0.00ns)   --->   "%sext_ln58_1120 = sext i14 %add_ln58_2026" [firmware/nnet_utils/nnet_dense_latency.h:58]   --->   Operation 1230 'sext' 'sext_ln58_1120' <Predicate = true> <Delay = 0.00>
ST_1 : Operation 1231 [1/1] (2.07ns)   --->   "%add_ln58_2027 = add i16 %sext_ln58_1120, i16 %mult_867" [firmware/nnet_utils/nnet_dense_latency.h:58]   --->   Operation 1231 'add' 'add_ln58_2027' <Predicate = true> <Delay = 2.07> <CoreInst = "Adder">   --->   Core 1 'Adder' <Latency = 0> <II = 1> <Delay = 2.07> <FuncUnit> <Opcode : 'add' 'sub'> <InPorts = 2> <OutPorts = 1>
ST_1 : Operation 1232 [1/1] (0.00ns)   --->   "%sext_ln58_1121 = sext i16 %add_ln58_2027" [firmware/nnet_utils/nnet_dense_latency.h:58]   --->   Operation 1232 'sext' 'sext_ln58_1121' <Predicate = true> <Delay = 0.00>
ST_1 : Operation 1233 [1/1] (3.93ns) (root node of TernaryAdder)   --->   "%add_ln58_2028 = add i17 %sext_ln58_1121, i17 %add_ln58_2025" [firmware/nnet_utils/nnet_dense_latency.h:58]   --->   Operation 1233 'add' 'add_ln58_2028' <Predicate = true> <Delay = 3.93> <CoreInst = "TAddSub">   --->   Core 10 'TAddSub' <Latency = 0> <II = 1> <Delay = 1.99> <IPBlock> <Opcode : '' 'add' 'sub'> <InPorts = 3> <OutPorts = 1> <Sync> <CReg>
ST_1 : Operation 1234 [1/1] (0.00ns)   --->   "%sext_ln58_213 = sext i17 %add_ln58_2028" [firmware/nnet_utils/nnet_dense_latency.h:58]   --->   Operation 1234 'sext' 'sext_ln58_213' <Predicate = true> <Delay = 0.00>
ST_1 : Operation 1235 [1/1] (3.84ns) (root node of TernaryAdder)   --->   "%add_ln58_2030 = add i14 %sub_ln17_23, i14 %mult_845" [firmware/nnet_utils/nnet_dense_latency.h:58]   --->   Operation 1235 'add' 'add_ln58_2030' <Predicate = true> <Delay = 3.84> <CoreInst = "TAddSub">   --->   Core 10 'TAddSub' <Latency = 0> <II = 1> <Delay = 1.99> <IPBlock> <Opcode : '' 'add' 'sub'> <InPorts = 3> <OutPorts = 1> <Sync> <CReg>
ST_1 : Operation 1236 [1/1] (0.00ns)   --->   "%sext_ln58_1122 = sext i14 %add_ln58_2030" [firmware/nnet_utils/nnet_dense_latency.h:58]   --->   Operation 1236 'sext' 'sext_ln58_1122' <Predicate = true> <Delay = 0.00>
ST_1 : Operation 1237 [1/1] (3.87ns) (root node of TernaryAdder)   --->   "%add_ln58_2031 = add i15 %sext_ln58_1122, i15 %sub_ln17_25" [firmware/nnet_utils/nnet_dense_latency.h:58]   --->   Operation 1237 'add' 'add_ln58_2031' <Predicate = true> <Delay = 3.87> <CoreInst = "TAddSub">   --->   Core 10 'TAddSub' <Latency = 0> <II = 1> <Delay = 1.99> <IPBlock> <Opcode : '' 'add' 'sub'> <InPorts = 3> <OutPorts = 1> <Sync> <CReg>
ST_1 : Operation 1238 [1/1] (0.00ns) (grouped into TernaryAdder)   --->   "%add_ln58_2033 = add i17 %sext_ln58_205, i17 %sext_ln17_716" [firmware/nnet_utils/nnet_dense_latency.h:58]   --->   Operation 1238 'add' 'add_ln58_2033' <Predicate = true> <Delay = 0.00> <CoreInst = "TAddSub">   --->   Core 10 'TAddSub' <Latency = 0> <II = 1> <Delay = 1.99> <IPBlock> <Opcode : '' 'add' 'sub'> <InPorts = 3> <OutPorts = 1> <Sync> <CReg>
ST_1 : Operation 1239 [1/1] (3.87ns) (root node of TernaryAdder)   --->   "%add_ln58_2034 = add i15 %mult_873, i15 %mult_885" [firmware/nnet_utils/nnet_dense_latency.h:58]   --->   Operation 1239 'add' 'add_ln58_2034' <Predicate = true> <Delay = 3.87> <CoreInst = "TAddSub">   --->   Core 10 'TAddSub' <Latency = 0> <II = 1> <Delay = 1.99> <IPBlock> <Opcode : '' 'add' 'sub'> <InPorts = 3> <OutPorts = 1> <Sync> <CReg>
ST_1 : Operation 1240 [1/1] (0.00ns)   --->   "%sext_ln58_1124 = sext i15 %add_ln58_2034" [firmware/nnet_utils/nnet_dense_latency.h:58]   --->   Operation 1240 'sext' 'sext_ln58_1124' <Predicate = true> <Delay = 0.00>
ST_1 : Operation 1241 [1/1] (3.90ns) (root node of TernaryAdder)   --->   "%add_ln58_2035 = add i16 %sext_ln58_1124, i16 %mult_857" [firmware/nnet_utils/nnet_dense_latency.h:58]   --->   Operation 1241 'add' 'add_ln58_2035' <Predicate = true> <Delay = 3.90> <CoreInst = "TAddSub">   --->   Core 10 'TAddSub' <Latency = 0> <II = 1> <Delay = 1.99> <IPBlock> <Opcode : '' 'add' 'sub'> <InPorts = 3> <OutPorts = 1> <Sync> <CReg>
ST_1 : Operation 1242 [1/1] (0.00ns)   --->   "%sext_ln58_1125 = sext i16 %add_ln58_2035" [firmware/nnet_utils/nnet_dense_latency.h:58]   --->   Operation 1242 'sext' 'sext_ln58_1125' <Predicate = true> <Delay = 0.00>
ST_1 : Operation 1243 [1/1] (3.93ns) (root node of TernaryAdder)   --->   "%add_ln58_2036 = add i17 %sext_ln58_1125, i17 %add_ln58_2033" [firmware/nnet_utils/nnet_dense_latency.h:58]   --->   Operation 1243 'add' 'add_ln58_2036' <Predicate = true> <Delay = 3.93> <CoreInst = "TAddSub">   --->   Core 10 'TAddSub' <Latency = 0> <II = 1> <Delay = 1.99> <IPBlock> <Opcode : '' 'add' 'sub'> <InPorts = 3> <OutPorts = 1> <Sync> <CReg>
ST_1 : Operation 1244 [1/1] (2.07ns)   --->   "%add_ln58_2037 = add i16 %mult_869, i16 %sext_ln17_738" [firmware/nnet_utils/nnet_dense_latency.h:58]   --->   Operation 1244 'add' 'add_ln58_2037' <Predicate = true> <Delay = 2.07> <CoreInst = "Adder">   --->   Core 1 'Adder' <Latency = 0> <II = 1> <Delay = 2.07> <FuncUnit> <Opcode : 'add' 'sub'> <InPorts = 2> <OutPorts = 1>
ST_1 : Operation 1245 [1/1] (0.00ns)   --->   "%sext_ln58_1126 = sext i16 %add_ln58_2037" [firmware/nnet_utils/nnet_dense_latency.h:58]   --->   Operation 1245 'sext' 'sext_ln58_1126' <Predicate = true> <Delay = 0.00>
ST_1 : Operation 1246 [1/1] (0.00ns) (grouped into TernaryAdder)   --->   "%add_ln58_2038 = add i17 %sext_ln58_1126, i17 %sext_ln58_204" [firmware/nnet_utils/nnet_dense_latency.h:58]   --->   Operation 1246 'add' 'add_ln58_2038' <Predicate = true> <Delay = 0.00> <CoreInst = "TAddSub">   --->   Core 10 'TAddSub' <Latency = 0> <II = 1> <Delay = 1.99> <IPBlock> <Opcode : '' 'add' 'sub'> <InPorts = 3> <OutPorts = 1> <Sync> <CReg>
ST_1 : Operation 1247 [1/1] (3.84ns) (root node of TernaryAdder)   --->   "%add_ln58_2039 = add i14 %mult_853, i14 %sext_ln17_731" [firmware/nnet_utils/nnet_dense_latency.h:58]   --->   Operation 1247 'add' 'add_ln58_2039' <Predicate = true> <Delay = 3.84> <CoreInst = "TAddSub">   --->   Core 10 'TAddSub' <Latency = 0> <II = 1> <Delay = 1.99> <IPBlock> <Opcode : '' 'add' 'sub'> <InPorts = 3> <OutPorts = 1> <Sync> <CReg>
ST_1 : Operation 1248 [1/1] (0.00ns)   --->   "%sext_ln58_1360 = sext i13 %tmp_693" [firmware/nnet_utils/nnet_dense_latency.h:58]   --->   Operation 1248 'sext' 'sext_ln58_1360' <Predicate = true> <Delay = 0.00>
ST_1 : Operation 1249 [1/1] (0.00ns)   --->   "%sext_ln58_1367 = sext i14 %add_ln58_2039" [firmware/nnet_utils/nnet_dense_latency.h:58]   --->   Operation 1249 'sext' 'sext_ln58_1367' <Predicate = true> <Delay = 0.00>
ST_1 : Operation 1250 [1/1] (1.81ns)   --->   "%sub_ln58_28 = sub i15 %sext_ln58_1367, i15 %sext_ln58_1360" [firmware/nnet_utils/nnet_dense_latency.h:58]   --->   Operation 1250 'sub' 'sub_ln58_28' <Predicate = true> <Delay = 1.81> <CoreInst = "Adder">   --->   Core 1 'Adder' <Latency = 0> <II = 1> <Delay = 1.81> <FuncUnit> <Opcode : 'add' 'sub'> <InPorts = 2> <OutPorts = 1>
ST_1 : Operation 1251 [1/1] (0.00ns)   --->   "%sext_ln58_1128 = sext i15 %sub_ln58_28" [firmware/nnet_utils/nnet_dense_latency.h:58]   --->   Operation 1251 'sext' 'sext_ln58_1128' <Predicate = true> <Delay = 0.00>
ST_1 : Operation 1252 [1/1] (3.93ns) (root node of TernaryAdder)   --->   "%add_ln58_2040 = add i17 %sext_ln58_1128, i17 %add_ln58_2038" [firmware/nnet_utils/nnet_dense_latency.h:58]   --->   Operation 1252 'add' 'add_ln58_2040' <Predicate = true> <Delay = 3.93> <CoreInst = "TAddSub">   --->   Core 10 'TAddSub' <Latency = 0> <II = 1> <Delay = 1.99> <IPBlock> <Opcode : '' 'add' 'sub'> <InPorts = 3> <OutPorts = 1> <Sync> <CReg>
ST_1 : Operation 1253 [1/1] (0.00ns)   --->   "%sext_ln58_216 = sext i17 %add_ln58_2040" [firmware/nnet_utils/nnet_dense_latency.h:58]   --->   Operation 1253 'sext' 'sext_ln58_216' <Predicate = true> <Delay = 0.00>
ST_1 : Operation 1254 [1/1] (2.10ns)   --->   "%add_ln58_2041 = add i17 %mult_877, i17 %sext_ln17_721" [firmware/nnet_utils/nnet_dense_latency.h:58]   --->   Operation 1254 'add' 'add_ln58_2041' <Predicate = true> <Delay = 2.10> <CoreInst = "Adder">   --->   Core 1 'Adder' <Latency = 0> <II = 1> <Delay = 2.10> <FuncUnit> <Opcode : 'add' 'sub'> <InPorts = 2> <OutPorts = 1>
ST_1 : Operation 1255 [1/1] (1.73ns)   --->   "%add_ln58_2043 = add i11 %sext_ln73_151, i11 %sext_ln73_173" [firmware/nnet_utils/nnet_dense_latency.h:58]   --->   Operation 1255 'add' 'add_ln58_2043' <Predicate = true> <Delay = 1.73> <CoreInst = "Adder">   --->   Core 1 'Adder' <Latency = 0> <II = 1> <Delay = 1.73> <FuncUnit> <Opcode : 'add' 'sub'> <InPorts = 2> <OutPorts = 1>
ST_1 : Operation 1256 [1/1] (0.00ns)   --->   "%sext_ln58_1381 = sext i11 %add_ln58_2043" [firmware/nnet_utils/nnet_dense_latency.h:58]   --->   Operation 1256 'sext' 'sext_ln58_1381' <Predicate = true> <Delay = 0.00>
ST_1 : Operation 1257 [1/1] (5.63ns)   --->   "%mul_ln58 = mul i15 %sext_ln58_1381, i15 11" [firmware/nnet_utils/nnet_dense_latency.h:58]   --->   Operation 1257 'mul' 'mul_ln58' <Predicate = true> <Delay = 5.63> <CoreInst = "Multiplier">   --->   Core 3 'Multiplier' <Latency = 0> <II = 1> <Delay = 5.63> <FuncUnit> <Opcode : 'mul'> <InPorts = 2> <OutPorts = 1>
ST_1 : Operation 1258 [1/1] (0.00ns)   --->   "%sext_ln58_1130 = sext i15 %mul_ln58" [firmware/nnet_utils/nnet_dense_latency.h:58]   --->   Operation 1258 'sext' 'sext_ln58_1130' <Predicate = true> <Delay = 0.00>
ST_1 : Operation 1259 [1/1] (1.67ns)   --->   "%sub_ln58_29 = sub i14 %sext_ln73_191, i14 %sext_ln73_186" [firmware/nnet_utils/nnet_dense_latency.h:58]   --->   Operation 1259 'sub' 'sub_ln58_29' <Predicate = true> <Delay = 1.67> <CoreInst = "Adder">   --->   Core 1 'Adder' <Latency = 0> <II = 1> <Delay = 1.67> <FuncUnit> <Opcode : 'add' 'sub'> <InPorts = 2> <OutPorts = 1>
ST_1 : Operation 1260 [1/1] (0.00ns)   --->   "%sext_ln58_1131 = sext i14 %sub_ln58_29" [firmware/nnet_utils/nnet_dense_latency.h:58]   --->   Operation 1260 'sext' 'sext_ln58_1131' <Predicate = true> <Delay = 0.00>
ST_1 : Operation 1261 [1/1] (1.94ns)   --->   "%add_ln58_2044 = add i16 %sext_ln58_1131, i16 %sext_ln58_1130" [firmware/nnet_utils/nnet_dense_latency.h:58]   --->   Operation 1261 'add' 'add_ln58_2044' <Predicate = true> <Delay = 1.94> <CoreInst = "Adder">   --->   Core 1 'Adder' <Latency = 0> <II = 1> <Delay = 1.94> <FuncUnit> <Opcode : 'add' 'sub'> <InPorts = 2> <OutPorts = 1>
ST_1 : Operation 1262 [1/1] (2.07ns)   --->   "%add_ln58_2046 = add i16 %mult_856, i16 %mult_896" [firmware/nnet_utils/nnet_dense_latency.h:58]   --->   Operation 1262 'add' 'add_ln58_2046' <Predicate = true> <Delay = 2.07> <CoreInst = "Adder">   --->   Core 1 'Adder' <Latency = 0> <II = 1> <Delay = 2.07> <FuncUnit> <Opcode : 'add' 'sub'> <InPorts = 2> <OutPorts = 1>
ST_1 : Operation 1263 [1/1] (0.00ns)   --->   "%sext_ln58_1133 = sext i16 %add_ln58_2046" [firmware/nnet_utils/nnet_dense_latency.h:58]   --->   Operation 1263 'sext' 'sext_ln58_1133' <Predicate = true> <Delay = 0.00>
ST_1 : Operation 1264 [1/1] (0.00ns) (grouped into TernaryAdder)   --->   "%add_ln58_2047 = add i17 %sext_ln58_1133, i17 %sext_ln58_208" [firmware/nnet_utils/nnet_dense_latency.h:58]   --->   Operation 1264 'add' 'add_ln58_2047' <Predicate = true> <Delay = 0.00> <CoreInst = "TAddSub">   --->   Core 10 'TAddSub' <Latency = 0> <II = 1> <Delay = 1.99> <IPBlock> <Opcode : '' 'add' 'sub'> <InPorts = 3> <OutPorts = 1> <Sync> <CReg>
ST_1 : Operation 1265 [1/1] (0.00ns) (grouped into TernaryAdder)   --->   "%add_ln58_2048 = add i15 %mult_872, i15 %mult_920" [firmware/nnet_utils/nnet_dense_latency.h:58]   --->   Operation 1265 'add' 'add_ln58_2048' <Predicate = true> <Delay = 0.00> <CoreInst = "TAddSub">   --->   Core 10 'TAddSub' <Latency = 0> <II = 1> <Delay = 1.99> <IPBlock> <Opcode : '' 'add' 'sub'> <InPorts = 3> <OutPorts = 1> <Sync> <CReg>
ST_1 : Operation 1266 [1/1] (3.81ns) (root node of TernaryAdder)   --->   "%add_ln58_2049 = add i13 %mult_884, i13 %sext_ln17_748" [firmware/nnet_utils/nnet_dense_latency.h:58]   --->   Operation 1266 'add' 'add_ln58_2049' <Predicate = true> <Delay = 3.81> <CoreInst = "TAddSub">   --->   Core 10 'TAddSub' <Latency = 0> <II = 1> <Delay = 1.99> <IPBlock> <Opcode : '' 'add' 'sub'> <InPorts = 3> <OutPorts = 1> <Sync> <CReg>
ST_1 : Operation 1267 [1/1] (0.00ns)   --->   "%sext_ln58_1134 = sext i13 %add_ln58_2049" [firmware/nnet_utils/nnet_dense_latency.h:58]   --->   Operation 1267 'sext' 'sext_ln58_1134' <Predicate = true> <Delay = 0.00>
ST_1 : Operation 1268 [1/1] (3.87ns) (root node of TernaryAdder)   --->   "%add_ln58_2050 = add i15 %sext_ln58_1134, i15 %add_ln58_2048" [firmware/nnet_utils/nnet_dense_latency.h:58]   --->   Operation 1268 'add' 'add_ln58_2050' <Predicate = true> <Delay = 3.87> <CoreInst = "TAddSub">   --->   Core 10 'TAddSub' <Latency = 0> <II = 1> <Delay = 1.99> <IPBlock> <Opcode : '' 'add' 'sub'> <InPorts = 3> <OutPorts = 1> <Sync> <CReg>
ST_1 : Operation 1269 [1/1] (0.00ns)   --->   "%sext_ln58_1135 = sext i15 %add_ln58_2050" [firmware/nnet_utils/nnet_dense_latency.h:58]   --->   Operation 1269 'sext' 'sext_ln58_1135' <Predicate = true> <Delay = 0.00>
ST_1 : Operation 1270 [1/1] (3.93ns) (root node of TernaryAdder)   --->   "%add_ln58_2051 = add i17 %sext_ln58_1135, i17 %add_ln58_2047" [firmware/nnet_utils/nnet_dense_latency.h:58]   --->   Operation 1270 'add' 'add_ln58_2051' <Predicate = true> <Delay = 3.93> <CoreInst = "TAddSub">   --->   Core 10 'TAddSub' <Latency = 0> <II = 1> <Delay = 1.99> <IPBlock> <Opcode : '' 'add' 'sub'> <InPorts = 3> <OutPorts = 1> <Sync> <CReg>
ST_1 : Operation 1271 [1/1] (2.10ns)   --->   "%add_ln58_2052 = add i18 %sext_ln58_212, i18 %sext_ln17_756" [firmware/nnet_utils/nnet_dense_latency.h:58]   --->   Operation 1271 'add' 'add_ln58_2052' <Predicate = true> <Delay = 2.10> <CoreInst = "Adder">   --->   Core 1 'Adder' <Latency = 0> <II = 1> <Delay = 2.10> <FuncUnit> <Opcode : 'add' 'sub'> <InPorts = 2> <OutPorts = 1>
ST_1 : Operation 1272 [1/1] (3.90ns) (root node of TernaryAdder)   --->   "%add_ln58_2053 = add i16 %mul_ln17_7, i16 %mult_878" [firmware/nnet_utils/nnet_dense_latency.h:58]   --->   Operation 1272 'add' 'add_ln58_2053' <Predicate = true> <Delay = 3.90> <CoreInst = "TAddSub">   --->   Core 10 'TAddSub' <Latency = 0> <II = 1> <Delay = 1.99> <IPBlock> <Opcode : '' 'add' 'sub'> <InPorts = 3> <OutPorts = 1> <Sync> <CReg>
ST_1 : Operation 1273 [1/1] (3.87ns) (root node of TernaryAdder)   --->   "%add_ln58_2055 = add i15 %add_ln17_3, i15 %mult_888" [firmware/nnet_utils/nnet_dense_latency.h:58]   --->   Operation 1273 'add' 'add_ln58_2055' <Predicate = true> <Delay = 3.87> <CoreInst = "TAddSub">   --->   Core 10 'TAddSub' <Latency = 0> <II = 1> <Delay = 1.99> <IPBlock> <Opcode : '' 'add' 'sub'> <InPorts = 3> <OutPorts = 1> <Sync> <CReg>
ST_1 : Operation 1274 [1/1] (0.00ns)   --->   "%sext_ln58_1137 = sext i15 %add_ln58_2055" [firmware/nnet_utils/nnet_dense_latency.h:58]   --->   Operation 1274 'sext' 'sext_ln58_1137' <Predicate = true> <Delay = 0.00>
ST_1 : Operation 1275 [1/1] (1.67ns)   --->   "%sub_ln58_30 = sub i14 %sext_ln17_752, i14 %sext_ln73_215" [firmware/nnet_utils/nnet_dense_latency.h:58]   --->   Operation 1275 'sub' 'sub_ln58_30' <Predicate = true> <Delay = 1.67> <CoreInst = "Adder">   --->   Core 1 'Adder' <Latency = 0> <II = 1> <Delay = 1.67> <FuncUnit> <Opcode : 'add' 'sub'> <InPorts = 2> <OutPorts = 1>
ST_1 : Operation 1276 [1/1] (0.00ns)   --->   "%sext_ln58_1138 = sext i14 %sub_ln58_30" [firmware/nnet_utils/nnet_dense_latency.h:58]   --->   Operation 1276 'sext' 'sext_ln58_1138' <Predicate = true> <Delay = 0.00>
ST_1 : Operation 1277 [1/1] (1.94ns)   --->   "%add_ln58_2056 = add i16 %sext_ln58_1138, i16 %sext_ln58_1137" [firmware/nnet_utils/nnet_dense_latency.h:58]   --->   Operation 1277 'add' 'add_ln58_2056' <Predicate = true> <Delay = 1.94> <CoreInst = "Adder">   --->   Core 1 'Adder' <Latency = 0> <II = 1> <Delay = 1.94> <FuncUnit> <Opcode : 'add' 'sub'> <InPorts = 2> <OutPorts = 1>
ST_1 : Operation 1278 [1/1] (2.10ns)   --->   "%add_ln58_2058 = add i18 %sext_ln58_210, i18 %sext_ln17_724" [firmware/nnet_utils/nnet_dense_latency.h:58]   --->   Operation 1278 'add' 'add_ln58_2058' <Predicate = true> <Delay = 2.10> <CoreInst = "Adder">   --->   Core 1 'Adder' <Latency = 0> <II = 1> <Delay = 2.10> <FuncUnit> <Opcode : 'add' 'sub'> <InPorts = 2> <OutPorts = 1>
ST_1 : Operation 1279 [1/1] (2.07ns)   --->   "%add_ln58_2059 = add i16 %mul_ln17_5, i16 %sext_ln17_743" [firmware/nnet_utils/nnet_dense_latency.h:58]   --->   Operation 1279 'add' 'add_ln58_2059' <Predicate = true> <Delay = 2.07> <CoreInst = "Adder">   --->   Core 1 'Adder' <Latency = 0> <II = 1> <Delay = 2.07> <FuncUnit> <Opcode : 'add' 'sub'> <InPorts = 2> <OutPorts = 1>
ST_1 : Operation 1280 [1/1] (3.84ns) (root node of TernaryAdder)   --->   "%add_ln58_2061 = add i14 %mul_ln17_6, i14 %mult_891" [firmware/nnet_utils/nnet_dense_latency.h:58]   --->   Operation 1280 'add' 'add_ln58_2061' <Predicate = true> <Delay = 3.84> <CoreInst = "TAddSub">   --->   Core 10 'TAddSub' <Latency = 0> <II = 1> <Delay = 1.99> <IPBlock> <Opcode : '' 'add' 'sub'> <InPorts = 3> <OutPorts = 1> <Sync> <CReg>
ST_1 : Operation 1281 [1/1] (0.00ns)   --->   "%sext_ln58_1141 = sext i14 %add_ln58_2061" [firmware/nnet_utils/nnet_dense_latency.h:58]   --->   Operation 1281 'sext' 'sext_ln58_1141' <Predicate = true> <Delay = 0.00>
ST_1 : Operation 1282 [1/1] (1.63ns)   --->   "%sub_ln58_31 = sub i12 %sext_ln73_214, i12 %sext_ln73_223" [firmware/nnet_utils/nnet_dense_latency.h:58]   --->   Operation 1282 'sub' 'sub_ln58_31' <Predicate = true> <Delay = 1.63> <CoreInst = "Adder">   --->   Core 1 'Adder' <Latency = 0> <II = 1> <Delay = 1.63> <FuncUnit> <Opcode : 'add' 'sub'> <InPorts = 2> <OutPorts = 1>
ST_1 : Operation 1283 [1/1] (0.00ns)   --->   "%sext_ln58_1142 = sext i12 %sub_ln58_31" [firmware/nnet_utils/nnet_dense_latency.h:58]   --->   Operation 1283 'sext' 'sext_ln58_1142' <Predicate = true> <Delay = 0.00>
ST_1 : Operation 1284 [1/1] (3.84ns) (root node of TernaryAdder)   --->   "%add_ln58_2062 = add i14 %sext_ln58_1142, i14 %mult_915" [firmware/nnet_utils/nnet_dense_latency.h:58]   --->   Operation 1284 'add' 'add_ln58_2062' <Predicate = true> <Delay = 3.84> <CoreInst = "TAddSub">   --->   Core 10 'TAddSub' <Latency = 0> <II = 1> <Delay = 1.99> <IPBlock> <Opcode : '' 'add' 'sub'> <InPorts = 3> <OutPorts = 1> <Sync> <CReg>
ST_1 : Operation 1285 [1/1] (0.00ns)   --->   "%sext_ln58_1143 = sext i14 %add_ln58_2062" [firmware/nnet_utils/nnet_dense_latency.h:58]   --->   Operation 1285 'sext' 'sext_ln58_1143' <Predicate = true> <Delay = 0.00>
ST_1 : Operation 1286 [1/1] (1.81ns)   --->   "%add_ln58_2063 = add i15 %sext_ln58_1143, i15 %sext_ln58_1141" [firmware/nnet_utils/nnet_dense_latency.h:58]   --->   Operation 1286 'add' 'add_ln58_2063' <Predicate = true> <Delay = 1.81> <CoreInst = "Adder">   --->   Core 1 'Adder' <Latency = 0> <II = 1> <Delay = 1.81> <FuncUnit> <Opcode : 'add' 'sub'> <InPorts = 2> <OutPorts = 1>
ST_1 : Operation 1287 [1/1] (2.10ns)   --->   "%add_ln58_2065 = add i18 %sext_ln58_211, i18 %sext_ln17_726" [firmware/nnet_utils/nnet_dense_latency.h:58]   --->   Operation 1287 'add' 'add_ln58_2065' <Predicate = true> <Delay = 2.10> <CoreInst = "Adder">   --->   Core 1 'Adder' <Latency = 0> <II = 1> <Delay = 2.10> <FuncUnit> <Opcode : 'add' 'sub'> <InPorts = 2> <OutPorts = 1>
ST_1 : Operation 1288 [1/1] (3.87ns) (root node of TernaryAdder)   --->   "%add_ln58_2066 = add i15 %mult_894, i15 %mult_952" [firmware/nnet_utils/nnet_dense_latency.h:58]   --->   Operation 1288 'add' 'add_ln58_2066' <Predicate = true> <Delay = 3.87> <CoreInst = "TAddSub">   --->   Core 10 'TAddSub' <Latency = 0> <II = 1> <Delay = 1.99> <IPBlock> <Opcode : '' 'add' 'sub'> <InPorts = 3> <OutPorts = 1> <Sync> <CReg>
ST_1 : Operation 1289 [1/1] (0.00ns)   --->   "%sext_ln58_1145 = sext i15 %add_ln58_2066" [firmware/nnet_utils/nnet_dense_latency.h:58]   --->   Operation 1289 'sext' 'sext_ln58_1145' <Predicate = true> <Delay = 0.00>
ST_1 : Operation 1290 [1/1] (2.07ns)   --->   "%add_ln58_2067 = add i16 %sext_ln58_1145, i16 %mult_942" [firmware/nnet_utils/nnet_dense_latency.h:58]   --->   Operation 1290 'add' 'add_ln58_2067' <Predicate = true> <Delay = 2.07> <CoreInst = "Adder">   --->   Core 1 'Adder' <Latency = 0> <II = 1> <Delay = 2.07> <FuncUnit> <Opcode : 'add' 'sub'> <InPorts = 2> <OutPorts = 1>
ST_1 : Operation 1291 [1/1] (3.87ns) (root node of TernaryAdder)   --->   "%add_ln58_2069 = add i15 %mult_964, i15 %sext_ln17_732" [firmware/nnet_utils/nnet_dense_latency.h:58]   --->   Operation 1291 'add' 'add_ln58_2069' <Predicate = true> <Delay = 3.87> <CoreInst = "TAddSub">   --->   Core 10 'TAddSub' <Latency = 0> <II = 1> <Delay = 1.99> <IPBlock> <Opcode : '' 'add' 'sub'> <InPorts = 3> <OutPorts = 1> <Sync> <CReg>
ST_1 : Operation 1292 [1/1] (0.00ns)   --->   "%sext_ln58_1147 = sext i15 %add_ln58_2069" [firmware/nnet_utils/nnet_dense_latency.h:58]   --->   Operation 1292 'sext' 'sext_ln58_1147' <Predicate = true> <Delay = 0.00>
ST_1 : Operation 1293 [1/1] (0.00ns) (grouped into TernaryAdder)   --->   "%add_ln58_2070 = add i15 %sext_ln17_754, i15 %sext_ln17_759" [firmware/nnet_utils/nnet_dense_latency.h:58]   --->   Operation 1293 'add' 'add_ln58_2070' <Predicate = true> <Delay = 0.00> <CoreInst = "TAddSub">   --->   Core 10 'TAddSub' <Latency = 0> <II = 1> <Delay = 1.99> <IPBlock> <Opcode : '' 'add' 'sub'> <InPorts = 3> <OutPorts = 1> <Sync> <CReg>
ST_1 : Operation 1294 [1/1] (3.87ns) (root node of TernaryAdder)   --->   "%add_ln58_2071 = add i15 %add_ln58_2070, i15 %sext_ln17_746" [firmware/nnet_utils/nnet_dense_latency.h:58]   --->   Operation 1294 'add' 'add_ln58_2071' <Predicate = true> <Delay = 3.87> <CoreInst = "TAddSub">   --->   Core 10 'TAddSub' <Latency = 0> <II = 1> <Delay = 1.99> <IPBlock> <Opcode : '' 'add' 'sub'> <InPorts = 3> <OutPorts = 1> <Sync> <CReg>
ST_1 : Operation 1295 [1/1] (0.00ns)   --->   "%sext_ln58_1148 = sext i15 %add_ln58_2071" [firmware/nnet_utils/nnet_dense_latency.h:58]   --->   Operation 1295 'sext' 'sext_ln58_1148' <Predicate = true> <Delay = 0.00>
ST_1 : Operation 1296 [1/1] (1.94ns)   --->   "%add_ln58_2072 = add i16 %sext_ln58_1148, i16 %sext_ln58_1147" [firmware/nnet_utils/nnet_dense_latency.h:58]   --->   Operation 1296 'add' 'add_ln58_2072' <Predicate = true> <Delay = 1.94> <CoreInst = "Adder">   --->   Core 1 'Adder' <Latency = 0> <II = 1> <Delay = 1.94> <FuncUnit> <Opcode : 'add' 'sub'> <InPorts = 2> <OutPorts = 1>
ST_1 : Operation 1297 [1/1] (2.10ns)   --->   "%add_ln58_2074 = add i18 %sext_ln58_209, i18 %sext_ln17_742" [firmware/nnet_utils/nnet_dense_latency.h:58]   --->   Operation 1297 'add' 'add_ln58_2074' <Predicate = true> <Delay = 2.10> <CoreInst = "Adder">   --->   Core 1 'Adder' <Latency = 0> <II = 1> <Delay = 2.10> <FuncUnit> <Opcode : 'add' 'sub'> <InPorts = 2> <OutPorts = 1>
ST_1 : Operation 1298 [1/1] (3.87ns) (root node of TernaryAdder)   --->   "%sub_ln58_32 = sub i15 %mult_890, i15 %sext_ln73_166" [firmware/nnet_utils/nnet_dense_latency.h:58]   --->   Operation 1298 'sub' 'sub_ln58_32' <Predicate = true> <Delay = 3.87> <CoreInst = "TAddSub">   --->   Core 10 'TAddSub' <Latency = 0> <II = 1> <Delay = 1.99> <IPBlock> <Opcode : '' 'add' 'sub'> <InPorts = 3> <OutPorts = 1> <Sync> <CReg>
ST_1 : Operation 1299 [1/1] (0.00ns)   --->   "%sext_ln58_1150 = sext i15 %sub_ln58_32" [firmware/nnet_utils/nnet_dense_latency.h:58]   --->   Operation 1299 'sext' 'sext_ln58_1150' <Predicate = true> <Delay = 0.00>
ST_1 : Operation 1300 [1/1] (1.94ns)   --->   "%add_ln58_2075 = add i16 %sext_ln58_1150, i16 %sext_ln73_160" [firmware/nnet_utils/nnet_dense_latency.h:58]   --->   Operation 1300 'add' 'add_ln58_2075' <Predicate = true> <Delay = 1.94> <CoreInst = "Adder">   --->   Core 1 'Adder' <Latency = 0> <II = 1> <Delay = 1.94> <FuncUnit> <Opcode : 'add' 'sub'> <InPorts = 2> <OutPorts = 1>
ST_1 : Operation 1301 [1/1] (3.87ns) (root node of TernaryAdder)   --->   "%add_ln58_2077 = add i15 %mult_923, i15 %mult_949" [firmware/nnet_utils/nnet_dense_latency.h:58]   --->   Operation 1301 'add' 'add_ln58_2077' <Predicate = true> <Delay = 3.87> <CoreInst = "TAddSub">   --->   Core 10 'TAddSub' <Latency = 0> <II = 1> <Delay = 1.99> <IPBlock> <Opcode : '' 'add' 'sub'> <InPorts = 3> <OutPorts = 1> <Sync> <CReg>
ST_1 : Operation 1302 [1/1] (0.00ns)   --->   "%sext_ln58_1152 = sext i15 %add_ln58_2077" [firmware/nnet_utils/nnet_dense_latency.h:58]   --->   Operation 1302 'sext' 'sext_ln58_1152' <Predicate = true> <Delay = 0.00>
ST_1 : Operation 1303 [1/1] (0.00ns) (grouped into TernaryAdder)   --->   "%add_ln58_2078 = add i16 %sext_ln58_1152, i16 %sext_ln17_749" [firmware/nnet_utils/nnet_dense_latency.h:58]   --->   Operation 1303 'add' 'add_ln58_2078' <Predicate = true> <Delay = 0.00> <CoreInst = "TAddSub">   --->   Core 10 'TAddSub' <Latency = 0> <II = 1> <Delay = 1.99> <IPBlock> <Opcode : '' 'add' 'sub'> <InPorts = 3> <OutPorts = 1> <Sync> <CReg>
ST_1 : Operation 1304 [1/1] (1.54ns)   --->   "%sub_ln58_33 = sub i13 %sext_ln17_763, i13 %sext_ln73_235" [firmware/nnet_utils/nnet_dense_latency.h:58]   --->   Operation 1304 'sub' 'sub_ln58_33' <Predicate = true> <Delay = 1.54> <CoreInst = "Adder">   --->   Core 1 'Adder' <Latency = 0> <II = 1> <Delay = 1.54> <FuncUnit> <Opcode : 'add' 'sub'> <InPorts = 2> <OutPorts = 1>
ST_1 : Operation 1305 [1/1] (0.00ns)   --->   "%sext_ln58_1153 = sext i13 %sub_ln58_33" [firmware/nnet_utils/nnet_dense_latency.h:58]   --->   Operation 1305 'sext' 'sext_ln58_1153' <Predicate = true> <Delay = 0.00>
ST_1 : Operation 1306 [1/1] (1.94ns)   --->   "%add_ln58_2079 = add i15 %sext_ln58_1153, i15 %mult_958" [firmware/nnet_utils/nnet_dense_latency.h:58]   --->   Operation 1306 'add' 'add_ln58_2079' <Predicate = true> <Delay = 1.94> <CoreInst = "Adder">   --->   Core 1 'Adder' <Latency = 0> <II = 1> <Delay = 1.94> <FuncUnit> <Opcode : 'add' 'sub'> <InPorts = 2> <OutPorts = 1>
ST_1 : Operation 1307 [1/1] (0.00ns)   --->   "%sext_ln58_1154 = sext i15 %add_ln58_2079" [firmware/nnet_utils/nnet_dense_latency.h:58]   --->   Operation 1307 'sext' 'sext_ln58_1154' <Predicate = true> <Delay = 0.00>
ST_1 : Operation 1308 [1/1] (3.90ns) (root node of TernaryAdder)   --->   "%add_ln58_2080 = add i16 %sext_ln58_1154, i16 %add_ln58_2078" [firmware/nnet_utils/nnet_dense_latency.h:58]   --->   Operation 1308 'add' 'add_ln58_2080' <Predicate = true> <Delay = 3.90> <CoreInst = "TAddSub">   --->   Core 10 'TAddSub' <Latency = 0> <II = 1> <Delay = 1.99> <IPBlock> <Opcode : '' 'add' 'sub'> <InPorts = 3> <OutPorts = 1> <Sync> <CReg>
ST_1 : Operation 1309 [1/1] (2.10ns)   --->   "%add_ln58_2082 = add i18 %sext_ln58_213, i18 %sext_ln17_736" [firmware/nnet_utils/nnet_dense_latency.h:58]   --->   Operation 1309 'add' 'add_ln58_2082' <Predicate = true> <Delay = 2.10> <CoreInst = "Adder">   --->   Core 1 'Adder' <Latency = 0> <II = 1> <Delay = 2.10> <FuncUnit> <Opcode : 'add' 'sub'> <InPorts = 2> <OutPorts = 1>
ST_1 : Operation 1310 [1/1] (3.87ns) (root node of TernaryAdder)   --->   "%add_ln58_2083 = add i15 %mul_ln17_8, i15 %mult_881" [firmware/nnet_utils/nnet_dense_latency.h:58]   --->   Operation 1310 'add' 'add_ln58_2083' <Predicate = true> <Delay = 3.87> <CoreInst = "TAddSub">   --->   Core 10 'TAddSub' <Latency = 0> <II = 1> <Delay = 1.99> <IPBlock> <Opcode : '' 'add' 'sub'> <InPorts = 3> <OutPorts = 1> <Sync> <CReg>
ST_1 : Operation 1311 [1/1] (0.00ns)   --->   "%sext_ln58_1156 = sext i15 %add_ln58_2083" [firmware/nnet_utils/nnet_dense_latency.h:58]   --->   Operation 1311 'sext' 'sext_ln58_1156' <Predicate = true> <Delay = 0.00>
ST_1 : Operation 1312 [1/1] (3.90ns) (root node of TernaryAdder)   --->   "%add_ln58_2084 = add i16 %sext_ln58_1156, i16 %mult_928" [firmware/nnet_utils/nnet_dense_latency.h:58]   --->   Operation 1312 'add' 'add_ln58_2084' <Predicate = true> <Delay = 3.90> <CoreInst = "TAddSub">   --->   Core 10 'TAddSub' <Latency = 0> <II = 1> <Delay = 1.99> <IPBlock> <Opcode : '' 'add' 'sub'> <InPorts = 3> <OutPorts = 1> <Sync> <CReg>
ST_1 : Operation 1313 [1/1] (3.84ns) (root node of TernaryAdder)   --->   "%sub_ln58_34 = sub i14 %mult_972, i14 %sext_ln73_224" [firmware/nnet_utils/nnet_dense_latency.h:58]   --->   Operation 1313 'sub' 'sub_ln58_34' <Predicate = true> <Delay = 3.84> <CoreInst = "TAddSub">   --->   Core 10 'TAddSub' <Latency = 0> <II = 1> <Delay = 1.99> <IPBlock> <Opcode : '' 'add' 'sub'> <InPorts = 3> <OutPorts = 1> <Sync> <CReg>
ST_1 : Operation 1314 [1/1] (0.00ns)   --->   "%sext_ln58_1158 = sext i14 %sub_ln58_34" [firmware/nnet_utils/nnet_dense_latency.h:58]   --->   Operation 1314 'sext' 'sext_ln58_1158' <Predicate = true> <Delay = 0.00>
ST_1 : Operation 1315 [1/1] (1.81ns)   --->   "%sub_ln58_35 = sub i15 %sext_ln58_1158, i15 %sext_ln73_194" [firmware/nnet_utils/nnet_dense_latency.h:58]   --->   Operation 1315 'sub' 'sub_ln58_35' <Predicate = true> <Delay = 1.81> <CoreInst = "Adder">   --->   Core 1 'Adder' <Latency = 0> <II = 1> <Delay = 1.81> <FuncUnit> <Opcode : 'add' 'sub'> <InPorts = 2> <OutPorts = 1>
ST_1 : Operation 1316 [1/1] (0.00ns)   --->   "%sext_ln58_1159 = sext i15 %sub_ln58_35" [firmware/nnet_utils/nnet_dense_latency.h:58]   --->   Operation 1316 'sext' 'sext_ln58_1159' <Predicate = true> <Delay = 0.00>
ST_1 : Operation 1317 [1/1] (1.54ns)   --->   "%sub_ln58_36 = sub i13 %sext_ln17_744, i13 %sext_ln73_218" [firmware/nnet_utils/nnet_dense_latency.h:58]   --->   Operation 1317 'sub' 'sub_ln58_36' <Predicate = true> <Delay = 1.54> <CoreInst = "Adder">   --->   Core 1 'Adder' <Latency = 0> <II = 1> <Delay = 1.54> <FuncUnit> <Opcode : 'add' 'sub'> <InPorts = 2> <OutPorts = 1>
ST_1 : Operation 1318 [1/1] (0.00ns)   --->   "%sext_ln58_1160 = sext i13 %sub_ln58_36" [firmware/nnet_utils/nnet_dense_latency.h:58]   --->   Operation 1318 'sext' 'sext_ln58_1160' <Predicate = true> <Delay = 0.00>
ST_1 : Operation 1319 [1/1] (1.81ns)   --->   "%add_ln58_2086 = add i15 %sext_ln58_1160, i15 %sext_ln17_777" [firmware/nnet_utils/nnet_dense_latency.h:58]   --->   Operation 1319 'add' 'add_ln58_2086' <Predicate = true> <Delay = 1.81> <CoreInst = "Adder">   --->   Core 1 'Adder' <Latency = 0> <II = 1> <Delay = 1.81> <FuncUnit> <Opcode : 'add' 'sub'> <InPorts = 2> <OutPorts = 1>
ST_1 : Operation 1320 [1/1] (0.00ns)   --->   "%sext_ln58_1161 = sext i15 %add_ln58_2086" [firmware/nnet_utils/nnet_dense_latency.h:58]   --->   Operation 1320 'sext' 'sext_ln58_1161' <Predicate = true> <Delay = 0.00>
ST_1 : Operation 1321 [1/1] (1.94ns)   --->   "%add_ln58_2087 = add i16 %sext_ln58_1161, i16 %sext_ln58_1159" [firmware/nnet_utils/nnet_dense_latency.h:58]   --->   Operation 1321 'add' 'add_ln58_2087' <Predicate = true> <Delay = 1.94> <CoreInst = "Adder">   --->   Core 1 'Adder' <Latency = 0> <II = 1> <Delay = 1.94> <FuncUnit> <Opcode : 'add' 'sub'> <InPorts = 2> <OutPorts = 1>
ST_1 : Operation 1322 [1/1] (3.87ns) (root node of TernaryAdder)   --->   "%add_ln58_2090 = add i15 %mult_904, i15 %mult_929" [firmware/nnet_utils/nnet_dense_latency.h:58]   --->   Operation 1322 'add' 'add_ln58_2090' <Predicate = true> <Delay = 3.87> <CoreInst = "TAddSub">   --->   Core 10 'TAddSub' <Latency = 0> <II = 1> <Delay = 1.99> <IPBlock> <Opcode : '' 'add' 'sub'> <InPorts = 3> <OutPorts = 1> <Sync> <CReg>
ST_1 : Operation 1323 [1/1] (0.00ns)   --->   "%sext_ln58_1163 = sext i15 %add_ln58_2090" [firmware/nnet_utils/nnet_dense_latency.h:58]   --->   Operation 1323 'sext' 'sext_ln58_1163' <Predicate = true> <Delay = 0.00>
ST_1 : Operation 1324 [1/1] (1.94ns)   --->   "%add_ln58_2091 = add i16 %sext_ln58_1163, i16 %sext_ln17_737" [firmware/nnet_utils/nnet_dense_latency.h:58]   --->   Operation 1324 'add' 'add_ln58_2091' <Predicate = true> <Delay = 1.94> <CoreInst = "Adder">   --->   Core 1 'Adder' <Latency = 0> <II = 1> <Delay = 1.94> <FuncUnit> <Opcode : 'add' 'sub'> <InPorts = 2> <OutPorts = 1>
ST_1 : Operation 1325 [1/1] (3.87ns) (root node of TernaryAdder)   --->   "%add_ln58_2093 = add i15 %mult_940, i15 %mult_973" [firmware/nnet_utils/nnet_dense_latency.h:58]   --->   Operation 1325 'add' 'add_ln58_2093' <Predicate = true> <Delay = 3.87> <CoreInst = "TAddSub">   --->   Core 10 'TAddSub' <Latency = 0> <II = 1> <Delay = 1.99> <IPBlock> <Opcode : '' 'add' 'sub'> <InPorts = 3> <OutPorts = 1> <Sync> <CReg>
ST_1 : Operation 1326 [1/1] (0.00ns)   --->   "%sext_ln58_1165 = sext i15 %add_ln58_2093" [firmware/nnet_utils/nnet_dense_latency.h:58]   --->   Operation 1326 'sext' 'sext_ln58_1165' <Predicate = true> <Delay = 0.00>
ST_1 : Operation 1327 [1/1] (3.81ns) (root node of TernaryAdder)   --->   "%sub_ln58_37 = sub i14 %mult_916, i14 %sext_ln73_232" [firmware/nnet_utils/nnet_dense_latency.h:58]   --->   Operation 1327 'sub' 'sub_ln58_37' <Predicate = true> <Delay = 3.81> <CoreInst = "TAddSub">   --->   Core 10 'TAddSub' <Latency = 0> <II = 1> <Delay = 1.99> <IPBlock> <Opcode : '' 'add' 'sub'> <InPorts = 3> <OutPorts = 1> <Sync> <CReg>
ST_1 : Operation 1328 [1/1] (0.00ns)   --->   "%sext_ln58_1166 = sext i14 %sub_ln58_37" [firmware/nnet_utils/nnet_dense_latency.h:58]   --->   Operation 1328 'sext' 'sext_ln58_1166' <Predicate = true> <Delay = 0.00>
ST_1 : Operation 1329 [1/1] (1.94ns)   --->   "%add_ln58_2094 = add i15 %sext_ln58_1166, i15 %mult_984" [firmware/nnet_utils/nnet_dense_latency.h:58]   --->   Operation 1329 'add' 'add_ln58_2094' <Predicate = true> <Delay = 1.94> <CoreInst = "Adder">   --->   Core 1 'Adder' <Latency = 0> <II = 1> <Delay = 1.94> <FuncUnit> <Opcode : 'add' 'sub'> <InPorts = 2> <OutPorts = 1>
ST_1 : Operation 1330 [1/1] (0.00ns)   --->   "%sext_ln58_1167 = sext i15 %add_ln58_2094" [firmware/nnet_utils/nnet_dense_latency.h:58]   --->   Operation 1330 'sext' 'sext_ln58_1167' <Predicate = true> <Delay = 0.00>
ST_1 : Operation 1331 [1/1] (1.94ns)   --->   "%add_ln58_2095 = add i16 %sext_ln58_1167, i16 %sext_ln58_1165" [firmware/nnet_utils/nnet_dense_latency.h:58]   --->   Operation 1331 'add' 'add_ln58_2095' <Predicate = true> <Delay = 1.94> <CoreInst = "Adder">   --->   Core 1 'Adder' <Latency = 0> <II = 1> <Delay = 1.94> <FuncUnit> <Opcode : 'add' 'sub'> <InPorts = 2> <OutPorts = 1>
ST_1 : Operation 1332 [1/1] (2.10ns)   --->   "%add_ln58_2097 = add i18 %sext_ln58_216, i18 %sext_ln17_745" [firmware/nnet_utils/nnet_dense_latency.h:58]   --->   Operation 1332 'add' 'add_ln58_2097' <Predicate = true> <Delay = 2.10> <CoreInst = "Adder">   --->   Core 1 'Adder' <Latency = 0> <II = 1> <Delay = 2.10> <FuncUnit> <Opcode : 'add' 'sub'> <InPorts = 2> <OutPorts = 1>
ST_1 : Operation 1333 [1/1] (1.94ns)   --->   "%add_ln58_2098 = add i15 %mult_917, i15 %mult_963" [firmware/nnet_utils/nnet_dense_latency.h:58]   --->   Operation 1333 'add' 'add_ln58_2098' <Predicate = true> <Delay = 1.94> <CoreInst = "Adder">   --->   Core 1 'Adder' <Latency = 0> <II = 1> <Delay = 1.94> <FuncUnit> <Opcode : 'add' 'sub'> <InPorts = 2> <OutPorts = 1>
ST_1 : Operation 1334 [1/1] (0.00ns)   --->   "%sext_ln58_1169 = sext i15 %add_ln58_2098" [firmware/nnet_utils/nnet_dense_latency.h:58]   --->   Operation 1334 'sext' 'sext_ln58_1169' <Predicate = true> <Delay = 0.00>
ST_1 : Operation 1335 [1/1] (3.87ns) (root node of TernaryAdder)   --->   "%add_ln58_2099 = add i16 %sext_ln58_1169, i16 %mult_985" [firmware/nnet_utils/nnet_dense_latency.h:58]   --->   Operation 1335 'add' 'add_ln58_2099' <Predicate = true> <Delay = 3.87> <CoreInst = "TAddSub">   --->   Core 10 'TAddSub' <Latency = 0> <II = 1> <Delay = 1.99> <IPBlock> <Opcode : '' 'add' 'sub'> <InPorts = 3> <OutPorts = 1> <Sync> <CReg>
ST_1 : Operation 1336 [1/1] (3.87ns) (root node of TernaryAdder)   --->   "%add_ln58_2101 = add i15 %mult_1009, i15 %sext_ln73_208" [firmware/nnet_utils/nnet_dense_latency.h:58]   --->   Operation 1336 'add' 'add_ln58_2101' <Predicate = true> <Delay = 3.87> <CoreInst = "TAddSub">   --->   Core 10 'TAddSub' <Latency = 0> <II = 1> <Delay = 1.99> <IPBlock> <Opcode : '' 'add' 'sub'> <InPorts = 3> <OutPorts = 1> <Sync> <CReg>
ST_1 : Operation 1337 [1/1] (0.00ns)   --->   "%sext_ln58_1171 = sext i15 %add_ln58_2101" [firmware/nnet_utils/nnet_dense_latency.h:58]   --->   Operation 1337 'sext' 'sext_ln58_1171' <Predicate = true> <Delay = 0.00>
ST_1 : Operation 1338 [1/1] (1.94ns)   --->   "%add_ln58_2102 = add i16 %sext_ln58_1171, i16 %sext_ln17_787" [firmware/nnet_utils/nnet_dense_latency.h:58]   --->   Operation 1338 'add' 'add_ln58_2102' <Predicate = true> <Delay = 1.94> <CoreInst = "Adder">   --->   Core 1 'Adder' <Latency = 0> <II = 1> <Delay = 1.94> <FuncUnit> <Opcode : 'add' 'sub'> <InPorts = 2> <OutPorts = 1>
ST_1 : Operation 1339 [1/1] (0.00ns)   --->   "%sext_ln58_1172 = sext i16 %add_ln58_2102" [firmware/nnet_utils/nnet_dense_latency.h:58]   --->   Operation 1339 'sext' 'sext_ln58_1172' <Predicate = true> <Delay = 0.00>
ST_1 : Operation 1340 [1/1] (0.00ns)   --->   "%sext_ln58_1392 = sext i13 %tmp_730" [firmware/nnet_utils/nnet_dense_latency.h:58]   --->   Operation 1340 'sext' 'sext_ln58_1392' <Predicate = true> <Delay = 0.00>
ST_1 : Operation 1341 [1/1] (0.00ns) (grouped into TernaryAdder)   --->   "%sub_ln58_38 = sub i15 %sext_ln17_777, i15 %sext_ln58_1392" [firmware/nnet_utils/nnet_dense_latency.h:58]   --->   Operation 1341 'sub' 'sub_ln58_38' <Predicate = true> <Delay = 0.00> <CoreInst = "TAddSub">   --->   Core 10 'TAddSub' <Latency = 0> <II = 1> <Delay = 1.99> <IPBlock> <Opcode : '' 'add' 'sub'> <InPorts = 3> <OutPorts = 1> <Sync> <CReg>
ST_1 : Operation 1342 [1/1] (3.87ns) (root node of TernaryAdder)   --->   "%add_ln58_2103 = add i15 %sub_ln58_38, i15 %sext_ln17_766" [firmware/nnet_utils/nnet_dense_latency.h:58]   --->   Operation 1342 'add' 'add_ln58_2103' <Predicate = true> <Delay = 3.87> <CoreInst = "TAddSub">   --->   Core 10 'TAddSub' <Latency = 0> <II = 1> <Delay = 1.99> <IPBlock> <Opcode : '' 'add' 'sub'> <InPorts = 3> <OutPorts = 1> <Sync> <CReg>
ST_1 : Operation 1343 [1/1] (0.00ns)   --->   "%sext_ln58_1173 = sext i15 %add_ln58_2103" [firmware/nnet_utils/nnet_dense_latency.h:58]   --->   Operation 1343 'sext' 'sext_ln58_1173' <Predicate = true> <Delay = 0.00>
ST_1 : Operation 1344 [1/1] (2.07ns)   --->   "%add_ln58_2104 = add i17 %sext_ln58_1173, i17 %sext_ln58_1172" [firmware/nnet_utils/nnet_dense_latency.h:58]   --->   Operation 1344 'add' 'add_ln58_2104' <Predicate = true> <Delay = 2.07> <CoreInst = "Adder">   --->   Core 1 'Adder' <Latency = 0> <II = 1> <Delay = 2.07> <FuncUnit> <Opcode : 'add' 'sub'> <InPorts = 2> <OutPorts = 1>
ST_1 : Operation 1345 [1/1] (0.00ns)   --->   "%sext_ln58_1175 = sext i15 %sub_ln73_1057" [firmware/nnet_utils/nnet_dense_latency.h:58]   --->   Operation 1345 'sext' 'sext_ln58_1175' <Predicate = true> <Delay = 0.00>
ST_1 : Operation 1346 [1/1] (3.90ns) (root node of TernaryAdder)   --->   "%add_ln58_2107 = add i16 %mult_977, i16 %sext_ln17_781" [firmware/nnet_utils/nnet_dense_latency.h:58]   --->   Operation 1346 'add' 'add_ln58_2107' <Predicate = true> <Delay = 3.90> <CoreInst = "TAddSub">   --->   Core 10 'TAddSub' <Latency = 0> <II = 1> <Delay = 1.99> <IPBlock> <Opcode : '' 'add' 'sub'> <InPorts = 3> <OutPorts = 1> <Sync> <CReg>
ST_1 : Operation 1347 [1/1] (3.90ns) (root node of TernaryAdder)   --->   "%add_ln58_2108 = add i16 %add_ln58_2107, i16 %mult_944" [firmware/nnet_utils/nnet_dense_latency.h:58]   --->   Operation 1347 'add' 'add_ln58_2108' <Predicate = true> <Delay = 3.90> <CoreInst = "TAddSub">   --->   Core 10 'TAddSub' <Latency = 0> <II = 1> <Delay = 1.99> <IPBlock> <Opcode : '' 'add' 'sub'> <InPorts = 3> <OutPorts = 1> <Sync> <CReg>
ST_1 : Operation 1348 [1/1] (3.87ns) (root node of TernaryAdder)   --->   "%add_ln58_2110 = add i15 %mult_1010, i15 %mult_1020" [firmware/nnet_utils/nnet_dense_latency.h:58]   --->   Operation 1348 'add' 'add_ln58_2110' <Predicate = true> <Delay = 3.87> <CoreInst = "TAddSub">   --->   Core 10 'TAddSub' <Latency = 0> <II = 1> <Delay = 1.99> <IPBlock> <Opcode : '' 'add' 'sub'> <InPorts = 3> <OutPorts = 1> <Sync> <CReg>
ST_1 : Operation 1349 [1/1] (0.00ns)   --->   "%sext_ln58_1177 = sext i15 %add_ln58_2110" [firmware/nnet_utils/nnet_dense_latency.h:58]   --->   Operation 1349 'sext' 'sext_ln58_1177' <Predicate = true> <Delay = 0.00>
ST_1 : Operation 1350 [1/1] (3.84ns) (root node of TernaryAdder)   --->   "%add_ln58_2111 = add i14 %mult_1001, i14 %sext_ln17_771" [firmware/nnet_utils/nnet_dense_latency.h:58]   --->   Operation 1350 'add' 'add_ln58_2111' <Predicate = true> <Delay = 3.84> <CoreInst = "TAddSub">   --->   Core 10 'TAddSub' <Latency = 0> <II = 1> <Delay = 1.99> <IPBlock> <Opcode : '' 'add' 'sub'> <InPorts = 3> <OutPorts = 1> <Sync> <CReg>
ST_1 : Operation 1351 [1/1] (0.00ns)   --->   "%sext_ln58_1178 = sext i14 %add_ln58_2111" [firmware/nnet_utils/nnet_dense_latency.h:58]   --->   Operation 1351 'sext' 'sext_ln58_1178' <Predicate = true> <Delay = 0.00>
ST_1 : Operation 1352 [1/1] (1.81ns)   --->   "%add_ln58_2112 = add i15 %sext_ln58_1178, i15 %sext_ln73_233" [firmware/nnet_utils/nnet_dense_latency.h:58]   --->   Operation 1352 'add' 'add_ln58_2112' <Predicate = true> <Delay = 1.81> <CoreInst = "Adder">   --->   Core 1 'Adder' <Latency = 0> <II = 1> <Delay = 1.81> <FuncUnit> <Opcode : 'add' 'sub'> <InPorts = 2> <OutPorts = 1>
ST_1 : Operation 1353 [1/1] (0.00ns)   --->   "%sext_ln58_1179 = sext i15 %add_ln58_2112" [firmware/nnet_utils/nnet_dense_latency.h:58]   --->   Operation 1353 'sext' 'sext_ln58_1179' <Predicate = true> <Delay = 0.00>
ST_1 : Operation 1354 [1/1] (1.94ns)   --->   "%add_ln58_2113 = add i16 %sext_ln58_1179, i16 %sext_ln58_1177" [firmware/nnet_utils/nnet_dense_latency.h:58]   --->   Operation 1354 'add' 'add_ln58_2113' <Predicate = true> <Delay = 1.94> <CoreInst = "Adder">   --->   Core 1 'Adder' <Latency = 0> <II = 1> <Delay = 1.94> <FuncUnit> <Opcode : 'add' 'sub'> <InPorts = 2> <OutPorts = 1>
ST_1 : Operation 1355 [1/1] (0.00ns)   --->   "%sext_ln58_1181 = sext i11 %shl_ln" [firmware/nnet_utils/nnet_dense_latency.h:58]   --->   Operation 1355 'sext' 'sext_ln58_1181' <Predicate = true> <Delay = 0.00>
ST_1 : Operation 1356 [1/1] (3.90ns) (root node of TernaryAdder)   --->   "%add_ln58_2115 = add i16 %mult_1002, i16 %sext_ln17_740" [firmware/nnet_utils/nnet_dense_latency.h:58]   --->   Operation 1356 'add' 'add_ln58_2115' <Predicate = true> <Delay = 3.90> <CoreInst = "TAddSub">   --->   Core 10 'TAddSub' <Latency = 0> <II = 1> <Delay = 1.99> <IPBlock> <Opcode : '' 'add' 'sub'> <InPorts = 3> <OutPorts = 1> <Sync> <CReg>
ST_1 : Operation 1357 [1/1] (1.73ns)   --->   "%add_ln58_2117 = add i11 %sext_ln73_189, i11 %sext_ln73_198" [firmware/nnet_utils/nnet_dense_latency.h:58]   --->   Operation 1357 'add' 'add_ln58_2117' <Predicate = true> <Delay = 1.73> <CoreInst = "Adder">   --->   Core 1 'Adder' <Latency = 0> <II = 1> <Delay = 1.73> <FuncUnit> <Opcode : 'add' 'sub'> <InPorts = 2> <OutPorts = 1>
ST_1 : Operation 1358 [1/1] (0.00ns)   --->   "%p_shl44 = bitconcatenate i15 @_ssdm_op_BitConcatenate.i15.i11.i4, i11 %add_ln58_2117, i4 0" [firmware/nnet_utils/nnet_dense_latency.h:58]   --->   Operation 1358 'bitconcatenate' 'p_shl44' <Predicate = true> <Delay = 0.00>
ST_1 : Operation 1359 [1/1] (0.00ns)   --->   "%tmp_800 = bitconcatenate i13 @_ssdm_op_BitConcatenate.i13.i11.i2, i11 %add_ln58_2117, i2 0" [firmware/nnet_utils/nnet_dense_latency.h:58]   --->   Operation 1359 'bitconcatenate' 'tmp_800' <Predicate = true> <Delay = 0.00>
ST_1 : Operation 1360 [1/1] (0.00ns)   --->   "%sext_ln58_1393 = sext i13 %tmp_800" [firmware/nnet_utils/nnet_dense_latency.h:58]   --->   Operation 1360 'sext' 'sext_ln58_1393' <Predicate = true> <Delay = 0.00>
ST_1 : Operation 1361 [1/1] (1.94ns)   --->   "%sub_ln58_39 = sub i15 %p_shl44, i15 %sext_ln58_1393" [firmware/nnet_utils/nnet_dense_latency.h:58]   --->   Operation 1361 'sub' 'sub_ln58_39' <Predicate = true> <Delay = 1.94> <CoreInst = "Adder">   --->   Core 1 'Adder' <Latency = 0> <II = 1> <Delay = 1.94> <FuncUnit> <Opcode : 'add' 'sub'> <InPorts = 2> <OutPorts = 1>
ST_1 : Operation 1362 [1/1] (0.00ns)   --->   "%sext_ln58_1183 = sext i15 %sub_ln58_39" [firmware/nnet_utils/nnet_dense_latency.h:58]   --->   Operation 1362 'sext' 'sext_ln58_1183' <Predicate = true> <Delay = 0.00>
ST_1 : Operation 1363 [1/1] (1.94ns)   --->   "%add_ln58_2118 = add i15 %mult_940, i15 %mult_966" [firmware/nnet_utils/nnet_dense_latency.h:58]   --->   Operation 1363 'add' 'add_ln58_2118' <Predicate = true> <Delay = 1.94> <CoreInst = "Adder">   --->   Core 1 'Adder' <Latency = 0> <II = 1> <Delay = 1.94> <FuncUnit> <Opcode : 'add' 'sub'> <InPorts = 2> <OutPorts = 1>
ST_1 : Operation 1364 [1/1] (0.00ns)   --->   "%sext_ln58_1184 = sext i15 %add_ln58_2118" [firmware/nnet_utils/nnet_dense_latency.h:58]   --->   Operation 1364 'sext' 'sext_ln58_1184' <Predicate = true> <Delay = 0.00>
ST_1 : Operation 1365 [1/1] (1.94ns)   --->   "%add_ln58_2119 = add i16 %sext_ln58_1184, i16 %sext_ln58_1183" [firmware/nnet_utils/nnet_dense_latency.h:58]   --->   Operation 1365 'add' 'add_ln58_2119' <Predicate = true> <Delay = 1.94> <CoreInst = "Adder">   --->   Core 1 'Adder' <Latency = 0> <II = 1> <Delay = 1.94> <FuncUnit> <Opcode : 'add' 'sub'> <InPorts = 2> <OutPorts = 1>
ST_1 : Operation 1366 [1/1] (3.87ns) (root node of TernaryAdder)   --->   "%add_ln58_2121 = add i15 %mult_989, i15 %mult_1021" [firmware/nnet_utils/nnet_dense_latency.h:58]   --->   Operation 1366 'add' 'add_ln58_2121' <Predicate = true> <Delay = 3.87> <CoreInst = "TAddSub">   --->   Core 10 'TAddSub' <Latency = 0> <II = 1> <Delay = 1.99> <IPBlock> <Opcode : '' 'add' 'sub'> <InPorts = 3> <OutPorts = 1> <Sync> <CReg>
ST_1 : Operation 1367 [1/1] (0.00ns)   --->   "%sext_ln58_1186 = sext i15 %add_ln58_2121" [firmware/nnet_utils/nnet_dense_latency.h:58]   --->   Operation 1367 'sext' 'sext_ln58_1186' <Predicate = true> <Delay = 0.00>
ST_1 : Operation 1368 [1/1] (3.84ns) (root node of TernaryAdder)   --->   "%add_ln58_2122 = add i14 %mult_934, i14 %mult_1032" [firmware/nnet_utils/nnet_dense_latency.h:58]   --->   Operation 1368 'add' 'add_ln58_2122' <Predicate = true> <Delay = 3.84> <CoreInst = "TAddSub">   --->   Core 10 'TAddSub' <Latency = 0> <II = 1> <Delay = 1.99> <IPBlock> <Opcode : '' 'add' 'sub'> <InPorts = 3> <OutPorts = 1> <Sync> <CReg>
ST_1 : Operation 1369 [1/1] (0.00ns)   --->   "%sext_ln58_1187 = sext i14 %add_ln58_2122" [firmware/nnet_utils/nnet_dense_latency.h:58]   --->   Operation 1369 'sext' 'sext_ln58_1187' <Predicate = true> <Delay = 0.00>
ST_1 : Operation 1370 [1/1] (0.00ns) (grouped into TernaryAdder)   --->   "%add_ln58_2123 = add i16 %sext_ln58_1187, i16 %sext_ln58_1186" [firmware/nnet_utils/nnet_dense_latency.h:58]   --->   Operation 1370 'add' 'add_ln58_2123' <Predicate = true> <Delay = 0.00> <CoreInst = "TAddSub">   --->   Core 10 'TAddSub' <Latency = 0> <II = 1> <Delay = 1.99> <IPBlock> <Opcode : '' 'add' 'sub'> <InPorts = 3> <OutPorts = 1> <Sync> <CReg>
ST_1 : Operation 1371 [1/1] (3.81ns) (root node of TernaryAdder)   --->   "%sub_ln58_40 = sub i13 %mult_955, i13 %sext_ln73_241" [firmware/nnet_utils/nnet_dense_latency.h:58]   --->   Operation 1371 'sub' 'sub_ln58_40' <Predicate = true> <Delay = 3.81> <CoreInst = "TAddSub">   --->   Core 10 'TAddSub' <Latency = 0> <II = 1> <Delay = 1.99> <IPBlock> <Opcode : '' 'add' 'sub'> <InPorts = 3> <OutPorts = 1> <Sync> <CReg>
ST_1 : Operation 1372 [1/1] (0.00ns)   --->   "%sext_ln58_1188 = sext i13 %sub_ln58_40" [firmware/nnet_utils/nnet_dense_latency.h:58]   --->   Operation 1372 'sext' 'sext_ln58_1188' <Predicate = true> <Delay = 0.00>
ST_1 : Operation 1373 [1/1] (1.63ns)   --->   "%add_ln58_2124 = add i12 %sext_ln17_789, i12 %sext_ln58_1181" [firmware/nnet_utils/nnet_dense_latency.h:58]   --->   Operation 1373 'add' 'add_ln58_2124' <Predicate = true> <Delay = 1.63> <CoreInst = "Adder">   --->   Core 1 'Adder' <Latency = 0> <II = 1> <Delay = 1.63> <FuncUnit> <Opcode : 'add' 'sub'> <InPorts = 2> <OutPorts = 1>
ST_1 : Operation 1374 [1/1] (0.00ns)   --->   "%sext_ln58_1189 = sext i12 %add_ln58_2124" [firmware/nnet_utils/nnet_dense_latency.h:58]   --->   Operation 1374 'sext' 'sext_ln58_1189' <Predicate = true> <Delay = 0.00>
ST_1 : Operation 1375 [1/1] (1.67ns)   --->   "%add_ln58_2125 = add i14 %sext_ln58_1189, i14 %sext_ln58_1188" [firmware/nnet_utils/nnet_dense_latency.h:58]   --->   Operation 1375 'add' 'add_ln58_2125' <Predicate = true> <Delay = 1.67> <CoreInst = "Adder">   --->   Core 1 'Adder' <Latency = 0> <II = 1> <Delay = 1.67> <FuncUnit> <Opcode : 'add' 'sub'> <InPorts = 2> <OutPorts = 1>
ST_1 : Operation 1376 [1/1] (0.00ns)   --->   "%sext_ln58_1190 = sext i14 %add_ln58_2125" [firmware/nnet_utils/nnet_dense_latency.h:58]   --->   Operation 1376 'sext' 'sext_ln58_1190' <Predicate = true> <Delay = 0.00>
ST_1 : Operation 1377 [1/1] (3.90ns) (root node of TernaryAdder)   --->   "%add_ln58_2126 = add i16 %sext_ln58_1190, i16 %add_ln58_2123" [firmware/nnet_utils/nnet_dense_latency.h:58]   --->   Operation 1377 'add' 'add_ln58_2126' <Predicate = true> <Delay = 3.90> <CoreInst = "TAddSub">   --->   Core 10 'TAddSub' <Latency = 0> <II = 1> <Delay = 1.99> <IPBlock> <Opcode : '' 'add' 'sub'> <InPorts = 3> <OutPorts = 1> <Sync> <CReg>
ST_1 : Operation 1378 [1/1] (0.00ns)   --->   "%sext_ln58_1192 = sext i14 %sub_ln73_1081" [firmware/nnet_utils/nnet_dense_latency.h:58]   --->   Operation 1378 'sext' 'sext_ln58_1192' <Predicate = true> <Delay = 0.00>
ST_1 : Operation 1379 [1/1] (0.00ns)   --->   "%trunc_ln58 = trunc i17 %sub_ln73_1098" [firmware/nnet_utils/nnet_dense_latency.h:58]   --->   Operation 1379 'trunc' 'trunc_ln58' <Predicate = true> <Delay = 0.00>
ST_1 : Operation 1380 [1/1] (0.00ns)   --->   "%trunc_ln58_1 = trunc i16 %sub_ln73_1114" [firmware/nnet_utils/nnet_dense_latency.h:58]   --->   Operation 1380 'trunc' 'trunc_ln58_1' <Predicate = true> <Delay = 0.00>
ST_1 : Operation 1381 [1/1] (3.90ns) (root node of TernaryAdder)   --->   "%add_ln58_2129 = add i16 %mul_ln17_9, i16 %mult_960" [firmware/nnet_utils/nnet_dense_latency.h:58]   --->   Operation 1381 'add' 'add_ln58_2129' <Predicate = true> <Delay = 3.90> <CoreInst = "TAddSub">   --->   Core 10 'TAddSub' <Latency = 0> <II = 1> <Delay = 1.99> <IPBlock> <Opcode : '' 'add' 'sub'> <InPorts = 3> <OutPorts = 1> <Sync> <CReg>
ST_1 : Operation 1382 [1/1] (2.07ns)   --->   "%add_ln58_2131 = add i16 %mult_968, i16 %mul_ln73" [firmware/nnet_utils/nnet_dense_latency.h:58]   --->   Operation 1382 'add' 'add_ln58_2131' <Predicate = true> <Delay = 2.07> <CoreInst = "Adder">   --->   Core 1 'Adder' <Latency = 0> <II = 1> <Delay = 2.07> <FuncUnit> <Opcode : 'add' 'sub'> <InPorts = 2> <OutPorts = 1>
ST_1 : Operation 1383 [1/1] (0.00ns)   --->   "%sext_ln58_1194 = sext i16 %add_ln58_2131" [firmware/nnet_utils/nnet_dense_latency.h:58]   --->   Operation 1383 'sext' 'sext_ln58_1194' <Predicate = true> <Delay = 0.00>
ST_1 : Operation 1384 [1/1] (2.07ns)   --->   "%add_ln58_2132 = add i16 %mul_ln73_336, i16 %mult_1069" [firmware/nnet_utils/nnet_dense_latency.h:58]   --->   Operation 1384 'add' 'add_ln58_2132' <Predicate = true> <Delay = 2.07> <CoreInst = "Adder">   --->   Core 1 'Adder' <Latency = 0> <II = 1> <Delay = 2.07> <FuncUnit> <Opcode : 'add' 'sub'> <InPorts = 2> <OutPorts = 1>
ST_1 : Operation 1385 [1/1] (0.00ns)   --->   "%sext_ln58_1195 = sext i16 %add_ln58_2132" [firmware/nnet_utils/nnet_dense_latency.h:58]   --->   Operation 1385 'sext' 'sext_ln58_1195' <Predicate = true> <Delay = 0.00>
ST_1 : Operation 1386 [1/1] (2.07ns)   --->   "%add_ln58_2133 = add i17 %sext_ln58_1195, i17 %sext_ln58_1194" [firmware/nnet_utils/nnet_dense_latency.h:58]   --->   Operation 1386 'add' 'add_ln58_2133' <Predicate = true> <Delay = 2.07> <CoreInst = "Adder">   --->   Core 1 'Adder' <Latency = 0> <II = 1> <Delay = 2.07> <FuncUnit> <Opcode : 'add' 'sub'> <InPorts = 2> <OutPorts = 1>
ST_1 : Operation 1387 [1/1] (3.87ns) (root node of TernaryAdder)   --->   "%add_ln58_2135 = add i15 %mul_ln17_11, i15 %mult_1037" [firmware/nnet_utils/nnet_dense_latency.h:58]   --->   Operation 1387 'add' 'add_ln58_2135' <Predicate = true> <Delay = 3.87> <CoreInst = "TAddSub">   --->   Core 10 'TAddSub' <Latency = 0> <II = 1> <Delay = 1.99> <IPBlock> <Opcode : '' 'add' 'sub'> <InPorts = 3> <OutPorts = 1> <Sync> <CReg>
ST_1 : Operation 1388 [1/1] (0.00ns)   --->   "%sext_ln58_1197 = sext i15 %add_ln58_2135" [firmware/nnet_utils/nnet_dense_latency.h:58]   --->   Operation 1388 'sext' 'sext_ln58_1197' <Predicate = true> <Delay = 0.00>
ST_1 : Operation 1389 [1/1] (1.94ns)   --->   "%add_ln58_2136 = add i15 %sub_ln73_1077, i15 %sext_ln17_779" [firmware/nnet_utils/nnet_dense_latency.h:58]   --->   Operation 1389 'add' 'add_ln58_2136' <Predicate = true> <Delay = 1.94> <CoreInst = "Adder">   --->   Core 1 'Adder' <Latency = 0> <II = 1> <Delay = 1.94> <FuncUnit> <Opcode : 'add' 'sub'> <InPorts = 2> <OutPorts = 1>
ST_1 : Operation 1390 [1/1] (0.00ns)   --->   "%sext_ln58_1198 = sext i15 %add_ln58_2136" [firmware/nnet_utils/nnet_dense_latency.h:58]   --->   Operation 1390 'sext' 'sext_ln58_1198' <Predicate = true> <Delay = 0.00>
ST_1 : Operation 1391 [1/1] (1.94ns)   --->   "%add_ln58_2137 = add i16 %sext_ln58_1198, i16 %sext_ln58_1197" [firmware/nnet_utils/nnet_dense_latency.h:58]   --->   Operation 1391 'add' 'add_ln58_2137' <Predicate = true> <Delay = 1.94> <CoreInst = "Adder">   --->   Core 1 'Adder' <Latency = 0> <II = 1> <Delay = 1.94> <FuncUnit> <Opcode : 'add' 'sub'> <InPorts = 2> <OutPorts = 1>
ST_1 : Operation 1392 [1/1] (0.00ns)   --->   "%sext_ln58_1199 = sext i16 %add_ln58_2137" [firmware/nnet_utils/nnet_dense_latency.h:58]   --->   Operation 1392 'sext' 'sext_ln58_1199' <Predicate = true> <Delay = 0.00>
ST_1 : Operation 1393 [1/1] (1.73ns)   --->   "%add_ln58_2138 = add i11 %sext_ln73_316, i11 %sext_ln73_323" [firmware/nnet_utils/nnet_dense_latency.h:58]   --->   Operation 1393 'add' 'add_ln58_2138' <Predicate = true> <Delay = 1.73> <CoreInst = "Adder">   --->   Core 1 'Adder' <Latency = 0> <II = 1> <Delay = 1.73> <FuncUnit> <Opcode : 'add' 'sub'> <InPorts = 2> <OutPorts = 1>
ST_1 : Operation 1394 [1/1] (0.00ns)   --->   "%p_shl45 = bitconcatenate i14 @_ssdm_op_BitConcatenate.i14.i11.i3, i11 %add_ln58_2138, i3 0" [firmware/nnet_utils/nnet_dense_latency.h:58]   --->   Operation 1394 'bitconcatenate' 'p_shl45' <Predicate = true> <Delay = 0.00>
ST_1 : Operation 1395 [1/1] (0.00ns)   --->   "%tmp_801 = bitconcatenate i12 @_ssdm_op_BitConcatenate.i12.i11.i1, i11 %add_ln58_2138, i1 0" [firmware/nnet_utils/nnet_dense_latency.h:58]   --->   Operation 1395 'bitconcatenate' 'tmp_801' <Predicate = true> <Delay = 0.00>
ST_1 : Operation 1396 [1/1] (0.00ns)   --->   "%sext_ln58_1394 = sext i12 %tmp_801" [firmware/nnet_utils/nnet_dense_latency.h:58]   --->   Operation 1396 'sext' 'sext_ln58_1394' <Predicate = true> <Delay = 0.00>
ST_1 : Operation 1397 [1/1] (1.81ns)   --->   "%sub_ln58_41 = sub i14 %sext_ln58_1394, i14 %p_shl45" [firmware/nnet_utils/nnet_dense_latency.h:58]   --->   Operation 1397 'sub' 'sub_ln58_41' <Predicate = true> <Delay = 1.81> <CoreInst = "Adder">   --->   Core 1 'Adder' <Latency = 0> <II = 1> <Delay = 1.81> <FuncUnit> <Opcode : 'add' 'sub'> <InPorts = 2> <OutPorts = 1>
ST_1 : Operation 1398 [1/1] (0.00ns)   --->   "%sext_ln58_1200 = sext i14 %sub_ln58_41" [firmware/nnet_utils/nnet_dense_latency.h:58]   --->   Operation 1398 'sext' 'sext_ln58_1200' <Predicate = true> <Delay = 0.00>
ST_1 : Operation 1399 [1/1] (1.54ns)   --->   "%sub_ln58_42 = sub i13 %sext_ln17_817, i13 %sext_ln73_249" [firmware/nnet_utils/nnet_dense_latency.h:58]   --->   Operation 1399 'sub' 'sub_ln58_42' <Predicate = true> <Delay = 1.54> <CoreInst = "Adder">   --->   Core 1 'Adder' <Latency = 0> <II = 1> <Delay = 1.54> <FuncUnit> <Opcode : 'add' 'sub'> <InPorts = 2> <OutPorts = 1>
ST_1 : Operation 1400 [1/1] (0.00ns)   --->   "%sext_ln58_1201 = sext i13 %sub_ln58_42" [firmware/nnet_utils/nnet_dense_latency.h:58]   --->   Operation 1400 'sext' 'sext_ln58_1201' <Predicate = true> <Delay = 0.00>
ST_1 : Operation 1401 [1/1] (1.81ns)   --->   "%add_ln58_2139 = add i15 %sext_ln58_1201, i15 %sext_ln58_1200" [firmware/nnet_utils/nnet_dense_latency.h:58]   --->   Operation 1401 'add' 'add_ln58_2139' <Predicate = true> <Delay = 1.81> <CoreInst = "Adder">   --->   Core 1 'Adder' <Latency = 0> <II = 1> <Delay = 1.81> <FuncUnit> <Opcode : 'add' 'sub'> <InPorts = 2> <OutPorts = 1>
ST_1 : Operation 1402 [1/1] (0.00ns)   --->   "%sext_ln58_1202 = sext i15 %add_ln58_2139" [firmware/nnet_utils/nnet_dense_latency.h:58]   --->   Operation 1402 'sext' 'sext_ln58_1202' <Predicate = true> <Delay = 0.00>
ST_1 : Operation 1403 [1/1] (2.07ns)   --->   "%add_ln58_2140 = add i17 %sext_ln58_1202, i17 %sext_ln58_1199" [firmware/nnet_utils/nnet_dense_latency.h:58]   --->   Operation 1403 'add' 'add_ln58_2140' <Predicate = true> <Delay = 2.07> <CoreInst = "Adder">   --->   Core 1 'Adder' <Latency = 0> <II = 1> <Delay = 2.07> <FuncUnit> <Opcode : 'add' 'sub'> <InPorts = 2> <OutPorts = 1>
ST_1 : Operation 1404 [1/1] (0.00ns)   --->   "%sext_ln58_1204 = sext i15 %sub_ln73_1120" [firmware/nnet_utils/nnet_dense_latency.h:58]   --->   Operation 1404 'sext' 'sext_ln58_1204' <Predicate = true> <Delay = 0.00>
ST_1 : Operation 1405 [1/1] (0.00ns)   --->   "%trunc_ln58_2 = trunc i15 %sub_ln73_1120" [firmware/nnet_utils/nnet_dense_latency.h:58]   --->   Operation 1405 'trunc' 'trunc_ln58_2' <Predicate = true> <Delay = 0.00>
ST_1 : Operation 1406 [1/1] (3.93ns) (root node of TernaryAdder)   --->   "%add_ln58_2142 = add i17 %mult_998, i17 %mult_1027" [firmware/nnet_utils/nnet_dense_latency.h:58]   --->   Operation 1406 'add' 'add_ln58_2142' <Predicate = true> <Delay = 3.93> <CoreInst = "TAddSub">   --->   Core 10 'TAddSub' <Latency = 0> <II = 1> <Delay = 1.99> <IPBlock> <Opcode : '' 'add' 'sub'> <InPorts = 3> <OutPorts = 1> <Sync> <CReg>
ST_1 : Operation 1407 [1/1] (3.90ns) (root node of TernaryAdder)   --->   "%add_ln58_2144 = add i16 %mult_1008, i16 %sub_ln73_1073" [firmware/nnet_utils/nnet_dense_latency.h:58]   --->   Operation 1407 'add' 'add_ln58_2144' <Predicate = true> <Delay = 3.90> <CoreInst = "TAddSub">   --->   Core 10 'TAddSub' <Latency = 0> <II = 1> <Delay = 1.99> <IPBlock> <Opcode : '' 'add' 'sub'> <InPorts = 3> <OutPorts = 1> <Sync> <CReg>
ST_1 : Operation 1408 [1/1] (0.00ns)   --->   "%sext_ln58_1206 = sext i16 %add_ln58_2144" [firmware/nnet_utils/nnet_dense_latency.h:58]   --->   Operation 1408 'sext' 'sext_ln58_1206' <Predicate = true> <Delay = 0.00>
ST_1 : Operation 1409 [1/1] (2.10ns)   --->   "%add_ln58_2145 = add i17 %sext_ln58_1206, i17 %mult_1073" [firmware/nnet_utils/nnet_dense_latency.h:58]   --->   Operation 1409 'add' 'add_ln58_2145' <Predicate = true> <Delay = 2.10> <CoreInst = "Adder">   --->   Core 1 'Adder' <Latency = 0> <II = 1> <Delay = 2.10> <FuncUnit> <Opcode : 'add' 'sub'> <InPorts = 2> <OutPorts = 1>
ST_1 : Operation 1410 [1/1] (2.07ns)   --->   "%add_ln58_2147 = add i16 %mult_1102, i16 %sext_ln58_1175" [firmware/nnet_utils/nnet_dense_latency.h:58]   --->   Operation 1410 'add' 'add_ln58_2147' <Predicate = true> <Delay = 2.07> <CoreInst = "Adder">   --->   Core 1 'Adder' <Latency = 0> <II = 1> <Delay = 2.07> <FuncUnit> <Opcode : 'add' 'sub'> <InPorts = 2> <OutPorts = 1>
ST_1 : Operation 1411 [1/1] (3.90ns) (root node of TernaryAdder)   --->   "%add_ln58_2148 = add i16 %add_ln58_2147, i16 %mult_1061" [firmware/nnet_utils/nnet_dense_latency.h:58]   --->   Operation 1411 'add' 'add_ln58_2148' <Predicate = true> <Delay = 3.90> <CoreInst = "TAddSub">   --->   Core 10 'TAddSub' <Latency = 0> <II = 1> <Delay = 1.99> <IPBlock> <Opcode : '' 'add' 'sub'> <InPorts = 3> <OutPorts = 1> <Sync> <CReg>
ST_1 : Operation 1412 [1/1] (0.00ns)   --->   "%sext_ln58_1208 = sext i16 %add_ln58_2148" [firmware/nnet_utils/nnet_dense_latency.h:58]   --->   Operation 1412 'sext' 'sext_ln58_1208' <Predicate = true> <Delay = 0.00>
ST_1 : Operation 1413 [1/1] (3.87ns) (root node of TernaryAdder)   --->   "%add_ln58_2149 = add i15 %mult_1050, i15 %mult_1081" [firmware/nnet_utils/nnet_dense_latency.h:58]   --->   Operation 1413 'add' 'add_ln58_2149' <Predicate = true> <Delay = 3.87> <CoreInst = "TAddSub">   --->   Core 10 'TAddSub' <Latency = 0> <II = 1> <Delay = 1.99> <IPBlock> <Opcode : '' 'add' 'sub'> <InPorts = 3> <OutPorts = 1> <Sync> <CReg>
ST_1 : Operation 1414 [1/1] (0.00ns)   --->   "%sext_ln58_1209 = sext i15 %add_ln58_2149" [firmware/nnet_utils/nnet_dense_latency.h:58]   --->   Operation 1414 'sext' 'sext_ln58_1209' <Predicate = true> <Delay = 0.00>
ST_1 : Operation 1415 [1/1] (1.81ns)   --->   "%add_ln58_2150 = add i14 %trunc_ln58_2, i14 %sext_ln17_812" [firmware/nnet_utils/nnet_dense_latency.h:58]   --->   Operation 1415 'add' 'add_ln58_2150' <Predicate = true> <Delay = 1.81> <CoreInst = "Adder">   --->   Core 1 'Adder' <Latency = 0> <II = 1> <Delay = 1.81> <FuncUnit> <Opcode : 'add' 'sub'> <InPorts = 2> <OutPorts = 1>
ST_1 : Operation 1416 [1/1] (0.00ns)   --->   "%sext_ln58_1210 = sext i14 %add_ln58_2150" [firmware/nnet_utils/nnet_dense_latency.h:58]   --->   Operation 1416 'sext' 'sext_ln58_1210' <Predicate = true> <Delay = 0.00>
ST_1 : Operation 1417 [1/1] (1.94ns)   --->   "%add_ln58_2151 = add i16 %sext_ln58_1210, i16 %sext_ln58_1209" [firmware/nnet_utils/nnet_dense_latency.h:58]   --->   Operation 1417 'add' 'add_ln58_2151' <Predicate = true> <Delay = 1.94> <CoreInst = "Adder">   --->   Core 1 'Adder' <Latency = 0> <II = 1> <Delay = 1.94> <FuncUnit> <Opcode : 'add' 'sub'> <InPorts = 2> <OutPorts = 1>
ST_1 : Operation 1418 [1/1] (0.00ns)   --->   "%sext_ln58_1211 = sext i16 %add_ln58_2151" [firmware/nnet_utils/nnet_dense_latency.h:58]   --->   Operation 1418 'sext' 'sext_ln58_1211' <Predicate = true> <Delay = 0.00>
ST_1 : Operation 1419 [1/1] (2.07ns)   --->   "%add_ln58_2152 = add i17 %sext_ln58_1211, i17 %sext_ln58_1208" [firmware/nnet_utils/nnet_dense_latency.h:58]   --->   Operation 1419 'add' 'add_ln58_2152' <Predicate = true> <Delay = 2.07> <CoreInst = "Adder">   --->   Core 1 'Adder' <Latency = 0> <II = 1> <Delay = 2.07> <FuncUnit> <Opcode : 'add' 'sub'> <InPorts = 2> <OutPorts = 1>
ST_1 : Operation 1420 [1/1] (0.00ns)   --->   "%sext_ln58_1213 = sext i11 %sub_ln73" [firmware/nnet_utils/nnet_dense_latency.h:58]   --->   Operation 1420 'sext' 'sext_ln58_1213' <Predicate = true> <Delay = 0.00>
ST_1 : Operation 1421 [1/1] (2.07ns)   --->   "%add_ln58_2154 = add i16 %mult_975, i16 %mult_986" [firmware/nnet_utils/nnet_dense_latency.h:58]   --->   Operation 1421 'add' 'add_ln58_2154' <Predicate = true> <Delay = 2.07> <CoreInst = "Adder">   --->   Core 1 'Adder' <Latency = 0> <II = 1> <Delay = 2.07> <FuncUnit> <Opcode : 'add' 'sub'> <InPorts = 2> <OutPorts = 1>
ST_1 : Operation 1422 [1/1] (3.90ns) (root node of TernaryAdder)   --->   "%add_ln58_2156 = add i16 %mult_1000, i16 %mul_ln73" [firmware/nnet_utils/nnet_dense_latency.h:58]   --->   Operation 1422 'add' 'add_ln58_2156' <Predicate = true> <Delay = 3.90> <CoreInst = "TAddSub">   --->   Core 10 'TAddSub' <Latency = 0> <II = 1> <Delay = 1.99> <IPBlock> <Opcode : '' 'add' 'sub'> <InPorts = 3> <OutPorts = 1> <Sync> <CReg>
ST_1 : Operation 1423 [1/1] (0.00ns)   --->   "%sext_ln58_1215 = sext i16 %add_ln58_2156" [firmware/nnet_utils/nnet_dense_latency.h:58]   --->   Operation 1423 'sext' 'sext_ln58_1215' <Predicate = true> <Delay = 0.00>
ST_1 : Operation 1424 [1/1] (2.07ns)   --->   "%add_ln58_2157 = add i16 %mult_1029, i16 %sub_ln73_1073" [firmware/nnet_utils/nnet_dense_latency.h:58]   --->   Operation 1424 'add' 'add_ln58_2157' <Predicate = true> <Delay = 2.07> <CoreInst = "Adder">   --->   Core 1 'Adder' <Latency = 0> <II = 1> <Delay = 2.07> <FuncUnit> <Opcode : 'add' 'sub'> <InPorts = 2> <OutPorts = 1>
ST_1 : Operation 1425 [1/1] (0.00ns)   --->   "%sext_ln58_1216 = sext i16 %add_ln58_2157" [firmware/nnet_utils/nnet_dense_latency.h:58]   --->   Operation 1425 'sext' 'sext_ln58_1216' <Predicate = true> <Delay = 0.00>
ST_1 : Operation 1426 [1/1] (2.07ns)   --->   "%add_ln58_2158 = add i17 %sext_ln58_1216, i17 %sext_ln58_1215" [firmware/nnet_utils/nnet_dense_latency.h:58]   --->   Operation 1426 'add' 'add_ln58_2158' <Predicate = true> <Delay = 2.07> <CoreInst = "Adder">   --->   Core 1 'Adder' <Latency = 0> <II = 1> <Delay = 2.07> <FuncUnit> <Opcode : 'add' 'sub'> <InPorts = 2> <OutPorts = 1>
ST_1 : Operation 1427 [1/1] (2.07ns)   --->   "%add_ln58_2160 = add i16 %mult_1074, i16 %mult_1083" [firmware/nnet_utils/nnet_dense_latency.h:58]   --->   Operation 1427 'add' 'add_ln58_2160' <Predicate = true> <Delay = 2.07> <CoreInst = "Adder">   --->   Core 1 'Adder' <Latency = 0> <II = 1> <Delay = 2.07> <FuncUnit> <Opcode : 'add' 'sub'> <InPorts = 2> <OutPorts = 1>
ST_1 : Operation 1428 [1/1] (0.00ns)   --->   "%sext_ln58_1218 = sext i16 %add_ln58_2160" [firmware/nnet_utils/nnet_dense_latency.h:58]   --->   Operation 1428 'sext' 'sext_ln58_1218' <Predicate = true> <Delay = 0.00>
ST_1 : Operation 1429 [1/1] (3.87ns) (root node of TernaryAdder)   --->   "%add_ln58_2161 = add i15 %mult_1063, i15 %mult_1104" [firmware/nnet_utils/nnet_dense_latency.h:58]   --->   Operation 1429 'add' 'add_ln58_2161' <Predicate = true> <Delay = 3.87> <CoreInst = "TAddSub">   --->   Core 10 'TAddSub' <Latency = 0> <II = 1> <Delay = 1.99> <IPBlock> <Opcode : '' 'add' 'sub'> <InPorts = 3> <OutPorts = 1> <Sync> <CReg>
ST_1 : Operation 1430 [1/1] (0.00ns)   --->   "%sext_ln58_1219 = sext i15 %add_ln58_2161" [firmware/nnet_utils/nnet_dense_latency.h:58]   --->   Operation 1430 'sext' 'sext_ln58_1219' <Predicate = true> <Delay = 0.00>
ST_1 : Operation 1431 [1/1] (0.00ns) (grouped into TernaryAdder)   --->   "%add_ln58_2162 = add i17 %sext_ln58_1219, i17 %sext_ln58_1218" [firmware/nnet_utils/nnet_dense_latency.h:58]   --->   Operation 1431 'add' 'add_ln58_2162' <Predicate = true> <Delay = 0.00> <CoreInst = "TAddSub">   --->   Core 10 'TAddSub' <Latency = 0> <II = 1> <Delay = 1.99> <IPBlock> <Opcode : '' 'add' 'sub'> <InPorts = 3> <OutPorts = 1> <Sync> <CReg>
ST_1 : Operation 1432 [1/1] (1.81ns)   --->   "%add_ln58_2163 = add i14 %sub_ln73_1060, i14 %sub_ln73_1081" [firmware/nnet_utils/nnet_dense_latency.h:58]   --->   Operation 1432 'add' 'add_ln58_2163' <Predicate = true> <Delay = 1.81> <CoreInst = "Adder">   --->   Core 1 'Adder' <Latency = 0> <II = 1> <Delay = 1.81> <FuncUnit> <Opcode : 'add' 'sub'> <InPorts = 2> <OutPorts = 1>
ST_1 : Operation 1433 [1/1] (0.00ns)   --->   "%sext_ln58_1220 = sext i14 %add_ln58_2163" [firmware/nnet_utils/nnet_dense_latency.h:58]   --->   Operation 1433 'sext' 'sext_ln58_1220' <Predicate = true> <Delay = 0.00>
ST_1 : Operation 1434 [1/1] (3.81ns) (root node of TernaryAdder)   --->   "%add_ln58_2164 = add i13 %sub_ln17_32, i13 %sext_ln58_1213" [firmware/nnet_utils/nnet_dense_latency.h:58]   --->   Operation 1434 'add' 'add_ln58_2164' <Predicate = true> <Delay = 3.81> <CoreInst = "TAddSub">   --->   Core 10 'TAddSub' <Latency = 0> <II = 1> <Delay = 1.99> <IPBlock> <Opcode : '' 'add' 'sub'> <InPorts = 3> <OutPorts = 1> <Sync> <CReg>
ST_1 : Operation 1435 [1/1] (0.00ns)   --->   "%sext_ln58_1221 = sext i13 %add_ln58_2164" [firmware/nnet_utils/nnet_dense_latency.h:58]   --->   Operation 1435 'sext' 'sext_ln58_1221' <Predicate = true> <Delay = 0.00>
ST_1 : Operation 1436 [1/1] (1.81ns)   --->   "%add_ln58_2165 = add i15 %sext_ln58_1221, i15 %sext_ln58_1220" [firmware/nnet_utils/nnet_dense_latency.h:58]   --->   Operation 1436 'add' 'add_ln58_2165' <Predicate = true> <Delay = 1.81> <CoreInst = "Adder">   --->   Core 1 'Adder' <Latency = 0> <II = 1> <Delay = 1.81> <FuncUnit> <Opcode : 'add' 'sub'> <InPorts = 2> <OutPorts = 1>
ST_1 : Operation 1437 [1/1] (0.00ns)   --->   "%sext_ln58_1222 = sext i15 %add_ln58_2165" [firmware/nnet_utils/nnet_dense_latency.h:58]   --->   Operation 1437 'sext' 'sext_ln58_1222' <Predicate = true> <Delay = 0.00>
ST_1 : Operation 1438 [1/1] (3.93ns) (root node of TernaryAdder)   --->   "%add_ln58_2166 = add i17 %sext_ln58_1222, i17 %add_ln58_2162" [firmware/nnet_utils/nnet_dense_latency.h:58]   --->   Operation 1438 'add' 'add_ln58_2166' <Predicate = true> <Delay = 3.93> <CoreInst = "TAddSub">   --->   Core 10 'TAddSub' <Latency = 0> <II = 1> <Delay = 1.99> <IPBlock> <Opcode : '' 'add' 'sub'> <InPorts = 3> <OutPorts = 1> <Sync> <CReg>
ST_1 : Operation 1439 [1/1] (1.73ns)   --->   "%add_ln58_2168 = add i11 %sext_ln73_253, i11 %sext_ln73_89" [firmware/nnet_utils/nnet_dense_latency.h:58]   --->   Operation 1439 'add' 'add_ln58_2168' <Predicate = true> <Delay = 1.73> <CoreInst = "Adder">   --->   Core 1 'Adder' <Latency = 0> <II = 1> <Delay = 1.73> <FuncUnit> <Opcode : 'add' 'sub'> <InPorts = 2> <OutPorts = 1>
ST_1 : Operation 1440 [1/1] (0.00ns)   --->   "%sext_ln58_1395 = sext i11 %add_ln58_2168" [firmware/nnet_utils/nnet_dense_latency.h:58]   --->   Operation 1440 'sext' 'sext_ln58_1395' <Predicate = true> <Delay = 0.00>
ST_1 : Operation 1441 [1/1] (0.00ns)   --->   "%tmp_802 = bitconcatenate i15 @_ssdm_op_BitConcatenate.i15.i11.i4, i11 %add_ln58_2168, i4 0" [firmware/nnet_utils/nnet_dense_latency.h:58]   --->   Operation 1441 'bitconcatenate' 'tmp_802' <Predicate = true> <Delay = 0.00>
ST_1 : Operation 1442 [1/1] (0.00ns)   --->   "%sext_ln58_1396 = sext i15 %tmp_802" [firmware/nnet_utils/nnet_dense_latency.h:58]   --->   Operation 1442 'sext' 'sext_ln58_1396' <Predicate = true> <Delay = 0.00>
ST_1 : Operation 1443 [1/1] (1.94ns)   --->   "%add_ln58_2169 = add i16 %sext_ln58_1396, i16 %sext_ln58_1395" [firmware/nnet_utils/nnet_dense_latency.h:58]   --->   Operation 1443 'add' 'add_ln58_2169' <Predicate = true> <Delay = 1.94> <CoreInst = "Adder">   --->   Core 1 'Adder' <Latency = 0> <II = 1> <Delay = 1.94> <FuncUnit> <Opcode : 'add' 'sub'> <InPorts = 2> <OutPorts = 1>
ST_1 : Operation 1444 [1/1] (2.07ns)   --->   "%add_ln58_2171 = add i16 %mult_1057, i16 %mult_1078" [firmware/nnet_utils/nnet_dense_latency.h:58]   --->   Operation 1444 'add' 'add_ln58_2171' <Predicate = true> <Delay = 2.07> <CoreInst = "Adder">   --->   Core 1 'Adder' <Latency = 0> <II = 1> <Delay = 2.07> <FuncUnit> <Opcode : 'add' 'sub'> <InPorts = 2> <OutPorts = 1>
ST_1 : Operation 1445 [1/1] (0.00ns)   --->   "%sext_ln58_1225 = sext i16 %add_ln58_2171" [firmware/nnet_utils/nnet_dense_latency.h:58]   --->   Operation 1445 'sext' 'sext_ln58_1225' <Predicate = true> <Delay = 0.00>
ST_1 : Operation 1446 [1/1] (2.07ns)   --->   "%add_ln58_2172 = add i16 %sub_ln73_1103, i16 %mult_1100" [firmware/nnet_utils/nnet_dense_latency.h:58]   --->   Operation 1446 'add' 'add_ln58_2172' <Predicate = true> <Delay = 2.07> <CoreInst = "Adder">   --->   Core 1 'Adder' <Latency = 0> <II = 1> <Delay = 2.07> <FuncUnit> <Opcode : 'add' 'sub'> <InPorts = 2> <OutPorts = 1>
ST_1 : Operation 1447 [1/1] (0.00ns)   --->   "%sext_ln58_1226 = sext i16 %add_ln58_2172" [firmware/nnet_utils/nnet_dense_latency.h:58]   --->   Operation 1447 'sext' 'sext_ln58_1226' <Predicate = true> <Delay = 0.00>
ST_1 : Operation 1448 [1/1] (2.07ns)   --->   "%add_ln58_2173 = add i17 %sext_ln58_1226, i17 %sext_ln58_1225" [firmware/nnet_utils/nnet_dense_latency.h:58]   --->   Operation 1448 'add' 'add_ln58_2173' <Predicate = true> <Delay = 2.07> <CoreInst = "Adder">   --->   Core 1 'Adder' <Latency = 0> <II = 1> <Delay = 2.07> <FuncUnit> <Opcode : 'add' 'sub'> <InPorts = 2> <OutPorts = 1>
ST_1 : Operation 1449 [1/1] (0.00ns) (grouped into TernaryAdder)   --->   "%add_ln58_2175 = add i16 %mult_1110, i16 %sext_ln17_799" [firmware/nnet_utils/nnet_dense_latency.h:58]   --->   Operation 1449 'add' 'add_ln58_2175' <Predicate = true> <Delay = 0.00> <CoreInst = "TAddSub">   --->   Core 10 'TAddSub' <Latency = 0> <II = 1> <Delay = 1.99> <IPBlock> <Opcode : '' 'add' 'sub'> <InPorts = 3> <OutPorts = 1> <Sync> <CReg>
ST_1 : Operation 1450 [1/1] (1.94ns)   --->   "%add_ln58_2176 = add i15 %sub_ln73_1077, i15 %mult_1070" [firmware/nnet_utils/nnet_dense_latency.h:58]   --->   Operation 1450 'add' 'add_ln58_2176' <Predicate = true> <Delay = 1.94> <CoreInst = "Adder">   --->   Core 1 'Adder' <Latency = 0> <II = 1> <Delay = 1.94> <FuncUnit> <Opcode : 'add' 'sub'> <InPorts = 2> <OutPorts = 1>
ST_1 : Operation 1451 [1/1] (0.00ns)   --->   "%sext_ln58_1228 = sext i15 %add_ln58_2176" [firmware/nnet_utils/nnet_dense_latency.h:58]   --->   Operation 1451 'sext' 'sext_ln58_1228' <Predicate = true> <Delay = 0.00>
ST_1 : Operation 1452 [1/1] (3.90ns) (root node of TernaryAdder)   --->   "%add_ln58_2177 = add i16 %sext_ln58_1228, i16 %add_ln58_2175" [firmware/nnet_utils/nnet_dense_latency.h:58]   --->   Operation 1452 'add' 'add_ln58_2177' <Predicate = true> <Delay = 3.90> <CoreInst = "TAddSub">   --->   Core 10 'TAddSub' <Latency = 0> <II = 1> <Delay = 1.99> <IPBlock> <Opcode : '' 'add' 'sub'> <InPorts = 3> <OutPorts = 1> <Sync> <CReg>
ST_1 : Operation 1453 [1/1] (0.00ns)   --->   "%sext_ln58_1229 = sext i16 %add_ln58_2177" [firmware/nnet_utils/nnet_dense_latency.h:58]   --->   Operation 1453 'sext' 'sext_ln58_1229' <Predicate = true> <Delay = 0.00>
ST_1 : Operation 1454 [1/1] (0.00ns) (grouped into TernaryAdder)   --->   "%add_ln58_2178 = add i16 %sext_ln17_821, i16 %sext_ln17_794" [firmware/nnet_utils/nnet_dense_latency.h:58]   --->   Operation 1454 'add' 'add_ln58_2178' <Predicate = true> <Delay = 0.00> <CoreInst = "TAddSub">   --->   Core 10 'TAddSub' <Latency = 0> <II = 1> <Delay = 1.99> <IPBlock> <Opcode : '' 'add' 'sub'> <InPorts = 3> <OutPorts = 1> <Sync> <CReg>
ST_1 : Operation 1455 [1/1] (1.67ns)   --->   "%add_ln58_2179 = add i14 %sext_ln17_780, i14 %sext_ln17_784" [firmware/nnet_utils/nnet_dense_latency.h:58]   --->   Operation 1455 'add' 'add_ln58_2179' <Predicate = true> <Delay = 1.67> <CoreInst = "Adder">   --->   Core 1 'Adder' <Latency = 0> <II = 1> <Delay = 1.67> <FuncUnit> <Opcode : 'add' 'sub'> <InPorts = 2> <OutPorts = 1>
ST_1 : Operation 1456 [1/1] (0.00ns)   --->   "%sext_ln58_1230 = sext i14 %add_ln58_2179" [firmware/nnet_utils/nnet_dense_latency.h:58]   --->   Operation 1456 'sext' 'sext_ln58_1230' <Predicate = true> <Delay = 0.00>
ST_1 : Operation 1457 [1/1] (3.90ns) (root node of TernaryAdder)   --->   "%add_ln58_2180 = add i16 %sext_ln58_1230, i16 %add_ln58_2178" [firmware/nnet_utils/nnet_dense_latency.h:58]   --->   Operation 1457 'add' 'add_ln58_2180' <Predicate = true> <Delay = 3.90> <CoreInst = "TAddSub">   --->   Core 10 'TAddSub' <Latency = 0> <II = 1> <Delay = 1.99> <IPBlock> <Opcode : '' 'add' 'sub'> <InPorts = 3> <OutPorts = 1> <Sync> <CReg>
ST_1 : Operation 1458 [1/1] (0.00ns)   --->   "%sext_ln58_1231 = sext i16 %add_ln58_2180" [firmware/nnet_utils/nnet_dense_latency.h:58]   --->   Operation 1458 'sext' 'sext_ln58_1231' <Predicate = true> <Delay = 0.00>
ST_1 : Operation 1459 [1/1] (2.07ns)   --->   "%add_ln58_2181 = add i17 %sext_ln58_1231, i17 %sext_ln58_1229" [firmware/nnet_utils/nnet_dense_latency.h:58]   --->   Operation 1459 'add' 'add_ln58_2181' <Predicate = true> <Delay = 2.07> <CoreInst = "Adder">   --->   Core 1 'Adder' <Latency = 0> <II = 1> <Delay = 2.07> <FuncUnit> <Opcode : 'add' 'sub'> <InPorts = 2> <OutPorts = 1>
ST_1 : Operation 1460 [1/1] (3.90ns) (root node of TernaryAdder)   --->   "%add_ln58_2183 = add i16 %mult_997, i16 %mult_1007" [firmware/nnet_utils/nnet_dense_latency.h:58]   --->   Operation 1460 'add' 'add_ln58_2183' <Predicate = true> <Delay = 3.90> <CoreInst = "TAddSub">   --->   Core 10 'TAddSub' <Latency = 0> <II = 1> <Delay = 1.99> <IPBlock> <Opcode : '' 'add' 'sub'> <InPorts = 3> <OutPorts = 1> <Sync> <CReg>
ST_1 : Operation 1461 [1/1] (3.90ns) (root node of TernaryAdder)   --->   "%add_ln58_2185 = add i16 %mul_ln73, i16 %mult_1049" [firmware/nnet_utils/nnet_dense_latency.h:58]   --->   Operation 1461 'add' 'add_ln58_2185' <Predicate = true> <Delay = 3.90> <CoreInst = "TAddSub">   --->   Core 10 'TAddSub' <Latency = 0> <II = 1> <Delay = 1.99> <IPBlock> <Opcode : '' 'add' 'sub'> <InPorts = 3> <OutPorts = 1> <Sync> <CReg>
ST_1 : Operation 1462 [1/1] (0.00ns)   --->   "%sext_ln58_1234 = sext i16 %add_ln58_2185" [firmware/nnet_utils/nnet_dense_latency.h:58]   --->   Operation 1462 'sext' 'sext_ln58_1234' <Predicate = true> <Delay = 0.00>
ST_1 : Operation 1463 [1/1] (3.90ns) (root node of TernaryAdder)   --->   "%add_ln58_2186 = add i16 %mult_1060, i16 %mult_1072" [firmware/nnet_utils/nnet_dense_latency.h:58]   --->   Operation 1463 'add' 'add_ln58_2186' <Predicate = true> <Delay = 3.90> <CoreInst = "TAddSub">   --->   Core 10 'TAddSub' <Latency = 0> <II = 1> <Delay = 1.99> <IPBlock> <Opcode : '' 'add' 'sub'> <InPorts = 3> <OutPorts = 1> <Sync> <CReg>
ST_1 : Operation 1464 [1/1] (0.00ns)   --->   "%sext_ln58_1235 = sext i16 %add_ln58_2186" [firmware/nnet_utils/nnet_dense_latency.h:58]   --->   Operation 1464 'sext' 'sext_ln58_1235' <Predicate = true> <Delay = 0.00>
ST_1 : Operation 1465 [1/1] (2.07ns)   --->   "%add_ln58_2187 = add i17 %sext_ln58_1235, i17 %sext_ln58_1234" [firmware/nnet_utils/nnet_dense_latency.h:58]   --->   Operation 1465 'add' 'add_ln58_2187' <Predicate = true> <Delay = 2.07> <CoreInst = "Adder">   --->   Core 1 'Adder' <Latency = 0> <II = 1> <Delay = 2.07> <FuncUnit> <Opcode : 'add' 'sub'> <InPorts = 2> <OutPorts = 1>
ST_1 : Operation 1466 [1/1] (2.07ns)   --->   "%add_ln58_2189 = add i16 %mul_ln73_359, i16 %mult_1123" [firmware/nnet_utils/nnet_dense_latency.h:58]   --->   Operation 1466 'add' 'add_ln58_2189' <Predicate = true> <Delay = 2.07> <CoreInst = "Adder">   --->   Core 1 'Adder' <Latency = 0> <II = 1> <Delay = 2.07> <FuncUnit> <Opcode : 'add' 'sub'> <InPorts = 2> <OutPorts = 1>
ST_1 : Operation 1467 [1/1] (3.90ns) (root node of TernaryAdder)   --->   "%add_ln58_2190 = add i16 %add_ln58_2189, i16 %mult_1101" [firmware/nnet_utils/nnet_dense_latency.h:58]   --->   Operation 1467 'add' 'add_ln58_2190' <Predicate = true> <Delay = 3.90> <CoreInst = "TAddSub">   --->   Core 10 'TAddSub' <Latency = 0> <II = 1> <Delay = 1.99> <IPBlock> <Opcode : '' 'add' 'sub'> <InPorts = 3> <OutPorts = 1> <Sync> <CReg>
ST_1 : Operation 1468 [1/1] (0.00ns)   --->   "%sext_ln58_1237 = sext i16 %add_ln58_2190" [firmware/nnet_utils/nnet_dense_latency.h:58]   --->   Operation 1468 'sext' 'sext_ln58_1237' <Predicate = true> <Delay = 0.00>
ST_1 : Operation 1469 [1/1] (3.87ns) (root node of TernaryAdder)   --->   "%add_ln58_2191 = add i15 %mult_1040, i15 %mult_1080" [firmware/nnet_utils/nnet_dense_latency.h:58]   --->   Operation 1469 'add' 'add_ln58_2191' <Predicate = true> <Delay = 3.87> <CoreInst = "TAddSub">   --->   Core 10 'TAddSub' <Latency = 0> <II = 1> <Delay = 1.99> <IPBlock> <Opcode : '' 'add' 'sub'> <InPorts = 3> <OutPorts = 1> <Sync> <CReg>
ST_1 : Operation 1470 [1/1] (0.00ns)   --->   "%sext_ln58_1238 = sext i15 %add_ln58_2191" [firmware/nnet_utils/nnet_dense_latency.h:58]   --->   Operation 1470 'sext' 'sext_ln58_1238' <Predicate = true> <Delay = 0.00>
ST_1 : Operation 1471 [1/1] (3.84ns) (root node of TernaryAdder)   --->   "%add_ln58_2192 = add i14 %sub_ln73_1060, i14 %mult_1091" [firmware/nnet_utils/nnet_dense_latency.h:58]   --->   Operation 1471 'add' 'add_ln58_2192' <Predicate = true> <Delay = 3.84> <CoreInst = "TAddSub">   --->   Core 10 'TAddSub' <Latency = 0> <II = 1> <Delay = 1.99> <IPBlock> <Opcode : '' 'add' 'sub'> <InPorts = 3> <OutPorts = 1> <Sync> <CReg>
ST_1 : Operation 1472 [1/1] (0.00ns)   --->   "%sext_ln58_1239 = sext i14 %add_ln58_2192" [firmware/nnet_utils/nnet_dense_latency.h:58]   --->   Operation 1472 'sext' 'sext_ln58_1239' <Predicate = true> <Delay = 0.00>
ST_1 : Operation 1473 [1/1] (1.94ns)   --->   "%add_ln58_2193 = add i16 %sext_ln58_1239, i16 %sext_ln58_1238" [firmware/nnet_utils/nnet_dense_latency.h:58]   --->   Operation 1473 'add' 'add_ln58_2193' <Predicate = true> <Delay = 1.94> <CoreInst = "Adder">   --->   Core 1 'Adder' <Latency = 0> <II = 1> <Delay = 1.94> <FuncUnit> <Opcode : 'add' 'sub'> <InPorts = 2> <OutPorts = 1>
ST_1 : Operation 1474 [1/1] (0.00ns)   --->   "%sext_ln58_1240 = sext i16 %add_ln58_2193" [firmware/nnet_utils/nnet_dense_latency.h:58]   --->   Operation 1474 'sext' 'sext_ln58_1240' <Predicate = true> <Delay = 0.00>
ST_1 : Operation 1475 [1/1] (2.07ns)   --->   "%add_ln58_2194 = add i17 %sext_ln58_1240, i17 %sext_ln58_1237" [firmware/nnet_utils/nnet_dense_latency.h:58]   --->   Operation 1475 'add' 'add_ln58_2194' <Predicate = true> <Delay = 2.07> <CoreInst = "Adder">   --->   Core 1 'Adder' <Latency = 0> <II = 1> <Delay = 2.07> <FuncUnit> <Opcode : 'add' 'sub'> <InPorts = 2> <OutPorts = 1>
ST_1 : Operation 1476 [1/1] (3.90ns) (root node of TernaryAdder)   --->   "%add_ln58_2197 = add i16 %trunc_ln58, i16 %mult_1018" [firmware/nnet_utils/nnet_dense_latency.h:58]   --->   Operation 1476 'add' 'add_ln58_2197' <Predicate = true> <Delay = 3.90> <CoreInst = "TAddSub">   --->   Core 10 'TAddSub' <Latency = 0> <II = 1> <Delay = 1.99> <IPBlock> <Opcode : '' 'add' 'sub'> <InPorts = 3> <OutPorts = 1> <Sync> <CReg>
ST_1 : Operation 1477 [1/1] (3.90ns) (root node of TernaryAdder)   --->   "%add_ln58_2199 = add i16 %mult_1082, i16 %mult_1093" [firmware/nnet_utils/nnet_dense_latency.h:58]   --->   Operation 1477 'add' 'add_ln58_2199' <Predicate = true> <Delay = 3.90> <CoreInst = "TAddSub">   --->   Core 10 'TAddSub' <Latency = 0> <II = 1> <Delay = 1.99> <IPBlock> <Opcode : '' 'add' 'sub'> <InPorts = 3> <OutPorts = 1> <Sync> <CReg>
ST_1 : Operation 1478 [1/1] (0.00ns)   --->   "%sext_ln58_1243 = sext i16 %add_ln58_2199" [firmware/nnet_utils/nnet_dense_latency.h:58]   --->   Operation 1478 'sext' 'sext_ln58_1243' <Predicate = true> <Delay = 0.00>
ST_1 : Operation 1479 [1/1] (2.07ns)   --->   "%add_ln58_2200 = add i17 %sext_ln58_1243, i17 %sext_ln17_800" [firmware/nnet_utils/nnet_dense_latency.h:58]   --->   Operation 1479 'add' 'add_ln58_2200' <Predicate = true> <Delay = 2.07> <CoreInst = "Adder">   --->   Core 1 'Adder' <Latency = 0> <II = 1> <Delay = 2.07> <FuncUnit> <Opcode : 'add' 'sub'> <InPorts = 2> <OutPorts = 1>
ST_1 : Operation 1480 [1/1] (3.84ns) (root node of TernaryAdder)   --->   "%add_ln58_2202 = add i15 %mult_1028, i15 %sext_ln58_1192" [firmware/nnet_utils/nnet_dense_latency.h:58]   --->   Operation 1480 'add' 'add_ln58_2202' <Predicate = true> <Delay = 3.84> <CoreInst = "TAddSub">   --->   Core 10 'TAddSub' <Latency = 0> <II = 1> <Delay = 1.99> <IPBlock> <Opcode : '' 'add' 'sub'> <InPorts = 3> <OutPorts = 1> <Sync> <CReg>
ST_1 : Operation 1481 [1/1] (0.00ns)   --->   "%sext_ln58_1245 = sext i15 %add_ln58_2202" [firmware/nnet_utils/nnet_dense_latency.h:58]   --->   Operation 1481 'sext' 'sext_ln58_1245' <Predicate = true> <Delay = 0.00>
ST_1 : Operation 1482 [1/1] (0.00ns) (grouped into TernaryAdder)   --->   "%add_ln58_2203 = add i16 %sext_ln58_1245, i16 %mult_1125" [firmware/nnet_utils/nnet_dense_latency.h:58]   --->   Operation 1482 'add' 'add_ln58_2203' <Predicate = true> <Delay = 0.00> <CoreInst = "TAddSub">   --->   Core 10 'TAddSub' <Latency = 0> <II = 1> <Delay = 1.99> <IPBlock> <Opcode : '' 'add' 'sub'> <InPorts = 3> <OutPorts = 1> <Sync> <CReg>
ST_1 : Operation 1483 [1/1] (1.67ns)   --->   "%add_ln58_2204 = add i14 %sext_ln17_819, i14 %sext_ln17_816" [firmware/nnet_utils/nnet_dense_latency.h:58]   --->   Operation 1483 'add' 'add_ln58_2204' <Predicate = true> <Delay = 1.67> <CoreInst = "Adder">   --->   Core 1 'Adder' <Latency = 0> <II = 1> <Delay = 1.67> <FuncUnit> <Opcode : 'add' 'sub'> <InPorts = 2> <OutPorts = 1>
ST_1 : Operation 1484 [1/1] (0.00ns)   --->   "%sext_ln58_1246 = sext i14 %add_ln58_2204" [firmware/nnet_utils/nnet_dense_latency.h:58]   --->   Operation 1484 'sext' 'sext_ln58_1246' <Predicate = true> <Delay = 0.00>
ST_1 : Operation 1485 [1/1] (1.81ns)   --->   "%add_ln58_2205 = add i15 %sext_ln58_1246, i15 %sext_ln17_805" [firmware/nnet_utils/nnet_dense_latency.h:58]   --->   Operation 1485 'add' 'add_ln58_2205' <Predicate = true> <Delay = 1.81> <CoreInst = "Adder">   --->   Core 1 'Adder' <Latency = 0> <II = 1> <Delay = 1.81> <FuncUnit> <Opcode : 'add' 'sub'> <InPorts = 2> <OutPorts = 1>
ST_1 : Operation 1486 [1/1] (0.00ns)   --->   "%sext_ln58_1247 = sext i15 %add_ln58_2205" [firmware/nnet_utils/nnet_dense_latency.h:58]   --->   Operation 1486 'sext' 'sext_ln58_1247' <Predicate = true> <Delay = 0.00>
ST_1 : Operation 1487 [1/1] (3.90ns) (root node of TernaryAdder)   --->   "%add_ln58_2206 = add i16 %sext_ln58_1247, i16 %add_ln58_2203" [firmware/nnet_utils/nnet_dense_latency.h:58]   --->   Operation 1487 'add' 'add_ln58_2206' <Predicate = true> <Delay = 3.90> <CoreInst = "TAddSub">   --->   Core 10 'TAddSub' <Latency = 0> <II = 1> <Delay = 1.99> <IPBlock> <Opcode : '' 'add' 'sub'> <InPorts = 3> <OutPorts = 1> <Sync> <CReg>
ST_1 : Operation 1488 [1/1] (3.90ns) (root node of TernaryAdder)   --->   "%add_ln58_2209 = add i16 %mult_919, i16 %mult_943" [firmware/nnet_utils/nnet_dense_latency.h:58]   --->   Operation 1488 'add' 'add_ln58_2209' <Predicate = true> <Delay = 3.90> <CoreInst = "TAddSub">   --->   Core 10 'TAddSub' <Latency = 0> <II = 1> <Delay = 1.99> <IPBlock> <Opcode : '' 'add' 'sub'> <InPorts = 3> <OutPorts = 1> <Sync> <CReg>
ST_1 : Operation 1489 [1/1] (3.87ns) (root node of TernaryAdder)   --->   "%add_ln58_2211 = add i15 %mult_871, i15 %mult_976" [firmware/nnet_utils/nnet_dense_latency.h:58]   --->   Operation 1489 'add' 'add_ln58_2211' <Predicate = true> <Delay = 3.87> <CoreInst = "TAddSub">   --->   Core 10 'TAddSub' <Latency = 0> <II = 1> <Delay = 1.99> <IPBlock> <Opcode : '' 'add' 'sub'> <InPorts = 3> <OutPorts = 1> <Sync> <CReg>
ST_1 : Operation 1490 [1/1] (0.00ns)   --->   "%sext_ln58_1250 = sext i15 %add_ln58_2211" [firmware/nnet_utils/nnet_dense_latency.h:58]   --->   Operation 1490 'sext' 'sext_ln58_1250' <Predicate = true> <Delay = 0.00>
ST_1 : Operation 1491 [1/1] (1.94ns)   --->   "%add_ln58_2212 = add i16 %sext_ln58_1250, i16 %sext_ln17_720" [firmware/nnet_utils/nnet_dense_latency.h:58]   --->   Operation 1491 'add' 'add_ln58_2212' <Predicate = true> <Delay = 1.94> <CoreInst = "Adder">   --->   Core 1 'Adder' <Latency = 0> <II = 1> <Delay = 1.94> <FuncUnit> <Opcode : 'add' 'sub'> <InPorts = 2> <OutPorts = 1>
ST_1 : Operation 1492 [1/1] (0.00ns) (grouped into TernaryAdder)   --->   "%add_ln58_2214 = add i15 %sext_ln17_747, i15 %sext_ln73_225" [firmware/nnet_utils/nnet_dense_latency.h:58]   --->   Operation 1492 'add' 'add_ln58_2214' <Predicate = true> <Delay = 0.00> <CoreInst = "TAddSub">   --->   Core 10 'TAddSub' <Latency = 0> <II = 1> <Delay = 1.99> <IPBlock> <Opcode : '' 'add' 'sub'> <InPorts = 3> <OutPorts = 1> <Sync> <CReg>
ST_1 : Operation 1493 [1/1] (3.87ns) (root node of TernaryAdder)   --->   "%add_ln58_2215 = add i15 %add_ln58_2214, i15 %sext_ln17_739" [firmware/nnet_utils/nnet_dense_latency.h:58]   --->   Operation 1493 'add' 'add_ln58_2215' <Predicate = true> <Delay = 3.87> <CoreInst = "TAddSub">   --->   Core 10 'TAddSub' <Latency = 0> <II = 1> <Delay = 1.99> <IPBlock> <Opcode : '' 'add' 'sub'> <InPorts = 3> <OutPorts = 1> <Sync> <CReg>
ST_1 : Operation 1494 [1/1] (0.00ns)   --->   "%sext_ln58_1252 = sext i15 %add_ln58_2215" [firmware/nnet_utils/nnet_dense_latency.h:58]   --->   Operation 1494 'sext' 'sext_ln58_1252' <Predicate = true> <Delay = 0.00>
ST_1 : Operation 1495 [1/1] (1.63ns)   --->   "%add_ln58_2216 = add i12 %sext_ln17_730, i12 %sext_ln17_774" [firmware/nnet_utils/nnet_dense_latency.h:58]   --->   Operation 1495 'add' 'add_ln58_2216' <Predicate = true> <Delay = 1.63> <CoreInst = "Adder">   --->   Core 1 'Adder' <Latency = 0> <II = 1> <Delay = 1.63> <FuncUnit> <Opcode : 'add' 'sub'> <InPorts = 2> <OutPorts = 1>
ST_1 : Operation 1496 [1/1] (0.00ns)   --->   "%sext_ln58_1253 = sext i12 %add_ln58_2216" [firmware/nnet_utils/nnet_dense_latency.h:58]   --->   Operation 1496 'sext' 'sext_ln58_1253' <Predicate = true> <Delay = 0.00>
ST_1 : Operation 1497 [1/1] (1.54ns)   --->   "%add_ln58_2217 = add i13 %sext_ln58_1253, i13 %sext_ln17_760" [firmware/nnet_utils/nnet_dense_latency.h:58]   --->   Operation 1497 'add' 'add_ln58_2217' <Predicate = true> <Delay = 1.54> <CoreInst = "Adder">   --->   Core 1 'Adder' <Latency = 0> <II = 1> <Delay = 1.54> <FuncUnit> <Opcode : 'add' 'sub'> <InPorts = 2> <OutPorts = 1>
ST_1 : Operation 1498 [1/1] (0.00ns)   --->   "%sext_ln58_1254 = sext i13 %add_ln58_2217" [firmware/nnet_utils/nnet_dense_latency.h:58]   --->   Operation 1498 'sext' 'sext_ln58_1254' <Predicate = true> <Delay = 0.00>
ST_1 : Operation 1499 [1/1] (1.94ns)   --->   "%add_ln58_2218 = add i16 %sext_ln58_1254, i16 %sext_ln58_1252" [firmware/nnet_utils/nnet_dense_latency.h:58]   --->   Operation 1499 'add' 'add_ln58_2218' <Predicate = true> <Delay = 1.94> <CoreInst = "Adder">   --->   Core 1 'Adder' <Latency = 0> <II = 1> <Delay = 1.94> <FuncUnit> <Opcode : 'add' 'sub'> <InPorts = 2> <OutPorts = 1>
ST_1 : Operation 1500 [1/1] (2.10ns)   --->   "%add_ln58_2220 = add i17 %mult_1042, i17 %sub_ln73_1098" [firmware/nnet_utils/nnet_dense_latency.h:58]   --->   Operation 1500 'add' 'add_ln58_2220' <Predicate = true> <Delay = 2.10> <CoreInst = "Adder">   --->   Core 1 'Adder' <Latency = 0> <II = 1> <Delay = 2.10> <FuncUnit> <Opcode : 'add' 'sub'> <InPorts = 2> <OutPorts = 1>
ST_1 : Operation 1501 [1/1] (5.63ns)   --->   "%mul_ln58_1 = mul i16 %sext_ln58_1395, i16 21" [firmware/nnet_utils/nnet_dense_latency.h:58]   --->   Operation 1501 'mul' 'mul_ln58_1' <Predicate = true> <Delay = 5.63> <CoreInst = "Multiplier">   --->   Core 3 'Multiplier' <Latency = 0> <II = 1> <Delay = 5.63> <FuncUnit> <Opcode : 'mul'> <InPorts = 2> <OutPorts = 1>
ST_1 : Operation 1502 [1/1] (2.07ns)   --->   "%add_ln58_2222 = add i16 %mul_ln58_1, i16 %mult_987" [firmware/nnet_utils/nnet_dense_latency.h:58]   --->   Operation 1502 'add' 'add_ln58_2222' <Predicate = true> <Delay = 2.07> <CoreInst = "Adder">   --->   Core 1 'Adder' <Latency = 0> <II = 1> <Delay = 2.07> <FuncUnit> <Opcode : 'add' 'sub'> <InPorts = 2> <OutPorts = 1>
ST_1 : Operation 1503 [1/1] (2.07ns)   --->   "%add_ln58_2224 = add i16 %mult_1030, i16 %mul_ln73_336" [firmware/nnet_utils/nnet_dense_latency.h:58]   --->   Operation 1503 'add' 'add_ln58_2224' <Predicate = true> <Delay = 2.07> <CoreInst = "Adder">   --->   Core 1 'Adder' <Latency = 0> <II = 1> <Delay = 2.07> <FuncUnit> <Opcode : 'add' 'sub'> <InPorts = 2> <OutPorts = 1>
ST_1 : Operation 1504 [1/1] (0.00ns)   --->   "%sext_ln58_1258 = sext i16 %add_ln58_2224" [firmware/nnet_utils/nnet_dense_latency.h:58]   --->   Operation 1504 'sext' 'sext_ln58_1258' <Predicate = true> <Delay = 0.00>
ST_1 : Operation 1505 [1/1] (2.07ns)   --->   "%add_ln58_2225 = add i17 %sext_ln58_1258, i17 %sext_ln17_792" [firmware/nnet_utils/nnet_dense_latency.h:58]   --->   Operation 1505 'add' 'add_ln58_2225' <Predicate = true> <Delay = 2.07> <CoreInst = "Adder">   --->   Core 1 'Adder' <Latency = 0> <II = 1> <Delay = 2.07> <FuncUnit> <Opcode : 'add' 'sub'> <InPorts = 2> <OutPorts = 1>
ST_1 : Operation 1506 [1/1] (0.00ns)   --->   "%sext_ln58_1259 = sext i17 %add_ln58_2225" [firmware/nnet_utils/nnet_dense_latency.h:58]   --->   Operation 1506 'sext' 'sext_ln58_1259' <Predicate = true> <Delay = 0.00>
ST_1 : Operation 1507 [1/1] (2.07ns)   --->   "%add_ln58_2226 = add i16 %mult_1084, i16 %mult_1094" [firmware/nnet_utils/nnet_dense_latency.h:58]   --->   Operation 1507 'add' 'add_ln58_2226' <Predicate = true> <Delay = 2.07> <CoreInst = "Adder">   --->   Core 1 'Adder' <Latency = 0> <II = 1> <Delay = 2.07> <FuncUnit> <Opcode : 'add' 'sub'> <InPorts = 2> <OutPorts = 1>
ST_1 : Operation 1508 [1/1] (0.00ns)   --->   "%sext_ln58_1260 = sext i16 %add_ln58_2226" [firmware/nnet_utils/nnet_dense_latency.h:58]   --->   Operation 1508 'sext' 'sext_ln58_1260' <Predicate = true> <Delay = 0.00>
ST_1 : Operation 1509 [1/1] (3.87ns) (root node of TernaryAdder)   --->   "%add_ln58_2227 = add i15 %add_ln17_5, i15 %sext_ln17_806" [firmware/nnet_utils/nnet_dense_latency.h:58]   --->   Operation 1509 'add' 'add_ln58_2227' <Predicate = true> <Delay = 3.87> <CoreInst = "TAddSub">   --->   Core 10 'TAddSub' <Latency = 0> <II = 1> <Delay = 1.99> <IPBlock> <Opcode : '' 'add' 'sub'> <InPorts = 3> <OutPorts = 1> <Sync> <CReg>
ST_1 : Operation 1510 [1/1] (0.00ns)   --->   "%sext_ln58_1261 = sext i15 %add_ln58_2227" [firmware/nnet_utils/nnet_dense_latency.h:58]   --->   Operation 1510 'sext' 'sext_ln58_1261' <Predicate = true> <Delay = 0.00>
ST_1 : Operation 1511 [1/1] (2.07ns)   --->   "%add_ln58_2228 = add i17 %sext_ln58_1261, i17 %sext_ln58_1260" [firmware/nnet_utils/nnet_dense_latency.h:58]   --->   Operation 1511 'add' 'add_ln58_2228' <Predicate = true> <Delay = 2.07> <CoreInst = "Adder">   --->   Core 1 'Adder' <Latency = 0> <II = 1> <Delay = 2.07> <FuncUnit> <Opcode : 'add' 'sub'> <InPorts = 2> <OutPorts = 1>
ST_1 : Operation 1512 [1/1] (0.00ns)   --->   "%sext_ln58_1262 = sext i17 %add_ln58_2228" [firmware/nnet_utils/nnet_dense_latency.h:58]   --->   Operation 1512 'sext' 'sext_ln58_1262' <Predicate = true> <Delay = 0.00>
ST_1 : Operation 1513 [1/1] (2.10ns)   --->   "%add_ln58_2229 = add i18 %sext_ln58_1262, i18 %sext_ln58_1259" [firmware/nnet_utils/nnet_dense_latency.h:58]   --->   Operation 1513 'add' 'add_ln58_2229' <Predicate = true> <Delay = 2.10> <CoreInst = "Adder">   --->   Core 1 'Adder' <Latency = 0> <II = 1> <Delay = 2.10> <FuncUnit> <Opcode : 'add' 'sub'> <InPorts = 2> <OutPorts = 1>
ST_1 : Operation 1514 [1/1] (3.90ns) (root node of TernaryAdder)   --->   "%add_ln58_2231 = add i16 %mult_1127, i16 %sext_ln58_1204" [firmware/nnet_utils/nnet_dense_latency.h:58]   --->   Operation 1514 'add' 'add_ln58_2231' <Predicate = true> <Delay = 3.90> <CoreInst = "TAddSub">   --->   Core 10 'TAddSub' <Latency = 0> <II = 1> <Delay = 1.99> <IPBlock> <Opcode : '' 'add' 'sub'> <InPorts = 3> <OutPorts = 1> <Sync> <CReg>
ST_1 : Operation 1515 [1/1] (2.07ns)   --->   "%add_ln58_2234 = add i16 %mult_1075, i16 %mult_1095" [firmware/nnet_utils/nnet_dense_latency.h:58]   --->   Operation 1515 'add' 'add_ln58_2234' <Predicate = true> <Delay = 2.07> <CoreInst = "Adder">   --->   Core 1 'Adder' <Latency = 0> <II = 1> <Delay = 2.07> <FuncUnit> <Opcode : 'add' 'sub'> <InPorts = 2> <OutPorts = 1>
ST_1 : Operation 1516 [1/1] (0.00ns)   --->   "%sext_ln58_1265 = sext i16 %add_ln58_2234" [firmware/nnet_utils/nnet_dense_latency.h:58]   --->   Operation 1516 'sext' 'sext_ln58_1265' <Predicate = true> <Delay = 0.00>
ST_1 : Operation 1517 [1/1] (2.07ns)   --->   "%add_ln58_2235 = add i17 %sext_ln58_1265, i17 %sext_ln17_803" [firmware/nnet_utils/nnet_dense_latency.h:58]   --->   Operation 1517 'add' 'add_ln58_2235' <Predicate = true> <Delay = 2.07> <CoreInst = "Adder">   --->   Core 1 'Adder' <Latency = 0> <II = 1> <Delay = 2.07> <FuncUnit> <Opcode : 'add' 'sub'> <InPorts = 2> <OutPorts = 1>
ST_1 : Operation 1518 [1/1] (0.00ns) (grouped into TernaryAdder)   --->   "%add_ln58_2237 = add i16 %mult_1114, i16 %mult_1128" [firmware/nnet_utils/nnet_dense_latency.h:58]   --->   Operation 1518 'add' 'add_ln58_2237' <Predicate = true> <Delay = 0.00> <CoreInst = "TAddSub">   --->   Core 10 'TAddSub' <Latency = 0> <II = 1> <Delay = 1.99> <IPBlock> <Opcode : '' 'add' 'sub'> <InPorts = 3> <OutPorts = 1> <Sync> <CReg>
ST_1 : Operation 1519 [1/1] (3.90ns) (root node of TernaryAdder)   --->   "%add_ln58_2238 = add i16 %add_ln58_2237, i16 %mul_ln73_359" [firmware/nnet_utils/nnet_dense_latency.h:58]   --->   Operation 1519 'add' 'add_ln58_2238' <Predicate = true> <Delay = 3.90> <CoreInst = "TAddSub">   --->   Core 10 'TAddSub' <Latency = 0> <II = 1> <Delay = 1.99> <IPBlock> <Opcode : '' 'add' 'sub'> <InPorts = 3> <OutPorts = 1> <Sync> <CReg>
ST_1 : Operation 1520 [1/1] (0.00ns)   --->   "%sext_ln58_1267 = sext i16 %add_ln58_2238" [firmware/nnet_utils/nnet_dense_latency.h:58]   --->   Operation 1520 'sext' 'sext_ln58_1267' <Predicate = true> <Delay = 0.00>
ST_1 : Operation 1521 [1/1] (3.84ns) (root node of TernaryAdder)   --->   "%add_ln58_2239 = add i14 %mult_1065, i14 %sext_ln17_801" [firmware/nnet_utils/nnet_dense_latency.h:58]   --->   Operation 1521 'add' 'add_ln58_2239' <Predicate = true> <Delay = 3.84> <CoreInst = "TAddSub">   --->   Core 10 'TAddSub' <Latency = 0> <II = 1> <Delay = 1.99> <IPBlock> <Opcode : '' 'add' 'sub'> <InPorts = 3> <OutPorts = 1> <Sync> <CReg>
ST_1 : Operation 1522 [1/1] (0.00ns)   --->   "%sext_ln58_1268 = sext i14 %add_ln58_2239" [firmware/nnet_utils/nnet_dense_latency.h:58]   --->   Operation 1522 'sext' 'sext_ln58_1268' <Predicate = true> <Delay = 0.00>
ST_1 : Operation 1523 [1/1] (3.87ns) (root node of TernaryAdder)   --->   "%add_ln58_2240 = add i15 %sext_ln58_1268, i15 %mult_1085" [firmware/nnet_utils/nnet_dense_latency.h:58]   --->   Operation 1523 'add' 'add_ln58_2240' <Predicate = true> <Delay = 3.87> <CoreInst = "TAddSub">   --->   Core 10 'TAddSub' <Latency = 0> <II = 1> <Delay = 1.99> <IPBlock> <Opcode : '' 'add' 'sub'> <InPorts = 3> <OutPorts = 1> <Sync> <CReg>
ST_1 : Operation 1524 [1/1] (0.00ns)   --->   "%sext_ln58_1269 = sext i15 %add_ln58_2240" [firmware/nnet_utils/nnet_dense_latency.h:58]   --->   Operation 1524 'sext' 'sext_ln58_1269' <Predicate = true> <Delay = 0.00>
ST_1 : Operation 1525 [1/1] (2.07ns)   --->   "%add_ln58_2241 = add i17 %sext_ln58_1269, i17 %sext_ln58_1267" [firmware/nnet_utils/nnet_dense_latency.h:58]   --->   Operation 1525 'add' 'add_ln58_2241' <Predicate = true> <Delay = 2.07> <CoreInst = "Adder">   --->   Core 1 'Adder' <Latency = 0> <II = 1> <Delay = 2.07> <FuncUnit> <Opcode : 'add' 'sub'> <InPorts = 2> <OutPorts = 1>
ST_1 : Operation 1526 [1/1] (1.94ns)   --->   "%add_ln58_2244 = add i15 %trunc_ln58_1, i15 %mult_1052" [firmware/nnet_utils/nnet_dense_latency.h:58]   --->   Operation 1526 'add' 'add_ln58_2244' <Predicate = true> <Delay = 1.94> <CoreInst = "Adder">   --->   Core 1 'Adder' <Latency = 0> <II = 1> <Delay = 1.94> <FuncUnit> <Opcode : 'add' 'sub'> <InPorts = 2> <OutPorts = 1>
ST_1 : Operation 1527 [1/1] (3.84ns) (root node of TernaryAdder)   --->   "%add_ln58_2246 = add i14 %sub_ln73_1099, i14 %mult_1115" [firmware/nnet_utils/nnet_dense_latency.h:58]   --->   Operation 1527 'add' 'add_ln58_2246' <Predicate = true> <Delay = 3.84> <CoreInst = "TAddSub">   --->   Core 10 'TAddSub' <Latency = 0> <II = 1> <Delay = 1.99> <IPBlock> <Opcode : '' 'add' 'sub'> <InPorts = 3> <OutPorts = 1> <Sync> <CReg>
ST_1 : Operation 1528 [1/1] (0.00ns)   --->   "%sext_ln58_1272 = sext i14 %add_ln58_2246" [firmware/nnet_utils/nnet_dense_latency.h:58]   --->   Operation 1528 'sext' 'sext_ln58_1272' <Predicate = true> <Delay = 0.00>
ST_1 : Operation 1529 [1/1] (1.54ns)   --->   "%add_ln58_2247 = add i13 %sext_ln17_809, i13 %sext_ln17_826" [firmware/nnet_utils/nnet_dense_latency.h:58]   --->   Operation 1529 'add' 'add_ln58_2247' <Predicate = true> <Delay = 1.54> <CoreInst = "Adder">   --->   Core 1 'Adder' <Latency = 0> <II = 1> <Delay = 1.54> <FuncUnit> <Opcode : 'add' 'sub'> <InPorts = 2> <OutPorts = 1>
ST_1 : Operation 1530 [1/1] (0.00ns)   --->   "%sext_ln58_1273 = sext i13 %add_ln58_2247" [firmware/nnet_utils/nnet_dense_latency.h:58]   --->   Operation 1530 'sext' 'sext_ln58_1273' <Predicate = true> <Delay = 0.00>
ST_1 : Operation 1531 [1/1] (1.67ns)   --->   "%add_ln58_2248 = add i14 %sext_ln58_1273, i14 %sext_ln17_807" [firmware/nnet_utils/nnet_dense_latency.h:58]   --->   Operation 1531 'add' 'add_ln58_2248' <Predicate = true> <Delay = 1.67> <CoreInst = "Adder">   --->   Core 1 'Adder' <Latency = 0> <II = 1> <Delay = 1.67> <FuncUnit> <Opcode : 'add' 'sub'> <InPorts = 2> <OutPorts = 1>
ST_1 : Operation 1532 [1/1] (0.00ns)   --->   "%sext_ln58_1274 = sext i14 %add_ln58_2248" [firmware/nnet_utils/nnet_dense_latency.h:58]   --->   Operation 1532 'sext' 'sext_ln58_1274' <Predicate = true> <Delay = 0.00>
ST_1 : Operation 1533 [1/1] (1.81ns)   --->   "%add_ln58_2249 = add i15 %sext_ln58_1274, i15 %sext_ln58_1272" [firmware/nnet_utils/nnet_dense_latency.h:58]   --->   Operation 1533 'add' 'add_ln58_2249' <Predicate = true> <Delay = 1.81> <CoreInst = "Adder">   --->   Core 1 'Adder' <Latency = 0> <II = 1> <Delay = 1.81> <FuncUnit> <Opcode : 'add' 'sub'> <InPorts = 2> <OutPorts = 1>
ST_1 : Operation 1534 [1/1] (1.73ns)   --->   "%add_ln58_2251 = add i11 %sext_ln73_7, i11 192" [firmware/nnet_utils/nnet_dense_latency.h:58]   --->   Operation 1534 'add' 'add_ln58_2251' <Predicate = true> <Delay = 1.73> <CoreInst = "Adder">   --->   Core 1 'Adder' <Latency = 0> <II = 1> <Delay = 1.73> <FuncUnit> <Opcode : 'add' 'sub'> <InPorts = 2> <OutPorts = 1>
ST_1 : Operation 1535 [1/1] (0.00ns)   --->   "%sext_ln58_262 = sext i11 %add_ln58_2251" [firmware/nnet_utils/nnet_dense_latency.h:58]   --->   Operation 1535 'sext' 'sext_ln58_262' <Predicate = true> <Delay = 0.00>
ST_1 : Operation 1536 [1/1] (3.84ns) (root node of TernaryAdder)   --->   "%add_ln58_2252 = add i14 %sub_ln17_5, i14 %sext_ln58_262" [firmware/nnet_utils/nnet_dense_latency.h:58]   --->   Operation 1536 'add' 'add_ln58_2252' <Predicate = true> <Delay = 3.84> <CoreInst = "TAddSub">   --->   Core 10 'TAddSub' <Latency = 0> <II = 1> <Delay = 1.99> <IPBlock> <Opcode : '' 'add' 'sub'> <InPorts = 3> <OutPorts = 1> <Sync> <CReg>
ST_1 : Operation 1537 [1/1] (0.00ns)   --->   "%sext_ln58_263 = sext i14 %add_ln58_2252" [firmware/nnet_utils/nnet_dense_latency.h:58]   --->   Operation 1537 'sext' 'sext_ln58_263' <Predicate = true> <Delay = 0.00>
ST_1 : Operation 1538 [1/1] (0.00ns) (grouped into TernaryAdder)   --->   "%add_ln58_2253 = add i15 %sext_ln58_263, i15 %sext_ln17_702" [firmware/nnet_utils/nnet_dense_latency.h:58]   --->   Operation 1538 'add' 'add_ln58_2253' <Predicate = true> <Delay = 0.00> <CoreInst = "TAddSub">   --->   Core 10 'TAddSub' <Latency = 0> <II = 1> <Delay = 1.99> <IPBlock> <Opcode : '' 'add' 'sub'> <InPorts = 3> <OutPorts = 1> <Sync> <CReg>
ST_1 : Operation 1539 [1/1] (3.87ns) (root node of TernaryAdder)   --->   "%add_ln58_2254 = add i15 %add_ln58_2253, i15 %mult_805" [firmware/nnet_utils/nnet_dense_latency.h:58]   --->   Operation 1539 'add' 'add_ln58_2254' <Predicate = true> <Delay = 3.87> <CoreInst = "TAddSub">   --->   Core 10 'TAddSub' <Latency = 0> <II = 1> <Delay = 1.99> <IPBlock> <Opcode : '' 'add' 'sub'> <InPorts = 3> <OutPorts = 1> <Sync> <CReg>
ST_1 : Operation 1540 [1/1] (0.00ns)   --->   "%sext_ln58_1397 = sext i15 %add_ln58_2254" [firmware/nnet_utils/nnet_dense_latency.h:58]   --->   Operation 1540 'sext' 'sext_ln58_1397' <Predicate = true> <Delay = 0.00>
ST_1 : Operation 1541 [1/1] (1.94ns)   --->   "%sub_ln58_43 = sub i16 %sext_ln58_1397, i16 %sext_ln73_146" [firmware/nnet_utils/nnet_dense_latency.h:58]   --->   Operation 1541 'sub' 'sub_ln58_43' <Predicate = true> <Delay = 1.94> <CoreInst = "Adder">   --->   Core 1 'Adder' <Latency = 0> <II = 1> <Delay = 1.94> <FuncUnit> <Opcode : 'add' 'sub'> <InPorts = 2> <OutPorts = 1>
ST_1 : Operation 1542 [1/1] (3.90ns) (root node of TernaryAdder)   --->   "%add_ln58_2255 = add i16 %sub_ln58_43, i16 %mult_825" [firmware/nnet_utils/nnet_dense_latency.h:58]   --->   Operation 1542 'add' 'add_ln58_2255' <Predicate = true> <Delay = 3.90> <CoreInst = "TAddSub">   --->   Core 10 'TAddSub' <Latency = 0> <II = 1> <Delay = 1.99> <IPBlock> <Opcode : '' 'add' 'sub'> <InPorts = 3> <OutPorts = 1> <Sync> <CReg>
ST_1 : Operation 1543 [1/1] (3.90ns) (root node of TernaryAdder)   --->   "%add_ln58_2259 = add i16 %mult_898, i16 %mult_921" [firmware/nnet_utils/nnet_dense_latency.h:58]   --->   Operation 1543 'add' 'add_ln58_2259' <Predicate = true> <Delay = 3.90> <CoreInst = "TAddSub">   --->   Core 10 'TAddSub' <Latency = 0> <II = 1> <Delay = 1.99> <IPBlock> <Opcode : '' 'add' 'sub'> <InPorts = 3> <OutPorts = 1> <Sync> <CReg>
ST_1 : Operation 1544 [1/1] (1.94ns)   --->   "%add_ln58_2261 = add i15 %mult_885, i15 %mult_909" [firmware/nnet_utils/nnet_dense_latency.h:58]   --->   Operation 1544 'add' 'add_ln58_2261' <Predicate = true> <Delay = 1.94> <CoreInst = "Adder">   --->   Core 1 'Adder' <Latency = 0> <II = 1> <Delay = 1.94> <FuncUnit> <Opcode : 'add' 'sub'> <InPorts = 2> <OutPorts = 1>
ST_1 : Operation 1545 [1/1] (0.00ns)   --->   "%sext_ln58_1277 = sext i15 %add_ln58_2261" [firmware/nnet_utils/nnet_dense_latency.h:58]   --->   Operation 1545 'sext' 'sext_ln58_1277' <Predicate = true> <Delay = 0.00>
ST_1 : Operation 1546 [1/1] (1.94ns)   --->   "%add_ln58_2262 = add i15 %mult_945, i15 %sext_ln17_762" [firmware/nnet_utils/nnet_dense_latency.h:58]   --->   Operation 1546 'add' 'add_ln58_2262' <Predicate = true> <Delay = 1.94> <CoreInst = "Adder">   --->   Core 1 'Adder' <Latency = 0> <II = 1> <Delay = 1.94> <FuncUnit> <Opcode : 'add' 'sub'> <InPorts = 2> <OutPorts = 1>
ST_1 : Operation 1547 [1/1] (0.00ns)   --->   "%sext_ln58_1278 = sext i15 %add_ln58_2262" [firmware/nnet_utils/nnet_dense_latency.h:58]   --->   Operation 1547 'sext' 'sext_ln58_1278' <Predicate = true> <Delay = 0.00>
ST_1 : Operation 1548 [1/1] (1.94ns)   --->   "%add_ln58_2263 = add i16 %sext_ln58_1278, i16 %sext_ln58_1277" [firmware/nnet_utils/nnet_dense_latency.h:58]   --->   Operation 1548 'add' 'add_ln58_2263' <Predicate = true> <Delay = 1.94> <CoreInst = "Adder">   --->   Core 1 'Adder' <Latency = 0> <II = 1> <Delay = 1.94> <FuncUnit> <Opcode : 'add' 'sub'> <InPorts = 2> <OutPorts = 1>
ST_1 : Operation 1549 [1/1] (3.90ns) (root node of TernaryAdder)   --->   "%add_ln58_2266 = add i16 %mult_956, i16 %mult_990" [firmware/nnet_utils/nnet_dense_latency.h:58]   --->   Operation 1549 'add' 'add_ln58_2266' <Predicate = true> <Delay = 3.90> <CoreInst = "TAddSub">   --->   Core 10 'TAddSub' <Latency = 0> <II = 1> <Delay = 1.99> <IPBlock> <Opcode : '' 'add' 'sub'> <InPorts = 3> <OutPorts = 1> <Sync> <CReg>
ST_1 : Operation 1550 [1/1] (3.90ns) (root node of TernaryAdder)   --->   "%add_ln58_2268 = add i16 %mult_1003, i16 %mult_1044" [firmware/nnet_utils/nnet_dense_latency.h:58]   --->   Operation 1550 'add' 'add_ln58_2268' <Predicate = true> <Delay = 3.90> <CoreInst = "TAddSub">   --->   Core 10 'TAddSub' <Latency = 0> <II = 1> <Delay = 1.99> <IPBlock> <Opcode : '' 'add' 'sub'> <InPorts = 3> <OutPorts = 1> <Sync> <CReg>
ST_1 : Operation 1551 [1/1] (0.00ns)   --->   "%sext_ln58_1281 = sext i16 %add_ln58_2268" [firmware/nnet_utils/nnet_dense_latency.h:58]   --->   Operation 1551 'sext' 'sext_ln58_1281' <Predicate = true> <Delay = 0.00>
ST_1 : Operation 1552 [1/1] (2.07ns)   --->   "%add_ln58_2269 = add i16 %mult_1067, i16 %mul_ln73_346" [firmware/nnet_utils/nnet_dense_latency.h:58]   --->   Operation 1552 'add' 'add_ln58_2269' <Predicate = true> <Delay = 2.07> <CoreInst = "Adder">   --->   Core 1 'Adder' <Latency = 0> <II = 1> <Delay = 2.07> <FuncUnit> <Opcode : 'add' 'sub'> <InPorts = 2> <OutPorts = 1>
ST_1 : Operation 1553 [1/1] (0.00ns)   --->   "%sext_ln58_1282 = sext i16 %add_ln58_2269" [firmware/nnet_utils/nnet_dense_latency.h:58]   --->   Operation 1553 'sext' 'sext_ln58_1282' <Predicate = true> <Delay = 0.00>
ST_1 : Operation 1554 [1/1] (2.07ns)   --->   "%add_ln58_2270 = add i17 %sext_ln58_1282, i17 %sext_ln58_1281" [firmware/nnet_utils/nnet_dense_latency.h:58]   --->   Operation 1554 'add' 'add_ln58_2270' <Predicate = true> <Delay = 2.07> <CoreInst = "Adder">   --->   Core 1 'Adder' <Latency = 0> <II = 1> <Delay = 2.07> <FuncUnit> <Opcode : 'add' 'sub'> <InPorts = 2> <OutPorts = 1>
ST_1 : Operation 1555 [1/1] (2.07ns)   --->   "%add_ln58_2272 = add i16 %mult_1087, i16 %sub_ln73_1108" [firmware/nnet_utils/nnet_dense_latency.h:58]   --->   Operation 1555 'add' 'add_ln58_2272' <Predicate = true> <Delay = 2.07> <CoreInst = "Adder">   --->   Core 1 'Adder' <Latency = 0> <II = 1> <Delay = 2.07> <FuncUnit> <Opcode : 'add' 'sub'> <InPorts = 2> <OutPorts = 1>
ST_1 : Operation 1556 [1/1] (0.00ns)   --->   "%sext_ln58_1284 = sext i16 %add_ln58_2272" [firmware/nnet_utils/nnet_dense_latency.h:58]   --->   Operation 1556 'sext' 'sext_ln58_1284' <Predicate = true> <Delay = 0.00>
ST_1 : Operation 1557 [1/1] (2.07ns)   --->   "%add_ln58_2273 = add i16 %mult_1105, i16 %sext_ln17_778" [firmware/nnet_utils/nnet_dense_latency.h:58]   --->   Operation 1557 'add' 'add_ln58_2273' <Predicate = true> <Delay = 2.07> <CoreInst = "Adder">   --->   Core 1 'Adder' <Latency = 0> <II = 1> <Delay = 2.07> <FuncUnit> <Opcode : 'add' 'sub'> <InPorts = 2> <OutPorts = 1>
ST_1 : Operation 1558 [1/1] (0.00ns)   --->   "%sext_ln58_1285 = sext i16 %add_ln58_2273" [firmware/nnet_utils/nnet_dense_latency.h:58]   --->   Operation 1558 'sext' 'sext_ln58_1285' <Predicate = true> <Delay = 0.00>
ST_1 : Operation 1559 [1/1] (0.00ns) (grouped into TernaryAdder)   --->   "%add_ln58_2274 = add i17 %sext_ln58_1285, i17 %sext_ln58_1284" [firmware/nnet_utils/nnet_dense_latency.h:58]   --->   Operation 1559 'add' 'add_ln58_2274' <Predicate = true> <Delay = 0.00> <CoreInst = "TAddSub">   --->   Core 10 'TAddSub' <Latency = 0> <II = 1> <Delay = 1.99> <IPBlock> <Opcode : '' 'add' 'sub'> <InPorts = 3> <OutPorts = 1> <Sync> <CReg>
ST_1 : Operation 1560 [1/1] (0.00ns) (grouped into TernaryAdder)   --->   "%add_ln58_2275 = add i15 %mult_1012, i15 %sext_ln17_804" [firmware/nnet_utils/nnet_dense_latency.h:58]   --->   Operation 1560 'add' 'add_ln58_2275' <Predicate = true> <Delay = 0.00> <CoreInst = "TAddSub">   --->   Core 10 'TAddSub' <Latency = 0> <II = 1> <Delay = 1.99> <IPBlock> <Opcode : '' 'add' 'sub'> <InPorts = 3> <OutPorts = 1> <Sync> <CReg>
ST_1 : Operation 1561 [1/1] (1.73ns)   --->   "%add_ln58_2276 = add i11 %sext_ln73_231, i11 %sext_ln73_273" [firmware/nnet_utils/nnet_dense_latency.h:58]   --->   Operation 1561 'add' 'add_ln58_2276' <Predicate = true> <Delay = 1.73> <CoreInst = "Adder">   --->   Core 1 'Adder' <Latency = 0> <II = 1> <Delay = 1.73> <FuncUnit> <Opcode : 'add' 'sub'> <InPorts = 2> <OutPorts = 1>
ST_1 : Operation 1562 [1/1] (0.00ns)   --->   "%sext_ln58_1398 = sext i11 %add_ln58_2276" [firmware/nnet_utils/nnet_dense_latency.h:58]   --->   Operation 1562 'sext' 'sext_ln58_1398' <Predicate = true> <Delay = 0.00>
ST_1 : Operation 1563 [1/1] (0.00ns)   --->   "%p_shl = bitconcatenate i13 @_ssdm_op_BitConcatenate.i13.i11.i2, i11 %add_ln58_2276, i2 0" [firmware/nnet_utils/nnet_dense_latency.h:58]   --->   Operation 1563 'bitconcatenate' 'p_shl' <Predicate = true> <Delay = 0.00>
ST_1 : Operation 1564 [1/1] (1.67ns)   --->   "%sub_ln58_44 = sub i13 %sext_ln58_1398, i13 %p_shl" [firmware/nnet_utils/nnet_dense_latency.h:58]   --->   Operation 1564 'sub' 'sub_ln58_44' <Predicate = true> <Delay = 1.67> <CoreInst = "Adder">   --->   Core 1 'Adder' <Latency = 0> <II = 1> <Delay = 1.67> <FuncUnit> <Opcode : 'add' 'sub'> <InPorts = 2> <OutPorts = 1>
ST_1 : Operation 1565 [1/1] (0.00ns)   --->   "%sext_ln58_1286 = sext i13 %sub_ln58_44" [firmware/nnet_utils/nnet_dense_latency.h:58]   --->   Operation 1565 'sext' 'sext_ln58_1286' <Predicate = true> <Delay = 0.00>
ST_1 : Operation 1566 [1/1] (3.87ns) (root node of TernaryAdder)   --->   "%add_ln58_2277 = add i15 %sext_ln58_1286, i15 %add_ln58_2275" [firmware/nnet_utils/nnet_dense_latency.h:58]   --->   Operation 1566 'add' 'add_ln58_2277' <Predicate = true> <Delay = 3.87> <CoreInst = "TAddSub">   --->   Core 10 'TAddSub' <Latency = 0> <II = 1> <Delay = 1.99> <IPBlock> <Opcode : '' 'add' 'sub'> <InPorts = 3> <OutPorts = 1> <Sync> <CReg>
ST_1 : Operation 1567 [1/1] (0.00ns)   --->   "%sext_ln58_1287 = sext i15 %add_ln58_2277" [firmware/nnet_utils/nnet_dense_latency.h:58]   --->   Operation 1567 'sext' 'sext_ln58_1287' <Predicate = true> <Delay = 0.00>
ST_1 : Operation 1568 [1/1] (3.93ns) (root node of TernaryAdder)   --->   "%add_ln58_2278 = add i17 %sext_ln58_1287, i17 %add_ln58_2274" [firmware/nnet_utils/nnet_dense_latency.h:58]   --->   Operation 1568 'add' 'add_ln58_2278' <Predicate = true> <Delay = 3.93> <CoreInst = "TAddSub">   --->   Core 10 'TAddSub' <Latency = 0> <II = 1> <Delay = 1.99> <IPBlock> <Opcode : '' 'add' 'sub'> <InPorts = 3> <OutPorts = 1> <Sync> <CReg>
ST_1 : Operation 1569 [1/1] (3.90ns) (root node of TernaryAdder)   --->   "%add_ln58_2280 = add i16 %mult_1116, i16 %mult_1130" [firmware/nnet_utils/nnet_dense_latency.h:58]   --->   Operation 1569 'add' 'add_ln58_2280' <Predicate = true> <Delay = 3.90> <CoreInst = "TAddSub">   --->   Core 10 'TAddSub' <Latency = 0> <II = 1> <Delay = 1.99> <IPBlock> <Opcode : '' 'add' 'sub'> <InPorts = 3> <OutPorts = 1> <Sync> <CReg>
ST_1 : Operation 1570 [1/1] (1.73ns)   --->   "%add_ln58_2282 = add i11 %sext_ln73_7, i11 128" [firmware/nnet_utils/nnet_dense_latency.h:58]   --->   Operation 1570 'add' 'add_ln58_2282' <Predicate = true> <Delay = 1.73> <CoreInst = "Adder">   --->   Core 1 'Adder' <Latency = 0> <II = 1> <Delay = 1.73> <FuncUnit> <Opcode : 'add' 'sub'> <InPorts = 2> <OutPorts = 1>
ST_1 : Operation 1571 [1/1] (0.00ns)   --->   "%sext_ln58_270 = sext i11 %add_ln58_2282" [firmware/nnet_utils/nnet_dense_latency.h:58]   --->   Operation 1571 'sext' 'sext_ln58_270' <Predicate = true> <Delay = 0.00>
ST_1 : Operation 1572 [1/1] (3.84ns) (root node of TernaryAdder)   --->   "%add_ln58_2283 = add i14 %sub_ln17_7, i14 %sext_ln58_270" [firmware/nnet_utils/nnet_dense_latency.h:58]   --->   Operation 1572 'add' 'add_ln58_2283' <Predicate = true> <Delay = 3.84> <CoreInst = "TAddSub">   --->   Core 10 'TAddSub' <Latency = 0> <II = 1> <Delay = 1.99> <IPBlock> <Opcode : '' 'add' 'sub'> <InPorts = 3> <OutPorts = 1> <Sync> <CReg>
ST_1 : Operation 1573 [1/1] (0.00ns)   --->   "%sext_ln58_271 = sext i14 %add_ln58_2283" [firmware/nnet_utils/nnet_dense_latency.h:58]   --->   Operation 1573 'sext' 'sext_ln58_271' <Predicate = true> <Delay = 0.00>
ST_1 : Operation 1574 [1/1] (1.94ns)   --->   "%add_ln58_2284 = add i15 %mult_806, i15 %sext_ln58_271" [firmware/nnet_utils/nnet_dense_latency.h:58]   --->   Operation 1574 'add' 'add_ln58_2284' <Predicate = true> <Delay = 1.94> <CoreInst = "Adder">   --->   Core 1 'Adder' <Latency = 0> <II = 1> <Delay = 1.94> <FuncUnit> <Opcode : 'add' 'sub'> <InPorts = 2> <OutPorts = 1>
ST_1 : Operation 1575 [1/1] (0.00ns)   --->   "%sext_ln58_272 = sext i15 %add_ln58_2284" [firmware/nnet_utils/nnet_dense_latency.h:58]   --->   Operation 1575 'sext' 'sext_ln58_272' <Predicate = true> <Delay = 0.00>
ST_1 : Operation 1576 [1/1] (0.00ns) (grouped into TernaryAdder)   --->   "%add_ln58_2285 = add i16 %sext_ln58_272, i16 %sext_ln17_706" [firmware/nnet_utils/nnet_dense_latency.h:58]   --->   Operation 1576 'add' 'add_ln58_2285' <Predicate = true> <Delay = 0.00> <CoreInst = "TAddSub">   --->   Core 10 'TAddSub' <Latency = 0> <II = 1> <Delay = 1.99> <IPBlock> <Opcode : '' 'add' 'sub'> <InPorts = 3> <OutPorts = 1> <Sync> <CReg>
ST_1 : Operation 1577 [1/1] (3.90ns) (root node of TernaryAdder)   --->   "%add_ln58_2286 = add i16 %add_ln58_2285, i16 %mult_814" [firmware/nnet_utils/nnet_dense_latency.h:58]   --->   Operation 1577 'add' 'add_ln58_2286' <Predicate = true> <Delay = 3.90> <CoreInst = "TAddSub">   --->   Core 10 'TAddSub' <Latency = 0> <II = 1> <Delay = 1.99> <IPBlock> <Opcode : '' 'add' 'sub'> <InPorts = 3> <OutPorts = 1> <Sync> <CReg>
ST_1 : Operation 1578 [1/1] (0.00ns)   --->   "%sext_ln58_273 = sext i16 %add_ln58_2286" [firmware/nnet_utils/nnet_dense_latency.h:58]   --->   Operation 1578 'sext' 'sext_ln58_273' <Predicate = true> <Delay = 0.00>
ST_1 : Operation 1579 [1/1] (0.00ns) (grouped into TernaryAdder)   --->   "%add_ln58_2287 = add i17 %sext_ln58_273, i17 %sext_ln17_712" [firmware/nnet_utils/nnet_dense_latency.h:58]   --->   Operation 1579 'add' 'add_ln58_2287' <Predicate = true> <Delay = 0.00> <CoreInst = "TAddSub">   --->   Core 10 'TAddSub' <Latency = 0> <II = 1> <Delay = 1.99> <IPBlock> <Opcode : '' 'add' 'sub'> <InPorts = 3> <OutPorts = 1> <Sync> <CReg>
ST_1 : Operation 1580 [1/1] (1.81ns)   --->   "%add_ln58_2288 = add i14 %sub_ln17_21, i14 %sext_ln17_728" [firmware/nnet_utils/nnet_dense_latency.h:58]   --->   Operation 1580 'add' 'add_ln58_2288' <Predicate = true> <Delay = 1.81> <CoreInst = "Adder">   --->   Core 1 'Adder' <Latency = 0> <II = 1> <Delay = 1.81> <FuncUnit> <Opcode : 'add' 'sub'> <InPorts = 2> <OutPorts = 1>
ST_1 : Operation 1581 [1/1] (0.00ns)   --->   "%sext_ln58_1290 = sext i14 %add_ln58_2288" [firmware/nnet_utils/nnet_dense_latency.h:58]   --->   Operation 1581 'sext' 'sext_ln58_1290' <Predicate = true> <Delay = 0.00>
ST_1 : Operation 1582 [1/1] (2.07ns)   --->   "%add_ln58_2289 = add i16 %sext_ln58_1290, i16 %mult_859" [firmware/nnet_utils/nnet_dense_latency.h:58]   --->   Operation 1582 'add' 'add_ln58_2289' <Predicate = true> <Delay = 2.07> <CoreInst = "Adder">   --->   Core 1 'Adder' <Latency = 0> <II = 1> <Delay = 2.07> <FuncUnit> <Opcode : 'add' 'sub'> <InPorts = 2> <OutPorts = 1>
ST_1 : Operation 1583 [1/1] (0.00ns)   --->   "%sext_ln58_1291 = sext i16 %add_ln58_2289" [firmware/nnet_utils/nnet_dense_latency.h:58]   --->   Operation 1583 'sext' 'sext_ln58_1291' <Predicate = true> <Delay = 0.00>
ST_1 : Operation 1584 [1/1] (3.93ns) (root node of TernaryAdder)   --->   "%add_ln58_2290 = add i17 %sext_ln58_1291, i17 %add_ln58_2287" [firmware/nnet_utils/nnet_dense_latency.h:58]   --->   Operation 1584 'add' 'add_ln58_2290' <Predicate = true> <Delay = 3.93> <CoreInst = "TAddSub">   --->   Core 10 'TAddSub' <Latency = 0> <II = 1> <Delay = 1.99> <IPBlock> <Opcode : '' 'add' 'sub'> <InPorts = 3> <OutPorts = 1> <Sync> <CReg>
ST_1 : Operation 1585 [1/1] (0.00ns)   --->   "%sext_ln58_274 = sext i17 %add_ln58_2290" [firmware/nnet_utils/nnet_dense_latency.h:58]   --->   Operation 1585 'sext' 'sext_ln58_274' <Predicate = true> <Delay = 0.00>
ST_1 : Operation 1586 [1/1] (2.10ns)   --->   "%add_ln58_2291 = add i18 %sext_ln58_274, i18 %sext_ln17_750" [firmware/nnet_utils/nnet_dense_latency.h:58]   --->   Operation 1586 'add' 'add_ln58_2291' <Predicate = true> <Delay = 2.10> <CoreInst = "Adder">   --->   Core 1 'Adder' <Latency = 0> <II = 1> <Delay = 2.10> <FuncUnit> <Opcode : 'add' 'sub'> <InPorts = 2> <OutPorts = 1>
ST_1 : Operation 1587 [1/1] (0.00ns) (grouped into TernaryAdder)   --->   "%add_ln58_2292 = add i16 %mult_936, i16 %sext_ln17_733" [firmware/nnet_utils/nnet_dense_latency.h:58]   --->   Operation 1587 'add' 'add_ln58_2292' <Predicate = true> <Delay = 0.00> <CoreInst = "TAddSub">   --->   Core 10 'TAddSub' <Latency = 0> <II = 1> <Delay = 1.99> <IPBlock> <Opcode : '' 'add' 'sub'> <InPorts = 3> <OutPorts = 1> <Sync> <CReg>
ST_1 : Operation 1588 [1/1] (3.90ns) (root node of TernaryAdder)   --->   "%add_ln58_2293 = add i16 %add_ln58_2292, i16 %mult_922" [firmware/nnet_utils/nnet_dense_latency.h:58]   --->   Operation 1588 'add' 'add_ln58_2293' <Predicate = true> <Delay = 3.90> <CoreInst = "TAddSub">   --->   Core 10 'TAddSub' <Latency = 0> <II = 1> <Delay = 1.99> <IPBlock> <Opcode : '' 'add' 'sub'> <InPorts = 3> <OutPorts = 1> <Sync> <CReg>
ST_1 : Operation 1589 [1/1] (3.87ns) (root node of TernaryAdder)   --->   "%add_ln58_2295 = add i15 %mult_940, i15 %mult_957" [firmware/nnet_utils/nnet_dense_latency.h:58]   --->   Operation 1589 'add' 'add_ln58_2295' <Predicate = true> <Delay = 3.87> <CoreInst = "TAddSub">   --->   Core 10 'TAddSub' <Latency = 0> <II = 1> <Delay = 1.99> <IPBlock> <Opcode : '' 'add' 'sub'> <InPorts = 3> <OutPorts = 1> <Sync> <CReg>
ST_1 : Operation 1590 [1/1] (0.00ns)   --->   "%sext_ln58_1293 = sext i15 %add_ln58_2295" [firmware/nnet_utils/nnet_dense_latency.h:58]   --->   Operation 1590 'sext' 'sext_ln58_1293' <Predicate = true> <Delay = 0.00>
ST_1 : Operation 1591 [1/1] (0.00ns) (grouped into TernaryAdder)   --->   "%add_ln58_2296 = add i16 %sext_ln58_1293, i16 %sext_ln17_740" [firmware/nnet_utils/nnet_dense_latency.h:58]   --->   Operation 1591 'add' 'add_ln58_2296' <Predicate = true> <Delay = 0.00> <CoreInst = "TAddSub">   --->   Core 10 'TAddSub' <Latency = 0> <II = 1> <Delay = 1.99> <IPBlock> <Opcode : '' 'add' 'sub'> <InPorts = 3> <OutPorts = 1> <Sync> <CReg>
ST_1 : Operation 1592 [1/1] (3.78ns) (root node of TernaryAdder)   --->   "%add_ln58_2297 = add i12 %sub_ln17_28, i12 %sext_ln17_774" [firmware/nnet_utils/nnet_dense_latency.h:58]   --->   Operation 1592 'add' 'add_ln58_2297' <Predicate = true> <Delay = 3.78> <CoreInst = "TAddSub">   --->   Core 10 'TAddSub' <Latency = 0> <II = 1> <Delay = 1.99> <IPBlock> <Opcode : '' 'add' 'sub'> <InPorts = 3> <OutPorts = 1> <Sync> <CReg>
ST_1 : Operation 1593 [1/1] (0.00ns)   --->   "%sext_ln58_1294 = sext i12 %add_ln58_2297" [firmware/nnet_utils/nnet_dense_latency.h:58]   --->   Operation 1593 'sext' 'sext_ln58_1294' <Predicate = true> <Delay = 0.00>
ST_1 : Operation 1594 [1/1] (3.84ns) (root node of TernaryAdder)   --->   "%add_ln58_2298 = add i14 %sext_ln58_1294, i14 %mult_991" [firmware/nnet_utils/nnet_dense_latency.h:58]   --->   Operation 1594 'add' 'add_ln58_2298' <Predicate = true> <Delay = 3.84> <CoreInst = "TAddSub">   --->   Core 10 'TAddSub' <Latency = 0> <II = 1> <Delay = 1.99> <IPBlock> <Opcode : '' 'add' 'sub'> <InPorts = 3> <OutPorts = 1> <Sync> <CReg>
ST_1 : Operation 1595 [1/1] (0.00ns)   --->   "%sext_ln58_1295 = sext i14 %add_ln58_2298" [firmware/nnet_utils/nnet_dense_latency.h:58]   --->   Operation 1595 'sext' 'sext_ln58_1295' <Predicate = true> <Delay = 0.00>
ST_1 : Operation 1596 [1/1] (3.90ns) (root node of TernaryAdder)   --->   "%add_ln58_2299 = add i16 %sext_ln58_1295, i16 %add_ln58_2296" [firmware/nnet_utils/nnet_dense_latency.h:58]   --->   Operation 1596 'add' 'add_ln58_2299' <Predicate = true> <Delay = 3.90> <CoreInst = "TAddSub">   --->   Core 10 'TAddSub' <Latency = 0> <II = 1> <Delay = 1.99> <IPBlock> <Opcode : '' 'add' 'sub'> <InPorts = 3> <OutPorts = 1> <Sync> <CReg>
ST_1 : Operation 1597 [1/1] (3.90ns) (root node of TernaryAdder)   --->   "%add_ln58_2301 = add i16 %add_ln17_4, i16 %mult_1004" [firmware/nnet_utils/nnet_dense_latency.h:58]   --->   Operation 1597 'add' 'add_ln58_2301' <Predicate = true> <Delay = 3.90> <CoreInst = "TAddSub">   --->   Core 10 'TAddSub' <Latency = 0> <II = 1> <Delay = 1.99> <IPBlock> <Opcode : '' 'add' 'sub'> <InPorts = 3> <OutPorts = 1> <Sync> <CReg>
ST_1 : Operation 1598 [1/1] (2.07ns)   --->   "%add_ln58_2303 = add i16 %sub_ln73_1114, i16 %mult_1126" [firmware/nnet_utils/nnet_dense_latency.h:58]   --->   Operation 1598 'add' 'add_ln58_2303' <Predicate = true> <Delay = 2.07> <CoreInst = "Adder">   --->   Core 1 'Adder' <Latency = 0> <II = 1> <Delay = 2.07> <FuncUnit> <Opcode : 'add' 'sub'> <InPorts = 2> <OutPorts = 1>
ST_1 : Operation 1599 [1/1] (0.00ns)   --->   "%sext_ln58_1298 = sext i16 %add_ln58_2303" [firmware/nnet_utils/nnet_dense_latency.h:58]   --->   Operation 1599 'sext' 'sext_ln58_1298' <Predicate = true> <Delay = 0.00>
ST_1 : Operation 1600 [1/1] (2.07ns)   --->   "%add_ln58_2304 = add i17 %sext_ln58_1298, i17 %sext_ln17_793" [firmware/nnet_utils/nnet_dense_latency.h:58]   --->   Operation 1600 'add' 'add_ln58_2304' <Predicate = true> <Delay = 2.07> <CoreInst = "Adder">   --->   Core 1 'Adder' <Latency = 0> <II = 1> <Delay = 2.07> <FuncUnit> <Opcode : 'add' 'sub'> <InPorts = 2> <OutPorts = 1>
ST_1 : Operation 1601 [1/1] (3.87ns) (root node of TernaryAdder)   --->   "%add_ln58_2306 = add i15 %mult_1117, i15 %sext_ln17_798" [firmware/nnet_utils/nnet_dense_latency.h:58]   --->   Operation 1601 'add' 'add_ln58_2306' <Predicate = true> <Delay = 3.87> <CoreInst = "TAddSub">   --->   Core 10 'TAddSub' <Latency = 0> <II = 1> <Delay = 1.99> <IPBlock> <Opcode : '' 'add' 'sub'> <InPorts = 3> <OutPorts = 1> <Sync> <CReg>
ST_1 : Operation 1602 [1/1] (0.00ns)   --->   "%sext_ln58_1300 = sext i15 %add_ln58_2306" [firmware/nnet_utils/nnet_dense_latency.h:58]   --->   Operation 1602 'sext' 'sext_ln58_1300' <Predicate = true> <Delay = 0.00>
ST_1 : Operation 1603 [1/1] (0.00ns) (grouped into TernaryAdder)   --->   "%add_ln58_2307 = add i16 %sext_ln58_1300, i16 %sext_ln17_814" [firmware/nnet_utils/nnet_dense_latency.h:58]   --->   Operation 1603 'add' 'add_ln58_2307' <Predicate = true> <Delay = 0.00> <CoreInst = "TAddSub">   --->   Core 10 'TAddSub' <Latency = 0> <II = 1> <Delay = 1.99> <IPBlock> <Opcode : '' 'add' 'sub'> <InPorts = 3> <OutPorts = 1> <Sync> <CReg>
ST_1 : Operation 1604 [1/1] (3.81ns) (root node of TernaryAdder)   --->   "%add_ln58_2308 = add i13 %sub_ln17_31, i13 %sext_ln17_790" [firmware/nnet_utils/nnet_dense_latency.h:58]   --->   Operation 1604 'add' 'add_ln58_2308' <Predicate = true> <Delay = 3.81> <CoreInst = "TAddSub">   --->   Core 10 'TAddSub' <Latency = 0> <II = 1> <Delay = 1.99> <IPBlock> <Opcode : '' 'add' 'sub'> <InPorts = 3> <OutPorts = 1> <Sync> <CReg>
ST_1 : Operation 1605 [1/1] (0.00ns)   --->   "%sext_ln58_1301 = sext i13 %add_ln58_2308" [firmware/nnet_utils/nnet_dense_latency.h:58]   --->   Operation 1605 'sext' 'sext_ln58_1301' <Predicate = true> <Delay = 0.00>
ST_1 : Operation 1606 [1/1] (3.84ns) (root node of TernaryAdder)   --->   "%add_ln58_2309 = add i14 %sext_ln58_1301, i14 %mult_1045" [firmware/nnet_utils/nnet_dense_latency.h:58]   --->   Operation 1606 'add' 'add_ln58_2309' <Predicate = true> <Delay = 3.84> <CoreInst = "TAddSub">   --->   Core 10 'TAddSub' <Latency = 0> <II = 1> <Delay = 1.99> <IPBlock> <Opcode : '' 'add' 'sub'> <InPorts = 3> <OutPorts = 1> <Sync> <CReg>
ST_1 : Operation 1607 [1/1] (0.00ns)   --->   "%sext_ln58_1302 = sext i14 %add_ln58_2309" [firmware/nnet_utils/nnet_dense_latency.h:58]   --->   Operation 1607 'sext' 'sext_ln58_1302' <Predicate = true> <Delay = 0.00>
ST_1 : Operation 1608 [1/1] (3.90ns) (root node of TernaryAdder)   --->   "%add_ln58_2310 = add i16 %sext_ln58_1302, i16 %add_ln58_2307" [firmware/nnet_utils/nnet_dense_latency.h:58]   --->   Operation 1608 'add' 'add_ln58_2310' <Predicate = true> <Delay = 3.90> <CoreInst = "TAddSub">   --->   Core 10 'TAddSub' <Latency = 0> <II = 1> <Delay = 1.99> <IPBlock> <Opcode : '' 'add' 'sub'> <InPorts = 3> <OutPorts = 1> <Sync> <CReg>
ST_1 : Operation 1609 [1/1] (1.54ns)   --->   "%add_ln58_2312 = add i13 %sext_ln58_183, i13 %sext_ln73_55" [firmware/nnet_utils/nnet_dense_latency.h:58]   --->   Operation 1609 'add' 'add_ln58_2312' <Predicate = true> <Delay = 1.54> <CoreInst = "Adder">   --->   Core 1 'Adder' <Latency = 0> <II = 1> <Delay = 1.54> <FuncUnit> <Opcode : 'add' 'sub'> <InPorts = 2> <OutPorts = 1>
ST_1 : Operation 1610 [1/1] (0.00ns)   --->   "%sext_ln58_277 = sext i13 %add_ln58_2312" [firmware/nnet_utils/nnet_dense_latency.h:58]   --->   Operation 1610 'sext' 'sext_ln58_277' <Predicate = true> <Delay = 0.00>
ST_1 : Operation 1611 [1/1] (1.81ns)   --->   "%add_ln58_2313 = add i14 %sub_ln17_13, i14 %sext_ln58_277" [firmware/nnet_utils/nnet_dense_latency.h:58]   --->   Operation 1611 'add' 'add_ln58_2313' <Predicate = true> <Delay = 1.81> <CoreInst = "Adder">   --->   Core 1 'Adder' <Latency = 0> <II = 1> <Delay = 1.81> <FuncUnit> <Opcode : 'add' 'sub'> <InPorts = 2> <OutPorts = 1>
ST_1 : Operation 1612 [1/1] (0.00ns)   --->   "%sext_ln58_1304 = sext i14 %add_ln58_2313" [firmware/nnet_utils/nnet_dense_latency.h:58]   --->   Operation 1612 'sext' 'sext_ln58_1304' <Predicate = true> <Delay = 0.00>
ST_1 : Operation 1613 [1/1] (1.94ns)   --->   "%add_ln58_2314 = add i15 %mult_827, i15 %sext_ln58_1304" [firmware/nnet_utils/nnet_dense_latency.h:58]   --->   Operation 1613 'add' 'add_ln58_2314' <Predicate = true> <Delay = 1.94> <CoreInst = "Adder">   --->   Core 1 'Adder' <Latency = 0> <II = 1> <Delay = 1.94> <FuncUnit> <Opcode : 'add' 'sub'> <InPorts = 2> <OutPorts = 1>
ST_1 : Operation 1614 [1/1] (0.00ns)   --->   "%sext_ln58_1305 = sext i15 %add_ln58_2314" [firmware/nnet_utils/nnet_dense_latency.h:58]   --->   Operation 1614 'sext' 'sext_ln58_1305' <Predicate = true> <Delay = 0.00>
ST_1 : Operation 1615 [1/1] (3.90ns) (root node of TernaryAdder)   --->   "%add_ln58_2315 = add i16 %sext_ln58_1305, i16 %sub_ln17_19" [firmware/nnet_utils/nnet_dense_latency.h:58]   --->   Operation 1615 'add' 'add_ln58_2315' <Predicate = true> <Delay = 3.90> <CoreInst = "TAddSub">   --->   Core 10 'TAddSub' <Latency = 0> <II = 1> <Delay = 1.99> <IPBlock> <Opcode : '' 'add' 'sub'> <InPorts = 3> <OutPorts = 1> <Sync> <CReg>
ST_1 : Operation 1616 [1/1] (0.00ns)   --->   "%sext_ln58_279 = sext i16 %add_ln58_2315" [firmware/nnet_utils/nnet_dense_latency.h:58]   --->   Operation 1616 'sext' 'sext_ln58_279' <Predicate = true> <Delay = 0.00>
ST_1 : Operation 1617 [1/1] (2.07ns)   --->   "%add_ln58_2316 = add i17 %sext_ln58_279, i17 %sext_ln17_718" [firmware/nnet_utils/nnet_dense_latency.h:58]   --->   Operation 1617 'add' 'add_ln58_2316' <Predicate = true> <Delay = 2.07> <CoreInst = "Adder">   --->   Core 1 'Adder' <Latency = 0> <II = 1> <Delay = 2.07> <FuncUnit> <Opcode : 'add' 'sub'> <InPorts = 2> <OutPorts = 1>
ST_1 : Operation 1618 [1/1] (3.90ns) (root node of TernaryAdder)   --->   "%add_ln58_2318 = add i16 %mult_860, i16 %mult_899" [firmware/nnet_utils/nnet_dense_latency.h:58]   --->   Operation 1618 'add' 'add_ln58_2318' <Predicate = true> <Delay = 3.90> <CoreInst = "TAddSub">   --->   Core 10 'TAddSub' <Latency = 0> <II = 1> <Delay = 1.99> <IPBlock> <Opcode : '' 'add' 'sub'> <InPorts = 3> <OutPorts = 1> <Sync> <CReg>
ST_1 : Operation 1619 [1/1] (3.87ns) (root node of TernaryAdder)   --->   "%add_ln58_2320 = add i15 %mult_887, i15 %mult_923" [firmware/nnet_utils/nnet_dense_latency.h:58]   --->   Operation 1619 'add' 'add_ln58_2320' <Predicate = true> <Delay = 3.87> <CoreInst = "TAddSub">   --->   Core 10 'TAddSub' <Latency = 0> <II = 1> <Delay = 1.99> <IPBlock> <Opcode : '' 'add' 'sub'> <InPorts = 3> <OutPorts = 1> <Sync> <CReg>
ST_1 : Operation 1620 [1/1] (0.00ns)   --->   "%sext_ln58_1307 = sext i15 %add_ln58_2320" [firmware/nnet_utils/nnet_dense_latency.h:58]   --->   Operation 1620 'sext' 'sext_ln58_1307' <Predicate = true> <Delay = 0.00>
ST_1 : Operation 1621 [1/1] (1.94ns)   --->   "%add_ln58_2321 = add i16 %sext_ln58_1307, i16 %sext_ln17_729" [firmware/nnet_utils/nnet_dense_latency.h:58]   --->   Operation 1621 'add' 'add_ln58_2321' <Predicate = true> <Delay = 1.94> <CoreInst = "Adder">   --->   Core 1 'Adder' <Latency = 0> <II = 1> <Delay = 1.94> <FuncUnit> <Opcode : 'add' 'sub'> <InPorts = 2> <OutPorts = 1>
ST_1 : Operation 1622 [1/1] (3.87ns) (root node of TernaryAdder)   --->   "%add_ln58_2323 = add i15 %mult_979, i15 %mult_992" [firmware/nnet_utils/nnet_dense_latency.h:58]   --->   Operation 1622 'add' 'add_ln58_2323' <Predicate = true> <Delay = 3.87> <CoreInst = "TAddSub">   --->   Core 10 'TAddSub' <Latency = 0> <II = 1> <Delay = 1.99> <IPBlock> <Opcode : '' 'add' 'sub'> <InPorts = 3> <OutPorts = 1> <Sync> <CReg>
ST_1 : Operation 1623 [1/1] (0.00ns)   --->   "%sext_ln58_1309 = sext i15 %add_ln58_2323" [firmware/nnet_utils/nnet_dense_latency.h:58]   --->   Operation 1623 'sext' 'sext_ln58_1309' <Predicate = true> <Delay = 0.00>
ST_1 : Operation 1624 [1/1] (0.00ns) (grouped into TernaryAdder)   --->   "%add_ln58_2324 = add i16 %sext_ln58_1309, i16 %sext_ln17_772" [firmware/nnet_utils/nnet_dense_latency.h:58]   --->   Operation 1624 'add' 'add_ln58_2324' <Predicate = true> <Delay = 0.00> <CoreInst = "TAddSub">   --->   Core 10 'TAddSub' <Latency = 0> <II = 1> <Delay = 1.99> <IPBlock> <Opcode : '' 'add' 'sub'> <InPorts = 3> <OutPorts = 1> <Sync> <CReg>
ST_1 : Operation 1625 [1/1] (3.84ns) (root node of TernaryAdder)   --->   "%add_ln58_2325 = add i14 %mult_934, i14 %mult_967" [firmware/nnet_utils/nnet_dense_latency.h:58]   --->   Operation 1625 'add' 'add_ln58_2325' <Predicate = true> <Delay = 3.84> <CoreInst = "TAddSub">   --->   Core 10 'TAddSub' <Latency = 0> <II = 1> <Delay = 1.99> <IPBlock> <Opcode : '' 'add' 'sub'> <InPorts = 3> <OutPorts = 1> <Sync> <CReg>
ST_1 : Operation 1626 [1/1] (0.00ns)   --->   "%sext_ln58_1310 = sext i14 %add_ln58_2325" [firmware/nnet_utils/nnet_dense_latency.h:58]   --->   Operation 1626 'sext' 'sext_ln58_1310' <Predicate = true> <Delay = 0.00>
ST_1 : Operation 1627 [1/1] (3.81ns) (root node of TernaryAdder)   --->   "%add_ln58_2326 = add i13 %mult_911, i13 %mult_946" [firmware/nnet_utils/nnet_dense_latency.h:58]   --->   Operation 1627 'add' 'add_ln58_2326' <Predicate = true> <Delay = 3.81> <CoreInst = "TAddSub">   --->   Core 10 'TAddSub' <Latency = 0> <II = 1> <Delay = 1.99> <IPBlock> <Opcode : '' 'add' 'sub'> <InPorts = 3> <OutPorts = 1> <Sync> <CReg>
ST_1 : Operation 1628 [1/1] (0.00ns)   --->   "%sext_ln58_1311 = sext i13 %add_ln58_2326" [firmware/nnet_utils/nnet_dense_latency.h:58]   --->   Operation 1628 'sext' 'sext_ln58_1311' <Predicate = true> <Delay = 0.00>
ST_1 : Operation 1629 [1/1] (1.81ns)   --->   "%add_ln58_2327 = add i15 %sext_ln58_1311, i15 %sext_ln58_1310" [firmware/nnet_utils/nnet_dense_latency.h:58]   --->   Operation 1629 'add' 'add_ln58_2327' <Predicate = true> <Delay = 1.81> <CoreInst = "Adder">   --->   Core 1 'Adder' <Latency = 0> <II = 1> <Delay = 1.81> <FuncUnit> <Opcode : 'add' 'sub'> <InPorts = 2> <OutPorts = 1>
ST_1 : Operation 1630 [1/1] (0.00ns)   --->   "%sext_ln58_1312 = sext i15 %add_ln58_2327" [firmware/nnet_utils/nnet_dense_latency.h:58]   --->   Operation 1630 'sext' 'sext_ln58_1312' <Predicate = true> <Delay = 0.00>
ST_1 : Operation 1631 [1/1] (3.90ns) (root node of TernaryAdder)   --->   "%add_ln58_2328 = add i16 %sext_ln58_1312, i16 %add_ln58_2324" [firmware/nnet_utils/nnet_dense_latency.h:58]   --->   Operation 1631 'add' 'add_ln58_2328' <Predicate = true> <Delay = 3.90> <CoreInst = "TAddSub">   --->   Core 10 'TAddSub' <Latency = 0> <II = 1> <Delay = 1.99> <IPBlock> <Opcode : '' 'add' 'sub'> <InPorts = 3> <OutPorts = 1> <Sync> <CReg>
ST_1 : Operation 1632 [1/1] (3.90ns) (root node of TernaryAdder)   --->   "%add_ln58_2330 = add i16 %mult_1023, i16 %mult_1054" [firmware/nnet_utils/nnet_dense_latency.h:58]   --->   Operation 1632 'add' 'add_ln58_2330' <Predicate = true> <Delay = 3.90> <CoreInst = "TAddSub">   --->   Core 10 'TAddSub' <Latency = 0> <II = 1> <Delay = 1.99> <IPBlock> <Opcode : '' 'add' 'sub'> <InPorts = 3> <OutPorts = 1> <Sync> <CReg>
ST_1 : Operation 1633 [1/1] (3.90ns) (root node of TernaryAdder)   --->   "%add_ln58_2332 = add i16 %mult_1068, i16 %mult_1076" [firmware/nnet_utils/nnet_dense_latency.h:58]   --->   Operation 1633 'add' 'add_ln58_2332' <Predicate = true> <Delay = 3.90> <CoreInst = "TAddSub">   --->   Core 10 'TAddSub' <Latency = 0> <II = 1> <Delay = 1.99> <IPBlock> <Opcode : '' 'add' 'sub'> <InPorts = 3> <OutPorts = 1> <Sync> <CReg>
ST_1 : Operation 1634 [1/1] (0.00ns)   --->   "%sext_ln58_1315 = sext i16 %add_ln58_2332" [firmware/nnet_utils/nnet_dense_latency.h:58]   --->   Operation 1634 'sext' 'sext_ln58_1315' <Predicate = true> <Delay = 0.00>
ST_1 : Operation 1635 [1/1] (3.90ns) (root node of TernaryAdder)   --->   "%add_ln58_2333 = add i16 %mult_1106, i16 %mult_1118" [firmware/nnet_utils/nnet_dense_latency.h:58]   --->   Operation 1635 'add' 'add_ln58_2333' <Predicate = true> <Delay = 3.90> <CoreInst = "TAddSub">   --->   Core 10 'TAddSub' <Latency = 0> <II = 1> <Delay = 1.99> <IPBlock> <Opcode : '' 'add' 'sub'> <InPorts = 3> <OutPorts = 1> <Sync> <CReg>
ST_1 : Operation 1636 [1/1] (0.00ns)   --->   "%sext_ln58_1316 = sext i16 %add_ln58_2333" [firmware/nnet_utils/nnet_dense_latency.h:58]   --->   Operation 1636 'sext' 'sext_ln58_1316' <Predicate = true> <Delay = 0.00>
ST_1 : Operation 1637 [1/1] (2.07ns)   --->   "%add_ln58_2334 = add i17 %sext_ln58_1316, i17 %sext_ln58_1315" [firmware/nnet_utils/nnet_dense_latency.h:58]   --->   Operation 1637 'add' 'add_ln58_2334' <Predicate = true> <Delay = 2.07> <CoreInst = "Adder">   --->   Core 1 'Adder' <Latency = 0> <II = 1> <Delay = 2.07> <FuncUnit> <Opcode : 'add' 'sub'> <InPorts = 2> <OutPorts = 1>
ST_1 : Operation 1638 [1/1] (3.84ns) (root node of TernaryAdder)   --->   "%add_ln58_2336 = add i14 %sub_ln17_30, i14 %mult_1035" [firmware/nnet_utils/nnet_dense_latency.h:58]   --->   Operation 1638 'add' 'add_ln58_2336' <Predicate = true> <Delay = 3.84> <CoreInst = "TAddSub">   --->   Core 10 'TAddSub' <Latency = 0> <II = 1> <Delay = 1.99> <IPBlock> <Opcode : '' 'add' 'sub'> <InPorts = 3> <OutPorts = 1> <Sync> <CReg>
ST_1 : Operation 1639 [1/1] (0.00ns)   --->   "%sext_ln58_1318 = sext i14 %add_ln58_2336" [firmware/nnet_utils/nnet_dense_latency.h:58]   --->   Operation 1639 'sext' 'sext_ln58_1318' <Predicate = true> <Delay = 0.00>
ST_1 : Operation 1640 [1/1] (1.81ns)   --->   "%sub_ln58_45 = sub i15 %sext_ln58_1318, i15 %sext_ln73_262" [firmware/nnet_utils/nnet_dense_latency.h:58]   --->   Operation 1640 'sub' 'sub_ln58_45' <Predicate = true> <Delay = 1.81> <CoreInst = "Adder">   --->   Core 1 'Adder' <Latency = 0> <II = 1> <Delay = 1.81> <FuncUnit> <Opcode : 'add' 'sub'> <InPorts = 2> <OutPorts = 1>
ST_1 : Operation 1641 [1/1] (0.00ns)   --->   "%sext_ln58_1319 = sext i15 %sub_ln58_45" [firmware/nnet_utils/nnet_dense_latency.h:58]   --->   Operation 1641 'sext' 'sext_ln58_1319' <Predicate = true> <Delay = 0.00>
ST_1 : Operation 1642 [1/1] (1.54ns)   --->   "%add_ln58_2337 = add i13 %sext_ln17_791, i13 %sext_ln17_827" [firmware/nnet_utils/nnet_dense_latency.h:58]   --->   Operation 1642 'add' 'add_ln58_2337' <Predicate = true> <Delay = 1.54> <CoreInst = "Adder">   --->   Core 1 'Adder' <Latency = 0> <II = 1> <Delay = 1.54> <FuncUnit> <Opcode : 'add' 'sub'> <InPorts = 2> <OutPorts = 1>
ST_1 : Operation 1643 [1/1] (0.00ns)   --->   "%sext_ln58_1320 = sext i13 %add_ln58_2337" [firmware/nnet_utils/nnet_dense_latency.h:58]   --->   Operation 1643 'sext' 'sext_ln58_1320' <Predicate = true> <Delay = 0.00>
ST_1 : Operation 1644 [1/1] (0.00ns)   --->   "%sext_ln58_1321 = sext i10 %data_27_val_read" [firmware/nnet_utils/nnet_dense_latency.h:58]   --->   Operation 1644 'sext' 'sext_ln58_1321' <Predicate = true> <Delay = 0.00>
ST_1 : Operation 1645 [1/1] (0.00ns)   --->   "%sext_ln58_1322 = sext i11 %mult_1098" [firmware/nnet_utils/nnet_dense_latency.h:58]   --->   Operation 1645 'sext' 'sext_ln58_1322' <Predicate = true> <Delay = 0.00>
ST_1 : Operation 1646 [1/1] (1.63ns)   --->   "%sub_ln58_13 = sub i12 %sext_ln58_1322, i12 %sext_ln58_1321" [firmware/nnet_utils/nnet_dense_latency.h:58]   --->   Operation 1646 'sub' 'sub_ln58_13' <Predicate = true> <Delay = 1.63> <CoreInst = "Adder">   --->   Core 1 'Adder' <Latency = 0> <II = 1> <Delay = 1.63> <FuncUnit> <Opcode : 'add' 'sub'> <InPorts = 2> <OutPorts = 1>
ST_1 : Operation 1647 [1/1] (0.00ns)   --->   "%sext_ln58_1323 = sext i12 %sub_ln58_13" [firmware/nnet_utils/nnet_dense_latency.h:58]   --->   Operation 1647 'sext' 'sext_ln58_1323' <Predicate = true> <Delay = 0.00>
ST_1 : Operation 1648 [1/1] (1.67ns)   --->   "%add_ln58_2338 = add i14 %sext_ln58_1323, i14 %sext_ln58_1320" [firmware/nnet_utils/nnet_dense_latency.h:58]   --->   Operation 1648 'add' 'add_ln58_2338' <Predicate = true> <Delay = 1.67> <CoreInst = "Adder">   --->   Core 1 'Adder' <Latency = 0> <II = 1> <Delay = 1.67> <FuncUnit> <Opcode : 'add' 'sub'> <InPorts = 2> <OutPorts = 1>
ST_1 : Operation 1649 [1/1] (0.00ns)   --->   "%sext_ln58_1324 = sext i14 %add_ln58_2338" [firmware/nnet_utils/nnet_dense_latency.h:58]   --->   Operation 1649 'sext' 'sext_ln58_1324' <Predicate = true> <Delay = 0.00>
ST_1 : Operation 1650 [1/1] (1.94ns)   --->   "%add_ln58_2339 = add i16 %sext_ln58_1324, i16 %sext_ln58_1319" [firmware/nnet_utils/nnet_dense_latency.h:58]   --->   Operation 1650 'add' 'add_ln58_2339' <Predicate = true> <Delay = 1.94> <CoreInst = "Adder">   --->   Core 1 'Adder' <Latency = 0> <II = 1> <Delay = 1.94> <FuncUnit> <Opcode : 'add' 'sub'> <InPorts = 2> <OutPorts = 1>
ST_1 : Operation 1651 [1/1] (3.93ns) (root node of TernaryAdder)   --->   "%add_ln58_2342 = add i17 %mult_1005, i17 %mult_1036" [firmware/nnet_utils/nnet_dense_latency.h:58]   --->   Operation 1651 'add' 'add_ln58_2342' <Predicate = true> <Delay = 3.93> <CoreInst = "TAddSub">   --->   Core 10 'TAddSub' <Latency = 0> <II = 1> <Delay = 1.99> <IPBlock> <Opcode : '' 'add' 'sub'> <InPorts = 3> <OutPorts = 1> <Sync> <CReg>
ST_1 : Operation 1652 [1/1] (3.90ns) (root node of TernaryAdder)   --->   "%add_ln58_2344 = add i16 %mult_947, i16 %mult_959" [firmware/nnet_utils/nnet_dense_latency.h:58]   --->   Operation 1652 'add' 'add_ln58_2344' <Predicate = true> <Delay = 3.90> <CoreInst = "TAddSub">   --->   Core 10 'TAddSub' <Latency = 0> <II = 1> <Delay = 1.99> <IPBlock> <Opcode : '' 'add' 'sub'> <InPorts = 3> <OutPorts = 1> <Sync> <CReg>
ST_1 : Operation 1653 [1/1] (0.00ns)   --->   "%sext_ln58_1327 = sext i16 %add_ln58_2344" [firmware/nnet_utils/nnet_dense_latency.h:58]   --->   Operation 1653 'sext' 'sext_ln58_1327' <Predicate = true> <Delay = 0.00>
ST_1 : Operation 1654 [1/1] (2.07ns)   --->   "%add_ln58_2345 = add i16 %mult_1024, i16 %sub_ln73_1103" [firmware/nnet_utils/nnet_dense_latency.h:58]   --->   Operation 1654 'add' 'add_ln58_2345' <Predicate = true> <Delay = 2.07> <CoreInst = "Adder">   --->   Core 1 'Adder' <Latency = 0> <II = 1> <Delay = 2.07> <FuncUnit> <Opcode : 'add' 'sub'> <InPorts = 2> <OutPorts = 1>
ST_1 : Operation 1655 [1/1] (0.00ns)   --->   "%sext_ln58_1328 = sext i16 %add_ln58_2345" [firmware/nnet_utils/nnet_dense_latency.h:58]   --->   Operation 1655 'sext' 'sext_ln58_1328' <Predicate = true> <Delay = 0.00>
ST_1 : Operation 1656 [1/1] (2.07ns)   --->   "%add_ln58_2346 = add i17 %sext_ln58_1328, i17 %sext_ln58_1327" [firmware/nnet_utils/nnet_dense_latency.h:58]   --->   Operation 1656 'add' 'add_ln58_2346' <Predicate = true> <Delay = 2.07> <CoreInst = "Adder">   --->   Core 1 'Adder' <Latency = 0> <II = 1> <Delay = 2.07> <FuncUnit> <Opcode : 'add' 'sub'> <InPorts = 2> <OutPorts = 1>
ST_1 : Operation 1657 [1/1] (3.87ns) (root node of TernaryAdder)   --->   "%add_ln58_2348 = add i15 %mult_963, i15 %mult_1015" [firmware/nnet_utils/nnet_dense_latency.h:58]   --->   Operation 1657 'add' 'add_ln58_2348' <Predicate = true> <Delay = 3.87> <CoreInst = "TAddSub">   --->   Core 10 'TAddSub' <Latency = 0> <II = 1> <Delay = 1.99> <IPBlock> <Opcode : '' 'add' 'sub'> <InPorts = 3> <OutPorts = 1> <Sync> <CReg>
ST_1 : Operation 1658 [1/1] (0.00ns)   --->   "%sext_ln58_1330 = sext i15 %add_ln58_2348" [firmware/nnet_utils/nnet_dense_latency.h:58]   --->   Operation 1658 'sext' 'sext_ln58_1330' <Predicate = true> <Delay = 0.00>
ST_1 : Operation 1659 [1/1] (3.87ns) (root node of TernaryAdder)   --->   "%add_ln58_2349 = add i15 %mult_1055, i15 %mult_1077" [firmware/nnet_utils/nnet_dense_latency.h:58]   --->   Operation 1659 'add' 'add_ln58_2349' <Predicate = true> <Delay = 3.87> <CoreInst = "TAddSub">   --->   Core 10 'TAddSub' <Latency = 0> <II = 1> <Delay = 1.99> <IPBlock> <Opcode : '' 'add' 'sub'> <InPorts = 3> <OutPorts = 1> <Sync> <CReg>
ST_1 : Operation 1660 [1/1] (0.00ns)   --->   "%sext_ln58_1331 = sext i15 %add_ln58_2349" [firmware/nnet_utils/nnet_dense_latency.h:58]   --->   Operation 1660 'sext' 'sext_ln58_1331' <Predicate = true> <Delay = 0.00>
ST_1 : Operation 1661 [1/1] (1.94ns)   --->   "%add_ln58_2350 = add i16 %sext_ln58_1331, i16 %sext_ln58_1330" [firmware/nnet_utils/nnet_dense_latency.h:58]   --->   Operation 1661 'add' 'add_ln58_2350' <Predicate = true> <Delay = 1.94> <CoreInst = "Adder">   --->   Core 1 'Adder' <Latency = 0> <II = 1> <Delay = 1.94> <FuncUnit> <Opcode : 'add' 'sub'> <InPorts = 2> <OutPorts = 1>
ST_1 : Operation 1662 [1/1] (0.00ns)   --->   "%sext_ln58_1332 = sext i16 %add_ln58_2350" [firmware/nnet_utils/nnet_dense_latency.h:58]   --->   Operation 1662 'sext' 'sext_ln58_1332' <Predicate = true> <Delay = 0.00>
ST_1 : Operation 1663 [1/1] (3.81ns) (root node of TernaryAdder)   --->   "%sub_ln58_46 = sub i14 %mult_1046, i14 %sext_ln73_312" [firmware/nnet_utils/nnet_dense_latency.h:58]   --->   Operation 1663 'sub' 'sub_ln58_46' <Predicate = true> <Delay = 3.81> <CoreInst = "TAddSub">   --->   Core 10 'TAddSub' <Latency = 0> <II = 1> <Delay = 1.99> <IPBlock> <Opcode : '' 'add' 'sub'> <InPorts = 3> <OutPorts = 1> <Sync> <CReg>
ST_1 : Operation 1664 [1/1] (0.00ns)   --->   "%sext_ln58_1333 = sext i14 %sub_ln58_46" [firmware/nnet_utils/nnet_dense_latency.h:58]   --->   Operation 1664 'sext' 'sext_ln58_1333' <Predicate = true> <Delay = 0.00>
ST_1 : Operation 1665 [1/1] (1.73ns)   --->   "%sub_ln58_14 = sub i11 %sext_ln17_782, i11 %sext_ln73_56" [firmware/nnet_utils/nnet_dense_latency.h:58]   --->   Operation 1665 'sub' 'sub_ln58_14' <Predicate = true> <Delay = 1.73> <CoreInst = "Adder">   --->   Core 1 'Adder' <Latency = 0> <II = 1> <Delay = 1.73> <FuncUnit> <Opcode : 'add' 'sub'> <InPorts = 2> <OutPorts = 1>
ST_1 : Operation 1666 [1/1] (0.00ns)   --->   "%sext_ln58_1334 = sext i11 %sub_ln58_14" [firmware/nnet_utils/nnet_dense_latency.h:58]   --->   Operation 1666 'sext' 'sext_ln58_1334' <Predicate = true> <Delay = 0.00>
ST_1 : Operation 1667 [1/1] (1.54ns)   --->   "%sub_ln58_47 = sub i13 %sext_ln58_1334, i13 %sext_ln73_241" [firmware/nnet_utils/nnet_dense_latency.h:58]   --->   Operation 1667 'sub' 'sub_ln58_47' <Predicate = true> <Delay = 1.54> <CoreInst = "Adder">   --->   Core 1 'Adder' <Latency = 0> <II = 1> <Delay = 1.54> <FuncUnit> <Opcode : 'add' 'sub'> <InPorts = 2> <OutPorts = 1>
ST_1 : Operation 1668 [1/1] (0.00ns)   --->   "%sext_ln58_1335 = sext i13 %sub_ln58_47" [firmware/nnet_utils/nnet_dense_latency.h:58]   --->   Operation 1668 'sext' 'sext_ln58_1335' <Predicate = true> <Delay = 0.00>
ST_1 : Operation 1669 [1/1] (1.81ns)   --->   "%add_ln58_2351 = add i15 %sext_ln58_1335, i15 %sext_ln58_1333" [firmware/nnet_utils/nnet_dense_latency.h:58]   --->   Operation 1669 'add' 'add_ln58_2351' <Predicate = true> <Delay = 1.81> <CoreInst = "Adder">   --->   Core 1 'Adder' <Latency = 0> <II = 1> <Delay = 1.81> <FuncUnit> <Opcode : 'add' 'sub'> <InPorts = 2> <OutPorts = 1>
ST_1 : Operation 1670 [1/1] (0.00ns)   --->   "%sext_ln58_1336 = sext i15 %add_ln58_2351" [firmware/nnet_utils/nnet_dense_latency.h:58]   --->   Operation 1670 'sext' 'sext_ln58_1336' <Predicate = true> <Delay = 0.00>
ST_1 : Operation 1671 [1/1] (2.07ns)   --->   "%add_ln58_2352 = add i17 %sext_ln58_1336, i17 %sext_ln58_1332" [firmware/nnet_utils/nnet_dense_latency.h:58]   --->   Operation 1671 'add' 'add_ln58_2352' <Predicate = true> <Delay = 2.07> <CoreInst = "Adder">   --->   Core 1 'Adder' <Latency = 0> <II = 1> <Delay = 2.07> <FuncUnit> <Opcode : 'add' 'sub'> <InPorts = 2> <OutPorts = 1>
ST_1 : Operation 1672 [1/1] (3.81ns) (root node of TernaryAdder)   --->   "%add_ln58_2355 = add i13 %add_ln17_6, i13 %mult_1107" [firmware/nnet_utils/nnet_dense_latency.h:58]   --->   Operation 1672 'add' 'add_ln58_2355' <Predicate = true> <Delay = 3.81> <CoreInst = "TAddSub">   --->   Core 10 'TAddSub' <Latency = 0> <II = 1> <Delay = 1.99> <IPBlock> <Opcode : '' 'add' 'sub'> <InPorts = 3> <OutPorts = 1> <Sync> <CReg>
ST_1 : Operation 1673 [1/1] (0.00ns)   --->   "%sext_ln58_1338 = sext i13 %add_ln58_2355" [firmware/nnet_utils/nnet_dense_latency.h:58]   --->   Operation 1673 'sext' 'sext_ln58_1338' <Predicate = true> <Delay = 0.00>
ST_1 : Operation 1674 [1/1] (1.67ns)   --->   "%sub_ln58_48 = sub i14 %sext_ln58_1338, i14 %sext_ln17_819" [firmware/nnet_utils/nnet_dense_latency.h:58]   --->   Operation 1674 'sub' 'sub_ln58_48' <Predicate = true> <Delay = 1.67> <CoreInst = "Adder">   --->   Core 1 'Adder' <Latency = 0> <II = 1> <Delay = 1.67> <FuncUnit> <Opcode : 'add' 'sub'> <InPorts = 2> <OutPorts = 1>
ST_1 : Operation 1675 [1/1] (2.07ns)   --->   "%add_ln58_2357 = add i16 %mult_1132, i16 %sext_ln17_820" [firmware/nnet_utils/nnet_dense_latency.h:58]   --->   Operation 1675 'add' 'add_ln58_2357' <Predicate = true> <Delay = 2.07> <CoreInst = "Adder">   --->   Core 1 'Adder' <Latency = 0> <II = 1> <Delay = 2.07> <FuncUnit> <Opcode : 'add' 'sub'> <InPorts = 2> <OutPorts = 1>
ST_1 : Operation 1676 [1/1] (2.07ns)   --->   "%add_ln58_2359 = add i16 %mult_863, i16 %sext_ln17_708" [firmware/nnet_utils/nnet_dense_latency.h:58]   --->   Operation 1676 'add' 'add_ln58_2359' <Predicate = true> <Delay = 2.07> <CoreInst = "Adder">   --->   Core 1 'Adder' <Latency = 0> <II = 1> <Delay = 2.07> <FuncUnit> <Opcode : 'add' 'sub'> <InPorts = 2> <OutPorts = 1>
ST_1 : Operation 1677 [1/1] (0.00ns)   --->   "%sext_ln58_1341 = sext i16 %add_ln58_2359" [firmware/nnet_utils/nnet_dense_latency.h:58]   --->   Operation 1677 'sext' 'sext_ln58_1341' <Predicate = true> <Delay = 0.00>
ST_1 : Operation 1678 [1/1] (0.00ns) (grouped into TernaryAdder)   --->   "%add_ln58_2360 = add i17 %sext_ln58_1341, i17 %sext_ln58_196" [firmware/nnet_utils/nnet_dense_latency.h:58]   --->   Operation 1678 'add' 'add_ln58_2360' <Predicate = true> <Delay = 0.00> <CoreInst = "TAddSub">   --->   Core 10 'TAddSub' <Latency = 0> <II = 1> <Delay = 1.99> <IPBlock> <Opcode : '' 'add' 'sub'> <InPorts = 3> <OutPorts = 1> <Sync> <CReg>
ST_1 : Operation 1679 [1/1] (1.67ns)   --->   "%add_ln58_2361 = add i13 %add_ln17_2, i13 %sext_ln73_26" [firmware/nnet_utils/nnet_dense_latency.h:58]   --->   Operation 1679 'add' 'add_ln58_2361' <Predicate = true> <Delay = 1.67> <CoreInst = "Adder">   --->   Core 1 'Adder' <Latency = 0> <II = 1> <Delay = 1.67> <FuncUnit> <Opcode : 'add' 'sub'> <InPorts = 2> <OutPorts = 1>
ST_1 : Operation 1680 [1/1] (0.00ns)   --->   "%sext_ln58_1342 = sext i13 %add_ln58_2361" [firmware/nnet_utils/nnet_dense_latency.h:58]   --->   Operation 1680 'sext' 'sext_ln58_1342' <Predicate = true> <Delay = 0.00>
ST_1 : Operation 1681 [1/1] (1.67ns)   --->   "%sub_ln58_49 = sub i14 %sext_ln58_1342, i14 %sext_ln73_74" [firmware/nnet_utils/nnet_dense_latency.h:58]   --->   Operation 1681 'sub' 'sub_ln58_49' <Predicate = true> <Delay = 1.67> <CoreInst = "Adder">   --->   Core 1 'Adder' <Latency = 0> <II = 1> <Delay = 1.67> <FuncUnit> <Opcode : 'add' 'sub'> <InPorts = 2> <OutPorts = 1>
ST_1 : Operation 1682 [1/1] (0.00ns)   --->   "%sext_ln58_1343 = sext i14 %sub_ln58_49" [firmware/nnet_utils/nnet_dense_latency.h:58]   --->   Operation 1682 'sext' 'sext_ln58_1343' <Predicate = true> <Delay = 0.00>
ST_1 : Operation 1683 [1/1] (3.93ns) (root node of TernaryAdder)   --->   "%add_ln58_2362 = add i17 %sext_ln58_1343, i17 %add_ln58_2360" [firmware/nnet_utils/nnet_dense_latency.h:58]   --->   Operation 1683 'add' 'add_ln58_2362' <Predicate = true> <Delay = 3.93> <CoreInst = "TAddSub">   --->   Core 10 'TAddSub' <Latency = 0> <II = 1> <Delay = 1.99> <IPBlock> <Opcode : '' 'add' 'sub'> <InPorts = 3> <OutPorts = 1> <Sync> <CReg>
ST_1 : Operation 1684 [1/1] (0.00ns)   --->   "%sext_ln58_286 = sext i17 %add_ln58_2362" [firmware/nnet_utils/nnet_dense_latency.h:58]   --->   Operation 1684 'sext' 'sext_ln58_286' <Predicate = true> <Delay = 0.00>
ST_1 : Operation 1685 [1/1] (2.10ns)   --->   "%add_ln58_2363 = add i18 %sext_ln58_286, i18 %sext_ln17_741" [firmware/nnet_utils/nnet_dense_latency.h:58]   --->   Operation 1685 'add' 'add_ln58_2363' <Predicate = true> <Delay = 2.10> <CoreInst = "Adder">   --->   Core 1 'Adder' <Latency = 0> <II = 1> <Delay = 2.10> <FuncUnit> <Opcode : 'add' 'sub'> <InPorts = 2> <OutPorts = 1>
ST_1 : Operation 1686 [1/1] (3.87ns) (root node of TernaryAdder)   --->   "%add_ln58_2364 = add i15 %sub_ln17_27, i15 %mult_879" [firmware/nnet_utils/nnet_dense_latency.h:58]   --->   Operation 1686 'add' 'add_ln58_2364' <Predicate = true> <Delay = 3.87> <CoreInst = "TAddSub">   --->   Core 10 'TAddSub' <Latency = 0> <II = 1> <Delay = 1.99> <IPBlock> <Opcode : '' 'add' 'sub'> <InPorts = 3> <OutPorts = 1> <Sync> <CReg>
ST_1 : Operation 1687 [1/1] (0.00ns)   --->   "%sext_ln58_1344 = sext i15 %add_ln58_2364" [firmware/nnet_utils/nnet_dense_latency.h:58]   --->   Operation 1687 'sext' 'sext_ln58_1344' <Predicate = true> <Delay = 0.00>
ST_1 : Operation 1688 [1/1] (2.07ns)   --->   "%add_ln58_2365 = add i16 %sext_ln58_1344, i16 %mult_926" [firmware/nnet_utils/nnet_dense_latency.h:58]   --->   Operation 1688 'add' 'add_ln58_2365' <Predicate = true> <Delay = 2.07> <CoreInst = "Adder">   --->   Core 1 'Adder' <Latency = 0> <II = 1> <Delay = 2.07> <FuncUnit> <Opcode : 'add' 'sub'> <InPorts = 2> <OutPorts = 1>
ST_1 : Operation 1689 [1/1] (3.87ns) (root node of TernaryAdder)   --->   "%add_ln58_2367 = add i15 %mult_914, i15 %mult_948" [firmware/nnet_utils/nnet_dense_latency.h:58]   --->   Operation 1689 'add' 'add_ln58_2367' <Predicate = true> <Delay = 3.87> <CoreInst = "TAddSub">   --->   Core 10 'TAddSub' <Latency = 0> <II = 1> <Delay = 1.99> <IPBlock> <Opcode : '' 'add' 'sub'> <InPorts = 3> <OutPorts = 1> <Sync> <CReg>
ST_1 : Operation 1690 [1/1] (0.00ns)   --->   "%sext_ln58_1346 = sext i15 %add_ln58_2367" [firmware/nnet_utils/nnet_dense_latency.h:58]   --->   Operation 1690 'sext' 'sext_ln58_1346' <Predicate = true> <Delay = 0.00>
ST_1 : Operation 1691 [1/1] (0.00ns) (grouped into TernaryAdder)   --->   "%add_ln58_2368 = add i15 %sext_ln73_225, i15 %sext_ln17_776" [firmware/nnet_utils/nnet_dense_latency.h:58]   --->   Operation 1691 'add' 'add_ln58_2368' <Predicate = true> <Delay = 0.00> <CoreInst = "TAddSub">   --->   Core 10 'TAddSub' <Latency = 0> <II = 1> <Delay = 1.99> <IPBlock> <Opcode : '' 'add' 'sub'> <InPorts = 3> <OutPorts = 1> <Sync> <CReg>
ST_1 : Operation 1692 [1/1] (3.87ns) (root node of TernaryAdder)   --->   "%add_ln58_2369 = add i15 %add_ln58_2368, i15 %sext_ln17_734" [firmware/nnet_utils/nnet_dense_latency.h:58]   --->   Operation 1692 'add' 'add_ln58_2369' <Predicate = true> <Delay = 3.87> <CoreInst = "TAddSub">   --->   Core 10 'TAddSub' <Latency = 0> <II = 1> <Delay = 1.99> <IPBlock> <Opcode : '' 'add' 'sub'> <InPorts = 3> <OutPorts = 1> <Sync> <CReg>
ST_1 : Operation 1693 [1/1] (0.00ns)   --->   "%sext_ln58_1347 = sext i15 %add_ln58_2369" [firmware/nnet_utils/nnet_dense_latency.h:58]   --->   Operation 1693 'sext' 'sext_ln58_1347' <Predicate = true> <Delay = 0.00>
ST_1 : Operation 1694 [1/1] (1.94ns)   --->   "%add_ln58_2370 = add i16 %sext_ln58_1347, i16 %sext_ln58_1346" [firmware/nnet_utils/nnet_dense_latency.h:58]   --->   Operation 1694 'add' 'add_ln58_2370' <Predicate = true> <Delay = 1.94> <CoreInst = "Adder">   --->   Core 1 'Adder' <Latency = 0> <II = 1> <Delay = 1.94> <FuncUnit> <Opcode : 'add' 'sub'> <InPorts = 2> <OutPorts = 1>
ST_1 : Operation 1695 [1/1] (3.90ns) (root node of TernaryAdder)   --->   "%add_ln58_2372 = add i16 %mul_ln17_10, i16 %mult_981" [firmware/nnet_utils/nnet_dense_latency.h:58]   --->   Operation 1695 'add' 'add_ln58_2372' <Predicate = true> <Delay = 3.90> <CoreInst = "TAddSub">   --->   Core 10 'TAddSub' <Latency = 0> <II = 1> <Delay = 1.99> <IPBlock> <Opcode : '' 'add' 'sub'> <InPorts = 3> <OutPorts = 1> <Sync> <CReg>
ST_1 : Operation 1696 [1/1] (1.73ns)   --->   "%add_ln58_2374 = add i11 %sext_ln73_253, i11 %sext_ln73_283" [firmware/nnet_utils/nnet_dense_latency.h:58]   --->   Operation 1696 'add' 'add_ln58_2374' <Predicate = true> <Delay = 1.73> <CoreInst = "Adder">   --->   Core 1 'Adder' <Latency = 0> <II = 1> <Delay = 1.73> <FuncUnit> <Opcode : 'add' 'sub'> <InPorts = 2> <OutPorts = 1>
ST_1 : Operation 1697 [1/1] (3.90ns) (root node of TernaryAdder)   --->   "%add_ln58_2375 = add i16 %mult_1047, i16 %mul_ln73_346" [firmware/nnet_utils/nnet_dense_latency.h:58]   --->   Operation 1697 'add' 'add_ln58_2375' <Predicate = true> <Delay = 3.90> <CoreInst = "TAddSub">   --->   Core 10 'TAddSub' <Latency = 0> <II = 1> <Delay = 1.99> <IPBlock> <Opcode : '' 'add' 'sub'> <InPorts = 3> <OutPorts = 1> <Sync> <CReg>
ST_1 : Operation 1698 [1/1] (3.87ns) (root node of TernaryAdder)   --->   "%add_ln58_2378 = add i15 %mult_1056, i15 %sext_ln73_246" [firmware/nnet_utils/nnet_dense_latency.h:58]   --->   Operation 1698 'add' 'add_ln58_2378' <Predicate = true> <Delay = 3.87> <CoreInst = "TAddSub">   --->   Core 10 'TAddSub' <Latency = 0> <II = 1> <Delay = 1.99> <IPBlock> <Opcode : '' 'add' 'sub'> <InPorts = 3> <OutPorts = 1> <Sync> <CReg>
ST_1 : Operation 1699 [1/1] (0.00ns)   --->   "%sext_ln58_1353 = sext i15 %add_ln58_2378" [firmware/nnet_utils/nnet_dense_latency.h:58]   --->   Operation 1699 'sext' 'sext_ln58_1353' <Predicate = true> <Delay = 0.00>
ST_1 : Operation 1700 [1/1] (0.00ns) (grouped into TernaryAdder)   --->   "%add_ln58_2379 = add i16 %sext_ln58_1353, i16 %mult_1120" [firmware/nnet_utils/nnet_dense_latency.h:58]   --->   Operation 1700 'add' 'add_ln58_2379' <Predicate = true> <Delay = 0.00> <CoreInst = "TAddSub">   --->   Core 10 'TAddSub' <Latency = 0> <II = 1> <Delay = 1.99> <IPBlock> <Opcode : '' 'add' 'sub'> <InPorts = 3> <OutPorts = 1> <Sync> <CReg>
ST_1 : Operation 1701 [1/1] (0.00ns)   --->   "%sext_ln58_1400 = sext i12 %mult_1014" [firmware/nnet_utils/nnet_dense_latency.h:58]   --->   Operation 1701 'sext' 'sext_ln58_1400' <Predicate = true> <Delay = 0.00>
ST_1 : Operation 1702 [1/1] (0.00ns)   --->   "%sext_ln58_1401 = sext i13 %mult_1088" [firmware/nnet_utils/nnet_dense_latency.h:58]   --->   Operation 1702 'sext' 'sext_ln58_1401' <Predicate = true> <Delay = 0.00>
ST_1 : Operation 1703 [1/1] (0.00ns) (grouped into TernaryAdder)   --->   "%sub_ln58_50 = sub i14 %sext_ln58_1401, i14 %sext_ln58_1400" [firmware/nnet_utils/nnet_dense_latency.h:58]   --->   Operation 1703 'sub' 'sub_ln58_50' <Predicate = true> <Delay = 0.00> <CoreInst = "TAddSub">   --->   Core 10 'TAddSub' <Latency = 0> <II = 1> <Delay = 1.99> <IPBlock> <Opcode : '' 'add' 'sub'> <InPorts = 3> <OutPorts = 1> <Sync> <CReg>
ST_1 : Operation 1704 [1/1] (1.54ns)   --->   "%sub_ln58_51 = sub i13 %sext_ln17_818, i13 %sext_ln73_332" [firmware/nnet_utils/nnet_dense_latency.h:58]   --->   Operation 1704 'sub' 'sub_ln58_51' <Predicate = true> <Delay = 1.54> <CoreInst = "Adder">   --->   Core 1 'Adder' <Latency = 0> <II = 1> <Delay = 1.54> <FuncUnit> <Opcode : 'add' 'sub'> <InPorts = 2> <OutPorts = 1>
ST_1 : Operation 1705 [1/1] (0.00ns)   --->   "%sext_ln58_1354 = sext i13 %sub_ln58_51" [firmware/nnet_utils/nnet_dense_latency.h:58]   --->   Operation 1705 'sext' 'sext_ln58_1354' <Predicate = true> <Delay = 0.00>
ST_1 : Operation 1706 [1/1] (3.84ns) (root node of TernaryAdder)   --->   "%add_ln58_2380 = add i14 %sext_ln58_1354, i14 %sub_ln58_50" [firmware/nnet_utils/nnet_dense_latency.h:58]   --->   Operation 1706 'add' 'add_ln58_2380' <Predicate = true> <Delay = 3.84> <CoreInst = "TAddSub">   --->   Core 10 'TAddSub' <Latency = 0> <II = 1> <Delay = 1.99> <IPBlock> <Opcode : '' 'add' 'sub'> <InPorts = 3> <OutPorts = 1> <Sync> <CReg>
ST_1 : Operation 1707 [1/1] (0.00ns)   --->   "%sext_ln58_1355 = sext i14 %add_ln58_2380" [firmware/nnet_utils/nnet_dense_latency.h:58]   --->   Operation 1707 'sext' 'sext_ln58_1355' <Predicate = true> <Delay = 0.00>
ST_1 : Operation 1708 [1/1] (3.90ns) (root node of TernaryAdder)   --->   "%add_ln58_2381 = add i16 %sext_ln58_1355, i16 %add_ln58_2379" [firmware/nnet_utils/nnet_dense_latency.h:58]   --->   Operation 1708 'add' 'add_ln58_2381' <Predicate = true> <Delay = 3.90> <CoreInst = "TAddSub">   --->   Core 10 'TAddSub' <Latency = 0> <II = 1> <Delay = 1.99> <IPBlock> <Opcode : '' 'add' 'sub'> <InPorts = 3> <OutPorts = 1> <Sync> <CReg>
ST_1 : Operation 1709 [1/1] (0.00ns) (grouped into TernaryAdder)   --->   "%add_ln58_2385 = add i16 %mult_832, i16 %mult_896" [firmware/nnet_utils/nnet_dense_latency.h:58]   --->   Operation 1709 'add' 'add_ln58_2385' <Predicate = true> <Delay = 0.00> <CoreInst = "TAddSub">   --->   Core 10 'TAddSub' <Latency = 0> <II = 1> <Delay = 1.99> <IPBlock> <Opcode : '' 'add' 'sub'> <InPorts = 3> <OutPorts = 1> <Sync> <CReg>
ST_1 : Operation 1710 [1/1] (3.90ns) (root node of TernaryAdder)   --->   "%add_ln58_2386 = add i16 %add_ln58_2385, i16 %sext_ln58_1357" [firmware/nnet_utils/nnet_dense_latency.h:58]   --->   Operation 1710 'add' 'add_ln58_2386' <Predicate = true> <Delay = 3.90> <CoreInst = "TAddSub">   --->   Core 10 'TAddSub' <Latency = 0> <II = 1> <Delay = 1.99> <IPBlock> <Opcode : '' 'add' 'sub'> <InPorts = 3> <OutPorts = 1> <Sync> <CReg>
ST_1 : Operation 1711 [1/1] (1.73ns)   --->   "%add_ln58_2387 = add i11 %sext_ln73_305, i11 %sext_ln73_316" [firmware/nnet_utils/nnet_dense_latency.h:58]   --->   Operation 1711 'add' 'add_ln58_2387' <Predicate = true> <Delay = 1.73> <CoreInst = "Adder">   --->   Core 1 'Adder' <Latency = 0> <II = 1> <Delay = 1.73> <FuncUnit> <Opcode : 'add' 'sub'> <InPorts = 2> <OutPorts = 1>
ST_1 : Operation 1712 [1/1] (2.07ns)   --->   "%add_ln58_2388 = add i16 %mult_1089, i16 %sub_ln73_1108" [firmware/nnet_utils/nnet_dense_latency.h:58]   --->   Operation 1712 'add' 'add_ln58_2388' <Predicate = true> <Delay = 2.07> <CoreInst = "Adder">   --->   Core 1 'Adder' <Latency = 0> <II = 1> <Delay = 2.07> <FuncUnit> <Opcode : 'add' 'sub'> <InPorts = 2> <OutPorts = 1>
ST_1 : Operation 1713 [1/1] (3.87ns) (root node of TernaryAdder)   --->   "%add_ln58_2391 = add i15 %sub_ln17_36, i15 %mult_817" [firmware/nnet_utils/nnet_dense_latency.h:58]   --->   Operation 1713 'add' 'add_ln58_2391' <Predicate = true> <Delay = 3.87> <CoreInst = "TAddSub">   --->   Core 10 'TAddSub' <Latency = 0> <II = 1> <Delay = 1.99> <IPBlock> <Opcode : '' 'add' 'sub'> <InPorts = 3> <OutPorts = 1> <Sync> <CReg>
ST_1 : Operation 1714 [1/1] (0.00ns)   --->   "%sext_ln58_1361 = sext i15 %add_ln58_2391" [firmware/nnet_utils/nnet_dense_latency.h:58]   --->   Operation 1714 'sext' 'sext_ln58_1361' <Predicate = true> <Delay = 0.00>
ST_1 : Operation 1715 [1/1] (3.87ns) (root node of TernaryAdder)   --->   "%add_ln58_2392 = add i15 %mult_842, i15 %mult_880" [firmware/nnet_utils/nnet_dense_latency.h:58]   --->   Operation 1715 'add' 'add_ln58_2392' <Predicate = true> <Delay = 3.87> <CoreInst = "TAddSub">   --->   Core 10 'TAddSub' <Latency = 0> <II = 1> <Delay = 1.99> <IPBlock> <Opcode : '' 'add' 'sub'> <InPorts = 3> <OutPorts = 1> <Sync> <CReg>
ST_1 : Operation 1716 [1/1] (0.00ns)   --->   "%sext_ln58_1362 = sext i15 %add_ln58_2392" [firmware/nnet_utils/nnet_dense_latency.h:58]   --->   Operation 1716 'sext' 'sext_ln58_1362' <Predicate = true> <Delay = 0.00>
ST_1 : Operation 1717 [1/1] (1.94ns)   --->   "%add_ln58_2393 = add i16 %sext_ln58_1362, i16 %sext_ln58_1361" [firmware/nnet_utils/nnet_dense_latency.h:58]   --->   Operation 1717 'add' 'add_ln58_2393' <Predicate = true> <Delay = 1.94> <CoreInst = "Adder">   --->   Core 1 'Adder' <Latency = 0> <II = 1> <Delay = 1.94> <FuncUnit> <Opcode : 'add' 'sub'> <InPorts = 2> <OutPorts = 1>
ST_1 : Operation 1718 [1/1] (0.00ns)   --->   "%sext_ln58_1363 = sext i16 %add_ln58_2393" [firmware/nnet_utils/nnet_dense_latency.h:58]   --->   Operation 1718 'sext' 'sext_ln58_1363' <Predicate = true> <Delay = 0.00>
ST_1 : Operation 1719 [1/1] (3.87ns) (root node of TernaryAdder)   --->   "%add_ln58_2394 = add i15 %mult_961, i15 %mult_970" [firmware/nnet_utils/nnet_dense_latency.h:58]   --->   Operation 1719 'add' 'add_ln58_2394' <Predicate = true> <Delay = 3.87> <CoreInst = "TAddSub">   --->   Core 10 'TAddSub' <Latency = 0> <II = 1> <Delay = 1.99> <IPBlock> <Opcode : '' 'add' 'sub'> <InPorts = 3> <OutPorts = 1> <Sync> <CReg>
ST_1 : Operation 1720 [1/1] (0.00ns)   --->   "%sext_ln58_1364 = sext i15 %add_ln58_2394" [firmware/nnet_utils/nnet_dense_latency.h:58]   --->   Operation 1720 'sext' 'sext_ln58_1364' <Predicate = true> <Delay = 0.00>
ST_1 : Operation 1721 [1/1] (3.87ns) (root node of TernaryAdder)   --->   "%add_ln58_2395 = add i15 %mult_1016, i15 %mult_1058" [firmware/nnet_utils/nnet_dense_latency.h:58]   --->   Operation 1721 'add' 'add_ln58_2395' <Predicate = true> <Delay = 3.87> <CoreInst = "TAddSub">   --->   Core 10 'TAddSub' <Latency = 0> <II = 1> <Delay = 1.99> <IPBlock> <Opcode : '' 'add' 'sub'> <InPorts = 3> <OutPorts = 1> <Sync> <CReg>
ST_1 : Operation 1722 [1/1] (0.00ns)   --->   "%sext_ln58_1365 = sext i15 %add_ln58_2395" [firmware/nnet_utils/nnet_dense_latency.h:58]   --->   Operation 1722 'sext' 'sext_ln58_1365' <Predicate = true> <Delay = 0.00>
ST_1 : Operation 1723 [1/1] (1.94ns)   --->   "%add_ln58_2396 = add i16 %sext_ln58_1365, i16 %sext_ln58_1364" [firmware/nnet_utils/nnet_dense_latency.h:58]   --->   Operation 1723 'add' 'add_ln58_2396' <Predicate = true> <Delay = 1.94> <CoreInst = "Adder">   --->   Core 1 'Adder' <Latency = 0> <II = 1> <Delay = 1.94> <FuncUnit> <Opcode : 'add' 'sub'> <InPorts = 2> <OutPorts = 1>
ST_1 : Operation 1724 [1/1] (0.00ns)   --->   "%sext_ln58_1366 = sext i16 %add_ln58_2396" [firmware/nnet_utils/nnet_dense_latency.h:58]   --->   Operation 1724 'sext' 'sext_ln58_1366' <Predicate = true> <Delay = 0.00>
ST_1 : Operation 1725 [1/1] (2.07ns)   --->   "%add_ln58_2397 = add i17 %sext_ln58_1366, i17 %sext_ln58_1363" [firmware/nnet_utils/nnet_dense_latency.h:58]   --->   Operation 1725 'add' 'add_ln58_2397' <Predicate = true> <Delay = 2.07> <CoreInst = "Adder">   --->   Core 1 'Adder' <Latency = 0> <II = 1> <Delay = 2.07> <FuncUnit> <Opcode : 'add' 'sub'> <InPorts = 2> <OutPorts = 1>
ST_1 : Operation 1726 [1/1] (1.94ns)   --->   "%add_ln58_2399 = add i15 %mult_1111, i15 %sext_ln17_719" [firmware/nnet_utils/nnet_dense_latency.h:58]   --->   Operation 1726 'add' 'add_ln58_2399' <Predicate = true> <Delay = 1.94> <CoreInst = "Adder">   --->   Core 1 'Adder' <Latency = 0> <II = 1> <Delay = 1.94> <FuncUnit> <Opcode : 'add' 'sub'> <InPorts = 2> <OutPorts = 1>
ST_1 : Operation 1727 [1/1] (0.00ns)   --->   "%sext_ln58_1368 = sext i15 %add_ln58_2399" [firmware/nnet_utils/nnet_dense_latency.h:58]   --->   Operation 1727 'sext' 'sext_ln58_1368' <Predicate = true> <Delay = 0.00>
ST_1 : Operation 1728 [1/1] (0.00ns)   --->   "%sext_ln58_1407 = sext i14 %mult_865" [firmware/nnet_utils/nnet_dense_latency.h:58]   --->   Operation 1728 'sext' 'sext_ln58_1407' <Predicate = true> <Delay = 0.00>
ST_1 : Operation 1729 [1/1] (1.81ns)   --->   "%sub_ln58_52 = sub i15 %sext_ln58_1407, i15 %sext_ln73_176" [firmware/nnet_utils/nnet_dense_latency.h:58]   --->   Operation 1729 'sub' 'sub_ln58_52' <Predicate = true> <Delay = 1.81> <CoreInst = "Adder">   --->   Core 1 'Adder' <Latency = 0> <II = 1> <Delay = 1.81> <FuncUnit> <Opcode : 'add' 'sub'> <InPorts = 2> <OutPorts = 1>
ST_1 : Operation 1730 [1/1] (0.00ns)   --->   "%sext_ln58_1369 = sext i15 %sub_ln58_52" [firmware/nnet_utils/nnet_dense_latency.h:58]   --->   Operation 1730 'sext' 'sext_ln58_1369' <Predicate = true> <Delay = 0.00>
ST_1 : Operation 1731 [1/1] (0.00ns) (grouped into TernaryAdder)   --->   "%add_ln58_2400 = add i16 %sext_ln58_1369, i16 %sext_ln58_1368" [firmware/nnet_utils/nnet_dense_latency.h:58]   --->   Operation 1731 'add' 'add_ln58_2400' <Predicate = true> <Delay = 0.00> <CoreInst = "TAddSub">   --->   Core 10 'TAddSub' <Latency = 0> <II = 1> <Delay = 1.99> <IPBlock> <Opcode : '' 'add' 'sub'> <InPorts = 3> <OutPorts = 1> <Sync> <CReg>
ST_1 : Operation 1732 [1/1] (3.84ns) (root node of TernaryAdder)   --->   "%add_ln58_2401 = add i14 %mult_927, i14 %mult_980" [firmware/nnet_utils/nnet_dense_latency.h:58]   --->   Operation 1732 'add' 'add_ln58_2401' <Predicate = true> <Delay = 3.84> <CoreInst = "TAddSub">   --->   Core 10 'TAddSub' <Latency = 0> <II = 1> <Delay = 1.99> <IPBlock> <Opcode : '' 'add' 'sub'> <InPorts = 3> <OutPorts = 1> <Sync> <CReg>
ST_1 : Operation 1733 [1/1] (0.00ns)   --->   "%sext_ln58_1370 = sext i14 %add_ln58_2401" [firmware/nnet_utils/nnet_dense_latency.h:58]   --->   Operation 1733 'sext' 'sext_ln58_1370' <Predicate = true> <Delay = 0.00>
ST_1 : Operation 1734 [1/1] (0.00ns)   --->   "%sext_ln58_1408 = sext i13 %mult_938" [firmware/nnet_utils/nnet_dense_latency.h:58]   --->   Operation 1734 'sext' 'sext_ln58_1408' <Predicate = true> <Delay = 0.00>
ST_1 : Operation 1735 [1/1] (1.67ns)   --->   "%sub_ln58_53 = sub i14 %sext_ln58_1408, i14 %sext_ln73_193" [firmware/nnet_utils/nnet_dense_latency.h:58]   --->   Operation 1735 'sub' 'sub_ln58_53' <Predicate = true> <Delay = 1.67> <CoreInst = "Adder">   --->   Core 1 'Adder' <Latency = 0> <II = 1> <Delay = 1.67> <FuncUnit> <Opcode : 'add' 'sub'> <InPorts = 2> <OutPorts = 1>
ST_1 : Operation 1736 [1/1] (0.00ns)   --->   "%sext_ln58_1371 = sext i14 %sub_ln58_53" [firmware/nnet_utils/nnet_dense_latency.h:58]   --->   Operation 1736 'sext' 'sext_ln58_1371' <Predicate = true> <Delay = 0.00>
ST_1 : Operation 1737 [1/1] (1.81ns)   --->   "%add_ln58_2402 = add i15 %sext_ln58_1371, i15 %sext_ln58_1370" [firmware/nnet_utils/nnet_dense_latency.h:58]   --->   Operation 1737 'add' 'add_ln58_2402' <Predicate = true> <Delay = 1.81> <CoreInst = "Adder">   --->   Core 1 'Adder' <Latency = 0> <II = 1> <Delay = 1.81> <FuncUnit> <Opcode : 'add' 'sub'> <InPorts = 2> <OutPorts = 1>
ST_1 : Operation 1738 [1/1] (0.00ns)   --->   "%sext_ln58_1372 = sext i15 %add_ln58_2402" [firmware/nnet_utils/nnet_dense_latency.h:58]   --->   Operation 1738 'sext' 'sext_ln58_1372' <Predicate = true> <Delay = 0.00>
ST_1 : Operation 1739 [1/1] (3.90ns) (root node of TernaryAdder)   --->   "%add_ln58_2403 = add i16 %sext_ln58_1372, i16 %add_ln58_2400" [firmware/nnet_utils/nnet_dense_latency.h:58]   --->   Operation 1739 'add' 'add_ln58_2403' <Predicate = true> <Delay = 3.90> <CoreInst = "TAddSub">   --->   Core 10 'TAddSub' <Latency = 0> <II = 1> <Delay = 1.99> <IPBlock> <Opcode : '' 'add' 'sub'> <InPorts = 3> <OutPorts = 1> <Sync> <CReg>
ST_1 : Operation 1740 [1/1] (0.00ns)   --->   "%sext_ln58_1373 = sext i16 %add_ln58_2403" [firmware/nnet_utils/nnet_dense_latency.h:58]   --->   Operation 1740 'sext' 'sext_ln58_1373' <Predicate = true> <Delay = 0.00>
ST_1 : Operation 1741 [1/1] (0.00ns)   --->   "%sext_ln58_1409 = sext i12 %tmp_760" [firmware/nnet_utils/nnet_dense_latency.h:58]   --->   Operation 1741 'sext' 'sext_ln58_1409' <Predicate = true> <Delay = 0.00>
ST_1 : Operation 1742 [1/1] (1.67ns)   --->   "%sub_ln58_54 = sub i14 %sext_ln73_248, i14 %sext_ln58_1409" [firmware/nnet_utils/nnet_dense_latency.h:58]   --->   Operation 1742 'sub' 'sub_ln58_54' <Predicate = true> <Delay = 1.67> <CoreInst = "Adder">   --->   Core 1 'Adder' <Latency = 0> <II = 1> <Delay = 1.67> <FuncUnit> <Opcode : 'add' 'sub'> <InPorts = 2> <OutPorts = 1>
ST_1 : Operation 1743 [1/1] (0.00ns)   --->   "%sext_ln58_1374 = sext i14 %sub_ln58_54" [firmware/nnet_utils/nnet_dense_latency.h:58]   --->   Operation 1743 'sext' 'sext_ln58_1374' <Predicate = true> <Delay = 0.00>
ST_1 : Operation 1744 [1/1] (1.54ns)   --->   "%add_ln58_2404 = add i13 %sext_ln73_218, i13 %sext_ln17_795" [firmware/nnet_utils/nnet_dense_latency.h:58]   --->   Operation 1744 'add' 'add_ln58_2404' <Predicate = true> <Delay = 1.54> <CoreInst = "Adder">   --->   Core 1 'Adder' <Latency = 0> <II = 1> <Delay = 1.54> <FuncUnit> <Opcode : 'add' 'sub'> <InPorts = 2> <OutPorts = 1>
ST_1 : Operation 1745 [1/1] (0.00ns)   --->   "%sext_ln58_1375 = sext i13 %add_ln58_2404" [firmware/nnet_utils/nnet_dense_latency.h:58]   --->   Operation 1745 'sext' 'sext_ln58_1375' <Predicate = true> <Delay = 0.00>
ST_1 : Operation 1746 [1/1] (0.00ns) (grouped into TernaryAdder)   --->   "%add_ln58_2405 = add i15 %sext_ln58_1375, i15 %sext_ln58_1374" [firmware/nnet_utils/nnet_dense_latency.h:58]   --->   Operation 1746 'add' 'add_ln58_2405' <Predicate = true> <Delay = 0.00> <CoreInst = "TAddSub">   --->   Core 10 'TAddSub' <Latency = 0> <II = 1> <Delay = 1.99> <IPBlock> <Opcode : '' 'add' 'sub'> <InPorts = 3> <OutPorts = 1> <Sync> <CReg>
ST_1 : Operation 1747 [1/1] (0.00ns)   --->   "%sext_ln58_1376 = sext i10 %data_30_val_read" [firmware/nnet_utils/nnet_dense_latency.h:58]   --->   Operation 1747 'sext' 'sext_ln58_1376' <Predicate = true> <Delay = 0.00>
ST_1 : Operation 1748 [1/1] (1.63ns)   --->   "%sub_ln58_15 = sub i12 %sext_ln58_1181, i12 %sext_ln58_1376" [firmware/nnet_utils/nnet_dense_latency.h:58]   --->   Operation 1748 'sub' 'sub_ln58_15' <Predicate = true> <Delay = 1.63> <CoreInst = "Adder">   --->   Core 1 'Adder' <Latency = 0> <II = 1> <Delay = 1.63> <FuncUnit> <Opcode : 'add' 'sub'> <InPorts = 2> <OutPorts = 1>
ST_1 : Operation 1749 [1/1] (0.00ns)   --->   "%sext_ln58_1377 = sext i12 %sub_ln58_15" [firmware/nnet_utils/nnet_dense_latency.h:58]   --->   Operation 1749 'sext' 'sext_ln58_1377' <Predicate = true> <Delay = 0.00>
ST_1 : Operation 1750 [1/1] (1.73ns)   --->   "%add_ln58_2406 = add i11 %sext_ln17_699, i11 %sext_ln73_253" [firmware/nnet_utils/nnet_dense_latency.h:58]   --->   Operation 1750 'add' 'add_ln58_2406' <Predicate = true> <Delay = 1.73> <CoreInst = "Adder">   --->   Core 1 'Adder' <Latency = 0> <II = 1> <Delay = 1.73> <FuncUnit> <Opcode : 'add' 'sub'> <InPorts = 2> <OutPorts = 1>
ST_1 : Operation 1751 [1/1] (0.00ns)   --->   "%sext_ln58_1378 = sext i11 %add_ln58_2406" [firmware/nnet_utils/nnet_dense_latency.h:58]   --->   Operation 1751 'sext' 'sext_ln58_1378' <Predicate = true> <Delay = 0.00>
ST_1 : Operation 1752 [1/1] (1.54ns)   --->   "%add_ln58_2407 = add i13 %sext_ln58_1378, i13 %sext_ln58_1377" [firmware/nnet_utils/nnet_dense_latency.h:58]   --->   Operation 1752 'add' 'add_ln58_2407' <Predicate = true> <Delay = 1.54> <CoreInst = "Adder">   --->   Core 1 'Adder' <Latency = 0> <II = 1> <Delay = 1.54> <FuncUnit> <Opcode : 'add' 'sub'> <InPorts = 2> <OutPorts = 1>
ST_1 : Operation 1753 [1/1] (0.00ns)   --->   "%sext_ln58_1379 = sext i13 %add_ln58_2407" [firmware/nnet_utils/nnet_dense_latency.h:58]   --->   Operation 1753 'sext' 'sext_ln58_1379' <Predicate = true> <Delay = 0.00>
ST_1 : Operation 1754 [1/1] (3.87ns) (root node of TernaryAdder)   --->   "%add_ln58_2408 = add i15 %sext_ln58_1379, i15 %add_ln58_2405" [firmware/nnet_utils/nnet_dense_latency.h:58]   --->   Operation 1754 'add' 'add_ln58_2408' <Predicate = true> <Delay = 3.87> <CoreInst = "TAddSub">   --->   Core 10 'TAddSub' <Latency = 0> <II = 1> <Delay = 1.99> <IPBlock> <Opcode : '' 'add' 'sub'> <InPorts = 3> <OutPorts = 1> <Sync> <CReg>
ST_1 : Operation 1755 [1/1] (0.00ns)   --->   "%sext_ln58_1380 = sext i15 %add_ln58_2408" [firmware/nnet_utils/nnet_dense_latency.h:58]   --->   Operation 1755 'sext' 'sext_ln58_1380' <Predicate = true> <Delay = 0.00>
ST_1 : Operation 1756 [1/1] (2.07ns)   --->   "%add_ln58_2409 = add i17 %sext_ln58_1380, i17 %sext_ln58_1373" [firmware/nnet_utils/nnet_dense_latency.h:58]   --->   Operation 1756 'add' 'add_ln58_2409' <Predicate = true> <Delay = 2.07> <CoreInst = "Adder">   --->   Core 1 'Adder' <Latency = 0> <II = 1> <Delay = 2.07> <FuncUnit> <Opcode : 'add' 'sub'> <InPorts = 2> <OutPorts = 1>
ST_1 : Operation 1757 [1/1] (2.07ns)   --->   "%add_ln58_2412 = add i16 %mult_971, i16 %mult_983" [firmware/nnet_utils/nnet_dense_latency.h:58]   --->   Operation 1757 'add' 'add_ln58_2412' <Predicate = true> <Delay = 2.07> <CoreInst = "Adder">   --->   Core 1 'Adder' <Latency = 0> <II = 1> <Delay = 2.07> <FuncUnit> <Opcode : 'add' 'sub'> <InPorts = 2> <OutPorts = 1>
ST_1 : Operation 1758 [1/1] (3.90ns) (root node of TernaryAdder)   --->   "%add_ln58_2414 = add i16 %mult_996, i16 %mult_1039" [firmware/nnet_utils/nnet_dense_latency.h:58]   --->   Operation 1758 'add' 'add_ln58_2414' <Predicate = true> <Delay = 3.90> <CoreInst = "TAddSub">   --->   Core 10 'TAddSub' <Latency = 0> <II = 1> <Delay = 1.99> <IPBlock> <Opcode : '' 'add' 'sub'> <InPorts = 3> <OutPorts = 1> <Sync> <CReg>
ST_1 : Operation 1759 [1/1] (0.00ns)   --->   "%sext_ln58_1383 = sext i16 %add_ln58_2414" [firmware/nnet_utils/nnet_dense_latency.h:58]   --->   Operation 1759 'sext' 'sext_ln58_1383' <Predicate = true> <Delay = 0.00>
ST_1 : Operation 1760 [1/1] (3.90ns) (root node of TernaryAdder)   --->   "%add_ln58_2415 = add i16 %mult_1112, i16 %mult_1122" [firmware/nnet_utils/nnet_dense_latency.h:58]   --->   Operation 1760 'add' 'add_ln58_2415' <Predicate = true> <Delay = 3.90> <CoreInst = "TAddSub">   --->   Core 10 'TAddSub' <Latency = 0> <II = 1> <Delay = 1.99> <IPBlock> <Opcode : '' 'add' 'sub'> <InPorts = 3> <OutPorts = 1> <Sync> <CReg>
ST_1 : Operation 1761 [1/1] (3.90ns) (root node of TernaryAdder)   --->   "%add_ln58_2416 = add i16 %add_ln58_2415, i16 %mult_1090" [firmware/nnet_utils/nnet_dense_latency.h:58]   --->   Operation 1761 'add' 'add_ln58_2416' <Predicate = true> <Delay = 3.90> <CoreInst = "TAddSub">   --->   Core 10 'TAddSub' <Latency = 0> <II = 1> <Delay = 1.99> <IPBlock> <Opcode : '' 'add' 'sub'> <InPorts = 3> <OutPorts = 1> <Sync> <CReg>
ST_1 : Operation 1762 [1/1] (0.00ns)   --->   "%sext_ln58_1384 = sext i16 %add_ln58_2416" [firmware/nnet_utils/nnet_dense_latency.h:58]   --->   Operation 1762 'sext' 'sext_ln58_1384' <Predicate = true> <Delay = 0.00>
ST_1 : Operation 1763 [1/1] (2.07ns)   --->   "%add_ln58_2417 = add i17 %sext_ln58_1384, i17 %sext_ln58_1383" [firmware/nnet_utils/nnet_dense_latency.h:58]   --->   Operation 1763 'add' 'add_ln58_2417' <Predicate = true> <Delay = 2.07> <CoreInst = "Adder">   --->   Core 1 'Adder' <Latency = 0> <II = 1> <Delay = 2.07> <FuncUnit> <Opcode : 'add' 'sub'> <InPorts = 2> <OutPorts = 1>
ST_1 : Operation 1764 [1/1] (3.87ns) (root node of TernaryAdder)   --->   "%add_ln58_2419 = add i15 %sub_ln73_1057, i15 %mult_1071" [firmware/nnet_utils/nnet_dense_latency.h:58]   --->   Operation 1764 'add' 'add_ln58_2419' <Predicate = true> <Delay = 3.87> <CoreInst = "TAddSub">   --->   Core 10 'TAddSub' <Latency = 0> <II = 1> <Delay = 1.99> <IPBlock> <Opcode : '' 'add' 'sub'> <InPorts = 3> <OutPorts = 1> <Sync> <CReg>
ST_1 : Operation 1765 [1/1] (0.00ns)   --->   "%sext_ln58_1386 = sext i15 %add_ln58_2419" [firmware/nnet_utils/nnet_dense_latency.h:58]   --->   Operation 1765 'sext' 'sext_ln58_1386' <Predicate = true> <Delay = 0.00>
ST_1 : Operation 1766 [1/1] (3.84ns) (root node of TernaryAdder)   --->   "%add_ln58_2420 = add i14 %sub_ln17_34, i14 %mult_1006" [firmware/nnet_utils/nnet_dense_latency.h:58]   --->   Operation 1766 'add' 'add_ln58_2420' <Predicate = true> <Delay = 3.84> <CoreInst = "TAddSub">   --->   Core 10 'TAddSub' <Latency = 0> <II = 1> <Delay = 1.99> <IPBlock> <Opcode : '' 'add' 'sub'> <InPorts = 3> <OutPorts = 1> <Sync> <CReg>
ST_1 : Operation 1767 [1/1] (0.00ns)   --->   "%sext_ln58_1387 = sext i14 %add_ln58_2420" [firmware/nnet_utils/nnet_dense_latency.h:58]   --->   Operation 1767 'sext' 'sext_ln58_1387' <Predicate = true> <Delay = 0.00>
ST_1 : Operation 1768 [1/1] (0.00ns) (grouped into TernaryAdder)   --->   "%add_ln58_2421 = add i16 %sext_ln58_1387, i16 %sext_ln58_1386" [firmware/nnet_utils/nnet_dense_latency.h:58]   --->   Operation 1768 'add' 'add_ln58_2421' <Predicate = true> <Delay = 0.00> <CoreInst = "TAddSub">   --->   Core 10 'TAddSub' <Latency = 0> <II = 1> <Delay = 1.99> <IPBlock> <Opcode : '' 'add' 'sub'> <InPorts = 3> <OutPorts = 1> <Sync> <CReg>
ST_1 : Operation 1769 [1/1] (3.84ns) (root node of TernaryAdder)   --->   "%add_ln58_2422 = add i14 %mult_1017, i14 %mult_1048" [firmware/nnet_utils/nnet_dense_latency.h:58]   --->   Operation 1769 'add' 'add_ln58_2422' <Predicate = true> <Delay = 3.84> <CoreInst = "TAddSub">   --->   Core 10 'TAddSub' <Latency = 0> <II = 1> <Delay = 1.99> <IPBlock> <Opcode : '' 'add' 'sub'> <InPorts = 3> <OutPorts = 1> <Sync> <CReg>
ST_1 : Operation 1770 [1/1] (0.00ns)   --->   "%sext_ln58_1388 = sext i14 %add_ln58_2422" [firmware/nnet_utils/nnet_dense_latency.h:58]   --->   Operation 1770 'sext' 'sext_ln58_1388' <Predicate = true> <Delay = 0.00>
ST_1 : Operation 1771 [1/1] (0.00ns) (grouped into TernaryAdder)   --->   "%add_ln58_2423 = add i14 %mult_1079, i14 %sext_ln17_825" [firmware/nnet_utils/nnet_dense_latency.h:58]   --->   Operation 1771 'add' 'add_ln58_2423' <Predicate = true> <Delay = 0.00> <CoreInst = "TAddSub">   --->   Core 10 'TAddSub' <Latency = 0> <II = 1> <Delay = 1.99> <IPBlock> <Opcode : '' 'add' 'sub'> <InPorts = 3> <OutPorts = 1> <Sync> <CReg>
ST_1 : Operation 1772 [1/1] (3.84ns) (root node of TernaryAdder)   --->   "%add_ln58_2424 = add i14 %add_ln58_2423, i14 %mult_1059" [firmware/nnet_utils/nnet_dense_latency.h:58]   --->   Operation 1772 'add' 'add_ln58_2424' <Predicate = true> <Delay = 3.84> <CoreInst = "TAddSub">   --->   Core 10 'TAddSub' <Latency = 0> <II = 1> <Delay = 1.99> <IPBlock> <Opcode : '' 'add' 'sub'> <InPorts = 3> <OutPorts = 1> <Sync> <CReg>
ST_1 : Operation 1773 [1/1] (0.00ns)   --->   "%sext_ln58_1389 = sext i14 %add_ln58_2424" [firmware/nnet_utils/nnet_dense_latency.h:58]   --->   Operation 1773 'sext' 'sext_ln58_1389' <Predicate = true> <Delay = 0.00>
ST_1 : Operation 1774 [1/1] (1.81ns)   --->   "%add_ln58_2425 = add i15 %sext_ln58_1389, i15 %sext_ln58_1388" [firmware/nnet_utils/nnet_dense_latency.h:58]   --->   Operation 1774 'add' 'add_ln58_2425' <Predicate = true> <Delay = 1.81> <CoreInst = "Adder">   --->   Core 1 'Adder' <Latency = 0> <II = 1> <Delay = 1.81> <FuncUnit> <Opcode : 'add' 'sub'> <InPorts = 2> <OutPorts = 1>
ST_1 : Operation 1775 [1/1] (0.00ns)   --->   "%sext_ln58_1390 = sext i15 %add_ln58_2425" [firmware/nnet_utils/nnet_dense_latency.h:58]   --->   Operation 1775 'sext' 'sext_ln58_1390' <Predicate = true> <Delay = 0.00>
ST_1 : Operation 1776 [1/1] (3.90ns) (root node of TernaryAdder)   --->   "%add_ln58_2426 = add i16 %sext_ln58_1390, i16 %add_ln58_2421" [firmware/nnet_utils/nnet_dense_latency.h:58]   --->   Operation 1776 'add' 'add_ln58_2426' <Predicate = true> <Delay = 3.90> <CoreInst = "TAddSub">   --->   Core 10 'TAddSub' <Latency = 0> <II = 1> <Delay = 1.99> <IPBlock> <Opcode : '' 'add' 'sub'> <InPorts = 3> <OutPorts = 1> <Sync> <CReg>

State 2 <SV = 1> <Delay = 16.1>
ST_2 : Operation 1777 [1/1] (0.00ns)   --->   "%sext_ln73_147 = sext i15 %tmp_691" [firmware/nnet_utils/nnet_mult.h:73->firmware/nnet_utils/nnet_dense_latency.h:42]   --->   Operation 1777 'sext' 'sext_ln73_147' <Predicate = true> <Delay = 0.00>
ST_2 : Operation 1778 [1/1] (0.00ns)   --->   "%sext_ln73_148 = sext i11 %mult_844" [firmware/nnet_utils/nnet_mult.h:73->firmware/nnet_utils/nnet_dense_latency.h:42]   --->   Operation 1778 'sext' 'sext_ln73_148' <Predicate = true> <Delay = 0.00>
ST_2 : Operation 1779 [1/1] (0.00ns) (grouped into TernaryAdder)   --->   "%mult_839 = add i17 %sext_ln73_147, i17 %sext_ln73_148" [firmware/nnet_utils/nnet_mult.h:73->firmware/nnet_utils/nnet_dense_latency.h:42]   --->   Operation 1779 'add' 'mult_839' <Predicate = true> <Delay = 0.00> <CoreInst = "TAddSub">   --->   Core 10 'TAddSub' <Latency = 0> <II = 1> <Delay = 1.99> <IPBlock> <Opcode : '' 'add' 'sub'> <InPorts = 3> <OutPorts = 1> <Sync> <CReg>
ST_2 : Operation 1780 [1/1] (0.00ns)   --->   "%sext_ln17_717 = sext i16 %mult_849" [firmware/nnet_utils/nnet_dense_latency.h:17]   --->   Operation 1780 'sext' 'sext_ln17_717' <Predicate = true> <Delay = 0.00>
ST_2 : Operation 1781 [1/1] (0.00ns)   --->   "%sext_ln17_725 = sext i16 %mult_868" [firmware/nnet_utils/nnet_dense_latency.h:17]   --->   Operation 1781 'sext' 'sext_ln17_725' <Predicate = true> <Delay = 0.00>
ST_2 : Operation 1782 [1/1] (0.00ns)   --->   "%sext_ln17_727 = sext i17 %mult_874" [firmware/nnet_utils/nnet_dense_latency.h:17]   --->   Operation 1782 'sext' 'sext_ln17_727' <Predicate = true> <Delay = 0.00>
ST_2 : Operation 1783 [1/1] (0.00ns)   --->   "%sext_ln17_755 = sext i17 %mult_924" [firmware/nnet_utils/nnet_dense_latency.h:17]   --->   Operation 1783 'sext' 'sext_ln17_755' <Predicate = true> <Delay = 0.00>
ST_2 : Operation 1784 [1/1] (0.00ns)   --->   "%sext_ln17_761 = sext i16 %mult_933" [firmware/nnet_utils/nnet_dense_latency.h:17]   --->   Operation 1784 'sext' 'sext_ln17_761' <Predicate = true> <Delay = 0.00>
ST_2 : Operation 1785 [1/1] (0.00ns)   --->   "%sext_ln17_768 = sext i16 %mult_951" [firmware/nnet_utils/nnet_dense_latency.h:17]   --->   Operation 1785 'sext' 'sext_ln17_768' <Predicate = true> <Delay = 0.00>
ST_2 : Operation 1786 [1/1] (0.00ns)   --->   "%sext_ln17_773 = sext i16 %mult_962" [firmware/nnet_utils/nnet_dense_latency.h:17]   --->   Operation 1786 'sext' 'sext_ln17_773' <Predicate = true> <Delay = 0.00>
ST_2 : Operation 1787 [1/1] (0.00ns)   --->   "%sext_ln17_786 = sext i17 %mult_998" [firmware/nnet_utils/nnet_dense_latency.h:17]   --->   Operation 1787 'sext' 'sext_ln17_786' <Predicate = true> <Delay = 0.00>
ST_2 : Operation 1788 [1/1] (0.00ns)   --->   "%sext_ln17_796 = sext i17 %mult_1031" [firmware/nnet_utils/nnet_dense_latency.h:17]   --->   Operation 1788 'sext' 'sext_ln17_796' <Predicate = true> <Delay = 0.00>
ST_2 : Operation 1789 [1/1] (0.00ns)   --->   "%sext_ln17_797 = sext i17 %mult_1033" [firmware/nnet_utils/nnet_dense_latency.h:17]   --->   Operation 1789 'sext' 'sext_ln17_797' <Predicate = true> <Delay = 0.00>
ST_2 : Operation 1790 [1/1] (0.00ns)   --->   "%sext_ln17_813 = sext i16 %mult_1096" [firmware/nnet_utils/nnet_dense_latency.h:17]   --->   Operation 1790 'sext' 'sext_ln17_813' <Predicate = true> <Delay = 0.00>
ST_2 : Operation 1791 [1/1] (0.00ns)   --->   "%sext_ln17_815 = sext i15 %mult_1099" [firmware/nnet_utils/nnet_dense_latency.h:17]   --->   Operation 1791 'sext' 'sext_ln17_815' <Predicate = true> <Delay = 0.00>
ST_2 : Operation 1792 [1/1] (0.00ns)   --->   "%sext_ln17_824 = sext i16 %mult_1126" [firmware/nnet_utils/nnet_dense_latency.h:17]   --->   Operation 1792 'sext' 'sext_ln17_824' <Predicate = true> <Delay = 0.00>
ST_2 : Operation 1793 [1/1] (0.00ns)   --->   "%sext_ln17_828 = sext i17 %mult_1133" [firmware/nnet_utils/nnet_dense_latency.h:17]   --->   Operation 1793 'sext' 'sext_ln17_828' <Predicate = true> <Delay = 0.00>
ST_2 : Operation 1794 [1/1] (0.00ns)   --->   "%sext_ln17_829 = sext i16 %mult_1134" [firmware/nnet_utils/nnet_dense_latency.h:17]   --->   Operation 1794 'sext' 'sext_ln17_829' <Predicate = true> <Delay = 0.00>
ST_2 : Operation 1795 [1/1] (0.00ns)   --->   "%sext_ln17_830 = sext i16 %mult_1135" [firmware/nnet_utils/nnet_dense_latency.h:17]   --->   Operation 1795 'sext' 'sext_ln17_830' <Predicate = true> <Delay = 0.00>
ST_2 : Operation 1796 [1/1] (0.00ns)   --->   "%sext_ln58_203 = sext i16 %add_ln58_1994" [firmware/nnet_utils/nnet_dense_latency.h:58]   --->   Operation 1796 'sext' 'sext_ln58_203' <Predicate = true> <Delay = 0.00>
ST_2 : Operation 1797 [1/1] (0.00ns)   --->   "%sext_ln58_206 = sext i17 %add_ln58_2003" [firmware/nnet_utils/nnet_dense_latency.h:58]   --->   Operation 1797 'sext' 'sext_ln58_206' <Predicate = true> <Delay = 0.00>
ST_2 : Operation 1798 [1/1] (0.00ns)   --->   "%sext_ln58_207 = sext i17 %add_ln58_2006" [firmware/nnet_utils/nnet_dense_latency.h:58]   --->   Operation 1798 'sext' 'sext_ln58_207' <Predicate = true> <Delay = 0.00>
ST_2 : Operation 1799 [1/1] (0.00ns) (grouped into TernaryAdder)   --->   "%add_ln58_2029 = add i17 %sext_ln58_203, i17 %sext_ln17_725" [firmware/nnet_utils/nnet_dense_latency.h:58]   --->   Operation 1799 'add' 'add_ln58_2029' <Predicate = true> <Delay = 0.00> <CoreInst = "TAddSub">   --->   Core 10 'TAddSub' <Latency = 0> <II = 1> <Delay = 1.99> <IPBlock> <Opcode : '' 'add' 'sub'> <InPorts = 3> <OutPorts = 1> <Sync> <CReg>
ST_2 : Operation 1800 [1/1] (0.00ns)   --->   "%sext_ln58_1123 = sext i15 %add_ln58_2031" [firmware/nnet_utils/nnet_dense_latency.h:58]   --->   Operation 1800 'sext' 'sext_ln58_1123' <Predicate = true> <Delay = 0.00>
ST_2 : Operation 1801 [1/1] (3.93ns) (root node of TernaryAdder)   --->   "%add_ln58_2032 = add i17 %sext_ln58_1123, i17 %add_ln58_2029" [firmware/nnet_utils/nnet_dense_latency.h:58]   --->   Operation 1801 'add' 'add_ln58_2032' <Predicate = true> <Delay = 3.93> <CoreInst = "TAddSub">   --->   Core 10 'TAddSub' <Latency = 0> <II = 1> <Delay = 1.99> <IPBlock> <Opcode : '' 'add' 'sub'> <InPorts = 3> <OutPorts = 1> <Sync> <CReg>
ST_2 : Operation 1802 [1/1] (0.00ns)   --->   "%sext_ln58_214 = sext i17 %add_ln58_2032" [firmware/nnet_utils/nnet_dense_latency.h:58]   --->   Operation 1802 'sext' 'sext_ln58_214' <Predicate = true> <Delay = 0.00>
ST_2 : Operation 1803 [1/1] (0.00ns)   --->   "%sext_ln58_215 = sext i17 %add_ln58_2036" [firmware/nnet_utils/nnet_dense_latency.h:58]   --->   Operation 1803 'sext' 'sext_ln58_215' <Predicate = true> <Delay = 0.00>
ST_2 : Operation 1804 [1/1] (0.00ns)   --->   "%sext_ln58_1129 = sext i17 %add_ln58_2041" [firmware/nnet_utils/nnet_dense_latency.h:58]   --->   Operation 1804 'sext' 'sext_ln58_1129' <Predicate = true> <Delay = 0.00>
ST_2 : Operation 1805 [1/1] (0.00ns) (grouped into TernaryAdder)   --->   "%add_ln58_2042 = add i18 %sext_ln58_1129, i18 %sext_ln58_206" [firmware/nnet_utils/nnet_dense_latency.h:58]   --->   Operation 1805 'add' 'add_ln58_2042' <Predicate = true> <Delay = 0.00> <CoreInst = "TAddSub">   --->   Core 10 'TAddSub' <Latency = 0> <II = 1> <Delay = 1.99> <IPBlock> <Opcode : '' 'add' 'sub'> <InPorts = 3> <OutPorts = 1> <Sync> <CReg>
ST_2 : Operation 1806 [1/1] (0.00ns)   --->   "%sext_ln58_1132 = sext i16 %add_ln58_2044" [firmware/nnet_utils/nnet_dense_latency.h:58]   --->   Operation 1806 'sext' 'sext_ln58_1132' <Predicate = true> <Delay = 0.00>
ST_2 : Operation 1807 [1/1] (3.96ns) (root node of TernaryAdder)   --->   "%add_ln58_2045 = add i18 %sext_ln58_1132, i18 %add_ln58_2042" [firmware/nnet_utils/nnet_dense_latency.h:58]   --->   Operation 1807 'add' 'add_ln58_2045' <Predicate = true> <Delay = 3.96> <CoreInst = "TAddSub">   --->   Core 10 'TAddSub' <Latency = 0> <II = 1> <Delay = 1.99> <IPBlock> <Opcode : '' 'add' 'sub'> <InPorts = 3> <OutPorts = 1> <Sync> <CReg>
ST_2 : Operation 1808 [1/1] (0.00ns)   --->   "%sext_ln58_217 = sext i18 %add_ln58_2045" [firmware/nnet_utils/nnet_dense_latency.h:58]   --->   Operation 1808 'sext' 'sext_ln58_217' <Predicate = true> <Delay = 0.00>
ST_2 : Operation 1809 [1/1] (0.00ns)   --->   "%sext_ln58_218 = sext i17 %add_ln58_2051" [firmware/nnet_utils/nnet_dense_latency.h:58]   --->   Operation 1809 'sext' 'sext_ln58_218' <Predicate = true> <Delay = 0.00>
ST_2 : Operation 1810 [1/1] (0.00ns)   --->   "%sext_ln58_1136 = sext i16 %add_ln58_2053" [firmware/nnet_utils/nnet_dense_latency.h:58]   --->   Operation 1810 'sext' 'sext_ln58_1136' <Predicate = true> <Delay = 0.00>
ST_2 : Operation 1811 [1/1] (0.00ns) (grouped into TernaryAdder)   --->   "%add_ln58_2054 = add i18 %sext_ln58_1136, i18 %add_ln58_2052" [firmware/nnet_utils/nnet_dense_latency.h:58]   --->   Operation 1811 'add' 'add_ln58_2054' <Predicate = true> <Delay = 0.00> <CoreInst = "TAddSub">   --->   Core 10 'TAddSub' <Latency = 0> <II = 1> <Delay = 1.99> <IPBlock> <Opcode : '' 'add' 'sub'> <InPorts = 3> <OutPorts = 1> <Sync> <CReg>
ST_2 : Operation 1812 [1/1] (0.00ns)   --->   "%sext_ln58_1139 = sext i16 %add_ln58_2056" [firmware/nnet_utils/nnet_dense_latency.h:58]   --->   Operation 1812 'sext' 'sext_ln58_1139' <Predicate = true> <Delay = 0.00>
ST_2 : Operation 1813 [1/1] (3.96ns) (root node of TernaryAdder)   --->   "%add_ln58_2057 = add i18 %sext_ln58_1139, i18 %add_ln58_2054" [firmware/nnet_utils/nnet_dense_latency.h:58]   --->   Operation 1813 'add' 'add_ln58_2057' <Predicate = true> <Delay = 3.96> <CoreInst = "TAddSub">   --->   Core 10 'TAddSub' <Latency = 0> <II = 1> <Delay = 1.99> <IPBlock> <Opcode : '' 'add' 'sub'> <InPorts = 3> <OutPorts = 1> <Sync> <CReg>
ST_2 : Operation 1814 [1/1] (0.00ns)   --->   "%sext_ln58_219 = sext i18 %add_ln58_2057" [firmware/nnet_utils/nnet_dense_latency.h:58]   --->   Operation 1814 'sext' 'sext_ln58_219' <Predicate = true> <Delay = 0.00>
ST_2 : Operation 1815 [1/1] (0.00ns)   --->   "%sext_ln58_1140 = sext i16 %add_ln58_2059" [firmware/nnet_utils/nnet_dense_latency.h:58]   --->   Operation 1815 'sext' 'sext_ln58_1140' <Predicate = true> <Delay = 0.00>
ST_2 : Operation 1816 [1/1] (0.00ns) (grouped into TernaryAdder)   --->   "%add_ln58_2060 = add i18 %sext_ln58_1140, i18 %add_ln58_2058" [firmware/nnet_utils/nnet_dense_latency.h:58]   --->   Operation 1816 'add' 'add_ln58_2060' <Predicate = true> <Delay = 0.00> <CoreInst = "TAddSub">   --->   Core 10 'TAddSub' <Latency = 0> <II = 1> <Delay = 1.99> <IPBlock> <Opcode : '' 'add' 'sub'> <InPorts = 3> <OutPorts = 1> <Sync> <CReg>
ST_2 : Operation 1817 [1/1] (0.00ns)   --->   "%sext_ln58_1144 = sext i15 %add_ln58_2063" [firmware/nnet_utils/nnet_dense_latency.h:58]   --->   Operation 1817 'sext' 'sext_ln58_1144' <Predicate = true> <Delay = 0.00>
ST_2 : Operation 1818 [1/1] (3.96ns) (root node of TernaryAdder)   --->   "%add_ln58_2064 = add i18 %sext_ln58_1144, i18 %add_ln58_2060" [firmware/nnet_utils/nnet_dense_latency.h:58]   --->   Operation 1818 'add' 'add_ln58_2064' <Predicate = true> <Delay = 3.96> <CoreInst = "TAddSub">   --->   Core 10 'TAddSub' <Latency = 0> <II = 1> <Delay = 1.99> <IPBlock> <Opcode : '' 'add' 'sub'> <InPorts = 3> <OutPorts = 1> <Sync> <CReg>
ST_2 : Operation 1819 [1/1] (0.00ns)   --->   "%sext_ln58_220 = sext i18 %add_ln58_2064" [firmware/nnet_utils/nnet_dense_latency.h:58]   --->   Operation 1819 'sext' 'sext_ln58_220' <Predicate = true> <Delay = 0.00>
ST_2 : Operation 1820 [1/1] (0.00ns)   --->   "%sext_ln58_1146 = sext i16 %add_ln58_2067" [firmware/nnet_utils/nnet_dense_latency.h:58]   --->   Operation 1820 'sext' 'sext_ln58_1146' <Predicate = true> <Delay = 0.00>
ST_2 : Operation 1821 [1/1] (0.00ns) (grouped into TernaryAdder)   --->   "%add_ln58_2068 = add i18 %sext_ln58_1146, i18 %add_ln58_2065" [firmware/nnet_utils/nnet_dense_latency.h:58]   --->   Operation 1821 'add' 'add_ln58_2068' <Predicate = true> <Delay = 0.00> <CoreInst = "TAddSub">   --->   Core 10 'TAddSub' <Latency = 0> <II = 1> <Delay = 1.99> <IPBlock> <Opcode : '' 'add' 'sub'> <InPorts = 3> <OutPorts = 1> <Sync> <CReg>
ST_2 : Operation 1822 [1/1] (0.00ns)   --->   "%sext_ln58_1149 = sext i16 %add_ln58_2072" [firmware/nnet_utils/nnet_dense_latency.h:58]   --->   Operation 1822 'sext' 'sext_ln58_1149' <Predicate = true> <Delay = 0.00>
ST_2 : Operation 1823 [1/1] (3.96ns) (root node of TernaryAdder)   --->   "%add_ln58_2073 = add i18 %sext_ln58_1149, i18 %add_ln58_2068" [firmware/nnet_utils/nnet_dense_latency.h:58]   --->   Operation 1823 'add' 'add_ln58_2073' <Predicate = true> <Delay = 3.96> <CoreInst = "TAddSub">   --->   Core 10 'TAddSub' <Latency = 0> <II = 1> <Delay = 1.99> <IPBlock> <Opcode : '' 'add' 'sub'> <InPorts = 3> <OutPorts = 1> <Sync> <CReg>
ST_2 : Operation 1824 [1/1] (0.00ns)   --->   "%sext_ln58_221 = sext i18 %add_ln58_2073" [firmware/nnet_utils/nnet_dense_latency.h:58]   --->   Operation 1824 'sext' 'sext_ln58_221' <Predicate = true> <Delay = 0.00>
ST_2 : Operation 1825 [1/1] (0.00ns)   --->   "%sext_ln58_1151 = sext i16 %add_ln58_2075" [firmware/nnet_utils/nnet_dense_latency.h:58]   --->   Operation 1825 'sext' 'sext_ln58_1151' <Predicate = true> <Delay = 0.00>
ST_2 : Operation 1826 [1/1] (0.00ns) (grouped into TernaryAdder)   --->   "%add_ln58_2076 = add i18 %sext_ln58_1151, i18 %add_ln58_2074" [firmware/nnet_utils/nnet_dense_latency.h:58]   --->   Operation 1826 'add' 'add_ln58_2076' <Predicate = true> <Delay = 0.00> <CoreInst = "TAddSub">   --->   Core 10 'TAddSub' <Latency = 0> <II = 1> <Delay = 1.99> <IPBlock> <Opcode : '' 'add' 'sub'> <InPorts = 3> <OutPorts = 1> <Sync> <CReg>
ST_2 : Operation 1827 [1/1] (0.00ns)   --->   "%sext_ln58_1155 = sext i16 %add_ln58_2080" [firmware/nnet_utils/nnet_dense_latency.h:58]   --->   Operation 1827 'sext' 'sext_ln58_1155' <Predicate = true> <Delay = 0.00>
ST_2 : Operation 1828 [1/1] (3.96ns) (root node of TernaryAdder)   --->   "%add_ln58_2081 = add i18 %sext_ln58_1155, i18 %add_ln58_2076" [firmware/nnet_utils/nnet_dense_latency.h:58]   --->   Operation 1828 'add' 'add_ln58_2081' <Predicate = true> <Delay = 3.96> <CoreInst = "TAddSub">   --->   Core 10 'TAddSub' <Latency = 0> <II = 1> <Delay = 1.99> <IPBlock> <Opcode : '' 'add' 'sub'> <InPorts = 3> <OutPorts = 1> <Sync> <CReg>
ST_2 : Operation 1829 [1/1] (0.00ns)   --->   "%sext_ln58_222 = sext i18 %add_ln58_2081" [firmware/nnet_utils/nnet_dense_latency.h:58]   --->   Operation 1829 'sext' 'sext_ln58_222' <Predicate = true> <Delay = 0.00>
ST_2 : Operation 1830 [1/1] (0.00ns)   --->   "%sext_ln58_1157 = sext i16 %add_ln58_2084" [firmware/nnet_utils/nnet_dense_latency.h:58]   --->   Operation 1830 'sext' 'sext_ln58_1157' <Predicate = true> <Delay = 0.00>
ST_2 : Operation 1831 [1/1] (0.00ns) (grouped into TernaryAdder)   --->   "%add_ln58_2085 = add i18 %sext_ln58_1157, i18 %add_ln58_2082" [firmware/nnet_utils/nnet_dense_latency.h:58]   --->   Operation 1831 'add' 'add_ln58_2085' <Predicate = true> <Delay = 0.00> <CoreInst = "TAddSub">   --->   Core 10 'TAddSub' <Latency = 0> <II = 1> <Delay = 1.99> <IPBlock> <Opcode : '' 'add' 'sub'> <InPorts = 3> <OutPorts = 1> <Sync> <CReg>
ST_2 : Operation 1832 [1/1] (0.00ns)   --->   "%sext_ln58_1162 = sext i16 %add_ln58_2087" [firmware/nnet_utils/nnet_dense_latency.h:58]   --->   Operation 1832 'sext' 'sext_ln58_1162' <Predicate = true> <Delay = 0.00>
ST_2 : Operation 1833 [1/1] (3.96ns) (root node of TernaryAdder)   --->   "%add_ln58_2088 = add i18 %sext_ln58_1162, i18 %add_ln58_2085" [firmware/nnet_utils/nnet_dense_latency.h:58]   --->   Operation 1833 'add' 'add_ln58_2088' <Predicate = true> <Delay = 3.96> <CoreInst = "TAddSub">   --->   Core 10 'TAddSub' <Latency = 0> <II = 1> <Delay = 1.99> <IPBlock> <Opcode : '' 'add' 'sub'> <InPorts = 3> <OutPorts = 1> <Sync> <CReg>
ST_2 : Operation 1834 [1/1] (0.00ns)   --->   "%sext_ln58_223 = sext i18 %add_ln58_2088" [firmware/nnet_utils/nnet_dense_latency.h:58]   --->   Operation 1834 'sext' 'sext_ln58_223' <Predicate = true> <Delay = 0.00>
ST_2 : Operation 1835 [1/1] (2.10ns)   --->   "%add_ln58_2089 = add i18 %sext_ln58_214, i18 %sext_ln17_768" [firmware/nnet_utils/nnet_dense_latency.h:58]   --->   Operation 1835 'add' 'add_ln58_2089' <Predicate = true> <Delay = 2.10> <CoreInst = "Adder">   --->   Core 1 'Adder' <Latency = 0> <II = 1> <Delay = 2.10> <FuncUnit> <Opcode : 'add' 'sub'> <InPorts = 2> <OutPorts = 1>
ST_2 : Operation 1836 [1/1] (0.00ns)   --->   "%sext_ln58_1164 = sext i16 %add_ln58_2091" [firmware/nnet_utils/nnet_dense_latency.h:58]   --->   Operation 1836 'sext' 'sext_ln58_1164' <Predicate = true> <Delay = 0.00>
ST_2 : Operation 1837 [1/1] (0.00ns) (grouped into TernaryAdder)   --->   "%add_ln58_2092 = add i18 %sext_ln58_1164, i18 %add_ln58_2089" [firmware/nnet_utils/nnet_dense_latency.h:58]   --->   Operation 1837 'add' 'add_ln58_2092' <Predicate = true> <Delay = 0.00> <CoreInst = "TAddSub">   --->   Core 10 'TAddSub' <Latency = 0> <II = 1> <Delay = 1.99> <IPBlock> <Opcode : '' 'add' 'sub'> <InPorts = 3> <OutPorts = 1> <Sync> <CReg>
ST_2 : Operation 1838 [1/1] (0.00ns)   --->   "%sext_ln58_1168 = sext i16 %add_ln58_2095" [firmware/nnet_utils/nnet_dense_latency.h:58]   --->   Operation 1838 'sext' 'sext_ln58_1168' <Predicate = true> <Delay = 0.00>
ST_2 : Operation 1839 [1/1] (3.96ns) (root node of TernaryAdder)   --->   "%add_ln58_2096 = add i18 %sext_ln58_1168, i18 %add_ln58_2092" [firmware/nnet_utils/nnet_dense_latency.h:58]   --->   Operation 1839 'add' 'add_ln58_2096' <Predicate = true> <Delay = 3.96> <CoreInst = "TAddSub">   --->   Core 10 'TAddSub' <Latency = 0> <II = 1> <Delay = 1.99> <IPBlock> <Opcode : '' 'add' 'sub'> <InPorts = 3> <OutPorts = 1> <Sync> <CReg>
ST_2 : Operation 1840 [1/1] (0.00ns)   --->   "%sext_ln58_224 = sext i18 %add_ln58_2096" [firmware/nnet_utils/nnet_dense_latency.h:58]   --->   Operation 1840 'sext' 'sext_ln58_224' <Predicate = true> <Delay = 0.00>
ST_2 : Operation 1841 [1/1] (0.00ns)   --->   "%sext_ln58_1170 = sext i16 %add_ln58_2099" [firmware/nnet_utils/nnet_dense_latency.h:58]   --->   Operation 1841 'sext' 'sext_ln58_1170' <Predicate = true> <Delay = 0.00>
ST_2 : Operation 1842 [1/1] (0.00ns) (grouped into TernaryAdder)   --->   "%add_ln58_2100 = add i18 %sext_ln58_1170, i18 %add_ln58_2097" [firmware/nnet_utils/nnet_dense_latency.h:58]   --->   Operation 1842 'add' 'add_ln58_2100' <Predicate = true> <Delay = 0.00> <CoreInst = "TAddSub">   --->   Core 10 'TAddSub' <Latency = 0> <II = 1> <Delay = 1.99> <IPBlock> <Opcode : '' 'add' 'sub'> <InPorts = 3> <OutPorts = 1> <Sync> <CReg>
ST_2 : Operation 1843 [1/1] (0.00ns)   --->   "%sext_ln58_1174 = sext i17 %add_ln58_2104" [firmware/nnet_utils/nnet_dense_latency.h:58]   --->   Operation 1843 'sext' 'sext_ln58_1174' <Predicate = true> <Delay = 0.00>
ST_2 : Operation 1844 [1/1] (3.96ns) (root node of TernaryAdder)   --->   "%add_ln58_2105 = add i18 %sext_ln58_1174, i18 %add_ln58_2100" [firmware/nnet_utils/nnet_dense_latency.h:58]   --->   Operation 1844 'add' 'add_ln58_2105' <Predicate = true> <Delay = 3.96> <CoreInst = "TAddSub">   --->   Core 10 'TAddSub' <Latency = 0> <II = 1> <Delay = 1.99> <IPBlock> <Opcode : '' 'add' 'sub'> <InPorts = 3> <OutPorts = 1> <Sync> <CReg>
ST_2 : Operation 1845 [1/1] (0.00ns)   --->   "%sext_ln58_225 = sext i18 %add_ln58_2105" [firmware/nnet_utils/nnet_dense_latency.h:58]   --->   Operation 1845 'sext' 'sext_ln58_225' <Predicate = true> <Delay = 0.00>
ST_2 : Operation 1846 [1/1] (2.10ns)   --->   "%add_ln58_2106 = add i18 %sext_ln58_218, i18 %sext_ln17_761" [firmware/nnet_utils/nnet_dense_latency.h:58]   --->   Operation 1846 'add' 'add_ln58_2106' <Predicate = true> <Delay = 2.10> <CoreInst = "Adder">   --->   Core 1 'Adder' <Latency = 0> <II = 1> <Delay = 2.10> <FuncUnit> <Opcode : 'add' 'sub'> <InPorts = 2> <OutPorts = 1>
ST_2 : Operation 1847 [1/1] (0.00ns)   --->   "%sext_ln58_1176 = sext i16 %add_ln58_2108" [firmware/nnet_utils/nnet_dense_latency.h:58]   --->   Operation 1847 'sext' 'sext_ln58_1176' <Predicate = true> <Delay = 0.00>
ST_2 : Operation 1848 [1/1] (0.00ns) (grouped into TernaryAdder)   --->   "%add_ln58_2109 = add i18 %sext_ln58_1176, i18 %add_ln58_2106" [firmware/nnet_utils/nnet_dense_latency.h:58]   --->   Operation 1848 'add' 'add_ln58_2109' <Predicate = true> <Delay = 0.00> <CoreInst = "TAddSub">   --->   Core 10 'TAddSub' <Latency = 0> <II = 1> <Delay = 1.99> <IPBlock> <Opcode : '' 'add' 'sub'> <InPorts = 3> <OutPorts = 1> <Sync> <CReg>
ST_2 : Operation 1849 [1/1] (0.00ns)   --->   "%sext_ln58_1180 = sext i16 %add_ln58_2113" [firmware/nnet_utils/nnet_dense_latency.h:58]   --->   Operation 1849 'sext' 'sext_ln58_1180' <Predicate = true> <Delay = 0.00>
ST_2 : Operation 1850 [1/1] (3.96ns) (root node of TernaryAdder)   --->   "%add_ln58_2114 = add i18 %sext_ln58_1180, i18 %add_ln58_2109" [firmware/nnet_utils/nnet_dense_latency.h:58]   --->   Operation 1850 'add' 'add_ln58_2114' <Predicate = true> <Delay = 3.96> <CoreInst = "TAddSub">   --->   Core 10 'TAddSub' <Latency = 0> <II = 1> <Delay = 1.99> <IPBlock> <Opcode : '' 'add' 'sub'> <InPorts = 3> <OutPorts = 1> <Sync> <CReg>
ST_2 : Operation 1851 [1/1] (0.00ns)   --->   "%sext_ln58_229 = sext i18 %add_ln58_2114" [firmware/nnet_utils/nnet_dense_latency.h:58]   --->   Operation 1851 'sext' 'sext_ln58_229' <Predicate = true> <Delay = 0.00>
ST_2 : Operation 1852 [1/1] (0.00ns)   --->   "%sext_ln58_1182 = sext i16 %add_ln58_2115" [firmware/nnet_utils/nnet_dense_latency.h:58]   --->   Operation 1852 'sext' 'sext_ln58_1182' <Predicate = true> <Delay = 0.00>
ST_2 : Operation 1853 [1/1] (2.10ns)   --->   "%add_ln58_2116 = add i18 %sext_ln58_1182, i18 %sext_ln58_215" [firmware/nnet_utils/nnet_dense_latency.h:58]   --->   Operation 1853 'add' 'add_ln58_2116' <Predicate = true> <Delay = 2.10> <CoreInst = "Adder">   --->   Core 1 'Adder' <Latency = 0> <II = 1> <Delay = 2.10> <FuncUnit> <Opcode : 'add' 'sub'> <InPorts = 2> <OutPorts = 1>
ST_2 : Operation 1854 [1/1] (0.00ns)   --->   "%sext_ln58_1185 = sext i16 %add_ln58_2119" [firmware/nnet_utils/nnet_dense_latency.h:58]   --->   Operation 1854 'sext' 'sext_ln58_1185' <Predicate = true> <Delay = 0.00>
ST_2 : Operation 1855 [1/1] (0.00ns) (grouped into TernaryAdder)   --->   "%add_ln58_2120 = add i18 %sext_ln58_1185, i18 %add_ln58_2116" [firmware/nnet_utils/nnet_dense_latency.h:58]   --->   Operation 1855 'add' 'add_ln58_2120' <Predicate = true> <Delay = 0.00> <CoreInst = "TAddSub">   --->   Core 10 'TAddSub' <Latency = 0> <II = 1> <Delay = 1.99> <IPBlock> <Opcode : '' 'add' 'sub'> <InPorts = 3> <OutPorts = 1> <Sync> <CReg>
ST_2 : Operation 1856 [1/1] (0.00ns)   --->   "%sext_ln58_1191 = sext i16 %add_ln58_2126" [firmware/nnet_utils/nnet_dense_latency.h:58]   --->   Operation 1856 'sext' 'sext_ln58_1191' <Predicate = true> <Delay = 0.00>
ST_2 : Operation 1857 [1/1] (3.96ns) (root node of TernaryAdder)   --->   "%add_ln58_2127 = add i18 %sext_ln58_1191, i18 %add_ln58_2120" [firmware/nnet_utils/nnet_dense_latency.h:58]   --->   Operation 1857 'add' 'add_ln58_2127' <Predicate = true> <Delay = 3.96> <CoreInst = "TAddSub">   --->   Core 10 'TAddSub' <Latency = 0> <II = 1> <Delay = 1.99> <IPBlock> <Opcode : '' 'add' 'sub'> <InPorts = 3> <OutPorts = 1> <Sync> <CReg>
ST_2 : Operation 1858 [1/1] (0.00ns)   --->   "%sext_ln58_233 = sext i18 %add_ln58_2127" [firmware/nnet_utils/nnet_dense_latency.h:58]   --->   Operation 1858 'sext' 'sext_ln58_233' <Predicate = true> <Delay = 0.00>
ST_2 : Operation 1859 [1/1] (0.00ns) (grouped into TernaryAdder)   --->   "%add_ln58_2128 = add i19 %sext_ln58_219, i19 %sext_ln17_786" [firmware/nnet_utils/nnet_dense_latency.h:58]   --->   Operation 1859 'add' 'add_ln58_2128' <Predicate = true> <Delay = 0.00> <CoreInst = "TAddSub">   --->   Core 10 'TAddSub' <Latency = 0> <II = 1> <Delay = 1.99> <IPBlock> <Opcode : '' 'add' 'sub'> <InPorts = 3> <OutPorts = 1> <Sync> <CReg>
ST_2 : Operation 1860 [1/1] (0.00ns)   --->   "%sext_ln58_1193 = sext i16 %add_ln58_2129" [firmware/nnet_utils/nnet_dense_latency.h:58]   --->   Operation 1860 'sext' 'sext_ln58_1193' <Predicate = true> <Delay = 0.00>
ST_2 : Operation 1861 [1/1] (3.99ns) (root node of TernaryAdder)   --->   "%add_ln58_2130 = add i19 %sext_ln58_1193, i19 %add_ln58_2128" [firmware/nnet_utils/nnet_dense_latency.h:58]   --->   Operation 1861 'add' 'add_ln58_2130' <Predicate = true> <Delay = 3.99> <CoreInst = "TAddSub">   --->   Core 10 'TAddSub' <Latency = 0> <II = 1> <Delay = 1.99> <IPBlock> <Opcode : '' 'add' 'sub'> <InPorts = 3> <OutPorts = 1> <Sync> <CReg>
ST_2 : Operation 1862 [1/1] (0.00ns)   --->   "%sext_ln58_1196 = sext i17 %add_ln58_2133" [firmware/nnet_utils/nnet_dense_latency.h:58]   --->   Operation 1862 'sext' 'sext_ln58_1196' <Predicate = true> <Delay = 0.00>
ST_2 : Operation 1863 [1/1] (0.00ns) (grouped into TernaryAdder)   --->   "%add_ln58_2134 = add i19 %sext_ln58_1196, i19 %add_ln58_2130" [firmware/nnet_utils/nnet_dense_latency.h:58]   --->   Operation 1863 'add' 'add_ln58_2134' <Predicate = true> <Delay = 0.00> <CoreInst = "TAddSub">   --->   Core 10 'TAddSub' <Latency = 0> <II = 1> <Delay = 1.99> <IPBlock> <Opcode : '' 'add' 'sub'> <InPorts = 3> <OutPorts = 1> <Sync> <CReg>
ST_2 : Operation 1864 [1/1] (0.00ns)   --->   "%sext_ln58_1203 = sext i17 %add_ln58_2140" [firmware/nnet_utils/nnet_dense_latency.h:58]   --->   Operation 1864 'sext' 'sext_ln58_1203' <Predicate = true> <Delay = 0.00>
ST_2 : Operation 1865 [1/1] (3.99ns) (root node of TernaryAdder)   --->   "%add_ln58_2141 = add i19 %sext_ln58_1203, i19 %add_ln58_2134" [firmware/nnet_utils/nnet_dense_latency.h:58]   --->   Operation 1865 'add' 'add_ln58_2141' <Predicate = true> <Delay = 3.99> <CoreInst = "TAddSub">   --->   Core 10 'TAddSub' <Latency = 0> <II = 1> <Delay = 1.99> <IPBlock> <Opcode : '' 'add' 'sub'> <InPorts = 3> <OutPorts = 1> <Sync> <CReg>
ST_2 : Operation 1866 [1/1] (0.00ns)   --->   "%sext_ln58_245 = sext i19 %add_ln58_2141" [firmware/nnet_utils/nnet_dense_latency.h:58]   --->   Operation 1866 'sext' 'sext_ln58_245' <Predicate = true> <Delay = 0.00>
ST_2 : Operation 1867 [1/1] (0.00ns)   --->   "%sext_ln58_1205 = sext i17 %add_ln58_2142" [firmware/nnet_utils/nnet_dense_latency.h:58]   --->   Operation 1867 'sext' 'sext_ln58_1205' <Predicate = true> <Delay = 0.00>
ST_2 : Operation 1868 [1/1] (2.13ns)   --->   "%add_ln58_2143 = add i19 %sext_ln58_1205, i19 %sext_ln58_224" [firmware/nnet_utils/nnet_dense_latency.h:58]   --->   Operation 1868 'add' 'add_ln58_2143' <Predicate = true> <Delay = 2.13> <CoreInst = "Adder">   --->   Core 1 'Adder' <Latency = 0> <II = 1> <Delay = 2.13> <FuncUnit> <Opcode : 'add' 'sub'> <InPorts = 2> <OutPorts = 1>
ST_2 : Operation 1869 [1/1] (0.00ns)   --->   "%sext_ln58_1207 = sext i17 %add_ln58_2145" [firmware/nnet_utils/nnet_dense_latency.h:58]   --->   Operation 1869 'sext' 'sext_ln58_1207' <Predicate = true> <Delay = 0.00>
ST_2 : Operation 1870 [1/1] (0.00ns) (grouped into TernaryAdder)   --->   "%add_ln58_2146 = add i19 %sext_ln58_1207, i19 %add_ln58_2143" [firmware/nnet_utils/nnet_dense_latency.h:58]   --->   Operation 1870 'add' 'add_ln58_2146' <Predicate = true> <Delay = 0.00> <CoreInst = "TAddSub">   --->   Core 10 'TAddSub' <Latency = 0> <II = 1> <Delay = 1.99> <IPBlock> <Opcode : '' 'add' 'sub'> <InPorts = 3> <OutPorts = 1> <Sync> <CReg>
ST_2 : Operation 1871 [1/1] (0.00ns)   --->   "%sext_ln58_1212 = sext i17 %add_ln58_2152" [firmware/nnet_utils/nnet_dense_latency.h:58]   --->   Operation 1871 'sext' 'sext_ln58_1212' <Predicate = true> <Delay = 0.00>
ST_2 : Operation 1872 [1/1] (3.99ns) (root node of TernaryAdder)   --->   "%add_ln58_2153 = add i19 %sext_ln58_1212, i19 %add_ln58_2146" [firmware/nnet_utils/nnet_dense_latency.h:58]   --->   Operation 1872 'add' 'add_ln58_2153' <Predicate = true> <Delay = 3.99> <CoreInst = "TAddSub">   --->   Core 10 'TAddSub' <Latency = 0> <II = 1> <Delay = 1.99> <IPBlock> <Opcode : '' 'add' 'sub'> <InPorts = 3> <OutPorts = 1> <Sync> <CReg>
ST_2 : Operation 1873 [1/1] (0.00ns)   --->   "%sext_ln58_1214 = sext i16 %add_ln58_2154" [firmware/nnet_utils/nnet_dense_latency.h:58]   --->   Operation 1873 'sext' 'sext_ln58_1214' <Predicate = true> <Delay = 0.00>
ST_2 : Operation 1874 [1/1] (2.13ns)   --->   "%add_ln58_2155 = add i19 %sext_ln58_1214, i19 %sext_ln58_221" [firmware/nnet_utils/nnet_dense_latency.h:58]   --->   Operation 1874 'add' 'add_ln58_2155' <Predicate = true> <Delay = 2.13> <CoreInst = "Adder">   --->   Core 1 'Adder' <Latency = 0> <II = 1> <Delay = 2.13> <FuncUnit> <Opcode : 'add' 'sub'> <InPorts = 2> <OutPorts = 1>
ST_2 : Operation 1875 [1/1] (0.00ns)   --->   "%sext_ln58_1217 = sext i17 %add_ln58_2158" [firmware/nnet_utils/nnet_dense_latency.h:58]   --->   Operation 1875 'sext' 'sext_ln58_1217' <Predicate = true> <Delay = 0.00>
ST_2 : Operation 1876 [1/1] (0.00ns) (grouped into TernaryAdder)   --->   "%add_ln58_2159 = add i19 %sext_ln58_1217, i19 %add_ln58_2155" [firmware/nnet_utils/nnet_dense_latency.h:58]   --->   Operation 1876 'add' 'add_ln58_2159' <Predicate = true> <Delay = 0.00> <CoreInst = "TAddSub">   --->   Core 10 'TAddSub' <Latency = 0> <II = 1> <Delay = 1.99> <IPBlock> <Opcode : '' 'add' 'sub'> <InPorts = 3> <OutPorts = 1> <Sync> <CReg>
ST_2 : Operation 1877 [1/1] (0.00ns)   --->   "%sext_ln58_1223 = sext i17 %add_ln58_2166" [firmware/nnet_utils/nnet_dense_latency.h:58]   --->   Operation 1877 'sext' 'sext_ln58_1223' <Predicate = true> <Delay = 0.00>
ST_2 : Operation 1878 [1/1] (3.99ns) (root node of TernaryAdder)   --->   "%add_ln58_2167 = add i19 %sext_ln58_1223, i19 %add_ln58_2159" [firmware/nnet_utils/nnet_dense_latency.h:58]   --->   Operation 1878 'add' 'add_ln58_2167' <Predicate = true> <Delay = 3.99> <CoreInst = "TAddSub">   --->   Core 10 'TAddSub' <Latency = 0> <II = 1> <Delay = 1.99> <IPBlock> <Opcode : '' 'add' 'sub'> <InPorts = 3> <OutPorts = 1> <Sync> <CReg>
ST_2 : Operation 1879 [1/1] (0.00ns)   --->   "%sext_ln58_251 = sext i19 %add_ln58_2167" [firmware/nnet_utils/nnet_dense_latency.h:58]   --->   Operation 1879 'sext' 'sext_ln58_251' <Predicate = true> <Delay = 0.00>
ST_2 : Operation 1880 [1/1] (0.00ns)   --->   "%sext_ln58_1224 = sext i16 %add_ln58_2169" [firmware/nnet_utils/nnet_dense_latency.h:58]   --->   Operation 1880 'sext' 'sext_ln58_1224' <Predicate = true> <Delay = 0.00>
ST_2 : Operation 1881 [1/1] (2.13ns)   --->   "%add_ln58_2170 = add i19 %sext_ln58_1224, i19 %sext_ln58_222" [firmware/nnet_utils/nnet_dense_latency.h:58]   --->   Operation 1881 'add' 'add_ln58_2170' <Predicate = true> <Delay = 2.13> <CoreInst = "Adder">   --->   Core 1 'Adder' <Latency = 0> <II = 1> <Delay = 2.13> <FuncUnit> <Opcode : 'add' 'sub'> <InPorts = 2> <OutPorts = 1>
ST_2 : Operation 1882 [1/1] (0.00ns)   --->   "%sext_ln58_1227 = sext i17 %add_ln58_2173" [firmware/nnet_utils/nnet_dense_latency.h:58]   --->   Operation 1882 'sext' 'sext_ln58_1227' <Predicate = true> <Delay = 0.00>
ST_2 : Operation 1883 [1/1] (0.00ns) (grouped into TernaryAdder)   --->   "%add_ln58_2174 = add i19 %sext_ln58_1227, i19 %add_ln58_2170" [firmware/nnet_utils/nnet_dense_latency.h:58]   --->   Operation 1883 'add' 'add_ln58_2174' <Predicate = true> <Delay = 0.00> <CoreInst = "TAddSub">   --->   Core 10 'TAddSub' <Latency = 0> <II = 1> <Delay = 1.99> <IPBlock> <Opcode : '' 'add' 'sub'> <InPorts = 3> <OutPorts = 1> <Sync> <CReg>
ST_2 : Operation 1884 [1/1] (0.00ns)   --->   "%sext_ln58_1232 = sext i17 %add_ln58_2181" [firmware/nnet_utils/nnet_dense_latency.h:58]   --->   Operation 1884 'sext' 'sext_ln58_1232' <Predicate = true> <Delay = 0.00>
ST_2 : Operation 1885 [1/1] (3.99ns) (root node of TernaryAdder)   --->   "%add_ln58_2182 = add i19 %sext_ln58_1232, i19 %add_ln58_2174" [firmware/nnet_utils/nnet_dense_latency.h:58]   --->   Operation 1885 'add' 'add_ln58_2182' <Predicate = true> <Delay = 3.99> <CoreInst = "TAddSub">   --->   Core 10 'TAddSub' <Latency = 0> <II = 1> <Delay = 1.99> <IPBlock> <Opcode : '' 'add' 'sub'> <InPorts = 3> <OutPorts = 1> <Sync> <CReg>
ST_2 : Operation 1886 [1/1] (0.00ns)   --->   "%sext_ln58_252 = sext i19 %add_ln58_2182" [firmware/nnet_utils/nnet_dense_latency.h:58]   --->   Operation 1886 'sext' 'sext_ln58_252' <Predicate = true> <Delay = 0.00>
ST_2 : Operation 1887 [1/1] (0.00ns)   --->   "%sext_ln58_1233 = sext i16 %add_ln58_2183" [firmware/nnet_utils/nnet_dense_latency.h:58]   --->   Operation 1887 'sext' 'sext_ln58_1233' <Predicate = true> <Delay = 0.00>
ST_2 : Operation 1888 [1/1] (2.13ns)   --->   "%add_ln58_2184 = add i19 %sext_ln58_1233, i19 %sext_ln58_223" [firmware/nnet_utils/nnet_dense_latency.h:58]   --->   Operation 1888 'add' 'add_ln58_2184' <Predicate = true> <Delay = 2.13> <CoreInst = "Adder">   --->   Core 1 'Adder' <Latency = 0> <II = 1> <Delay = 2.13> <FuncUnit> <Opcode : 'add' 'sub'> <InPorts = 2> <OutPorts = 1>
ST_2 : Operation 1889 [1/1] (0.00ns)   --->   "%sext_ln58_1236 = sext i17 %add_ln58_2187" [firmware/nnet_utils/nnet_dense_latency.h:58]   --->   Operation 1889 'sext' 'sext_ln58_1236' <Predicate = true> <Delay = 0.00>
ST_2 : Operation 1890 [1/1] (0.00ns) (grouped into TernaryAdder)   --->   "%add_ln58_2188 = add i19 %sext_ln58_1236, i19 %add_ln58_2184" [firmware/nnet_utils/nnet_dense_latency.h:58]   --->   Operation 1890 'add' 'add_ln58_2188' <Predicate = true> <Delay = 0.00> <CoreInst = "TAddSub">   --->   Core 10 'TAddSub' <Latency = 0> <II = 1> <Delay = 1.99> <IPBlock> <Opcode : '' 'add' 'sub'> <InPorts = 3> <OutPorts = 1> <Sync> <CReg>
ST_2 : Operation 1891 [1/1] (0.00ns)   --->   "%sext_ln58_1241 = sext i17 %add_ln58_2194" [firmware/nnet_utils/nnet_dense_latency.h:58]   --->   Operation 1891 'sext' 'sext_ln58_1241' <Predicate = true> <Delay = 0.00>
ST_2 : Operation 1892 [1/1] (3.99ns) (root node of TernaryAdder)   --->   "%add_ln58_2195 = add i19 %sext_ln58_1241, i19 %add_ln58_2188" [firmware/nnet_utils/nnet_dense_latency.h:58]   --->   Operation 1892 'add' 'add_ln58_2195' <Predicate = true> <Delay = 3.99> <CoreInst = "TAddSub">   --->   Core 10 'TAddSub' <Latency = 0> <II = 1> <Delay = 1.99> <IPBlock> <Opcode : '' 'add' 'sub'> <InPorts = 3> <OutPorts = 1> <Sync> <CReg>
ST_2 : Operation 1893 [1/1] (0.00ns)   --->   "%sext_ln58_253 = sext i19 %add_ln58_2195" [firmware/nnet_utils/nnet_dense_latency.h:58]   --->   Operation 1893 'sext' 'sext_ln58_253' <Predicate = true> <Delay = 0.00>
ST_2 : Operation 1894 [1/1] (0.00ns)   --->   "%sext_ln58_1242 = sext i16 %add_ln58_2197" [firmware/nnet_utils/nnet_dense_latency.h:58]   --->   Operation 1894 'sext' 'sext_ln58_1242' <Predicate = true> <Delay = 0.00>
ST_2 : Operation 1895 [1/1] (2.13ns)   --->   "%add_ln58_2198 = add i19 %sext_ln58_1242, i19 %sext_ln58_225" [firmware/nnet_utils/nnet_dense_latency.h:58]   --->   Operation 1895 'add' 'add_ln58_2198' <Predicate = true> <Delay = 2.13> <CoreInst = "Adder">   --->   Core 1 'Adder' <Latency = 0> <II = 1> <Delay = 2.13> <FuncUnit> <Opcode : 'add' 'sub'> <InPorts = 2> <OutPorts = 1>
ST_2 : Operation 1896 [1/1] (0.00ns)   --->   "%sext_ln58_1244 = sext i17 %add_ln58_2200" [firmware/nnet_utils/nnet_dense_latency.h:58]   --->   Operation 1896 'sext' 'sext_ln58_1244' <Predicate = true> <Delay = 0.00>
ST_2 : Operation 1897 [1/1] (0.00ns) (grouped into TernaryAdder)   --->   "%add_ln58_2201 = add i19 %sext_ln58_1244, i19 %add_ln58_2198" [firmware/nnet_utils/nnet_dense_latency.h:58]   --->   Operation 1897 'add' 'add_ln58_2201' <Predicate = true> <Delay = 0.00> <CoreInst = "TAddSub">   --->   Core 10 'TAddSub' <Latency = 0> <II = 1> <Delay = 1.99> <IPBlock> <Opcode : '' 'add' 'sub'> <InPorts = 3> <OutPorts = 1> <Sync> <CReg>
ST_2 : Operation 1898 [1/1] (0.00ns)   --->   "%sext_ln58_1248 = sext i16 %add_ln58_2206" [firmware/nnet_utils/nnet_dense_latency.h:58]   --->   Operation 1898 'sext' 'sext_ln58_1248' <Predicate = true> <Delay = 0.00>
ST_2 : Operation 1899 [1/1] (3.99ns) (root node of TernaryAdder)   --->   "%add_ln58_2207 = add i19 %sext_ln58_1248, i19 %add_ln58_2201" [firmware/nnet_utils/nnet_dense_latency.h:58]   --->   Operation 1899 'add' 'add_ln58_2207' <Predicate = true> <Delay = 3.99> <CoreInst = "TAddSub">   --->   Core 10 'TAddSub' <Latency = 0> <II = 1> <Delay = 1.99> <IPBlock> <Opcode : '' 'add' 'sub'> <InPorts = 3> <OutPorts = 1> <Sync> <CReg>
ST_2 : Operation 1900 [1/1] (2.16ns)   --->   "%add_ln58_2208 = add i20 %sext_ln58_251, i20 %sext_ln17_824" [firmware/nnet_utils/nnet_dense_latency.h:58]   --->   Operation 1900 'add' 'add_ln58_2208' <Predicate = true> <Delay = 2.16> <CoreInst = "Adder">   --->   Core 1 'Adder' <Latency = 0> <II = 1> <Delay = 2.16> <FuncUnit> <Opcode : 'add' 'sub'> <InPorts = 2> <OutPorts = 1>
ST_2 : Operation 1901 [1/1] (0.00ns)   --->   "%sext_ln58_1249 = sext i16 %add_ln58_2209" [firmware/nnet_utils/nnet_dense_latency.h:58]   --->   Operation 1901 'sext' 'sext_ln58_1249' <Predicate = true> <Delay = 0.00>
ST_2 : Operation 1902 [1/1] (2.10ns)   --->   "%add_ln58_2210 = add i18 %sext_ln58_1249, i18 %sext_ln58_207" [firmware/nnet_utils/nnet_dense_latency.h:58]   --->   Operation 1902 'add' 'add_ln58_2210' <Predicate = true> <Delay = 2.10> <CoreInst = "Adder">   --->   Core 1 'Adder' <Latency = 0> <II = 1> <Delay = 2.10> <FuncUnit> <Opcode : 'add' 'sub'> <InPorts = 2> <OutPorts = 1>
ST_2 : Operation 1903 [1/1] (0.00ns)   --->   "%sext_ln58_1251 = sext i16 %add_ln58_2212" [firmware/nnet_utils/nnet_dense_latency.h:58]   --->   Operation 1903 'sext' 'sext_ln58_1251' <Predicate = true> <Delay = 0.00>
ST_2 : Operation 1904 [1/1] (0.00ns) (grouped into TernaryAdder)   --->   "%add_ln58_2213 = add i18 %sext_ln58_1251, i18 %add_ln58_2210" [firmware/nnet_utils/nnet_dense_latency.h:58]   --->   Operation 1904 'add' 'add_ln58_2213' <Predicate = true> <Delay = 0.00> <CoreInst = "TAddSub">   --->   Core 10 'TAddSub' <Latency = 0> <II = 1> <Delay = 1.99> <IPBlock> <Opcode : '' 'add' 'sub'> <InPorts = 3> <OutPorts = 1> <Sync> <CReg>
ST_2 : Operation 1905 [1/1] (0.00ns)   --->   "%sext_ln58_1255 = sext i16 %add_ln58_2218" [firmware/nnet_utils/nnet_dense_latency.h:58]   --->   Operation 1905 'sext' 'sext_ln58_1255' <Predicate = true> <Delay = 0.00>
ST_2 : Operation 1906 [1/1] (3.96ns) (root node of TernaryAdder)   --->   "%add_ln58_2219 = add i18 %sext_ln58_1255, i18 %add_ln58_2213" [firmware/nnet_utils/nnet_dense_latency.h:58]   --->   Operation 1906 'add' 'add_ln58_2219' <Predicate = true> <Delay = 3.96> <CoreInst = "TAddSub">   --->   Core 10 'TAddSub' <Latency = 0> <II = 1> <Delay = 1.99> <IPBlock> <Opcode : '' 'add' 'sub'> <InPorts = 3> <OutPorts = 1> <Sync> <CReg>
ST_2 : Operation 1907 [1/1] (0.00ns)   --->   "%sext_ln58_257 = sext i18 %add_ln58_2219" [firmware/nnet_utils/nnet_dense_latency.h:58]   --->   Operation 1907 'sext' 'sext_ln58_257' <Predicate = true> <Delay = 0.00>
ST_2 : Operation 1908 [1/1] (0.00ns)   --->   "%sext_ln58_1256 = sext i17 %add_ln58_2220" [firmware/nnet_utils/nnet_dense_latency.h:58]   --->   Operation 1908 'sext' 'sext_ln58_1256' <Predicate = true> <Delay = 0.00>
ST_2 : Operation 1909 [1/1] (2.13ns)   --->   "%add_ln58_2221 = add i19 %sext_ln58_1256, i19 %sext_ln58_257" [firmware/nnet_utils/nnet_dense_latency.h:58]   --->   Operation 1909 'add' 'add_ln58_2221' <Predicate = true> <Delay = 2.13> <CoreInst = "Adder">   --->   Core 1 'Adder' <Latency = 0> <II = 1> <Delay = 2.13> <FuncUnit> <Opcode : 'add' 'sub'> <InPorts = 2> <OutPorts = 1>
ST_2 : Operation 1910 [1/1] (0.00ns)   --->   "%sext_ln58_1257 = sext i16 %add_ln58_2222" [firmware/nnet_utils/nnet_dense_latency.h:58]   --->   Operation 1910 'sext' 'sext_ln58_1257' <Predicate = true> <Delay = 0.00>
ST_2 : Operation 1911 [1/1] (0.00ns) (grouped into TernaryAdder)   --->   "%add_ln58_2223 = add i19 %sext_ln58_1257, i19 %add_ln58_2221" [firmware/nnet_utils/nnet_dense_latency.h:58]   --->   Operation 1911 'add' 'add_ln58_2223' <Predicate = true> <Delay = 0.00> <CoreInst = "TAddSub">   --->   Core 10 'TAddSub' <Latency = 0> <II = 1> <Delay = 1.99> <IPBlock> <Opcode : '' 'add' 'sub'> <InPorts = 3> <OutPorts = 1> <Sync> <CReg>
ST_2 : Operation 1912 [1/1] (0.00ns)   --->   "%sext_ln58_1263 = sext i18 %add_ln58_2229" [firmware/nnet_utils/nnet_dense_latency.h:58]   --->   Operation 1912 'sext' 'sext_ln58_1263' <Predicate = true> <Delay = 0.00>
ST_2 : Operation 1913 [1/1] (3.99ns) (root node of TernaryAdder)   --->   "%add_ln58_2230 = add i19 %sext_ln58_1263, i19 %add_ln58_2223" [firmware/nnet_utils/nnet_dense_latency.h:58]   --->   Operation 1913 'add' 'add_ln58_2230' <Predicate = true> <Delay = 3.99> <CoreInst = "TAddSub">   --->   Core 10 'TAddSub' <Latency = 0> <II = 1> <Delay = 1.99> <IPBlock> <Opcode : '' 'add' 'sub'> <InPorts = 3> <OutPorts = 1> <Sync> <CReg>
ST_2 : Operation 1914 [1/1] (0.00ns)   --->   "%sext_ln58_258 = sext i19 %add_ln58_2230" [firmware/nnet_utils/nnet_dense_latency.h:58]   --->   Operation 1914 'sext' 'sext_ln58_258' <Predicate = true> <Delay = 0.00>
ST_2 : Operation 1915 [1/1] (0.00ns)   --->   "%sext_ln58_1264 = sext i16 %add_ln58_2231" [firmware/nnet_utils/nnet_dense_latency.h:58]   --->   Operation 1915 'sext' 'sext_ln58_1264' <Predicate = true> <Delay = 0.00>
ST_2 : Operation 1916 [1/1] (2.16ns)   --->   "%add_ln58_2232 = add i20 %sext_ln58_1264, i20 %sext_ln58_258" [firmware/nnet_utils/nnet_dense_latency.h:58]   --->   Operation 1916 'add' 'add_ln58_2232' <Predicate = true> <Delay = 2.16> <CoreInst = "Adder">   --->   Core 1 'Adder' <Latency = 0> <II = 1> <Delay = 2.16> <FuncUnit> <Opcode : 'add' 'sub'> <InPorts = 2> <OutPorts = 1>
ST_2 : Operation 1917 [1/1] (2.13ns)   --->   "%add_ln58_2233 = add i19 %sext_ln58_229, i19 %sext_ln17_796" [firmware/nnet_utils/nnet_dense_latency.h:58]   --->   Operation 1917 'add' 'add_ln58_2233' <Predicate = true> <Delay = 2.13> <CoreInst = "Adder">   --->   Core 1 'Adder' <Latency = 0> <II = 1> <Delay = 2.13> <FuncUnit> <Opcode : 'add' 'sub'> <InPorts = 2> <OutPorts = 1>
ST_2 : Operation 1918 [1/1] (0.00ns)   --->   "%sext_ln58_1266 = sext i17 %add_ln58_2235" [firmware/nnet_utils/nnet_dense_latency.h:58]   --->   Operation 1918 'sext' 'sext_ln58_1266' <Predicate = true> <Delay = 0.00>
ST_2 : Operation 1919 [1/1] (0.00ns) (grouped into TernaryAdder)   --->   "%add_ln58_2236 = add i19 %sext_ln58_1266, i19 %add_ln58_2233" [firmware/nnet_utils/nnet_dense_latency.h:58]   --->   Operation 1919 'add' 'add_ln58_2236' <Predicate = true> <Delay = 0.00> <CoreInst = "TAddSub">   --->   Core 10 'TAddSub' <Latency = 0> <II = 1> <Delay = 1.99> <IPBlock> <Opcode : '' 'add' 'sub'> <InPorts = 3> <OutPorts = 1> <Sync> <CReg>
ST_2 : Operation 1920 [1/1] (0.00ns)   --->   "%sext_ln58_1270 = sext i17 %add_ln58_2241" [firmware/nnet_utils/nnet_dense_latency.h:58]   --->   Operation 1920 'sext' 'sext_ln58_1270' <Predicate = true> <Delay = 0.00>
ST_2 : Operation 1921 [1/1] (3.99ns) (root node of TernaryAdder)   --->   "%add_ln58_2242 = add i19 %sext_ln58_1270, i19 %add_ln58_2236" [firmware/nnet_utils/nnet_dense_latency.h:58]   --->   Operation 1921 'add' 'add_ln58_2242' <Predicate = true> <Delay = 3.99> <CoreInst = "TAddSub">   --->   Core 10 'TAddSub' <Latency = 0> <II = 1> <Delay = 1.99> <IPBlock> <Opcode : '' 'add' 'sub'> <InPorts = 3> <OutPorts = 1> <Sync> <CReg>
ST_2 : Operation 1922 [1/1] (2.13ns)   --->   "%add_ln58_2243 = add i19 %sext_ln58_233, i19 %sext_ln17_813" [firmware/nnet_utils/nnet_dense_latency.h:58]   --->   Operation 1922 'add' 'add_ln58_2243' <Predicate = true> <Delay = 2.13> <CoreInst = "Adder">   --->   Core 1 'Adder' <Latency = 0> <II = 1> <Delay = 2.13> <FuncUnit> <Opcode : 'add' 'sub'> <InPorts = 2> <OutPorts = 1>
ST_2 : Operation 1923 [1/1] (0.00ns)   --->   "%sext_ln58_1271 = sext i15 %add_ln58_2244" [firmware/nnet_utils/nnet_dense_latency.h:58]   --->   Operation 1923 'sext' 'sext_ln58_1271' <Predicate = true> <Delay = 0.00>
ST_2 : Operation 1924 [1/1] (0.00ns) (grouped into TernaryAdder)   --->   "%add_ln58_2245 = add i19 %sext_ln58_1271, i19 %add_ln58_2243" [firmware/nnet_utils/nnet_dense_latency.h:58]   --->   Operation 1924 'add' 'add_ln58_2245' <Predicate = true> <Delay = 0.00> <CoreInst = "TAddSub">   --->   Core 10 'TAddSub' <Latency = 0> <II = 1> <Delay = 1.99> <IPBlock> <Opcode : '' 'add' 'sub'> <InPorts = 3> <OutPorts = 1> <Sync> <CReg>
ST_2 : Operation 1925 [1/1] (0.00ns)   --->   "%sext_ln58_1275 = sext i15 %add_ln58_2249" [firmware/nnet_utils/nnet_dense_latency.h:58]   --->   Operation 1925 'sext' 'sext_ln58_1275' <Predicate = true> <Delay = 0.00>
ST_2 : Operation 1926 [1/1] (3.99ns) (root node of TernaryAdder)   --->   "%add_ln58_2250 = add i19 %sext_ln58_1275, i19 %add_ln58_2245" [firmware/nnet_utils/nnet_dense_latency.h:58]   --->   Operation 1926 'add' 'add_ln58_2250' <Predicate = true> <Delay = 3.99> <CoreInst = "TAddSub">   --->   Core 10 'TAddSub' <Latency = 0> <II = 1> <Delay = 1.99> <IPBlock> <Opcode : '' 'add' 'sub'> <InPorts = 3> <OutPorts = 1> <Sync> <CReg>
ST_2 : Operation 1927 [1/1] (0.00ns)   --->   "%sext_ln58_265 = sext i16 %add_ln58_2255" [firmware/nnet_utils/nnet_dense_latency.h:58]   --->   Operation 1927 'sext' 'sext_ln58_265' <Predicate = true> <Delay = 0.00>
ST_2 : Operation 1928 [1/1] (0.00ns) (grouped into TernaryAdder)   --->   "%add_ln58_2256 = add i17 %sext_ln58_265, i17 %sext_ln17_717" [firmware/nnet_utils/nnet_dense_latency.h:58]   --->   Operation 1928 'add' 'add_ln58_2256' <Predicate = true> <Delay = 0.00> <CoreInst = "TAddSub">   --->   Core 10 'TAddSub' <Latency = 0> <II = 1> <Delay = 1.99> <IPBlock> <Opcode : '' 'add' 'sub'> <InPorts = 3> <OutPorts = 1> <Sync> <CReg>
ST_2 : Operation 1929 [1/1] (3.93ns) (root node of TernaryAdder)   --->   "%add_ln58_2257 = add i17 %add_ln58_2256, i17 %mult_858" [firmware/nnet_utils/nnet_dense_latency.h:58]   --->   Operation 1929 'add' 'add_ln58_2257' <Predicate = true> <Delay = 3.93> <CoreInst = "TAddSub">   --->   Core 10 'TAddSub' <Latency = 0> <II = 1> <Delay = 1.99> <IPBlock> <Opcode : '' 'add' 'sub'> <InPorts = 3> <OutPorts = 1> <Sync> <CReg>
ST_2 : Operation 1930 [1/1] (0.00ns)   --->   "%sext_ln58_266 = sext i17 %add_ln58_2257" [firmware/nnet_utils/nnet_dense_latency.h:58]   --->   Operation 1930 'sext' 'sext_ln58_266' <Predicate = true> <Delay = 0.00>
ST_2 : Operation 1931 [1/1] (2.10ns)   --->   "%add_ln58_2258 = add i18 %sext_ln58_266, i18 %sext_ln17_727" [firmware/nnet_utils/nnet_dense_latency.h:58]   --->   Operation 1931 'add' 'add_ln58_2258' <Predicate = true> <Delay = 2.10> <CoreInst = "Adder">   --->   Core 1 'Adder' <Latency = 0> <II = 1> <Delay = 2.10> <FuncUnit> <Opcode : 'add' 'sub'> <InPorts = 2> <OutPorts = 1>
ST_2 : Operation 1932 [1/1] (0.00ns)   --->   "%sext_ln58_1276 = sext i16 %add_ln58_2259" [firmware/nnet_utils/nnet_dense_latency.h:58]   --->   Operation 1932 'sext' 'sext_ln58_1276' <Predicate = true> <Delay = 0.00>
ST_2 : Operation 1933 [1/1] (0.00ns) (grouped into TernaryAdder)   --->   "%add_ln58_2260 = add i18 %sext_ln58_1276, i18 %add_ln58_2258" [firmware/nnet_utils/nnet_dense_latency.h:58]   --->   Operation 1933 'add' 'add_ln58_2260' <Predicate = true> <Delay = 0.00> <CoreInst = "TAddSub">   --->   Core 10 'TAddSub' <Latency = 0> <II = 1> <Delay = 1.99> <IPBlock> <Opcode : '' 'add' 'sub'> <InPorts = 3> <OutPorts = 1> <Sync> <CReg>
ST_2 : Operation 1934 [1/1] (0.00ns)   --->   "%sext_ln58_1279 = sext i16 %add_ln58_2263" [firmware/nnet_utils/nnet_dense_latency.h:58]   --->   Operation 1934 'sext' 'sext_ln58_1279' <Predicate = true> <Delay = 0.00>
ST_2 : Operation 1935 [1/1] (3.96ns) (root node of TernaryAdder)   --->   "%add_ln58_2264 = add i18 %sext_ln58_1279, i18 %add_ln58_2260" [firmware/nnet_utils/nnet_dense_latency.h:58]   --->   Operation 1935 'add' 'add_ln58_2264' <Predicate = true> <Delay = 3.96> <CoreInst = "TAddSub">   --->   Core 10 'TAddSub' <Latency = 0> <II = 1> <Delay = 1.99> <IPBlock> <Opcode : '' 'add' 'sub'> <InPorts = 3> <OutPorts = 1> <Sync> <CReg>
ST_2 : Operation 1936 [1/1] (0.00ns)   --->   "%sext_ln58_267 = sext i18 %add_ln58_2264" [firmware/nnet_utils/nnet_dense_latency.h:58]   --->   Operation 1936 'sext' 'sext_ln58_267' <Predicate = true> <Delay = 0.00>
ST_2 : Operation 1937 [1/1] (0.00ns) (grouped into TernaryAdder)   --->   "%add_ln58_2265 = add i19 %sext_ln58_267, i19 %sext_ln17_797" [firmware/nnet_utils/nnet_dense_latency.h:58]   --->   Operation 1937 'add' 'add_ln58_2265' <Predicate = true> <Delay = 0.00> <CoreInst = "TAddSub">   --->   Core 10 'TAddSub' <Latency = 0> <II = 1> <Delay = 1.99> <IPBlock> <Opcode : '' 'add' 'sub'> <InPorts = 3> <OutPorts = 1> <Sync> <CReg>
ST_2 : Operation 1938 [1/1] (0.00ns)   --->   "%sext_ln58_1280 = sext i16 %add_ln58_2266" [firmware/nnet_utils/nnet_dense_latency.h:58]   --->   Operation 1938 'sext' 'sext_ln58_1280' <Predicate = true> <Delay = 0.00>
ST_2 : Operation 1939 [1/1] (3.99ns) (root node of TernaryAdder)   --->   "%add_ln58_2267 = add i19 %sext_ln58_1280, i19 %add_ln58_2265" [firmware/nnet_utils/nnet_dense_latency.h:58]   --->   Operation 1939 'add' 'add_ln58_2267' <Predicate = true> <Delay = 3.99> <CoreInst = "TAddSub">   --->   Core 10 'TAddSub' <Latency = 0> <II = 1> <Delay = 1.99> <IPBlock> <Opcode : '' 'add' 'sub'> <InPorts = 3> <OutPorts = 1> <Sync> <CReg>
ST_2 : Operation 1940 [1/1] (0.00ns)   --->   "%sext_ln58_1292 = sext i16 %add_ln58_2293" [firmware/nnet_utils/nnet_dense_latency.h:58]   --->   Operation 1940 'sext' 'sext_ln58_1292' <Predicate = true> <Delay = 0.00>
ST_2 : Operation 1941 [1/1] (0.00ns) (grouped into TernaryAdder)   --->   "%add_ln58_2294 = add i18 %sext_ln58_1292, i18 %add_ln58_2291" [firmware/nnet_utils/nnet_dense_latency.h:58]   --->   Operation 1941 'add' 'add_ln58_2294' <Predicate = true> <Delay = 0.00> <CoreInst = "TAddSub">   --->   Core 10 'TAddSub' <Latency = 0> <II = 1> <Delay = 1.99> <IPBlock> <Opcode : '' 'add' 'sub'> <InPorts = 3> <OutPorts = 1> <Sync> <CReg>
ST_2 : Operation 1942 [1/1] (0.00ns)   --->   "%sext_ln58_1296 = sext i16 %add_ln58_2299" [firmware/nnet_utils/nnet_dense_latency.h:58]   --->   Operation 1942 'sext' 'sext_ln58_1296' <Predicate = true> <Delay = 0.00>
ST_2 : Operation 1943 [1/1] (3.96ns) (root node of TernaryAdder)   --->   "%add_ln58_2300 = add i18 %sext_ln58_1296, i18 %add_ln58_2294" [firmware/nnet_utils/nnet_dense_latency.h:58]   --->   Operation 1943 'add' 'add_ln58_2300' <Predicate = true> <Delay = 3.96> <CoreInst = "TAddSub">   --->   Core 10 'TAddSub' <Latency = 0> <II = 1> <Delay = 1.99> <IPBlock> <Opcode : '' 'add' 'sub'> <InPorts = 3> <OutPorts = 1> <Sync> <CReg>
ST_2 : Operation 1944 [1/1] (0.00ns)   --->   "%sext_ln58_275 = sext i18 %add_ln58_2300" [firmware/nnet_utils/nnet_dense_latency.h:58]   --->   Operation 1944 'sext' 'sext_ln58_275' <Predicate = true> <Delay = 0.00>
ST_2 : Operation 1945 [1/1] (0.00ns)   --->   "%sext_ln58_1297 = sext i16 %add_ln58_2301" [firmware/nnet_utils/nnet_dense_latency.h:58]   --->   Operation 1945 'sext' 'sext_ln58_1297' <Predicate = true> <Delay = 0.00>
ST_2 : Operation 1946 [1/1] (2.13ns)   --->   "%add_ln58_2302 = add i19 %sext_ln58_1297, i19 %sext_ln58_275" [firmware/nnet_utils/nnet_dense_latency.h:58]   --->   Operation 1946 'add' 'add_ln58_2302' <Predicate = true> <Delay = 2.13> <CoreInst = "Adder">   --->   Core 1 'Adder' <Latency = 0> <II = 1> <Delay = 2.13> <FuncUnit> <Opcode : 'add' 'sub'> <InPorts = 2> <OutPorts = 1>
ST_2 : Operation 1947 [1/1] (0.00ns)   --->   "%sext_ln58_1299 = sext i17 %add_ln58_2304" [firmware/nnet_utils/nnet_dense_latency.h:58]   --->   Operation 1947 'sext' 'sext_ln58_1299' <Predicate = true> <Delay = 0.00>
ST_2 : Operation 1948 [1/1] (0.00ns) (grouped into TernaryAdder)   --->   "%add_ln58_2305 = add i19 %sext_ln58_1299, i19 %add_ln58_2302" [firmware/nnet_utils/nnet_dense_latency.h:58]   --->   Operation 1948 'add' 'add_ln58_2305' <Predicate = true> <Delay = 0.00> <CoreInst = "TAddSub">   --->   Core 10 'TAddSub' <Latency = 0> <II = 1> <Delay = 1.99> <IPBlock> <Opcode : '' 'add' 'sub'> <InPorts = 3> <OutPorts = 1> <Sync> <CReg>
ST_2 : Operation 1949 [1/1] (0.00ns)   --->   "%sext_ln58_1303 = sext i16 %add_ln58_2310" [firmware/nnet_utils/nnet_dense_latency.h:58]   --->   Operation 1949 'sext' 'sext_ln58_1303' <Predicate = true> <Delay = 0.00>
ST_2 : Operation 1950 [1/1] (3.99ns) (root node of TernaryAdder)   --->   "%add_ln58_2311 = add i19 %sext_ln58_1303, i19 %add_ln58_2305" [firmware/nnet_utils/nnet_dense_latency.h:58]   --->   Operation 1950 'add' 'add_ln58_2311' <Predicate = true> <Delay = 3.99> <CoreInst = "TAddSub">   --->   Core 10 'TAddSub' <Latency = 0> <II = 1> <Delay = 1.99> <IPBlock> <Opcode : '' 'add' 'sub'> <InPorts = 3> <OutPorts = 1> <Sync> <CReg>
ST_2 : Operation 1951 [1/1] (3.93ns) (root node of TernaryAdder)   --->   "%add_ln58_2317 = add i17 %add_ln58_2316, i17 %mult_839" [firmware/nnet_utils/nnet_dense_latency.h:58]   --->   Operation 1951 'add' 'add_ln58_2317' <Predicate = true> <Delay = 3.93> <CoreInst = "TAddSub">   --->   Core 10 'TAddSub' <Latency = 0> <II = 1> <Delay = 1.99> <IPBlock> <Opcode : '' 'add' 'sub'> <InPorts = 3> <OutPorts = 1> <Sync> <CReg>
ST_2 : Operation 1952 [1/1] (0.00ns)   --->   "%sext_ln58_280 = sext i17 %add_ln58_2317" [firmware/nnet_utils/nnet_dense_latency.h:58]   --->   Operation 1952 'sext' 'sext_ln58_280' <Predicate = true> <Delay = 0.00>
ST_2 : Operation 1953 [1/1] (0.00ns)   --->   "%sext_ln58_1306 = sext i16 %add_ln58_2318" [firmware/nnet_utils/nnet_dense_latency.h:58]   --->   Operation 1953 'sext' 'sext_ln58_1306' <Predicate = true> <Delay = 0.00>
ST_2 : Operation 1954 [1/1] (2.10ns)   --->   "%add_ln58_2319 = add i18 %sext_ln58_1306, i18 %sext_ln58_280" [firmware/nnet_utils/nnet_dense_latency.h:58]   --->   Operation 1954 'add' 'add_ln58_2319' <Predicate = true> <Delay = 2.10> <CoreInst = "Adder">   --->   Core 1 'Adder' <Latency = 0> <II = 1> <Delay = 2.10> <FuncUnit> <Opcode : 'add' 'sub'> <InPorts = 2> <OutPorts = 1>
ST_2 : Operation 1955 [1/1] (0.00ns)   --->   "%sext_ln58_1308 = sext i16 %add_ln58_2321" [firmware/nnet_utils/nnet_dense_latency.h:58]   --->   Operation 1955 'sext' 'sext_ln58_1308' <Predicate = true> <Delay = 0.00>
ST_2 : Operation 1956 [1/1] (0.00ns) (grouped into TernaryAdder)   --->   "%add_ln58_2322 = add i18 %sext_ln58_1308, i18 %add_ln58_2319" [firmware/nnet_utils/nnet_dense_latency.h:58]   --->   Operation 1956 'add' 'add_ln58_2322' <Predicate = true> <Delay = 0.00> <CoreInst = "TAddSub">   --->   Core 10 'TAddSub' <Latency = 0> <II = 1> <Delay = 1.99> <IPBlock> <Opcode : '' 'add' 'sub'> <InPorts = 3> <OutPorts = 1> <Sync> <CReg>
ST_2 : Operation 1957 [1/1] (0.00ns)   --->   "%sext_ln58_1313 = sext i16 %add_ln58_2328" [firmware/nnet_utils/nnet_dense_latency.h:58]   --->   Operation 1957 'sext' 'sext_ln58_1313' <Predicate = true> <Delay = 0.00>
ST_2 : Operation 1958 [1/1] (3.96ns) (root node of TernaryAdder)   --->   "%add_ln58_2329 = add i18 %sext_ln58_1313, i18 %add_ln58_2322" [firmware/nnet_utils/nnet_dense_latency.h:58]   --->   Operation 1958 'add' 'add_ln58_2329' <Predicate = true> <Delay = 3.96> <CoreInst = "TAddSub">   --->   Core 10 'TAddSub' <Latency = 0> <II = 1> <Delay = 1.99> <IPBlock> <Opcode : '' 'add' 'sub'> <InPorts = 3> <OutPorts = 1> <Sync> <CReg>
ST_2 : Operation 1959 [1/1] (0.00ns)   --->   "%sext_ln58_281 = sext i18 %add_ln58_2329" [firmware/nnet_utils/nnet_dense_latency.h:58]   --->   Operation 1959 'sext' 'sext_ln58_281' <Predicate = true> <Delay = 0.00>
ST_2 : Operation 1960 [1/1] (0.00ns)   --->   "%sext_ln58_1314 = sext i16 %add_ln58_2330" [firmware/nnet_utils/nnet_dense_latency.h:58]   --->   Operation 1960 'sext' 'sext_ln58_1314' <Predicate = true> <Delay = 0.00>
ST_2 : Operation 1961 [1/1] (2.13ns)   --->   "%add_ln58_2331 = add i19 %sext_ln58_1314, i19 %sext_ln58_281" [firmware/nnet_utils/nnet_dense_latency.h:58]   --->   Operation 1961 'add' 'add_ln58_2331' <Predicate = true> <Delay = 2.13> <CoreInst = "Adder">   --->   Core 1 'Adder' <Latency = 0> <II = 1> <Delay = 2.13> <FuncUnit> <Opcode : 'add' 'sub'> <InPorts = 2> <OutPorts = 1>
ST_2 : Operation 1962 [1/1] (0.00ns)   --->   "%sext_ln58_1317 = sext i17 %add_ln58_2334" [firmware/nnet_utils/nnet_dense_latency.h:58]   --->   Operation 1962 'sext' 'sext_ln58_1317' <Predicate = true> <Delay = 0.00>
ST_2 : Operation 1963 [1/1] (0.00ns) (grouped into TernaryAdder)   --->   "%add_ln58_2335 = add i19 %sext_ln58_1317, i19 %add_ln58_2331" [firmware/nnet_utils/nnet_dense_latency.h:58]   --->   Operation 1963 'add' 'add_ln58_2335' <Predicate = true> <Delay = 0.00> <CoreInst = "TAddSub">   --->   Core 10 'TAddSub' <Latency = 0> <II = 1> <Delay = 1.99> <IPBlock> <Opcode : '' 'add' 'sub'> <InPorts = 3> <OutPorts = 1> <Sync> <CReg>
ST_2 : Operation 1964 [1/1] (0.00ns)   --->   "%sext_ln58_1325 = sext i16 %add_ln58_2339" [firmware/nnet_utils/nnet_dense_latency.h:58]   --->   Operation 1964 'sext' 'sext_ln58_1325' <Predicate = true> <Delay = 0.00>
ST_2 : Operation 1965 [1/1] (3.99ns) (root node of TernaryAdder)   --->   "%add_ln58_2340 = add i19 %sext_ln58_1325, i19 %add_ln58_2335" [firmware/nnet_utils/nnet_dense_latency.h:58]   --->   Operation 1965 'add' 'add_ln58_2340' <Predicate = true> <Delay = 3.99> <CoreInst = "TAddSub">   --->   Core 10 'TAddSub' <Latency = 0> <II = 1> <Delay = 1.99> <IPBlock> <Opcode : '' 'add' 'sub'> <InPorts = 3> <OutPorts = 1> <Sync> <CReg>
ST_2 : Operation 1966 [1/1] (0.00ns) (grouped into TernaryAdder)   --->   "%add_ln58_2341 = add i19 %sext_ln58_217, i19 %sext_ln17_755" [firmware/nnet_utils/nnet_dense_latency.h:58]   --->   Operation 1966 'add' 'add_ln58_2341' <Predicate = true> <Delay = 0.00> <CoreInst = "TAddSub">   --->   Core 10 'TAddSub' <Latency = 0> <II = 1> <Delay = 1.99> <IPBlock> <Opcode : '' 'add' 'sub'> <InPorts = 3> <OutPorts = 1> <Sync> <CReg>
ST_2 : Operation 1967 [1/1] (0.00ns)   --->   "%sext_ln58_1326 = sext i17 %add_ln58_2342" [firmware/nnet_utils/nnet_dense_latency.h:58]   --->   Operation 1967 'sext' 'sext_ln58_1326' <Predicate = true> <Delay = 0.00>
ST_2 : Operation 1968 [1/1] (3.99ns) (root node of TernaryAdder)   --->   "%add_ln58_2343 = add i19 %sext_ln58_1326, i19 %add_ln58_2341" [firmware/nnet_utils/nnet_dense_latency.h:58]   --->   Operation 1968 'add' 'add_ln58_2343' <Predicate = true> <Delay = 3.99> <CoreInst = "TAddSub">   --->   Core 10 'TAddSub' <Latency = 0> <II = 1> <Delay = 1.99> <IPBlock> <Opcode : '' 'add' 'sub'> <InPorts = 3> <OutPorts = 1> <Sync> <CReg>
ST_2 : Operation 1969 [1/1] (0.00ns)   --->   "%sext_ln58_1329 = sext i17 %add_ln58_2346" [firmware/nnet_utils/nnet_dense_latency.h:58]   --->   Operation 1969 'sext' 'sext_ln58_1329' <Predicate = true> <Delay = 0.00>
ST_2 : Operation 1970 [1/1] (0.00ns) (grouped into TernaryAdder)   --->   "%add_ln58_2347 = add i19 %sext_ln58_1329, i19 %add_ln58_2343" [firmware/nnet_utils/nnet_dense_latency.h:58]   --->   Operation 1970 'add' 'add_ln58_2347' <Predicate = true> <Delay = 0.00> <CoreInst = "TAddSub">   --->   Core 10 'TAddSub' <Latency = 0> <II = 1> <Delay = 1.99> <IPBlock> <Opcode : '' 'add' 'sub'> <InPorts = 3> <OutPorts = 1> <Sync> <CReg>
ST_2 : Operation 1971 [1/1] (0.00ns)   --->   "%sext_ln58_1337 = sext i17 %add_ln58_2352" [firmware/nnet_utils/nnet_dense_latency.h:58]   --->   Operation 1971 'sext' 'sext_ln58_1337' <Predicate = true> <Delay = 0.00>
ST_2 : Operation 1972 [1/1] (3.99ns) (root node of TernaryAdder)   --->   "%add_ln58_2353 = add i19 %sext_ln58_1337, i19 %add_ln58_2347" [firmware/nnet_utils/nnet_dense_latency.h:58]   --->   Operation 1972 'add' 'add_ln58_2353' <Predicate = true> <Delay = 3.99> <CoreInst = "TAddSub">   --->   Core 10 'TAddSub' <Latency = 0> <II = 1> <Delay = 1.99> <IPBlock> <Opcode : '' 'add' 'sub'> <InPorts = 3> <OutPorts = 1> <Sync> <CReg>
ST_2 : Operation 1973 [1/1] (0.00ns)   --->   "%sext_ln58_283 = sext i19 %add_ln58_2353" [firmware/nnet_utils/nnet_dense_latency.h:58]   --->   Operation 1973 'sext' 'sext_ln58_283' <Predicate = true> <Delay = 0.00>
ST_2 : Operation 1974 [1/1] (0.00ns) (grouped into TernaryAdder)   --->   "%add_ln58_2354 = add i20 %sext_ln58_283, i20 %sext_ln17_815" [firmware/nnet_utils/nnet_dense_latency.h:58]   --->   Operation 1974 'add' 'add_ln58_2354' <Predicate = true> <Delay = 0.00> <CoreInst = "TAddSub">   --->   Core 10 'TAddSub' <Latency = 0> <II = 1> <Delay = 1.99> <IPBlock> <Opcode : '' 'add' 'sub'> <InPorts = 3> <OutPorts = 1> <Sync> <CReg>
ST_2 : Operation 1975 [1/1] (0.00ns)   --->   "%sext_ln58_1339 = sext i14 %sub_ln58_48" [firmware/nnet_utils/nnet_dense_latency.h:58]   --->   Operation 1975 'sext' 'sext_ln58_1339' <Predicate = true> <Delay = 0.00>
ST_2 : Operation 1976 [1/1] (4.02ns) (root node of TernaryAdder)   --->   "%add_ln58_2356 = add i20 %sext_ln58_1339, i20 %add_ln58_2354" [firmware/nnet_utils/nnet_dense_latency.h:58]   --->   Operation 1976 'add' 'add_ln58_2356' <Predicate = true> <Delay = 4.02> <CoreInst = "TAddSub">   --->   Core 10 'TAddSub' <Latency = 0> <II = 1> <Delay = 1.99> <IPBlock> <Opcode : '' 'add' 'sub'> <InPorts = 3> <OutPorts = 1> <Sync> <CReg>
ST_2 : Operation 1977 [1/1] (0.00ns)   --->   "%sext_ln58_1340 = sext i16 %add_ln58_2357" [firmware/nnet_utils/nnet_dense_latency.h:58]   --->   Operation 1977 'sext' 'sext_ln58_1340' <Predicate = true> <Delay = 0.00>
ST_2 : Operation 1978 [1/1] (2.16ns)   --->   "%add_ln58_2358 = add i20 %sext_ln58_1340, i20 %sext_ln58_245" [firmware/nnet_utils/nnet_dense_latency.h:58]   --->   Operation 1978 'add' 'add_ln58_2358' <Predicate = true> <Delay = 2.16> <CoreInst = "Adder">   --->   Core 1 'Adder' <Latency = 0> <II = 1> <Delay = 2.16> <FuncUnit> <Opcode : 'add' 'sub'> <InPorts = 2> <OutPorts = 1>
ST_2 : Operation 1979 [1/1] (0.00ns)   --->   "%sext_ln58_1345 = sext i16 %add_ln58_2365" [firmware/nnet_utils/nnet_dense_latency.h:58]   --->   Operation 1979 'sext' 'sext_ln58_1345' <Predicate = true> <Delay = 0.00>
ST_2 : Operation 1980 [1/1] (0.00ns) (grouped into TernaryAdder)   --->   "%add_ln58_2366 = add i18 %sext_ln58_1345, i18 %add_ln58_2363" [firmware/nnet_utils/nnet_dense_latency.h:58]   --->   Operation 1980 'add' 'add_ln58_2366' <Predicate = true> <Delay = 0.00> <CoreInst = "TAddSub">   --->   Core 10 'TAddSub' <Latency = 0> <II = 1> <Delay = 1.99> <IPBlock> <Opcode : '' 'add' 'sub'> <InPorts = 3> <OutPorts = 1> <Sync> <CReg>
ST_2 : Operation 1981 [1/1] (0.00ns)   --->   "%sext_ln58_1348 = sext i16 %add_ln58_2370" [firmware/nnet_utils/nnet_dense_latency.h:58]   --->   Operation 1981 'sext' 'sext_ln58_1348' <Predicate = true> <Delay = 0.00>
ST_2 : Operation 1982 [1/1] (3.96ns) (root node of TernaryAdder)   --->   "%add_ln58_2371 = add i18 %sext_ln58_1348, i18 %add_ln58_2366" [firmware/nnet_utils/nnet_dense_latency.h:58]   --->   Operation 1982 'add' 'add_ln58_2371' <Predicate = true> <Delay = 3.96> <CoreInst = "TAddSub">   --->   Core 10 'TAddSub' <Latency = 0> <II = 1> <Delay = 1.99> <IPBlock> <Opcode : '' 'add' 'sub'> <InPorts = 3> <OutPorts = 1> <Sync> <CReg>
ST_2 : Operation 1983 [1/1] (0.00ns)   --->   "%sext_ln58_287 = sext i18 %add_ln58_2371" [firmware/nnet_utils/nnet_dense_latency.h:58]   --->   Operation 1983 'sext' 'sext_ln58_287' <Predicate = true> <Delay = 0.00>
ST_2 : Operation 1984 [1/1] (0.00ns)   --->   "%sext_ln58_1349 = sext i16 %add_ln58_2372" [firmware/nnet_utils/nnet_dense_latency.h:58]   --->   Operation 1984 'sext' 'sext_ln58_1349' <Predicate = true> <Delay = 0.00>
ST_2 : Operation 1985 [1/1] (2.13ns)   --->   "%add_ln58_2373 = add i19 %sext_ln58_1349, i19 %sext_ln58_287" [firmware/nnet_utils/nnet_dense_latency.h:58]   --->   Operation 1985 'add' 'add_ln58_2373' <Predicate = true> <Delay = 2.13> <CoreInst = "Adder">   --->   Core 1 'Adder' <Latency = 0> <II = 1> <Delay = 2.13> <FuncUnit> <Opcode : 'add' 'sub'> <InPorts = 2> <OutPorts = 1>
ST_2 : Operation 1986 [1/1] (0.00ns)   --->   "%sext_ln58_1399 = sext i11 %add_ln58_2374" [firmware/nnet_utils/nnet_dense_latency.h:58]   --->   Operation 1986 'sext' 'sext_ln58_1399' <Predicate = true> <Delay = 0.00>
ST_2 : Operation 1987 [1/1] (5.63ns)   --->   "%mul_ln58_2 = mul i16 %sext_ln58_1399, i16 23" [firmware/nnet_utils/nnet_dense_latency.h:58]   --->   Operation 1987 'mul' 'mul_ln58_2' <Predicate = true> <Delay = 5.63> <CoreInst = "Multiplier">   --->   Core 3 'Multiplier' <Latency = 0> <II = 1> <Delay = 5.63> <FuncUnit> <Opcode : 'mul'> <InPorts = 2> <OutPorts = 1>
ST_2 : Operation 1988 [1/1] (0.00ns)   --->   "%sext_ln58_1350 = sext i16 %mul_ln58_2" [firmware/nnet_utils/nnet_dense_latency.h:58]   --->   Operation 1988 'sext' 'sext_ln58_1350' <Predicate = true> <Delay = 0.00>
ST_2 : Operation 1989 [1/1] (0.00ns)   --->   "%sext_ln58_1351 = sext i16 %add_ln58_2375" [firmware/nnet_utils/nnet_dense_latency.h:58]   --->   Operation 1989 'sext' 'sext_ln58_1351' <Predicate = true> <Delay = 0.00>
ST_2 : Operation 1990 [1/1] (2.07ns)   --->   "%add_ln58_2376 = add i17 %sext_ln58_1351, i17 %sext_ln58_1350" [firmware/nnet_utils/nnet_dense_latency.h:58]   --->   Operation 1990 'add' 'add_ln58_2376' <Predicate = true> <Delay = 2.07> <CoreInst = "Adder">   --->   Core 1 'Adder' <Latency = 0> <II = 1> <Delay = 2.07> <FuncUnit> <Opcode : 'add' 'sub'> <InPorts = 2> <OutPorts = 1>
ST_2 : Operation 1991 [1/1] (0.00ns)   --->   "%sext_ln58_1352 = sext i17 %add_ln58_2376" [firmware/nnet_utils/nnet_dense_latency.h:58]   --->   Operation 1991 'sext' 'sext_ln58_1352' <Predicate = true> <Delay = 0.00>
ST_2 : Operation 1992 [1/1] (0.00ns) (grouped into TernaryAdder)   --->   "%add_ln58_2377 = add i19 %sext_ln58_1352, i19 %add_ln58_2373" [firmware/nnet_utils/nnet_dense_latency.h:58]   --->   Operation 1992 'add' 'add_ln58_2377' <Predicate = true> <Delay = 0.00> <CoreInst = "TAddSub">   --->   Core 10 'TAddSub' <Latency = 0> <II = 1> <Delay = 1.99> <IPBlock> <Opcode : '' 'add' 'sub'> <InPorts = 3> <OutPorts = 1> <Sync> <CReg>
ST_2 : Operation 1993 [1/1] (0.00ns)   --->   "%sext_ln58_1356 = sext i16 %add_ln58_2381" [firmware/nnet_utils/nnet_dense_latency.h:58]   --->   Operation 1993 'sext' 'sext_ln58_1356' <Predicate = true> <Delay = 0.00>
ST_2 : Operation 1994 [1/1] (3.99ns) (root node of TernaryAdder)   --->   "%add_ln58_2382 = add i19 %sext_ln58_1356, i19 %add_ln58_2377" [firmware/nnet_utils/nnet_dense_latency.h:58]   --->   Operation 1994 'add' 'add_ln58_2382' <Predicate = true> <Delay = 3.99> <CoreInst = "TAddSub">   --->   Core 10 'TAddSub' <Latency = 0> <II = 1> <Delay = 1.99> <IPBlock> <Opcode : '' 'add' 'sub'> <InPorts = 3> <OutPorts = 1> <Sync> <CReg>
ST_2 : Operation 1995 [1/1] (0.00ns)   --->   "%sext_ln58_288 = sext i19 %add_ln58_2382" [firmware/nnet_utils/nnet_dense_latency.h:58]   --->   Operation 1995 'sext' 'sext_ln58_288' <Predicate = true> <Delay = 0.00>
ST_2 : Operation 1996 [1/1] (2.16ns)   --->   "%add_ln58_2383 = add i20 %sext_ln58_288, i20 %sext_ln17_828" [firmware/nnet_utils/nnet_dense_latency.h:58]   --->   Operation 1996 'add' 'add_ln58_2383' <Predicate = true> <Delay = 2.16> <CoreInst = "Adder">   --->   Core 1 'Adder' <Latency = 0> <II = 1> <Delay = 2.16> <FuncUnit> <Opcode : 'add' 'sub'> <InPorts = 2> <OutPorts = 1>
ST_2 : Operation 1997 [1/1] (2.16ns)   --->   "%add_ln58_2384 = add i20 %sext_ln58_252, i20 %sext_ln17_829" [firmware/nnet_utils/nnet_dense_latency.h:58]   --->   Operation 1997 'add' 'add_ln58_2384' <Predicate = true> <Delay = 2.16> <CoreInst = "Adder">   --->   Core 1 'Adder' <Latency = 0> <II = 1> <Delay = 2.16> <FuncUnit> <Opcode : 'add' 'sub'> <InPorts = 2> <OutPorts = 1>
ST_2 : Operation 1998 [1/1] (0.00ns)   --->   "%sext_ln58_1402 = sext i16 %add_ln58_2386" [firmware/nnet_utils/nnet_dense_latency.h:58]   --->   Operation 1998 'sext' 'sext_ln58_1402' <Predicate = true> <Delay = 0.00>
ST_2 : Operation 1999 [1/1] (0.00ns)   --->   "%sext_ln58_1403 = sext i11 %add_ln58_2387" [firmware/nnet_utils/nnet_dense_latency.h:58]   --->   Operation 1999 'sext' 'sext_ln58_1403' <Predicate = true> <Delay = 0.00>
ST_2 : Operation 2000 [1/1] (5.63ns)   --->   "%mul_ln58_3 = mul i16 %sext_ln58_1403, i16 65515" [firmware/nnet_utils/nnet_dense_latency.h:58]   --->   Operation 2000 'mul' 'mul_ln58_3' <Predicate = true> <Delay = 5.63> <CoreInst = "Multiplier">   --->   Core 3 'Multiplier' <Latency = 0> <II = 1> <Delay = 5.63> <FuncUnit> <Opcode : 'mul'> <InPorts = 2> <OutPorts = 1>
ST_2 : Operation 2001 [1/1] (0.00ns)   --->   "%sext_ln58_1358 = sext i16 %mul_ln58_3" [firmware/nnet_utils/nnet_dense_latency.h:58]   --->   Operation 2001 'sext' 'sext_ln58_1358' <Predicate = true> <Delay = 0.00>
ST_2 : Operation 2002 [1/1] (0.00ns)   --->   "%sext_ln58_1359 = sext i16 %add_ln58_2388" [firmware/nnet_utils/nnet_dense_latency.h:58]   --->   Operation 2002 'sext' 'sext_ln58_1359' <Predicate = true> <Delay = 0.00>
ST_2 : Operation 2003 [1/1] (0.00ns) (grouped into TernaryAdder)   --->   "%add_ln58_2389 = add i17 %sext_ln58_1359, i17 %sext_ln58_1358" [firmware/nnet_utils/nnet_dense_latency.h:58]   --->   Operation 2003 'add' 'add_ln58_2389' <Predicate = true> <Delay = 0.00> <CoreInst = "TAddSub">   --->   Core 10 'TAddSub' <Latency = 0> <II = 1> <Delay = 1.99> <IPBlock> <Opcode : '' 'add' 'sub'> <InPorts = 3> <OutPorts = 1> <Sync> <CReg>
ST_2 : Operation 2004 [1/1] (3.93ns) (root node of TernaryAdder)   --->   "%add_ln58_2390 = add i17 %add_ln58_2389, i17 %sext_ln58_1402" [firmware/nnet_utils/nnet_dense_latency.h:58]   --->   Operation 2004 'add' 'add_ln58_2390' <Predicate = true> <Delay = 3.93> <CoreInst = "TAddSub">   --->   Core 10 'TAddSub' <Latency = 0> <II = 1> <Delay = 1.99> <IPBlock> <Opcode : '' 'add' 'sub'> <InPorts = 3> <OutPorts = 1> <Sync> <CReg>
ST_2 : Operation 2005 [1/1] (0.00ns)   --->   "%sext_ln58_1404 = sext i17 %add_ln58_2390" [firmware/nnet_utils/nnet_dense_latency.h:58]   --->   Operation 2005 'sext' 'sext_ln58_1404' <Predicate = true> <Delay = 0.00>
ST_2 : Operation 2006 [1/1] (0.00ns)   --->   "%sext_ln58_1405 = sext i17 %add_ln58_2397" [firmware/nnet_utils/nnet_dense_latency.h:58]   --->   Operation 2006 'sext' 'sext_ln58_1405' <Predicate = true> <Delay = 0.00>
ST_2 : Operation 2007 [1/1] (2.10ns)   --->   "%add_ln58_2398 = add i18 %sext_ln58_1405, i18 %sext_ln58_1404" [firmware/nnet_utils/nnet_dense_latency.h:58]   --->   Operation 2007 'add' 'add_ln58_2398' <Predicate = true> <Delay = 2.10> <CoreInst = "Adder">   --->   Core 1 'Adder' <Latency = 0> <II = 1> <Delay = 2.10> <FuncUnit> <Opcode : 'add' 'sub'> <InPorts = 2> <OutPorts = 1>
ST_2 : Operation 2008 [1/1] (0.00ns)   --->   "%sext_ln58_1406 = sext i18 %add_ln58_2398" [firmware/nnet_utils/nnet_dense_latency.h:58]   --->   Operation 2008 'sext' 'sext_ln58_1406' <Predicate = true> <Delay = 0.00>
ST_2 : Operation 2009 [1/1] (0.00ns)   --->   "%sext_ln58_1410 = sext i17 %add_ln58_2409" [firmware/nnet_utils/nnet_dense_latency.h:58]   --->   Operation 2009 'sext' 'sext_ln58_1410' <Predicate = true> <Delay = 0.00>
ST_2 : Operation 2010 [1/1] (2.13ns)   --->   "%add_ln58_2410 = add i19 %sext_ln58_1410, i19 %sext_ln58_1406" [firmware/nnet_utils/nnet_dense_latency.h:58]   --->   Operation 2010 'add' 'add_ln58_2410' <Predicate = true> <Delay = 2.13> <CoreInst = "Adder">   --->   Core 1 'Adder' <Latency = 0> <II = 1> <Delay = 2.13> <FuncUnit> <Opcode : 'add' 'sub'> <InPorts = 2> <OutPorts = 1>
ST_2 : Operation 2011 [1/1] (0.00ns) (grouped into TernaryAdder)   --->   "%add_ln58_2411 = add i19 %sext_ln58_220, i19 %sext_ln17_773" [firmware/nnet_utils/nnet_dense_latency.h:58]   --->   Operation 2011 'add' 'add_ln58_2411' <Predicate = true> <Delay = 0.00> <CoreInst = "TAddSub">   --->   Core 10 'TAddSub' <Latency = 0> <II = 1> <Delay = 1.99> <IPBlock> <Opcode : '' 'add' 'sub'> <InPorts = 3> <OutPorts = 1> <Sync> <CReg>
ST_2 : Operation 2012 [1/1] (0.00ns)   --->   "%sext_ln58_1382 = sext i16 %add_ln58_2412" [firmware/nnet_utils/nnet_dense_latency.h:58]   --->   Operation 2012 'sext' 'sext_ln58_1382' <Predicate = true> <Delay = 0.00>
ST_2 : Operation 2013 [1/1] (3.99ns) (root node of TernaryAdder)   --->   "%add_ln58_2413 = add i19 %sext_ln58_1382, i19 %add_ln58_2411" [firmware/nnet_utils/nnet_dense_latency.h:58]   --->   Operation 2013 'add' 'add_ln58_2413' <Predicate = true> <Delay = 3.99> <CoreInst = "TAddSub">   --->   Core 10 'TAddSub' <Latency = 0> <II = 1> <Delay = 1.99> <IPBlock> <Opcode : '' 'add' 'sub'> <InPorts = 3> <OutPorts = 1> <Sync> <CReg>
ST_2 : Operation 2014 [1/1] (0.00ns)   --->   "%sext_ln58_1385 = sext i17 %add_ln58_2417" [firmware/nnet_utils/nnet_dense_latency.h:58]   --->   Operation 2014 'sext' 'sext_ln58_1385' <Predicate = true> <Delay = 0.00>
ST_2 : Operation 2015 [1/1] (0.00ns) (grouped into TernaryAdder)   --->   "%add_ln58_2418 = add i19 %sext_ln58_1385, i19 %add_ln58_2413" [firmware/nnet_utils/nnet_dense_latency.h:58]   --->   Operation 2015 'add' 'add_ln58_2418' <Predicate = true> <Delay = 0.00> <CoreInst = "TAddSub">   --->   Core 10 'TAddSub' <Latency = 0> <II = 1> <Delay = 1.99> <IPBlock> <Opcode : '' 'add' 'sub'> <InPorts = 3> <OutPorts = 1> <Sync> <CReg>
ST_2 : Operation 2016 [1/1] (0.00ns)   --->   "%sext_ln58_1391 = sext i16 %add_ln58_2426" [firmware/nnet_utils/nnet_dense_latency.h:58]   --->   Operation 2016 'sext' 'sext_ln58_1391' <Predicate = true> <Delay = 0.00>
ST_2 : Operation 2017 [1/1] (3.99ns) (root node of TernaryAdder)   --->   "%add_ln58_2427 = add i19 %sext_ln58_1391, i19 %add_ln58_2418" [firmware/nnet_utils/nnet_dense_latency.h:58]   --->   Operation 2017 'add' 'add_ln58_2427' <Predicate = true> <Delay = 3.99> <CoreInst = "TAddSub">   --->   Core 10 'TAddSub' <Latency = 0> <II = 1> <Delay = 1.99> <IPBlock> <Opcode : '' 'add' 'sub'> <InPorts = 3> <OutPorts = 1> <Sync> <CReg>
ST_2 : Operation 2018 [1/1] (2.16ns)   --->   "%add_ln58_2428 = add i20 %sext_ln58_253, i20 %sext_ln17_830" [firmware/nnet_utils/nnet_dense_latency.h:58]   --->   Operation 2018 'add' 'add_ln58_2428' <Predicate = true> <Delay = 2.16> <CoreInst = "Adder">   --->   Core 1 'Adder' <Latency = 0> <II = 1> <Delay = 2.16> <FuncUnit> <Opcode : 'add' 'sub'> <InPorts = 2> <OutPorts = 1>

State 3 <SV = 2> <Delay = 6.15>
ST_3 : Operation 2019 [1/1] (0.00ns)   --->   "%specpipeline_ln13 = specpipeline void @_ssdm_op_SpecPipeline, i32 4, i32 0, i32 0, i32 0, void @empty_1" [firmware/nnet_utils/nnet_dense_latency.h:13]   --->   Operation 2019 'specpipeline' 'specpipeline_ln13' <Predicate = true> <Delay = 0.00>
ST_3 : Operation 2020 [1/1] (0.00ns)   --->   "%specresourcelimit_ln33 = specresourcelimit void @_ssdm_op_SpecResourceLimit, i64 128, void @empty_3, void @empty_1, void @empty_1, void @empty_1" [firmware/nnet_utils/nnet_dense_latency.h:33]   --->   Operation 2020 'specresourcelimit' 'specresourcelimit_ln33' <Predicate = true> <Delay = 0.00>
ST_3 : Operation 2021 [1/1] (0.00ns)   --->   "%sext_ln17_823 = sext i17 %mult_1124" [firmware/nnet_utils/nnet_dense_latency.h:17]   --->   Operation 2021 'sext' 'sext_ln17_823' <Predicate = true> <Delay = 0.00>
ST_3 : Operation 2022 [1/1] (0.00ns)   --->   "%sext_ln58_248 = sext i19 %add_ln58_2153" [firmware/nnet_utils/nnet_dense_latency.h:58]   --->   Operation 2022 'sext' 'sext_ln58_248' <Predicate = true> <Delay = 0.00>
ST_3 : Operation 2023 [1/1] (2.16ns)   --->   "%add_ln58_2196 = add i20 %sext_ln58_248, i20 %sext_ln17_823" [firmware/nnet_utils/nnet_dense_latency.h:58]   --->   Operation 2023 'add' 'add_ln58_2196' <Predicate = true> <Delay = 2.16> <CoreInst = "Adder">   --->   Core 1 'Adder' <Latency = 0> <II = 1> <Delay = 2.16> <FuncUnit> <Opcode : 'add' 'sub'> <InPorts = 2> <OutPorts = 1>
ST_3 : Operation 2024 [1/1] (0.00ns)   --->   "%sext_ln58_254 = sext i20 %add_ln58_2196" [firmware/nnet_utils/nnet_dense_latency.h:58]   --->   Operation 2024 'sext' 'sext_ln58_254' <Predicate = true> <Delay = 0.00>
ST_3 : Operation 2025 [1/1] (0.00ns)   --->   "%sext_ln58_255 = sext i19 %add_ln58_2207" [firmware/nnet_utils/nnet_dense_latency.h:58]   --->   Operation 2025 'sext' 'sext_ln58_255' <Predicate = true> <Delay = 0.00>
ST_3 : Operation 2026 [1/1] (0.00ns)   --->   "%sext_ln58_256 = sext i20 %add_ln58_2208" [firmware/nnet_utils/nnet_dense_latency.h:58]   --->   Operation 2026 'sext' 'sext_ln58_256' <Predicate = true> <Delay = 0.00>
ST_3 : Operation 2027 [1/1] (0.00ns)   --->   "%sext_ln58_259 = sext i20 %add_ln58_2232" [firmware/nnet_utils/nnet_dense_latency.h:58]   --->   Operation 2027 'sext' 'sext_ln58_259' <Predicate = true> <Delay = 0.00>
ST_3 : Operation 2028 [1/1] (0.00ns)   --->   "%sext_ln58_260 = sext i19 %add_ln58_2242" [firmware/nnet_utils/nnet_dense_latency.h:58]   --->   Operation 2028 'sext' 'sext_ln58_260' <Predicate = true> <Delay = 0.00>
ST_3 : Operation 2029 [1/1] (0.00ns)   --->   "%sext_ln58_261 = sext i19 %add_ln58_2250" [firmware/nnet_utils/nnet_dense_latency.h:58]   --->   Operation 2029 'sext' 'sext_ln58_261' <Predicate = true> <Delay = 0.00>
ST_3 : Operation 2030 [1/1] (0.00ns)   --->   "%sext_ln58_1283 = sext i17 %add_ln58_2270" [firmware/nnet_utils/nnet_dense_latency.h:58]   --->   Operation 2030 'sext' 'sext_ln58_1283' <Predicate = true> <Delay = 0.00>
ST_3 : Operation 2031 [1/1] (0.00ns) (grouped into TernaryAdder)   --->   "%add_ln58_2271 = add i19 %sext_ln58_1283, i19 %add_ln58_2267" [firmware/nnet_utils/nnet_dense_latency.h:58]   --->   Operation 2031 'add' 'add_ln58_2271' <Predicate = true> <Delay = 0.00> <CoreInst = "TAddSub">   --->   Core 10 'TAddSub' <Latency = 0> <II = 1> <Delay = 1.99> <IPBlock> <Opcode : '' 'add' 'sub'> <InPorts = 3> <OutPorts = 1> <Sync> <CReg>
ST_3 : Operation 2032 [1/1] (0.00ns)   --->   "%sext_ln58_1288 = sext i17 %add_ln58_2278" [firmware/nnet_utils/nnet_dense_latency.h:58]   --->   Operation 2032 'sext' 'sext_ln58_1288' <Predicate = true> <Delay = 0.00>
ST_3 : Operation 2033 [1/1] (3.99ns) (root node of TernaryAdder)   --->   "%add_ln58_2279 = add i19 %sext_ln58_1288, i19 %add_ln58_2271" [firmware/nnet_utils/nnet_dense_latency.h:58]   --->   Operation 2033 'add' 'add_ln58_2279' <Predicate = true> <Delay = 3.99> <CoreInst = "TAddSub">   --->   Core 10 'TAddSub' <Latency = 0> <II = 1> <Delay = 1.99> <IPBlock> <Opcode : '' 'add' 'sub'> <InPorts = 3> <OutPorts = 1> <Sync> <CReg>
ST_3 : Operation 2034 [1/1] (0.00ns)   --->   "%sext_ln58_268 = sext i19 %add_ln58_2279" [firmware/nnet_utils/nnet_dense_latency.h:58]   --->   Operation 2034 'sext' 'sext_ln58_268' <Predicate = true> <Delay = 0.00>
ST_3 : Operation 2035 [1/1] (0.00ns)   --->   "%sext_ln58_1289 = sext i16 %add_ln58_2280" [firmware/nnet_utils/nnet_dense_latency.h:58]   --->   Operation 2035 'sext' 'sext_ln58_1289' <Predicate = true> <Delay = 0.00>
ST_3 : Operation 2036 [1/1] (2.16ns)   --->   "%add_ln58_2281 = add i20 %sext_ln58_1289, i20 %sext_ln58_268" [firmware/nnet_utils/nnet_dense_latency.h:58]   --->   Operation 2036 'add' 'add_ln58_2281' <Predicate = true> <Delay = 2.16> <CoreInst = "Adder">   --->   Core 1 'Adder' <Latency = 0> <II = 1> <Delay = 2.16> <FuncUnit> <Opcode : 'add' 'sub'> <InPorts = 2> <OutPorts = 1>
ST_3 : Operation 2037 [1/1] (0.00ns)   --->   "%sext_ln58_269 = sext i20 %add_ln58_2281" [firmware/nnet_utils/nnet_dense_latency.h:58]   --->   Operation 2037 'sext' 'sext_ln58_269' <Predicate = true> <Delay = 0.00>
ST_3 : Operation 2038 [1/1] (0.00ns)   --->   "%sext_ln58_276 = sext i19 %add_ln58_2311" [firmware/nnet_utils/nnet_dense_latency.h:58]   --->   Operation 2038 'sext' 'sext_ln58_276' <Predicate = true> <Delay = 0.00>
ST_3 : Operation 2039 [1/1] (0.00ns)   --->   "%sext_ln58_282 = sext i19 %add_ln58_2340" [firmware/nnet_utils/nnet_dense_latency.h:58]   --->   Operation 2039 'sext' 'sext_ln58_282' <Predicate = true> <Delay = 0.00>
ST_3 : Operation 2040 [1/1] (0.00ns)   --->   "%sext_ln58_284 = sext i20 %add_ln58_2356" [firmware/nnet_utils/nnet_dense_latency.h:58]   --->   Operation 2040 'sext' 'sext_ln58_284' <Predicate = true> <Delay = 0.00>
ST_3 : Operation 2041 [1/1] (0.00ns)   --->   "%sext_ln58_285 = sext i20 %add_ln58_2358" [firmware/nnet_utils/nnet_dense_latency.h:58]   --->   Operation 2041 'sext' 'sext_ln58_285' <Predicate = true> <Delay = 0.00>
ST_3 : Operation 2042 [1/1] (0.00ns)   --->   "%sext_ln58_289 = sext i20 %add_ln58_2383" [firmware/nnet_utils/nnet_dense_latency.h:58]   --->   Operation 2042 'sext' 'sext_ln58_289' <Predicate = true> <Delay = 0.00>
ST_3 : Operation 2043 [1/1] (0.00ns)   --->   "%sext_ln58_290 = sext i20 %add_ln58_2384" [firmware/nnet_utils/nnet_dense_latency.h:58]   --->   Operation 2043 'sext' 'sext_ln58_290' <Predicate = true> <Delay = 0.00>
ST_3 : Operation 2044 [1/1] (0.00ns)   --->   "%sext_ln58_291 = sext i19 %add_ln58_2410" [firmware/nnet_utils/nnet_dense_latency.h:58]   --->   Operation 2044 'sext' 'sext_ln58_291' <Predicate = true> <Delay = 0.00>
ST_3 : Operation 2045 [1/1] (0.00ns)   --->   "%sext_ln58_292 = sext i19 %add_ln58_2427" [firmware/nnet_utils/nnet_dense_latency.h:58]   --->   Operation 2045 'sext' 'sext_ln58_292' <Predicate = true> <Delay = 0.00>
ST_3 : Operation 2046 [1/1] (0.00ns)   --->   "%sext_ln68 = sext i20 %add_ln58_2428" [firmware/nnet_utils/nnet_dense_latency.h:68]   --->   Operation 2046 'sext' 'sext_ln68' <Predicate = true> <Delay = 0.00>
ST_3 : Operation 2047 [1/1] (0.00ns)   --->   "%mrv = insertvalue i416 <undef>, i26 %sext_ln58_254" [firmware/nnet_utils/nnet_dense_latency.h:68]   --->   Operation 2047 'insertvalue' 'mrv' <Predicate = true> <Delay = 0.00>
ST_3 : Operation 2048 [1/1] (0.00ns)   --->   "%mrv_1 = insertvalue i416 %mrv, i26 %sext_ln58_255" [firmware/nnet_utils/nnet_dense_latency.h:68]   --->   Operation 2048 'insertvalue' 'mrv_1' <Predicate = true> <Delay = 0.00>
ST_3 : Operation 2049 [1/1] (0.00ns)   --->   "%mrv_2 = insertvalue i416 %mrv_1, i26 %sext_ln58_256" [firmware/nnet_utils/nnet_dense_latency.h:68]   --->   Operation 2049 'insertvalue' 'mrv_2' <Predicate = true> <Delay = 0.00>
ST_3 : Operation 2050 [1/1] (0.00ns)   --->   "%mrv_3 = insertvalue i416 %mrv_2, i26 %sext_ln58_259" [firmware/nnet_utils/nnet_dense_latency.h:68]   --->   Operation 2050 'insertvalue' 'mrv_3' <Predicate = true> <Delay = 0.00>
ST_3 : Operation 2051 [1/1] (0.00ns)   --->   "%mrv_4 = insertvalue i416 %mrv_3, i26 %sext_ln58_260" [firmware/nnet_utils/nnet_dense_latency.h:68]   --->   Operation 2051 'insertvalue' 'mrv_4' <Predicate = true> <Delay = 0.00>
ST_3 : Operation 2052 [1/1] (0.00ns)   --->   "%mrv_5 = insertvalue i416 %mrv_4, i26 %sext_ln58_261" [firmware/nnet_utils/nnet_dense_latency.h:68]   --->   Operation 2052 'insertvalue' 'mrv_5' <Predicate = true> <Delay = 0.00>
ST_3 : Operation 2053 [1/1] (0.00ns)   --->   "%mrv_6 = insertvalue i416 %mrv_5, i26 %sext_ln58_269" [firmware/nnet_utils/nnet_dense_latency.h:68]   --->   Operation 2053 'insertvalue' 'mrv_6' <Predicate = true> <Delay = 0.00>
ST_3 : Operation 2054 [1/1] (0.00ns)   --->   "%mrv_7 = insertvalue i416 %mrv_6, i26 %sext_ln58_276" [firmware/nnet_utils/nnet_dense_latency.h:68]   --->   Operation 2054 'insertvalue' 'mrv_7' <Predicate = true> <Delay = 0.00>
ST_3 : Operation 2055 [1/1] (0.00ns)   --->   "%mrv_8 = insertvalue i416 %mrv_7, i26 %sext_ln58_282" [firmware/nnet_utils/nnet_dense_latency.h:68]   --->   Operation 2055 'insertvalue' 'mrv_8' <Predicate = true> <Delay = 0.00>
ST_3 : Operation 2056 [1/1] (0.00ns)   --->   "%mrv_9 = insertvalue i416 %mrv_8, i26 %sext_ln58_284" [firmware/nnet_utils/nnet_dense_latency.h:68]   --->   Operation 2056 'insertvalue' 'mrv_9' <Predicate = true> <Delay = 0.00>
ST_3 : Operation 2057 [1/1] (0.00ns)   --->   "%mrv_10 = insertvalue i416 %mrv_9, i26 %sext_ln58_285" [firmware/nnet_utils/nnet_dense_latency.h:68]   --->   Operation 2057 'insertvalue' 'mrv_10' <Predicate = true> <Delay = 0.00>
ST_3 : Operation 2058 [1/1] (0.00ns)   --->   "%mrv_11 = insertvalue i416 %mrv_10, i26 %sext_ln58_289" [firmware/nnet_utils/nnet_dense_latency.h:68]   --->   Operation 2058 'insertvalue' 'mrv_11' <Predicate = true> <Delay = 0.00>
ST_3 : Operation 2059 [1/1] (0.00ns)   --->   "%mrv_12 = insertvalue i416 %mrv_11, i26 %sext_ln58_290" [firmware/nnet_utils/nnet_dense_latency.h:68]   --->   Operation 2059 'insertvalue' 'mrv_12' <Predicate = true> <Delay = 0.00>
ST_3 : Operation 2060 [1/1] (0.00ns)   --->   "%mrv_13 = insertvalue i416 %mrv_12, i26 %sext_ln58_291" [firmware/nnet_utils/nnet_dense_latency.h:68]   --->   Operation 2060 'insertvalue' 'mrv_13' <Predicate = true> <Delay = 0.00>
ST_3 : Operation 2061 [1/1] (0.00ns)   --->   "%mrv_14 = insertvalue i416 %mrv_13, i26 %sext_ln58_292" [firmware/nnet_utils/nnet_dense_latency.h:68]   --->   Operation 2061 'insertvalue' 'mrv_14' <Predicate = true> <Delay = 0.00>
ST_3 : Operation 2062 [1/1] (0.00ns)   --->   "%mrv_15 = insertvalue i416 %mrv_14, i26 %sext_ln68" [firmware/nnet_utils/nnet_dense_latency.h:68]   --->   Operation 2062 'insertvalue' 'mrv_15' <Predicate = true> <Delay = 0.00>
ST_3 : Operation 2063 [1/1] (0.00ns)   --->   "%ret_ln68 = ret i416 %mrv_15" [firmware/nnet_utils/nnet_dense_latency.h:68]   --->   Operation 2063 'ret' 'ret_ln68' <Predicate = true> <Delay = 0.00>


============================================================
+ Verbose Summary: Timing violations
============================================================
Target clock period: 20.000ns, clock uncertainty: 2.500ns.

 <State 1>: 17.462ns
The critical path consists of the following:
	wire read operation ('data_1_val_read', firmware/nnet_utils/nnet_mult.h:70->firmware/nnet_utils/nnet_dense_latency.h:42) on port 'data_1_val' (firmware/nnet_utils/nnet_mult.h:70->firmware/nnet_utils/nnet_dense_latency.h:42) [65]  (0.000 ns)
	'add' operation 11 bit ('add_ln58_2282', firmware/nnet_utils/nnet_dense_latency.h:58) [1781]  (1.731 ns)
	'add' operation 14 bit ('add_ln58_2283', firmware/nnet_utils/nnet_dense_latency.h:58) [1783]  (3.845 ns)
	'add' operation 15 bit ('add_ln58_2284', firmware/nnet_utils/nnet_dense_latency.h:58) [1785]  (1.944 ns)
	'add' operation 16 bit ('add_ln58_2285', firmware/nnet_utils/nnet_dense_latency.h:58) [1787]  (0.000 ns)
	'add' operation 16 bit ('add_ln58_2286', firmware/nnet_utils/nnet_dense_latency.h:58) [1788]  (3.903 ns)
	'add' operation 17 bit ('add_ln58_2287', firmware/nnet_utils/nnet_dense_latency.h:58) [1790]  (0.000 ns)
	'add' operation 17 bit ('add_ln58_2290', firmware/nnet_utils/nnet_dense_latency.h:58) [1795]  (3.932 ns)
	'add' operation 18 bit ('add_ln58_2291', firmware/nnet_utils/nnet_dense_latency.h:58) [1797]  (2.107 ns)

 <State 2>: 16.128ns
The critical path consists of the following:
	'add' operation 17 bit ('add_ln58_2029', firmware/nnet_utils/nnet_dense_latency.h:58) [1289]  (0.000 ns)
	'add' operation 17 bit ('add_ln58_2032', firmware/nnet_utils/nnet_dense_latency.h:58) [1294]  (3.932 ns)
	'add' operation 18 bit ('add_ln58_2089', firmware/nnet_utils/nnet_dense_latency.h:58) [1412]  (2.107 ns)
	'add' operation 18 bit ('add_ln58_2092', firmware/nnet_utils/nnet_dense_latency.h:58) [1417]  (0.000 ns)
	'add' operation 18 bit ('add_ln58_2096', firmware/nnet_utils/nnet_dense_latency.h:58) [1426]  (3.962 ns)
	'add' operation 19 bit ('add_ln58_2143', firmware/nnet_utils/nnet_dense_latency.h:58) [1530]  (2.136 ns)
	'add' operation 19 bit ('add_ln58_2146', firmware/nnet_utils/nnet_dense_latency.h:58) [1535]  (0.000 ns)
	'add' operation 19 bit ('add_ln58_2153', firmware/nnet_utils/nnet_dense_latency.h:58) [1547]  (3.991 ns)

 <State 3>: 6.157ns
The critical path consists of the following:
	'add' operation 19 bit ('add_ln58_2271', firmware/nnet_utils/nnet_dense_latency.h:58) [1759]  (0.000 ns)
	'add' operation 19 bit ('add_ln58_2279', firmware/nnet_utils/nnet_dense_latency.h:58) [1775]  (3.991 ns)
	'add' operation 20 bit ('add_ln58_2281', firmware/nnet_utils/nnet_dense_latency.h:58) [1779]  (2.166 ns)


============================================================
+ Verbose Summary: Binding
============================================================
N/A
* FSMD analyzer results:
  - Output states:
 - Input state : 
  - Chain level:
	State 1
	State 2
	State 3


============================================================
+ Verbose Summary: Datapath Resource usage 
============================================================
N/A
