

================================================================
== Vitis HLS Report for 'dense_latency_ap_fixed_6_4_0_0_0_ap_fixed_18_14_5_3_0_config7_s'
================================================================
* Date:           Sun May 17 14:56:15 2026

* Version:        2025.1 (Build 6135595 on May 21 2025)
* Project:        wedrowiec_hls_prj
* Solution:       solution1 (Vivado IP Flow Target)
* Product family: zynq
* Target device:  xc7z020-clg400-1


================================================================
== Performance Estimates
================================================================
+ Timing: 
    * Summary: 
    +--------+----------+-----------+------------+
    |  Clock |  Target  | Estimated | Uncertainty|
    +--------+----------+-----------+------------+
    |ap_clk  |  20.00 ns|  14.549 ns|     5.40 ns|
    +--------+----------+-----------+------------+

+ Latency: 
    * Summary: 
    +---------+---------+-----------+-----------+-----+-----+---------+
    |  Latency (cycles) |   Latency (absolute)  |  Interval | Pipeline|
    |   min   |   max   |    min    |    max    | min | max |   Type  |
    +---------+---------+-----------+-----------+-----+-----+---------+
    |        2|        2|  40.000 ns|  40.000 ns|    2|    2|       no|
    +---------+---------+-----------+-----------+-----+-----+---------+

    + Detail: 
        * Instance: 
        N/A

        * Loop: 
        N/A



================================================================
== Utilization Estimates
================================================================
* Summary: 
+-----------------+---------+-----+--------+-------+-----+
|       Name      | BRAM_18K| DSP |   FF   |  LUT  | URAM|
+-----------------+---------+-----+--------+-------+-----+
|DSP              |        -|    -|       -|      -|    -|
|Expression       |        -|    -|       0|   4546|    -|
|FIFO             |        -|    -|       -|      -|    -|
|Instance         |        -|    -|       -|      -|    -|
|Memory           |        -|    -|       -|      -|    -|
|Multiplexer      |        -|    -|       0|    164|    -|
|Register         |        -|    -|     630|      -|    -|
+-----------------+---------+-----+--------+-------+-----+
|Total            |        0|    0|     630|   4710|    0|
+-----------------+---------+-----+--------+-------+-----+
|Available        |      280|  220|  106400|  53200|    0|
+-----------------+---------+-----+--------+-------+-----+
|Utilization (%)  |        0|    0|      ~0|      8|    0|
+-----------------+---------+-----+--------+-------+-----+

+ Detail: 
    * Instance: 
    N/A

    * DSP: 
    N/A

    * Memory: 
    N/A

    * FIFO: 
    N/A

    * Expression: 
    +-------------------------+----------+----+---+----+------------+------------+
    |      Variable Name      | Operation| DSP| FF| LUT| Bitwidth P0| Bitwidth P1|
    +-------------------------+----------+----+---+----+------------+------------+
    |add_ln58_644_fu_294_p2   |         +|   0|  0|  14|           7|           7|
    |add_ln58_645_fu_816_p2   |         +|   0|  0|   8|           8|           8|
    |add_ln58_646_fu_822_p2   |         +|   0|  0|   8|           8|           8|
    |add_ln58_647_fu_828_p2   |         +|   0|  0|   8|           8|           8|
    |add_ln58_648_fu_843_p2   |         +|   0|  0|  15|           8|           8|
    |add_ln58_649_fu_869_p2   |         +|   0|  0|  15|           8|           8|
    |add_ln58_650_fu_889_p2   |         +|   0|  0|  15|           8|           8|
    |add_ln58_651_fu_895_p2   |         +|   0|  0|  15|           8|           8|
    |add_ln58_652_fu_901_p2   |         +|   0|  0|  15|           8|           8|
    |add_ln58_653_fu_913_p2   |         +|   0|  0|   8|           8|           8|
    |add_ln58_654_fu_919_p2   |         +|   0|  0|   9|           9|           9|
    |add_ln58_655_fu_925_p2   |         +|   0|  0|  14|           7|           7|
    |add_ln58_656_fu_935_p2   |         +|   0|  0|   9|           9|           9|
    |add_ln58_657_fu_955_p2   |         +|   0|  0|  14|           7|           7|
    |add_ln58_658_fu_975_p2   |         +|   0|  0|   9|           9|           9|
    |add_ln58_659_fu_995_p2   |         +|   0|  0|  15|           8|           8|
    |add_ln58_660_fu_1011_p2  |         +|   0|  0|  15|           8|           8|
    |add_ln58_661_fu_1021_p2  |         +|   0|  0|   9|           9|           9|
    |add_ln58_662_fu_1037_p2  |         +|   0|  0|   9|           9|           9|
    |add_ln58_663_fu_1053_p2  |         +|   0|  0|   9|           9|           9|
    |add_ln58_664_fu_1093_p2  |         +|   0|  0|   9|           9|           9|
    |add_ln58_665_fu_1131_p2  |         +|   0|  0|   9|           9|           9|
    |add_ln58_666_fu_1161_p2  |         +|   0|  0|  15|           8|           8|
    |add_ln58_667_fu_1171_p2  |         +|   0|  0|   9|           9|           9|
    |add_ln58_668_fu_1177_p2  |         +|   0|  0|   9|           9|           9|
    |add_ln58_669_fu_1183_p2  |         +|   0|  0|  14|           7|           7|
    |add_ln58_670_fu_1193_p2  |         +|   0|  0|   9|           9|           9|
    |add_ln58_671_fu_1229_p2  |         +|   0|  0|  14|           7|           7|
    |add_ln58_672_fu_1239_p2  |         +|   0|  0|   9|           9|           9|
    |add_ln58_673_fu_1273_p2  |         +|   0|  0|  10|          10|          10|
    |add_ln58_674_fu_1285_p2  |         +|   0|  0|   8|           8|           8|
    |add_ln58_675_fu_1295_p2  |         +|   0|  0|  10|          10|          10|
    |add_ln58_676_fu_1325_p2  |         +|   0|  0|  10|          10|          10|
    |add_ln58_677_fu_1335_p2  |         +|   0|  0|  14|           7|           7|
    |add_ln58_678_fu_1345_p2  |         +|   0|  0|  15|           8|           8|
    |add_ln58_679_fu_1355_p2  |         +|   0|  0|  10|          10|          10|
    |add_ln58_680_fu_1361_p2  |         +|   0|  0|   9|           9|           9|
    |add_ln58_681_fu_1367_p2  |         +|   0|  0|  14|           7|           7|
    |add_ln58_682_fu_1387_p2  |         +|   0|  0|   9|           9|           9|
    |add_ln58_683_fu_1397_p2  |         +|   0|  0|   9|           9|           9|
    |add_ln58_684_fu_1407_p2  |         +|   0|  0|  10|          10|          10|
    |add_ln58_685_fu_1423_p2  |         +|   0|  0|  14|           7|           7|
    |add_ln58_686_fu_1433_p2  |         +|   0|  0|  15|           8|           8|
    |add_ln58_687_fu_1443_p2  |         +|   0|  0|  10|          10|          10|
    |add_ln58_688_fu_2592_p2  |         +|   0|  0|  10|          10|          10|
    |add_ln58_689_fu_1459_p2  |         +|   0|  0|  14|           7|           7|
    |add_ln58_690_fu_1469_p2  |         +|   0|  0|  15|           8|           8|
    |add_ln58_691_fu_2600_p2  |         +|   0|  0|  10|          10|          10|
    |add_ln58_692_fu_1493_p2  |         +|   0|  0|  10|          10|          10|
    |add_ln58_693_fu_1499_p2  |         +|   0|  0|  14|           7|           7|
    |add_ln58_694_fu_1509_p2  |         +|   0|  0|  15|           8|           8|
    |add_ln58_695_fu_1519_p2  |         +|   0|  0|  10|          10|          10|
    |add_ln58_696_fu_1525_p2  |         +|   0|  0|  15|           8|           8|
    |add_ln58_697_fu_1535_p2  |         +|   0|  0|  10|          10|          10|
    |add_ln58_698_fu_1557_p2  |         +|   0|  0|   8|           8|           8|
    |add_ln58_699_fu_1567_p2  |         +|   0|  0|  10|          10|          10|
    |add_ln58_700_fu_1577_p2  |         +|   0|  0|  14|           7|           7|
    |add_ln58_701_fu_1586_p2  |         +|   0|  0|  15|           8|           8|
    |add_ln58_702_fu_1612_p2  |         +|   0|  0|   9|           9|           9|
    |add_ln58_703_fu_1646_p2  |         +|   0|  0|  10|          10|          10|
    |add_ln58_704_fu_1672_p2  |         +|   0|  0|  10|          10|          10|
    |add_ln58_705_fu_2674_p2  |         +|   0|  0|  14|           9|           9|
    |add_ln58_706_fu_2684_p2  |         +|   0|  0|  11|          11|          11|
    |add_ln58_707_fu_2690_p2  |         +|   0|  0|  14|           7|           7|
    |add_ln58_708_fu_2708_p2  |         +|   0|  0|  14|           7|           7|
    |add_ln58_709_fu_2717_p2  |         +|   0|  0|  15|           8|           8|
    |add_ln58_710_fu_2727_p2  |         +|   0|  0|  14|           9|           9|
    |add_ln58_711_fu_2737_p2  |         +|   0|  0|  11|          11|          11|
    |add_ln58_712_fu_1678_p2  |         +|   0|  0|   9|           9|           9|
    |add_ln58_713_fu_1684_p2  |         +|   0|  0|  14|           7|           7|
    |add_ln58_714_fu_1694_p2  |         +|   0|  0|   9|           9|           9|
    |add_ln58_715_fu_1722_p2  |         +|   0|  0|  10|          10|          10|
    |add_ln58_716_fu_1728_p2  |         +|   0|  0|  14|           7|           7|
    |add_ln58_717_fu_1738_p2  |         +|   0|  0|  15|           8|           8|
    |add_ln58_718_fu_1748_p2  |         +|   0|  0|  10|          10|          10|
    |add_ln58_719_fu_2779_p2  |         +|   0|  0|  12|          11|          11|
    |add_ln58_720_fu_2804_p2  |         +|   0|  0|  14|           9|           9|
    |add_ln58_721_fu_2814_p2  |         +|   0|  0|  11|          11|          11|
    |add_ln58_722_fu_2830_p2  |         +|   0|  0|   8|           8|           8|
    |add_ln58_723_fu_2840_p2  |         +|   0|  0|  14|           7|           7|
    |add_ln58_724_fu_2848_p2  |         +|   0|  0|  14|           7|           7|
    |add_ln58_725_fu_2857_p2  |         +|   0|  0|  15|           8|           8|
    |add_ln58_726_fu_2867_p2  |         +|   0|  0|  14|           9|           9|
    |add_ln58_727_fu_2877_p2  |         +|   0|  0|  11|          11|          11|
    |add_ln58_728_fu_2905_p2  |         +|   0|  0|  11|          11|          11|
    |add_ln58_729_fu_2920_p2  |         +|   0|  0|  15|           8|           8|
    |add_ln58_730_fu_2930_p2  |         +|   0|  0|  14|           9|           9|
    |add_ln58_731_fu_2940_p2  |         +|   0|  0|  11|          11|          11|
    |add_ln58_732_fu_1776_p2  |         +|   0|  0|  10|          10|          10|
    |add_ln58_733_fu_1782_p2  |         +|   0|  0|  15|           8|           8|
    |add_ln58_734_fu_1792_p2  |         +|   0|  0|  10|          10|          10|
    |add_ln58_735_fu_2967_p2  |         +|   0|  0|  12|          11|          11|
    |add_ln58_736_fu_3000_p2  |         +|   0|  0|  11|          11|          11|
    |add_ln58_737_fu_3025_p2  |         +|   0|  0|  14|           7|           7|
    |add_ln58_738_fu_3033_p2  |         +|   0|  0|  14|           7|           7|
    |add_ln58_739_fu_3043_p2  |         +|   0|  0|  15|           8|           8|
    |add_ln58_740_fu_3053_p2  |         +|   0|  0|  14|           9|           9|
    |add_ln58_741_fu_3063_p2  |         +|   0|  0|  11|          11|          11|
    |add_ln58_742_fu_3105_p2  |         +|   0|  0|  11|          11|          11|
    |add_ln58_743_fu_3124_p2  |         +|   0|  0|   9|           9|           9|
    |add_ln58_744_fu_3130_p2  |         +|   0|  0|  14|           7|           7|
    |add_ln58_745_fu_3140_p2  |         +|   0|  0|  15|           8|           8|
    |add_ln58_746_fu_3150_p2  |         +|   0|  0|   9|           9|           9|
    |add_ln58_747_fu_3160_p2  |         +|   0|  0|  11|          11|          11|
    |add_ln58_748_fu_3180_p2  |         +|   0|  0|  12|          12|          12|
    |add_ln58_749_fu_3200_p2  |         +|   0|  0|  10|          10|          10|
    |add_ln58_750_fu_1808_p2  |         +|   0|  0|  14|           7|           7|
    |add_ln58_751_fu_1818_p2  |         +|   0|  0|  15|           8|           8|
    |add_ln58_752_fu_3209_p2  |         +|   0|  0|  10|          10|          10|
    |add_ln58_753_fu_3225_p2  |         +|   0|  0|  11|          11|          11|
    |add_ln58_754_fu_3240_p2  |         +|   0|  0|  11|          11|          11|
    |add_ln58_755_fu_3259_p2  |         +|   0|  0|  14|           7|           7|
    |add_ln58_756_fu_3269_p2  |         +|   0|  0|  15|           8|           8|
    |add_ln58_757_fu_3279_p2  |         +|   0|  0|  14|           9|           9|
    |add_ln58_758_fu_3289_p2  |         +|   0|  0|  11|          11|          11|
    |add_ln58_759_fu_1824_p2  |         +|   0|  0|  15|           8|           8|
    |add_ln58_760_fu_1834_p2  |         +|   0|  0|  10|          10|          10|
    |add_ln58_761_fu_1840_p2  |         +|   0|  0|  14|           7|           7|
    |add_ln58_762_fu_1850_p2  |         +|   0|  0|  14|           7|           7|
    |add_ln58_763_fu_1860_p2  |         +|   0|  0|  15|           8|           8|
    |add_ln58_764_fu_1870_p2  |         +|   0|  0|  10|          10|          10|
    |add_ln58_765_fu_3308_p2  |         +|   0|  0|  11|          11|          11|
    |add_ln58_766_fu_3318_p2  |         +|   0|  0|  11|          11|          11|
    |add_ln58_767_fu_3328_p2  |         +|   0|  0|   8|           8|           8|
    |add_ln58_768_fu_3334_p2  |         +|   0|  0|   8|           8|           8|
    |add_ln58_769_fu_3344_p2  |         +|   0|  0|  14|           9|           9|
    |add_ln58_770_fu_3354_p2  |         +|   0|  0|  11|          11|          11|
    |add_ln58_771_fu_1886_p2  |         +|   0|  0|  14|           7|           7|
    |add_ln58_772_fu_1896_p2  |         +|   0|  0|   9|           9|           9|
    |add_ln58_773_fu_1906_p2  |         +|   0|  0|  15|           8|           8|
    |add_ln58_774_fu_1916_p2  |         +|   0|  0|  10|          10|          10|
    |add_ln58_775_fu_1922_p2  |         +|   0|  0|  14|           7|           7|
    |add_ln58_776_fu_1932_p2  |         +|   0|  0|  14|           7|           7|
    |add_ln58_777_fu_1942_p2  |         +|   0|  0|  15|           8|           8|
    |add_ln58_778_fu_1952_p2  |         +|   0|  0|  10|          10|          10|
    |add_ln58_779_fu_3377_p2  |         +|   0|  0|  12|          11|          11|
    |add_ln58_780_fu_3389_p2  |         +|   0|  0|   8|           8|           8|
    |add_ln58_781_fu_3398_p2  |         +|   0|  0|  11|          11|          11|
    |add_ln58_782_fu_3414_p2  |         +|   0|  0|  14|           7|           7|
    |add_ln58_783_fu_3422_p2  |         +|   0|  0|  14|           7|           7|
    |add_ln58_784_fu_3432_p2  |         +|   0|  0|  15|           8|           8|
    |add_ln58_785_fu_3442_p2  |         +|   0|  0|  14|           9|           9|
    |add_ln58_786_fu_3452_p2  |         +|   0|  0|  11|          11|          11|
    |add_ln58_787_fu_1972_p2  |         +|   0|  0|  14|           7|           7|
    |add_ln58_788_fu_1982_p2  |         +|   0|  0|  15|           8|           8|
    |add_ln58_789_fu_1992_p2  |         +|   0|  0|   9|           9|           9|
    |add_ln58_790_fu_2012_p2  |         +|   0|  0|  10|          10|          10|
    |add_ln58_791_fu_2028_p2  |         +|   0|  0|  14|           7|           7|
    |add_ln58_792_fu_2038_p2  |         +|   0|  0|  15|           8|           8|
    |add_ln58_793_fu_2048_p2  |         +|   0|  0|  10|          10|          10|
    |add_ln58_794_fu_3471_p2  |         +|   0|  0|  11|          11|          11|
    |add_ln58_795_fu_3487_p2  |         +|   0|  0|  11|          11|          11|
    |add_ln58_796_fu_3502_p2  |         +|   0|  0|  14|           7|           7|
    |add_ln58_797_fu_3511_p2  |         +|   0|  0|  15|           8|           8|
    |add_ln58_798_fu_3521_p2  |         +|   0|  0|  11|          11|          11|
    |add_ln58_799_fu_3540_p2  |         +|   0|  0|  10|          10|          10|
    |add_ln58_800_fu_3545_p2  |         +|   0|  0|  14|           7|           7|
    |add_ln58_801_fu_3563_p2  |         +|   0|  0|  10|          10|          10|
    |add_ln58_802_fu_3573_p2  |         +|   0|  0|  12|          11|          11|
    |add_ln58_803_fu_3596_p2  |         +|   0|  0|  11|          11|          11|
    |add_ln58_804_fu_3602_p2  |         +|   0|  0|  15|           8|           8|
    |add_ln58_805_fu_3612_p2  |         +|   0|  0|  15|           8|           8|
    |add_ln58_806_fu_3622_p2  |         +|   0|  0|  14|           9|           9|
    |add_ln58_807_fu_3632_p2  |         +|   0|  0|  13|          10|          10|
    |add_ln58_808_fu_3642_p2  |         +|   0|  0|  11|          11|          11|
    |add_ln58_809_fu_3652_p2  |         +|   0|  0|  12|          12|          12|
    |add_ln58_810_fu_2064_p2  |         +|   0|  0|   9|           9|           9|
    |add_ln58_811_fu_2084_p2  |         +|   0|  0|  10|          10|          10|
    |add_ln58_812_fu_2110_p2  |         +|   0|  0|   8|           8|           8|
    |add_ln58_813_fu_2120_p2  |         +|   0|  0|  10|          10|          10|
    |add_ln58_814_fu_3675_p2  |         +|   0|  0|  12|          11|          11|
    |add_ln58_815_fu_3691_p2  |         +|   0|  0|   8|           8|           8|
    |add_ln58_816_fu_3701_p2  |         +|   0|  0|  11|          11|          11|
    |add_ln58_817_fu_3716_p2  |         +|   0|  0|  15|           8|           8|
    |add_ln58_818_fu_3726_p2  |         +|   0|  0|  14|           7|           7|
    |add_ln58_819_fu_3734_p2  |         +|   0|  0|  14|           7|           7|
    |add_ln58_820_fu_3744_p2  |         +|   0|  0|  15|           8|           8|
    |add_ln58_821_fu_3754_p2  |         +|   0|  0|  14|           9|           9|
    |add_ln58_822_fu_3764_p2  |         +|   0|  0|  11|          11|          11|
    |add_ln58_823_fu_2146_p2  |         +|   0|  0|   9|           9|           9|
    |add_ln58_824_fu_2156_p2  |         +|   0|  0|  15|           8|           8|
    |add_ln58_825_fu_2166_p2  |         +|   0|  0|  10|          10|          10|
    |add_ln58_826_fu_2182_p2  |         +|   0|  0|  14|           7|           7|
    |add_ln58_827_fu_2192_p2  |         +|   0|  0|  15|           8|           8|
    |add_ln58_828_fu_2202_p2  |         +|   0|  0|  10|          10|          10|
    |add_ln58_829_fu_3787_p2  |         +|   0|  0|  12|          11|          11|
    |add_ln58_830_fu_3811_p2  |         +|   0|  0|  11|          11|          11|
    |add_ln58_831_fu_3817_p2  |         +|   0|  0|  14|           7|           7|
    |add_ln58_832_fu_3825_p2  |         +|   0|  0|  15|           8|           8|
    |add_ln58_833_fu_3835_p2  |         +|   0|  0|  14|           7|           7|
    |add_ln58_834_fu_3845_p2  |         +|   0|  0|  15|           8|           8|
    |add_ln58_835_fu_3855_p2  |         +|   0|  0|  14|           9|           9|
    |add_ln58_836_fu_3865_p2  |         +|   0|  0|  11|          11|          11|
    |add_ln58_837_fu_3892_p2  |         +|   0|  0|  11|          11|          11|
    |add_ln58_838_fu_3912_p2  |         +|   0|  0|  15|           8|           8|
    |add_ln58_839_fu_3922_p2  |         +|   0|  0|  14|           9|           9|
    |add_ln58_840_fu_3932_p2  |         +|   0|  0|  11|          11|          11|
    |add_ln58_841_fu_3942_p2  |         +|   0|  0|  15|           8|           8|
    |add_ln58_842_fu_3951_p2  |         +|   0|  0|  12|          11|          11|
    |add_ln58_843_fu_3963_p2  |         +|   0|  0|   8|           8|           8|
    |add_ln58_844_fu_3973_p2  |         +|   0|  0|  11|          11|          11|
    |add_ln58_845_fu_3982_p2  |         +|   0|  0|  14|           9|           9|
    |add_ln58_846_fu_2214_p2  |         +|   0|  0|  14|           7|           7|
    |add_ln58_847_fu_2224_p2  |         +|   0|  0|  14|           7|           7|
    |add_ln58_848_fu_2234_p2  |         +|   0|  0|  15|           8|           8|
    |add_ln58_849_fu_3995_p2  |         +|   0|  0|  13|          10|          10|
    |add_ln58_850_fu_4005_p2  |         +|   0|  0|  11|          11|          11|
    |add_ln58_851_fu_4025_p2  |         +|   0|  0|  12|          12|          12|
    |add_ln58_852_fu_4041_p2  |         +|   0|  0|  12|          12|          12|
    |add_ln58_853_fu_4051_p2  |         +|   0|  0|   9|           9|           9|
    |add_ln58_854_fu_4061_p2  |         +|   0|  0|  11|          11|          11|
    |add_ln58_855_fu_4067_p2  |         +|   0|  0|  14|           7|           7|
    |add_ln58_856_fu_4076_p2  |         +|   0|  0|  15|           8|           8|
    |add_ln58_857_fu_4086_p2  |         +|   0|  0|  11|          11|          11|
    |add_ln58_858_fu_4109_p2  |         +|   0|  0|  15|           8|           8|
    |add_ln58_859_fu_4133_p2  |         +|   0|  0|  11|          11|          11|
    |add_ln58_860_fu_4162_p2  |         +|   0|  0|  15|           8|           8|
    |add_ln58_861_fu_4171_p2  |         +|   0|  0|  14|           9|           9|
    |add_ln58_862_fu_4181_p2  |         +|   0|  0|  11|          11|          11|
    |add_ln58_863_fu_4207_p2  |         +|   0|  0|  12|          12|          12|
    |add_ln58_fu_753_p2       |         +|   0|  0|  15|           8|           8|
    |mult_100_fu_2490_p2      |         -|   0|  0|   9|           9|           9|
    |mult_101_fu_2508_p2      |         -|   0|  0|  14|           1|           7|
    |mult_102_fu_2538_p2      |         -|   0|  0|  15|           1|           8|
    |mult_84_fu_379_p2        |         -|   0|  0|  14|           1|           7|
    |mult_85_fu_409_p2        |         -|   0|  0|  14|           1|           7|
    |mult_89_fu_499_p2        |         -|   0|  0|  14|           1|           7|
    |mult_91_fu_525_p2        |         -|   0|  0|  15|           1|           8|
    |mult_93_fu_623_p2        |         -|   0|  0|   9|           9|           9|
    |mult_96_fu_2328_p2       |         -|   0|  0|  14|           9|           9|
    |mult_99_fu_2464_p2       |         -|   0|  0|  14|           9|           9|
    |sub_ln58_17_fu_737_p2    |         -|   0|  0|  14|           7|           7|
    |sub_ln58_18_fu_745_p2    |         -|   0|  0|  14|           7|           7|
    |sub_ln58_19_fu_763_p2    |         -|   0|  0|   8|           8|           8|
    |sub_ln58_20_fu_769_p2    |         -|   0|  0|  15|           8|           8|
    |sub_ln58_21_fu_775_p2    |         -|   0|  0|   8|           8|           8|
    |sub_ln58_22_fu_781_p2    |         -|   0|  0|   8|           8|           8|
    |sub_ln58_23_fu_834_p2    |         -|   0|  0|  14|           7|           7|
    |sub_ln58_277_fu_800_p2   |         -|   0|  0|  15|           8|           8|
    |sub_ln58_278_fu_859_p2   |         -|   0|  0|  14|           7|           7|
    |sub_ln58_279_fu_883_p2   |         -|   0|  0|  14|           9|           9|
    |sub_ln58_280_fu_965_p2   |         -|   0|  0|  15|           8|           8|
    |sub_ln58_281_fu_985_p2   |         -|   0|  0|  14|           7|           7|
    |sub_ln58_282_fu_1005_p2  |         -|   0|  0|   9|           9|           9|
    |sub_ln58_283_fu_1031_p2  |         -|   0|  0|  14|           9|           9|
    |sub_ln58_284_fu_1043_p2  |         -|   0|  0|  15|           8|           8|
    |sub_ln58_285_fu_1067_p2  |         -|   0|  0|   9|           9|           9|
    |sub_ln58_286_fu_1073_p2  |         -|   0|  0|  14|           7|           7|
    |sub_ln58_287_fu_1083_p2  |         -|   0|  0|  15|           8|           8|
    |sub_ln58_288_fu_1111_p2  |         -|   0|  0|   9|           9|           9|
    |sub_ln58_289_fu_1121_p2  |         -|   0|  0|  15|           8|           8|
    |sub_ln58_290_fu_1145_p2  |         -|   0|  0|  13|          10|          10|
    |sub_ln58_291_fu_1155_p2  |         -|   0|  0|   9|           9|           9|
    |sub_ln58_292_fu_1253_p2  |         -|   0|  0|  13|          10|          10|
    |sub_ln58_293_fu_1267_p2  |         -|   0|  0|  13|          10|          10|
    |sub_ln58_294_fu_1279_p2  |         -|   0|  0|   8|           8|           8|
    |sub_ln58_295_fu_1309_p2  |         -|   0|  0|  13|          10|          10|
    |sub_ln58_296_fu_1315_p2  |         -|   0|  0|  15|           8|           8|
    |sub_ln58_297_fu_1377_p2  |         -|   0|  0|  15|           8|           8|
    |sub_ln58_298_fu_1413_p2  |         -|   0|  0|  14|           7|           7|
    |sub_ln58_299_fu_2582_p2  |         -|   0|  0|  15|           8|           8|
    |sub_ln58_300_fu_1449_p2  |         -|   0|  0|  14|           7|           7|
    |sub_ln58_301_fu_1541_p2  |         -|   0|  0|   8|           8|           8|
    |sub_ln58_302_fu_1547_p2  |         -|   0|  0|  14|           7|           7|
    |sub_ln58_303_fu_1596_p2  |         -|   0|  0|   9|           9|           9|
    |sub_ln58_304_fu_1602_p2  |         -|   0|  0|  15|           8|           8|
    |sub_ln58_305_fu_1622_p2  |         -|   0|  0|  13|          10|          10|
    |sub_ln58_306_fu_1652_p2  |         -|   0|  0|  14|           7|           7|
    |sub_ln58_307_fu_1662_p2  |         -|   0|  0|  15|           8|           8|
    |sub_ln58_308_fu_2664_p2  |         -|   0|  0|  15|           8|           8|
    |sub_ln58_309_fu_2698_p2  |         -|   0|  0|  15|           8|           8|
    |sub_ln58_310_fu_2785_p2  |         -|   0|  0|  15|           8|           8|
    |sub_ln58_311_fu_2794_p2  |         -|   0|  0|  15|           8|           8|
    |sub_ln58_312_fu_2824_p2  |         -|   0|  0|   8|           8|           8|
    |sub_ln58_313_fu_2911_p2  |         -|   0|  0|  15|           8|           8|
    |sub_ln58_314_fu_2977_p2  |         -|   0|  0|  15|           8|           8|
    |sub_ln58_315_fu_3006_p2  |         -|   0|  0|  14|           7|           7|
    |sub_ln58_316_fu_3015_p2  |         -|   0|  0|  15|           8|           8|
    |sub_ln58_317_fu_3114_p2  |         -|   0|  0|  15|           8|           8|
    |sub_ln58_318_fu_3170_p2  |         -|   0|  0|  15|           8|           8|
    |sub_ln58_319_fu_1798_p2  |         -|   0|  0|  14|           7|           7|
    |sub_ln58_320_fu_3219_p2  |         -|   0|  0|  11|          11|          11|
    |sub_ln58_321_fu_3231_p2  |         -|   0|  0|  15|           8|           8|
    |sub_ln58_322_fu_3250_p2  |         -|   0|  0|  15|           8|           8|
    |sub_ln58_323_fu_3302_p2  |         -|   0|  0|  11|          11|          11|
    |sub_ln58_324_fu_3383_p2  |         -|   0|  0|   8|           8|           8|
    |sub_ln58_325_fu_3404_p2  |         -|   0|  0|  15|           8|           8|
    |sub_ln58_326_fu_1966_p2  |         -|   0|  0|   9|           9|           9|
    |sub_ln58_327_fu_2018_p2  |         -|   0|  0|  14|           7|           7|
    |sub_ln58_328_fu_3465_p2  |         -|   0|  0|  11|          11|          11|
    |sub_ln58_329_fu_3477_p2  |         -|   0|  0|  15|           8|           8|
    |sub_ln58_330_fu_3493_p2  |         -|   0|  0|  14|           7|           7|
    |sub_ln58_331_fu_3553_p2  |         -|   0|  0|  15|           8|           8|
    |sub_ln58_332_fu_2094_p2  |         -|   0|  0|   8|           8|           8|
    |sub_ln58_333_fu_2100_p2  |         -|   0|  0|  14|           7|           7|
    |sub_ln58_334_fu_3665_p2  |         -|   0|  0|  15|           8|           8|
    |sub_ln58_335_fu_3685_p2  |         -|   0|  0|   8|           8|           8|
    |sub_ln58_336_fu_3707_p2  |         -|   0|  0|  14|           7|           7|
    |sub_ln58_337_fu_2136_p2  |         -|   0|  0|  14|           7|           7|
    |sub_ln58_338_fu_2172_p2  |         -|   0|  0|  14|           7|           7|
    |sub_ln58_339_fu_3793_p2  |         -|   0|  0|  14|           7|           7|
    |sub_ln58_340_fu_3802_p2  |         -|   0|  0|  15|           8|           8|
    |sub_ln58_341_fu_3902_p2  |         -|   0|  0|  15|           8|           8|
    |sub_ln58_342_fu_3957_p2  |         -|   0|  0|   8|           8|           8|
    |sub_ln58_343_fu_2208_p2  |         -|   0|  0|  15|           8|           8|
    |sub_ln58_344_fu_4019_p2  |         -|   0|  0|  12|          12|          12|
    |sub_ln58_345_fu_4031_p2  |         -|   0|  0|  14|           7|           7|
    |sub_ln58_346_fu_4143_p2  |         -|   0|  0|  15|           8|           8|
    |sub_ln58_347_fu_4153_p2  |         -|   0|  0|  14|           7|           7|
    |sub_ln58_348_fu_790_p2   |         -|   0|  0|  15|           8|           8|
    |sub_ln58_349_fu_810_p2   |         -|   0|  0|  15|           8|           8|
    |sub_ln58_350_fu_849_p2   |         -|   0|  0|  15|           8|           8|
    |sub_ln58_351_fu_949_p2   |         -|   0|  0|   9|           9|           9|
    |sub_ln58_352_fu_1223_p2  |         -|   0|  0|   9|           9|           9|
    |sub_ln58_353_fu_1483_p2  |         -|   0|  0|  15|           8|           8|
    |sub_ln58_354_fu_1636_p2  |         -|   0|  0|  14|           9|           9|
    |sub_ln58_355_fu_2658_p2  |         -|   0|  0|  12|          11|          11|
    |sub_ln58_356_fu_1712_p2  |         -|   0|  0|  14|           9|           9|
    |sub_ln58_357_fu_2769_p2  |         -|   0|  0|  14|           9|           9|
    |sub_ln58_358_fu_2895_p2  |         -|   0|  0|  15|           8|           8|
    |sub_ln58_359_fu_1766_p2  |         -|   0|  0|  14|           9|           9|
    |sub_ln58_360_fu_2957_p2  |         -|   0|  0|  14|           9|           9|
    |sub_ln58_361_fu_2990_p2  |         -|   0|  0|  14|           9|           9|
    |sub_ln58_362_fu_3080_p2  |         -|   0|  0|  12|          11|          11|
    |sub_ln58_363_fu_3086_p2  |         -|   0|  0|  15|           8|           8|
    |sub_ln58_364_fu_3095_p2  |         -|   0|  0|  14|           9|           9|
    |sub_ln58_365_fu_3190_p2  |         -|   0|  0|  15|           8|           8|
    |sub_ln58_366_fu_1880_p2  |         -|   0|  0|   9|           9|           9|
    |sub_ln58_367_fu_3367_p2  |         -|   0|  0|  15|           8|           8|
    |sub_ln58_368_fu_2002_p2  |         -|   0|  0|  15|           8|           8|
    |sub_ln58_369_fu_3531_p2  |         -|   0|  0|  15|           8|           8|
    |sub_ln58_370_fu_3586_p2  |         -|   0|  0|  14|           9|           9|
    |sub_ln58_371_fu_2058_p2  |         -|   0|  0|   9|           9|           9|
    |sub_ln58_372_fu_2074_p2  |         -|   0|  0|  15|           8|           8|
    |sub_ln58_373_fu_2130_p2  |         -|   0|  0|   9|           9|           9|
    |sub_ln58_374_fu_3777_p2  |         -|   0|  0|  15|           8|           8|
    |sub_ln58_375_fu_3882_p2  |         -|   0|  0|  12|          11|          11|
    |sub_ln58_376_fu_4103_p2  |         -|   0|  0|  12|          11|          11|
    |sub_ln58_377_fu_4123_p2  |         -|   0|  0|  14|           9|           9|
    |sub_ln58_378_fu_4191_p2  |         -|   0|  0|  12|          12|          12|
    |sub_ln58_379_fu_4197_p2  |         -|   0|  0|  15|           8|           8|
    |sub_ln58_fu_907_p2       |         -|   0|  0|   8|           8|           8|
    |sub_ln73_59_fu_319_p2    |         -|   0|  0|  15|           1|           8|
    |sub_ln73_60_fu_531_p2    |         -|   0|  0|  14|           1|           7|
    |sub_ln73_61_fu_541_p2    |         -|   0|  0|  14|           1|           7|
    |sub_ln73_62_fu_597_p2    |         -|   0|  0|  14|           1|           7|
    |sub_ln73_63_fu_663_p2    |         -|   0|  0|  14|           1|           7|
    |sub_ln73_64_fu_2261_p2   |         -|   0|  0|  14|           1|           7|
    |sub_ln73_65_fu_697_p2    |         -|   0|  0|  14|           1|           7|
    |sub_ln73_66_fu_711_p2    |         -|   0|  0|  14|           1|           7|
    |sub_ln73_67_fu_2358_p2   |         -|   0|  0|  14|           1|           7|
    |sub_ln73_68_fu_2369_p2   |         -|   0|  0|  14|           1|           7|
    |sub_ln73_69_fu_2389_p2   |         -|   0|  0|  14|           1|           7|
    |sub_ln73_70_fu_2397_p2   |         -|   0|  0|  14|           1|           7|
    |sub_ln73_71_fu_2418_p2   |         -|   0|  0|  14|           1|           7|
    |sub_ln73_72_fu_2484_p2   |         -|   0|  0|  14|           1|           7|
    |sub_ln73_77_fu_559_p2    |         -|   0|  0|  15|           1|           8|
    |sub_ln73_79_fu_649_p2    |         -|   0|  0|  15|           1|           8|
    |sub_ln73_80_fu_2311_p2   |         -|   0|  0|  15|           1|           8|
    |sub_ln73_82_fu_2352_p2   |         -|   0|  0|  15|           1|           8|
    |sub_ln73_84_fu_2478_p2   |         -|   0|  0|  15|           1|           8|
    |sub_ln73_fu_303_p2       |         -|   0|  0|  14|           1|           7|
    +-------------------------+----------+----+---+----+------------+------------+
    |Total                    |          |   0|  0|4546|        2971|        3135|
    +-------------------------+----------+----+---+----+------------+------------+

    * Multiplexer: 
    +--------------+----+-----------+-----+-----------+
    |     Name     | LUT| Input Size| Bits| Total Bits|
    +--------------+----+-----------+-----+-----------+
    |ap_NS_fsm     |  20|          4|    1|          4|
    |ap_return_0   |   9|          2|   18|         36|
    |ap_return_1   |   9|          2|   18|         36|
    |ap_return_10  |   9|          2|   18|         36|
    |ap_return_11  |   9|          2|   18|         36|
    |ap_return_12  |   9|          2|   18|         36|
    |ap_return_13  |   9|          2|   18|         36|
    |ap_return_14  |   9|          2|   18|         36|
    |ap_return_15  |   9|          2|   18|         36|
    |ap_return_2   |   9|          2|   18|         36|
    |ap_return_3   |   9|          2|   18|         36|
    |ap_return_4   |   9|          2|   18|         36|
    |ap_return_5   |   9|          2|   18|         36|
    |ap_return_6   |   9|          2|   18|         36|
    |ap_return_7   |   9|          2|   18|         36|
    |ap_return_8   |   9|          2|   18|         36|
    |ap_return_9   |   9|          2|   18|         36|
    +--------------+----+-----------+-----+-----------+
    |Total         | 164|         36|  289|        580|
    +--------------+----+-----------+-----+-----------+

    * Register: 
    +------------------------+----+----+-----+-----------+
    |          Name          | FF | LUT| Bits| Const Bits|
    +------------------------+----+----+-----+-----------+
    |add_ln58_644_reg_4340   |   7|   0|    7|          0|
    |add_ln58_675_reg_4507   |  10|   0|   10|          0|
    |add_ln58_679_reg_4512   |  10|   0|   10|          0|
    |add_ln58_682_reg_4517   |   9|   0|    9|          0|
    |add_ln58_687_reg_4528   |  10|   0|   10|          0|
    |add_ln58_690_reg_4533   |   8|   0|    8|          0|
    |add_ln58_695_reg_4552   |  10|   0|   10|          0|
    |add_ln58_699_reg_4557   |  10|   0|   10|          0|
    |add_ln58_704_reg_4568   |  10|   0|   10|          0|
    |add_ln58_718_reg_4573   |  10|   0|   10|          0|
    |add_ln58_734_reg_4585   |  10|   0|   10|          0|
    |add_ln58_751_reg_4590   |   8|   0|    8|          0|
    |add_ln58_764_reg_4595   |  10|   0|   10|          0|
    |add_ln58_778_reg_4600   |  10|   0|   10|          0|
    |add_ln58_793_reg_4605   |  10|   0|   10|          0|
    |add_ln58_813_reg_4610   |  10|   0|   10|          0|
    |add_ln58_828_reg_4615   |  10|   0|   10|          0|
    |add_ln58_848_reg_4625   |   8|   0|    8|          0|
    |ap_CS_fsm               |   3|   0|    3|          0|
    |ap_return_0_preg        |  18|   0|   18|          0|
    |ap_return_10_preg       |  18|   0|   18|          0|
    |ap_return_11_preg       |  18|   0|   18|          0|
    |ap_return_12_preg       |  18|   0|   18|          0|
    |ap_return_13_preg       |  18|   0|   18|          0|
    |ap_return_14_preg       |  18|   0|   18|          0|
    |ap_return_15_preg       |  18|   0|   18|          0|
    |ap_return_1_preg        |  18|   0|   18|          0|
    |ap_return_2_preg        |  18|   0|   18|          0|
    |ap_return_3_preg        |  18|   0|   18|          0|
    |ap_return_4_preg        |  18|   0|   18|          0|
    |ap_return_5_preg        |  18|   0|   18|          0|
    |ap_return_6_preg        |  18|   0|   18|          0|
    |ap_return_7_preg        |  18|   0|   18|          0|
    |ap_return_8_preg        |  18|   0|   18|          0|
    |ap_return_9_preg        |  18|   0|   18|          0|
    |sext_ln17_152_reg_4334  |   7|   0|    7|          0|
    |sext_ln58_819_reg_4522  |   7|   0|    8|          1|
    |sext_ln58_834_reg_4538  |   8|   0|    8|          0|
    |sext_ln58_836_reg_4544  |   7|   0|    7|          0|
    |sext_ln58_845_reg_4562  |   7|   0|    8|          1|
    |sext_ln58_891_reg_4578  |   8|   0|    8|          0|
    |sext_ln73_19_reg_4325   |   7|   0|    7|          0|
    |sext_ln73_35_reg_4423   |   8|   0|    8|          0|
    |sext_ln73_39_reg_4433   |   7|   0|    7|          0|
    |sext_ln73_41_reg_4439   |   7|   0|    7|          0|
    |sext_ln73_43_reg_4445   |   7|   0|    7|          0|
    |sext_ln73_44_reg_4457   |   7|   0|    7|          0|
    |sext_ln73_46_reg_4463   |   7|   0|    7|          0|
    |sext_ln73_47_reg_4469   |   7|   0|    7|          0|
    |sext_ln73_50_reg_4474   |   7|   0|    7|          0|
    |sext_ln73_54_reg_4485   |   7|   0|    7|          0|
    |sext_ln73_68_reg_4428   |   7|   0|    8|          1|
    |shl_ln73_1_reg_4418     |   6|   0|    7|          1|
    |shl_ln73_s_reg_4480     |   6|   0|    7|          1|
    |sub_ln58_292_reg_4497   |  10|   0|   10|          0|
    |sub_ln58_293_reg_4502   |  10|   0|   10|          0|
    |sub_ln58_343_reg_4620   |   8|   0|    8|          0|
    |sub_ln73_65_reg_4452    |   7|   0|    7|          0|
    +------------------------+----+----+-----+-----------+
    |Total                   | 630|   0|  635|          5|
    +------------------------+----+----+-----+-----------+



================================================================
== Interface
================================================================
* Summary: 
+--------------+-----+-----+------------+----------------------------------------------------------------------------+--------------+
|   RTL Ports  | Dir | Bits|  Protocol  |                                Source Object                               |    C Type    |
+--------------+-----+-----+------------+----------------------------------------------------------------------------+--------------+
|ap_clk        |   in|    1|  ap_ctrl_hs|  dense_latency<ap_fixed<6, 4, 0, 0, 0>, ap_fixed<18, 14, 5, 3, 0>, config7>|  return value|
|ap_rst        |   in|    1|  ap_ctrl_hs|  dense_latency<ap_fixed<6, 4, 0, 0, 0>, ap_fixed<18, 14, 5, 3, 0>, config7>|  return value|
|ap_start      |   in|    1|  ap_ctrl_hs|  dense_latency<ap_fixed<6, 4, 0, 0, 0>, ap_fixed<18, 14, 5, 3, 0>, config7>|  return value|
|ap_done       |  out|    1|  ap_ctrl_hs|  dense_latency<ap_fixed<6, 4, 0, 0, 0>, ap_fixed<18, 14, 5, 3, 0>, config7>|  return value|
|ap_idle       |  out|    1|  ap_ctrl_hs|  dense_latency<ap_fixed<6, 4, 0, 0, 0>, ap_fixed<18, 14, 5, 3, 0>, config7>|  return value|
|ap_ready      |  out|    1|  ap_ctrl_hs|  dense_latency<ap_fixed<6, 4, 0, 0, 0>, ap_fixed<18, 14, 5, 3, 0>, config7>|  return value|
|ap_return_0   |  out|   18|  ap_ctrl_hs|  dense_latency<ap_fixed<6, 4, 0, 0, 0>, ap_fixed<18, 14, 5, 3, 0>, config7>|  return value|
|ap_return_1   |  out|   18|  ap_ctrl_hs|  dense_latency<ap_fixed<6, 4, 0, 0, 0>, ap_fixed<18, 14, 5, 3, 0>, config7>|  return value|
|ap_return_2   |  out|   18|  ap_ctrl_hs|  dense_latency<ap_fixed<6, 4, 0, 0, 0>, ap_fixed<18, 14, 5, 3, 0>, config7>|  return value|
|ap_return_3   |  out|   18|  ap_ctrl_hs|  dense_latency<ap_fixed<6, 4, 0, 0, 0>, ap_fixed<18, 14, 5, 3, 0>, config7>|  return value|
|ap_return_4   |  out|   18|  ap_ctrl_hs|  dense_latency<ap_fixed<6, 4, 0, 0, 0>, ap_fixed<18, 14, 5, 3, 0>, config7>|  return value|
|ap_return_5   |  out|   18|  ap_ctrl_hs|  dense_latency<ap_fixed<6, 4, 0, 0, 0>, ap_fixed<18, 14, 5, 3, 0>, config7>|  return value|
|ap_return_6   |  out|   18|  ap_ctrl_hs|  dense_latency<ap_fixed<6, 4, 0, 0, 0>, ap_fixed<18, 14, 5, 3, 0>, config7>|  return value|
|ap_return_7   |  out|   18|  ap_ctrl_hs|  dense_latency<ap_fixed<6, 4, 0, 0, 0>, ap_fixed<18, 14, 5, 3, 0>, config7>|  return value|
|ap_return_8   |  out|   18|  ap_ctrl_hs|  dense_latency<ap_fixed<6, 4, 0, 0, 0>, ap_fixed<18, 14, 5, 3, 0>, config7>|  return value|
|ap_return_9   |  out|   18|  ap_ctrl_hs|  dense_latency<ap_fixed<6, 4, 0, 0, 0>, ap_fixed<18, 14, 5, 3, 0>, config7>|  return value|
|ap_return_10  |  out|   18|  ap_ctrl_hs|  dense_latency<ap_fixed<6, 4, 0, 0, 0>, ap_fixed<18, 14, 5, 3, 0>, config7>|  return value|
|ap_return_11  |  out|   18|  ap_ctrl_hs|  dense_latency<ap_fixed<6, 4, 0, 0, 0>, ap_fixed<18, 14, 5, 3, 0>, config7>|  return value|
|ap_return_12  |  out|   18|  ap_ctrl_hs|  dense_latency<ap_fixed<6, 4, 0, 0, 0>, ap_fixed<18, 14, 5, 3, 0>, config7>|  return value|
|ap_return_13  |  out|   18|  ap_ctrl_hs|  dense_latency<ap_fixed<6, 4, 0, 0, 0>, ap_fixed<18, 14, 5, 3, 0>, config7>|  return value|
|ap_return_14  |  out|   18|  ap_ctrl_hs|  dense_latency<ap_fixed<6, 4, 0, 0, 0>, ap_fixed<18, 14, 5, 3, 0>, config7>|  return value|
|ap_return_15  |  out|   18|  ap_ctrl_hs|  dense_latency<ap_fixed<6, 4, 0, 0, 0>, ap_fixed<18, 14, 5, 3, 0>, config7>|  return value|
|data_0_val    |   in|    6|     ap_none|                                                                  data_0_val|        scalar|
|data_1_val    |   in|    6|     ap_none|                                                                  data_1_val|        scalar|
|data_2_val    |   in|    6|     ap_none|                                                                  data_2_val|        scalar|
|data_3_val    |   in|    6|     ap_none|                                                                  data_3_val|        scalar|
|data_4_val    |   in|    6|     ap_none|                                                                  data_4_val|        scalar|
|data_5_val    |   in|    6|     ap_none|                                                                  data_5_val|        scalar|
|data_6_val    |   in|    6|     ap_none|                                                                  data_6_val|        scalar|
|data_7_val    |   in|    6|     ap_none|                                                                  data_7_val|        scalar|
|data_8_val    |   in|    6|     ap_none|                                                                  data_8_val|        scalar|
|data_9_val    |   in|    6|     ap_none|                                                                  data_9_val|        scalar|
|data_10_val   |   in|    6|     ap_none|                                                                 data_10_val|        scalar|
|data_11_val   |   in|    6|     ap_none|                                                                 data_11_val|        scalar|
|data_12_val   |   in|    6|     ap_none|                                                                 data_12_val|        scalar|
|data_13_val   |   in|    6|     ap_none|                                                                 data_13_val|        scalar|
|data_14_val   |   in|    6|     ap_none|                                                                 data_14_val|        scalar|
|data_15_val   |   in|    6|     ap_none|                                                                 data_15_val|        scalar|
|data_16_val   |   in|    6|     ap_none|                                                                 data_16_val|        scalar|
|data_17_val   |   in|    6|     ap_none|                                                                 data_17_val|        scalar|
|data_18_val   |   in|    6|     ap_none|                                                                 data_18_val|        scalar|
|data_19_val   |   in|    6|     ap_none|                                                                 data_19_val|        scalar|
|data_20_val   |   in|    6|     ap_none|                                                                 data_20_val|        scalar|
|data_21_val   |   in|    6|     ap_none|                                                                 data_21_val|        scalar|
|data_22_val   |   in|    6|     ap_none|                                                                 data_22_val|        scalar|
|data_23_val   |   in|    6|     ap_none|                                                                 data_23_val|        scalar|
|data_24_val   |   in|    6|     ap_none|                                                                 data_24_val|        scalar|
|data_25_val   |   in|    6|     ap_none|                                                                 data_25_val|        scalar|
|data_26_val   |   in|    6|     ap_none|                                                                 data_26_val|        scalar|
|data_27_val   |   in|    6|     ap_none|                                                                 data_27_val|        scalar|
|data_28_val   |   in|    6|     ap_none|                                                                 data_28_val|        scalar|
|data_29_val   |   in|    6|     ap_none|                                                                 data_29_val|        scalar|
|data_30_val   |   in|    6|     ap_none|                                                                 data_30_val|        scalar|
|data_31_val   |   in|    6|     ap_none|                                                                 data_31_val|        scalar|
+--------------+-----+-----+------------+----------------------------------------------------------------------------+--------------+

============================================================
+ Verbose Summary: Synthesis Manager
============================================================
InlineROM: 1
ExposeGlobal: 0
============================================================
+ Verbose Summary: CDFG Model
============================================================
IsTopModel: 0
ResetActiveHigh: 1
IsCombinational: 2
IsDatapathOnly: 2
HasWiredReturn: 1
HasMFsm: 0
HasVarLatency: 1
IsPipeline: 0
IsRtlPipelined: 0
IsInstanceOverlapped: 0
IsDontTouch: 0
HasImplIP: 0
IsGatedGlobalClock: 0


============================================================
+ Verbose Summary: Schedule
============================================================
* Number of FSM states : 3
* Pipeline : 0
* Dataflow Pipeline: 0

* FSM state transitions: 
1 --> 2 
2 --> 3 
3 --> 

* FSM state operations: 

State 1 <SV = 0> <Delay = 1.82>
ST_1 : Operation 4 [1/1] (0.00ns)   --->   "%data_1_val_read = read i6 @_ssdm_op_Read.ap_auto.i6, i6 %data_1_val" [firmware/nnet_utils/nnet_mult.h:70->firmware/nnet_utils/nnet_dense_latency.h:42]   --->   Operation 4 'read' 'data_1_val_read' <Predicate = true> <Delay = 0.00>
ST_1 : Operation 5 [1/1] (0.00ns)   --->   "%data_0_val_read = read i6 @_ssdm_op_Read.ap_auto.i6, i6 %data_0_val" [firmware/nnet_utils/nnet_mult.h:70->firmware/nnet_utils/nnet_dense_latency.h:42]   --->   Operation 5 'read' 'data_0_val_read' <Predicate = true> <Delay = 0.00>
ST_1 : Operation 6 [1/1] (0.00ns)   --->   "%sext_ln73_19 = sext i6 %data_0_val_read" [firmware/nnet_utils/nnet_mult.h:73->firmware/nnet_utils/nnet_dense_latency.h:42]   --->   Operation 6 'sext' 'sext_ln73_19' <Predicate = true> <Delay = 0.00>
ST_1 : Operation 7 [1/1] (0.00ns)   --->   "%sext_ln17_152 = sext i6 %data_1_val_read" [firmware/nnet_utils/nnet_dense_latency.h:17]   --->   Operation 7 'sext' 'sext_ln17_152' <Predicate = true> <Delay = 0.00>
ST_1 : Operation 8 [1/1] (1.82ns)   --->   "%add_ln58_644 = add i7 %sext_ln17_152, i7 %sext_ln73_19" [firmware/nnet_utils/nnet_dense_latency.h:58]   --->   Operation 8 'add' 'add_ln58_644' <Predicate = true> <Delay = 1.82> <CoreInst = "Adder">   --->   Core 1 'Adder' <Latency = 0> <II = 1> <Delay = 1.87> <FuncUnit> <Opcode : 'add' 'sub'> <InPorts = 2> <OutPorts = 1>

State 2 <SV = 1> <Delay = 13.0>
ST_2 : Operation 9 [1/1] (0.00ns)   --->   "%data_26_val_read = read i6 @_ssdm_op_Read.ap_auto.i6, i6 %data_26_val" [firmware/nnet_utils/nnet_mult.h:70->firmware/nnet_utils/nnet_dense_latency.h:42]   --->   Operation 9 'read' 'data_26_val_read' <Predicate = true> <Delay = 0.00>
ST_2 : Operation 10 [1/1] (0.00ns)   --->   "%data_25_val_read = read i6 @_ssdm_op_Read.ap_auto.i6, i6 %data_25_val" [firmware/nnet_utils/nnet_mult.h:70->firmware/nnet_utils/nnet_dense_latency.h:42]   --->   Operation 10 'read' 'data_25_val_read' <Predicate = true> <Delay = 0.00>
ST_2 : Operation 11 [1/1] (0.00ns)   --->   "%data_24_val_read = read i6 @_ssdm_op_Read.ap_auto.i6, i6 %data_24_val" [firmware/nnet_utils/nnet_mult.h:70->firmware/nnet_utils/nnet_dense_latency.h:42]   --->   Operation 11 'read' 'data_24_val_read' <Predicate = true> <Delay = 0.00>
ST_2 : Operation 12 [1/1] (0.00ns)   --->   "%data_23_val_read = read i6 @_ssdm_op_Read.ap_auto.i6, i6 %data_23_val" [firmware/nnet_utils/nnet_mult.h:70->firmware/nnet_utils/nnet_dense_latency.h:42]   --->   Operation 12 'read' 'data_23_val_read' <Predicate = true> <Delay = 0.00>
ST_2 : Operation 13 [1/1] (0.00ns)   --->   "%data_22_val_read = read i6 @_ssdm_op_Read.ap_auto.i6, i6 %data_22_val" [firmware/nnet_utils/nnet_mult.h:70->firmware/nnet_utils/nnet_dense_latency.h:42]   --->   Operation 13 'read' 'data_22_val_read' <Predicate = true> <Delay = 0.00>
ST_2 : Operation 14 [1/1] (0.00ns)   --->   "%data_21_val_read = read i6 @_ssdm_op_Read.ap_auto.i6, i6 %data_21_val" [firmware/nnet_utils/nnet_mult.h:70->firmware/nnet_utils/nnet_dense_latency.h:42]   --->   Operation 14 'read' 'data_21_val_read' <Predicate = true> <Delay = 0.00>
ST_2 : Operation 15 [1/1] (0.00ns)   --->   "%data_20_val_read = read i6 @_ssdm_op_Read.ap_auto.i6, i6 %data_20_val" [firmware/nnet_utils/nnet_mult.h:70->firmware/nnet_utils/nnet_dense_latency.h:42]   --->   Operation 15 'read' 'data_20_val_read' <Predicate = true> <Delay = 0.00>
ST_2 : Operation 16 [1/1] (0.00ns)   --->   "%data_19_val_read = read i6 @_ssdm_op_Read.ap_auto.i6, i6 %data_19_val" [firmware/nnet_utils/nnet_mult.h:70->firmware/nnet_utils/nnet_dense_latency.h:42]   --->   Operation 16 'read' 'data_19_val_read' <Predicate = true> <Delay = 0.00>
ST_2 : Operation 17 [1/1] (0.00ns)   --->   "%data_18_val_read = read i6 @_ssdm_op_Read.ap_auto.i6, i6 %data_18_val" [firmware/nnet_utils/nnet_mult.h:70->firmware/nnet_utils/nnet_dense_latency.h:42]   --->   Operation 17 'read' 'data_18_val_read' <Predicate = true> <Delay = 0.00>
ST_2 : Operation 18 [1/1] (0.00ns)   --->   "%data_17_val_read = read i6 @_ssdm_op_Read.ap_auto.i6, i6 %data_17_val" [firmware/nnet_utils/nnet_mult.h:70->firmware/nnet_utils/nnet_dense_latency.h:42]   --->   Operation 18 'read' 'data_17_val_read' <Predicate = true> <Delay = 0.00>
ST_2 : Operation 19 [1/1] (0.00ns)   --->   "%data_16_val_read = read i6 @_ssdm_op_Read.ap_auto.i6, i6 %data_16_val" [firmware/nnet_utils/nnet_mult.h:70->firmware/nnet_utils/nnet_dense_latency.h:42]   --->   Operation 19 'read' 'data_16_val_read' <Predicate = true> <Delay = 0.00>
ST_2 : Operation 20 [1/1] (0.00ns)   --->   "%data_15_val_read = read i6 @_ssdm_op_Read.ap_auto.i6, i6 %data_15_val" [firmware/nnet_utils/nnet_mult.h:70->firmware/nnet_utils/nnet_dense_latency.h:42]   --->   Operation 20 'read' 'data_15_val_read' <Predicate = true> <Delay = 0.00>
ST_2 : Operation 21 [1/1] (0.00ns)   --->   "%data_14_val_read = read i6 @_ssdm_op_Read.ap_auto.i6, i6 %data_14_val" [firmware/nnet_utils/nnet_mult.h:70->firmware/nnet_utils/nnet_dense_latency.h:42]   --->   Operation 21 'read' 'data_14_val_read' <Predicate = true> <Delay = 0.00>
ST_2 : Operation 22 [1/1] (0.00ns)   --->   "%data_13_val_read = read i6 @_ssdm_op_Read.ap_auto.i6, i6 %data_13_val" [firmware/nnet_utils/nnet_mult.h:70->firmware/nnet_utils/nnet_dense_latency.h:42]   --->   Operation 22 'read' 'data_13_val_read' <Predicate = true> <Delay = 0.00>
ST_2 : Operation 23 [1/1] (0.00ns)   --->   "%data_12_val_read = read i6 @_ssdm_op_Read.ap_auto.i6, i6 %data_12_val" [firmware/nnet_utils/nnet_mult.h:70->firmware/nnet_utils/nnet_dense_latency.h:42]   --->   Operation 23 'read' 'data_12_val_read' <Predicate = true> <Delay = 0.00>
ST_2 : Operation 24 [1/1] (0.00ns)   --->   "%data_11_val_read = read i6 @_ssdm_op_Read.ap_auto.i6, i6 %data_11_val" [firmware/nnet_utils/nnet_mult.h:70->firmware/nnet_utils/nnet_dense_latency.h:42]   --->   Operation 24 'read' 'data_11_val_read' <Predicate = true> <Delay = 0.00>
ST_2 : Operation 25 [1/1] (0.00ns)   --->   "%data_10_val_read = read i6 @_ssdm_op_Read.ap_auto.i6, i6 %data_10_val" [firmware/nnet_utils/nnet_mult.h:70->firmware/nnet_utils/nnet_dense_latency.h:42]   --->   Operation 25 'read' 'data_10_val_read' <Predicate = true> <Delay = 0.00>
ST_2 : Operation 26 [1/1] (0.00ns)   --->   "%data_9_val_read = read i6 @_ssdm_op_Read.ap_auto.i6, i6 %data_9_val" [firmware/nnet_utils/nnet_mult.h:70->firmware/nnet_utils/nnet_dense_latency.h:42]   --->   Operation 26 'read' 'data_9_val_read' <Predicate = true> <Delay = 0.00>
ST_2 : Operation 27 [1/1] (0.00ns)   --->   "%data_8_val_read = read i6 @_ssdm_op_Read.ap_auto.i6, i6 %data_8_val" [firmware/nnet_utils/nnet_mult.h:70->firmware/nnet_utils/nnet_dense_latency.h:42]   --->   Operation 27 'read' 'data_8_val_read' <Predicate = true> <Delay = 0.00>
ST_2 : Operation 28 [1/1] (0.00ns)   --->   "%data_7_val_read = read i6 @_ssdm_op_Read.ap_auto.i6, i6 %data_7_val" [firmware/nnet_utils/nnet_mult.h:70->firmware/nnet_utils/nnet_dense_latency.h:42]   --->   Operation 28 'read' 'data_7_val_read' <Predicate = true> <Delay = 0.00>
ST_2 : Operation 29 [1/1] (0.00ns)   --->   "%data_6_val_read = read i6 @_ssdm_op_Read.ap_auto.i6, i6 %data_6_val" [firmware/nnet_utils/nnet_mult.h:70->firmware/nnet_utils/nnet_dense_latency.h:42]   --->   Operation 29 'read' 'data_6_val_read' <Predicate = true> <Delay = 0.00>
ST_2 : Operation 30 [1/1] (0.00ns)   --->   "%data_5_val_read = read i6 @_ssdm_op_Read.ap_auto.i6, i6 %data_5_val" [firmware/nnet_utils/nnet_mult.h:70->firmware/nnet_utils/nnet_dense_latency.h:42]   --->   Operation 30 'read' 'data_5_val_read' <Predicate = true> <Delay = 0.00>
ST_2 : Operation 31 [1/1] (0.00ns)   --->   "%data_4_val_read = read i6 @_ssdm_op_Read.ap_auto.i6, i6 %data_4_val" [firmware/nnet_utils/nnet_mult.h:70->firmware/nnet_utils/nnet_dense_latency.h:42]   --->   Operation 31 'read' 'data_4_val_read' <Predicate = true> <Delay = 0.00>
ST_2 : Operation 32 [1/1] (0.00ns)   --->   "%data_3_val_read = read i6 @_ssdm_op_Read.ap_auto.i6, i6 %data_3_val" [firmware/nnet_utils/nnet_mult.h:70->firmware/nnet_utils/nnet_dense_latency.h:42]   --->   Operation 32 'read' 'data_3_val_read' <Predicate = true> <Delay = 0.00>
ST_2 : Operation 33 [1/1] (0.00ns)   --->   "%data_2_val_read = read i6 @_ssdm_op_Read.ap_auto.i6, i6 %data_2_val" [firmware/nnet_utils/nnet_mult.h:70->firmware/nnet_utils/nnet_dense_latency.h:42]   --->   Operation 33 'read' 'data_2_val_read' <Predicate = true> <Delay = 0.00>
ST_2 : Operation 34 [1/1] (0.00ns)   --->   "%sext_ln73 = sext i6 %data_0_val_read" [firmware/nnet_utils/nnet_mult.h:73->firmware/nnet_utils/nnet_dense_latency.h:42]   --->   Operation 34 'sext' 'sext_ln73' <Predicate = true> <Delay = 0.00>
ST_2 : Operation 35 [1/1] (1.82ns)   --->   "%sub_ln73 = sub i7 0, i7 %sext_ln73_19" [firmware/nnet_utils/nnet_mult.h:73->firmware/nnet_utils/nnet_dense_latency.h:42]   --->   Operation 35 'sub' 'sub_ln73' <Predicate = true> <Delay = 1.82> <CoreInst = "Adder">   --->   Core 1 'Adder' <Latency = 0> <II = 1> <Delay = 1.87> <FuncUnit> <Opcode : 'add' 'sub'> <InPorts = 2> <OutPorts = 1>
ST_2 : Operation 36 [1/1] (0.00ns)   --->   "%mult = bitconcatenate i7 @_ssdm_op_BitConcatenate.i7.i6.i1, i6 %data_0_val_read, i1 0" [firmware/nnet_utils/nnet_mult.h:73->firmware/nnet_utils/nnet_dense_latency.h:42]   --->   Operation 36 'bitconcatenate' 'mult' <Predicate = true> <Delay = 0.00>
ST_2 : Operation 37 [1/1] (0.00ns)   --->   "%sext_ln17 = sext i7 %mult" [firmware/nnet_utils/nnet_dense_latency.h:17]   --->   Operation 37 'sext' 'sext_ln17' <Predicate = true> <Delay = 0.00>
ST_2 : Operation 38 [1/1] (1.87ns)   --->   "%sub_ln73_59 = sub i8 0, i8 %sext_ln17" [firmware/nnet_utils/nnet_mult.h:73->firmware/nnet_utils/nnet_dense_latency.h:42]   --->   Operation 38 'sub' 'sub_ln73_59' <Predicate = true> <Delay = 1.87> <CoreInst = "Adder">   --->   Core 1 'Adder' <Latency = 0> <II = 1> <Delay = 1.91> <FuncUnit> <Opcode : 'add' 'sub'> <InPorts = 2> <OutPorts = 1>
ST_2 : Operation 39 [1/1] (0.00ns)   --->   "%sext_ln17_151 = sext i6 %data_1_val_read" [firmware/nnet_utils/nnet_dense_latency.h:17]   --->   Operation 39 'sext' 'sext_ln17_151' <Predicate = true> <Delay = 0.00>
ST_2 : Operation 40 [1/1] (0.00ns)   --->   "%mult_81 = bitconcatenate i7 @_ssdm_op_BitConcatenate.i7.i6.i1, i6 %data_1_val_read, i1 0" [firmware/nnet_utils/nnet_mult.h:73->firmware/nnet_utils/nnet_dense_latency.h:42]   --->   Operation 40 'bitconcatenate' 'mult_81' <Predicate = true> <Delay = 0.00>
ST_2 : Operation 41 [1/1] (0.00ns)   --->   "%sext_ln17_153 = sext i7 %mult_81" [firmware/nnet_utils/nnet_dense_latency.h:17]   --->   Operation 41 'sext' 'sext_ln17_153' <Predicate = true> <Delay = 0.00>
ST_2 : Operation 42 [1/1] (0.00ns)   --->   "%sext_ln73_20 = sext i6 %data_2_val_read" [firmware/nnet_utils/nnet_mult.h:73->firmware/nnet_utils/nnet_dense_latency.h:42]   --->   Operation 42 'sext' 'sext_ln73_20' <Predicate = true> <Delay = 0.00>
ST_2 : Operation 43 [1/1] (0.00ns)   --->   "%sext_ln73_21 = sext i6 %data_2_val_read" [firmware/nnet_utils/nnet_mult.h:73->firmware/nnet_utils/nnet_dense_latency.h:42]   --->   Operation 43 'sext' 'sext_ln73_21' <Predicate = true> <Delay = 0.00>
ST_2 : Operation 44 [1/1] (0.00ns)   --->   "%mult_82 = bitconcatenate i7 @_ssdm_op_BitConcatenate.i7.i6.i1, i6 %data_2_val_read, i1 0" [firmware/nnet_utils/nnet_mult.h:73->firmware/nnet_utils/nnet_dense_latency.h:42]   --->   Operation 44 'bitconcatenate' 'mult_82' <Predicate = true> <Delay = 0.00>
ST_2 : Operation 45 [1/1] (0.00ns)   --->   "%sext_ln73_28 = sext i7 %mult_82" [firmware/nnet_utils/nnet_mult.h:73->firmware/nnet_utils/nnet_dense_latency.h:42]   --->   Operation 45 'sext' 'sext_ln73_28' <Predicate = true> <Delay = 0.00>
ST_2 : Operation 46 [1/1] (0.00ns)   --->   "%sext_ln73_23 = sext i6 %data_3_val_read" [firmware/nnet_utils/nnet_mult.h:73->firmware/nnet_utils/nnet_dense_latency.h:42]   --->   Operation 46 'sext' 'sext_ln73_23' <Predicate = true> <Delay = 0.00>
ST_2 : Operation 47 [1/1] (0.00ns)   --->   "%mult_83 = bitconcatenate i7 @_ssdm_op_BitConcatenate.i7.i6.i1, i6 %data_3_val_read, i1 0" [firmware/nnet_utils/nnet_mult.h:73->firmware/nnet_utils/nnet_dense_latency.h:42]   --->   Operation 47 'bitconcatenate' 'mult_83' <Predicate = true> <Delay = 0.00>
ST_2 : Operation 48 [1/1] (0.00ns)   --->   "%sext_ln42 = sext i7 %mult_83" [firmware/nnet_utils/nnet_dense_latency.h:42]   --->   Operation 48 'sext' 'sext_ln42' <Predicate = true> <Delay = 0.00>
ST_2 : Operation 49 [1/1] (0.00ns)   --->   "%sext_ln17_154 = sext i7 %mult_83" [firmware/nnet_utils/nnet_dense_latency.h:17]   --->   Operation 49 'sext' 'sext_ln17_154' <Predicate = true> <Delay = 0.00>
ST_2 : Operation 50 [1/1] (1.82ns)   --->   "%mult_84 = sub i7 0, i7 %sext_ln73_23" [firmware/nnet_utils/nnet_mult.h:73->firmware/nnet_utils/nnet_dense_latency.h:42]   --->   Operation 50 'sub' 'mult_84' <Predicate = true> <Delay = 1.82> <CoreInst = "Adder">   --->   Core 1 'Adder' <Latency = 0> <II = 1> <Delay = 1.87> <FuncUnit> <Opcode : 'add' 'sub'> <InPorts = 2> <OutPorts = 1>
ST_2 : Operation 51 [1/1] (0.00ns)   --->   "%sext_ln17_155 = sext i7 %mult_84" [firmware/nnet_utils/nnet_dense_latency.h:17]   --->   Operation 51 'sext' 'sext_ln17_155' <Predicate = true> <Delay = 0.00>
ST_2 : Operation 52 [1/1] (0.00ns)   --->   "%sext_ln70 = sext i6 %data_4_val_read" [firmware/nnet_utils/nnet_mult.h:70->firmware/nnet_utils/nnet_dense_latency.h:42]   --->   Operation 52 'sext' 'sext_ln70' <Predicate = true> <Delay = 0.00>
ST_2 : Operation 53 [1/1] (0.00ns)   --->   "%sext_ln17_156 = sext i6 %data_4_val_read" [firmware/nnet_utils/nnet_dense_latency.h:17]   --->   Operation 53 'sext' 'sext_ln17_156' <Predicate = true> <Delay = 0.00>
ST_2 : Operation 54 [1/1] (0.00ns)   --->   "%sext_ln70_29 = sext i6 %data_5_val_read" [firmware/nnet_utils/nnet_mult.h:70->firmware/nnet_utils/nnet_dense_latency.h:42]   --->   Operation 54 'sext' 'sext_ln70_29' <Predicate = true> <Delay = 0.00>
ST_2 : Operation 55 [1/1] (0.00ns)   --->   "%sext_ln17_157 = sext i6 %data_5_val_read" [firmware/nnet_utils/nnet_dense_latency.h:17]   --->   Operation 55 'sext' 'sext_ln17_157' <Predicate = true> <Delay = 0.00>
ST_2 : Operation 56 [1/1] (0.00ns)   --->   "%sext_ln17_158 = sext i6 %data_5_val_read" [firmware/nnet_utils/nnet_dense_latency.h:17]   --->   Operation 56 'sext' 'sext_ln17_158' <Predicate = true> <Delay = 0.00>
ST_2 : Operation 57 [1/1] (1.82ns)   --->   "%mult_85 = sub i7 0, i7 %sext_ln70_29" [firmware/nnet_utils/nnet_mult.h:73->firmware/nnet_utils/nnet_dense_latency.h:42]   --->   Operation 57 'sub' 'mult_85' <Predicate = true> <Delay = 1.82> <CoreInst = "Adder">   --->   Core 1 'Adder' <Latency = 0> <II = 1> <Delay = 1.87> <FuncUnit> <Opcode : 'add' 'sub'> <InPorts = 2> <OutPorts = 1>
ST_2 : Operation 58 [1/1] (0.00ns)   --->   "%sext_ln17_159 = sext i7 %mult_85" [firmware/nnet_utils/nnet_dense_latency.h:17]   --->   Operation 58 'sext' 'sext_ln17_159' <Predicate = true> <Delay = 0.00>
ST_2 : Operation 59 [1/1] (0.00ns)   --->   "%sext_ln17_160 = sext i6 %data_6_val_read" [firmware/nnet_utils/nnet_dense_latency.h:17]   --->   Operation 59 'sext' 'sext_ln17_160' <Predicate = true> <Delay = 0.00>
ST_2 : Operation 60 [1/1] (0.00ns)   --->   "%sext_ln17_161 = sext i6 %data_6_val_read" [firmware/nnet_utils/nnet_dense_latency.h:17]   --->   Operation 60 'sext' 'sext_ln17_161' <Predicate = true> <Delay = 0.00>
ST_2 : Operation 61 [1/1] (0.00ns)   --->   "%sext_ln17_162 = sext i6 %data_6_val_read" [firmware/nnet_utils/nnet_dense_latency.h:17]   --->   Operation 61 'sext' 'sext_ln17_162' <Predicate = true> <Delay = 0.00>
ST_2 : Operation 62 [1/1] (0.00ns)   --->   "%mult_86 = bitconcatenate i7 @_ssdm_op_BitConcatenate.i7.i6.i1, i6 %data_6_val_read, i1 0" [firmware/nnet_utils/nnet_mult.h:73->firmware/nnet_utils/nnet_dense_latency.h:42]   --->   Operation 62 'bitconcatenate' 'mult_86' <Predicate = true> <Delay = 0.00>
ST_2 : Operation 63 [1/1] (0.00ns)   --->   "%sext_ln17_163 = sext i7 %mult_86" [firmware/nnet_utils/nnet_dense_latency.h:17]   --->   Operation 63 'sext' 'sext_ln17_163' <Predicate = true> <Delay = 0.00>
ST_2 : Operation 64 [1/1] (0.00ns)   --->   "%sext_ln17_164 = sext i7 %mult_86" [firmware/nnet_utils/nnet_dense_latency.h:17]   --->   Operation 64 'sext' 'sext_ln17_164' <Predicate = true> <Delay = 0.00>
ST_2 : Operation 65 [1/1] (0.00ns)   --->   "%sext_ln17_165 = sext i6 %data_7_val_read" [firmware/nnet_utils/nnet_dense_latency.h:17]   --->   Operation 65 'sext' 'sext_ln17_165' <Predicate = true> <Delay = 0.00>
ST_2 : Operation 66 [1/1] (0.00ns)   --->   "%sext_ln73_24 = sext i6 %data_7_val_read" [firmware/nnet_utils/nnet_mult.h:73->firmware/nnet_utils/nnet_dense_latency.h:42]   --->   Operation 66 'sext' 'sext_ln73_24' <Predicate = true> <Delay = 0.00>
ST_2 : Operation 67 [1/1] (0.00ns)   --->   "%mult_87 = bitconcatenate i7 @_ssdm_op_BitConcatenate.i7.i6.i1, i6 %data_7_val_read, i1 0" [firmware/nnet_utils/nnet_mult.h:73->firmware/nnet_utils/nnet_dense_latency.h:42]   --->   Operation 67 'bitconcatenate' 'mult_87' <Predicate = true> <Delay = 0.00>
ST_2 : Operation 68 [1/1] (0.00ns)   --->   "%sext_ln17_166 = sext i7 %mult_87" [firmware/nnet_utils/nnet_dense_latency.h:17]   --->   Operation 68 'sext' 'sext_ln17_166' <Predicate = true> <Delay = 0.00>
ST_2 : Operation 69 [1/1] (0.00ns)   --->   "%sext_ln70_30 = sext i6 %data_8_val_read" [firmware/nnet_utils/nnet_mult.h:70->firmware/nnet_utils/nnet_dense_latency.h:42]   --->   Operation 69 'sext' 'sext_ln70_30' <Predicate = true> <Delay = 0.00>
ST_2 : Operation 70 [1/1] (0.00ns)   --->   "%sext_ln17_167 = sext i6 %data_8_val_read" [firmware/nnet_utils/nnet_dense_latency.h:17]   --->   Operation 70 'sext' 'sext_ln17_167' <Predicate = true> <Delay = 0.00>
ST_2 : Operation 71 [1/1] (0.00ns)   --->   "%sext_ln17_168 = sext i6 %data_8_val_read" [firmware/nnet_utils/nnet_dense_latency.h:17]   --->   Operation 71 'sext' 'sext_ln17_168' <Predicate = true> <Delay = 0.00>
ST_2 : Operation 72 [1/1] (0.00ns)   --->   "%sext_ln17_169 = sext i6 %data_9_val_read" [firmware/nnet_utils/nnet_dense_latency.h:17]   --->   Operation 72 'sext' 'sext_ln17_169' <Predicate = true> <Delay = 0.00>
ST_2 : Operation 73 [1/1] (0.00ns)   --->   "%mult_88 = bitconcatenate i7 @_ssdm_op_BitConcatenate.i7.i6.i1, i6 %data_9_val_read, i1 0" [firmware/nnet_utils/nnet_mult.h:73->firmware/nnet_utils/nnet_dense_latency.h:42]   --->   Operation 73 'bitconcatenate' 'mult_88' <Predicate = true> <Delay = 0.00>
ST_2 : Operation 74 [1/1] (0.00ns)   --->   "%sext_ln17_170 = sext i7 %mult_88" [firmware/nnet_utils/nnet_dense_latency.h:17]   --->   Operation 74 'sext' 'sext_ln17_170' <Predicate = true> <Delay = 0.00>
ST_2 : Operation 75 [1/1] (0.00ns)   --->   "%sext_ln17_171 = sext i7 %mult_88" [firmware/nnet_utils/nnet_dense_latency.h:17]   --->   Operation 75 'sext' 'sext_ln17_171' <Predicate = true> <Delay = 0.00>
ST_2 : Operation 76 [1/1] (1.82ns)   --->   "%mult_89 = sub i7 0, i7 %sext_ln17_169" [firmware/nnet_utils/nnet_mult.h:73->firmware/nnet_utils/nnet_dense_latency.h:42]   --->   Operation 76 'sub' 'mult_89' <Predicate = true> <Delay = 1.82> <CoreInst = "Adder">   --->   Core 1 'Adder' <Latency = 0> <II = 1> <Delay = 1.87> <FuncUnit> <Opcode : 'add' 'sub'> <InPorts = 2> <OutPorts = 1>
ST_2 : Operation 77 [1/1] (0.00ns)   --->   "%sext_ln17_172 = sext i7 %mult_89" [firmware/nnet_utils/nnet_dense_latency.h:17]   --->   Operation 77 'sext' 'sext_ln17_172' <Predicate = true> <Delay = 0.00>
ST_2 : Operation 78 [1/1] (0.00ns)   --->   "%sext_ln73_27 = sext i6 %data_10_val_read" [firmware/nnet_utils/nnet_mult.h:73->firmware/nnet_utils/nnet_dense_latency.h:42]   --->   Operation 78 'sext' 'sext_ln73_27' <Predicate = true> <Delay = 0.00>
ST_2 : Operation 79 [1/1] (0.00ns)   --->   "%mult_90 = bitconcatenate i7 @_ssdm_op_BitConcatenate.i7.i6.i1, i6 %data_10_val_read, i1 0" [firmware/nnet_utils/nnet_mult.h:73->firmware/nnet_utils/nnet_dense_latency.h:42]   --->   Operation 79 'bitconcatenate' 'mult_90' <Predicate = true> <Delay = 0.00>
ST_2 : Operation 80 [1/1] (0.00ns)   --->   "%sext_ln17_173 = sext i7 %mult_90" [firmware/nnet_utils/nnet_dense_latency.h:17]   --->   Operation 80 'sext' 'sext_ln17_173' <Predicate = true> <Delay = 0.00>
ST_2 : Operation 81 [1/1] (1.87ns)   --->   "%mult_91 = sub i8 0, i8 %sext_ln17_173" [firmware/nnet_utils/nnet_mult.h:73->firmware/nnet_utils/nnet_dense_latency.h:42]   --->   Operation 81 'sub' 'mult_91' <Predicate = true> <Delay = 1.87> <CoreInst = "Adder">   --->   Core 1 'Adder' <Latency = 0> <II = 1> <Delay = 1.91> <FuncUnit> <Opcode : 'add' 'sub'> <InPorts = 2> <OutPorts = 1>
ST_2 : Operation 82 [1/1] (1.82ns)   --->   "%sub_ln73_60 = sub i7 0, i7 %sext_ln73_27" [firmware/nnet_utils/nnet_mult.h:73->firmware/nnet_utils/nnet_dense_latency.h:42]   --->   Operation 82 'sub' 'sub_ln73_60' <Predicate = true> <Delay = 1.82> <CoreInst = "Adder">   --->   Core 1 'Adder' <Latency = 0> <II = 1> <Delay = 1.87> <FuncUnit> <Opcode : 'add' 'sub'> <InPorts = 2> <OutPorts = 1>
ST_2 : Operation 83 [1/1] (0.00ns)   --->   "%sext_ln73_29 = sext i6 %data_11_val_read" [firmware/nnet_utils/nnet_mult.h:73->firmware/nnet_utils/nnet_dense_latency.h:42]   --->   Operation 83 'sext' 'sext_ln73_29' <Predicate = true> <Delay = 0.00>
ST_2 : Operation 84 [1/1] (1.82ns)   --->   "%sub_ln73_61 = sub i7 0, i7 %sext_ln73_29" [firmware/nnet_utils/nnet_mult.h:73->firmware/nnet_utils/nnet_dense_latency.h:42]   --->   Operation 84 'sub' 'sub_ln73_61' <Predicate = true> <Delay = 1.82> <CoreInst = "Adder">   --->   Core 1 'Adder' <Latency = 0> <II = 1> <Delay = 1.87> <FuncUnit> <Opcode : 'add' 'sub'> <InPorts = 2> <OutPorts = 1>
ST_2 : Operation 85 [1/1] (0.00ns)   --->   "%mult_92 = bitconcatenate i7 @_ssdm_op_BitConcatenate.i7.i6.i1, i6 %data_11_val_read, i1 0" [firmware/nnet_utils/nnet_mult.h:73->firmware/nnet_utils/nnet_dense_latency.h:42]   --->   Operation 85 'bitconcatenate' 'mult_92' <Predicate = true> <Delay = 0.00>
ST_2 : Operation 86 [1/1] (0.00ns)   --->   "%sext_ln73_65 = sext i7 %mult_92" [firmware/nnet_utils/nnet_mult.h:73->firmware/nnet_utils/nnet_dense_latency.h:42]   --->   Operation 86 'sext' 'sext_ln73_65' <Predicate = true> <Delay = 0.00>
ST_2 : Operation 87 [1/1] (1.87ns)   --->   "%sub_ln73_77 = sub i8 0, i8 %sext_ln73_65" [firmware/nnet_utils/nnet_mult.h:73->firmware/nnet_utils/nnet_dense_latency.h:42]   --->   Operation 87 'sub' 'sub_ln73_77' <Predicate = true> <Delay = 1.87> <CoreInst = "Adder">   --->   Core 1 'Adder' <Latency = 0> <II = 1> <Delay = 1.91> <FuncUnit> <Opcode : 'add' 'sub'> <InPorts = 2> <OutPorts = 1>
ST_2 : Operation 88 [1/1] (0.00ns)   --->   "%sext_ln73_30 = sext i6 %data_12_val_read" [firmware/nnet_utils/nnet_mult.h:73->firmware/nnet_utils/nnet_dense_latency.h:42]   --->   Operation 88 'sext' 'sext_ln73_30' <Predicate = true> <Delay = 0.00>
ST_2 : Operation 89 [1/1] (0.00ns)   --->   "%sext_ln73_31 = sext i6 %data_12_val_read" [firmware/nnet_utils/nnet_mult.h:73->firmware/nnet_utils/nnet_dense_latency.h:42]   --->   Operation 89 'sext' 'sext_ln73_31' <Predicate = true> <Delay = 0.00>
ST_2 : Operation 90 [1/1] (0.00ns)   --->   "%shl_ln = bitconcatenate i7 @_ssdm_op_BitConcatenate.i7.i6.i1, i6 %data_12_val_read, i1 0" [firmware/nnet_utils/nnet_mult.h:73->firmware/nnet_utils/nnet_dense_latency.h:42]   --->   Operation 90 'bitconcatenate' 'shl_ln' <Predicate = true> <Delay = 0.00>
ST_2 : Operation 91 [1/1] (0.00ns)   --->   "%sext_ln73_66 = sext i7 %shl_ln" [firmware/nnet_utils/nnet_mult.h:73->firmware/nnet_utils/nnet_dense_latency.h:42]   --->   Operation 91 'sext' 'sext_ln73_66' <Predicate = true> <Delay = 0.00>
ST_2 : Operation 92 [1/1] (0.00ns)   --->   "%sext_ln73_32 = sext i6 %data_13_val_read" [firmware/nnet_utils/nnet_mult.h:73->firmware/nnet_utils/nnet_dense_latency.h:42]   --->   Operation 92 'sext' 'sext_ln73_32' <Predicate = true> <Delay = 0.00>
ST_2 : Operation 93 [1/1] (0.00ns)   --->   "%sext_ln73_33 = sext i6 %data_13_val_read" [firmware/nnet_utils/nnet_mult.h:73->firmware/nnet_utils/nnet_dense_latency.h:42]   --->   Operation 93 'sext' 'sext_ln73_33' <Predicate = true> <Delay = 0.00>
ST_2 : Operation 94 [1/1] (0.00ns)   --->   "%sext_ln73_34 = sext i6 %data_13_val_read" [firmware/nnet_utils/nnet_mult.h:73->firmware/nnet_utils/nnet_dense_latency.h:42]   --->   Operation 94 'sext' 'sext_ln73_34' <Predicate = true> <Delay = 0.00>
ST_2 : Operation 95 [1/1] (1.82ns)   --->   "%sub_ln73_62 = sub i7 0, i7 %sext_ln73_33" [firmware/nnet_utils/nnet_mult.h:73->firmware/nnet_utils/nnet_dense_latency.h:42]   --->   Operation 95 'sub' 'sub_ln73_62' <Predicate = true> <Delay = 1.82> <CoreInst = "Adder">   --->   Core 1 'Adder' <Latency = 0> <II = 1> <Delay = 1.87> <FuncUnit> <Opcode : 'add' 'sub'> <InPorts = 2> <OutPorts = 1>
ST_2 : Operation 96 [1/1] (0.00ns)   --->   "%shl_ln73_1 = bitconcatenate i7 @_ssdm_op_BitConcatenate.i7.i6.i1, i6 %data_13_val_read, i1 0" [firmware/nnet_utils/nnet_mult.h:73->firmware/nnet_utils/nnet_dense_latency.h:42]   --->   Operation 96 'bitconcatenate' 'shl_ln73_1' <Predicate = true> <Delay = 0.00>
ST_2 : Operation 97 [1/1] (0.00ns)   --->   "%tmp = bitconcatenate i8 @_ssdm_op_BitConcatenate.i8.i6.i2, i6 %data_13_val_read, i2 0" [firmware/nnet_utils/nnet_mult.h:73->firmware/nnet_utils/nnet_dense_latency.h:42]   --->   Operation 97 'bitconcatenate' 'tmp' <Predicate = true> <Delay = 0.00>
ST_2 : Operation 98 [1/1] (0.00ns)   --->   "%sext_ln73_67 = sext i8 %tmp" [firmware/nnet_utils/nnet_mult.h:73->firmware/nnet_utils/nnet_dense_latency.h:42]   --->   Operation 98 'sext' 'sext_ln73_67' <Predicate = true> <Delay = 0.00>
ST_2 : Operation 99 [1/1] (0.00ns) (grouped into TernaryAdder)   --->   "%mult_93 = sub i9 %sext_ln73_32, i9 %sext_ln73_67" [firmware/nnet_utils/nnet_mult.h:73->firmware/nnet_utils/nnet_dense_latency.h:42]   --->   Operation 99 'sub' 'mult_93' <Predicate = true> <Delay = 0.00> <CoreInst = "TAddSub">   --->   Core 10 'TAddSub' <Latency = 0> <II = 1> <Delay = 1.83> <IPBlock> <Opcode : 'add' 'sub'> <InPorts = 3> <OutPorts = 1> <Sync> <CReg>
ST_2 : Operation 100 [1/1] (0.00ns)   --->   "%sext_ln73_35 = sext i6 %data_14_val_read" [firmware/nnet_utils/nnet_mult.h:73->firmware/nnet_utils/nnet_dense_latency.h:42]   --->   Operation 100 'sext' 'sext_ln73_35' <Predicate = true> <Delay = 0.00>
ST_2 : Operation 101 [1/1] (0.00ns)   --->   "%sext_ln73_36 = sext i6 %data_14_val_read" [firmware/nnet_utils/nnet_mult.h:73->firmware/nnet_utils/nnet_dense_latency.h:42]   --->   Operation 101 'sext' 'sext_ln73_36' <Predicate = true> <Delay = 0.00>
ST_2 : Operation 102 [1/1] (0.00ns)   --->   "%shl_ln73_2 = bitconcatenate i7 @_ssdm_op_BitConcatenate.i7.i6.i1, i6 %data_14_val_read, i1 0" [firmware/nnet_utils/nnet_mult.h:73->firmware/nnet_utils/nnet_dense_latency.h:42]   --->   Operation 102 'bitconcatenate' 'shl_ln73_2' <Predicate = true> <Delay = 0.00>
ST_2 : Operation 103 [1/1] (0.00ns)   --->   "%sext_ln73_68 = sext i7 %shl_ln73_2" [firmware/nnet_utils/nnet_mult.h:73->firmware/nnet_utils/nnet_dense_latency.h:42]   --->   Operation 103 'sext' 'sext_ln73_68' <Predicate = true> <Delay = 0.00>
ST_2 : Operation 104 [1/1] (1.87ns)   --->   "%sub_ln73_79 = sub i8 0, i8 %sext_ln73_68" [firmware/nnet_utils/nnet_mult.h:73->firmware/nnet_utils/nnet_dense_latency.h:42]   --->   Operation 104 'sub' 'sub_ln73_79' <Predicate = true> <Delay = 1.87> <CoreInst = "Adder">   --->   Core 1 'Adder' <Latency = 0> <II = 1> <Delay = 1.91> <FuncUnit> <Opcode : 'add' 'sub'> <InPorts = 2> <OutPorts = 1>
ST_2 : Operation 105 [1/1] (0.00ns)   --->   "%sext_ln73_37 = sext i6 %data_15_val_read" [firmware/nnet_utils/nnet_mult.h:73->firmware/nnet_utils/nnet_dense_latency.h:42]   --->   Operation 105 'sext' 'sext_ln73_37' <Predicate = true> <Delay = 0.00>
ST_2 : Operation 106 [1/1] (0.00ns)   --->   "%sext_ln73_38 = sext i6 %data_15_val_read" [firmware/nnet_utils/nnet_mult.h:73->firmware/nnet_utils/nnet_dense_latency.h:42]   --->   Operation 106 'sext' 'sext_ln73_38' <Predicate = true> <Delay = 0.00>
ST_2 : Operation 107 [1/1] (1.82ns)   --->   "%sub_ln73_63 = sub i7 0, i7 %sext_ln73_38" [firmware/nnet_utils/nnet_mult.h:73->firmware/nnet_utils/nnet_dense_latency.h:42]   --->   Operation 107 'sub' 'sub_ln73_63' <Predicate = true> <Delay = 1.82> <CoreInst = "Adder">   --->   Core 1 'Adder' <Latency = 0> <II = 1> <Delay = 1.87> <FuncUnit> <Opcode : 'add' 'sub'> <InPorts = 2> <OutPorts = 1>
ST_2 : Operation 108 [1/1] (0.00ns)   --->   "%sext_ln73_39 = sext i6 %data_16_val_read" [firmware/nnet_utils/nnet_mult.h:73->firmware/nnet_utils/nnet_dense_latency.h:42]   --->   Operation 108 'sext' 'sext_ln73_39' <Predicate = true> <Delay = 0.00>
ST_2 : Operation 109 [1/1] (0.00ns)   --->   "%tmp_299 = bitconcatenate i7 @_ssdm_op_BitConcatenate.i7.i6.i1, i6 %data_16_val_read, i1 0" [firmware/nnet_utils/nnet_mult.h:73->firmware/nnet_utils/nnet_dense_latency.h:42]   --->   Operation 109 'bitconcatenate' 'tmp_299' <Predicate = true> <Delay = 0.00>
ST_2 : Operation 110 [1/1] (0.00ns)   --->   "%sext_ln73_69 = sext i7 %tmp_299" [firmware/nnet_utils/nnet_mult.h:73->firmware/nnet_utils/nnet_dense_latency.h:42]   --->   Operation 110 'sext' 'sext_ln73_69' <Predicate = true> <Delay = 0.00>
ST_2 : Operation 111 [1/1] (0.00ns)   --->   "%sext_ln73_41 = sext i6 %data_17_val_read" [firmware/nnet_utils/nnet_mult.h:73->firmware/nnet_utils/nnet_dense_latency.h:42]   --->   Operation 111 'sext' 'sext_ln73_41' <Predicate = true> <Delay = 0.00>
ST_2 : Operation 112 [1/1] (0.00ns)   --->   "%sext_ln73_42 = sext i6 %data_17_val_read" [firmware/nnet_utils/nnet_mult.h:73->firmware/nnet_utils/nnet_dense_latency.h:42]   --->   Operation 112 'sext' 'sext_ln73_42' <Predicate = true> <Delay = 0.00>
ST_2 : Operation 113 [1/1] (0.00ns)   --->   "%sext_ln73_43 = sext i6 %data_18_val_read" [firmware/nnet_utils/nnet_mult.h:73->firmware/nnet_utils/nnet_dense_latency.h:42]   --->   Operation 113 'sext' 'sext_ln73_43' <Predicate = true> <Delay = 0.00>
ST_2 : Operation 114 [1/1] (1.82ns)   --->   "%sub_ln73_65 = sub i7 0, i7 %sext_ln73_43" [firmware/nnet_utils/nnet_mult.h:73->firmware/nnet_utils/nnet_dense_latency.h:42]   --->   Operation 114 'sub' 'sub_ln73_65' <Predicate = true> <Delay = 1.82> <CoreInst = "Adder">   --->   Core 1 'Adder' <Latency = 0> <II = 1> <Delay = 1.87> <FuncUnit> <Opcode : 'add' 'sub'> <InPorts = 2> <OutPorts = 1>
ST_2 : Operation 115 [1/1] (0.00ns)   --->   "%sext_ln73_44 = sext i6 %data_19_val_read" [firmware/nnet_utils/nnet_mult.h:73->firmware/nnet_utils/nnet_dense_latency.h:42]   --->   Operation 115 'sext' 'sext_ln73_44' <Predicate = true> <Delay = 0.00>
ST_2 : Operation 116 [1/1] (0.00ns)   --->   "%sext_ln73_46 = sext i6 %data_20_val_read" [firmware/nnet_utils/nnet_mult.h:73->firmware/nnet_utils/nnet_dense_latency.h:42]   --->   Operation 116 'sext' 'sext_ln73_46' <Predicate = true> <Delay = 0.00>
ST_2 : Operation 117 [1/1] (1.82ns)   --->   "%sub_ln73_66 = sub i7 0, i7 %sext_ln73_46" [firmware/nnet_utils/nnet_mult.h:73->firmware/nnet_utils/nnet_dense_latency.h:42]   --->   Operation 117 'sub' 'sub_ln73_66' <Predicate = true> <Delay = 1.82> <CoreInst = "Adder">   --->   Core 1 'Adder' <Latency = 0> <II = 1> <Delay = 1.87> <FuncUnit> <Opcode : 'add' 'sub'> <InPorts = 2> <OutPorts = 1>
ST_2 : Operation 118 [1/1] (0.00ns)   --->   "%sext_ln73_47 = sext i6 %data_21_val_read" [firmware/nnet_utils/nnet_mult.h:73->firmware/nnet_utils/nnet_dense_latency.h:42]   --->   Operation 118 'sext' 'sext_ln73_47' <Predicate = true> <Delay = 0.00>
ST_2 : Operation 119 [1/1] (0.00ns)   --->   "%sext_ln73_50 = sext i6 %data_23_val_read" [firmware/nnet_utils/nnet_mult.h:73->firmware/nnet_utils/nnet_dense_latency.h:42]   --->   Operation 119 'sext' 'sext_ln73_50' <Predicate = true> <Delay = 0.00>
ST_2 : Operation 120 [1/1] (0.00ns)   --->   "%shl_ln73_s = bitconcatenate i7 @_ssdm_op_BitConcatenate.i7.i6.i1, i6 %data_24_val_read, i1 0" [firmware/nnet_utils/nnet_mult.h:73->firmware/nnet_utils/nnet_dense_latency.h:42]   --->   Operation 120 'bitconcatenate' 'shl_ln73_s' <Predicate = true> <Delay = 0.00>
ST_2 : Operation 121 [1/1] (0.00ns)   --->   "%sext_ln73_54 = sext i6 %data_25_val_read" [firmware/nnet_utils/nnet_mult.h:73->firmware/nnet_utils/nnet_dense_latency.h:42]   --->   Operation 121 'sext' 'sext_ln73_54' <Predicate = true> <Delay = 0.00>
ST_2 : Operation 122 [1/1] (1.82ns)   --->   "%sub_ln58_17 = sub i7 %sext_ln17_152, i7 %sext_ln73_19" [firmware/nnet_utils/nnet_dense_latency.h:58]   --->   Operation 122 'sub' 'sub_ln58_17' <Predicate = true> <Delay = 1.82> <CoreInst = "Adder">   --->   Core 1 'Adder' <Latency = 0> <II = 1> <Delay = 1.87> <FuncUnit> <Opcode : 'add' 'sub'> <InPorts = 2> <OutPorts = 1>
ST_2 : Operation 123 [1/1] (0.00ns)   --->   "%sext_ln58 = sext i7 %sub_ln58_17" [firmware/nnet_utils/nnet_dense_latency.h:58]   --->   Operation 123 'sext' 'sext_ln58' <Predicate = true> <Delay = 0.00>
ST_2 : Operation 124 [1/1] (1.82ns)   --->   "%sub_ln58_18 = sub i7 %sext_ln73_19, i7 %sext_ln17_152" [firmware/nnet_utils/nnet_dense_latency.h:58]   --->   Operation 124 'sub' 'sub_ln58_18' <Predicate = true> <Delay = 1.82> <CoreInst = "Adder">   --->   Core 1 'Adder' <Latency = 0> <II = 1> <Delay = 1.87> <FuncUnit> <Opcode : 'add' 'sub'> <InPorts = 2> <OutPorts = 1>
ST_2 : Operation 125 [1/1] (0.00ns)   --->   "%sext_ln58_167 = sext i7 %sub_ln58_18" [firmware/nnet_utils/nnet_dense_latency.h:58]   --->   Operation 125 'sext' 'sext_ln58_167' <Predicate = true> <Delay = 0.00>
ST_2 : Operation 126 [1/1] (1.87ns)   --->   "%add_ln58 = add i8 %sext_ln17_153, i8 %sext_ln17" [firmware/nnet_utils/nnet_dense_latency.h:58]   --->   Operation 126 'add' 'add_ln58' <Predicate = true> <Delay = 1.87> <CoreInst = "Adder">   --->   Core 1 'Adder' <Latency = 0> <II = 1> <Delay = 1.91> <FuncUnit> <Opcode : 'add' 'sub'> <InPorts = 2> <OutPorts = 1>
ST_2 : Operation 127 [1/1] (0.00ns)   --->   "%sext_ln58_169 = sext i7 %sub_ln73" [firmware/nnet_utils/nnet_dense_latency.h:58]   --->   Operation 127 'sext' 'sext_ln58_169' <Predicate = true> <Delay = 0.00>
ST_2 : Operation 128 [1/1] (0.00ns) (grouped into TernaryAdder)   --->   "%sub_ln58_19 = sub i8 %sext_ln58_169, i8 %sext_ln17_151" [firmware/nnet_utils/nnet_dense_latency.h:58]   --->   Operation 128 'sub' 'sub_ln58_19' <Predicate = true> <Delay = 0.00> <CoreInst = "TAddSub">   --->   Core 10 'TAddSub' <Latency = 0> <II = 1> <Delay = 1.83> <IPBlock> <Opcode : 'add' 'sub'> <InPorts = 3> <OutPorts = 1> <Sync> <CReg>
ST_2 : Operation 129 [1/1] (1.87ns)   --->   "%sub_ln58_20 = sub i8 %sext_ln17_153, i8 %sext_ln73" [firmware/nnet_utils/nnet_dense_latency.h:58]   --->   Operation 129 'sub' 'sub_ln58_20' <Predicate = true> <Delay = 1.87> <CoreInst = "Adder">   --->   Core 1 'Adder' <Latency = 0> <II = 1> <Delay = 1.91> <FuncUnit> <Opcode : 'add' 'sub'> <InPorts = 2> <OutPorts = 1>
ST_2 : Operation 130 [1/1] (0.00ns) (grouped into TernaryAdder)   --->   "%sub_ln58_21 = sub i8 %sext_ln17, i8 %sext_ln17_151" [firmware/nnet_utils/nnet_dense_latency.h:58]   --->   Operation 130 'sub' 'sub_ln58_21' <Predicate = true> <Delay = 0.00> <CoreInst = "TAddSub">   --->   Core 10 'TAddSub' <Latency = 0> <II = 1> <Delay = 1.83> <IPBlock> <Opcode : 'add' 'sub'> <InPorts = 3> <OutPorts = 1> <Sync> <CReg>
ST_2 : Operation 131 [1/1] (0.00ns) (grouped into TernaryAdder)   --->   "%sub_ln58_22 = sub i8 %sub_ln73_59, i8 %sext_ln17_151" [firmware/nnet_utils/nnet_dense_latency.h:58]   --->   Operation 131 'sub' 'sub_ln58_22' <Predicate = true> <Delay = 0.00> <CoreInst = "TAddSub">   --->   Core 10 'TAddSub' <Latency = 0> <II = 1> <Delay = 1.83> <IPBlock> <Opcode : 'add' 'sub'> <InPorts = 3> <OutPorts = 1> <Sync> <CReg>
ST_2 : Operation 132 [1/1] (0.00ns)   --->   "%sext_ln58_171 = sext i7 %add_ln58_644" [firmware/nnet_utils/nnet_dense_latency.h:58]   --->   Operation 132 'sext' 'sext_ln58_171' <Predicate = true> <Delay = 0.00>
ST_2 : Operation 133 [1/1] (1.87ns)   --->   "%sub_ln58_348 = sub i8 %sext_ln58, i8 %sext_ln73_28" [firmware/nnet_utils/nnet_dense_latency.h:58]   --->   Operation 133 'sub' 'sub_ln58_348' <Predicate = true> <Delay = 1.87> <CoreInst = "Adder">   --->   Core 1 'Adder' <Latency = 0> <II = 1> <Delay = 1.91> <FuncUnit> <Opcode : 'add' 'sub'> <InPorts = 2> <OutPorts = 1>
ST_2 : Operation 134 [1/1] (0.00ns)   --->   "%sext_ln58_172 = sext i8 %sub_ln58_348" [firmware/nnet_utils/nnet_dense_latency.h:58]   --->   Operation 134 'sext' 'sext_ln58_172' <Predicate = true> <Delay = 0.00>
ST_2 : Operation 135 [1/1] (1.87ns)   --->   "%sub_ln58_277 = sub i8 %sext_ln58_167, i8 %sext_ln73_21" [firmware/nnet_utils/nnet_dense_latency.h:58]   --->   Operation 135 'sub' 'sub_ln58_277' <Predicate = true> <Delay = 1.87> <CoreInst = "Adder">   --->   Core 1 'Adder' <Latency = 0> <II = 1> <Delay = 1.91> <FuncUnit> <Opcode : 'add' 'sub'> <InPorts = 2> <OutPorts = 1>
ST_2 : Operation 136 [1/1] (0.00ns)   --->   "%sext_ln58_173 = sext i8 %sub_ln58_277" [firmware/nnet_utils/nnet_dense_latency.h:58]   --->   Operation 136 'sext' 'sext_ln58_173' <Predicate = true> <Delay = 0.00>
ST_2 : Operation 137 [1/1] (1.87ns)   --->   "%sub_ln58_349 = sub i8 %sext_ln17_153, i8 %sext_ln73_28" [firmware/nnet_utils/nnet_dense_latency.h:58]   --->   Operation 137 'sub' 'sub_ln58_349' <Predicate = true> <Delay = 1.87> <CoreInst = "Adder">   --->   Core 1 'Adder' <Latency = 0> <II = 1> <Delay = 1.91> <FuncUnit> <Opcode : 'add' 'sub'> <InPorts = 2> <OutPorts = 1>
ST_2 : Operation 138 [1/1] (3.66ns) (root node of TernaryAdder)   --->   "%add_ln58_645 = add i8 %sub_ln58_19, i8 %sext_ln73_28" [firmware/nnet_utils/nnet_dense_latency.h:58]   --->   Operation 138 'add' 'add_ln58_645' <Predicate = true> <Delay = 3.66> <CoreInst = "TAddSub">   --->   Core 10 'TAddSub' <Latency = 0> <II = 1> <Delay = 1.83> <IPBlock> <Opcode : 'add' 'sub'> <InPorts = 3> <OutPorts = 1> <Sync> <CReg>
ST_2 : Operation 139 [1/1] (3.66ns) (root node of TernaryAdder)   --->   "%add_ln58_646 = add i8 %sub_ln58_21, i8 %sext_ln73_21" [firmware/nnet_utils/nnet_dense_latency.h:58]   --->   Operation 139 'add' 'add_ln58_646' <Predicate = true> <Delay = 3.66> <CoreInst = "TAddSub">   --->   Core 10 'TAddSub' <Latency = 0> <II = 1> <Delay = 1.83> <IPBlock> <Opcode : 'add' 'sub'> <InPorts = 3> <OutPorts = 1> <Sync> <CReg>
ST_2 : Operation 140 [1/1] (3.66ns) (root node of TernaryAdder)   --->   "%add_ln58_647 = add i8 %sub_ln58_22, i8 %sext_ln73_21" [firmware/nnet_utils/nnet_dense_latency.h:58]   --->   Operation 140 'add' 'add_ln58_647' <Predicate = true> <Delay = 3.66> <CoreInst = "TAddSub">   --->   Core 10 'TAddSub' <Latency = 0> <II = 1> <Delay = 1.83> <IPBlock> <Opcode : 'add' 'sub'> <InPorts = 3> <OutPorts = 1> <Sync> <CReg>
ST_2 : Operation 141 [1/1] (1.82ns)   --->   "%sub_ln58_23 = sub i7 %sext_ln73_20, i7 %sext_ln73_19" [firmware/nnet_utils/nnet_dense_latency.h:58]   --->   Operation 141 'sub' 'sub_ln58_23' <Predicate = true> <Delay = 1.82> <CoreInst = "Adder">   --->   Core 1 'Adder' <Latency = 0> <II = 1> <Delay = 1.87> <FuncUnit> <Opcode : 'add' 'sub'> <InPorts = 2> <OutPorts = 1>
ST_2 : Operation 142 [1/1] (0.00ns)   --->   "%sext_ln58_178 = sext i7 %sub_ln58_23" [firmware/nnet_utils/nnet_dense_latency.h:58]   --->   Operation 142 'sext' 'sext_ln58_178' <Predicate = true> <Delay = 0.00>
ST_2 : Operation 143 [1/1] (1.87ns)   --->   "%add_ln58_648 = add i8 %sext_ln58_171, i8 %sext_ln73_21" [firmware/nnet_utils/nnet_dense_latency.h:58]   --->   Operation 143 'add' 'add_ln58_648' <Predicate = true> <Delay = 1.87> <CoreInst = "Adder">   --->   Core 1 'Adder' <Latency = 0> <II = 1> <Delay = 1.91> <FuncUnit> <Opcode : 'add' 'sub'> <InPorts = 2> <OutPorts = 1>
ST_2 : Operation 144 [1/1] (1.87ns)   --->   "%sub_ln58_350 = sub i8 %sext_ln73, i8 %sext_ln73_28" [firmware/nnet_utils/nnet_dense_latency.h:58]   --->   Operation 144 'sub' 'sub_ln58_350' <Predicate = true> <Delay = 1.87> <CoreInst = "Adder">   --->   Core 1 'Adder' <Latency = 0> <II = 1> <Delay = 1.91> <FuncUnit> <Opcode : 'add' 'sub'> <InPorts = 2> <OutPorts = 1>
ST_2 : Operation 145 [1/1] (0.00ns)   --->   "%sext_ln58_179 = sext i8 %sub_ln58_350" [firmware/nnet_utils/nnet_dense_latency.h:58]   --->   Operation 145 'sext' 'sext_ln58_179' <Predicate = true> <Delay = 0.00>
ST_2 : Operation 146 [1/1] (1.82ns)   --->   "%sub_ln58_278 = sub i7 %sext_ln73_20, i7 %sext_ln73_23" [firmware/nnet_utils/nnet_dense_latency.h:58]   --->   Operation 146 'sub' 'sub_ln58_278' <Predicate = true> <Delay = 1.82> <CoreInst = "Adder">   --->   Core 1 'Adder' <Latency = 0> <II = 1> <Delay = 1.87> <FuncUnit> <Opcode : 'add' 'sub'> <InPorts = 2> <OutPorts = 1>
ST_2 : Operation 147 [1/1] (0.00ns)   --->   "%sext_ln58_779 = sext i7 %sub_ln58_278" [firmware/nnet_utils/nnet_dense_latency.h:58]   --->   Operation 147 'sext' 'sext_ln58_779' <Predicate = true> <Delay = 0.00>
ST_2 : Operation 148 [1/1] (1.87ns)   --->   "%add_ln58_649 = add i8 %sext_ln58_779, i8 %sext_ln58_167" [firmware/nnet_utils/nnet_dense_latency.h:58]   --->   Operation 148 'add' 'add_ln58_649' <Predicate = true> <Delay = 1.87> <CoreInst = "Adder">   --->   Core 1 'Adder' <Latency = 0> <II = 1> <Delay = 1.91> <FuncUnit> <Opcode : 'add' 'sub'> <InPorts = 2> <OutPorts = 1>
ST_2 : Operation 149 [1/1] (0.00ns)   --->   "%sext_ln58_780 = sext i6 %data_3_val_read" [firmware/nnet_utils/nnet_dense_latency.h:58]   --->   Operation 149 'sext' 'sext_ln58_780' <Predicate = true> <Delay = 0.00>
ST_2 : Operation 150 [1/1] (0.00ns)   --->   "%sext_ln58_781 = sext i8 %add_ln58_646" [firmware/nnet_utils/nnet_dense_latency.h:58]   --->   Operation 150 'sext' 'sext_ln58_781' <Predicate = true> <Delay = 0.00>
ST_2 : Operation 151 [1/1] (1.91ns)   --->   "%sub_ln58_279 = sub i9 %sext_ln58_781, i9 %sext_ln58_780" [firmware/nnet_utils/nnet_dense_latency.h:58]   --->   Operation 151 'sub' 'sub_ln58_279' <Predicate = true> <Delay = 1.91> <CoreInst = "Adder">   --->   Core 1 'Adder' <Latency = 0> <II = 1> <Delay = 1.82> <FuncUnit> <Opcode : 'add' 'sub'> <InPorts = 2> <OutPorts = 1>
ST_2 : Operation 152 [1/1] (1.87ns)   --->   "%add_ln58_650 = add i8 %sext_ln58_178, i8 %sext_ln42" [firmware/nnet_utils/nnet_dense_latency.h:58]   --->   Operation 152 'add' 'add_ln58_650' <Predicate = true> <Delay = 1.87> <CoreInst = "Adder">   --->   Core 1 'Adder' <Latency = 0> <II = 1> <Delay = 1.91> <FuncUnit> <Opcode : 'add' 'sub'> <InPorts = 2> <OutPorts = 1>
ST_2 : Operation 153 [1/1] (1.91ns)   --->   "%add_ln58_651 = add i8 %add_ln58_648, i8 %sext_ln17_155" [firmware/nnet_utils/nnet_dense_latency.h:58]   --->   Operation 153 'add' 'add_ln58_651' <Predicate = true> <Delay = 1.91> <CoreInst = "Adder">   --->   Core 1 'Adder' <Latency = 0> <II = 1> <Delay = 1.91> <FuncUnit> <Opcode : 'add' 'sub'> <InPorts = 2> <OutPorts = 1>
ST_2 : Operation 154 [1/1] (1.91ns)   --->   "%add_ln58_652 = add i8 %add_ln58_648, i8 %sext_ln70" [firmware/nnet_utils/nnet_dense_latency.h:58]   --->   Operation 154 'add' 'add_ln58_652' <Predicate = true> <Delay = 1.91> <CoreInst = "Adder">   --->   Core 1 'Adder' <Latency = 0> <II = 1> <Delay = 1.91> <FuncUnit> <Opcode : 'add' 'sub'> <InPorts = 2> <OutPorts = 1>
ST_2 : Operation 155 [1/1] (0.00ns) (grouped into TernaryAdder)   --->   "%sub_ln58 = sub i8 %sext_ln42, i8 %sext_ln70" [firmware/nnet_utils/nnet_dense_latency.h:58]   --->   Operation 155 'sub' 'sub_ln58' <Predicate = true> <Delay = 0.00> <CoreInst = "TAddSub">   --->   Core 10 'TAddSub' <Latency = 0> <II = 1> <Delay = 1.83> <IPBlock> <Opcode : 'add' 'sub'> <InPorts = 3> <OutPorts = 1> <Sync> <CReg>
ST_2 : Operation 156 [1/1] (3.66ns) (root node of TernaryAdder)   --->   "%add_ln58_653 = add i8 %sub_ln58, i8 %sext_ln17_158" [firmware/nnet_utils/nnet_dense_latency.h:58]   --->   Operation 156 'add' 'add_ln58_653' <Predicate = true> <Delay = 3.66> <CoreInst = "TAddSub">   --->   Core 10 'TAddSub' <Latency = 0> <II = 1> <Delay = 1.83> <IPBlock> <Opcode : 'add' 'sub'> <InPorts = 3> <OutPorts = 1> <Sync> <CReg>
ST_2 : Operation 157 [1/1] (0.00ns) (grouped into TernaryAdder)   --->   "%add_ln58_654 = add i9 %sext_ln58_172, i9 %sext_ln17_154" [firmware/nnet_utils/nnet_dense_latency.h:58]   --->   Operation 157 'add' 'add_ln58_654' <Predicate = true> <Delay = 0.00> <CoreInst = "TAddSub">   --->   Core 10 'TAddSub' <Latency = 0> <II = 1> <Delay = 1.83> <IPBlock> <Opcode : 'add' 'sub'> <InPorts = 3> <OutPorts = 1> <Sync> <CReg>
ST_2 : Operation 158 [1/1] (1.82ns)   --->   "%add_ln58_655 = add i7 %sext_ln70_29, i7 %sext_ln17_162" [firmware/nnet_utils/nnet_dense_latency.h:58]   --->   Operation 158 'add' 'add_ln58_655' <Predicate = true> <Delay = 1.82> <CoreInst = "Adder">   --->   Core 1 'Adder' <Latency = 0> <II = 1> <Delay = 1.87> <FuncUnit> <Opcode : 'add' 'sub'> <InPorts = 2> <OutPorts = 1>
ST_2 : Operation 159 [1/1] (0.00ns)   --->   "%sext_ln58_782 = sext i7 %add_ln58_655" [firmware/nnet_utils/nnet_dense_latency.h:58]   --->   Operation 159 'sext' 'sext_ln58_782' <Predicate = true> <Delay = 0.00>
ST_2 : Operation 160 [1/1] (3.69ns) (root node of TernaryAdder)   --->   "%add_ln58_656 = add i9 %sext_ln58_782, i9 %add_ln58_654" [firmware/nnet_utils/nnet_dense_latency.h:58]   --->   Operation 160 'add' 'add_ln58_656' <Predicate = true> <Delay = 3.69> <CoreInst = "TAddSub">   --->   Core 10 'TAddSub' <Latency = 0> <II = 1> <Delay = 1.83> <IPBlock> <Opcode : 'add' 'sub'> <InPorts = 3> <OutPorts = 1> <Sync> <CReg>
ST_2 : Operation 161 [1/1] (0.00ns)   --->   "%sext_ln58_803 = sext i7 %mult_82" [firmware/nnet_utils/nnet_dense_latency.h:58]   --->   Operation 161 'sext' 'sext_ln58_803' <Predicate = true> <Delay = 0.00>
ST_2 : Operation 162 [1/1] (0.00ns)   --->   "%sext_ln58_806 = sext i8 %sub_ln58_20" [firmware/nnet_utils/nnet_dense_latency.h:58]   --->   Operation 162 'sext' 'sext_ln58_806' <Predicate = true> <Delay = 0.00>
ST_2 : Operation 163 [1/1] (0.00ns) (grouped into TernaryAdder)   --->   "%sub_ln58_351 = sub i9 %sext_ln58_806, i9 %sext_ln58_803" [firmware/nnet_utils/nnet_dense_latency.h:58]   --->   Operation 163 'sub' 'sub_ln58_351' <Predicate = true> <Delay = 0.00> <CoreInst = "TAddSub">   --->   Core 10 'TAddSub' <Latency = 0> <II = 1> <Delay = 1.83> <IPBlock> <Opcode : 'add' 'sub'> <InPorts = 3> <OutPorts = 1> <Sync> <CReg>
ST_2 : Operation 164 [1/1] (1.82ns)   --->   "%add_ln58_657 = add i7 %sext_ln17_156, i7 %sext_ln17_162" [firmware/nnet_utils/nnet_dense_latency.h:58]   --->   Operation 164 'add' 'add_ln58_657' <Predicate = true> <Delay = 1.82> <CoreInst = "Adder">   --->   Core 1 'Adder' <Latency = 0> <II = 1> <Delay = 1.87> <FuncUnit> <Opcode : 'add' 'sub'> <InPorts = 2> <OutPorts = 1>
ST_2 : Operation 165 [1/1] (0.00ns)   --->   "%sext_ln58_783 = sext i7 %add_ln58_657" [firmware/nnet_utils/nnet_dense_latency.h:58]   --->   Operation 165 'sext' 'sext_ln58_783' <Predicate = true> <Delay = 0.00>
ST_2 : Operation 166 [1/1] (1.87ns)   --->   "%sub_ln58_280 = sub i8 %sext_ln58_783, i8 %sext_ln17_158" [firmware/nnet_utils/nnet_dense_latency.h:58]   --->   Operation 166 'sub' 'sub_ln58_280' <Predicate = true> <Delay = 1.87> <CoreInst = "Adder">   --->   Core 1 'Adder' <Latency = 0> <II = 1> <Delay = 1.91> <FuncUnit> <Opcode : 'add' 'sub'> <InPorts = 2> <OutPorts = 1>
ST_2 : Operation 167 [1/1] (0.00ns)   --->   "%sext_ln58_784 = sext i8 %sub_ln58_280" [firmware/nnet_utils/nnet_dense_latency.h:58]   --->   Operation 167 'sext' 'sext_ln58_784' <Predicate = true> <Delay = 0.00>
ST_2 : Operation 168 [1/1] (3.69ns) (root node of TernaryAdder)   --->   "%add_ln58_658 = add i9 %sext_ln58_784, i9 %sub_ln58_351" [firmware/nnet_utils/nnet_dense_latency.h:58]   --->   Operation 168 'add' 'add_ln58_658' <Predicate = true> <Delay = 3.69> <CoreInst = "TAddSub">   --->   Core 10 'TAddSub' <Latency = 0> <II = 1> <Delay = 1.83> <IPBlock> <Opcode : 'add' 'sub'> <InPorts = 3> <OutPorts = 1> <Sync> <CReg>
ST_2 : Operation 169 [1/1] (0.00ns)   --->   "%sext_ln58_186 = sext i9 %add_ln58_658" [firmware/nnet_utils/nnet_dense_latency.h:58]   --->   Operation 169 'sext' 'sext_ln58_186' <Predicate = true> <Delay = 0.00>
ST_2 : Operation 170 [1/1] (1.82ns)   --->   "%sub_ln58_281 = sub i7 %sext_ln73_23, i7 %sext_ln17_162" [firmware/nnet_utils/nnet_dense_latency.h:58]   --->   Operation 170 'sub' 'sub_ln58_281' <Predicate = true> <Delay = 1.82> <CoreInst = "Adder">   --->   Core 1 'Adder' <Latency = 0> <II = 1> <Delay = 1.87> <FuncUnit> <Opcode : 'add' 'sub'> <InPorts = 2> <OutPorts = 1>
ST_2 : Operation 171 [1/1] (0.00ns)   --->   "%sext_ln58_785 = sext i7 %sub_ln58_281" [firmware/nnet_utils/nnet_dense_latency.h:58]   --->   Operation 171 'sext' 'sext_ln58_785' <Predicate = true> <Delay = 0.00>
ST_2 : Operation 172 [1/1] (1.87ns)   --->   "%add_ln58_659 = add i8 %sext_ln58_785, i8 %sext_ln17" [firmware/nnet_utils/nnet_dense_latency.h:58]   --->   Operation 172 'add' 'add_ln58_659' <Predicate = true> <Delay = 1.87> <CoreInst = "Adder">   --->   Core 1 'Adder' <Latency = 0> <II = 1> <Delay = 1.91> <FuncUnit> <Opcode : 'add' 'sub'> <InPorts = 2> <OutPorts = 1>
ST_2 : Operation 173 [1/1] (0.00ns)   --->   "%sext_ln58_786 = sext i8 %add_ln58_651" [firmware/nnet_utils/nnet_dense_latency.h:58]   --->   Operation 173 'sext' 'sext_ln58_786' <Predicate = true> <Delay = 0.00>
ST_2 : Operation 174 [1/1] (0.00ns) (grouped into TernaryAdder)   --->   "%sub_ln58_282 = sub i9 %sext_ln58_786, i9 %sext_ln17_157" [firmware/nnet_utils/nnet_dense_latency.h:58]   --->   Operation 174 'sub' 'sub_ln58_282' <Predicate = true> <Delay = 0.00> <CoreInst = "TAddSub">   --->   Core 10 'TAddSub' <Latency = 0> <II = 1> <Delay = 1.83> <IPBlock> <Opcode : 'add' 'sub'> <InPorts = 3> <OutPorts = 1> <Sync> <CReg>
ST_2 : Operation 175 [1/1] (1.87ns)   --->   "%add_ln58_660 = add i8 %sext_ln17_164, i8 %sext_ln70" [firmware/nnet_utils/nnet_dense_latency.h:58]   --->   Operation 175 'add' 'add_ln58_660' <Predicate = true> <Delay = 1.87> <CoreInst = "Adder">   --->   Core 1 'Adder' <Latency = 0> <II = 1> <Delay = 1.91> <FuncUnit> <Opcode : 'add' 'sub'> <InPorts = 2> <OutPorts = 1>
ST_2 : Operation 176 [1/1] (0.00ns)   --->   "%sext_ln58_787 = sext i8 %add_ln58_660" [firmware/nnet_utils/nnet_dense_latency.h:58]   --->   Operation 176 'sext' 'sext_ln58_787' <Predicate = true> <Delay = 0.00>
ST_2 : Operation 177 [1/1] (3.69ns) (root node of TernaryAdder)   --->   "%add_ln58_661 = add i9 %sext_ln58_787, i9 %sub_ln58_282" [firmware/nnet_utils/nnet_dense_latency.h:58]   --->   Operation 177 'add' 'add_ln58_661' <Predicate = true> <Delay = 3.69> <CoreInst = "TAddSub">   --->   Core 10 'TAddSub' <Latency = 0> <II = 1> <Delay = 1.83> <IPBlock> <Opcode : 'add' 'sub'> <InPorts = 3> <OutPorts = 1> <Sync> <CReg>
ST_2 : Operation 178 [1/1] (0.00ns)   --->   "%sext_ln58_788 = sext i8 %add_ln58_653" [firmware/nnet_utils/nnet_dense_latency.h:58]   --->   Operation 178 'sext' 'sext_ln58_788' <Predicate = true> <Delay = 0.00>
ST_2 : Operation 179 [1/1] (1.91ns)   --->   "%sub_ln58_283 = sub i9 %sext_ln58_788, i9 %sext_ln17_160" [firmware/nnet_utils/nnet_dense_latency.h:58]   --->   Operation 179 'sub' 'sub_ln58_283' <Predicate = true> <Delay = 1.91> <CoreInst = "Adder">   --->   Core 1 'Adder' <Latency = 0> <II = 1> <Delay = 1.82> <FuncUnit> <Opcode : 'add' 'sub'> <InPorts = 2> <OutPorts = 1>
ST_2 : Operation 180 [1/1] (0.00ns) (grouped into TernaryAdder)   --->   "%add_ln58_662 = add i9 %sext_ln58_179, i9 %sext_ln17_154" [firmware/nnet_utils/nnet_dense_latency.h:58]   --->   Operation 180 'add' 'add_ln58_662' <Predicate = true> <Delay = 0.00> <CoreInst = "TAddSub">   --->   Core 10 'TAddSub' <Latency = 0> <II = 1> <Delay = 1.83> <IPBlock> <Opcode : 'add' 'sub'> <InPorts = 3> <OutPorts = 1> <Sync> <CReg>
ST_2 : Operation 181 [1/1] (1.87ns)   --->   "%sub_ln58_284 = sub i8 %sext_ln17_164, i8 %sext_ln73_24" [firmware/nnet_utils/nnet_dense_latency.h:58]   --->   Operation 181 'sub' 'sub_ln58_284' <Predicate = true> <Delay = 1.87> <CoreInst = "Adder">   --->   Core 1 'Adder' <Latency = 0> <II = 1> <Delay = 1.91> <FuncUnit> <Opcode : 'add' 'sub'> <InPorts = 2> <OutPorts = 1>
ST_2 : Operation 182 [1/1] (0.00ns)   --->   "%sext_ln58_789 = sext i8 %sub_ln58_284" [firmware/nnet_utils/nnet_dense_latency.h:58]   --->   Operation 182 'sext' 'sext_ln58_789' <Predicate = true> <Delay = 0.00>
ST_2 : Operation 183 [1/1] (3.69ns) (root node of TernaryAdder)   --->   "%add_ln58_663 = add i9 %sext_ln58_789, i9 %add_ln58_662" [firmware/nnet_utils/nnet_dense_latency.h:58]   --->   Operation 183 'add' 'add_ln58_663' <Predicate = true> <Delay = 3.69> <CoreInst = "TAddSub">   --->   Core 10 'TAddSub' <Latency = 0> <II = 1> <Delay = 1.83> <IPBlock> <Opcode : 'add' 'sub'> <InPorts = 3> <OutPorts = 1> <Sync> <CReg>
ST_2 : Operation 184 [1/1] (0.00ns)   --->   "%sext_ln58_189 = sext i9 %add_ln58_663" [firmware/nnet_utils/nnet_dense_latency.h:58]   --->   Operation 184 'sext' 'sext_ln58_189' <Predicate = true> <Delay = 0.00>
ST_2 : Operation 185 [1/1] (0.00ns)   --->   "%sext_ln58_790 = sext i8 %add_ln58" [firmware/nnet_utils/nnet_dense_latency.h:58]   --->   Operation 185 'sext' 'sext_ln58_790' <Predicate = true> <Delay = 0.00>
ST_2 : Operation 186 [1/1] (0.00ns) (grouped into TernaryAdder)   --->   "%sub_ln58_285 = sub i9 %sext_ln58_790, i9 %sext_ln17_160" [firmware/nnet_utils/nnet_dense_latency.h:58]   --->   Operation 186 'sub' 'sub_ln58_285' <Predicate = true> <Delay = 0.00> <CoreInst = "TAddSub">   --->   Core 10 'TAddSub' <Latency = 0> <II = 1> <Delay = 1.83> <IPBlock> <Opcode : 'add' 'sub'> <InPorts = 3> <OutPorts = 1> <Sync> <CReg>
ST_2 : Operation 187 [1/1] (1.82ns)   --->   "%sub_ln58_286 = sub i7 %sext_ln70_29, i7 %sext_ln70_30" [firmware/nnet_utils/nnet_dense_latency.h:58]   --->   Operation 187 'sub' 'sub_ln58_286' <Predicate = true> <Delay = 1.82> <CoreInst = "Adder">   --->   Core 1 'Adder' <Latency = 0> <II = 1> <Delay = 1.87> <FuncUnit> <Opcode : 'add' 'sub'> <InPorts = 2> <OutPorts = 1>
ST_2 : Operation 188 [1/1] (0.00ns)   --->   "%sext_ln58_791 = sext i7 %sub_ln58_286" [firmware/nnet_utils/nnet_dense_latency.h:58]   --->   Operation 188 'sext' 'sext_ln58_791' <Predicate = true> <Delay = 0.00>
ST_2 : Operation 189 [1/1] (1.87ns)   --->   "%sub_ln58_287 = sub i8 %sext_ln58_791, i8 %sext_ln73_24" [firmware/nnet_utils/nnet_dense_latency.h:58]   --->   Operation 189 'sub' 'sub_ln58_287' <Predicate = true> <Delay = 1.87> <CoreInst = "Adder">   --->   Core 1 'Adder' <Latency = 0> <II = 1> <Delay = 1.91> <FuncUnit> <Opcode : 'add' 'sub'> <InPorts = 2> <OutPorts = 1>
ST_2 : Operation 190 [1/1] (0.00ns)   --->   "%sext_ln58_792 = sext i8 %sub_ln58_287" [firmware/nnet_utils/nnet_dense_latency.h:58]   --->   Operation 190 'sext' 'sext_ln58_792' <Predicate = true> <Delay = 0.00>
ST_2 : Operation 191 [1/1] (3.69ns) (root node of TernaryAdder)   --->   "%add_ln58_664 = add i9 %sext_ln58_792, i9 %sub_ln58_285" [firmware/nnet_utils/nnet_dense_latency.h:58]   --->   Operation 191 'add' 'add_ln58_664' <Predicate = true> <Delay = 3.69> <CoreInst = "TAddSub">   --->   Core 10 'TAddSub' <Latency = 0> <II = 1> <Delay = 1.83> <IPBlock> <Opcode : 'add' 'sub'> <InPorts = 3> <OutPorts = 1> <Sync> <CReg>
ST_2 : Operation 192 [1/1] (0.00ns)   --->   "%sext_ln58_190 = sext i9 %add_ln58_664" [firmware/nnet_utils/nnet_dense_latency.h:58]   --->   Operation 192 'sext' 'sext_ln58_190' <Predicate = true> <Delay = 0.00>
ST_2 : Operation 193 [1/1] (0.00ns)   --->   "%sext_ln58_793 = sext i6 %data_7_val_read" [firmware/nnet_utils/nnet_dense_latency.h:58]   --->   Operation 193 'sext' 'sext_ln58_793' <Predicate = true> <Delay = 0.00>
ST_2 : Operation 194 [1/1] (0.00ns)   --->   "%sext_ln58_794 = sext i8 %add_ln58_649" [firmware/nnet_utils/nnet_dense_latency.h:58]   --->   Operation 194 'sext' 'sext_ln58_794' <Predicate = true> <Delay = 0.00>
ST_2 : Operation 195 [1/1] (0.00ns) (grouped into TernaryAdder)   --->   "%sub_ln58_288 = sub i9 %sext_ln58_794, i9 %sext_ln58_793" [firmware/nnet_utils/nnet_dense_latency.h:58]   --->   Operation 195 'sub' 'sub_ln58_288' <Predicate = true> <Delay = 0.00> <CoreInst = "TAddSub">   --->   Core 10 'TAddSub' <Latency = 0> <II = 1> <Delay = 1.83> <IPBlock> <Opcode : 'add' 'sub'> <InPorts = 3> <OutPorts = 1> <Sync> <CReg>
ST_2 : Operation 196 [1/1] (0.00ns)   --->   "%sext_ln58_795 = sext i7 %add_ln58_655" [firmware/nnet_utils/nnet_dense_latency.h:58]   --->   Operation 196 'sext' 'sext_ln58_795' <Predicate = true> <Delay = 0.00>
ST_2 : Operation 197 [1/1] (1.87ns)   --->   "%sub_ln58_289 = sub i8 %sext_ln58_795, i8 %sext_ln17_168" [firmware/nnet_utils/nnet_dense_latency.h:58]   --->   Operation 197 'sub' 'sub_ln58_289' <Predicate = true> <Delay = 1.87> <CoreInst = "Adder">   --->   Core 1 'Adder' <Latency = 0> <II = 1> <Delay = 1.91> <FuncUnit> <Opcode : 'add' 'sub'> <InPorts = 2> <OutPorts = 1>
ST_2 : Operation 198 [1/1] (0.00ns)   --->   "%sext_ln58_796 = sext i8 %sub_ln58_289" [firmware/nnet_utils/nnet_dense_latency.h:58]   --->   Operation 198 'sext' 'sext_ln58_796' <Predicate = true> <Delay = 0.00>
ST_2 : Operation 199 [1/1] (3.69ns) (root node of TernaryAdder)   --->   "%add_ln58_665 = add i9 %sext_ln58_796, i9 %sub_ln58_288" [firmware/nnet_utils/nnet_dense_latency.h:58]   --->   Operation 199 'add' 'add_ln58_665' <Predicate = true> <Delay = 3.69> <CoreInst = "TAddSub">   --->   Core 10 'TAddSub' <Latency = 0> <II = 1> <Delay = 1.83> <IPBlock> <Opcode : 'add' 'sub'> <InPorts = 3> <OutPorts = 1> <Sync> <CReg>
ST_2 : Operation 200 [1/1] (0.00ns)   --->   "%sext_ln58_191 = sext i9 %add_ln58_665" [firmware/nnet_utils/nnet_dense_latency.h:58]   --->   Operation 200 'sext' 'sext_ln58_191' <Predicate = true> <Delay = 0.00>
ST_2 : Operation 201 [1/1] (0.00ns)   --->   "%sext_ln58_797 = sext i9 %add_ln58_661" [firmware/nnet_utils/nnet_dense_latency.h:58]   --->   Operation 201 'sext' 'sext_ln58_797' <Predicate = true> <Delay = 0.00>
ST_2 : Operation 202 [1/1] (1.82ns)   --->   "%sub_ln58_290 = sub i10 %sext_ln58_797, i10 %sext_ln17_167" [firmware/nnet_utils/nnet_dense_latency.h:58]   --->   Operation 202 'sub' 'sub_ln58_290' <Predicate = true> <Delay = 1.82> <CoreInst = "Adder">   --->   Core 1 'Adder' <Latency = 0> <II = 1> <Delay = 1.73> <FuncUnit> <Opcode : 'add' 'sub'> <InPorts = 2> <OutPorts = 1>
ST_2 : Operation 203 [1/1] (0.00ns)   --->   "%sext_ln58_798 = sext i8 %add_ln58_647" [firmware/nnet_utils/nnet_dense_latency.h:58]   --->   Operation 203 'sext' 'sext_ln58_798' <Predicate = true> <Delay = 0.00>
ST_2 : Operation 204 [1/1] (0.00ns) (grouped into TernaryAdder)   --->   "%sub_ln58_291 = sub i9 %sext_ln58_798, i9 %sext_ln58_793" [firmware/nnet_utils/nnet_dense_latency.h:58]   --->   Operation 204 'sub' 'sub_ln58_291' <Predicate = true> <Delay = 0.00> <CoreInst = "TAddSub">   --->   Core 10 'TAddSub' <Latency = 0> <II = 1> <Delay = 1.83> <IPBlock> <Opcode : 'add' 'sub'> <InPorts = 3> <OutPorts = 1> <Sync> <CReg>
ST_2 : Operation 205 [1/1] (1.87ns)   --->   "%add_ln58_666 = add i8 %sext_ln17_171, i8 %sext_ln17_161" [firmware/nnet_utils/nnet_dense_latency.h:58]   --->   Operation 205 'add' 'add_ln58_666' <Predicate = true> <Delay = 1.87> <CoreInst = "Adder">   --->   Core 1 'Adder' <Latency = 0> <II = 1> <Delay = 1.91> <FuncUnit> <Opcode : 'add' 'sub'> <InPorts = 2> <OutPorts = 1>
ST_2 : Operation 206 [1/1] (0.00ns)   --->   "%sext_ln58_799 = sext i8 %add_ln58_666" [firmware/nnet_utils/nnet_dense_latency.h:58]   --->   Operation 206 'sext' 'sext_ln58_799' <Predicate = true> <Delay = 0.00>
ST_2 : Operation 207 [1/1] (3.69ns) (root node of TernaryAdder)   --->   "%add_ln58_667 = add i9 %sext_ln58_799, i9 %sub_ln58_291" [firmware/nnet_utils/nnet_dense_latency.h:58]   --->   Operation 207 'add' 'add_ln58_667' <Predicate = true> <Delay = 3.69> <CoreInst = "TAddSub">   --->   Core 10 'TAddSub' <Latency = 0> <II = 1> <Delay = 1.83> <IPBlock> <Opcode : 'add' 'sub'> <InPorts = 3> <OutPorts = 1> <Sync> <CReg>
ST_2 : Operation 208 [1/1] (0.00ns) (grouped into TernaryAdder)   --->   "%add_ln58_668 = add i9 %sub_ln58_283, i9 %sext_ln17_172" [firmware/nnet_utils/nnet_dense_latency.h:58]   --->   Operation 208 'add' 'add_ln58_668' <Predicate = true> <Delay = 0.00> <CoreInst = "TAddSub">   --->   Core 10 'TAddSub' <Latency = 0> <II = 1> <Delay = 1.83> <IPBlock> <Opcode : 'add' 'sub'> <InPorts = 3> <OutPorts = 1> <Sync> <CReg>
ST_2 : Operation 209 [1/1] (1.82ns)   --->   "%add_ln58_669 = add i7 %sext_ln17_165, i7 %sext_ln70_30" [firmware/nnet_utils/nnet_dense_latency.h:58]   --->   Operation 209 'add' 'add_ln58_669' <Predicate = true> <Delay = 1.82> <CoreInst = "Adder">   --->   Core 1 'Adder' <Latency = 0> <II = 1> <Delay = 1.87> <FuncUnit> <Opcode : 'add' 'sub'> <InPorts = 2> <OutPorts = 1>
ST_2 : Operation 210 [1/1] (0.00ns)   --->   "%sext_ln58_800 = sext i7 %add_ln58_669" [firmware/nnet_utils/nnet_dense_latency.h:58]   --->   Operation 210 'sext' 'sext_ln58_800' <Predicate = true> <Delay = 0.00>
ST_2 : Operation 211 [1/1] (3.69ns) (root node of TernaryAdder)   --->   "%add_ln58_670 = add i9 %sext_ln58_800, i9 %add_ln58_668" [firmware/nnet_utils/nnet_dense_latency.h:58]   --->   Operation 211 'add' 'add_ln58_670' <Predicate = true> <Delay = 3.69> <CoreInst = "TAddSub">   --->   Core 10 'TAddSub' <Latency = 0> <II = 1> <Delay = 1.83> <IPBlock> <Opcode : 'add' 'sub'> <InPorts = 3> <OutPorts = 1> <Sync> <CReg>
ST_2 : Operation 212 [1/1] (0.00ns)   --->   "%sext_ln58_194 = sext i6 %data_10_val_read" [firmware/nnet_utils/nnet_dense_latency.h:58]   --->   Operation 212 'sext' 'sext_ln58_194' <Predicate = true> <Delay = 0.00>
ST_2 : Operation 213 [1/1] (0.00ns)   --->   "%sext_ln58_801 = sext i7 %sub_ln73_60" [firmware/nnet_utils/nnet_dense_latency.h:58]   --->   Operation 213 'sext' 'sext_ln58_801' <Predicate = true> <Delay = 0.00>
ST_2 : Operation 214 [1/1] (0.00ns)   --->   "%sext_ln58_802 = sext i7 %sub_ln73_61" [firmware/nnet_utils/nnet_dense_latency.h:58]   --->   Operation 214 'sext' 'sext_ln58_802' <Predicate = true> <Delay = 0.00>
ST_2 : Operation 215 [1/1] (0.00ns)   --->   "%sext_ln58_198 = sext i6 %data_11_val_read" [firmware/nnet_utils/nnet_dense_latency.h:58]   --->   Operation 215 'sext' 'sext_ln58_198' <Predicate = true> <Delay = 0.00>
ST_2 : Operation 216 [1/1] (0.00ns)   --->   "%sext_ln58_808 = sext i7 %mult_92" [firmware/nnet_utils/nnet_dense_latency.h:58]   --->   Operation 216 'sext' 'sext_ln58_808' <Predicate = true> <Delay = 0.00>
ST_2 : Operation 217 [1/1] (0.00ns)   --->   "%sext_ln58_809 = sext i8 %add_ln58_659" [firmware/nnet_utils/nnet_dense_latency.h:58]   --->   Operation 217 'sext' 'sext_ln58_809' <Predicate = true> <Delay = 0.00>
ST_2 : Operation 218 [1/1] (0.00ns) (grouped into TernaryAdder)   --->   "%sub_ln58_352 = sub i9 %sext_ln58_809, i9 %sext_ln58_808" [firmware/nnet_utils/nnet_dense_latency.h:58]   --->   Operation 218 'sub' 'sub_ln58_352' <Predicate = true> <Delay = 0.00> <CoreInst = "TAddSub">   --->   Core 10 'TAddSub' <Latency = 0> <II = 1> <Delay = 1.83> <IPBlock> <Opcode : 'add' 'sub'> <InPorts = 3> <OutPorts = 1> <Sync> <CReg>
ST_2 : Operation 219 [1/1] (1.82ns)   --->   "%add_ln58_671 = add i7 %sext_ln70_30, i7 %sext_ln73_27" [firmware/nnet_utils/nnet_dense_latency.h:58]   --->   Operation 219 'add' 'add_ln58_671' <Predicate = true> <Delay = 1.82> <CoreInst = "Adder">   --->   Core 1 'Adder' <Latency = 0> <II = 1> <Delay = 1.87> <FuncUnit> <Opcode : 'add' 'sub'> <InPorts = 2> <OutPorts = 1>
ST_2 : Operation 220 [1/1] (0.00ns)   --->   "%sext_ln58_804 = sext i7 %add_ln58_671" [firmware/nnet_utils/nnet_dense_latency.h:58]   --->   Operation 220 'sext' 'sext_ln58_804' <Predicate = true> <Delay = 0.00>
ST_2 : Operation 221 [1/1] (3.69ns) (root node of TernaryAdder)   --->   "%add_ln58_672 = add i9 %sext_ln58_804, i9 %sub_ln58_352" [firmware/nnet_utils/nnet_dense_latency.h:58]   --->   Operation 221 'add' 'add_ln58_672' <Predicate = true> <Delay = 3.69> <CoreInst = "TAddSub">   --->   Core 10 'TAddSub' <Latency = 0> <II = 1> <Delay = 1.83> <IPBlock> <Opcode : 'add' 'sub'> <InPorts = 3> <OutPorts = 1> <Sync> <CReg>
ST_2 : Operation 222 [1/1] (0.00ns)   --->   "%sext_ln58_201 = sext i9 %add_ln58_672" [firmware/nnet_utils/nnet_dense_latency.h:58]   --->   Operation 222 'sext' 'sext_ln58_201' <Predicate = true> <Delay = 0.00>
ST_2 : Operation 223 [1/1] (0.00ns)   --->   "%sext_ln58_805 = sext i9 %add_ln58_670" [firmware/nnet_utils/nnet_dense_latency.h:58]   --->   Operation 223 'sext' 'sext_ln58_805' <Predicate = true> <Delay = 0.00>
ST_2 : Operation 224 [1/1] (1.82ns)   --->   "%sub_ln58_292 = sub i10 %sext_ln58_805, i10 %sext_ln58_198" [firmware/nnet_utils/nnet_dense_latency.h:58]   --->   Operation 224 'sub' 'sub_ln58_292' <Predicate = true> <Delay = 1.82> <CoreInst = "Adder">   --->   Core 1 'Adder' <Latency = 0> <II = 1> <Delay = 1.73> <FuncUnit> <Opcode : 'add' 'sub'> <InPorts = 2> <OutPorts = 1>
ST_2 : Operation 225 [1/1] (0.00ns)   --->   "%sext_ln58_203 = sext i6 %data_12_val_read" [firmware/nnet_utils/nnet_dense_latency.h:58]   --->   Operation 225 'sext' 'sext_ln58_203' <Predicate = true> <Delay = 0.00>
ST_2 : Operation 226 [1/1] (0.00ns)   --->   "%sext_ln58_807 = sext i9 %add_ln58_667" [firmware/nnet_utils/nnet_dense_latency.h:58]   --->   Operation 226 'sext' 'sext_ln58_807' <Predicate = true> <Delay = 0.00>
ST_2 : Operation 227 [1/1] (1.82ns)   --->   "%sub_ln58_293 = sub i10 %sext_ln58_807, i10 %sext_ln58_203" [firmware/nnet_utils/nnet_dense_latency.h:58]   --->   Operation 227 'sub' 'sub_ln58_293' <Predicate = true> <Delay = 1.82> <CoreInst = "Adder">   --->   Core 1 'Adder' <Latency = 0> <II = 1> <Delay = 1.73> <FuncUnit> <Opcode : 'add' 'sub'> <InPorts = 2> <OutPorts = 1>
ST_2 : Operation 228 [1/1] (0.00ns) (grouped into TernaryAdder)   --->   "%add_ln58_673 = add i10 %sub_ln58_290, i10 %sext_ln17_170" [firmware/nnet_utils/nnet_dense_latency.h:58]   --->   Operation 228 'add' 'add_ln58_673' <Predicate = true> <Delay = 0.00> <CoreInst = "TAddSub">   --->   Core 10 'TAddSub' <Latency = 0> <II = 1> <Delay = 1.83> <IPBlock> <Opcode : 'add' 'sub'> <InPorts = 3> <OutPorts = 1> <Sync> <CReg>
ST_2 : Operation 229 [1/1] (0.00ns) (grouped into TernaryAdder)   --->   "%sub_ln58_294 = sub i8 %sext_ln73_65, i8 %sext_ln73_30" [firmware/nnet_utils/nnet_dense_latency.h:58]   --->   Operation 229 'sub' 'sub_ln58_294' <Predicate = true> <Delay = 0.00> <CoreInst = "TAddSub">   --->   Core 10 'TAddSub' <Latency = 0> <II = 1> <Delay = 1.83> <IPBlock> <Opcode : 'add' 'sub'> <InPorts = 3> <OutPorts = 1> <Sync> <CReg>
ST_2 : Operation 230 [1/1] (3.66ns) (root node of TernaryAdder)   --->   "%add_ln58_674 = add i8 %sub_ln58_294, i8 %sext_ln58_801" [firmware/nnet_utils/nnet_dense_latency.h:58]   --->   Operation 230 'add' 'add_ln58_674' <Predicate = true> <Delay = 3.66> <CoreInst = "TAddSub">   --->   Core 10 'TAddSub' <Latency = 0> <II = 1> <Delay = 1.83> <IPBlock> <Opcode : 'add' 'sub'> <InPorts = 3> <OutPorts = 1> <Sync> <CReg>
ST_2 : Operation 231 [1/1] (0.00ns)   --->   "%sext_ln58_810 = sext i8 %add_ln58_674" [firmware/nnet_utils/nnet_dense_latency.h:58]   --->   Operation 231 'sext' 'sext_ln58_810' <Predicate = true> <Delay = 0.00>
ST_2 : Operation 232 [1/1] (3.72ns) (root node of TernaryAdder)   --->   "%add_ln58_675 = add i10 %sext_ln58_810, i10 %add_ln58_673" [firmware/nnet_utils/nnet_dense_latency.h:58]   --->   Operation 232 'add' 'add_ln58_675' <Predicate = true> <Delay = 3.72> <CoreInst = "TAddSub">   --->   Core 10 'TAddSub' <Latency = 0> <II = 1> <Delay = 1.83> <IPBlock> <Opcode : 'add' 'sub'> <InPorts = 3> <OutPorts = 1> <Sync> <CReg>
ST_2 : Operation 233 [1/1] (0.00ns)   --->   "%sext_ln58_811 = sext i7 %sub_ln73_62" [firmware/nnet_utils/nnet_dense_latency.h:58]   --->   Operation 233 'sext' 'sext_ln58_811' <Predicate = true> <Delay = 0.00>
ST_2 : Operation 234 [1/1] (0.00ns)   --->   "%sext_ln58_812 = sext i9 %add_ln58_656" [firmware/nnet_utils/nnet_dense_latency.h:58]   --->   Operation 234 'sext' 'sext_ln58_812' <Predicate = true> <Delay = 0.00>
ST_2 : Operation 235 [1/1] (1.82ns)   --->   "%sub_ln58_295 = sub i10 %sext_ln58_812, i10 %sext_ln58_198" [firmware/nnet_utils/nnet_dense_latency.h:58]   --->   Operation 235 'sub' 'sub_ln58_295' <Predicate = true> <Delay = 1.82> <CoreInst = "Adder">   --->   Core 1 'Adder' <Latency = 0> <II = 1> <Delay = 1.73> <FuncUnit> <Opcode : 'add' 'sub'> <InPorts = 2> <OutPorts = 1>
ST_2 : Operation 236 [1/1] (1.87ns)   --->   "%sub_ln58_296 = sub i8 %sext_ln73_66, i8 %sext_ln73_34" [firmware/nnet_utils/nnet_dense_latency.h:58]   --->   Operation 236 'sub' 'sub_ln58_296' <Predicate = true> <Delay = 1.87> <CoreInst = "Adder">   --->   Core 1 'Adder' <Latency = 0> <II = 1> <Delay = 1.91> <FuncUnit> <Opcode : 'add' 'sub'> <InPorts = 2> <OutPorts = 1>
ST_2 : Operation 237 [1/1] (0.00ns)   --->   "%sext_ln58_813 = sext i8 %sub_ln58_296" [firmware/nnet_utils/nnet_dense_latency.h:58]   --->   Operation 237 'sext' 'sext_ln58_813' <Predicate = true> <Delay = 0.00>
ST_2 : Operation 238 [1/1] (0.00ns) (grouped into TernaryAdder)   --->   "%add_ln58_676 = add i10 %sext_ln58_813, i10 %sub_ln58_295" [firmware/nnet_utils/nnet_dense_latency.h:58]   --->   Operation 238 'add' 'add_ln58_676' <Predicate = true> <Delay = 0.00> <CoreInst = "TAddSub">   --->   Core 10 'TAddSub' <Latency = 0> <II = 1> <Delay = 1.83> <IPBlock> <Opcode : 'add' 'sub'> <InPorts = 3> <OutPorts = 1> <Sync> <CReg>
ST_2 : Operation 239 [1/1] (0.00ns)   --->   "%sext_ln58_814 = sext i7 %add_ln58_669" [firmware/nnet_utils/nnet_dense_latency.h:58]   --->   Operation 239 'sext' 'sext_ln58_814' <Predicate = true> <Delay = 0.00>
ST_2 : Operation 240 [1/1] (1.82ns)   --->   "%add_ln58_677 = add i7 %sext_ln17_169, i7 %sext_ln73_27" [firmware/nnet_utils/nnet_dense_latency.h:58]   --->   Operation 240 'add' 'add_ln58_677' <Predicate = true> <Delay = 1.82> <CoreInst = "Adder">   --->   Core 1 'Adder' <Latency = 0> <II = 1> <Delay = 1.87> <FuncUnit> <Opcode : 'add' 'sub'> <InPorts = 2> <OutPorts = 1>
ST_2 : Operation 241 [1/1] (0.00ns)   --->   "%sext_ln58_815 = sext i7 %add_ln58_677" [firmware/nnet_utils/nnet_dense_latency.h:58]   --->   Operation 241 'sext' 'sext_ln58_815' <Predicate = true> <Delay = 0.00>
ST_2 : Operation 242 [1/1] (1.87ns)   --->   "%add_ln58_678 = add i8 %sext_ln58_815, i8 %sext_ln58_814" [firmware/nnet_utils/nnet_dense_latency.h:58]   --->   Operation 242 'add' 'add_ln58_678' <Predicate = true> <Delay = 1.87> <CoreInst = "Adder">   --->   Core 1 'Adder' <Latency = 0> <II = 1> <Delay = 1.91> <FuncUnit> <Opcode : 'add' 'sub'> <InPorts = 2> <OutPorts = 1>
ST_2 : Operation 243 [1/1] (0.00ns)   --->   "%sext_ln58_816 = sext i8 %add_ln58_678" [firmware/nnet_utils/nnet_dense_latency.h:58]   --->   Operation 243 'sext' 'sext_ln58_816' <Predicate = true> <Delay = 0.00>
ST_2 : Operation 244 [1/1] (3.72ns) (root node of TernaryAdder)   --->   "%add_ln58_679 = add i10 %sext_ln58_816, i10 %add_ln58_676" [firmware/nnet_utils/nnet_dense_latency.h:58]   --->   Operation 244 'add' 'add_ln58_679' <Predicate = true> <Delay = 3.72> <CoreInst = "TAddSub">   --->   Core 10 'TAddSub' <Latency = 0> <II = 1> <Delay = 1.83> <IPBlock> <Opcode : 'add' 'sub'> <InPorts = 3> <OutPorts = 1> <Sync> <CReg>
ST_2 : Operation 245 [1/1] (0.00ns) (grouped into TernaryAdder)   --->   "%add_ln58_680 = add i9 %sext_ln58_173, i9 %sext_ln17_163" [firmware/nnet_utils/nnet_dense_latency.h:58]   --->   Operation 245 'add' 'add_ln58_680' <Predicate = true> <Delay = 0.00> <CoreInst = "TAddSub">   --->   Core 10 'TAddSub' <Latency = 0> <II = 1> <Delay = 1.83> <IPBlock> <Opcode : 'add' 'sub'> <InPorts = 3> <OutPorts = 1> <Sync> <CReg>
ST_2 : Operation 246 [1/1] (1.82ns)   --->   "%add_ln58_681 = add i7 %sext_ln73_31, i7 %sext_ln73_33" [firmware/nnet_utils/nnet_dense_latency.h:58]   --->   Operation 246 'add' 'add_ln58_681' <Predicate = true> <Delay = 1.82> <CoreInst = "Adder">   --->   Core 1 'Adder' <Latency = 0> <II = 1> <Delay = 1.87> <FuncUnit> <Opcode : 'add' 'sub'> <InPorts = 2> <OutPorts = 1>
ST_2 : Operation 247 [1/1] (0.00ns)   --->   "%sext_ln58_817 = sext i7 %add_ln58_681" [firmware/nnet_utils/nnet_dense_latency.h:58]   --->   Operation 247 'sext' 'sext_ln58_817' <Predicate = true> <Delay = 0.00>
ST_2 : Operation 248 [1/1] (1.87ns)   --->   "%sub_ln58_297 = sub i8 %sext_ln58_817, i8 %sext_ln73_24" [firmware/nnet_utils/nnet_dense_latency.h:58]   --->   Operation 248 'sub' 'sub_ln58_297' <Predicate = true> <Delay = 1.87> <CoreInst = "Adder">   --->   Core 1 'Adder' <Latency = 0> <II = 1> <Delay = 1.91> <FuncUnit> <Opcode : 'add' 'sub'> <InPorts = 2> <OutPorts = 1>
ST_2 : Operation 249 [1/1] (0.00ns)   --->   "%sext_ln58_818 = sext i8 %sub_ln58_297" [firmware/nnet_utils/nnet_dense_latency.h:58]   --->   Operation 249 'sext' 'sext_ln58_818' <Predicate = true> <Delay = 0.00>
ST_2 : Operation 250 [1/1] (3.69ns) (root node of TernaryAdder)   --->   "%add_ln58_682 = add i9 %sext_ln58_818, i9 %add_ln58_680" [firmware/nnet_utils/nnet_dense_latency.h:58]   --->   Operation 250 'add' 'add_ln58_682' <Predicate = true> <Delay = 3.69> <CoreInst = "TAddSub">   --->   Core 10 'TAddSub' <Latency = 0> <II = 1> <Delay = 1.83> <IPBlock> <Opcode : 'add' 'sub'> <InPorts = 3> <OutPorts = 1> <Sync> <CReg>
ST_2 : Operation 251 [1/1] (0.00ns)   --->   "%sext_ln58_819 = sext i7 %shl_ln73_1" [firmware/nnet_utils/nnet_dense_latency.h:58]   --->   Operation 251 'sext' 'sext_ln58_819' <Predicate = true> <Delay = 0.00>
ST_2 : Operation 252 [1/1] (3.69ns) (root node of TernaryAdder)   --->   "%add_ln58_683 = add i9 %mult_93, i9 %sext_ln58_802" [firmware/nnet_utils/nnet_dense_latency.h:58]   --->   Operation 252 'add' 'add_ln58_683' <Predicate = true> <Delay = 3.69> <CoreInst = "TAddSub">   --->   Core 10 'TAddSub' <Latency = 0> <II = 1> <Delay = 1.83> <IPBlock> <Opcode : 'add' 'sub'> <InPorts = 3> <OutPorts = 1> <Sync> <CReg>
ST_2 : Operation 253 [1/1] (0.00ns)   --->   "%sext_ln58_820 = sext i9 %add_ln58_683" [firmware/nnet_utils/nnet_dense_latency.h:58]   --->   Operation 253 'sext' 'sext_ln58_820' <Predicate = true> <Delay = 0.00>
ST_2 : Operation 254 [1/1] (0.00ns) (grouped into TernaryAdder)   --->   "%add_ln58_684 = add i10 %sext_ln58_820, i10 %sext_ln58_189" [firmware/nnet_utils/nnet_dense_latency.h:58]   --->   Operation 254 'add' 'add_ln58_684' <Predicate = true> <Delay = 0.00> <CoreInst = "TAddSub">   --->   Core 10 'TAddSub' <Latency = 0> <II = 1> <Delay = 1.83> <IPBlock> <Opcode : 'add' 'sub'> <InPorts = 3> <OutPorts = 1> <Sync> <CReg>
ST_2 : Operation 255 [1/1] (1.82ns)   --->   "%sub_ln58_298 = sub i7 %sext_ln17_169, i7 %sext_ln73_36" [firmware/nnet_utils/nnet_dense_latency.h:58]   --->   Operation 255 'sub' 'sub_ln58_298' <Predicate = true> <Delay = 1.82> <CoreInst = "Adder">   --->   Core 1 'Adder' <Latency = 0> <II = 1> <Delay = 1.87> <FuncUnit> <Opcode : 'add' 'sub'> <InPorts = 2> <OutPorts = 1>
ST_2 : Operation 256 [1/1] (0.00ns)   --->   "%sext_ln58_821 = sext i7 %sub_ln58_298" [firmware/nnet_utils/nnet_dense_latency.h:58]   --->   Operation 256 'sext' 'sext_ln58_821' <Predicate = true> <Delay = 0.00>
ST_2 : Operation 257 [1/1] (1.82ns)   --->   "%add_ln58_685 = add i7 %sext_ln73_27, i7 %sext_ln73_31" [firmware/nnet_utils/nnet_dense_latency.h:58]   --->   Operation 257 'add' 'add_ln58_685' <Predicate = true> <Delay = 1.82> <CoreInst = "Adder">   --->   Core 1 'Adder' <Latency = 0> <II = 1> <Delay = 1.87> <FuncUnit> <Opcode : 'add' 'sub'> <InPorts = 2> <OutPorts = 1>
ST_2 : Operation 258 [1/1] (0.00ns)   --->   "%sext_ln58_822 = sext i7 %add_ln58_685" [firmware/nnet_utils/nnet_dense_latency.h:58]   --->   Operation 258 'sext' 'sext_ln58_822' <Predicate = true> <Delay = 0.00>
ST_2 : Operation 259 [1/1] (1.87ns)   --->   "%add_ln58_686 = add i8 %sext_ln58_822, i8 %sext_ln58_821" [firmware/nnet_utils/nnet_dense_latency.h:58]   --->   Operation 259 'add' 'add_ln58_686' <Predicate = true> <Delay = 1.87> <CoreInst = "Adder">   --->   Core 1 'Adder' <Latency = 0> <II = 1> <Delay = 1.91> <FuncUnit> <Opcode : 'add' 'sub'> <InPorts = 2> <OutPorts = 1>
ST_2 : Operation 260 [1/1] (0.00ns)   --->   "%sext_ln58_823 = sext i8 %add_ln58_686" [firmware/nnet_utils/nnet_dense_latency.h:58]   --->   Operation 260 'sext' 'sext_ln58_823' <Predicate = true> <Delay = 0.00>
ST_2 : Operation 261 [1/1] (3.72ns) (root node of TernaryAdder)   --->   "%add_ln58_687 = add i10 %sext_ln58_823, i10 %add_ln58_684" [firmware/nnet_utils/nnet_dense_latency.h:58]   --->   Operation 261 'add' 'add_ln58_687' <Predicate = true> <Delay = 3.72> <CoreInst = "TAddSub">   --->   Core 10 'TAddSub' <Latency = 0> <II = 1> <Delay = 1.83> <IPBlock> <Opcode : 'add' 'sub'> <InPorts = 3> <OutPorts = 1> <Sync> <CReg>
ST_2 : Operation 262 [1/1] (1.82ns)   --->   "%sub_ln58_300 = sub i7 %sext_ln73_33, i7 %sext_ln73_41" [firmware/nnet_utils/nnet_dense_latency.h:58]   --->   Operation 262 'sub' 'sub_ln58_300' <Predicate = true> <Delay = 1.82> <CoreInst = "Adder">   --->   Core 1 'Adder' <Latency = 0> <II = 1> <Delay = 1.87> <FuncUnit> <Opcode : 'add' 'sub'> <InPorts = 2> <OutPorts = 1>
ST_2 : Operation 263 [1/1] (0.00ns)   --->   "%sext_ln58_831 = sext i7 %sub_ln58_300" [firmware/nnet_utils/nnet_dense_latency.h:58]   --->   Operation 263 'sext' 'sext_ln58_831' <Predicate = true> <Delay = 0.00>
ST_2 : Operation 264 [1/1] (1.82ns)   --->   "%add_ln58_689 = add i7 %sext_ln73_36, i7 %sext_ln73_44" [firmware/nnet_utils/nnet_dense_latency.h:58]   --->   Operation 264 'add' 'add_ln58_689' <Predicate = true> <Delay = 1.82> <CoreInst = "Adder">   --->   Core 1 'Adder' <Latency = 0> <II = 1> <Delay = 1.87> <FuncUnit> <Opcode : 'add' 'sub'> <InPorts = 2> <OutPorts = 1>
ST_2 : Operation 265 [1/1] (0.00ns)   --->   "%sext_ln58_832 = sext i7 %add_ln58_689" [firmware/nnet_utils/nnet_dense_latency.h:58]   --->   Operation 265 'sext' 'sext_ln58_832' <Predicate = true> <Delay = 0.00>
ST_2 : Operation 266 [1/1] (1.87ns)   --->   "%add_ln58_690 = add i8 %sext_ln58_832, i8 %sext_ln58_831" [firmware/nnet_utils/nnet_dense_latency.h:58]   --->   Operation 266 'add' 'add_ln58_690' <Predicate = true> <Delay = 1.87> <CoreInst = "Adder">   --->   Core 1 'Adder' <Latency = 0> <II = 1> <Delay = 1.91> <FuncUnit> <Opcode : 'add' 'sub'> <InPorts = 2> <OutPorts = 1>
ST_2 : Operation 267 [1/1] (0.00ns)   --->   "%sext_ln58_834 = sext i7 %sub_ln73_66" [firmware/nnet_utils/nnet_dense_latency.h:58]   --->   Operation 267 'sext' 'sext_ln58_834' <Predicate = true> <Delay = 0.00>
ST_2 : Operation 268 [1/1] (0.00ns)   --->   "%sext_ln58_836 = sext i6 %data_22_val_read" [firmware/nnet_utils/nnet_dense_latency.h:58]   --->   Operation 268 'sext' 'sext_ln58_836' <Predicate = true> <Delay = 0.00>
ST_2 : Operation 269 [1/1] (1.87ns)   --->   "%sub_ln58_353 = sub i8 %sext_ln73_66, i8 %sext_ln73_69" [firmware/nnet_utils/nnet_dense_latency.h:58]   --->   Operation 269 'sub' 'sub_ln58_353' <Predicate = true> <Delay = 1.87> <CoreInst = "Adder">   --->   Core 1 'Adder' <Latency = 0> <II = 1> <Delay = 1.91> <FuncUnit> <Opcode : 'add' 'sub'> <InPorts = 2> <OutPorts = 1>
ST_2 : Operation 270 [1/1] (0.00ns)   --->   "%sext_ln58_837 = sext i8 %sub_ln58_353" [firmware/nnet_utils/nnet_dense_latency.h:58]   --->   Operation 270 'sext' 'sext_ln58_837' <Predicate = true> <Delay = 0.00>
ST_2 : Operation 271 [1/1] (0.00ns) (grouped into TernaryAdder)   --->   "%add_ln58_692 = add i10 %sext_ln58_837, i10 %sext_ln58_190" [firmware/nnet_utils/nnet_dense_latency.h:58]   --->   Operation 271 'add' 'add_ln58_692' <Predicate = true> <Delay = 0.00> <CoreInst = "TAddSub">   --->   Core 10 'TAddSub' <Latency = 0> <II = 1> <Delay = 1.83> <IPBlock> <Opcode : 'add' 'sub'> <InPorts = 3> <OutPorts = 1> <Sync> <CReg>
ST_2 : Operation 272 [1/1] (1.82ns)   --->   "%add_ln58_693 = add i7 %sext_ln73_44, i7 %sext_ln58_836" [firmware/nnet_utils/nnet_dense_latency.h:58]   --->   Operation 272 'add' 'add_ln58_693' <Predicate = true> <Delay = 1.82> <CoreInst = "Adder">   --->   Core 1 'Adder' <Latency = 0> <II = 1> <Delay = 1.87> <FuncUnit> <Opcode : 'add' 'sub'> <InPorts = 2> <OutPorts = 1>
ST_2 : Operation 273 [1/1] (0.00ns)   --->   "%sext_ln58_838 = sext i7 %add_ln58_693" [firmware/nnet_utils/nnet_dense_latency.h:58]   --->   Operation 273 'sext' 'sext_ln58_838' <Predicate = true> <Delay = 0.00>
ST_2 : Operation 274 [1/1] (1.87ns)   --->   "%add_ln58_694 = add i8 %sext_ln58_838, i8 %sext_ln73_37" [firmware/nnet_utils/nnet_dense_latency.h:58]   --->   Operation 274 'add' 'add_ln58_694' <Predicate = true> <Delay = 1.87> <CoreInst = "Adder">   --->   Core 1 'Adder' <Latency = 0> <II = 1> <Delay = 1.91> <FuncUnit> <Opcode : 'add' 'sub'> <InPorts = 2> <OutPorts = 1>
ST_2 : Operation 275 [1/1] (0.00ns)   --->   "%sext_ln58_839 = sext i8 %add_ln58_694" [firmware/nnet_utils/nnet_dense_latency.h:58]   --->   Operation 275 'sext' 'sext_ln58_839' <Predicate = true> <Delay = 0.00>
ST_2 : Operation 276 [1/1] (3.72ns) (root node of TernaryAdder)   --->   "%add_ln58_695 = add i10 %sext_ln58_839, i10 %add_ln58_692" [firmware/nnet_utils/nnet_dense_latency.h:58]   --->   Operation 276 'add' 'add_ln58_695' <Predicate = true> <Delay = 3.72> <CoreInst = "TAddSub">   --->   Core 10 'TAddSub' <Latency = 0> <II = 1> <Delay = 1.83> <IPBlock> <Opcode : 'add' 'sub'> <InPorts = 3> <OutPorts = 1> <Sync> <CReg>
ST_2 : Operation 277 [1/1] (1.87ns)   --->   "%add_ln58_696 = add i8 %sext_ln73_66, i8 %sext_ln58_819" [firmware/nnet_utils/nnet_dense_latency.h:58]   --->   Operation 277 'add' 'add_ln58_696' <Predicate = true> <Delay = 1.87> <CoreInst = "Adder">   --->   Core 1 'Adder' <Latency = 0> <II = 1> <Delay = 1.91> <FuncUnit> <Opcode : 'add' 'sub'> <InPorts = 2> <OutPorts = 1>
ST_2 : Operation 278 [1/1] (0.00ns)   --->   "%sext_ln58_842 = sext i8 %add_ln58_696" [firmware/nnet_utils/nnet_dense_latency.h:58]   --->   Operation 278 'sext' 'sext_ln58_842' <Predicate = true> <Delay = 0.00>
ST_2 : Operation 279 [1/1] (0.00ns) (grouped into TernaryAdder)   --->   "%add_ln58_697 = add i10 %sext_ln58_842, i10 %sext_ln58_201" [firmware/nnet_utils/nnet_dense_latency.h:58]   --->   Operation 279 'add' 'add_ln58_697' <Predicate = true> <Delay = 0.00> <CoreInst = "TAddSub">   --->   Core 10 'TAddSub' <Latency = 0> <II = 1> <Delay = 1.83> <IPBlock> <Opcode : 'add' 'sub'> <InPorts = 3> <OutPorts = 1> <Sync> <CReg>
ST_2 : Operation 280 [1/1] (0.00ns) (grouped into TernaryAdder)   --->   "%sub_ln58_301 = sub i8 %sext_ln58_834, i8 %sext_ln73_42" [firmware/nnet_utils/nnet_dense_latency.h:58]   --->   Operation 280 'sub' 'sub_ln58_301' <Predicate = true> <Delay = 0.00> <CoreInst = "TAddSub">   --->   Core 10 'TAddSub' <Latency = 0> <II = 1> <Delay = 1.83> <IPBlock> <Opcode : 'add' 'sub'> <InPorts = 3> <OutPorts = 1> <Sync> <CReg>
ST_2 : Operation 281 [1/1] (1.82ns)   --->   "%sub_ln58_302 = sub i7 %sext_ln73_44, i7 %sext_ln73_50" [firmware/nnet_utils/nnet_dense_latency.h:58]   --->   Operation 281 'sub' 'sub_ln58_302' <Predicate = true> <Delay = 1.82> <CoreInst = "Adder">   --->   Core 1 'Adder' <Latency = 0> <II = 1> <Delay = 1.87> <FuncUnit> <Opcode : 'add' 'sub'> <InPorts = 2> <OutPorts = 1>
ST_2 : Operation 282 [1/1] (0.00ns)   --->   "%sext_ln58_843 = sext i7 %sub_ln58_302" [firmware/nnet_utils/nnet_dense_latency.h:58]   --->   Operation 282 'sext' 'sext_ln58_843' <Predicate = true> <Delay = 0.00>
ST_2 : Operation 283 [1/1] (3.66ns) (root node of TernaryAdder)   --->   "%add_ln58_698 = add i8 %sext_ln58_843, i8 %sub_ln58_301" [firmware/nnet_utils/nnet_dense_latency.h:58]   --->   Operation 283 'add' 'add_ln58_698' <Predicate = true> <Delay = 3.66> <CoreInst = "TAddSub">   --->   Core 10 'TAddSub' <Latency = 0> <II = 1> <Delay = 1.83> <IPBlock> <Opcode : 'add' 'sub'> <InPorts = 3> <OutPorts = 1> <Sync> <CReg>
ST_2 : Operation 284 [1/1] (0.00ns)   --->   "%sext_ln58_844 = sext i8 %add_ln58_698" [firmware/nnet_utils/nnet_dense_latency.h:58]   --->   Operation 284 'sext' 'sext_ln58_844' <Predicate = true> <Delay = 0.00>
ST_2 : Operation 285 [1/1] (3.72ns) (root node of TernaryAdder)   --->   "%add_ln58_699 = add i10 %sext_ln58_844, i10 %add_ln58_697" [firmware/nnet_utils/nnet_dense_latency.h:58]   --->   Operation 285 'add' 'add_ln58_699' <Predicate = true> <Delay = 3.72> <CoreInst = "TAddSub">   --->   Core 10 'TAddSub' <Latency = 0> <II = 1> <Delay = 1.83> <IPBlock> <Opcode : 'add' 'sub'> <InPorts = 3> <OutPorts = 1> <Sync> <CReg>
ST_2 : Operation 286 [1/1] (0.00ns)   --->   "%sext_ln58_845 = sext i7 %shl_ln73_s" [firmware/nnet_utils/nnet_dense_latency.h:58]   --->   Operation 286 'sext' 'sext_ln58_845' <Predicate = true> <Delay = 0.00>
ST_2 : Operation 287 [1/1] (1.82ns)   --->   "%add_ln58_700 = add i7 %sext_ln73_23, i7 %sext_ln73_19" [firmware/nnet_utils/nnet_dense_latency.h:58]   --->   Operation 287 'add' 'add_ln58_700' <Predicate = true> <Delay = 1.82> <CoreInst = "Adder">   --->   Core 1 'Adder' <Latency = 0> <II = 1> <Delay = 1.87> <FuncUnit> <Opcode : 'add' 'sub'> <InPorts = 2> <OutPorts = 1>
ST_2 : Operation 288 [1/1] (0.00ns)   --->   "%sext_ln58_277 = sext i7 %add_ln58_700" [firmware/nnet_utils/nnet_dense_latency.h:58]   --->   Operation 288 'sext' 'sext_ln58_277' <Predicate = true> <Delay = 0.00>
ST_2 : Operation 289 [1/1] (1.87ns)   --->   "%add_ln58_701 = add i8 %sext_ln58_277, i8 %sext_ln73_28" [firmware/nnet_utils/nnet_dense_latency.h:58]   --->   Operation 289 'add' 'add_ln58_701' <Predicate = true> <Delay = 1.87> <CoreInst = "Adder">   --->   Core 1 'Adder' <Latency = 0> <II = 1> <Delay = 1.91> <FuncUnit> <Opcode : 'add' 'sub'> <InPorts = 2> <OutPorts = 1>
ST_2 : Operation 290 [1/1] (0.00ns)   --->   "%sext_ln58_852 = sext i8 %add_ln58_701" [firmware/nnet_utils/nnet_dense_latency.h:58]   --->   Operation 290 'sext' 'sext_ln58_852' <Predicate = true> <Delay = 0.00>
ST_2 : Operation 291 [1/1] (0.00ns) (grouped into TernaryAdder)   --->   "%sub_ln58_303 = sub i9 %sext_ln58_852, i9 %sext_ln17_157" [firmware/nnet_utils/nnet_dense_latency.h:58]   --->   Operation 291 'sub' 'sub_ln58_303' <Predicate = true> <Delay = 0.00> <CoreInst = "TAddSub">   --->   Core 10 'TAddSub' <Latency = 0> <II = 1> <Delay = 1.83> <IPBlock> <Opcode : 'add' 'sub'> <InPorts = 3> <OutPorts = 1> <Sync> <CReg>
ST_2 : Operation 292 [1/1] (1.87ns)   --->   "%sub_ln58_304 = sub i8 %sext_ln17_171, i8 %sext_ln73_24" [firmware/nnet_utils/nnet_dense_latency.h:58]   --->   Operation 292 'sub' 'sub_ln58_304' <Predicate = true> <Delay = 1.87> <CoreInst = "Adder">   --->   Core 1 'Adder' <Latency = 0> <II = 1> <Delay = 1.91> <FuncUnit> <Opcode : 'add' 'sub'> <InPorts = 2> <OutPorts = 1>
ST_2 : Operation 293 [1/1] (0.00ns)   --->   "%sext_ln58_853 = sext i8 %sub_ln58_304" [firmware/nnet_utils/nnet_dense_latency.h:58]   --->   Operation 293 'sext' 'sext_ln58_853' <Predicate = true> <Delay = 0.00>
ST_2 : Operation 294 [1/1] (3.69ns) (root node of TernaryAdder)   --->   "%add_ln58_702 = add i9 %sext_ln58_853, i9 %sub_ln58_303" [firmware/nnet_utils/nnet_dense_latency.h:58]   --->   Operation 294 'add' 'add_ln58_702' <Predicate = true> <Delay = 3.69> <CoreInst = "TAddSub">   --->   Core 10 'TAddSub' <Latency = 0> <II = 1> <Delay = 1.83> <IPBlock> <Opcode : 'add' 'sub'> <InPorts = 3> <OutPorts = 1> <Sync> <CReg>
ST_2 : Operation 295 [1/1] (0.00ns)   --->   "%sext_ln58_854 = sext i9 %add_ln58_702" [firmware/nnet_utils/nnet_dense_latency.h:58]   --->   Operation 295 'sext' 'sext_ln58_854' <Predicate = true> <Delay = 0.00>
ST_2 : Operation 296 [1/1] (1.82ns)   --->   "%sub_ln58_305 = sub i10 %sext_ln58_854, i10 %sext_ln58_194" [firmware/nnet_utils/nnet_dense_latency.h:58]   --->   Operation 296 'sub' 'sub_ln58_305' <Predicate = true> <Delay = 1.82> <CoreInst = "Adder">   --->   Core 1 'Adder' <Latency = 0> <II = 1> <Delay = 1.73> <FuncUnit> <Opcode : 'add' 'sub'> <InPorts = 2> <OutPorts = 1>
ST_2 : Operation 297 [1/1] (0.00ns)   --->   "%sext_ln58_855 = sext i7 %shl_ln" [firmware/nnet_utils/nnet_dense_latency.h:58]   --->   Operation 297 'sext' 'sext_ln58_855' <Predicate = true> <Delay = 0.00>
ST_2 : Operation 298 [1/1] (0.00ns)   --->   "%sext_ln58_856 = sext i8 %sub_ln73_79" [firmware/nnet_utils/nnet_dense_latency.h:58]   --->   Operation 298 'sext' 'sext_ln58_856' <Predicate = true> <Delay = 0.00>
ST_2 : Operation 299 [1/1] (1.91ns)   --->   "%sub_ln58_354 = sub i9 %sext_ln58_856, i9 %sext_ln58_855" [firmware/nnet_utils/nnet_dense_latency.h:58]   --->   Operation 299 'sub' 'sub_ln58_354' <Predicate = true> <Delay = 1.91> <CoreInst = "Adder">   --->   Core 1 'Adder' <Latency = 0> <II = 1> <Delay = 1.82> <FuncUnit> <Opcode : 'add' 'sub'> <InPorts = 2> <OutPorts = 1>
ST_2 : Operation 300 [1/1] (0.00ns)   --->   "%sext_ln58_857 = sext i9 %sub_ln58_354" [firmware/nnet_utils/nnet_dense_latency.h:58]   --->   Operation 300 'sext' 'sext_ln58_857' <Predicate = true> <Delay = 0.00>
ST_2 : Operation 301 [1/1] (0.00ns) (grouped into TernaryAdder)   --->   "%add_ln58_703 = add i10 %sext_ln58_857, i10 %sub_ln58_305" [firmware/nnet_utils/nnet_dense_latency.h:58]   --->   Operation 301 'add' 'add_ln58_703' <Predicate = true> <Delay = 0.00> <CoreInst = "TAddSub">   --->   Core 10 'TAddSub' <Latency = 0> <II = 1> <Delay = 1.83> <IPBlock> <Opcode : 'add' 'sub'> <InPorts = 3> <OutPorts = 1> <Sync> <CReg>
ST_2 : Operation 302 [1/1] (1.82ns)   --->   "%sub_ln58_306 = sub i7 %sext_ln73_29, i7 %sext_ln73_38" [firmware/nnet_utils/nnet_dense_latency.h:58]   --->   Operation 302 'sub' 'sub_ln58_306' <Predicate = true> <Delay = 1.82> <CoreInst = "Adder">   --->   Core 1 'Adder' <Latency = 0> <II = 1> <Delay = 1.87> <FuncUnit> <Opcode : 'add' 'sub'> <InPorts = 2> <OutPorts = 1>
ST_2 : Operation 303 [1/1] (0.00ns)   --->   "%sext_ln58_858 = sext i7 %sub_ln58_306" [firmware/nnet_utils/nnet_dense_latency.h:58]   --->   Operation 303 'sext' 'sext_ln58_858' <Predicate = true> <Delay = 0.00>
ST_2 : Operation 304 [1/1] (1.87ns)   --->   "%sub_ln58_307 = sub i8 %sext_ln58_858, i8 %sext_ln73_34" [firmware/nnet_utils/nnet_dense_latency.h:58]   --->   Operation 304 'sub' 'sub_ln58_307' <Predicate = true> <Delay = 1.87> <CoreInst = "Adder">   --->   Core 1 'Adder' <Latency = 0> <II = 1> <Delay = 1.91> <FuncUnit> <Opcode : 'add' 'sub'> <InPorts = 2> <OutPorts = 1>
ST_2 : Operation 305 [1/1] (0.00ns)   --->   "%sext_ln58_859 = sext i8 %sub_ln58_307" [firmware/nnet_utils/nnet_dense_latency.h:58]   --->   Operation 305 'sext' 'sext_ln58_859' <Predicate = true> <Delay = 0.00>
ST_2 : Operation 306 [1/1] (3.72ns) (root node of TernaryAdder)   --->   "%add_ln58_704 = add i10 %sext_ln58_859, i10 %add_ln58_703" [firmware/nnet_utils/nnet_dense_latency.h:58]   --->   Operation 306 'add' 'add_ln58_704' <Predicate = true> <Delay = 3.72> <CoreInst = "TAddSub">   --->   Core 10 'TAddSub' <Latency = 0> <II = 1> <Delay = 1.83> <IPBlock> <Opcode : 'add' 'sub'> <InPorts = 3> <OutPorts = 1> <Sync> <CReg>
ST_2 : Operation 307 [1/1] (0.00ns) (grouped into TernaryAdder)   --->   "%add_ln58_712 = add i9 %sub_ln58_279, i9 %sext_ln17_159" [firmware/nnet_utils/nnet_dense_latency.h:58]   --->   Operation 307 'add' 'add_ln58_712' <Predicate = true> <Delay = 0.00> <CoreInst = "TAddSub">   --->   Core 10 'TAddSub' <Latency = 0> <II = 1> <Delay = 1.83> <IPBlock> <Opcode : 'add' 'sub'> <InPorts = 3> <OutPorts = 1> <Sync> <CReg>
ST_2 : Operation 308 [1/1] (1.82ns)   --->   "%add_ln58_713 = add i7 %sext_ln17_162, i7 %sext_ln70_30" [firmware/nnet_utils/nnet_dense_latency.h:58]   --->   Operation 308 'add' 'add_ln58_713' <Predicate = true> <Delay = 1.82> <CoreInst = "Adder">   --->   Core 1 'Adder' <Latency = 0> <II = 1> <Delay = 1.87> <FuncUnit> <Opcode : 'add' 'sub'> <InPorts = 2> <OutPorts = 1>
ST_2 : Operation 309 [1/1] (0.00ns)   --->   "%sext_ln58_870 = sext i7 %add_ln58_713" [firmware/nnet_utils/nnet_dense_latency.h:58]   --->   Operation 309 'sext' 'sext_ln58_870' <Predicate = true> <Delay = 0.00>
ST_2 : Operation 310 [1/1] (3.69ns) (root node of TernaryAdder)   --->   "%add_ln58_714 = add i9 %sext_ln58_870, i9 %add_ln58_712" [firmware/nnet_utils/nnet_dense_latency.h:58]   --->   Operation 310 'add' 'add_ln58_714' <Predicate = true> <Delay = 3.69> <CoreInst = "TAddSub">   --->   Core 10 'TAddSub' <Latency = 0> <II = 1> <Delay = 1.83> <IPBlock> <Opcode : 'add' 'sub'> <InPorts = 3> <OutPorts = 1> <Sync> <CReg>
ST_2 : Operation 311 [1/1] (0.00ns)   --->   "%sext_ln58_293 = sext i9 %add_ln58_714" [firmware/nnet_utils/nnet_dense_latency.h:58]   --->   Operation 311 'sext' 'sext_ln58_293' <Predicate = true> <Delay = 0.00>
ST_2 : Operation 312 [1/1] (0.00ns)   --->   "%sext_ln58_871 = sext i7 %mult_87" [firmware/nnet_utils/nnet_dense_latency.h:58]   --->   Operation 312 'sext' 'sext_ln58_871' <Predicate = true> <Delay = 0.00>
ST_2 : Operation 313 [1/1] (0.00ns)   --->   "%sext_ln58_872 = sext i8 %mult_91" [firmware/nnet_utils/nnet_dense_latency.h:58]   --->   Operation 313 'sext' 'sext_ln58_872' <Predicate = true> <Delay = 0.00>
ST_2 : Operation 314 [1/1] (1.91ns)   --->   "%sub_ln58_356 = sub i9 %sext_ln58_872, i9 %sext_ln58_871" [firmware/nnet_utils/nnet_dense_latency.h:58]   --->   Operation 314 'sub' 'sub_ln58_356' <Predicate = true> <Delay = 1.91> <CoreInst = "Adder">   --->   Core 1 'Adder' <Latency = 0> <II = 1> <Delay = 1.82> <FuncUnit> <Opcode : 'add' 'sub'> <InPorts = 2> <OutPorts = 1>
ST_2 : Operation 315 [1/1] (0.00ns)   --->   "%sext_ln58_873 = sext i9 %sub_ln58_356" [firmware/nnet_utils/nnet_dense_latency.h:58]   --->   Operation 315 'sext' 'sext_ln58_873' <Predicate = true> <Delay = 0.00>
ST_2 : Operation 316 [1/1] (0.00ns) (grouped into TernaryAdder)   --->   "%add_ln58_715 = add i10 %sext_ln58_873, i10 %sext_ln58_293" [firmware/nnet_utils/nnet_dense_latency.h:58]   --->   Operation 316 'add' 'add_ln58_715' <Predicate = true> <Delay = 0.00> <CoreInst = "TAddSub">   --->   Core 10 'TAddSub' <Latency = 0> <II = 1> <Delay = 1.83> <IPBlock> <Opcode : 'add' 'sub'> <InPorts = 3> <OutPorts = 1> <Sync> <CReg>
ST_2 : Operation 317 [1/1] (1.82ns)   --->   "%add_ln58_716 = add i7 %sext_ln73_29, i7 %sext_ln73_31" [firmware/nnet_utils/nnet_dense_latency.h:58]   --->   Operation 317 'add' 'add_ln58_716' <Predicate = true> <Delay = 1.82> <CoreInst = "Adder">   --->   Core 1 'Adder' <Latency = 0> <II = 1> <Delay = 1.87> <FuncUnit> <Opcode : 'add' 'sub'> <InPorts = 2> <OutPorts = 1>
ST_2 : Operation 318 [1/1] (0.00ns)   --->   "%sext_ln58_874 = sext i7 %add_ln58_716" [firmware/nnet_utils/nnet_dense_latency.h:58]   --->   Operation 318 'sext' 'sext_ln58_874' <Predicate = true> <Delay = 0.00>
ST_2 : Operation 319 [1/1] (1.87ns)   --->   "%add_ln58_717 = add i8 %sext_ln58_874, i8 %sext_ln17_171" [firmware/nnet_utils/nnet_dense_latency.h:58]   --->   Operation 319 'add' 'add_ln58_717' <Predicate = true> <Delay = 1.87> <CoreInst = "Adder">   --->   Core 1 'Adder' <Latency = 0> <II = 1> <Delay = 1.91> <FuncUnit> <Opcode : 'add' 'sub'> <InPorts = 2> <OutPorts = 1>
ST_2 : Operation 320 [1/1] (0.00ns)   --->   "%sext_ln58_875 = sext i8 %add_ln58_717" [firmware/nnet_utils/nnet_dense_latency.h:58]   --->   Operation 320 'sext' 'sext_ln58_875' <Predicate = true> <Delay = 0.00>
ST_2 : Operation 321 [1/1] (3.72ns) (root node of TernaryAdder)   --->   "%add_ln58_718 = add i10 %sext_ln58_875, i10 %add_ln58_715" [firmware/nnet_utils/nnet_dense_latency.h:58]   --->   Operation 321 'add' 'add_ln58_718' <Predicate = true> <Delay = 3.72> <CoreInst = "TAddSub">   --->   Core 10 'TAddSub' <Latency = 0> <II = 1> <Delay = 1.83> <IPBlock> <Opcode : 'add' 'sub'> <InPorts = 3> <OutPorts = 1> <Sync> <CReg>
ST_2 : Operation 322 [1/1] (0.00ns)   --->   "%sext_ln58_891 = sext i6 %data_26_val_read" [firmware/nnet_utils/nnet_dense_latency.h:58]   --->   Operation 322 'sext' 'sext_ln58_891' <Predicate = true> <Delay = 0.00>
ST_2 : Operation 323 [1/1] (0.00ns)   --->   "%sext_ln58_895 = sext i7 %mult_88" [firmware/nnet_utils/nnet_dense_latency.h:58]   --->   Operation 323 'sext' 'sext_ln58_895' <Predicate = true> <Delay = 0.00>
ST_2 : Operation 324 [1/1] (0.00ns)   --->   "%sext_ln58_896 = sext i8 %sub_ln73_77" [firmware/nnet_utils/nnet_dense_latency.h:58]   --->   Operation 324 'sext' 'sext_ln58_896' <Predicate = true> <Delay = 0.00>
ST_2 : Operation 325 [1/1] (1.91ns)   --->   "%sub_ln58_359 = sub i9 %sext_ln58_896, i9 %sext_ln58_895" [firmware/nnet_utils/nnet_dense_latency.h:58]   --->   Operation 325 'sub' 'sub_ln58_359' <Predicate = true> <Delay = 1.91> <CoreInst = "Adder">   --->   Core 1 'Adder' <Latency = 0> <II = 1> <Delay = 1.82> <FuncUnit> <Opcode : 'add' 'sub'> <InPorts = 2> <OutPorts = 1>
ST_2 : Operation 326 [1/1] (0.00ns)   --->   "%sext_ln58_897 = sext i9 %sub_ln58_359" [firmware/nnet_utils/nnet_dense_latency.h:58]   --->   Operation 326 'sext' 'sext_ln58_897' <Predicate = true> <Delay = 0.00>
ST_2 : Operation 327 [1/1] (0.00ns) (grouped into TernaryAdder)   --->   "%add_ln58_732 = add i10 %sext_ln58_897, i10 %sext_ln58_186" [firmware/nnet_utils/nnet_dense_latency.h:58]   --->   Operation 327 'add' 'add_ln58_732' <Predicate = true> <Delay = 0.00> <CoreInst = "TAddSub">   --->   Core 10 'TAddSub' <Latency = 0> <II = 1> <Delay = 1.83> <IPBlock> <Opcode : 'add' 'sub'> <InPorts = 3> <OutPorts = 1> <Sync> <CReg>
ST_2 : Operation 328 [1/1] (1.87ns)   --->   "%add_ln58_733 = add i8 %sext_ln58_822, i8 %sext_ln17_168" [firmware/nnet_utils/nnet_dense_latency.h:58]   --->   Operation 328 'add' 'add_ln58_733' <Predicate = true> <Delay = 1.87> <CoreInst = "Adder">   --->   Core 1 'Adder' <Latency = 0> <II = 1> <Delay = 1.91> <FuncUnit> <Opcode : 'add' 'sub'> <InPorts = 2> <OutPorts = 1>
ST_2 : Operation 329 [1/1] (0.00ns)   --->   "%sext_ln58_898 = sext i8 %add_ln58_733" [firmware/nnet_utils/nnet_dense_latency.h:58]   --->   Operation 329 'sext' 'sext_ln58_898' <Predicate = true> <Delay = 0.00>
ST_2 : Operation 330 [1/1] (3.72ns) (root node of TernaryAdder)   --->   "%add_ln58_734 = add i10 %sext_ln58_898, i10 %add_ln58_732" [firmware/nnet_utils/nnet_dense_latency.h:58]   --->   Operation 330 'add' 'add_ln58_734' <Predicate = true> <Delay = 3.72> <CoreInst = "TAddSub">   --->   Core 10 'TAddSub' <Latency = 0> <II = 1> <Delay = 1.83> <IPBlock> <Opcode : 'add' 'sub'> <InPorts = 3> <OutPorts = 1> <Sync> <CReg>
ST_2 : Operation 331 [1/1] (1.82ns)   --->   "%sub_ln58_319 = sub i7 %sext_ln73_39, i7 %sext_ln73_46" [firmware/nnet_utils/nnet_dense_latency.h:58]   --->   Operation 331 'sub' 'sub_ln58_319' <Predicate = true> <Delay = 1.82> <CoreInst = "Adder">   --->   Core 1 'Adder' <Latency = 0> <II = 1> <Delay = 1.87> <FuncUnit> <Opcode : 'add' 'sub'> <InPorts = 2> <OutPorts = 1>
ST_2 : Operation 332 [1/1] (0.00ns)   --->   "%sext_ln58_919 = sext i7 %sub_ln58_319" [firmware/nnet_utils/nnet_dense_latency.h:58]   --->   Operation 332 'sext' 'sext_ln58_919' <Predicate = true> <Delay = 0.00>
ST_2 : Operation 333 [1/1] (1.82ns)   --->   "%add_ln58_750 = add i7 %sext_ln73_43, i7 %sext_ln73_47" [firmware/nnet_utils/nnet_dense_latency.h:58]   --->   Operation 333 'add' 'add_ln58_750' <Predicate = true> <Delay = 1.82> <CoreInst = "Adder">   --->   Core 1 'Adder' <Latency = 0> <II = 1> <Delay = 1.87> <FuncUnit> <Opcode : 'add' 'sub'> <InPorts = 2> <OutPorts = 1>
ST_2 : Operation 334 [1/1] (0.00ns)   --->   "%sext_ln58_920 = sext i7 %add_ln58_750" [firmware/nnet_utils/nnet_dense_latency.h:58]   --->   Operation 334 'sext' 'sext_ln58_920' <Predicate = true> <Delay = 0.00>
ST_2 : Operation 335 [1/1] (1.87ns)   --->   "%add_ln58_751 = add i8 %sext_ln58_920, i8 %sext_ln58_919" [firmware/nnet_utils/nnet_dense_latency.h:58]   --->   Operation 335 'add' 'add_ln58_751' <Predicate = true> <Delay = 1.87> <CoreInst = "Adder">   --->   Core 1 'Adder' <Latency = 0> <II = 1> <Delay = 1.91> <FuncUnit> <Opcode : 'add' 'sub'> <InPorts = 2> <OutPorts = 1>
ST_2 : Operation 336 [1/1] (1.87ns)   --->   "%add_ln58_759 = add i8 %sext_ln58_819, i8 %sext_ln73_68" [firmware/nnet_utils/nnet_dense_latency.h:58]   --->   Operation 336 'add' 'add_ln58_759' <Predicate = true> <Delay = 1.87> <CoreInst = "Adder">   --->   Core 1 'Adder' <Latency = 0> <II = 1> <Delay = 1.91> <FuncUnit> <Opcode : 'add' 'sub'> <InPorts = 2> <OutPorts = 1>
ST_2 : Operation 337 [1/1] (0.00ns)   --->   "%sext_ln58_929 = sext i8 %add_ln58_759" [firmware/nnet_utils/nnet_dense_latency.h:58]   --->   Operation 337 'sext' 'sext_ln58_929' <Predicate = true> <Delay = 0.00>
ST_2 : Operation 338 [1/1] (0.00ns) (grouped into TernaryAdder)   --->   "%add_ln58_760 = add i10 %sext_ln58_929, i10 %sext_ln58_191" [firmware/nnet_utils/nnet_dense_latency.h:58]   --->   Operation 338 'add' 'add_ln58_760' <Predicate = true> <Delay = 0.00> <CoreInst = "TAddSub">   --->   Core 10 'TAddSub' <Latency = 0> <II = 1> <Delay = 1.83> <IPBlock> <Opcode : 'add' 'sub'> <InPorts = 3> <OutPorts = 1> <Sync> <CReg>
ST_2 : Operation 339 [1/1] (1.82ns)   --->   "%add_ln58_761 = add i7 %sext_ln73_31, i7 %sext_ln73_38" [firmware/nnet_utils/nnet_dense_latency.h:58]   --->   Operation 339 'add' 'add_ln58_761' <Predicate = true> <Delay = 1.82> <CoreInst = "Adder">   --->   Core 1 'Adder' <Latency = 0> <II = 1> <Delay = 1.87> <FuncUnit> <Opcode : 'add' 'sub'> <InPorts = 2> <OutPorts = 1>
ST_2 : Operation 340 [1/1] (0.00ns)   --->   "%sext_ln58_930 = sext i7 %add_ln58_761" [firmware/nnet_utils/nnet_dense_latency.h:58]   --->   Operation 340 'sext' 'sext_ln58_930' <Predicate = true> <Delay = 0.00>
ST_2 : Operation 341 [1/1] (1.82ns)   --->   "%add_ln58_762 = add i7 %sext_ln73_39, i7 %sext_ln73_41" [firmware/nnet_utils/nnet_dense_latency.h:58]   --->   Operation 341 'add' 'add_ln58_762' <Predicate = true> <Delay = 1.82> <CoreInst = "Adder">   --->   Core 1 'Adder' <Latency = 0> <II = 1> <Delay = 1.87> <FuncUnit> <Opcode : 'add' 'sub'> <InPorts = 2> <OutPorts = 1>
ST_2 : Operation 342 [1/1] (0.00ns)   --->   "%sext_ln58_931 = sext i7 %add_ln58_762" [firmware/nnet_utils/nnet_dense_latency.h:58]   --->   Operation 342 'sext' 'sext_ln58_931' <Predicate = true> <Delay = 0.00>
ST_2 : Operation 343 [1/1] (1.87ns)   --->   "%add_ln58_763 = add i8 %sext_ln58_931, i8 %sext_ln58_930" [firmware/nnet_utils/nnet_dense_latency.h:58]   --->   Operation 343 'add' 'add_ln58_763' <Predicate = true> <Delay = 1.87> <CoreInst = "Adder">   --->   Core 1 'Adder' <Latency = 0> <II = 1> <Delay = 1.91> <FuncUnit> <Opcode : 'add' 'sub'> <InPorts = 2> <OutPorts = 1>
ST_2 : Operation 344 [1/1] (0.00ns)   --->   "%sext_ln58_932 = sext i8 %add_ln58_763" [firmware/nnet_utils/nnet_dense_latency.h:58]   --->   Operation 344 'sext' 'sext_ln58_932' <Predicate = true> <Delay = 0.00>
ST_2 : Operation 345 [1/1] (3.72ns) (root node of TernaryAdder)   --->   "%add_ln58_764 = add i10 %sext_ln58_932, i10 %add_ln58_760" [firmware/nnet_utils/nnet_dense_latency.h:58]   --->   Operation 345 'add' 'add_ln58_764' <Predicate = true> <Delay = 3.72> <CoreInst = "TAddSub">   --->   Core 10 'TAddSub' <Latency = 0> <II = 1> <Delay = 1.83> <IPBlock> <Opcode : 'add' 'sub'> <InPorts = 3> <OutPorts = 1> <Sync> <CReg>
ST_2 : Operation 346 [1/1] (0.00ns)   --->   "%sext_ln58_1026 = sext i8 %sub_ln58_349" [firmware/nnet_utils/nnet_dense_latency.h:58]   --->   Operation 346 'sext' 'sext_ln58_1026' <Predicate = true> <Delay = 0.00>
ST_2 : Operation 347 [1/1] (0.00ns) (grouped into TernaryAdder)   --->   "%sub_ln58_366 = sub i9 %sext_ln58_1026, i9 %sext_ln17_154" [firmware/nnet_utils/nnet_dense_latency.h:58]   --->   Operation 347 'sub' 'sub_ln58_366' <Predicate = true> <Delay = 0.00> <CoreInst = "TAddSub">   --->   Core 10 'TAddSub' <Latency = 0> <II = 1> <Delay = 1.83> <IPBlock> <Opcode : 'add' 'sub'> <InPorts = 3> <OutPorts = 1> <Sync> <CReg>
ST_2 : Operation 348 [1/1] (1.82ns)   --->   "%add_ln58_771 = add i7 %sext_ln17_156, i7 %sext_ln70_29" [firmware/nnet_utils/nnet_dense_latency.h:58]   --->   Operation 348 'add' 'add_ln58_771' <Predicate = true> <Delay = 1.82> <CoreInst = "Adder">   --->   Core 1 'Adder' <Latency = 0> <II = 1> <Delay = 1.87> <FuncUnit> <Opcode : 'add' 'sub'> <InPorts = 2> <OutPorts = 1>
ST_2 : Operation 349 [1/1] (0.00ns)   --->   "%sext_ln58_938 = sext i7 %add_ln58_771" [firmware/nnet_utils/nnet_dense_latency.h:58]   --->   Operation 349 'sext' 'sext_ln58_938' <Predicate = true> <Delay = 0.00>
ST_2 : Operation 350 [1/1] (3.69ns) (root node of TernaryAdder)   --->   "%add_ln58_772 = add i9 %sext_ln58_938, i9 %sub_ln58_366" [firmware/nnet_utils/nnet_dense_latency.h:58]   --->   Operation 350 'add' 'add_ln58_772' <Predicate = true> <Delay = 3.69> <CoreInst = "TAddSub">   --->   Core 10 'TAddSub' <Latency = 0> <II = 1> <Delay = 1.83> <IPBlock> <Opcode : 'add' 'sub'> <InPorts = 3> <OutPorts = 1> <Sync> <CReg>
ST_2 : Operation 351 [1/1] (0.00ns)   --->   "%sext_ln58_308 = sext i9 %add_ln58_772" [firmware/nnet_utils/nnet_dense_latency.h:58]   --->   Operation 351 'sext' 'sext_ln58_308' <Predicate = true> <Delay = 0.00>
ST_2 : Operation 352 [1/1] (1.87ns)   --->   "%add_ln58_773 = add i8 %sext_ln17_166, i8 %sext_ln17_173" [firmware/nnet_utils/nnet_dense_latency.h:58]   --->   Operation 352 'add' 'add_ln58_773' <Predicate = true> <Delay = 1.87> <CoreInst = "Adder">   --->   Core 1 'Adder' <Latency = 0> <II = 1> <Delay = 1.91> <FuncUnit> <Opcode : 'add' 'sub'> <InPorts = 2> <OutPorts = 1>
ST_2 : Operation 353 [1/1] (0.00ns)   --->   "%sext_ln58_939 = sext i8 %add_ln58_773" [firmware/nnet_utils/nnet_dense_latency.h:58]   --->   Operation 353 'sext' 'sext_ln58_939' <Predicate = true> <Delay = 0.00>
ST_2 : Operation 354 [1/1] (0.00ns) (grouped into TernaryAdder)   --->   "%add_ln58_774 = add i10 %sext_ln58_939, i10 %sext_ln58_308" [firmware/nnet_utils/nnet_dense_latency.h:58]   --->   Operation 354 'add' 'add_ln58_774' <Predicate = true> <Delay = 0.00> <CoreInst = "TAddSub">   --->   Core 10 'TAddSub' <Latency = 0> <II = 1> <Delay = 1.83> <IPBlock> <Opcode : 'add' 'sub'> <InPorts = 3> <OutPorts = 1> <Sync> <CReg>
ST_2 : Operation 355 [1/1] (1.82ns)   --->   "%add_ln58_775 = add i7 %sext_ln70_30, i7 %sext_ln73_31" [firmware/nnet_utils/nnet_dense_latency.h:58]   --->   Operation 355 'add' 'add_ln58_775' <Predicate = true> <Delay = 1.82> <CoreInst = "Adder">   --->   Core 1 'Adder' <Latency = 0> <II = 1> <Delay = 1.87> <FuncUnit> <Opcode : 'add' 'sub'> <InPorts = 2> <OutPorts = 1>
ST_2 : Operation 356 [1/1] (0.00ns)   --->   "%sext_ln58_940 = sext i7 %add_ln58_775" [firmware/nnet_utils/nnet_dense_latency.h:58]   --->   Operation 356 'sext' 'sext_ln58_940' <Predicate = true> <Delay = 0.00>
ST_2 : Operation 357 [1/1] (1.82ns)   --->   "%add_ln58_776 = add i7 %sext_ln73_33, i7 %sext_ln73_36" [firmware/nnet_utils/nnet_dense_latency.h:58]   --->   Operation 357 'add' 'add_ln58_776' <Predicate = true> <Delay = 1.82> <CoreInst = "Adder">   --->   Core 1 'Adder' <Latency = 0> <II = 1> <Delay = 1.87> <FuncUnit> <Opcode : 'add' 'sub'> <InPorts = 2> <OutPorts = 1>
ST_2 : Operation 358 [1/1] (0.00ns)   --->   "%sext_ln58_941 = sext i7 %add_ln58_776" [firmware/nnet_utils/nnet_dense_latency.h:58]   --->   Operation 358 'sext' 'sext_ln58_941' <Predicate = true> <Delay = 0.00>
ST_2 : Operation 359 [1/1] (1.87ns)   --->   "%add_ln58_777 = add i8 %sext_ln58_941, i8 %sext_ln58_940" [firmware/nnet_utils/nnet_dense_latency.h:58]   --->   Operation 359 'add' 'add_ln58_777' <Predicate = true> <Delay = 1.87> <CoreInst = "Adder">   --->   Core 1 'Adder' <Latency = 0> <II = 1> <Delay = 1.91> <FuncUnit> <Opcode : 'add' 'sub'> <InPorts = 2> <OutPorts = 1>
ST_2 : Operation 360 [1/1] (0.00ns)   --->   "%sext_ln58_942 = sext i8 %add_ln58_777" [firmware/nnet_utils/nnet_dense_latency.h:58]   --->   Operation 360 'sext' 'sext_ln58_942' <Predicate = true> <Delay = 0.00>
ST_2 : Operation 361 [1/1] (3.72ns) (root node of TernaryAdder)   --->   "%add_ln58_778 = add i10 %sext_ln58_942, i10 %add_ln58_774" [firmware/nnet_utils/nnet_dense_latency.h:58]   --->   Operation 361 'add' 'add_ln58_778' <Predicate = true> <Delay = 3.72> <CoreInst = "TAddSub">   --->   Core 10 'TAddSub' <Latency = 0> <II = 1> <Delay = 1.83> <IPBlock> <Opcode : 'add' 'sub'> <InPorts = 3> <OutPorts = 1> <Sync> <CReg>
ST_2 : Operation 362 [1/1] (0.00ns)   --->   "%sext_ln58_950 = sext i6 %data_8_val_read" [firmware/nnet_utils/nnet_dense_latency.h:58]   --->   Operation 362 'sext' 'sext_ln58_950' <Predicate = true> <Delay = 0.00>
ST_2 : Operation 363 [1/1] (0.00ns)   --->   "%sext_ln58_951 = sext i8 %add_ln58_645" [firmware/nnet_utils/nnet_dense_latency.h:58]   --->   Operation 363 'sext' 'sext_ln58_951' <Predicate = true> <Delay = 0.00>
ST_2 : Operation 364 [1/1] (0.00ns) (grouped into TernaryAdder)   --->   "%sub_ln58_326 = sub i9 %sext_ln58_951, i9 %sext_ln58_950" [firmware/nnet_utils/nnet_dense_latency.h:58]   --->   Operation 364 'sub' 'sub_ln58_326' <Predicate = true> <Delay = 0.00> <CoreInst = "TAddSub">   --->   Core 10 'TAddSub' <Latency = 0> <II = 1> <Delay = 1.83> <IPBlock> <Opcode : 'add' 'sub'> <InPorts = 3> <OutPorts = 1> <Sync> <CReg>
ST_2 : Operation 365 [1/1] (1.82ns)   --->   "%add_ln58_787 = add i7 %sext_ln70_29, i7 %sext_ln73_27" [firmware/nnet_utils/nnet_dense_latency.h:58]   --->   Operation 365 'add' 'add_ln58_787' <Predicate = true> <Delay = 1.82> <CoreInst = "Adder">   --->   Core 1 'Adder' <Latency = 0> <II = 1> <Delay = 1.87> <FuncUnit> <Opcode : 'add' 'sub'> <InPorts = 2> <OutPorts = 1>
ST_2 : Operation 366 [1/1] (0.00ns)   --->   "%sext_ln58_952 = sext i7 %add_ln58_787" [firmware/nnet_utils/nnet_dense_latency.h:58]   --->   Operation 366 'sext' 'sext_ln58_952' <Predicate = true> <Delay = 0.00>
ST_2 : Operation 367 [1/1] (1.87ns)   --->   "%add_ln58_788 = add i8 %sext_ln58_952, i8 %sext_ln70" [firmware/nnet_utils/nnet_dense_latency.h:58]   --->   Operation 367 'add' 'add_ln58_788' <Predicate = true> <Delay = 1.87> <CoreInst = "Adder">   --->   Core 1 'Adder' <Latency = 0> <II = 1> <Delay = 1.91> <FuncUnit> <Opcode : 'add' 'sub'> <InPorts = 2> <OutPorts = 1>
ST_2 : Operation 368 [1/1] (0.00ns)   --->   "%sext_ln58_953 = sext i8 %add_ln58_788" [firmware/nnet_utils/nnet_dense_latency.h:58]   --->   Operation 368 'sext' 'sext_ln58_953' <Predicate = true> <Delay = 0.00>
ST_2 : Operation 369 [1/1] (3.69ns) (root node of TernaryAdder)   --->   "%add_ln58_789 = add i9 %sext_ln58_953, i9 %sub_ln58_326" [firmware/nnet_utils/nnet_dense_latency.h:58]   --->   Operation 369 'add' 'add_ln58_789' <Predicate = true> <Delay = 3.69> <CoreInst = "TAddSub">   --->   Core 10 'TAddSub' <Latency = 0> <II = 1> <Delay = 1.83> <IPBlock> <Opcode : 'add' 'sub'> <InPorts = 3> <OutPorts = 1> <Sync> <CReg>
ST_2 : Operation 370 [1/1] (0.00ns)   --->   "%sext_ln58_311 = sext i9 %add_ln58_789" [firmware/nnet_utils/nnet_dense_latency.h:58]   --->   Operation 370 'sext' 'sext_ln58_311' <Predicate = true> <Delay = 0.00>
ST_2 : Operation 371 [1/1] (1.87ns)   --->   "%sub_ln58_368 = sub i8 %sext_ln17_171, i8 %sext_ln73_68" [firmware/nnet_utils/nnet_dense_latency.h:58]   --->   Operation 371 'sub' 'sub_ln58_368' <Predicate = true> <Delay = 1.87> <CoreInst = "Adder">   --->   Core 1 'Adder' <Latency = 0> <II = 1> <Delay = 1.91> <FuncUnit> <Opcode : 'add' 'sub'> <InPorts = 2> <OutPorts = 1>
ST_2 : Operation 372 [1/1] (0.00ns)   --->   "%sext_ln58_954 = sext i8 %sub_ln58_368" [firmware/nnet_utils/nnet_dense_latency.h:58]   --->   Operation 372 'sext' 'sext_ln58_954' <Predicate = true> <Delay = 0.00>
ST_2 : Operation 373 [1/1] (0.00ns) (grouped into TernaryAdder)   --->   "%add_ln58_790 = add i10 %sext_ln58_954, i10 %sext_ln58_311" [firmware/nnet_utils/nnet_dense_latency.h:58]   --->   Operation 373 'add' 'add_ln58_790' <Predicate = true> <Delay = 0.00> <CoreInst = "TAddSub">   --->   Core 10 'TAddSub' <Latency = 0> <II = 1> <Delay = 1.83> <IPBlock> <Opcode : 'add' 'sub'> <InPorts = 3> <OutPorts = 1> <Sync> <CReg>
ST_2 : Operation 374 [1/1] (1.82ns)   --->   "%sub_ln58_327 = sub i7 %sext_ln73_29, i7 %sext_ln73_39" [firmware/nnet_utils/nnet_dense_latency.h:58]   --->   Operation 374 'sub' 'sub_ln58_327' <Predicate = true> <Delay = 1.82> <CoreInst = "Adder">   --->   Core 1 'Adder' <Latency = 0> <II = 1> <Delay = 1.87> <FuncUnit> <Opcode : 'add' 'sub'> <InPorts = 2> <OutPorts = 1>
ST_2 : Operation 375 [1/1] (0.00ns)   --->   "%sext_ln58_955 = sext i7 %sub_ln58_327" [firmware/nnet_utils/nnet_dense_latency.h:58]   --->   Operation 375 'sext' 'sext_ln58_955' <Predicate = true> <Delay = 0.00>
ST_2 : Operation 376 [1/1] (1.82ns)   --->   "%add_ln58_791 = add i7 %sext_ln73_33, i7 %sext_ln73_38" [firmware/nnet_utils/nnet_dense_latency.h:58]   --->   Operation 376 'add' 'add_ln58_791' <Predicate = true> <Delay = 1.82> <CoreInst = "Adder">   --->   Core 1 'Adder' <Latency = 0> <II = 1> <Delay = 1.87> <FuncUnit> <Opcode : 'add' 'sub'> <InPorts = 2> <OutPorts = 1>
ST_2 : Operation 377 [1/1] (0.00ns)   --->   "%sext_ln58_956 = sext i7 %add_ln58_791" [firmware/nnet_utils/nnet_dense_latency.h:58]   --->   Operation 377 'sext' 'sext_ln58_956' <Predicate = true> <Delay = 0.00>
ST_2 : Operation 378 [1/1] (1.87ns)   --->   "%add_ln58_792 = add i8 %sext_ln58_956, i8 %sext_ln58_955" [firmware/nnet_utils/nnet_dense_latency.h:58]   --->   Operation 378 'add' 'add_ln58_792' <Predicate = true> <Delay = 1.87> <CoreInst = "Adder">   --->   Core 1 'Adder' <Latency = 0> <II = 1> <Delay = 1.91> <FuncUnit> <Opcode : 'add' 'sub'> <InPorts = 2> <OutPorts = 1>
ST_2 : Operation 379 [1/1] (0.00ns)   --->   "%sext_ln58_957 = sext i8 %add_ln58_792" [firmware/nnet_utils/nnet_dense_latency.h:58]   --->   Operation 379 'sext' 'sext_ln58_957' <Predicate = true> <Delay = 0.00>
ST_2 : Operation 380 [1/1] (3.72ns) (root node of TernaryAdder)   --->   "%add_ln58_793 = add i10 %sext_ln58_957, i10 %add_ln58_790" [firmware/nnet_utils/nnet_dense_latency.h:58]   --->   Operation 380 'add' 'add_ln58_793' <Predicate = true> <Delay = 3.72> <CoreInst = "TAddSub">   --->   Core 10 'TAddSub' <Latency = 0> <II = 1> <Delay = 1.83> <IPBlock> <Opcode : 'add' 'sub'> <InPorts = 3> <OutPorts = 1> <Sync> <CReg>
ST_2 : Operation 381 [1/1] (0.00ns)   --->   "%sext_ln58_1029 = sext i8 %add_ln58_650" [firmware/nnet_utils/nnet_dense_latency.h:58]   --->   Operation 381 'sext' 'sext_ln58_1029' <Predicate = true> <Delay = 0.00>
ST_2 : Operation 382 [1/1] (0.00ns) (grouped into TernaryAdder)   --->   "%sub_ln58_371 = sub i9 %sext_ln58_1029, i9 %sext_ln58_871" [firmware/nnet_utils/nnet_dense_latency.h:58]   --->   Operation 382 'sub' 'sub_ln58_371' <Predicate = true> <Delay = 0.00> <CoreInst = "TAddSub">   --->   Core 10 'TAddSub' <Latency = 0> <II = 1> <Delay = 1.83> <IPBlock> <Opcode : 'add' 'sub'> <InPorts = 3> <OutPorts = 1> <Sync> <CReg>
ST_2 : Operation 383 [1/1] (3.69ns) (root node of TernaryAdder)   --->   "%add_ln58_810 = add i9 %sext_ln58_870, i9 %sub_ln58_371" [firmware/nnet_utils/nnet_dense_latency.h:58]   --->   Operation 383 'add' 'add_ln58_810' <Predicate = true> <Delay = 3.69> <CoreInst = "TAddSub">   --->   Core 10 'TAddSub' <Latency = 0> <II = 1> <Delay = 1.83> <IPBlock> <Opcode : 'add' 'sub'> <InPorts = 3> <OutPorts = 1> <Sync> <CReg>
ST_2 : Operation 384 [1/1] (0.00ns)   --->   "%sext_ln58_317 = sext i9 %add_ln58_810" [firmware/nnet_utils/nnet_dense_latency.h:58]   --->   Operation 384 'sext' 'sext_ln58_317' <Predicate = true> <Delay = 0.00>
ST_2 : Operation 385 [1/1] (1.87ns)   --->   "%sub_ln58_372 = sub i8 %sext_ln58_811, i8 %sext_ln73_66" [firmware/nnet_utils/nnet_dense_latency.h:58]   --->   Operation 385 'sub' 'sub_ln58_372' <Predicate = true> <Delay = 1.87> <CoreInst = "Adder">   --->   Core 1 'Adder' <Latency = 0> <II = 1> <Delay = 1.91> <FuncUnit> <Opcode : 'add' 'sub'> <InPorts = 2> <OutPorts = 1>
ST_2 : Operation 386 [1/1] (0.00ns)   --->   "%sext_ln58_971 = sext i8 %sub_ln58_372" [firmware/nnet_utils/nnet_dense_latency.h:58]   --->   Operation 386 'sext' 'sext_ln58_971' <Predicate = true> <Delay = 0.00>
ST_2 : Operation 387 [1/1] (0.00ns) (grouped into TernaryAdder)   --->   "%add_ln58_811 = add i10 %sext_ln58_971, i10 %sext_ln58_317" [firmware/nnet_utils/nnet_dense_latency.h:58]   --->   Operation 387 'add' 'add_ln58_811' <Predicate = true> <Delay = 0.00> <CoreInst = "TAddSub">   --->   Core 10 'TAddSub' <Latency = 0> <II = 1> <Delay = 1.83> <IPBlock> <Opcode : 'add' 'sub'> <InPorts = 3> <OutPorts = 1> <Sync> <CReg>
ST_2 : Operation 388 [1/1] (0.00ns)   --->   "%sext_ln58_972 = sext i7 %sub_ln73_63" [firmware/nnet_utils/nnet_dense_latency.h:58]   --->   Operation 388 'sext' 'sext_ln58_972' <Predicate = true> <Delay = 0.00>
ST_2 : Operation 389 [1/1] (0.00ns) (grouped into TernaryAdder)   --->   "%sub_ln58_332 = sub i8 %sext_ln58_972, i8 %sext_ln73_35" [firmware/nnet_utils/nnet_dense_latency.h:58]   --->   Operation 389 'sub' 'sub_ln58_332' <Predicate = true> <Delay = 0.00> <CoreInst = "TAddSub">   --->   Core 10 'TAddSub' <Latency = 0> <II = 1> <Delay = 1.83> <IPBlock> <Opcode : 'add' 'sub'> <InPorts = 3> <OutPorts = 1> <Sync> <CReg>
ST_2 : Operation 390 [1/1] (1.82ns)   --->   "%sub_ln58_333 = sub i7 %sext_ln73_46, i7 %sext_ln73_41" [firmware/nnet_utils/nnet_dense_latency.h:58]   --->   Operation 390 'sub' 'sub_ln58_333' <Predicate = true> <Delay = 1.82> <CoreInst = "Adder">   --->   Core 1 'Adder' <Latency = 0> <II = 1> <Delay = 1.87> <FuncUnit> <Opcode : 'add' 'sub'> <InPorts = 2> <OutPorts = 1>
ST_2 : Operation 391 [1/1] (0.00ns)   --->   "%sext_ln58_973 = sext i7 %sub_ln58_333" [firmware/nnet_utils/nnet_dense_latency.h:58]   --->   Operation 391 'sext' 'sext_ln58_973' <Predicate = true> <Delay = 0.00>
ST_2 : Operation 392 [1/1] (3.66ns) (root node of TernaryAdder)   --->   "%add_ln58_812 = add i8 %sext_ln58_973, i8 %sub_ln58_332" [firmware/nnet_utils/nnet_dense_latency.h:58]   --->   Operation 392 'add' 'add_ln58_812' <Predicate = true> <Delay = 3.66> <CoreInst = "TAddSub">   --->   Core 10 'TAddSub' <Latency = 0> <II = 1> <Delay = 1.83> <IPBlock> <Opcode : 'add' 'sub'> <InPorts = 3> <OutPorts = 1> <Sync> <CReg>
ST_2 : Operation 393 [1/1] (0.00ns)   --->   "%sext_ln58_974 = sext i8 %add_ln58_812" [firmware/nnet_utils/nnet_dense_latency.h:58]   --->   Operation 393 'sext' 'sext_ln58_974' <Predicate = true> <Delay = 0.00>
ST_2 : Operation 394 [1/1] (3.72ns) (root node of TernaryAdder)   --->   "%add_ln58_813 = add i10 %sext_ln58_974, i10 %add_ln58_811" [firmware/nnet_utils/nnet_dense_latency.h:58]   --->   Operation 394 'add' 'add_ln58_813' <Predicate = true> <Delay = 3.72> <CoreInst = "TAddSub">   --->   Core 10 'TAddSub' <Latency = 0> <II = 1> <Delay = 1.83> <IPBlock> <Opcode : 'add' 'sub'> <InPorts = 3> <OutPorts = 1> <Sync> <CReg>
ST_2 : Operation 395 [1/1] (0.00ns)   --->   "%sext_ln58_1030 = sext i8 %add_ln58_652" [firmware/nnet_utils/nnet_dense_latency.h:58]   --->   Operation 395 'sext' 'sext_ln58_1030' <Predicate = true> <Delay = 0.00>
ST_2 : Operation 396 [1/1] (0.00ns) (grouped into TernaryAdder)   --->   "%sub_ln58_373 = sub i9 %sext_ln58_1030, i9 %sext_ln17_163" [firmware/nnet_utils/nnet_dense_latency.h:58]   --->   Operation 396 'sub' 'sub_ln58_373' <Predicate = true> <Delay = 0.00> <CoreInst = "TAddSub">   --->   Core 10 'TAddSub' <Latency = 0> <II = 1> <Delay = 1.83> <IPBlock> <Opcode : 'add' 'sub'> <InPorts = 3> <OutPorts = 1> <Sync> <CReg>
ST_2 : Operation 397 [1/1] (1.82ns)   --->   "%sub_ln58_337 = sub i7 %sext_ln17_165, i7 %sext_ln70_30" [firmware/nnet_utils/nnet_dense_latency.h:58]   --->   Operation 397 'sub' 'sub_ln58_337' <Predicate = true> <Delay = 1.82> <CoreInst = "Adder">   --->   Core 1 'Adder' <Latency = 0> <II = 1> <Delay = 1.87> <FuncUnit> <Opcode : 'add' 'sub'> <InPorts = 2> <OutPorts = 1>
ST_2 : Operation 398 [1/1] (0.00ns)   --->   "%sext_ln58_985 = sext i7 %sub_ln58_337" [firmware/nnet_utils/nnet_dense_latency.h:58]   --->   Operation 398 'sext' 'sext_ln58_985' <Predicate = true> <Delay = 0.00>
ST_2 : Operation 399 [1/1] (3.69ns) (root node of TernaryAdder)   --->   "%add_ln58_823 = add i9 %sext_ln58_985, i9 %sub_ln58_373" [firmware/nnet_utils/nnet_dense_latency.h:58]   --->   Operation 399 'add' 'add_ln58_823' <Predicate = true> <Delay = 3.69> <CoreInst = "TAddSub">   --->   Core 10 'TAddSub' <Latency = 0> <II = 1> <Delay = 1.83> <IPBlock> <Opcode : 'add' 'sub'> <InPorts = 3> <OutPorts = 1> <Sync> <CReg>
ST_2 : Operation 400 [1/1] (0.00ns)   --->   "%sext_ln58_320 = sext i9 %add_ln58_823" [firmware/nnet_utils/nnet_dense_latency.h:58]   --->   Operation 400 'sext' 'sext_ln58_320' <Predicate = true> <Delay = 0.00>
ST_2 : Operation 401 [1/1] (1.87ns)   --->   "%add_ln58_824 = add i8 %sext_ln73_66, i8 %sext_ln73_68" [firmware/nnet_utils/nnet_dense_latency.h:58]   --->   Operation 401 'add' 'add_ln58_824' <Predicate = true> <Delay = 1.87> <CoreInst = "Adder">   --->   Core 1 'Adder' <Latency = 0> <II = 1> <Delay = 1.91> <FuncUnit> <Opcode : 'add' 'sub'> <InPorts = 2> <OutPorts = 1>
ST_2 : Operation 402 [1/1] (0.00ns)   --->   "%sext_ln58_986 = sext i8 %add_ln58_824" [firmware/nnet_utils/nnet_dense_latency.h:58]   --->   Operation 402 'sext' 'sext_ln58_986' <Predicate = true> <Delay = 0.00>
ST_2 : Operation 403 [1/1] (0.00ns) (grouped into TernaryAdder)   --->   "%add_ln58_825 = add i10 %sext_ln58_986, i10 %sext_ln58_320" [firmware/nnet_utils/nnet_dense_latency.h:58]   --->   Operation 403 'add' 'add_ln58_825' <Predicate = true> <Delay = 0.00> <CoreInst = "TAddSub">   --->   Core 10 'TAddSub' <Latency = 0> <II = 1> <Delay = 1.83> <IPBlock> <Opcode : 'add' 'sub'> <InPorts = 3> <OutPorts = 1> <Sync> <CReg>
ST_2 : Operation 404 [1/1] (1.82ns)   --->   "%sub_ln58_338 = sub i7 %sext_ln17_169, i7 %sext_ln73_38" [firmware/nnet_utils/nnet_dense_latency.h:58]   --->   Operation 404 'sub' 'sub_ln58_338' <Predicate = true> <Delay = 1.82> <CoreInst = "Adder">   --->   Core 1 'Adder' <Latency = 0> <II = 1> <Delay = 1.87> <FuncUnit> <Opcode : 'add' 'sub'> <InPorts = 2> <OutPorts = 1>
ST_2 : Operation 405 [1/1] (0.00ns)   --->   "%sext_ln58_987 = sext i7 %sub_ln58_338" [firmware/nnet_utils/nnet_dense_latency.h:58]   --->   Operation 405 'sext' 'sext_ln58_987' <Predicate = true> <Delay = 0.00>
ST_2 : Operation 406 [1/1] (1.82ns)   --->   "%add_ln58_826 = add i7 %sext_ln73_27, i7 %sext_ln73_33" [firmware/nnet_utils/nnet_dense_latency.h:58]   --->   Operation 406 'add' 'add_ln58_826' <Predicate = true> <Delay = 1.82> <CoreInst = "Adder">   --->   Core 1 'Adder' <Latency = 0> <II = 1> <Delay = 1.87> <FuncUnit> <Opcode : 'add' 'sub'> <InPorts = 2> <OutPorts = 1>
ST_2 : Operation 407 [1/1] (0.00ns)   --->   "%sext_ln58_988 = sext i7 %add_ln58_826" [firmware/nnet_utils/nnet_dense_latency.h:58]   --->   Operation 407 'sext' 'sext_ln58_988' <Predicate = true> <Delay = 0.00>
ST_2 : Operation 408 [1/1] (1.87ns)   --->   "%add_ln58_827 = add i8 %sext_ln58_988, i8 %sext_ln58_987" [firmware/nnet_utils/nnet_dense_latency.h:58]   --->   Operation 408 'add' 'add_ln58_827' <Predicate = true> <Delay = 1.87> <CoreInst = "Adder">   --->   Core 1 'Adder' <Latency = 0> <II = 1> <Delay = 1.91> <FuncUnit> <Opcode : 'add' 'sub'> <InPorts = 2> <OutPorts = 1>
ST_2 : Operation 409 [1/1] (0.00ns)   --->   "%sext_ln58_989 = sext i8 %add_ln58_827" [firmware/nnet_utils/nnet_dense_latency.h:58]   --->   Operation 409 'sext' 'sext_ln58_989' <Predicate = true> <Delay = 0.00>
ST_2 : Operation 410 [1/1] (3.72ns) (root node of TernaryAdder)   --->   "%add_ln58_828 = add i10 %sext_ln58_989, i10 %add_ln58_825" [firmware/nnet_utils/nnet_dense_latency.h:58]   --->   Operation 410 'add' 'add_ln58_828' <Predicate = true> <Delay = 3.72> <CoreInst = "TAddSub">   --->   Core 10 'TAddSub' <Latency = 0> <II = 1> <Delay = 1.83> <IPBlock> <Opcode : 'add' 'sub'> <InPorts = 3> <OutPorts = 1> <Sync> <CReg>
ST_2 : Operation 411 [1/1] (1.87ns)   --->   "%sub_ln58_343 = sub i8 %sext_ln58_845, i8 %sext_ln58_891" [firmware/nnet_utils/nnet_dense_latency.h:58]   --->   Operation 411 'sub' 'sub_ln58_343' <Predicate = true> <Delay = 1.87> <CoreInst = "Adder">   --->   Core 1 'Adder' <Latency = 0> <II = 1> <Delay = 1.91> <FuncUnit> <Opcode : 'add' 'sub'> <InPorts = 2> <OutPorts = 1>
ST_2 : Operation 412 [1/1] (1.82ns)   --->   "%add_ln58_846 = add i7 %sext_ln73_38, i7 %sext_ln73_39" [firmware/nnet_utils/nnet_dense_latency.h:58]   --->   Operation 412 'add' 'add_ln58_846' <Predicate = true> <Delay = 1.82> <CoreInst = "Adder">   --->   Core 1 'Adder' <Latency = 0> <II = 1> <Delay = 1.87> <FuncUnit> <Opcode : 'add' 'sub'> <InPorts = 2> <OutPorts = 1>
ST_2 : Operation 413 [1/1] (0.00ns)   --->   "%sext_ln58_1008 = sext i7 %add_ln58_846" [firmware/nnet_utils/nnet_dense_latency.h:58]   --->   Operation 413 'sext' 'sext_ln58_1008' <Predicate = true> <Delay = 0.00>
ST_2 : Operation 414 [1/1] (1.82ns)   --->   "%add_ln58_847 = add i7 %sext_ln58_836, i7 %sext_ln73_54" [firmware/nnet_utils/nnet_dense_latency.h:58]   --->   Operation 414 'add' 'add_ln58_847' <Predicate = true> <Delay = 1.82> <CoreInst = "Adder">   --->   Core 1 'Adder' <Latency = 0> <II = 1> <Delay = 1.87> <FuncUnit> <Opcode : 'add' 'sub'> <InPorts = 2> <OutPorts = 1>
ST_2 : Operation 415 [1/1] (0.00ns)   --->   "%sext_ln58_1009 = sext i7 %add_ln58_847" [firmware/nnet_utils/nnet_dense_latency.h:58]   --->   Operation 415 'sext' 'sext_ln58_1009' <Predicate = true> <Delay = 0.00>
ST_2 : Operation 416 [1/1] (1.87ns)   --->   "%add_ln58_848 = add i8 %sext_ln58_1009, i8 %sext_ln58_1008" [firmware/nnet_utils/nnet_dense_latency.h:58]   --->   Operation 416 'add' 'add_ln58_848' <Predicate = true> <Delay = 1.87> <CoreInst = "Adder">   --->   Core 1 'Adder' <Latency = 0> <II = 1> <Delay = 1.91> <FuncUnit> <Opcode : 'add' 'sub'> <InPorts = 2> <OutPorts = 1>

State 3 <SV = 2> <Delay = 14.5>
ST_3 : Operation 417 [1/1] (0.00ns)   --->   "%specpipeline_ln13 = specpipeline void @_ssdm_op_SpecPipeline, i32 2048, i32 0, i32 0, i32 0, void @empty_1" [firmware/nnet_utils/nnet_dense_latency.h:13]   --->   Operation 417 'specpipeline' 'specpipeline_ln13' <Predicate = true> <Delay = 0.00>
ST_3 : Operation 418 [1/1] (0.00ns)   --->   "%specresourcelimit_ln33 = specresourcelimit void @_ssdm_op_SpecResourceLimit, i64 1, void @empty_3, void @empty_1, void @empty_1, void @empty_1" [firmware/nnet_utils/nnet_dense_latency.h:33]   --->   Operation 418 'specresourcelimit' 'specresourcelimit_ln33' <Predicate = true> <Delay = 0.00>
ST_3 : Operation 419 [1/1] (0.00ns)   --->   "%data_31_val_read = read i6 @_ssdm_op_Read.ap_auto.i6, i6 %data_31_val" [firmware/nnet_utils/nnet_mult.h:70->firmware/nnet_utils/nnet_dense_latency.h:42]   --->   Operation 419 'read' 'data_31_val_read' <Predicate = true> <Delay = 0.00>
ST_3 : Operation 420 [1/1] (0.00ns)   --->   "%data_30_val_read = read i6 @_ssdm_op_Read.ap_auto.i6, i6 %data_30_val" [firmware/nnet_utils/nnet_mult.h:70->firmware/nnet_utils/nnet_dense_latency.h:42]   --->   Operation 420 'read' 'data_30_val_read' <Predicate = true> <Delay = 0.00>
ST_3 : Operation 421 [1/1] (0.00ns)   --->   "%data_29_val_read = read i6 @_ssdm_op_Read.ap_auto.i6, i6 %data_29_val" [firmware/nnet_utils/nnet_mult.h:70->firmware/nnet_utils/nnet_dense_latency.h:42]   --->   Operation 421 'read' 'data_29_val_read' <Predicate = true> <Delay = 0.00>
ST_3 : Operation 422 [1/1] (0.00ns)   --->   "%data_28_val_read = read i6 @_ssdm_op_Read.ap_auto.i6, i6 %data_28_val" [firmware/nnet_utils/nnet_mult.h:70->firmware/nnet_utils/nnet_dense_latency.h:42]   --->   Operation 422 'read' 'data_28_val_read' <Predicate = true> <Delay = 0.00>
ST_3 : Operation 423 [1/1] (0.00ns)   --->   "%data_27_val_read = read i6 @_ssdm_op_Read.ap_auto.i6, i6 %data_27_val" [firmware/nnet_utils/nnet_mult.h:70->firmware/nnet_utils/nnet_dense_latency.h:42]   --->   Operation 423 'read' 'data_27_val_read' <Predicate = true> <Delay = 0.00>
ST_3 : Operation 424 [1/1] (0.00ns)   --->   "%shl_ln73_3 = bitconcatenate i7 @_ssdm_op_BitConcatenate.i7.i6.i1, i6 %data_15_val_read, i1 0" [firmware/nnet_utils/nnet_mult.h:73->firmware/nnet_utils/nnet_dense_latency.h:42]   --->   Operation 424 'bitconcatenate' 'shl_ln73_3' <Predicate = true> <Delay = 0.00>
ST_3 : Operation 425 [1/1] (0.00ns)   --->   "%sext_ln73_40 = sext i6 %data_16_val_read" [firmware/nnet_utils/nnet_mult.h:73->firmware/nnet_utils/nnet_dense_latency.h:42]   --->   Operation 425 'sext' 'sext_ln73_40' <Predicate = true> <Delay = 0.00>
ST_3 : Operation 426 [1/1] (0.00ns)   --->   "%tmp_300 = bitconcatenate i7 @_ssdm_op_BitConcatenate.i7.i6.i1, i6 %data_17_val_read, i1 0" [firmware/nnet_utils/nnet_mult.h:73->firmware/nnet_utils/nnet_dense_latency.h:42]   --->   Operation 426 'bitconcatenate' 'tmp_300' <Predicate = true> <Delay = 0.00>
ST_3 : Operation 427 [1/1] (0.00ns)   --->   "%sext_ln73_70 = sext i7 %tmp_300" [firmware/nnet_utils/nnet_mult.h:73->firmware/nnet_utils/nnet_dense_latency.h:42]   --->   Operation 427 'sext' 'sext_ln73_70' <Predicate = true> <Delay = 0.00>
ST_3 : Operation 428 [1/1] (1.82ns)   --->   "%sub_ln73_64 = sub i7 0, i7 %sext_ln73_41" [firmware/nnet_utils/nnet_mult.h:73->firmware/nnet_utils/nnet_dense_latency.h:42]   --->   Operation 428 'sub' 'sub_ln73_64' <Predicate = true> <Delay = 1.82> <CoreInst = "Adder">   --->   Core 1 'Adder' <Latency = 0> <II = 1> <Delay = 1.87> <FuncUnit> <Opcode : 'add' 'sub'> <InPorts = 2> <OutPorts = 1>
ST_3 : Operation 429 [1/1] (0.00ns)   --->   "%shl_ln73_5 = bitconcatenate i7 @_ssdm_op_BitConcatenate.i7.i6.i1, i6 %data_18_val_read, i1 0" [firmware/nnet_utils/nnet_mult.h:73->firmware/nnet_utils/nnet_dense_latency.h:42]   --->   Operation 429 'bitconcatenate' 'shl_ln73_5' <Predicate = true> <Delay = 0.00>
ST_3 : Operation 430 [1/1] (0.00ns)   --->   "%sext_ln73_45 = sext i6 %data_19_val_read" [firmware/nnet_utils/nnet_mult.h:73->firmware/nnet_utils/nnet_dense_latency.h:42]   --->   Operation 430 'sext' 'sext_ln73_45' <Predicate = true> <Delay = 0.00>
ST_3 : Operation 431 [1/1] (0.00ns)   --->   "%mult_94 = bitconcatenate i7 @_ssdm_op_BitConcatenate.i7.i6.i1, i6 %data_19_val_read, i1 0" [firmware/nnet_utils/nnet_mult.h:73->firmware/nnet_utils/nnet_dense_latency.h:42]   --->   Operation 431 'bitconcatenate' 'mult_94' <Predicate = true> <Delay = 0.00>
ST_3 : Operation 432 [1/1] (0.00ns)   --->   "%sext_ln73_71 = sext i7 %mult_94" [firmware/nnet_utils/nnet_mult.h:73->firmware/nnet_utils/nnet_dense_latency.h:42]   --->   Operation 432 'sext' 'sext_ln73_71' <Predicate = true> <Delay = 0.00>
ST_3 : Operation 433 [1/1] (0.00ns)   --->   "%mult_95 = bitconcatenate i7 @_ssdm_op_BitConcatenate.i7.i6.i1, i6 %data_20_val_read, i1 0" [firmware/nnet_utils/nnet_mult.h:73->firmware/nnet_utils/nnet_dense_latency.h:42]   --->   Operation 433 'bitconcatenate' 'mult_95' <Predicate = true> <Delay = 0.00>
ST_3 : Operation 434 [1/1] (0.00ns)   --->   "%sext_ln73_48 = sext i6 %data_21_val_read" [firmware/nnet_utils/nnet_mult.h:73->firmware/nnet_utils/nnet_dense_latency.h:42]   --->   Operation 434 'sext' 'sext_ln73_48' <Predicate = true> <Delay = 0.00>
ST_3 : Operation 435 [1/1] (0.00ns)   --->   "%sext_ln73_49 = sext i6 %data_21_val_read" [firmware/nnet_utils/nnet_mult.h:73->firmware/nnet_utils/nnet_dense_latency.h:42]   --->   Operation 435 'sext' 'sext_ln73_49' <Predicate = true> <Delay = 0.00>
ST_3 : Operation 436 [1/1] (0.00ns)   --->   "%mult_97 = bitconcatenate i7 @_ssdm_op_BitConcatenate.i7.i6.i1, i6 %data_21_val_read, i1 0" [firmware/nnet_utils/nnet_mult.h:73->firmware/nnet_utils/nnet_dense_latency.h:42]   --->   Operation 436 'bitconcatenate' 'mult_97' <Predicate = true> <Delay = 0.00>
ST_3 : Operation 437 [1/1] (0.00ns)   --->   "%sext_ln73_72 = sext i7 %mult_97" [firmware/nnet_utils/nnet_mult.h:73->firmware/nnet_utils/nnet_dense_latency.h:42]   --->   Operation 437 'sext' 'sext_ln73_72' <Predicate = true> <Delay = 0.00>
ST_3 : Operation 438 [1/1] (1.87ns)   --->   "%sub_ln73_80 = sub i8 0, i8 %sext_ln73_72" [firmware/nnet_utils/nnet_mult.h:73->firmware/nnet_utils/nnet_dense_latency.h:42]   --->   Operation 438 'sub' 'sub_ln73_80' <Predicate = true> <Delay = 1.87> <CoreInst = "Adder">   --->   Core 1 'Adder' <Latency = 0> <II = 1> <Delay = 1.91> <FuncUnit> <Opcode : 'add' 'sub'> <InPorts = 2> <OutPorts = 1>
ST_3 : Operation 439 [1/1] (0.00ns)   --->   "%tmp_303 = bitconcatenate i8 @_ssdm_op_BitConcatenate.i8.i6.i2, i6 %data_21_val_read, i2 0" [firmware/nnet_utils/nnet_mult.h:73->firmware/nnet_utils/nnet_dense_latency.h:42]   --->   Operation 439 'bitconcatenate' 'tmp_303' <Predicate = true> <Delay = 0.00>
ST_3 : Operation 440 [1/1] (0.00ns)   --->   "%sext_ln73_73 = sext i8 %tmp_303" [firmware/nnet_utils/nnet_mult.h:73->firmware/nnet_utils/nnet_dense_latency.h:42]   --->   Operation 440 'sext' 'sext_ln73_73' <Predicate = true> <Delay = 0.00>
ST_3 : Operation 441 [1/1] (1.91ns)   --->   "%mult_96 = sub i9 %sext_ln73_73, i9 %sext_ln73_48" [firmware/nnet_utils/nnet_mult.h:73->firmware/nnet_utils/nnet_dense_latency.h:42]   --->   Operation 441 'sub' 'mult_96' <Predicate = true> <Delay = 1.91> <CoreInst = "Adder">   --->   Core 1 'Adder' <Latency = 0> <II = 1> <Delay = 1.82> <FuncUnit> <Opcode : 'add' 'sub'> <InPorts = 2> <OutPorts = 1>
ST_3 : Operation 442 [1/1] (0.00ns)   --->   "%sext_ln17_174 = sext i9 %mult_96" [firmware/nnet_utils/nnet_dense_latency.h:17]   --->   Operation 442 'sext' 'sext_ln17_174' <Predicate = true> <Delay = 0.00>
ST_3 : Operation 443 [1/1] (0.00ns)   --->   "%sext_ln73_51 = sext i6 %data_23_val_read" [firmware/nnet_utils/nnet_mult.h:73->firmware/nnet_utils/nnet_dense_latency.h:42]   --->   Operation 443 'sext' 'sext_ln73_51' <Predicate = true> <Delay = 0.00>
ST_3 : Operation 444 [1/1] (0.00ns)   --->   "%tmp_304 = bitconcatenate i7 @_ssdm_op_BitConcatenate.i7.i6.i1, i6 %data_23_val_read, i1 0" [firmware/nnet_utils/nnet_mult.h:73->firmware/nnet_utils/nnet_dense_latency.h:42]   --->   Operation 444 'bitconcatenate' 'tmp_304' <Predicate = true> <Delay = 0.00>
ST_3 : Operation 445 [1/1] (0.00ns)   --->   "%sext_ln73_74 = sext i7 %tmp_304" [firmware/nnet_utils/nnet_mult.h:73->firmware/nnet_utils/nnet_dense_latency.h:42]   --->   Operation 445 'sext' 'sext_ln73_74' <Predicate = true> <Delay = 0.00>
ST_3 : Operation 446 [1/1] (1.87ns)   --->   "%sub_ln73_82 = sub i8 0, i8 %sext_ln73_74" [firmware/nnet_utils/nnet_mult.h:73->firmware/nnet_utils/nnet_dense_latency.h:42]   --->   Operation 446 'sub' 'sub_ln73_82' <Predicate = true> <Delay = 1.87> <CoreInst = "Adder">   --->   Core 1 'Adder' <Latency = 0> <II = 1> <Delay = 1.91> <FuncUnit> <Opcode : 'add' 'sub'> <InPorts = 2> <OutPorts = 1>
ST_3 : Operation 447 [1/1] (1.82ns)   --->   "%sub_ln73_67 = sub i7 0, i7 %sext_ln73_50" [firmware/nnet_utils/nnet_mult.h:73->firmware/nnet_utils/nnet_dense_latency.h:42]   --->   Operation 447 'sub' 'sub_ln73_67' <Predicate = true> <Delay = 1.82> <CoreInst = "Adder">   --->   Core 1 'Adder' <Latency = 0> <II = 1> <Delay = 1.87> <FuncUnit> <Opcode : 'add' 'sub'> <InPorts = 2> <OutPorts = 1>
ST_3 : Operation 448 [1/1] (0.00ns)   --->   "%sext_ln73_52 = sext i6 %data_24_val_read" [firmware/nnet_utils/nnet_mult.h:73->firmware/nnet_utils/nnet_dense_latency.h:42]   --->   Operation 448 'sext' 'sext_ln73_52' <Predicate = true> <Delay = 0.00>
ST_3 : Operation 449 [1/1] (0.00ns)   --->   "%sext_ln73_53 = sext i6 %data_24_val_read" [firmware/nnet_utils/nnet_mult.h:73->firmware/nnet_utils/nnet_dense_latency.h:42]   --->   Operation 449 'sext' 'sext_ln73_53' <Predicate = true> <Delay = 0.00>
ST_3 : Operation 450 [1/1] (1.82ns)   --->   "%sub_ln73_68 = sub i7 0, i7 %sext_ln73_53" [firmware/nnet_utils/nnet_mult.h:73->firmware/nnet_utils/nnet_dense_latency.h:42]   --->   Operation 450 'sub' 'sub_ln73_68' <Predicate = true> <Delay = 1.82> <CoreInst = "Adder">   --->   Core 1 'Adder' <Latency = 0> <II = 1> <Delay = 1.87> <FuncUnit> <Opcode : 'add' 'sub'> <InPorts = 2> <OutPorts = 1>
ST_3 : Operation 451 [1/1] (0.00ns)   --->   "%sext_ln73_55 = sext i6 %data_25_val_read" [firmware/nnet_utils/nnet_mult.h:73->firmware/nnet_utils/nnet_dense_latency.h:42]   --->   Operation 451 'sext' 'sext_ln73_55' <Predicate = true> <Delay = 0.00>
ST_3 : Operation 452 [1/1] (0.00ns)   --->   "%mult_98 = bitconcatenate i7 @_ssdm_op_BitConcatenate.i7.i6.i1, i6 %data_25_val_read, i1 0" [firmware/nnet_utils/nnet_mult.h:73->firmware/nnet_utils/nnet_dense_latency.h:42]   --->   Operation 452 'bitconcatenate' 'mult_98' <Predicate = true> <Delay = 0.00>
ST_3 : Operation 453 [1/1] (0.00ns)   --->   "%sext_ln73_75 = sext i7 %mult_98" [firmware/nnet_utils/nnet_mult.h:73->firmware/nnet_utils/nnet_dense_latency.h:42]   --->   Operation 453 'sext' 'sext_ln73_75' <Predicate = true> <Delay = 0.00>
ST_3 : Operation 454 [1/1] (1.82ns)   --->   "%sub_ln73_69 = sub i7 0, i7 %sext_ln73_54" [firmware/nnet_utils/nnet_mult.h:73->firmware/nnet_utils/nnet_dense_latency.h:42]   --->   Operation 454 'sub' 'sub_ln73_69' <Predicate = true> <Delay = 1.82> <CoreInst = "Adder">   --->   Core 1 'Adder' <Latency = 0> <II = 1> <Delay = 1.87> <FuncUnit> <Opcode : 'add' 'sub'> <InPorts = 2> <OutPorts = 1>
ST_3 : Operation 455 [1/1] (0.00ns)   --->   "%sext_ln73_56 = sext i6 %data_26_val_read" [firmware/nnet_utils/nnet_mult.h:73->firmware/nnet_utils/nnet_dense_latency.h:42]   --->   Operation 455 'sext' 'sext_ln73_56' <Predicate = true> <Delay = 0.00>
ST_3 : Operation 456 [1/1] (1.82ns)   --->   "%sub_ln73_70 = sub i7 0, i7 %sext_ln73_56" [firmware/nnet_utils/nnet_mult.h:73->firmware/nnet_utils/nnet_dense_latency.h:42]   --->   Operation 456 'sub' 'sub_ln73_70' <Predicate = true> <Delay = 1.82> <CoreInst = "Adder">   --->   Core 1 'Adder' <Latency = 0> <II = 1> <Delay = 1.87> <FuncUnit> <Opcode : 'add' 'sub'> <InPorts = 2> <OutPorts = 1>
ST_3 : Operation 457 [1/1] (0.00ns)   --->   "%shl_ln73_6 = bitconcatenate i7 @_ssdm_op_BitConcatenate.i7.i6.i1, i6 %data_26_val_read, i1 0" [firmware/nnet_utils/nnet_mult.h:73->firmware/nnet_utils/nnet_dense_latency.h:42]   --->   Operation 457 'bitconcatenate' 'shl_ln73_6' <Predicate = true> <Delay = 0.00>
ST_3 : Operation 458 [1/1] (0.00ns)   --->   "%sext_ln73_57 = sext i6 %data_28_val_read" [firmware/nnet_utils/nnet_mult.h:73->firmware/nnet_utils/nnet_dense_latency.h:42]   --->   Operation 458 'sext' 'sext_ln73_57' <Predicate = true> <Delay = 0.00>
ST_3 : Operation 459 [1/1] (0.00ns)   --->   "%sext_ln73_58 = sext i6 %data_28_val_read" [firmware/nnet_utils/nnet_mult.h:73->firmware/nnet_utils/nnet_dense_latency.h:42]   --->   Operation 459 'sext' 'sext_ln73_58' <Predicate = true> <Delay = 0.00>
ST_3 : Operation 460 [1/1] (1.82ns)   --->   "%sub_ln73_71 = sub i7 0, i7 %sext_ln73_58" [firmware/nnet_utils/nnet_mult.h:73->firmware/nnet_utils/nnet_dense_latency.h:42]   --->   Operation 460 'sub' 'sub_ln73_71' <Predicate = true> <Delay = 1.82> <CoreInst = "Adder">   --->   Core 1 'Adder' <Latency = 0> <II = 1> <Delay = 1.87> <FuncUnit> <Opcode : 'add' 'sub'> <InPorts = 2> <OutPorts = 1>
ST_3 : Operation 461 [1/1] (0.00ns)   --->   "%shl_ln73_7 = bitconcatenate i7 @_ssdm_op_BitConcatenate.i7.i6.i1, i6 %data_28_val_read, i1 0" [firmware/nnet_utils/nnet_mult.h:73->firmware/nnet_utils/nnet_dense_latency.h:42]   --->   Operation 461 'bitconcatenate' 'shl_ln73_7' <Predicate = true> <Delay = 0.00>
ST_3 : Operation 462 [1/1] (0.00ns)   --->   "%sext_ln73_59 = sext i6 %data_29_val_read" [firmware/nnet_utils/nnet_mult.h:73->firmware/nnet_utils/nnet_dense_latency.h:42]   --->   Operation 462 'sext' 'sext_ln73_59' <Predicate = true> <Delay = 0.00>
ST_3 : Operation 463 [1/1] (0.00ns)   --->   "%sext_ln73_60 = sext i6 %data_29_val_read" [firmware/nnet_utils/nnet_mult.h:73->firmware/nnet_utils/nnet_dense_latency.h:42]   --->   Operation 463 'sext' 'sext_ln73_60' <Predicate = true> <Delay = 0.00>
ST_3 : Operation 464 [1/1] (0.00ns)   --->   "%sext_ln73_61 = sext i6 %data_29_val_read" [firmware/nnet_utils/nnet_mult.h:73->firmware/nnet_utils/nnet_dense_latency.h:42]   --->   Operation 464 'sext' 'sext_ln73_61' <Predicate = true> <Delay = 0.00>
ST_3 : Operation 465 [1/1] (0.00ns)   --->   "%shl_ln73_8 = bitconcatenate i7 @_ssdm_op_BitConcatenate.i7.i6.i1, i6 %data_29_val_read, i1 0" [firmware/nnet_utils/nnet_mult.h:73->firmware/nnet_utils/nnet_dense_latency.h:42]   --->   Operation 465 'bitconcatenate' 'shl_ln73_8' <Predicate = true> <Delay = 0.00>
ST_3 : Operation 466 [1/1] (0.00ns)   --->   "%tmp_306 = bitconcatenate i8 @_ssdm_op_BitConcatenate.i8.i6.i2, i6 %data_29_val_read, i2 0" [firmware/nnet_utils/nnet_mult.h:73->firmware/nnet_utils/nnet_dense_latency.h:42]   --->   Operation 466 'bitconcatenate' 'tmp_306' <Predicate = true> <Delay = 0.00>
ST_3 : Operation 467 [1/1] (0.00ns)   --->   "%sext_ln73_76 = sext i8 %tmp_306" [firmware/nnet_utils/nnet_mult.h:73->firmware/nnet_utils/nnet_dense_latency.h:42]   --->   Operation 467 'sext' 'sext_ln73_76' <Predicate = true> <Delay = 0.00>
ST_3 : Operation 468 [1/1] (1.91ns)   --->   "%mult_99 = sub i9 %sext_ln73_60, i9 %sext_ln73_76" [firmware/nnet_utils/nnet_mult.h:73->firmware/nnet_utils/nnet_dense_latency.h:42]   --->   Operation 468 'sub' 'mult_99' <Predicate = true> <Delay = 1.91> <CoreInst = "Adder">   --->   Core 1 'Adder' <Latency = 0> <II = 1> <Delay = 1.82> <FuncUnit> <Opcode : 'add' 'sub'> <InPorts = 2> <OutPorts = 1>
ST_3 : Operation 469 [1/1] (0.00ns)   --->   "%sext_ln17_175 = sext i9 %mult_99" [firmware/nnet_utils/nnet_dense_latency.h:17]   --->   Operation 469 'sext' 'sext_ln17_175' <Predicate = true> <Delay = 0.00>
ST_3 : Operation 470 [1/1] (0.00ns)   --->   "%sext_ln73_77 = sext i7 %shl_ln73_8" [firmware/nnet_utils/nnet_mult.h:73->firmware/nnet_utils/nnet_dense_latency.h:42]   --->   Operation 470 'sext' 'sext_ln73_77' <Predicate = true> <Delay = 0.00>
ST_3 : Operation 471 [1/1] (1.87ns)   --->   "%sub_ln73_84 = sub i8 0, i8 %sext_ln73_77" [firmware/nnet_utils/nnet_mult.h:73->firmware/nnet_utils/nnet_dense_latency.h:42]   --->   Operation 471 'sub' 'sub_ln73_84' <Predicate = true> <Delay = 1.87> <CoreInst = "Adder">   --->   Core 1 'Adder' <Latency = 0> <II = 1> <Delay = 1.91> <FuncUnit> <Opcode : 'add' 'sub'> <InPorts = 2> <OutPorts = 1>
ST_3 : Operation 472 [1/1] (1.82ns)   --->   "%sub_ln73_72 = sub i7 0, i7 %sext_ln73_61" [firmware/nnet_utils/nnet_mult.h:73->firmware/nnet_utils/nnet_dense_latency.h:42]   --->   Operation 472 'sub' 'sub_ln73_72' <Predicate = true> <Delay = 1.82> <CoreInst = "Adder">   --->   Core 1 'Adder' <Latency = 0> <II = 1> <Delay = 1.87> <FuncUnit> <Opcode : 'add' 'sub'> <InPorts = 2> <OutPorts = 1>
ST_3 : Operation 473 [1/1] (0.00ns) (grouped into TernaryAdder)   --->   "%mult_100 = sub i9 %sext_ln73_76, i9 %sext_ln73_60" [firmware/nnet_utils/nnet_mult.h:73->firmware/nnet_utils/nnet_dense_latency.h:42]   --->   Operation 473 'sub' 'mult_100' <Predicate = true> <Delay = 0.00> <CoreInst = "TAddSub">   --->   Core 10 'TAddSub' <Latency = 0> <II = 1> <Delay = 1.83> <IPBlock> <Opcode : 'add' 'sub'> <InPorts = 3> <OutPorts = 1> <Sync> <CReg>
ST_3 : Operation 474 [1/1] (0.00ns)   --->   "%sext_ln73_62 = sext i6 %data_30_val_read" [firmware/nnet_utils/nnet_mult.h:73->firmware/nnet_utils/nnet_dense_latency.h:42]   --->   Operation 474 'sext' 'sext_ln73_62' <Predicate = true> <Delay = 0.00>
ST_3 : Operation 475 [1/1] (0.00ns)   --->   "%shl_ln73_4 = bitconcatenate i7 @_ssdm_op_BitConcatenate.i7.i6.i1, i6 %data_30_val_read, i1 0" [firmware/nnet_utils/nnet_mult.h:73->firmware/nnet_utils/nnet_dense_latency.h:42]   --->   Operation 475 'bitconcatenate' 'shl_ln73_4' <Predicate = true> <Delay = 0.00>
ST_3 : Operation 476 [1/1] (1.82ns)   --->   "%mult_101 = sub i7 0, i7 %sext_ln73_62" [firmware/nnet_utils/nnet_mult.h:73->firmware/nnet_utils/nnet_dense_latency.h:42]   --->   Operation 476 'sub' 'mult_101' <Predicate = true> <Delay = 1.82> <CoreInst = "Adder">   --->   Core 1 'Adder' <Latency = 0> <II = 1> <Delay = 1.87> <FuncUnit> <Opcode : 'add' 'sub'> <InPorts = 2> <OutPorts = 1>
ST_3 : Operation 477 [1/1] (0.00ns)   --->   "%sext_ln73_63 = sext i6 %data_31_val_read" [firmware/nnet_utils/nnet_mult.h:73->firmware/nnet_utils/nnet_dense_latency.h:42]   --->   Operation 477 'sext' 'sext_ln73_63' <Predicate = true> <Delay = 0.00>
ST_3 : Operation 478 [1/1] (0.00ns)   --->   "%sext_ln73_64 = sext i6 %data_31_val_read" [firmware/nnet_utils/nnet_mult.h:73->firmware/nnet_utils/nnet_dense_latency.h:42]   --->   Operation 478 'sext' 'sext_ln73_64' <Predicate = true> <Delay = 0.00>
ST_3 : Operation 479 [1/1] (0.00ns)   --->   "%sext_ln17_176 = sext i6 %data_31_val_read" [firmware/nnet_utils/nnet_dense_latency.h:17]   --->   Operation 479 'sext' 'sext_ln17_176' <Predicate = true> <Delay = 0.00>
ST_3 : Operation 480 [1/1] (0.00ns)   --->   "%mult_103 = bitconcatenate i7 @_ssdm_op_BitConcatenate.i7.i6.i1, i6 %data_31_val_read, i1 0" [firmware/nnet_utils/nnet_mult.h:73->firmware/nnet_utils/nnet_dense_latency.h:42]   --->   Operation 480 'bitconcatenate' 'mult_103' <Predicate = true> <Delay = 0.00>
ST_3 : Operation 481 [1/1] (0.00ns)   --->   "%sext_ln73_78 = sext i7 %mult_103" [firmware/nnet_utils/nnet_mult.h:73->firmware/nnet_utils/nnet_dense_latency.h:42]   --->   Operation 481 'sext' 'sext_ln73_78' <Predicate = true> <Delay = 0.00>
ST_3 : Operation 482 [1/1] (1.87ns)   --->   "%mult_102 = sub i8 0, i8 %sext_ln73_78" [firmware/nnet_utils/nnet_mult.h:73->firmware/nnet_utils/nnet_dense_latency.h:42]   --->   Operation 482 'sub' 'mult_102' <Predicate = true> <Delay = 1.87> <CoreInst = "Adder">   --->   Core 1 'Adder' <Latency = 0> <II = 1> <Delay = 1.91> <FuncUnit> <Opcode : 'add' 'sub'> <InPorts = 2> <OutPorts = 1>
ST_3 : Operation 483 [1/1] (0.00ns)   --->   "%sext_ln17_177 = sext i8 %mult_102" [firmware/nnet_utils/nnet_dense_latency.h:17]   --->   Operation 483 'sext' 'sext_ln17_177' <Predicate = true> <Delay = 0.00>
ST_3 : Operation 484 [1/1] (0.00ns)   --->   "%sext_ln58_207 = sext i10 %add_ln58_675" [firmware/nnet_utils/nnet_dense_latency.h:58]   --->   Operation 484 'sext' 'sext_ln58_207' <Predicate = true> <Delay = 0.00>
ST_3 : Operation 485 [1/1] (0.00ns)   --->   "%sext_ln58_211 = sext i9 %add_ln58_682" [firmware/nnet_utils/nnet_dense_latency.h:58]   --->   Operation 485 'sext' 'sext_ln58_211' <Predicate = true> <Delay = 0.00>
ST_3 : Operation 486 [1/1] (0.00ns)   --->   "%sext_ln58_824 = sext i7 %shl_ln73_3" [firmware/nnet_utils/nnet_dense_latency.h:58]   --->   Operation 486 'sext' 'sext_ln58_824' <Predicate = true> <Delay = 0.00>
ST_3 : Operation 487 [1/1] (0.00ns)   --->   "%sext_ln58_825 = sext i7 %shl_ln73_3" [firmware/nnet_utils/nnet_dense_latency.h:58]   --->   Operation 487 'sext' 'sext_ln58_825' <Predicate = true> <Delay = 0.00>
ST_3 : Operation 488 [1/1] (0.00ns)   --->   "%sext_ln58_826 = sext i7 %tmp_300" [firmware/nnet_utils/nnet_dense_latency.h:58]   --->   Operation 488 'sext' 'sext_ln58_826' <Predicate = true> <Delay = 0.00>
ST_3 : Operation 489 [1/1] (0.00ns)   --->   "%sext_ln58_234 = sext i6 %data_17_val_read" [firmware/nnet_utils/nnet_dense_latency.h:58]   --->   Operation 489 'sext' 'sext_ln58_234' <Predicate = true> <Delay = 0.00>
ST_3 : Operation 490 [1/1] (0.00ns)   --->   "%sext_ln58_827 = sext i7 %shl_ln73_5" [firmware/nnet_utils/nnet_dense_latency.h:58]   --->   Operation 490 'sext' 'sext_ln58_827' <Predicate = true> <Delay = 0.00>
ST_3 : Operation 491 [1/1] (0.00ns)   --->   "%sext_ln58_239 = sext i6 %data_18_val_read" [firmware/nnet_utils/nnet_dense_latency.h:58]   --->   Operation 491 'sext' 'sext_ln58_239' <Predicate = true> <Delay = 0.00>
ST_3 : Operation 492 [1/1] (0.00ns)   --->   "%sext_ln58_828 = sext i6 %data_18_val_read" [firmware/nnet_utils/nnet_dense_latency.h:58]   --->   Operation 492 'sext' 'sext_ln58_828' <Predicate = true> <Delay = 0.00>
ST_3 : Operation 493 [1/1] (0.00ns)   --->   "%sext_ln58_829 = sext i7 %sub_ln73_65" [firmware/nnet_utils/nnet_dense_latency.h:58]   --->   Operation 493 'sext' 'sext_ln58_829' <Predicate = true> <Delay = 0.00>
ST_3 : Operation 494 [1/1] (1.87ns)   --->   "%sub_ln58_299 = sub i8 %sext_ln58_824, i8 %sext_ln73_40" [firmware/nnet_utils/nnet_dense_latency.h:58]   --->   Operation 494 'sub' 'sub_ln58_299' <Predicate = true> <Delay = 1.87> <CoreInst = "Adder">   --->   Core 1 'Adder' <Latency = 0> <II = 1> <Delay = 1.91> <FuncUnit> <Opcode : 'add' 'sub'> <InPorts = 2> <OutPorts = 1>
ST_3 : Operation 495 [1/1] (0.00ns)   --->   "%sext_ln58_830 = sext i8 %sub_ln58_299" [firmware/nnet_utils/nnet_dense_latency.h:58]   --->   Operation 495 'sext' 'sext_ln58_830' <Predicate = true> <Delay = 0.00>
ST_3 : Operation 496 [1/1] (0.00ns) (grouped into TernaryAdder)   --->   "%add_ln58_688 = add i10 %sext_ln58_830, i10 %sub_ln58_292" [firmware/nnet_utils/nnet_dense_latency.h:58]   --->   Operation 496 'add' 'add_ln58_688' <Predicate = true> <Delay = 0.00> <CoreInst = "TAddSub">   --->   Core 10 'TAddSub' <Latency = 0> <II = 1> <Delay = 1.83> <IPBlock> <Opcode : 'add' 'sub'> <InPorts = 3> <OutPorts = 1> <Sync> <CReg>
ST_3 : Operation 497 [1/1] (0.00ns)   --->   "%sext_ln58_833 = sext i8 %add_ln58_690" [firmware/nnet_utils/nnet_dense_latency.h:58]   --->   Operation 497 'sext' 'sext_ln58_833' <Predicate = true> <Delay = 0.00>
ST_3 : Operation 498 [1/1] (3.72ns) (root node of TernaryAdder)   --->   "%add_ln58_691 = add i10 %sext_ln58_833, i10 %add_ln58_688" [firmware/nnet_utils/nnet_dense_latency.h:58]   --->   Operation 498 'add' 'add_ln58_691' <Predicate = true> <Delay = 3.72> <CoreInst = "TAddSub">   --->   Core 10 'TAddSub' <Latency = 0> <II = 1> <Delay = 1.83> <IPBlock> <Opcode : 'add' 'sub'> <InPorts = 3> <OutPorts = 1> <Sync> <CReg>
ST_3 : Operation 499 [1/1] (0.00ns)   --->   "%sext_ln58_246 = sext i10 %add_ln58_691" [firmware/nnet_utils/nnet_dense_latency.h:58]   --->   Operation 499 'sext' 'sext_ln58_246' <Predicate = true> <Delay = 0.00>
ST_3 : Operation 500 [1/1] (0.00ns)   --->   "%sext_ln58_256 = sext i6 %data_22_val_read" [firmware/nnet_utils/nnet_dense_latency.h:58]   --->   Operation 500 'sext' 'sext_ln58_256' <Predicate = true> <Delay = 0.00>
ST_3 : Operation 501 [1/1] (0.00ns)   --->   "%sext_ln58_835 = sext i6 %data_22_val_read" [firmware/nnet_utils/nnet_dense_latency.h:58]   --->   Operation 501 'sext' 'sext_ln58_835' <Predicate = true> <Delay = 0.00>
ST_3 : Operation 502 [1/1] (0.00ns)   --->   "%sext_ln58_258 = sext i10 %add_ln58_695" [firmware/nnet_utils/nnet_dense_latency.h:58]   --->   Operation 502 'sext' 'sext_ln58_258' <Predicate = true> <Delay = 0.00>
ST_3 : Operation 503 [1/1] (0.00ns)   --->   "%sext_ln58_840 = sext i7 %tmp_304" [firmware/nnet_utils/nnet_dense_latency.h:58]   --->   Operation 503 'sext' 'sext_ln58_840' <Predicate = true> <Delay = 0.00>
ST_3 : Operation 504 [1/1] (0.00ns)   --->   "%sext_ln58_841 = sext i7 %sub_ln73_67" [firmware/nnet_utils/nnet_dense_latency.h:58]   --->   Operation 504 'sext' 'sext_ln58_841' <Predicate = true> <Delay = 0.00>
ST_3 : Operation 505 [1/1] (0.00ns)   --->   "%sext_ln58_846 = sext i7 %sub_ln73_68" [firmware/nnet_utils/nnet_dense_latency.h:58]   --->   Operation 505 'sext' 'sext_ln58_846' <Predicate = true> <Delay = 0.00>
ST_3 : Operation 506 [1/1] (0.00ns)   --->   "%sext_ln58_847 = sext i7 %sub_ln73_69" [firmware/nnet_utils/nnet_dense_latency.h:58]   --->   Operation 506 'sext' 'sext_ln58_847' <Predicate = true> <Delay = 0.00>
ST_3 : Operation 507 [1/1] (0.00ns)   --->   "%sext_ln58_848 = sext i7 %sub_ln73_70" [firmware/nnet_utils/nnet_dense_latency.h:58]   --->   Operation 507 'sext' 'sext_ln58_848' <Predicate = true> <Delay = 0.00>
ST_3 : Operation 508 [1/1] (0.00ns)   --->   "%sext_ln58_849 = sext i7 %shl_ln73_6" [firmware/nnet_utils/nnet_dense_latency.h:58]   --->   Operation 508 'sext' 'sext_ln58_849' <Predicate = true> <Delay = 0.00>
ST_3 : Operation 509 [1/1] (0.00ns)   --->   "%sext_ln58_850 = sext i6 %data_27_val_read" [firmware/nnet_utils/nnet_dense_latency.h:58]   --->   Operation 509 'sext' 'sext_ln58_850' <Predicate = true> <Delay = 0.00>
ST_3 : Operation 510 [1/1] (0.00ns)   --->   "%sext_ln58_851 = sext i6 %data_27_val_read" [firmware/nnet_utils/nnet_dense_latency.h:58]   --->   Operation 510 'sext' 'sext_ln58_851' <Predicate = true> <Delay = 0.00>
ST_3 : Operation 511 [1/1] (0.00ns)   --->   "%sext_ln58_860 = sext i7 %mult_97" [firmware/nnet_utils/nnet_dense_latency.h:58]   --->   Operation 511 'sext' 'sext_ln58_860' <Predicate = true> <Delay = 0.00>
ST_3 : Operation 512 [1/1] (0.00ns)   --->   "%sext_ln58_861 = sext i10 %add_ln58_704" [firmware/nnet_utils/nnet_dense_latency.h:58]   --->   Operation 512 'sext' 'sext_ln58_861' <Predicate = true> <Delay = 0.00>
ST_3 : Operation 513 [1/1] (1.73ns)   --->   "%sub_ln58_355 = sub i11 %sext_ln58_861, i11 %sext_ln58_860" [firmware/nnet_utils/nnet_dense_latency.h:58]   --->   Operation 513 'sub' 'sub_ln58_355' <Predicate = true> <Delay = 1.73> <CoreInst = "Adder">   --->   Core 1 'Adder' <Latency = 0> <II = 1> <Delay = 1.63> <FuncUnit> <Opcode : 'add' 'sub'> <InPorts = 2> <OutPorts = 1>
ST_3 : Operation 514 [1/1] (1.87ns)   --->   "%sub_ln58_308 = sub i8 %sext_ln58_827, i8 %sext_ln73_52" [firmware/nnet_utils/nnet_dense_latency.h:58]   --->   Operation 514 'sub' 'sub_ln58_308' <Predicate = true> <Delay = 1.87> <CoreInst = "Adder">   --->   Core 1 'Adder' <Latency = 0> <II = 1> <Delay = 1.91> <FuncUnit> <Opcode : 'add' 'sub'> <InPorts = 2> <OutPorts = 1>
ST_3 : Operation 515 [1/1] (0.00ns)   --->   "%sext_ln58_862 = sext i8 %sub_ln58_308" [firmware/nnet_utils/nnet_dense_latency.h:58]   --->   Operation 515 'sext' 'sext_ln58_862' <Predicate = true> <Delay = 0.00>
ST_3 : Operation 516 [1/1] (1.91ns)   --->   "%add_ln58_705 = add i9 %sext_ln58_862, i9 %sext_ln58_826" [firmware/nnet_utils/nnet_dense_latency.h:58]   --->   Operation 516 'add' 'add_ln58_705' <Predicate = true> <Delay = 1.91> <CoreInst = "Adder">   --->   Core 1 'Adder' <Latency = 0> <II = 1> <Delay = 1.82> <FuncUnit> <Opcode : 'add' 'sub'> <InPorts = 2> <OutPorts = 1>
ST_3 : Operation 517 [1/1] (0.00ns)   --->   "%sext_ln58_863 = sext i9 %add_ln58_705" [firmware/nnet_utils/nnet_dense_latency.h:58]   --->   Operation 517 'sext' 'sext_ln58_863' <Predicate = true> <Delay = 0.00>
ST_3 : Operation 518 [1/1] (0.00ns) (grouped into TernaryAdder)   --->   "%add_ln58_706 = add i11 %sext_ln58_863, i11 %sub_ln58_355" [firmware/nnet_utils/nnet_dense_latency.h:58]   --->   Operation 518 'add' 'add_ln58_706' <Predicate = true> <Delay = 0.00> <CoreInst = "TAddSub">   --->   Core 10 'TAddSub' <Latency = 0> <II = 1> <Delay = 1.83> <IPBlock> <Opcode : 'add' 'sub'> <InPorts = 3> <OutPorts = 1> <Sync> <CReg>
ST_3 : Operation 519 [1/1] (1.82ns)   --->   "%add_ln58_707 = add i7 %sext_ln73_46, i7 %sext_ln58_836" [firmware/nnet_utils/nnet_dense_latency.h:58]   --->   Operation 519 'add' 'add_ln58_707' <Predicate = true> <Delay = 1.82> <CoreInst = "Adder">   --->   Core 1 'Adder' <Latency = 0> <II = 1> <Delay = 1.87> <FuncUnit> <Opcode : 'add' 'sub'> <InPorts = 2> <OutPorts = 1>
ST_3 : Operation 520 [1/1] (0.00ns)   --->   "%sext_ln58_864 = sext i7 %add_ln58_707" [firmware/nnet_utils/nnet_dense_latency.h:58]   --->   Operation 520 'sext' 'sext_ln58_864' <Predicate = true> <Delay = 0.00>
ST_3 : Operation 521 [1/1] (1.87ns)   --->   "%sub_ln58_309 = sub i8 %sext_ln58_864, i8 %sext_ln58_850" [firmware/nnet_utils/nnet_dense_latency.h:58]   --->   Operation 521 'sub' 'sub_ln58_309' <Predicate = true> <Delay = 1.87> <CoreInst = "Adder">   --->   Core 1 'Adder' <Latency = 0> <II = 1> <Delay = 1.91> <FuncUnit> <Opcode : 'add' 'sub'> <InPorts = 2> <OutPorts = 1>
ST_3 : Operation 522 [1/1] (0.00ns)   --->   "%sext_ln58_865 = sext i8 %sub_ln58_309" [firmware/nnet_utils/nnet_dense_latency.h:58]   --->   Operation 522 'sext' 'sext_ln58_865' <Predicate = true> <Delay = 0.00>
ST_3 : Operation 523 [1/1] (1.82ns)   --->   "%add_ln58_708 = add i7 %sext_ln73_54, i7 %sext_ln73_56" [firmware/nnet_utils/nnet_dense_latency.h:58]   --->   Operation 523 'add' 'add_ln58_708' <Predicate = true> <Delay = 1.82> <CoreInst = "Adder">   --->   Core 1 'Adder' <Latency = 0> <II = 1> <Delay = 1.87> <FuncUnit> <Opcode : 'add' 'sub'> <InPorts = 2> <OutPorts = 1>
ST_3 : Operation 524 [1/1] (0.00ns)   --->   "%sext_ln58_866 = sext i7 %add_ln58_708" [firmware/nnet_utils/nnet_dense_latency.h:58]   --->   Operation 524 'sext' 'sext_ln58_866' <Predicate = true> <Delay = 0.00>
ST_3 : Operation 525 [1/1] (1.87ns)   --->   "%add_ln58_709 = add i8 %sext_ln58_866, i8 %sext_ln73_51" [firmware/nnet_utils/nnet_dense_latency.h:58]   --->   Operation 525 'add' 'add_ln58_709' <Predicate = true> <Delay = 1.87> <CoreInst = "Adder">   --->   Core 1 'Adder' <Latency = 0> <II = 1> <Delay = 1.91> <FuncUnit> <Opcode : 'add' 'sub'> <InPorts = 2> <OutPorts = 1>
ST_3 : Operation 526 [1/1] (0.00ns)   --->   "%sext_ln58_867 = sext i8 %add_ln58_709" [firmware/nnet_utils/nnet_dense_latency.h:58]   --->   Operation 526 'sext' 'sext_ln58_867' <Predicate = true> <Delay = 0.00>
ST_3 : Operation 527 [1/1] (1.91ns)   --->   "%add_ln58_710 = add i9 %sext_ln58_867, i9 %sext_ln58_865" [firmware/nnet_utils/nnet_dense_latency.h:58]   --->   Operation 527 'add' 'add_ln58_710' <Predicate = true> <Delay = 1.91> <CoreInst = "Adder">   --->   Core 1 'Adder' <Latency = 0> <II = 1> <Delay = 1.82> <FuncUnit> <Opcode : 'add' 'sub'> <InPorts = 2> <OutPorts = 1>
ST_3 : Operation 528 [1/1] (0.00ns)   --->   "%sext_ln58_868 = sext i9 %add_ln58_710" [firmware/nnet_utils/nnet_dense_latency.h:58]   --->   Operation 528 'sext' 'sext_ln58_868' <Predicate = true> <Delay = 0.00>
ST_3 : Operation 529 [1/1] (3.75ns) (root node of TernaryAdder)   --->   "%add_ln58_711 = add i11 %sext_ln58_868, i11 %add_ln58_706" [firmware/nnet_utils/nnet_dense_latency.h:58]   --->   Operation 529 'add' 'add_ln58_711' <Predicate = true> <Delay = 3.75> <CoreInst = "TAddSub">   --->   Core 10 'TAddSub' <Latency = 0> <II = 1> <Delay = 1.83> <IPBlock> <Opcode : 'add' 'sub'> <InPorts = 3> <OutPorts = 1> <Sync> <CReg>
ST_3 : Operation 530 [1/1] (0.00ns)   --->   "%sext_ln58_281 = sext i11 %add_ln58_711" [firmware/nnet_utils/nnet_dense_latency.h:58]   --->   Operation 530 'sext' 'sext_ln58_281' <Predicate = true> <Delay = 0.00>
ST_3 : Operation 531 [1/1] (0.00ns)   --->   "%sext_ln58_284 = sext i7 %shl_ln73_7" [firmware/nnet_utils/nnet_dense_latency.h:58]   --->   Operation 531 'sext' 'sext_ln58_284' <Predicate = true> <Delay = 0.00>
ST_3 : Operation 532 [1/1] (0.00ns)   --->   "%sext_ln58_869 = sext i7 %shl_ln73_7" [firmware/nnet_utils/nnet_dense_latency.h:58]   --->   Operation 532 'sext' 'sext_ln58_869' <Predicate = true> <Delay = 0.00>
ST_3 : Operation 533 [1/1] (0.00ns)   --->   "%sext_ln58_290 = sext i8 %sub_ln73_84" [firmware/nnet_utils/nnet_dense_latency.h:58]   --->   Operation 533 'sext' 'sext_ln58_290' <Predicate = true> <Delay = 0.00>
ST_3 : Operation 534 [1/1] (0.00ns)   --->   "%sext_ln58_294 = sext i10 %add_ln58_718" [firmware/nnet_utils/nnet_dense_latency.h:58]   --->   Operation 534 'sext' 'sext_ln58_294' <Predicate = true> <Delay = 0.00>
ST_3 : Operation 535 [1/1] (0.00ns)   --->   "%sext_ln58_876 = sext i7 %shl_ln73_1" [firmware/nnet_utils/nnet_dense_latency.h:58]   --->   Operation 535 'sext' 'sext_ln58_876' <Predicate = true> <Delay = 0.00>
ST_3 : Operation 536 [1/1] (0.00ns)   --->   "%sext_ln58_877 = sext i8 %sub_ln73_80" [firmware/nnet_utils/nnet_dense_latency.h:58]   --->   Operation 536 'sext' 'sext_ln58_877' <Predicate = true> <Delay = 0.00>
ST_3 : Operation 537 [1/1] (1.91ns)   --->   "%sub_ln58_357 = sub i9 %sext_ln58_877, i9 %sext_ln58_876" [firmware/nnet_utils/nnet_dense_latency.h:58]   --->   Operation 537 'sub' 'sub_ln58_357' <Predicate = true> <Delay = 1.91> <CoreInst = "Adder">   --->   Core 1 'Adder' <Latency = 0> <II = 1> <Delay = 1.82> <FuncUnit> <Opcode : 'add' 'sub'> <InPorts = 2> <OutPorts = 1>
ST_3 : Operation 538 [1/1] (0.00ns)   --->   "%sext_ln58_878 = sext i9 %sub_ln58_357" [firmware/nnet_utils/nnet_dense_latency.h:58]   --->   Operation 538 'sext' 'sext_ln58_878' <Predicate = true> <Delay = 0.00>
ST_3 : Operation 539 [1/1] (1.73ns)   --->   "%add_ln58_719 = add i11 %sext_ln58_878, i11 %sext_ln58_294" [firmware/nnet_utils/nnet_dense_latency.h:58]   --->   Operation 539 'add' 'add_ln58_719' <Predicate = true> <Delay = 1.73> <CoreInst = "Adder">   --->   Core 1 'Adder' <Latency = 0> <II = 1> <Delay = 1.63> <FuncUnit> <Opcode : 'add' 'sub'> <InPorts = 2> <OutPorts = 1>
ST_3 : Operation 540 [1/1] (1.87ns)   --->   "%sub_ln58_310 = sub i8 %sext_ln58_834, i8 %sext_ln73_45" [firmware/nnet_utils/nnet_dense_latency.h:58]   --->   Operation 540 'sub' 'sub_ln58_310' <Predicate = true> <Delay = 1.87> <CoreInst = "Adder">   --->   Core 1 'Adder' <Latency = 0> <II = 1> <Delay = 1.91> <FuncUnit> <Opcode : 'add' 'sub'> <InPorts = 2> <OutPorts = 1>
ST_3 : Operation 541 [1/1] (0.00ns)   --->   "%sext_ln58_879 = sext i8 %sub_ln58_310" [firmware/nnet_utils/nnet_dense_latency.h:58]   --->   Operation 541 'sext' 'sext_ln58_879' <Predicate = true> <Delay = 0.00>
ST_3 : Operation 542 [1/1] (1.87ns)   --->   "%sub_ln58_311 = sub i8 %sext_ln73_74, i8 %sext_ln58_835" [firmware/nnet_utils/nnet_dense_latency.h:58]   --->   Operation 542 'sub' 'sub_ln58_311' <Predicate = true> <Delay = 1.87> <CoreInst = "Adder">   --->   Core 1 'Adder' <Latency = 0> <II = 1> <Delay = 1.91> <FuncUnit> <Opcode : 'add' 'sub'> <InPorts = 2> <OutPorts = 1>
ST_3 : Operation 543 [1/1] (0.00ns)   --->   "%sext_ln58_880 = sext i8 %sub_ln58_311" [firmware/nnet_utils/nnet_dense_latency.h:58]   --->   Operation 543 'sext' 'sext_ln58_880' <Predicate = true> <Delay = 0.00>
ST_3 : Operation 544 [1/1] (1.91ns)   --->   "%add_ln58_720 = add i9 %sext_ln58_880, i9 %sext_ln58_879" [firmware/nnet_utils/nnet_dense_latency.h:58]   --->   Operation 544 'add' 'add_ln58_720' <Predicate = true> <Delay = 1.91> <CoreInst = "Adder">   --->   Core 1 'Adder' <Latency = 0> <II = 1> <Delay = 1.82> <FuncUnit> <Opcode : 'add' 'sub'> <InPorts = 2> <OutPorts = 1>
ST_3 : Operation 545 [1/1] (0.00ns)   --->   "%sext_ln58_881 = sext i9 %add_ln58_720" [firmware/nnet_utils/nnet_dense_latency.h:58]   --->   Operation 545 'sext' 'sext_ln58_881' <Predicate = true> <Delay = 0.00>
ST_3 : Operation 546 [1/1] (0.00ns) (grouped into TernaryAdder)   --->   "%add_ln58_721 = add i11 %sext_ln58_881, i11 %add_ln58_719" [firmware/nnet_utils/nnet_dense_latency.h:58]   --->   Operation 546 'add' 'add_ln58_721' <Predicate = true> <Delay = 0.00> <CoreInst = "TAddSub">   --->   Core 10 'TAddSub' <Latency = 0> <II = 1> <Delay = 1.83> <IPBlock> <Opcode : 'add' 'sub'> <InPorts = 3> <OutPorts = 1> <Sync> <CReg>
ST_3 : Operation 547 [1/1] (0.00ns)   --->   "%sext_ln58_882 = sext i7 %sub_ln73_72" [firmware/nnet_utils/nnet_dense_latency.h:58]   --->   Operation 547 'sext' 'sext_ln58_882' <Predicate = true> <Delay = 0.00>
ST_3 : Operation 548 [1/1] (0.00ns) (grouped into TernaryAdder)   --->   "%sub_ln58_312 = sub i8 %sext_ln58_882, i8 %sext_ln58_850" [firmware/nnet_utils/nnet_dense_latency.h:58]   --->   Operation 548 'sub' 'sub_ln58_312' <Predicate = true> <Delay = 0.00> <CoreInst = "TAddSub">   --->   Core 10 'TAddSub' <Latency = 0> <II = 1> <Delay = 1.83> <IPBlock> <Opcode : 'add' 'sub'> <InPorts = 3> <OutPorts = 1> <Sync> <CReg>
ST_3 : Operation 549 [1/1] (3.66ns) (root node of TernaryAdder)   --->   "%add_ln58_722 = add i8 %sub_ln58_312, i8 %sext_ln58_848" [firmware/nnet_utils/nnet_dense_latency.h:58]   --->   Operation 549 'add' 'add_ln58_722' <Predicate = true> <Delay = 3.66> <CoreInst = "TAddSub">   --->   Core 10 'TAddSub' <Latency = 0> <II = 1> <Delay = 1.83> <IPBlock> <Opcode : 'add' 'sub'> <InPorts = 3> <OutPorts = 1> <Sync> <CReg>
ST_3 : Operation 550 [1/1] (0.00ns)   --->   "%sext_ln58_883 = sext i8 %add_ln58_722" [firmware/nnet_utils/nnet_dense_latency.h:58]   --->   Operation 550 'sext' 'sext_ln58_883' <Predicate = true> <Delay = 0.00>
ST_3 : Operation 551 [1/1] (1.82ns)   --->   "%add_ln58_723 = add i7 %sext_ln73_39, i7 %sext_ln73_43" [firmware/nnet_utils/nnet_dense_latency.h:58]   --->   Operation 551 'add' 'add_ln58_723' <Predicate = true> <Delay = 1.82> <CoreInst = "Adder">   --->   Core 1 'Adder' <Latency = 0> <II = 1> <Delay = 1.87> <FuncUnit> <Opcode : 'add' 'sub'> <InPorts = 2> <OutPorts = 1>
ST_3 : Operation 552 [1/1] (0.00ns)   --->   "%sext_ln58_884 = sext i7 %add_ln58_723" [firmware/nnet_utils/nnet_dense_latency.h:58]   --->   Operation 552 'sext' 'sext_ln58_884' <Predicate = true> <Delay = 0.00>
ST_3 : Operation 553 [1/1] (1.82ns)   --->   "%add_ln58_724 = add i7 %sext_ln73_53, i7 %sext_ln73_54" [firmware/nnet_utils/nnet_dense_latency.h:58]   --->   Operation 553 'add' 'add_ln58_724' <Predicate = true> <Delay = 1.82> <CoreInst = "Adder">   --->   Core 1 'Adder' <Latency = 0> <II = 1> <Delay = 1.87> <FuncUnit> <Opcode : 'add' 'sub'> <InPorts = 2> <OutPorts = 1>
ST_3 : Operation 554 [1/1] (0.00ns)   --->   "%sext_ln58_885 = sext i7 %add_ln58_724" [firmware/nnet_utils/nnet_dense_latency.h:58]   --->   Operation 554 'sext' 'sext_ln58_885' <Predicate = true> <Delay = 0.00>
ST_3 : Operation 555 [1/1] (1.87ns)   --->   "%add_ln58_725 = add i8 %sext_ln58_885, i8 %sext_ln58_884" [firmware/nnet_utils/nnet_dense_latency.h:58]   --->   Operation 555 'add' 'add_ln58_725' <Predicate = true> <Delay = 1.87> <CoreInst = "Adder">   --->   Core 1 'Adder' <Latency = 0> <II = 1> <Delay = 1.91> <FuncUnit> <Opcode : 'add' 'sub'> <InPorts = 2> <OutPorts = 1>
ST_3 : Operation 556 [1/1] (0.00ns)   --->   "%sext_ln58_886 = sext i8 %add_ln58_725" [firmware/nnet_utils/nnet_dense_latency.h:58]   --->   Operation 556 'sext' 'sext_ln58_886' <Predicate = true> <Delay = 0.00>
ST_3 : Operation 557 [1/1] (1.91ns)   --->   "%add_ln58_726 = add i9 %sext_ln58_886, i9 %sext_ln58_883" [firmware/nnet_utils/nnet_dense_latency.h:58]   --->   Operation 557 'add' 'add_ln58_726' <Predicate = true> <Delay = 1.91> <CoreInst = "Adder">   --->   Core 1 'Adder' <Latency = 0> <II = 1> <Delay = 1.82> <FuncUnit> <Opcode : 'add' 'sub'> <InPorts = 2> <OutPorts = 1>
ST_3 : Operation 558 [1/1] (0.00ns)   --->   "%sext_ln58_887 = sext i9 %add_ln58_726" [firmware/nnet_utils/nnet_dense_latency.h:58]   --->   Operation 558 'sext' 'sext_ln58_887' <Predicate = true> <Delay = 0.00>
ST_3 : Operation 559 [1/1] (3.75ns) (root node of TernaryAdder)   --->   "%add_ln58_727 = add i11 %sext_ln58_887, i11 %add_ln58_721" [firmware/nnet_utils/nnet_dense_latency.h:58]   --->   Operation 559 'add' 'add_ln58_727' <Predicate = true> <Delay = 3.75> <CoreInst = "TAddSub">   --->   Core 10 'TAddSub' <Latency = 0> <II = 1> <Delay = 1.83> <IPBlock> <Opcode : 'add' 'sub'> <InPorts = 3> <OutPorts = 1> <Sync> <CReg>
ST_3 : Operation 560 [1/1] (0.00ns)   --->   "%sext_ln58_295 = sext i11 %add_ln58_727" [firmware/nnet_utils/nnet_dense_latency.h:58]   --->   Operation 560 'sext' 'sext_ln58_295' <Predicate = true> <Delay = 0.00>
ST_3 : Operation 561 [1/1] (0.00ns)   --->   "%sext_ln58_888 = sext i6 %data_30_val_read" [firmware/nnet_utils/nnet_dense_latency.h:58]   --->   Operation 561 'sext' 'sext_ln58_888' <Predicate = true> <Delay = 0.00>
ST_3 : Operation 562 [1/1] (0.00ns)   --->   "%sext_ln58_889 = sext i7 %shl_ln73_4" [firmware/nnet_utils/nnet_dense_latency.h:58]   --->   Operation 562 'sext' 'sext_ln58_889' <Predicate = true> <Delay = 0.00>
ST_3 : Operation 563 [1/1] (1.87ns)   --->   "%sub_ln58_358 = sub i8 %sext_ln58_847, i8 %sext_ln73_74" [firmware/nnet_utils/nnet_dense_latency.h:58]   --->   Operation 563 'sub' 'sub_ln58_358' <Predicate = true> <Delay = 1.87> <CoreInst = "Adder">   --->   Core 1 'Adder' <Latency = 0> <II = 1> <Delay = 1.91> <FuncUnit> <Opcode : 'add' 'sub'> <InPorts = 2> <OutPorts = 1>
ST_3 : Operation 564 [1/1] (0.00ns)   --->   "%sext_ln58_890 = sext i8 %sub_ln58_358" [firmware/nnet_utils/nnet_dense_latency.h:58]   --->   Operation 564 'sext' 'sext_ln58_890' <Predicate = true> <Delay = 0.00>
ST_3 : Operation 565 [1/1] (0.00ns) (grouped into TernaryAdder)   --->   "%add_ln58_728 = add i11 %sext_ln58_890, i11 %sext_ln58_258" [firmware/nnet_utils/nnet_dense_latency.h:58]   --->   Operation 565 'add' 'add_ln58_728' <Predicate = true> <Delay = 0.00> <CoreInst = "TAddSub">   --->   Core 10 'TAddSub' <Latency = 0> <II = 1> <Delay = 1.83> <IPBlock> <Opcode : 'add' 'sub'> <InPorts = 3> <OutPorts = 1> <Sync> <CReg>
ST_3 : Operation 566 [1/1] (1.87ns)   --->   "%sub_ln58_313 = sub i8 %sext_ln73_77, i8 %sext_ln58_891" [firmware/nnet_utils/nnet_dense_latency.h:58]   --->   Operation 566 'sub' 'sub_ln58_313' <Predicate = true> <Delay = 1.87> <CoreInst = "Adder">   --->   Core 1 'Adder' <Latency = 0> <II = 1> <Delay = 1.91> <FuncUnit> <Opcode : 'add' 'sub'> <InPorts = 2> <OutPorts = 1>
ST_3 : Operation 567 [1/1] (0.00ns)   --->   "%sext_ln58_892 = sext i8 %sub_ln58_313" [firmware/nnet_utils/nnet_dense_latency.h:58]   --->   Operation 567 'sext' 'sext_ln58_892' <Predicate = true> <Delay = 0.00>
ST_3 : Operation 568 [1/1] (1.87ns)   --->   "%add_ln58_729 = add i8 %sext_ln58_889, i8 %sext_ln73_57" [firmware/nnet_utils/nnet_dense_latency.h:58]   --->   Operation 568 'add' 'add_ln58_729' <Predicate = true> <Delay = 1.87> <CoreInst = "Adder">   --->   Core 1 'Adder' <Latency = 0> <II = 1> <Delay = 1.91> <FuncUnit> <Opcode : 'add' 'sub'> <InPorts = 2> <OutPorts = 1>
ST_3 : Operation 569 [1/1] (0.00ns)   --->   "%sext_ln58_893 = sext i8 %add_ln58_729" [firmware/nnet_utils/nnet_dense_latency.h:58]   --->   Operation 569 'sext' 'sext_ln58_893' <Predicate = true> <Delay = 0.00>
ST_3 : Operation 570 [1/1] (1.91ns)   --->   "%add_ln58_730 = add i9 %sext_ln58_893, i9 %sext_ln58_892" [firmware/nnet_utils/nnet_dense_latency.h:58]   --->   Operation 570 'add' 'add_ln58_730' <Predicate = true> <Delay = 1.91> <CoreInst = "Adder">   --->   Core 1 'Adder' <Latency = 0> <II = 1> <Delay = 1.82> <FuncUnit> <Opcode : 'add' 'sub'> <InPorts = 2> <OutPorts = 1>
ST_3 : Operation 571 [1/1] (0.00ns)   --->   "%sext_ln58_894 = sext i9 %add_ln58_730" [firmware/nnet_utils/nnet_dense_latency.h:58]   --->   Operation 571 'sext' 'sext_ln58_894' <Predicate = true> <Delay = 0.00>
ST_3 : Operation 572 [1/1] (3.75ns) (root node of TernaryAdder)   --->   "%add_ln58_731 = add i11 %sext_ln58_894, i11 %add_ln58_728" [firmware/nnet_utils/nnet_dense_latency.h:58]   --->   Operation 572 'add' 'add_ln58_731' <Predicate = true> <Delay = 3.75> <CoreInst = "TAddSub">   --->   Core 10 'TAddSub' <Latency = 0> <II = 1> <Delay = 1.83> <IPBlock> <Opcode : 'add' 'sub'> <InPorts = 3> <OutPorts = 1> <Sync> <CReg>
ST_3 : Operation 573 [1/1] (0.00ns)   --->   "%sext_ln58_299 = sext i11 %add_ln58_731" [firmware/nnet_utils/nnet_dense_latency.h:58]   --->   Operation 573 'sext' 'sext_ln58_299' <Predicate = true> <Delay = 0.00>
ST_3 : Operation 574 [1/1] (0.00ns)   --->   "%sext_ln58_300 = sext i10 %add_ln58_734" [firmware/nnet_utils/nnet_dense_latency.h:58]   --->   Operation 574 'sext' 'sext_ln58_300' <Predicate = true> <Delay = 0.00>
ST_3 : Operation 575 [1/1] (0.00ns)   --->   "%sext_ln58_899 = sext i8 %sub_ln73_82" [firmware/nnet_utils/nnet_dense_latency.h:58]   --->   Operation 575 'sext' 'sext_ln58_899' <Predicate = true> <Delay = 0.00>
ST_3 : Operation 576 [1/1] (1.91ns)   --->   "%sub_ln58_360 = sub i9 %sext_ln58_899, i9 %sext_ln58_876" [firmware/nnet_utils/nnet_dense_latency.h:58]   --->   Operation 576 'sub' 'sub_ln58_360' <Predicate = true> <Delay = 1.91> <CoreInst = "Adder">   --->   Core 1 'Adder' <Latency = 0> <II = 1> <Delay = 1.82> <FuncUnit> <Opcode : 'add' 'sub'> <InPorts = 2> <OutPorts = 1>
ST_3 : Operation 577 [1/1] (0.00ns)   --->   "%sext_ln58_900 = sext i9 %sub_ln58_360" [firmware/nnet_utils/nnet_dense_latency.h:58]   --->   Operation 577 'sext' 'sext_ln58_900' <Predicate = true> <Delay = 0.00>
ST_3 : Operation 578 [1/1] (1.73ns)   --->   "%add_ln58_735 = add i11 %sext_ln58_900, i11 %sext_ln58_300" [firmware/nnet_utils/nnet_dense_latency.h:58]   --->   Operation 578 'add' 'add_ln58_735' <Predicate = true> <Delay = 1.73> <CoreInst = "Adder">   --->   Core 1 'Adder' <Latency = 0> <II = 1> <Delay = 1.63> <FuncUnit> <Opcode : 'add' 'sub'> <InPorts = 2> <OutPorts = 1>
ST_3 : Operation 579 [1/1] (0.00ns)   --->   "%sext_ln58_901 = sext i7 %sub_ln73_64" [firmware/nnet_utils/nnet_dense_latency.h:58]   --->   Operation 579 'sext' 'sext_ln58_901' <Predicate = true> <Delay = 0.00>
ST_3 : Operation 580 [1/1] (1.87ns)   --->   "%sub_ln58_314 = sub i8 %sext_ln58_901, i8 %sext_ln73_35" [firmware/nnet_utils/nnet_dense_latency.h:58]   --->   Operation 580 'sub' 'sub_ln58_314' <Predicate = true> <Delay = 1.87> <CoreInst = "Adder">   --->   Core 1 'Adder' <Latency = 0> <II = 1> <Delay = 1.91> <FuncUnit> <Opcode : 'add' 'sub'> <InPorts = 2> <OutPorts = 1>
ST_3 : Operation 581 [1/1] (0.00ns)   --->   "%sext_ln58_902 = sext i7 %shl_ln73_7" [firmware/nnet_utils/nnet_dense_latency.h:58]   --->   Operation 581 'sext' 'sext_ln58_902' <Predicate = true> <Delay = 0.00>
ST_3 : Operation 582 [1/1] (0.00ns)   --->   "%sext_ln58_910 = sext i8 %sub_ln58_314" [firmware/nnet_utils/nnet_dense_latency.h:58]   --->   Operation 582 'sext' 'sext_ln58_910' <Predicate = true> <Delay = 0.00>
ST_3 : Operation 583 [1/1] (1.91ns)   --->   "%sub_ln58_361 = sub i9 %sext_ln58_910, i9 %sext_ln58_902" [firmware/nnet_utils/nnet_dense_latency.h:58]   --->   Operation 583 'sub' 'sub_ln58_361' <Predicate = true> <Delay = 1.91> <CoreInst = "Adder">   --->   Core 1 'Adder' <Latency = 0> <II = 1> <Delay = 1.82> <FuncUnit> <Opcode : 'add' 'sub'> <InPorts = 2> <OutPorts = 1>
ST_3 : Operation 584 [1/1] (0.00ns)   --->   "%sext_ln58_903 = sext i9 %sub_ln58_361" [firmware/nnet_utils/nnet_dense_latency.h:58]   --->   Operation 584 'sext' 'sext_ln58_903' <Predicate = true> <Delay = 0.00>
ST_3 : Operation 585 [1/1] (0.00ns) (grouped into TernaryAdder)   --->   "%add_ln58_736 = add i11 %sext_ln58_903, i11 %add_ln58_735" [firmware/nnet_utils/nnet_dense_latency.h:58]   --->   Operation 585 'add' 'add_ln58_736' <Predicate = true> <Delay = 0.00> <CoreInst = "TAddSub">   --->   Core 10 'TAddSub' <Latency = 0> <II = 1> <Delay = 1.83> <IPBlock> <Opcode : 'add' 'sub'> <InPorts = 3> <OutPorts = 1> <Sync> <CReg>
ST_3 : Operation 586 [1/1] (1.82ns)   --->   "%sub_ln58_315 = sub i7 %sext_ln73_43, i7 %sext_ln73_56" [firmware/nnet_utils/nnet_dense_latency.h:58]   --->   Operation 586 'sub' 'sub_ln58_315' <Predicate = true> <Delay = 1.82> <CoreInst = "Adder">   --->   Core 1 'Adder' <Latency = 0> <II = 1> <Delay = 1.87> <FuncUnit> <Opcode : 'add' 'sub'> <InPorts = 2> <OutPorts = 1>
ST_3 : Operation 587 [1/1] (0.00ns)   --->   "%sext_ln58_904 = sext i7 %sub_ln58_315" [firmware/nnet_utils/nnet_dense_latency.h:58]   --->   Operation 587 'sext' 'sext_ln58_904' <Predicate = true> <Delay = 0.00>
ST_3 : Operation 588 [1/1] (1.87ns)   --->   "%sub_ln58_316 = sub i8 %sext_ln58_904, i8 %sext_ln73_52" [firmware/nnet_utils/nnet_dense_latency.h:58]   --->   Operation 588 'sub' 'sub_ln58_316' <Predicate = true> <Delay = 1.87> <CoreInst = "Adder">   --->   Core 1 'Adder' <Latency = 0> <II = 1> <Delay = 1.91> <FuncUnit> <Opcode : 'add' 'sub'> <InPorts = 2> <OutPorts = 1>
ST_3 : Operation 589 [1/1] (0.00ns)   --->   "%sext_ln58_905 = sext i8 %sub_ln58_316" [firmware/nnet_utils/nnet_dense_latency.h:58]   --->   Operation 589 'sext' 'sext_ln58_905' <Predicate = true> <Delay = 0.00>
ST_3 : Operation 590 [1/1] (1.82ns)   --->   "%add_ln58_737 = add i7 %sext_ln73_44, i7 %sext_ln73_54" [firmware/nnet_utils/nnet_dense_latency.h:58]   --->   Operation 590 'add' 'add_ln58_737' <Predicate = true> <Delay = 1.82> <CoreInst = "Adder">   --->   Core 1 'Adder' <Latency = 0> <II = 1> <Delay = 1.87> <FuncUnit> <Opcode : 'add' 'sub'> <InPorts = 2> <OutPorts = 1>
ST_3 : Operation 591 [1/1] (0.00ns)   --->   "%sext_ln58_906 = sext i7 %add_ln58_737" [firmware/nnet_utils/nnet_dense_latency.h:58]   --->   Operation 591 'sext' 'sext_ln58_906' <Predicate = true> <Delay = 0.00>
ST_3 : Operation 592 [1/1] (1.82ns)   --->   "%add_ln58_738 = add i7 %sext_ln58_851, i7 %sext_ln73_62" [firmware/nnet_utils/nnet_dense_latency.h:58]   --->   Operation 592 'add' 'add_ln58_738' <Predicate = true> <Delay = 1.82> <CoreInst = "Adder">   --->   Core 1 'Adder' <Latency = 0> <II = 1> <Delay = 1.87> <FuncUnit> <Opcode : 'add' 'sub'> <InPorts = 2> <OutPorts = 1>
ST_3 : Operation 593 [1/1] (0.00ns)   --->   "%sext_ln58_907 = sext i7 %add_ln58_738" [firmware/nnet_utils/nnet_dense_latency.h:58]   --->   Operation 593 'sext' 'sext_ln58_907' <Predicate = true> <Delay = 0.00>
ST_3 : Operation 594 [1/1] (1.87ns)   --->   "%add_ln58_739 = add i8 %sext_ln58_907, i8 %sext_ln58_906" [firmware/nnet_utils/nnet_dense_latency.h:58]   --->   Operation 594 'add' 'add_ln58_739' <Predicate = true> <Delay = 1.87> <CoreInst = "Adder">   --->   Core 1 'Adder' <Latency = 0> <II = 1> <Delay = 1.91> <FuncUnit> <Opcode : 'add' 'sub'> <InPorts = 2> <OutPorts = 1>
ST_3 : Operation 595 [1/1] (0.00ns)   --->   "%sext_ln58_908 = sext i8 %add_ln58_739" [firmware/nnet_utils/nnet_dense_latency.h:58]   --->   Operation 595 'sext' 'sext_ln58_908' <Predicate = true> <Delay = 0.00>
ST_3 : Operation 596 [1/1] (1.91ns)   --->   "%add_ln58_740 = add i9 %sext_ln58_908, i9 %sext_ln58_905" [firmware/nnet_utils/nnet_dense_latency.h:58]   --->   Operation 596 'add' 'add_ln58_740' <Predicate = true> <Delay = 1.91> <CoreInst = "Adder">   --->   Core 1 'Adder' <Latency = 0> <II = 1> <Delay = 1.82> <FuncUnit> <Opcode : 'add' 'sub'> <InPorts = 2> <OutPorts = 1>
ST_3 : Operation 597 [1/1] (0.00ns)   --->   "%sext_ln58_909 = sext i9 %add_ln58_740" [firmware/nnet_utils/nnet_dense_latency.h:58]   --->   Operation 597 'sext' 'sext_ln58_909' <Predicate = true> <Delay = 0.00>
ST_3 : Operation 598 [1/1] (3.75ns) (root node of TernaryAdder)   --->   "%add_ln58_741 = add i11 %sext_ln58_909, i11 %add_ln58_736" [firmware/nnet_utils/nnet_dense_latency.h:58]   --->   Operation 598 'add' 'add_ln58_741' <Predicate = true> <Delay = 3.75> <CoreInst = "TAddSub">   --->   Core 10 'TAddSub' <Latency = 0> <II = 1> <Delay = 1.83> <IPBlock> <Opcode : 'add' 'sub'> <InPorts = 3> <OutPorts = 1> <Sync> <CReg>
ST_3 : Operation 599 [1/1] (0.00ns)   --->   "%sext_ln58_301 = sext i11 %add_ln58_741" [firmware/nnet_utils/nnet_dense_latency.h:58]   --->   Operation 599 'sext' 'sext_ln58_301' <Predicate = true> <Delay = 0.00>
ST_3 : Operation 600 [1/1] (0.00ns)   --->   "%sext_ln58_975 = sext i7 %tmp_300" [firmware/nnet_utils/nnet_dense_latency.h:58]   --->   Operation 600 'sext' 'sext_ln58_975' <Predicate = true> <Delay = 0.00>
ST_3 : Operation 601 [1/1] (0.00ns)   --->   "%sext_ln58_1004 = sext i10 %add_ln58_679" [firmware/nnet_utils/nnet_dense_latency.h:58]   --->   Operation 601 'sext' 'sext_ln58_1004' <Predicate = true> <Delay = 0.00>
ST_3 : Operation 602 [1/1] (1.73ns)   --->   "%sub_ln58_362 = sub i11 %sext_ln58_1004, i11 %sext_ln58_975" [firmware/nnet_utils/nnet_dense_latency.h:58]   --->   Operation 602 'sub' 'sub_ln58_362' <Predicate = true> <Delay = 1.73> <CoreInst = "Adder">   --->   Core 1 'Adder' <Latency = 0> <II = 1> <Delay = 1.63> <FuncUnit> <Opcode : 'add' 'sub'> <InPorts = 2> <OutPorts = 1>
ST_3 : Operation 603 [1/1] (1.87ns)   --->   "%sub_ln58_363 = sub i8 %sext_ln73_68, i8 %sext_ln73_75" [firmware/nnet_utils/nnet_dense_latency.h:58]   --->   Operation 603 'sub' 'sub_ln58_363' <Predicate = true> <Delay = 1.87> <CoreInst = "Adder">   --->   Core 1 'Adder' <Latency = 0> <II = 1> <Delay = 1.91> <FuncUnit> <Opcode : 'add' 'sub'> <InPorts = 2> <OutPorts = 1>
ST_3 : Operation 604 [1/1] (0.00ns)   --->   "%sext_ln58_1018 = sext i8 %sub_ln58_363" [firmware/nnet_utils/nnet_dense_latency.h:58]   --->   Operation 604 'sext' 'sext_ln58_1018' <Predicate = true> <Delay = 0.00>
ST_3 : Operation 605 [1/1] (1.91ns)   --->   "%sub_ln58_364 = sub i9 %sext_ln58_1018, i9 %sext_ln58_840" [firmware/nnet_utils/nnet_dense_latency.h:58]   --->   Operation 605 'sub' 'sub_ln58_364' <Predicate = true> <Delay = 1.91> <CoreInst = "Adder">   --->   Core 1 'Adder' <Latency = 0> <II = 1> <Delay = 1.82> <FuncUnit> <Opcode : 'add' 'sub'> <InPorts = 2> <OutPorts = 1>
ST_3 : Operation 606 [1/1] (0.00ns)   --->   "%sext_ln58_911 = sext i9 %sub_ln58_364" [firmware/nnet_utils/nnet_dense_latency.h:58]   --->   Operation 606 'sext' 'sext_ln58_911' <Predicate = true> <Delay = 0.00>
ST_3 : Operation 607 [1/1] (0.00ns) (grouped into TernaryAdder)   --->   "%add_ln58_742 = add i11 %sext_ln58_911, i11 %sub_ln58_362" [firmware/nnet_utils/nnet_dense_latency.h:58]   --->   Operation 607 'add' 'add_ln58_742' <Predicate = true> <Delay = 0.00> <CoreInst = "TAddSub">   --->   Core 10 'TAddSub' <Latency = 0> <II = 1> <Delay = 1.83> <IPBlock> <Opcode : 'add' 'sub'> <InPorts = 3> <OutPorts = 1> <Sync> <CReg>
ST_3 : Operation 608 [1/1] (0.00ns)   --->   "%sext_ln58_912 = sext i6 %data_20_val_read" [firmware/nnet_utils/nnet_dense_latency.h:58]   --->   Operation 608 'sext' 'sext_ln58_912' <Predicate = true> <Delay = 0.00>
ST_3 : Operation 609 [1/1] (1.87ns)   --->   "%sub_ln58_317 = sub i8 %sext_ln58_827, i8 %sext_ln58_912" [firmware/nnet_utils/nnet_dense_latency.h:58]   --->   Operation 609 'sub' 'sub_ln58_317' <Predicate = true> <Delay = 1.87> <CoreInst = "Adder">   --->   Core 1 'Adder' <Latency = 0> <II = 1> <Delay = 1.91> <FuncUnit> <Opcode : 'add' 'sub'> <InPorts = 2> <OutPorts = 1>
ST_3 : Operation 610 [1/1] (0.00ns)   --->   "%sext_ln58_913 = sext i8 %sub_ln58_317" [firmware/nnet_utils/nnet_dense_latency.h:58]   --->   Operation 610 'sext' 'sext_ln58_913' <Predicate = true> <Delay = 0.00>
ST_3 : Operation 611 [1/1] (0.00ns) (grouped into TernaryAdder)   --->   "%add_ln58_743 = add i9 %sext_ln58_913, i9 %sext_ln58_825" [firmware/nnet_utils/nnet_dense_latency.h:58]   --->   Operation 611 'add' 'add_ln58_743' <Predicate = true> <Delay = 0.00> <CoreInst = "TAddSub">   --->   Core 10 'TAddSub' <Latency = 0> <II = 1> <Delay = 1.83> <IPBlock> <Opcode : 'add' 'sub'> <InPorts = 3> <OutPorts = 1> <Sync> <CReg>
ST_3 : Operation 612 [1/1] (1.82ns)   --->   "%add_ln58_744 = add i7 %sext_ln73_56, i7 %sext_ln58_851" [firmware/nnet_utils/nnet_dense_latency.h:58]   --->   Operation 612 'add' 'add_ln58_744' <Predicate = true> <Delay = 1.82> <CoreInst = "Adder">   --->   Core 1 'Adder' <Latency = 0> <II = 1> <Delay = 1.87> <FuncUnit> <Opcode : 'add' 'sub'> <InPorts = 2> <OutPorts = 1>
ST_3 : Operation 613 [1/1] (0.00ns)   --->   "%sext_ln58_914 = sext i7 %add_ln58_744" [firmware/nnet_utils/nnet_dense_latency.h:58]   --->   Operation 613 'sext' 'sext_ln58_914' <Predicate = true> <Delay = 0.00>
ST_3 : Operation 614 [1/1] (1.87ns)   --->   "%add_ln58_745 = add i8 %sext_ln58_914, i8 %sext_ln73_45" [firmware/nnet_utils/nnet_dense_latency.h:58]   --->   Operation 614 'add' 'add_ln58_745' <Predicate = true> <Delay = 1.87> <CoreInst = "Adder">   --->   Core 1 'Adder' <Latency = 0> <II = 1> <Delay = 1.91> <FuncUnit> <Opcode : 'add' 'sub'> <InPorts = 2> <OutPorts = 1>
ST_3 : Operation 615 [1/1] (0.00ns)   --->   "%sext_ln58_915 = sext i8 %add_ln58_745" [firmware/nnet_utils/nnet_dense_latency.h:58]   --->   Operation 615 'sext' 'sext_ln58_915' <Predicate = true> <Delay = 0.00>
ST_3 : Operation 616 [1/1] (3.69ns) (root node of TernaryAdder)   --->   "%add_ln58_746 = add i9 %sext_ln58_915, i9 %add_ln58_743" [firmware/nnet_utils/nnet_dense_latency.h:58]   --->   Operation 616 'add' 'add_ln58_746' <Predicate = true> <Delay = 3.69> <CoreInst = "TAddSub">   --->   Core 10 'TAddSub' <Latency = 0> <II = 1> <Delay = 1.83> <IPBlock> <Opcode : 'add' 'sub'> <InPorts = 3> <OutPorts = 1> <Sync> <CReg>
ST_3 : Operation 617 [1/1] (0.00ns)   --->   "%sext_ln58_916 = sext i9 %add_ln58_746" [firmware/nnet_utils/nnet_dense_latency.h:58]   --->   Operation 617 'sext' 'sext_ln58_916' <Predicate = true> <Delay = 0.00>
ST_3 : Operation 618 [1/1] (3.75ns) (root node of TernaryAdder)   --->   "%add_ln58_747 = add i11 %sext_ln58_916, i11 %add_ln58_742" [firmware/nnet_utils/nnet_dense_latency.h:58]   --->   Operation 618 'add' 'add_ln58_747' <Predicate = true> <Delay = 3.75> <CoreInst = "TAddSub">   --->   Core 10 'TAddSub' <Latency = 0> <II = 1> <Delay = 1.83> <IPBlock> <Opcode : 'add' 'sub'> <InPorts = 3> <OutPorts = 1> <Sync> <CReg>
ST_3 : Operation 619 [1/1] (0.00ns)   --->   "%sext_ln58_302 = sext i11 %add_ln58_747" [firmware/nnet_utils/nnet_dense_latency.h:58]   --->   Operation 619 'sext' 'sext_ln58_302' <Predicate = true> <Delay = 0.00>
ST_3 : Operation 620 [1/1] (1.87ns)   --->   "%sub_ln58_318 = sub i8 %sext_ln73_77, i8 %sext_ln73_63" [firmware/nnet_utils/nnet_dense_latency.h:58]   --->   Operation 620 'sub' 'sub_ln58_318' <Predicate = true> <Delay = 1.87> <CoreInst = "Adder">   --->   Core 1 'Adder' <Latency = 0> <II = 1> <Delay = 1.91> <FuncUnit> <Opcode : 'add' 'sub'> <InPorts = 2> <OutPorts = 1>
ST_3 : Operation 621 [1/1] (0.00ns)   --->   "%sext_ln58_917 = sext i8 %sub_ln58_318" [firmware/nnet_utils/nnet_dense_latency.h:58]   --->   Operation 621 'sext' 'sext_ln58_917' <Predicate = true> <Delay = 0.00>
ST_3 : Operation 622 [1/1] (1.63ns)   --->   "%add_ln58_748 = add i12 %sext_ln58_917, i12 %sext_ln58_302" [firmware/nnet_utils/nnet_dense_latency.h:58]   --->   Operation 622 'add' 'add_ln58_748' <Predicate = true> <Delay = 1.63> <CoreInst = "Adder">   --->   Core 1 'Adder' <Latency = 0> <II = 1> <Delay = 1.54> <FuncUnit> <Opcode : 'add' 'sub'> <InPorts = 2> <OutPorts = 1>
ST_3 : Operation 623 [1/1] (0.00ns)   --->   "%sext_ln58_303 = sext i12 %add_ln58_748" [firmware/nnet_utils/nnet_dense_latency.h:58]   --->   Operation 623 'sext' 'sext_ln58_303' <Predicate = true> <Delay = 0.00>
ST_3 : Operation 624 [1/1] (1.87ns)   --->   "%sub_ln58_365 = sub i8 %sext_ln73_70, i8 %sext_ln73_71" [firmware/nnet_utils/nnet_dense_latency.h:58]   --->   Operation 624 'sub' 'sub_ln58_365' <Predicate = true> <Delay = 1.87> <CoreInst = "Adder">   --->   Core 1 'Adder' <Latency = 0> <II = 1> <Delay = 1.91> <FuncUnit> <Opcode : 'add' 'sub'> <InPorts = 2> <OutPorts = 1>
ST_3 : Operation 625 [1/1] (0.00ns)   --->   "%sext_ln58_918 = sext i8 %sub_ln58_365" [firmware/nnet_utils/nnet_dense_latency.h:58]   --->   Operation 625 'sext' 'sext_ln58_918' <Predicate = true> <Delay = 0.00>
ST_3 : Operation 626 [1/1] (0.00ns) (grouped into TernaryAdder)   --->   "%add_ln58_749 = add i10 %sext_ln58_918, i10 %sext_ln58_211" [firmware/nnet_utils/nnet_dense_latency.h:58]   --->   Operation 626 'add' 'add_ln58_749' <Predicate = true> <Delay = 0.00> <CoreInst = "TAddSub">   --->   Core 10 'TAddSub' <Latency = 0> <II = 1> <Delay = 1.83> <IPBlock> <Opcode : 'add' 'sub'> <InPorts = 3> <OutPorts = 1> <Sync> <CReg>
ST_3 : Operation 627 [1/1] (0.00ns)   --->   "%sext_ln58_921 = sext i8 %add_ln58_751" [firmware/nnet_utils/nnet_dense_latency.h:58]   --->   Operation 627 'sext' 'sext_ln58_921' <Predicate = true> <Delay = 0.00>
ST_3 : Operation 628 [1/1] (3.72ns) (root node of TernaryAdder)   --->   "%add_ln58_752 = add i10 %sext_ln58_921, i10 %add_ln58_749" [firmware/nnet_utils/nnet_dense_latency.h:58]   --->   Operation 628 'add' 'add_ln58_752' <Predicate = true> <Delay = 3.72> <CoreInst = "TAddSub">   --->   Core 10 'TAddSub' <Latency = 0> <II = 1> <Delay = 1.83> <IPBlock> <Opcode : 'add' 'sub'> <InPorts = 3> <OutPorts = 1> <Sync> <CReg>
ST_3 : Operation 629 [1/1] (0.00ns)   --->   "%sext_ln58_922 = sext i10 %add_ln58_752" [firmware/nnet_utils/nnet_dense_latency.h:58]   --->   Operation 629 'sext' 'sext_ln58_922' <Predicate = true> <Delay = 0.00>
ST_3 : Operation 630 [1/1] (0.00ns) (grouped into TernaryAdder)   --->   "%sub_ln58_320 = sub i11 %sext_ln58_922, i11 %sext_ln58_256" [firmware/nnet_utils/nnet_dense_latency.h:58]   --->   Operation 630 'sub' 'sub_ln58_320' <Predicate = true> <Delay = 0.00> <CoreInst = "TAddSub">   --->   Core 10 'TAddSub' <Latency = 0> <II = 1> <Delay = 1.83> <IPBlock> <Opcode : 'add' 'sub'> <InPorts = 3> <OutPorts = 1> <Sync> <CReg>
ST_3 : Operation 631 [1/1] (3.75ns) (root node of TernaryAdder)   --->   "%add_ln58_753 = add i11 %sub_ln58_320, i11 %sext_ln17_175" [firmware/nnet_utils/nnet_dense_latency.h:58]   --->   Operation 631 'add' 'add_ln58_753' <Predicate = true> <Delay = 3.75> <CoreInst = "TAddSub">   --->   Core 10 'TAddSub' <Latency = 0> <II = 1> <Delay = 1.83> <IPBlock> <Opcode : 'add' 'sub'> <InPorts = 3> <OutPorts = 1> <Sync> <CReg>
ST_3 : Operation 632 [1/1] (1.87ns)   --->   "%sub_ln58_321 = sub i8 %sext_ln58_845, i8 %sext_ln73_55" [firmware/nnet_utils/nnet_dense_latency.h:58]   --->   Operation 632 'sub' 'sub_ln58_321' <Predicate = true> <Delay = 1.87> <CoreInst = "Adder">   --->   Core 1 'Adder' <Latency = 0> <II = 1> <Delay = 1.91> <FuncUnit> <Opcode : 'add' 'sub'> <InPorts = 2> <OutPorts = 1>
ST_3 : Operation 633 [1/1] (0.00ns)   --->   "%sext_ln58_923 = sext i8 %sub_ln58_321" [firmware/nnet_utils/nnet_dense_latency.h:58]   --->   Operation 633 'sext' 'sext_ln58_923' <Predicate = true> <Delay = 0.00>
ST_3 : Operation 634 [1/1] (0.00ns) (grouped into TernaryAdder)   --->   "%add_ln58_754 = add i11 %sext_ln58_923, i11 %add_ln58_753" [firmware/nnet_utils/nnet_dense_latency.h:58]   --->   Operation 634 'add' 'add_ln58_754' <Predicate = true> <Delay = 0.00> <CoreInst = "TAddSub">   --->   Core 10 'TAddSub' <Latency = 0> <II = 1> <Delay = 1.83> <IPBlock> <Opcode : 'add' 'sub'> <InPorts = 3> <OutPorts = 1> <Sync> <CReg>
ST_3 : Operation 635 [1/1] (0.00ns)   --->   "%sext_ln58_924 = sext i7 %sub_ln73_71" [firmware/nnet_utils/nnet_dense_latency.h:58]   --->   Operation 635 'sext' 'sext_ln58_924' <Predicate = true> <Delay = 0.00>
ST_3 : Operation 636 [1/1] (1.87ns)   --->   "%sub_ln58_322 = sub i8 %sext_ln58_924, i8 %sext_ln58_891" [firmware/nnet_utils/nnet_dense_latency.h:58]   --->   Operation 636 'sub' 'sub_ln58_322' <Predicate = true> <Delay = 1.87> <CoreInst = "Adder">   --->   Core 1 'Adder' <Latency = 0> <II = 1> <Delay = 1.91> <FuncUnit> <Opcode : 'add' 'sub'> <InPorts = 2> <OutPorts = 1>
ST_3 : Operation 637 [1/1] (0.00ns)   --->   "%sext_ln58_925 = sext i8 %sub_ln58_322" [firmware/nnet_utils/nnet_dense_latency.h:58]   --->   Operation 637 'sext' 'sext_ln58_925' <Predicate = true> <Delay = 0.00>
ST_3 : Operation 638 [1/1] (1.82ns)   --->   "%add_ln58_755 = add i7 %sext_ln73_62, i7 %sext_ln73_64" [firmware/nnet_utils/nnet_dense_latency.h:58]   --->   Operation 638 'add' 'add_ln58_755' <Predicate = true> <Delay = 1.82> <CoreInst = "Adder">   --->   Core 1 'Adder' <Latency = 0> <II = 1> <Delay = 1.87> <FuncUnit> <Opcode : 'add' 'sub'> <InPorts = 2> <OutPorts = 1>
ST_3 : Operation 639 [1/1] (0.00ns)   --->   "%sext_ln58_926 = sext i7 %add_ln58_755" [firmware/nnet_utils/nnet_dense_latency.h:58]   --->   Operation 639 'sext' 'sext_ln58_926' <Predicate = true> <Delay = 0.00>
ST_3 : Operation 640 [1/1] (1.87ns)   --->   "%add_ln58_756 = add i8 %sext_ln58_926, i8 %sext_ln58_850" [firmware/nnet_utils/nnet_dense_latency.h:58]   --->   Operation 640 'add' 'add_ln58_756' <Predicate = true> <Delay = 1.87> <CoreInst = "Adder">   --->   Core 1 'Adder' <Latency = 0> <II = 1> <Delay = 1.91> <FuncUnit> <Opcode : 'add' 'sub'> <InPorts = 2> <OutPorts = 1>
ST_3 : Operation 641 [1/1] (0.00ns)   --->   "%sext_ln58_927 = sext i8 %add_ln58_756" [firmware/nnet_utils/nnet_dense_latency.h:58]   --->   Operation 641 'sext' 'sext_ln58_927' <Predicate = true> <Delay = 0.00>
ST_3 : Operation 642 [1/1] (1.91ns)   --->   "%add_ln58_757 = add i9 %sext_ln58_927, i9 %sext_ln58_925" [firmware/nnet_utils/nnet_dense_latency.h:58]   --->   Operation 642 'add' 'add_ln58_757' <Predicate = true> <Delay = 1.91> <CoreInst = "Adder">   --->   Core 1 'Adder' <Latency = 0> <II = 1> <Delay = 1.82> <FuncUnit> <Opcode : 'add' 'sub'> <InPorts = 2> <OutPorts = 1>
ST_3 : Operation 643 [1/1] (0.00ns)   --->   "%sext_ln58_928 = sext i9 %add_ln58_757" [firmware/nnet_utils/nnet_dense_latency.h:58]   --->   Operation 643 'sext' 'sext_ln58_928' <Predicate = true> <Delay = 0.00>
ST_3 : Operation 644 [1/1] (3.75ns) (root node of TernaryAdder)   --->   "%add_ln58_758 = add i11 %sext_ln58_928, i11 %add_ln58_754" [firmware/nnet_utils/nnet_dense_latency.h:58]   --->   Operation 644 'add' 'add_ln58_758' <Predicate = true> <Delay = 3.75> <CoreInst = "TAddSub">   --->   Core 10 'TAddSub' <Latency = 0> <II = 1> <Delay = 1.83> <IPBlock> <Opcode : 'add' 'sub'> <InPorts = 3> <OutPorts = 1> <Sync> <CReg>
ST_3 : Operation 645 [1/1] (0.00ns)   --->   "%sext_ln58_305 = sext i11 %add_ln58_758" [firmware/nnet_utils/nnet_dense_latency.h:58]   --->   Operation 645 'sext' 'sext_ln58_305' <Predicate = true> <Delay = 0.00>
ST_3 : Operation 646 [1/1] (0.00ns)   --->   "%sext_ln58_933 = sext i10 %add_ln58_764" [firmware/nnet_utils/nnet_dense_latency.h:58]   --->   Operation 646 'sext' 'sext_ln58_933' <Predicate = true> <Delay = 0.00>
ST_3 : Operation 647 [1/1] (0.00ns) (grouped into TernaryAdder)   --->   "%sub_ln58_323 = sub i11 %sext_ln58_933, i11 %sext_ln58_239" [firmware/nnet_utils/nnet_dense_latency.h:58]   --->   Operation 647 'sub' 'sub_ln58_323' <Predicate = true> <Delay = 0.00> <CoreInst = "TAddSub">   --->   Core 10 'TAddSub' <Latency = 0> <II = 1> <Delay = 1.83> <IPBlock> <Opcode : 'add' 'sub'> <InPorts = 3> <OutPorts = 1> <Sync> <CReg>
ST_3 : Operation 648 [1/1] (3.75ns) (root node of TernaryAdder)   --->   "%add_ln58_765 = add i11 %sub_ln58_323, i11 %sext_ln58_290" [firmware/nnet_utils/nnet_dense_latency.h:58]   --->   Operation 648 'add' 'add_ln58_765' <Predicate = true> <Delay = 3.75> <CoreInst = "TAddSub">   --->   Core 10 'TAddSub' <Latency = 0> <II = 1> <Delay = 1.83> <IPBlock> <Opcode : 'add' 'sub'> <InPorts = 3> <OutPorts = 1> <Sync> <CReg>
ST_3 : Operation 649 [1/1] (0.00ns)   --->   "%sext_ln58_934 = sext i8 %sub_ln58_311" [firmware/nnet_utils/nnet_dense_latency.h:58]   --->   Operation 649 'sext' 'sext_ln58_934' <Predicate = true> <Delay = 0.00>
ST_3 : Operation 650 [1/1] (0.00ns) (grouped into TernaryAdder)   --->   "%add_ln58_766 = add i11 %sext_ln58_934, i11 %add_ln58_765" [firmware/nnet_utils/nnet_dense_latency.h:58]   --->   Operation 650 'add' 'add_ln58_766' <Predicate = true> <Delay = 0.00> <CoreInst = "TAddSub">   --->   Core 10 'TAddSub' <Latency = 0> <II = 1> <Delay = 1.83> <IPBlock> <Opcode : 'add' 'sub'> <InPorts = 3> <OutPorts = 1> <Sync> <CReg>
ST_3 : Operation 651 [1/1] (0.00ns)   --->   "%sext_ln58_935 = sext i8 %sub_ln58_321" [firmware/nnet_utils/nnet_dense_latency.h:58]   --->   Operation 651 'sext' 'sext_ln58_935' <Predicate = true> <Delay = 0.00>
ST_3 : Operation 652 [1/1] (0.00ns) (grouped into TernaryAdder)   --->   "%add_ln58_767 = add i8 %sext_ln58_869, i8 %sext_ln73_63" [firmware/nnet_utils/nnet_dense_latency.h:58]   --->   Operation 652 'add' 'add_ln58_767' <Predicate = true> <Delay = 0.00> <CoreInst = "TAddSub">   --->   Core 10 'TAddSub' <Latency = 0> <II = 1> <Delay = 1.83> <IPBlock> <Opcode : 'add' 'sub'> <InPorts = 3> <OutPorts = 1> <Sync> <CReg>
ST_3 : Operation 653 [1/1] (3.66ns) (root node of TernaryAdder)   --->   "%add_ln58_768 = add i8 %add_ln58_767, i8 %sext_ln58_848" [firmware/nnet_utils/nnet_dense_latency.h:58]   --->   Operation 653 'add' 'add_ln58_768' <Predicate = true> <Delay = 3.66> <CoreInst = "TAddSub">   --->   Core 10 'TAddSub' <Latency = 0> <II = 1> <Delay = 1.83> <IPBlock> <Opcode : 'add' 'sub'> <InPorts = 3> <OutPorts = 1> <Sync> <CReg>
ST_3 : Operation 654 [1/1] (0.00ns)   --->   "%sext_ln58_936 = sext i8 %add_ln58_768" [firmware/nnet_utils/nnet_dense_latency.h:58]   --->   Operation 654 'sext' 'sext_ln58_936' <Predicate = true> <Delay = 0.00>
ST_3 : Operation 655 [1/1] (1.91ns)   --->   "%add_ln58_769 = add i9 %sext_ln58_936, i9 %sext_ln58_935" [firmware/nnet_utils/nnet_dense_latency.h:58]   --->   Operation 655 'add' 'add_ln58_769' <Predicate = true> <Delay = 1.91> <CoreInst = "Adder">   --->   Core 1 'Adder' <Latency = 0> <II = 1> <Delay = 1.82> <FuncUnit> <Opcode : 'add' 'sub'> <InPorts = 2> <OutPorts = 1>
ST_3 : Operation 656 [1/1] (0.00ns)   --->   "%sext_ln58_937 = sext i9 %add_ln58_769" [firmware/nnet_utils/nnet_dense_latency.h:58]   --->   Operation 656 'sext' 'sext_ln58_937' <Predicate = true> <Delay = 0.00>
ST_3 : Operation 657 [1/1] (3.75ns) (root node of TernaryAdder)   --->   "%add_ln58_770 = add i11 %sext_ln58_937, i11 %add_ln58_766" [firmware/nnet_utils/nnet_dense_latency.h:58]   --->   Operation 657 'add' 'add_ln58_770' <Predicate = true> <Delay = 3.75> <CoreInst = "TAddSub">   --->   Core 10 'TAddSub' <Latency = 0> <II = 1> <Delay = 1.83> <IPBlock> <Opcode : 'add' 'sub'> <InPorts = 3> <OutPorts = 1> <Sync> <CReg>
ST_3 : Operation 658 [1/1] (0.00ns)   --->   "%sext_ln58_307 = sext i11 %add_ln58_770" [firmware/nnet_utils/nnet_dense_latency.h:58]   --->   Operation 658 'sext' 'sext_ln58_307' <Predicate = true> <Delay = 0.00>
ST_3 : Operation 659 [1/1] (0.00ns)   --->   "%sext_ln58_309 = sext i10 %add_ln58_778" [firmware/nnet_utils/nnet_dense_latency.h:58]   --->   Operation 659 'sext' 'sext_ln58_309' <Predicate = true> <Delay = 0.00>
ST_3 : Operation 660 [1/1] (1.87ns)   --->   "%sub_ln58_367 = sub i8 %sext_ln58_824, i8 %sext_ln73_71" [firmware/nnet_utils/nnet_dense_latency.h:58]   --->   Operation 660 'sub' 'sub_ln58_367' <Predicate = true> <Delay = 1.87> <CoreInst = "Adder">   --->   Core 1 'Adder' <Latency = 0> <II = 1> <Delay = 1.91> <FuncUnit> <Opcode : 'add' 'sub'> <InPorts = 2> <OutPorts = 1>
ST_3 : Operation 661 [1/1] (0.00ns)   --->   "%sext_ln58_943 = sext i8 %sub_ln58_367" [firmware/nnet_utils/nnet_dense_latency.h:58]   --->   Operation 661 'sext' 'sext_ln58_943' <Predicate = true> <Delay = 0.00>
ST_3 : Operation 662 [1/1] (1.73ns)   --->   "%add_ln58_779 = add i11 %sext_ln58_943, i11 %sext_ln58_309" [firmware/nnet_utils/nnet_dense_latency.h:58]   --->   Operation 662 'add' 'add_ln58_779' <Predicate = true> <Delay = 1.73> <CoreInst = "Adder">   --->   Core 1 'Adder' <Latency = 0> <II = 1> <Delay = 1.63> <FuncUnit> <Opcode : 'add' 'sub'> <InPorts = 2> <OutPorts = 1>
ST_3 : Operation 663 [1/1] (0.00ns) (grouped into TernaryAdder)   --->   "%sub_ln58_324 = sub i8 %sext_ln58_841, i8 %sext_ln58_835" [firmware/nnet_utils/nnet_dense_latency.h:58]   --->   Operation 663 'sub' 'sub_ln58_324' <Predicate = true> <Delay = 0.00> <CoreInst = "TAddSub">   --->   Core 10 'TAddSub' <Latency = 0> <II = 1> <Delay = 1.83> <IPBlock> <Opcode : 'add' 'sub'> <InPorts = 3> <OutPorts = 1> <Sync> <CReg>
ST_3 : Operation 664 [1/1] (3.66ns) (root node of TernaryAdder)   --->   "%add_ln58_780 = add i8 %sub_ln58_324, i8 %sext_ln58_834" [firmware/nnet_utils/nnet_dense_latency.h:58]   --->   Operation 664 'add' 'add_ln58_780' <Predicate = true> <Delay = 3.66> <CoreInst = "TAddSub">   --->   Core 10 'TAddSub' <Latency = 0> <II = 1> <Delay = 1.83> <IPBlock> <Opcode : 'add' 'sub'> <InPorts = 3> <OutPorts = 1> <Sync> <CReg>
ST_3 : Operation 665 [1/1] (0.00ns)   --->   "%sext_ln58_944 = sext i8 %add_ln58_780" [firmware/nnet_utils/nnet_dense_latency.h:58]   --->   Operation 665 'sext' 'sext_ln58_944' <Predicate = true> <Delay = 0.00>
ST_3 : Operation 666 [1/1] (0.00ns) (grouped into TernaryAdder)   --->   "%add_ln58_781 = add i11 %sext_ln58_944, i11 %add_ln58_779" [firmware/nnet_utils/nnet_dense_latency.h:58]   --->   Operation 666 'add' 'add_ln58_781' <Predicate = true> <Delay = 0.00> <CoreInst = "TAddSub">   --->   Core 10 'TAddSub' <Latency = 0> <II = 1> <Delay = 1.83> <IPBlock> <Opcode : 'add' 'sub'> <InPorts = 3> <OutPorts = 1> <Sync> <CReg>
ST_3 : Operation 667 [1/1] (1.87ns)   --->   "%sub_ln58_325 = sub i8 %sext_ln58_884, i8 %sext_ln58_850" [firmware/nnet_utils/nnet_dense_latency.h:58]   --->   Operation 667 'sub' 'sub_ln58_325' <Predicate = true> <Delay = 1.87> <CoreInst = "Adder">   --->   Core 1 'Adder' <Latency = 0> <II = 1> <Delay = 1.91> <FuncUnit> <Opcode : 'add' 'sub'> <InPorts = 2> <OutPorts = 1>
ST_3 : Operation 668 [1/1] (0.00ns)   --->   "%sext_ln58_945 = sext i8 %sub_ln58_325" [firmware/nnet_utils/nnet_dense_latency.h:58]   --->   Operation 668 'sext' 'sext_ln58_945' <Predicate = true> <Delay = 0.00>
ST_3 : Operation 669 [1/1] (1.82ns)   --->   "%add_ln58_782 = add i7 %sext_ln73_47, i7 %sext_ln73_54" [firmware/nnet_utils/nnet_dense_latency.h:58]   --->   Operation 669 'add' 'add_ln58_782' <Predicate = true> <Delay = 1.82> <CoreInst = "Adder">   --->   Core 1 'Adder' <Latency = 0> <II = 1> <Delay = 1.87> <FuncUnit> <Opcode : 'add' 'sub'> <InPorts = 2> <OutPorts = 1>
ST_3 : Operation 670 [1/1] (0.00ns)   --->   "%sext_ln58_946 = sext i7 %add_ln58_782" [firmware/nnet_utils/nnet_dense_latency.h:58]   --->   Operation 670 'sext' 'sext_ln58_946' <Predicate = true> <Delay = 0.00>
ST_3 : Operation 671 [1/1] (1.82ns)   --->   "%add_ln58_783 = add i7 %sext_ln73_61, i7 %sext_ln73_64" [firmware/nnet_utils/nnet_dense_latency.h:58]   --->   Operation 671 'add' 'add_ln58_783' <Predicate = true> <Delay = 1.82> <CoreInst = "Adder">   --->   Core 1 'Adder' <Latency = 0> <II = 1> <Delay = 1.87> <FuncUnit> <Opcode : 'add' 'sub'> <InPorts = 2> <OutPorts = 1>
ST_3 : Operation 672 [1/1] (0.00ns)   --->   "%sext_ln58_947 = sext i7 %add_ln58_783" [firmware/nnet_utils/nnet_dense_latency.h:58]   --->   Operation 672 'sext' 'sext_ln58_947' <Predicate = true> <Delay = 0.00>
ST_3 : Operation 673 [1/1] (1.87ns)   --->   "%add_ln58_784 = add i8 %sext_ln58_947, i8 %sext_ln58_946" [firmware/nnet_utils/nnet_dense_latency.h:58]   --->   Operation 673 'add' 'add_ln58_784' <Predicate = true> <Delay = 1.87> <CoreInst = "Adder">   --->   Core 1 'Adder' <Latency = 0> <II = 1> <Delay = 1.91> <FuncUnit> <Opcode : 'add' 'sub'> <InPorts = 2> <OutPorts = 1>
ST_3 : Operation 674 [1/1] (0.00ns)   --->   "%sext_ln58_948 = sext i8 %add_ln58_784" [firmware/nnet_utils/nnet_dense_latency.h:58]   --->   Operation 674 'sext' 'sext_ln58_948' <Predicate = true> <Delay = 0.00>
ST_3 : Operation 675 [1/1] (1.91ns)   --->   "%add_ln58_785 = add i9 %sext_ln58_948, i9 %sext_ln58_945" [firmware/nnet_utils/nnet_dense_latency.h:58]   --->   Operation 675 'add' 'add_ln58_785' <Predicate = true> <Delay = 1.91> <CoreInst = "Adder">   --->   Core 1 'Adder' <Latency = 0> <II = 1> <Delay = 1.82> <FuncUnit> <Opcode : 'add' 'sub'> <InPorts = 2> <OutPorts = 1>
ST_3 : Operation 676 [1/1] (0.00ns)   --->   "%sext_ln58_949 = sext i9 %add_ln58_785" [firmware/nnet_utils/nnet_dense_latency.h:58]   --->   Operation 676 'sext' 'sext_ln58_949' <Predicate = true> <Delay = 0.00>
ST_3 : Operation 677 [1/1] (3.75ns) (root node of TernaryAdder)   --->   "%add_ln58_786 = add i11 %sext_ln58_949, i11 %add_ln58_781" [firmware/nnet_utils/nnet_dense_latency.h:58]   --->   Operation 677 'add' 'add_ln58_786' <Predicate = true> <Delay = 3.75> <CoreInst = "TAddSub">   --->   Core 10 'TAddSub' <Latency = 0> <II = 1> <Delay = 1.83> <IPBlock> <Opcode : 'add' 'sub'> <InPorts = 3> <OutPorts = 1> <Sync> <CReg>
ST_3 : Operation 678 [1/1] (0.00ns)   --->   "%sext_ln58_310 = sext i11 %add_ln58_786" [firmware/nnet_utils/nnet_dense_latency.h:58]   --->   Operation 678 'sext' 'sext_ln58_310' <Predicate = true> <Delay = 0.00>
ST_3 : Operation 679 [1/1] (0.00ns)   --->   "%sext_ln58_958 = sext i10 %add_ln58_793" [firmware/nnet_utils/nnet_dense_latency.h:58]   --->   Operation 679 'sext' 'sext_ln58_958' <Predicate = true> <Delay = 0.00>
ST_3 : Operation 680 [1/1] (0.00ns) (grouped into TernaryAdder)   --->   "%sub_ln58_328 = sub i11 %sext_ln58_958, i11 %sext_ln58_234" [firmware/nnet_utils/nnet_dense_latency.h:58]   --->   Operation 680 'sub' 'sub_ln58_328' <Predicate = true> <Delay = 0.00> <CoreInst = "TAddSub">   --->   Core 10 'TAddSub' <Latency = 0> <II = 1> <Delay = 1.83> <IPBlock> <Opcode : 'add' 'sub'> <InPorts = 3> <OutPorts = 1> <Sync> <CReg>
ST_3 : Operation 681 [1/1] (3.75ns) (root node of TernaryAdder)   --->   "%add_ln58_794 = add i11 %sub_ln58_328, i11 %sext_ln58_290" [firmware/nnet_utils/nnet_dense_latency.h:58]   --->   Operation 681 'add' 'add_ln58_794' <Predicate = true> <Delay = 3.75> <CoreInst = "TAddSub">   --->   Core 10 'TAddSub' <Latency = 0> <II = 1> <Delay = 1.83> <IPBlock> <Opcode : 'add' 'sub'> <InPorts = 3> <OutPorts = 1> <Sync> <CReg>
ST_3 : Operation 682 [1/1] (1.87ns)   --->   "%sub_ln58_329 = sub i8 %sext_ln58_841, i8 %sext_ln58_912" [firmware/nnet_utils/nnet_dense_latency.h:58]   --->   Operation 682 'sub' 'sub_ln58_329' <Predicate = true> <Delay = 1.87> <CoreInst = "Adder">   --->   Core 1 'Adder' <Latency = 0> <II = 1> <Delay = 1.91> <FuncUnit> <Opcode : 'add' 'sub'> <InPorts = 2> <OutPorts = 1>
ST_3 : Operation 683 [1/1] (0.00ns)   --->   "%sext_ln58_959 = sext i8 %sub_ln58_329" [firmware/nnet_utils/nnet_dense_latency.h:58]   --->   Operation 683 'sext' 'sext_ln58_959' <Predicate = true> <Delay = 0.00>
ST_3 : Operation 684 [1/1] (0.00ns) (grouped into TernaryAdder)   --->   "%add_ln58_795 = add i11 %sext_ln58_959, i11 %add_ln58_794" [firmware/nnet_utils/nnet_dense_latency.h:58]   --->   Operation 684 'add' 'add_ln58_795' <Predicate = true> <Delay = 0.00> <CoreInst = "TAddSub">   --->   Core 10 'TAddSub' <Latency = 0> <II = 1> <Delay = 1.83> <IPBlock> <Opcode : 'add' 'sub'> <InPorts = 3> <OutPorts = 1> <Sync> <CReg>
ST_3 : Operation 685 [1/1] (1.82ns)   --->   "%sub_ln58_330 = sub i7 %sext_ln73_43, i7 %sext_ln73_64" [firmware/nnet_utils/nnet_dense_latency.h:58]   --->   Operation 685 'sub' 'sub_ln58_330' <Predicate = true> <Delay = 1.82> <CoreInst = "Adder">   --->   Core 1 'Adder' <Latency = 0> <II = 1> <Delay = 1.87> <FuncUnit> <Opcode : 'add' 'sub'> <InPorts = 2> <OutPorts = 1>
ST_3 : Operation 686 [1/1] (0.00ns)   --->   "%sext_ln58_960 = sext i7 %sub_ln58_330" [firmware/nnet_utils/nnet_dense_latency.h:58]   --->   Operation 686 'sext' 'sext_ln58_960' <Predicate = true> <Delay = 0.00>
ST_3 : Operation 687 [1/1] (1.82ns)   --->   "%add_ln58_796 = add i7 %sext_ln58_836, i7 %sext_ln73_53" [firmware/nnet_utils/nnet_dense_latency.h:58]   --->   Operation 687 'add' 'add_ln58_796' <Predicate = true> <Delay = 1.82> <CoreInst = "Adder">   --->   Core 1 'Adder' <Latency = 0> <II = 1> <Delay = 1.87> <FuncUnit> <Opcode : 'add' 'sub'> <InPorts = 2> <OutPorts = 1>
ST_3 : Operation 688 [1/1] (0.00ns)   --->   "%sext_ln58_961 = sext i7 %add_ln58_796" [firmware/nnet_utils/nnet_dense_latency.h:58]   --->   Operation 688 'sext' 'sext_ln58_961' <Predicate = true> <Delay = 0.00>
ST_3 : Operation 689 [1/1] (1.87ns)   --->   "%add_ln58_797 = add i8 %sext_ln58_961, i8 %sext_ln58_960" [firmware/nnet_utils/nnet_dense_latency.h:58]   --->   Operation 689 'add' 'add_ln58_797' <Predicate = true> <Delay = 1.87> <CoreInst = "Adder">   --->   Core 1 'Adder' <Latency = 0> <II = 1> <Delay = 1.91> <FuncUnit> <Opcode : 'add' 'sub'> <InPorts = 2> <OutPorts = 1>
ST_3 : Operation 690 [1/1] (0.00ns)   --->   "%sext_ln58_962 = sext i8 %add_ln58_797" [firmware/nnet_utils/nnet_dense_latency.h:58]   --->   Operation 690 'sext' 'sext_ln58_962' <Predicate = true> <Delay = 0.00>
ST_3 : Operation 691 [1/1] (3.75ns) (root node of TernaryAdder)   --->   "%add_ln58_798 = add i11 %sext_ln58_962, i11 %add_ln58_795" [firmware/nnet_utils/nnet_dense_latency.h:58]   --->   Operation 691 'add' 'add_ln58_798' <Predicate = true> <Delay = 3.75> <CoreInst = "TAddSub">   --->   Core 10 'TAddSub' <Latency = 0> <II = 1> <Delay = 1.83> <IPBlock> <Opcode : 'add' 'sub'> <InPorts = 3> <OutPorts = 1> <Sync> <CReg>
ST_3 : Operation 692 [1/1] (0.00ns)   --->   "%sext_ln58_313 = sext i11 %add_ln58_798" [firmware/nnet_utils/nnet_dense_latency.h:58]   --->   Operation 692 'sext' 'sext_ln58_313' <Predicate = true> <Delay = 0.00>
ST_3 : Operation 693 [1/1] (1.87ns)   --->   "%sub_ln58_369 = sub i8 %sext_ln58_819, i8 %sext_ln73_70" [firmware/nnet_utils/nnet_dense_latency.h:58]   --->   Operation 693 'sub' 'sub_ln58_369' <Predicate = true> <Delay = 1.87> <CoreInst = "Adder">   --->   Core 1 'Adder' <Latency = 0> <II = 1> <Delay = 1.91> <FuncUnit> <Opcode : 'add' 'sub'> <InPorts = 2> <OutPorts = 1>
ST_3 : Operation 694 [1/1] (0.00ns)   --->   "%sext_ln58_963 = sext i8 %sub_ln58_369" [firmware/nnet_utils/nnet_dense_latency.h:58]   --->   Operation 694 'sext' 'sext_ln58_963' <Predicate = true> <Delay = 0.00>
ST_3 : Operation 695 [1/1] (0.00ns) (grouped into TernaryAdder)   --->   "%add_ln58_799 = add i10 %sext_ln58_963, i10 %sub_ln58_293" [firmware/nnet_utils/nnet_dense_latency.h:58]   --->   Operation 695 'add' 'add_ln58_799' <Predicate = true> <Delay = 0.00> <CoreInst = "TAddSub">   --->   Core 10 'TAddSub' <Latency = 0> <II = 1> <Delay = 1.83> <IPBlock> <Opcode : 'add' 'sub'> <InPorts = 3> <OutPorts = 1> <Sync> <CReg>
ST_3 : Operation 696 [1/1] (1.82ns)   --->   "%add_ln58_800 = add i7 %sext_ln73_39, i7 %sext_ln58_836" [firmware/nnet_utils/nnet_dense_latency.h:58]   --->   Operation 696 'add' 'add_ln58_800' <Predicate = true> <Delay = 1.82> <CoreInst = "Adder">   --->   Core 1 'Adder' <Latency = 0> <II = 1> <Delay = 1.87> <FuncUnit> <Opcode : 'add' 'sub'> <InPorts = 2> <OutPorts = 1>
ST_3 : Operation 697 [1/1] (0.00ns)   --->   "%sext_ln58_964 = sext i7 %add_ln58_800" [firmware/nnet_utils/nnet_dense_latency.h:58]   --->   Operation 697 'sext' 'sext_ln58_964' <Predicate = true> <Delay = 0.00>
ST_3 : Operation 698 [1/1] (1.87ns)   --->   "%sub_ln58_331 = sub i8 %sext_ln58_964, i8 %sext_ln58_912" [firmware/nnet_utils/nnet_dense_latency.h:58]   --->   Operation 698 'sub' 'sub_ln58_331' <Predicate = true> <Delay = 1.87> <CoreInst = "Adder">   --->   Core 1 'Adder' <Latency = 0> <II = 1> <Delay = 1.91> <FuncUnit> <Opcode : 'add' 'sub'> <InPorts = 2> <OutPorts = 1>
ST_3 : Operation 699 [1/1] (0.00ns)   --->   "%sext_ln58_965 = sext i8 %sub_ln58_331" [firmware/nnet_utils/nnet_dense_latency.h:58]   --->   Operation 699 'sext' 'sext_ln58_965' <Predicate = true> <Delay = 0.00>
ST_3 : Operation 700 [1/1] (3.72ns) (root node of TernaryAdder)   --->   "%add_ln58_801 = add i10 %sext_ln58_965, i10 %add_ln58_799" [firmware/nnet_utils/nnet_dense_latency.h:58]   --->   Operation 700 'add' 'add_ln58_801' <Predicate = true> <Delay = 3.72> <CoreInst = "TAddSub">   --->   Core 10 'TAddSub' <Latency = 0> <II = 1> <Delay = 1.83> <IPBlock> <Opcode : 'add' 'sub'> <InPorts = 3> <OutPorts = 1> <Sync> <CReg>
ST_3 : Operation 701 [1/1] (0.00ns)   --->   "%sext_ln58_314 = sext i10 %add_ln58_801" [firmware/nnet_utils/nnet_dense_latency.h:58]   --->   Operation 701 'sext' 'sext_ln58_314' <Predicate = true> <Delay = 0.00>
ST_3 : Operation 702 [1/1] (1.73ns)   --->   "%add_ln58_802 = add i11 %sext_ln58_314, i11 %sext_ln17_174" [firmware/nnet_utils/nnet_dense_latency.h:58]   --->   Operation 702 'add' 'add_ln58_802' <Predicate = true> <Delay = 1.73> <CoreInst = "Adder">   --->   Core 1 'Adder' <Latency = 0> <II = 1> <Delay = 1.63> <FuncUnit> <Opcode : 'add' 'sub'> <InPorts = 2> <OutPorts = 1>
ST_3 : Operation 703 [1/1] (0.00ns)   --->   "%sext_ln58_1027 = sext i7 %shl_ln73_s" [firmware/nnet_utils/nnet_dense_latency.h:58]   --->   Operation 703 'sext' 'sext_ln58_1027' <Predicate = true> <Delay = 0.00>
ST_3 : Operation 704 [1/1] (0.00ns)   --->   "%sext_ln58_1028 = sext i8 %sub_ln73_84" [firmware/nnet_utils/nnet_dense_latency.h:58]   --->   Operation 704 'sext' 'sext_ln58_1028' <Predicate = true> <Delay = 0.00>
ST_3 : Operation 705 [1/1] (1.91ns)   --->   "%sub_ln58_370 = sub i9 %sext_ln58_1028, i9 %sext_ln58_1027" [firmware/nnet_utils/nnet_dense_latency.h:58]   --->   Operation 705 'sub' 'sub_ln58_370' <Predicate = true> <Delay = 1.91> <CoreInst = "Adder">   --->   Core 1 'Adder' <Latency = 0> <II = 1> <Delay = 1.82> <FuncUnit> <Opcode : 'add' 'sub'> <InPorts = 2> <OutPorts = 1>
ST_3 : Operation 706 [1/1] (0.00ns)   --->   "%sext_ln58_966 = sext i9 %sub_ln58_370" [firmware/nnet_utils/nnet_dense_latency.h:58]   --->   Operation 706 'sext' 'sext_ln58_966' <Predicate = true> <Delay = 0.00>
ST_3 : Operation 707 [1/1] (0.00ns) (grouped into TernaryAdder)   --->   "%add_ln58_803 = add i11 %sext_ln58_966, i11 %add_ln58_802" [firmware/nnet_utils/nnet_dense_latency.h:58]   --->   Operation 707 'add' 'add_ln58_803' <Predicate = true> <Delay = 0.00> <CoreInst = "TAddSub">   --->   Core 10 'TAddSub' <Latency = 0> <II = 1> <Delay = 1.83> <IPBlock> <Opcode : 'add' 'sub'> <InPorts = 3> <OutPorts = 1> <Sync> <CReg>
ST_3 : Operation 708 [1/1] (1.87ns)   --->   "%add_ln58_804 = add i8 %sext_ln73_74, i8 %sext_ln73_75" [firmware/nnet_utils/nnet_dense_latency.h:58]   --->   Operation 708 'add' 'add_ln58_804' <Predicate = true> <Delay = 1.87> <CoreInst = "Adder">   --->   Core 1 'Adder' <Latency = 0> <II = 1> <Delay = 1.91> <FuncUnit> <Opcode : 'add' 'sub'> <InPorts = 2> <OutPorts = 1>
ST_3 : Operation 709 [1/1] (0.00ns)   --->   "%sext_ln58_967 = sext i8 %add_ln58_804" [firmware/nnet_utils/nnet_dense_latency.h:58]   --->   Operation 709 'sext' 'sext_ln58_967' <Predicate = true> <Delay = 0.00>
ST_3 : Operation 710 [1/1] (1.87ns)   --->   "%add_ln58_805 = add i8 %sext_ln58_869, i8 %sext_ln58_888" [firmware/nnet_utils/nnet_dense_latency.h:58]   --->   Operation 710 'add' 'add_ln58_805' <Predicate = true> <Delay = 1.87> <CoreInst = "Adder">   --->   Core 1 'Adder' <Latency = 0> <II = 1> <Delay = 1.91> <FuncUnit> <Opcode : 'add' 'sub'> <InPorts = 2> <OutPorts = 1>
ST_3 : Operation 711 [1/1] (0.00ns)   --->   "%sext_ln58_968 = sext i8 %add_ln58_805" [firmware/nnet_utils/nnet_dense_latency.h:58]   --->   Operation 711 'sext' 'sext_ln58_968' <Predicate = true> <Delay = 0.00>
ST_3 : Operation 712 [1/1] (1.91ns)   --->   "%add_ln58_806 = add i9 %sext_ln58_968, i9 %sext_ln58_849" [firmware/nnet_utils/nnet_dense_latency.h:58]   --->   Operation 712 'add' 'add_ln58_806' <Predicate = true> <Delay = 1.91> <CoreInst = "Adder">   --->   Core 1 'Adder' <Latency = 0> <II = 1> <Delay = 1.82> <FuncUnit> <Opcode : 'add' 'sub'> <InPorts = 2> <OutPorts = 1>
ST_3 : Operation 713 [1/1] (0.00ns)   --->   "%sext_ln58_969 = sext i9 %add_ln58_806" [firmware/nnet_utils/nnet_dense_latency.h:58]   --->   Operation 713 'sext' 'sext_ln58_969' <Predicate = true> <Delay = 0.00>
ST_3 : Operation 714 [1/1] (1.82ns)   --->   "%add_ln58_807 = add i10 %sext_ln58_969, i10 %sext_ln58_967" [firmware/nnet_utils/nnet_dense_latency.h:58]   --->   Operation 714 'add' 'add_ln58_807' <Predicate = true> <Delay = 1.82> <CoreInst = "Adder">   --->   Core 1 'Adder' <Latency = 0> <II = 1> <Delay = 1.73> <FuncUnit> <Opcode : 'add' 'sub'> <InPorts = 2> <OutPorts = 1>
ST_3 : Operation 715 [1/1] (0.00ns)   --->   "%sext_ln58_970 = sext i10 %add_ln58_807" [firmware/nnet_utils/nnet_dense_latency.h:58]   --->   Operation 715 'sext' 'sext_ln58_970' <Predicate = true> <Delay = 0.00>
ST_3 : Operation 716 [1/1] (3.75ns) (root node of TernaryAdder)   --->   "%add_ln58_808 = add i11 %sext_ln58_970, i11 %add_ln58_803" [firmware/nnet_utils/nnet_dense_latency.h:58]   --->   Operation 716 'add' 'add_ln58_808' <Predicate = true> <Delay = 3.75> <CoreInst = "TAddSub">   --->   Core 10 'TAddSub' <Latency = 0> <II = 1> <Delay = 1.83> <IPBlock> <Opcode : 'add' 'sub'> <InPorts = 3> <OutPorts = 1> <Sync> <CReg>
ST_3 : Operation 717 [1/1] (0.00ns)   --->   "%sext_ln58_315 = sext i11 %add_ln58_808" [firmware/nnet_utils/nnet_dense_latency.h:58]   --->   Operation 717 'sext' 'sext_ln58_315' <Predicate = true> <Delay = 0.00>
ST_3 : Operation 718 [1/1] (1.63ns)   --->   "%add_ln58_809 = add i12 %sext_ln58_315, i12 %sext_ln17_176" [firmware/nnet_utils/nnet_dense_latency.h:58]   --->   Operation 718 'add' 'add_ln58_809' <Predicate = true> <Delay = 1.63> <CoreInst = "Adder">   --->   Core 1 'Adder' <Latency = 0> <II = 1> <Delay = 1.54> <FuncUnit> <Opcode : 'add' 'sub'> <InPorts = 2> <OutPorts = 1>
ST_3 : Operation 719 [1/1] (0.00ns)   --->   "%sext_ln58_316 = sext i12 %add_ln58_809" [firmware/nnet_utils/nnet_dense_latency.h:58]   --->   Operation 719 'sext' 'sext_ln58_316' <Predicate = true> <Delay = 0.00>
ST_3 : Operation 720 [1/1] (0.00ns)   --->   "%sext_ln58_318 = sext i10 %add_ln58_813" [firmware/nnet_utils/nnet_dense_latency.h:58]   --->   Operation 720 'sext' 'sext_ln58_318' <Predicate = true> <Delay = 0.00>
ST_3 : Operation 721 [1/1] (1.87ns)   --->   "%sub_ln58_334 = sub i8 %sext_ln73_71, i8 %sext_ln73_49" [firmware/nnet_utils/nnet_dense_latency.h:58]   --->   Operation 721 'sub' 'sub_ln58_334' <Predicate = true> <Delay = 1.87> <CoreInst = "Adder">   --->   Core 1 'Adder' <Latency = 0> <II = 1> <Delay = 1.91> <FuncUnit> <Opcode : 'add' 'sub'> <InPorts = 2> <OutPorts = 1>
ST_3 : Operation 722 [1/1] (0.00ns)   --->   "%sext_ln58_976 = sext i8 %sub_ln58_334" [firmware/nnet_utils/nnet_dense_latency.h:58]   --->   Operation 722 'sext' 'sext_ln58_976' <Predicate = true> <Delay = 0.00>
ST_3 : Operation 723 [1/1] (1.73ns)   --->   "%add_ln58_814 = add i11 %sext_ln58_976, i11 %sext_ln58_318" [firmware/nnet_utils/nnet_dense_latency.h:58]   --->   Operation 723 'add' 'add_ln58_814' <Predicate = true> <Delay = 1.73> <CoreInst = "Adder">   --->   Core 1 'Adder' <Latency = 0> <II = 1> <Delay = 1.63> <FuncUnit> <Opcode : 'add' 'sub'> <InPorts = 2> <OutPorts = 1>
ST_3 : Operation 724 [1/1] (0.00ns)   --->   "%sext_ln58_977 = sext i7 %shl_ln73_6" [firmware/nnet_utils/nnet_dense_latency.h:58]   --->   Operation 724 'sext' 'sext_ln58_977' <Predicate = true> <Delay = 0.00>
ST_3 : Operation 725 [1/1] (0.00ns) (grouped into TernaryAdder)   --->   "%sub_ln58_335 = sub i8 %sext_ln58_977, i8 %sext_ln73_59" [firmware/nnet_utils/nnet_dense_latency.h:58]   --->   Operation 725 'sub' 'sub_ln58_335' <Predicate = true> <Delay = 0.00> <CoreInst = "TAddSub">   --->   Core 10 'TAddSub' <Latency = 0> <II = 1> <Delay = 1.83> <IPBlock> <Opcode : 'add' 'sub'> <InPorts = 3> <OutPorts = 1> <Sync> <CReg>
ST_3 : Operation 726 [1/1] (3.66ns) (root node of TernaryAdder)   --->   "%add_ln58_815 = add i8 %sub_ln58_335, i8 %sext_ln58_846" [firmware/nnet_utils/nnet_dense_latency.h:58]   --->   Operation 726 'add' 'add_ln58_815' <Predicate = true> <Delay = 3.66> <CoreInst = "TAddSub">   --->   Core 10 'TAddSub' <Latency = 0> <II = 1> <Delay = 1.83> <IPBlock> <Opcode : 'add' 'sub'> <InPorts = 3> <OutPorts = 1> <Sync> <CReg>
ST_3 : Operation 727 [1/1] (0.00ns)   --->   "%sext_ln58_978 = sext i8 %add_ln58_815" [firmware/nnet_utils/nnet_dense_latency.h:58]   --->   Operation 727 'sext' 'sext_ln58_978' <Predicate = true> <Delay = 0.00>
ST_3 : Operation 728 [1/1] (0.00ns) (grouped into TernaryAdder)   --->   "%add_ln58_816 = add i11 %sext_ln58_978, i11 %add_ln58_814" [firmware/nnet_utils/nnet_dense_latency.h:58]   --->   Operation 728 'add' 'add_ln58_816' <Predicate = true> <Delay = 0.00> <CoreInst = "TAddSub">   --->   Core 10 'TAddSub' <Latency = 0> <II = 1> <Delay = 1.83> <IPBlock> <Opcode : 'add' 'sub'> <InPorts = 3> <OutPorts = 1> <Sync> <CReg>
ST_3 : Operation 729 [1/1] (1.82ns)   --->   "%sub_ln58_336 = sub i7 %sext_ln58_836, i7 %sext_ln73_64" [firmware/nnet_utils/nnet_dense_latency.h:58]   --->   Operation 729 'sub' 'sub_ln58_336' <Predicate = true> <Delay = 1.82> <CoreInst = "Adder">   --->   Core 1 'Adder' <Latency = 0> <II = 1> <Delay = 1.87> <FuncUnit> <Opcode : 'add' 'sub'> <InPorts = 2> <OutPorts = 1>
ST_3 : Operation 730 [1/1] (0.00ns)   --->   "%sext_ln58_979 = sext i7 %sub_ln58_336" [firmware/nnet_utils/nnet_dense_latency.h:58]   --->   Operation 730 'sext' 'sext_ln58_979' <Predicate = true> <Delay = 0.00>
ST_3 : Operation 731 [1/1] (1.87ns)   --->   "%add_ln58_817 = add i8 %sext_ln58_979, i8 %sext_ln58_889" [firmware/nnet_utils/nnet_dense_latency.h:58]   --->   Operation 731 'add' 'add_ln58_817' <Predicate = true> <Delay = 1.87> <CoreInst = "Adder">   --->   Core 1 'Adder' <Latency = 0> <II = 1> <Delay = 1.91> <FuncUnit> <Opcode : 'add' 'sub'> <InPorts = 2> <OutPorts = 1>
ST_3 : Operation 732 [1/1] (0.00ns)   --->   "%sext_ln58_980 = sext i8 %add_ln58_817" [firmware/nnet_utils/nnet_dense_latency.h:58]   --->   Operation 732 'sext' 'sext_ln58_980' <Predicate = true> <Delay = 0.00>
ST_3 : Operation 733 [1/1] (1.82ns)   --->   "%add_ln58_818 = add i7 %sext_ln73_50, i7 %sext_ln73_54" [firmware/nnet_utils/nnet_dense_latency.h:58]   --->   Operation 733 'add' 'add_ln58_818' <Predicate = true> <Delay = 1.82> <CoreInst = "Adder">   --->   Core 1 'Adder' <Latency = 0> <II = 1> <Delay = 1.87> <FuncUnit> <Opcode : 'add' 'sub'> <InPorts = 2> <OutPorts = 1>
ST_3 : Operation 734 [1/1] (0.00ns)   --->   "%sext_ln58_981 = sext i7 %add_ln58_818" [firmware/nnet_utils/nnet_dense_latency.h:58]   --->   Operation 734 'sext' 'sext_ln58_981' <Predicate = true> <Delay = 0.00>
ST_3 : Operation 735 [1/1] (1.82ns)   --->   "%add_ln58_819 = add i7 %sext_ln58_851, i7 %sext_ln73_58" [firmware/nnet_utils/nnet_dense_latency.h:58]   --->   Operation 735 'add' 'add_ln58_819' <Predicate = true> <Delay = 1.82> <CoreInst = "Adder">   --->   Core 1 'Adder' <Latency = 0> <II = 1> <Delay = 1.87> <FuncUnit> <Opcode : 'add' 'sub'> <InPorts = 2> <OutPorts = 1>
ST_3 : Operation 736 [1/1] (0.00ns)   --->   "%sext_ln58_982 = sext i7 %add_ln58_819" [firmware/nnet_utils/nnet_dense_latency.h:58]   --->   Operation 736 'sext' 'sext_ln58_982' <Predicate = true> <Delay = 0.00>
ST_3 : Operation 737 [1/1] (1.87ns)   --->   "%add_ln58_820 = add i8 %sext_ln58_982, i8 %sext_ln58_981" [firmware/nnet_utils/nnet_dense_latency.h:58]   --->   Operation 737 'add' 'add_ln58_820' <Predicate = true> <Delay = 1.87> <CoreInst = "Adder">   --->   Core 1 'Adder' <Latency = 0> <II = 1> <Delay = 1.91> <FuncUnit> <Opcode : 'add' 'sub'> <InPorts = 2> <OutPorts = 1>
ST_3 : Operation 738 [1/1] (0.00ns)   --->   "%sext_ln58_983 = sext i8 %add_ln58_820" [firmware/nnet_utils/nnet_dense_latency.h:58]   --->   Operation 738 'sext' 'sext_ln58_983' <Predicate = true> <Delay = 0.00>
ST_3 : Operation 739 [1/1] (1.91ns)   --->   "%add_ln58_821 = add i9 %sext_ln58_983, i9 %sext_ln58_980" [firmware/nnet_utils/nnet_dense_latency.h:58]   --->   Operation 739 'add' 'add_ln58_821' <Predicate = true> <Delay = 1.91> <CoreInst = "Adder">   --->   Core 1 'Adder' <Latency = 0> <II = 1> <Delay = 1.82> <FuncUnit> <Opcode : 'add' 'sub'> <InPorts = 2> <OutPorts = 1>
ST_3 : Operation 740 [1/1] (0.00ns)   --->   "%sext_ln58_984 = sext i9 %add_ln58_821" [firmware/nnet_utils/nnet_dense_latency.h:58]   --->   Operation 740 'sext' 'sext_ln58_984' <Predicate = true> <Delay = 0.00>
ST_3 : Operation 741 [1/1] (3.75ns) (root node of TernaryAdder)   --->   "%add_ln58_822 = add i11 %sext_ln58_984, i11 %add_ln58_816" [firmware/nnet_utils/nnet_dense_latency.h:58]   --->   Operation 741 'add' 'add_ln58_822' <Predicate = true> <Delay = 3.75> <CoreInst = "TAddSub">   --->   Core 10 'TAddSub' <Latency = 0> <II = 1> <Delay = 1.83> <IPBlock> <Opcode : 'add' 'sub'> <InPorts = 3> <OutPorts = 1> <Sync> <CReg>
ST_3 : Operation 742 [1/1] (0.00ns)   --->   "%sext_ln58_319 = sext i11 %add_ln58_822" [firmware/nnet_utils/nnet_dense_latency.h:58]   --->   Operation 742 'sext' 'sext_ln58_319' <Predicate = true> <Delay = 0.00>
ST_3 : Operation 743 [1/1] (0.00ns)   --->   "%sext_ln58_321 = sext i10 %add_ln58_828" [firmware/nnet_utils/nnet_dense_latency.h:58]   --->   Operation 743 'sext' 'sext_ln58_321' <Predicate = true> <Delay = 0.00>
ST_3 : Operation 744 [1/1] (1.87ns)   --->   "%sub_ln58_374 = sub i8 %sext_ln58_841, i8 %sext_ln73_78" [firmware/nnet_utils/nnet_dense_latency.h:58]   --->   Operation 744 'sub' 'sub_ln58_374' <Predicate = true> <Delay = 1.87> <CoreInst = "Adder">   --->   Core 1 'Adder' <Latency = 0> <II = 1> <Delay = 1.91> <FuncUnit> <Opcode : 'add' 'sub'> <InPorts = 2> <OutPorts = 1>
ST_3 : Operation 745 [1/1] (0.00ns)   --->   "%sext_ln58_990 = sext i8 %sub_ln58_374" [firmware/nnet_utils/nnet_dense_latency.h:58]   --->   Operation 745 'sext' 'sext_ln58_990' <Predicate = true> <Delay = 0.00>
ST_3 : Operation 746 [1/1] (1.73ns)   --->   "%add_ln58_829 = add i11 %sext_ln58_990, i11 %sext_ln58_321" [firmware/nnet_utils/nnet_dense_latency.h:58]   --->   Operation 746 'add' 'add_ln58_829' <Predicate = true> <Delay = 1.73> <CoreInst = "Adder">   --->   Core 1 'Adder' <Latency = 0> <II = 1> <Delay = 1.63> <FuncUnit> <Opcode : 'add' 'sub'> <InPorts = 2> <OutPorts = 1>
ST_3 : Operation 747 [1/1] (1.82ns)   --->   "%sub_ln58_339 = sub i7 %sext_ln73_41, i7 %sext_ln73_58" [firmware/nnet_utils/nnet_dense_latency.h:58]   --->   Operation 747 'sub' 'sub_ln58_339' <Predicate = true> <Delay = 1.82> <CoreInst = "Adder">   --->   Core 1 'Adder' <Latency = 0> <II = 1> <Delay = 1.87> <FuncUnit> <Opcode : 'add' 'sub'> <InPorts = 2> <OutPorts = 1>
ST_3 : Operation 748 [1/1] (0.00ns)   --->   "%sext_ln58_991 = sext i7 %sub_ln58_339" [firmware/nnet_utils/nnet_dense_latency.h:58]   --->   Operation 748 'sext' 'sext_ln58_991' <Predicate = true> <Delay = 0.00>
ST_3 : Operation 749 [1/1] (1.87ns)   --->   "%sub_ln58_340 = sub i8 %sext_ln58_991, i8 %sext_ln58_891" [firmware/nnet_utils/nnet_dense_latency.h:58]   --->   Operation 749 'sub' 'sub_ln58_340' <Predicate = true> <Delay = 1.87> <CoreInst = "Adder">   --->   Core 1 'Adder' <Latency = 0> <II = 1> <Delay = 1.91> <FuncUnit> <Opcode : 'add' 'sub'> <InPorts = 2> <OutPorts = 1>
ST_3 : Operation 750 [1/1] (0.00ns)   --->   "%sext_ln58_992 = sext i8 %sub_ln58_340" [firmware/nnet_utils/nnet_dense_latency.h:58]   --->   Operation 750 'sext' 'sext_ln58_992' <Predicate = true> <Delay = 0.00>
ST_3 : Operation 751 [1/1] (0.00ns) (grouped into TernaryAdder)   --->   "%add_ln58_830 = add i11 %sext_ln58_992, i11 %add_ln58_829" [firmware/nnet_utils/nnet_dense_latency.h:58]   --->   Operation 751 'add' 'add_ln58_830' <Predicate = true> <Delay = 0.00> <CoreInst = "TAddSub">   --->   Core 10 'TAddSub' <Latency = 0> <II = 1> <Delay = 1.83> <IPBlock> <Opcode : 'add' 'sub'> <InPorts = 3> <OutPorts = 1> <Sync> <CReg>
ST_3 : Operation 752 [1/1] (1.82ns)   --->   "%add_ln58_831 = add i7 %sext_ln73_44, i7 %sext_ln73_46" [firmware/nnet_utils/nnet_dense_latency.h:58]   --->   Operation 752 'add' 'add_ln58_831' <Predicate = true> <Delay = 1.82> <CoreInst = "Adder">   --->   Core 1 'Adder' <Latency = 0> <II = 1> <Delay = 1.87> <FuncUnit> <Opcode : 'add' 'sub'> <InPorts = 2> <OutPorts = 1>
ST_3 : Operation 753 [1/1] (0.00ns)   --->   "%sext_ln58_993 = sext i7 %add_ln58_831" [firmware/nnet_utils/nnet_dense_latency.h:58]   --->   Operation 753 'sext' 'sext_ln58_993' <Predicate = true> <Delay = 0.00>
ST_3 : Operation 754 [1/1] (1.87ns)   --->   "%add_ln58_832 = add i8 %sext_ln58_993, i8 %sext_ln58_828" [firmware/nnet_utils/nnet_dense_latency.h:58]   --->   Operation 754 'add' 'add_ln58_832' <Predicate = true> <Delay = 1.87> <CoreInst = "Adder">   --->   Core 1 'Adder' <Latency = 0> <II = 1> <Delay = 1.91> <FuncUnit> <Opcode : 'add' 'sub'> <InPorts = 2> <OutPorts = 1>
ST_3 : Operation 755 [1/1] (0.00ns)   --->   "%sext_ln58_994 = sext i8 %add_ln58_832" [firmware/nnet_utils/nnet_dense_latency.h:58]   --->   Operation 755 'sext' 'sext_ln58_994' <Predicate = true> <Delay = 0.00>
ST_3 : Operation 756 [1/1] (1.82ns)   --->   "%add_ln58_833 = add i7 %sext_ln73_53, i7 %sext_ln58_851" [firmware/nnet_utils/nnet_dense_latency.h:58]   --->   Operation 756 'add' 'add_ln58_833' <Predicate = true> <Delay = 1.82> <CoreInst = "Adder">   --->   Core 1 'Adder' <Latency = 0> <II = 1> <Delay = 1.87> <FuncUnit> <Opcode : 'add' 'sub'> <InPorts = 2> <OutPorts = 1>
ST_3 : Operation 757 [1/1] (0.00ns)   --->   "%sext_ln58_995 = sext i7 %add_ln58_833" [firmware/nnet_utils/nnet_dense_latency.h:58]   --->   Operation 757 'sext' 'sext_ln58_995' <Predicate = true> <Delay = 0.00>
ST_3 : Operation 758 [1/1] (1.87ns)   --->   "%add_ln58_834 = add i8 %sext_ln58_995, i8 %sext_ln58_835" [firmware/nnet_utils/nnet_dense_latency.h:58]   --->   Operation 758 'add' 'add_ln58_834' <Predicate = true> <Delay = 1.87> <CoreInst = "Adder">   --->   Core 1 'Adder' <Latency = 0> <II = 1> <Delay = 1.91> <FuncUnit> <Opcode : 'add' 'sub'> <InPorts = 2> <OutPorts = 1>
ST_3 : Operation 759 [1/1] (0.00ns)   --->   "%sext_ln58_996 = sext i8 %add_ln58_834" [firmware/nnet_utils/nnet_dense_latency.h:58]   --->   Operation 759 'sext' 'sext_ln58_996' <Predicate = true> <Delay = 0.00>
ST_3 : Operation 760 [1/1] (1.91ns)   --->   "%add_ln58_835 = add i9 %sext_ln58_996, i9 %sext_ln58_994" [firmware/nnet_utils/nnet_dense_latency.h:58]   --->   Operation 760 'add' 'add_ln58_835' <Predicate = true> <Delay = 1.91> <CoreInst = "Adder">   --->   Core 1 'Adder' <Latency = 0> <II = 1> <Delay = 1.82> <FuncUnit> <Opcode : 'add' 'sub'> <InPorts = 2> <OutPorts = 1>
ST_3 : Operation 761 [1/1] (0.00ns)   --->   "%sext_ln58_997 = sext i9 %add_ln58_835" [firmware/nnet_utils/nnet_dense_latency.h:58]   --->   Operation 761 'sext' 'sext_ln58_997' <Predicate = true> <Delay = 0.00>
ST_3 : Operation 762 [1/1] (3.75ns) (root node of TernaryAdder)   --->   "%add_ln58_836 = add i11 %sext_ln58_997, i11 %add_ln58_830" [firmware/nnet_utils/nnet_dense_latency.h:58]   --->   Operation 762 'add' 'add_ln58_836' <Predicate = true> <Delay = 3.75> <CoreInst = "TAddSub">   --->   Core 10 'TAddSub' <Latency = 0> <II = 1> <Delay = 1.83> <IPBlock> <Opcode : 'add' 'sub'> <InPorts = 3> <OutPorts = 1> <Sync> <CReg>
ST_3 : Operation 763 [1/1] (0.00ns)   --->   "%sext_ln58_322 = sext i11 %add_ln58_836" [firmware/nnet_utils/nnet_dense_latency.h:58]   --->   Operation 763 'sext' 'sext_ln58_322' <Predicate = true> <Delay = 0.00>
ST_3 : Operation 764 [1/1] (0.00ns)   --->   "%sext_ln58_1031 = sext i7 %mult_98" [firmware/nnet_utils/nnet_dense_latency.h:58]   --->   Operation 764 'sext' 'sext_ln58_1031' <Predicate = true> <Delay = 0.00>
ST_3 : Operation 765 [1/1] (0.00ns)   --->   "%sext_ln58_1032 = sext i10 %add_ln58_699" [firmware/nnet_utils/nnet_dense_latency.h:58]   --->   Operation 765 'sext' 'sext_ln58_1032' <Predicate = true> <Delay = 0.00>
ST_3 : Operation 766 [1/1] (1.73ns)   --->   "%sub_ln58_375 = sub i11 %sext_ln58_1032, i11 %sext_ln58_1031" [firmware/nnet_utils/nnet_dense_latency.h:58]   --->   Operation 766 'sub' 'sub_ln58_375' <Predicate = true> <Delay = 1.73> <CoreInst = "Adder">   --->   Core 1 'Adder' <Latency = 0> <II = 1> <Delay = 1.63> <FuncUnit> <Opcode : 'add' 'sub'> <InPorts = 2> <OutPorts = 1>
ST_3 : Operation 767 [1/1] (0.00ns)   --->   "%sext_ln58_998 = sext i8 %sub_ln58_322" [firmware/nnet_utils/nnet_dense_latency.h:58]   --->   Operation 767 'sext' 'sext_ln58_998' <Predicate = true> <Delay = 0.00>
ST_3 : Operation 768 [1/1] (0.00ns) (grouped into TernaryAdder)   --->   "%add_ln58_837 = add i11 %sext_ln58_998, i11 %sub_ln58_375" [firmware/nnet_utils/nnet_dense_latency.h:58]   --->   Operation 768 'add' 'add_ln58_837' <Predicate = true> <Delay = 0.00> <CoreInst = "TAddSub">   --->   Core 10 'TAddSub' <Latency = 0> <II = 1> <Delay = 1.83> <IPBlock> <Opcode : 'add' 'sub'> <InPorts = 3> <OutPorts = 1> <Sync> <CReg>
ST_3 : Operation 769 [1/1] (0.00ns)   --->   "%sext_ln58_999 = sext i7 %mult_101" [firmware/nnet_utils/nnet_dense_latency.h:58]   --->   Operation 769 'sext' 'sext_ln58_999' <Predicate = true> <Delay = 0.00>
ST_3 : Operation 770 [1/1] (1.87ns)   --->   "%sub_ln58_341 = sub i8 %sext_ln58_999, i8 %sext_ln73_59" [firmware/nnet_utils/nnet_dense_latency.h:58]   --->   Operation 770 'sub' 'sub_ln58_341' <Predicate = true> <Delay = 1.87> <CoreInst = "Adder">   --->   Core 1 'Adder' <Latency = 0> <II = 1> <Delay = 1.91> <FuncUnit> <Opcode : 'add' 'sub'> <InPorts = 2> <OutPorts = 1>
ST_3 : Operation 771 [1/1] (0.00ns)   --->   "%sext_ln58_1000 = sext i8 %sub_ln58_341" [firmware/nnet_utils/nnet_dense_latency.h:58]   --->   Operation 771 'sext' 'sext_ln58_1000' <Predicate = true> <Delay = 0.00>
ST_3 : Operation 772 [1/1] (1.87ns)   --->   "%add_ln58_838 = add i8 %sext_ln58_995, i8 %sext_ln73_78" [firmware/nnet_utils/nnet_dense_latency.h:58]   --->   Operation 772 'add' 'add_ln58_838' <Predicate = true> <Delay = 1.87> <CoreInst = "Adder">   --->   Core 1 'Adder' <Latency = 0> <II = 1> <Delay = 1.91> <FuncUnit> <Opcode : 'add' 'sub'> <InPorts = 2> <OutPorts = 1>
ST_3 : Operation 773 [1/1] (0.00ns)   --->   "%sext_ln58_1001 = sext i8 %add_ln58_838" [firmware/nnet_utils/nnet_dense_latency.h:58]   --->   Operation 773 'sext' 'sext_ln58_1001' <Predicate = true> <Delay = 0.00>
ST_3 : Operation 774 [1/1] (1.91ns)   --->   "%add_ln58_839 = add i9 %sext_ln58_1001, i9 %sext_ln58_1000" [firmware/nnet_utils/nnet_dense_latency.h:58]   --->   Operation 774 'add' 'add_ln58_839' <Predicate = true> <Delay = 1.91> <CoreInst = "Adder">   --->   Core 1 'Adder' <Latency = 0> <II = 1> <Delay = 1.82> <FuncUnit> <Opcode : 'add' 'sub'> <InPorts = 2> <OutPorts = 1>
ST_3 : Operation 775 [1/1] (0.00ns)   --->   "%sext_ln58_1002 = sext i9 %add_ln58_839" [firmware/nnet_utils/nnet_dense_latency.h:58]   --->   Operation 775 'sext' 'sext_ln58_1002' <Predicate = true> <Delay = 0.00>
ST_3 : Operation 776 [1/1] (3.75ns) (root node of TernaryAdder)   --->   "%add_ln58_840 = add i11 %sext_ln58_1002, i11 %add_ln58_837" [firmware/nnet_utils/nnet_dense_latency.h:58]   --->   Operation 776 'add' 'add_ln58_840' <Predicate = true> <Delay = 3.75> <CoreInst = "TAddSub">   --->   Core 10 'TAddSub' <Latency = 0> <II = 1> <Delay = 1.83> <IPBlock> <Opcode : 'add' 'sub'> <InPorts = 3> <OutPorts = 1> <Sync> <CReg>
ST_3 : Operation 777 [1/1] (0.00ns)   --->   "%sext_ln58_323 = sext i11 %add_ln58_840" [firmware/nnet_utils/nnet_dense_latency.h:58]   --->   Operation 777 'sext' 'sext_ln58_323' <Predicate = true> <Delay = 0.00>
ST_3 : Operation 778 [1/1] (1.87ns)   --->   "%add_ln58_841 = add i8 %sext_ln58_819, i8 %sext_ln73_70" [firmware/nnet_utils/nnet_dense_latency.h:58]   --->   Operation 778 'add' 'add_ln58_841' <Predicate = true> <Delay = 1.87> <CoreInst = "Adder">   --->   Core 1 'Adder' <Latency = 0> <II = 1> <Delay = 1.91> <FuncUnit> <Opcode : 'add' 'sub'> <InPorts = 2> <OutPorts = 1>
ST_3 : Operation 779 [1/1] (0.00ns)   --->   "%sext_ln58_1003 = sext i8 %add_ln58_841" [firmware/nnet_utils/nnet_dense_latency.h:58]   --->   Operation 779 'sext' 'sext_ln58_1003' <Predicate = true> <Delay = 0.00>
ST_3 : Operation 780 [1/1] (1.73ns)   --->   "%add_ln58_842 = add i11 %sext_ln58_1003, i11 %sext_ln58_207" [firmware/nnet_utils/nnet_dense_latency.h:58]   --->   Operation 780 'add' 'add_ln58_842' <Predicate = true> <Delay = 1.73> <CoreInst = "Adder">   --->   Core 1 'Adder' <Latency = 0> <II = 1> <Delay = 1.63> <FuncUnit> <Opcode : 'add' 'sub'> <InPorts = 2> <OutPorts = 1>
ST_3 : Operation 781 [1/1] (0.00ns) (grouped into TernaryAdder)   --->   "%sub_ln58_342 = sub i8 %sext_ln73_72, i8 %sext_ln58_912" [firmware/nnet_utils/nnet_dense_latency.h:58]   --->   Operation 781 'sub' 'sub_ln58_342' <Predicate = true> <Delay = 0.00> <CoreInst = "TAddSub">   --->   Core 10 'TAddSub' <Latency = 0> <II = 1> <Delay = 1.83> <IPBlock> <Opcode : 'add' 'sub'> <InPorts = 3> <OutPorts = 1> <Sync> <CReg>
ST_3 : Operation 782 [1/1] (3.66ns) (root node of TernaryAdder)   --->   "%add_ln58_843 = add i8 %sub_ln58_342, i8 %sext_ln58_829" [firmware/nnet_utils/nnet_dense_latency.h:58]   --->   Operation 782 'add' 'add_ln58_843' <Predicate = true> <Delay = 3.66> <CoreInst = "TAddSub">   --->   Core 10 'TAddSub' <Latency = 0> <II = 1> <Delay = 1.83> <IPBlock> <Opcode : 'add' 'sub'> <InPorts = 3> <OutPorts = 1> <Sync> <CReg>
ST_3 : Operation 783 [1/1] (0.00ns)   --->   "%sext_ln58_1005 = sext i8 %add_ln58_843" [firmware/nnet_utils/nnet_dense_latency.h:58]   --->   Operation 783 'sext' 'sext_ln58_1005' <Predicate = true> <Delay = 0.00>
ST_3 : Operation 784 [1/1] (0.00ns) (grouped into TernaryAdder)   --->   "%add_ln58_844 = add i11 %sext_ln58_1005, i11 %add_ln58_842" [firmware/nnet_utils/nnet_dense_latency.h:58]   --->   Operation 784 'add' 'add_ln58_844' <Predicate = true> <Delay = 0.00> <CoreInst = "TAddSub">   --->   Core 10 'TAddSub' <Latency = 0> <II = 1> <Delay = 1.83> <IPBlock> <Opcode : 'add' 'sub'> <InPorts = 3> <OutPorts = 1> <Sync> <CReg>
ST_3 : Operation 785 [1/1] (0.00ns)   --->   "%sext_ln58_1006 = sext i8 %sub_ln58_343" [firmware/nnet_utils/nnet_dense_latency.h:58]   --->   Operation 785 'sext' 'sext_ln58_1006' <Predicate = true> <Delay = 0.00>
ST_3 : Operation 786 [1/1] (1.91ns)   --->   "%add_ln58_845 = add i9 %sext_ln58_1006, i9 %sext_ln58_840" [firmware/nnet_utils/nnet_dense_latency.h:58]   --->   Operation 786 'add' 'add_ln58_845' <Predicate = true> <Delay = 1.91> <CoreInst = "Adder">   --->   Core 1 'Adder' <Latency = 0> <II = 1> <Delay = 1.82> <FuncUnit> <Opcode : 'add' 'sub'> <InPorts = 2> <OutPorts = 1>
ST_3 : Operation 787 [1/1] (0.00ns)   --->   "%sext_ln58_1007 = sext i9 %add_ln58_845" [firmware/nnet_utils/nnet_dense_latency.h:58]   --->   Operation 787 'sext' 'sext_ln58_1007' <Predicate = true> <Delay = 0.00>
ST_3 : Operation 788 [1/1] (0.00ns)   --->   "%sext_ln58_1010 = sext i8 %add_ln58_848" [firmware/nnet_utils/nnet_dense_latency.h:58]   --->   Operation 788 'sext' 'sext_ln58_1010' <Predicate = true> <Delay = 0.00>
ST_3 : Operation 789 [1/1] (1.82ns)   --->   "%add_ln58_849 = add i10 %sext_ln58_1010, i10 %sext_ln58_1007" [firmware/nnet_utils/nnet_dense_latency.h:58]   --->   Operation 789 'add' 'add_ln58_849' <Predicate = true> <Delay = 1.82> <CoreInst = "Adder">   --->   Core 1 'Adder' <Latency = 0> <II = 1> <Delay = 1.73> <FuncUnit> <Opcode : 'add' 'sub'> <InPorts = 2> <OutPorts = 1>
ST_3 : Operation 790 [1/1] (0.00ns)   --->   "%sext_ln58_1011 = sext i10 %add_ln58_849" [firmware/nnet_utils/nnet_dense_latency.h:58]   --->   Operation 790 'sext' 'sext_ln58_1011' <Predicate = true> <Delay = 0.00>
ST_3 : Operation 791 [1/1] (3.75ns) (root node of TernaryAdder)   --->   "%add_ln58_850 = add i11 %sext_ln58_1011, i11 %add_ln58_844" [firmware/nnet_utils/nnet_dense_latency.h:58]   --->   Operation 791 'add' 'add_ln58_850' <Predicate = true> <Delay = 3.75> <CoreInst = "TAddSub">   --->   Core 10 'TAddSub' <Latency = 0> <II = 1> <Delay = 1.83> <IPBlock> <Opcode : 'add' 'sub'> <InPorts = 3> <OutPorts = 1> <Sync> <CReg>
ST_3 : Operation 792 [1/1] (0.00ns)   --->   "%sext_ln58_1012 = sext i6 %data_27_val_read" [firmware/nnet_utils/nnet_dense_latency.h:58]   --->   Operation 792 'sext' 'sext_ln58_1012' <Predicate = true> <Delay = 0.00>
ST_3 : Operation 793 [1/1] (0.00ns)   --->   "%sext_ln58_1013 = sext i11 %add_ln58_850" [firmware/nnet_utils/nnet_dense_latency.h:58]   --->   Operation 793 'sext' 'sext_ln58_1013' <Predicate = true> <Delay = 0.00>
ST_3 : Operation 794 [1/1] (1.63ns)   --->   "%sub_ln58_344 = sub i12 %sext_ln58_1013, i12 %sext_ln58_1012" [firmware/nnet_utils/nnet_dense_latency.h:58]   --->   Operation 794 'sub' 'sub_ln58_344' <Predicate = true> <Delay = 1.63> <CoreInst = "Adder">   --->   Core 1 'Adder' <Latency = 0> <II = 1> <Delay = 1.54> <FuncUnit> <Opcode : 'add' 'sub'> <InPorts = 2> <OutPorts = 1>
ST_3 : Operation 795 [1/1] (0.00ns) (grouped into TernaryAdder)   --->   "%add_ln58_851 = add i12 %sub_ln58_344, i12 %sext_ln58_284" [firmware/nnet_utils/nnet_dense_latency.h:58]   --->   Operation 795 'add' 'add_ln58_851' <Predicate = true> <Delay = 0.00> <CoreInst = "TAddSub">   --->   Core 10 'TAddSub' <Latency = 0> <II = 1> <Delay = 1.83> <IPBlock> <Opcode : 'add' 'sub'> <InPorts = 3> <OutPorts = 1> <Sync> <CReg>
ST_3 : Operation 796 [1/1] (1.82ns)   --->   "%sub_ln58_345 = sub i7 %sext_ln73_64, i7 %sext_ln73_61" [firmware/nnet_utils/nnet_dense_latency.h:58]   --->   Operation 796 'sub' 'sub_ln58_345' <Predicate = true> <Delay = 1.82> <CoreInst = "Adder">   --->   Core 1 'Adder' <Latency = 0> <II = 1> <Delay = 1.87> <FuncUnit> <Opcode : 'add' 'sub'> <InPorts = 2> <OutPorts = 1>
ST_3 : Operation 797 [1/1] (0.00ns)   --->   "%sext_ln58_1014 = sext i7 %sub_ln58_345" [firmware/nnet_utils/nnet_dense_latency.h:58]   --->   Operation 797 'sext' 'sext_ln58_1014' <Predicate = true> <Delay = 0.00>
ST_3 : Operation 798 [1/1] (3.78ns) (root node of TernaryAdder)   --->   "%add_ln58_852 = add i12 %sext_ln58_1014, i12 %add_ln58_851" [firmware/nnet_utils/nnet_dense_latency.h:58]   --->   Operation 798 'add' 'add_ln58_852' <Predicate = true> <Delay = 3.78> <CoreInst = "TAddSub">   --->   Core 10 'TAddSub' <Latency = 0> <II = 1> <Delay = 1.83> <IPBlock> <Opcode : 'add' 'sub'> <InPorts = 3> <OutPorts = 1> <Sync> <CReg>
ST_3 : Operation 799 [1/1] (0.00ns)   --->   "%sext_ln58_325 = sext i12 %add_ln58_852" [firmware/nnet_utils/nnet_dense_latency.h:58]   --->   Operation 799 'sext' 'sext_ln58_325' <Predicate = true> <Delay = 0.00>
ST_3 : Operation 800 [1/1] (3.69ns) (root node of TernaryAdder)   --->   "%add_ln58_853 = add i9 %mult_100, i9 %sext_ln17_177" [firmware/nnet_utils/nnet_dense_latency.h:58]   --->   Operation 800 'add' 'add_ln58_853' <Predicate = true> <Delay = 3.69> <CoreInst = "TAddSub">   --->   Core 10 'TAddSub' <Latency = 0> <II = 1> <Delay = 1.83> <IPBlock> <Opcode : 'add' 'sub'> <InPorts = 3> <OutPorts = 1> <Sync> <CReg>
ST_3 : Operation 801 [1/1] (0.00ns)   --->   "%sext_ln58_1015 = sext i9 %add_ln58_853" [firmware/nnet_utils/nnet_dense_latency.h:58]   --->   Operation 801 'sext' 'sext_ln58_1015' <Predicate = true> <Delay = 0.00>
ST_3 : Operation 802 [1/1] (0.00ns) (grouped into TernaryAdder)   --->   "%add_ln58_854 = add i11 %sext_ln58_1015, i11 %sext_ln58_246" [firmware/nnet_utils/nnet_dense_latency.h:58]   --->   Operation 802 'add' 'add_ln58_854' <Predicate = true> <Delay = 0.00> <CoreInst = "TAddSub">   --->   Core 10 'TAddSub' <Latency = 0> <II = 1> <Delay = 1.83> <IPBlock> <Opcode : 'add' 'sub'> <InPorts = 3> <OutPorts = 1> <Sync> <CReg>
ST_3 : Operation 803 [1/1] (1.82ns)   --->   "%add_ln58_855 = add i7 %sext_ln73_54, i7 %sext_ln58_851" [firmware/nnet_utils/nnet_dense_latency.h:58]   --->   Operation 803 'add' 'add_ln58_855' <Predicate = true> <Delay = 1.82> <CoreInst = "Adder">   --->   Core 1 'Adder' <Latency = 0> <II = 1> <Delay = 1.87> <FuncUnit> <Opcode : 'add' 'sub'> <InPorts = 2> <OutPorts = 1>
ST_3 : Operation 804 [1/1] (0.00ns)   --->   "%sext_ln58_1016 = sext i7 %add_ln58_855" [firmware/nnet_utils/nnet_dense_latency.h:58]   --->   Operation 804 'sext' 'sext_ln58_1016' <Predicate = true> <Delay = 0.00>
ST_3 : Operation 805 [1/1] (1.87ns)   --->   "%add_ln58_856 = add i8 %sext_ln58_1016, i8 %sext_ln58_864" [firmware/nnet_utils/nnet_dense_latency.h:58]   --->   Operation 805 'add' 'add_ln58_856' <Predicate = true> <Delay = 1.87> <CoreInst = "Adder">   --->   Core 1 'Adder' <Latency = 0> <II = 1> <Delay = 1.91> <FuncUnit> <Opcode : 'add' 'sub'> <InPorts = 2> <OutPorts = 1>
ST_3 : Operation 806 [1/1] (0.00ns)   --->   "%sext_ln58_1017 = sext i8 %add_ln58_856" [firmware/nnet_utils/nnet_dense_latency.h:58]   --->   Operation 806 'sext' 'sext_ln58_1017' <Predicate = true> <Delay = 0.00>
ST_3 : Operation 807 [1/1] (3.75ns) (root node of TernaryAdder)   --->   "%add_ln58_857 = add i11 %sext_ln58_1017, i11 %add_ln58_854" [firmware/nnet_utils/nnet_dense_latency.h:58]   --->   Operation 807 'add' 'add_ln58_857' <Predicate = true> <Delay = 3.75> <CoreInst = "TAddSub">   --->   Core 10 'TAddSub' <Latency = 0> <II = 1> <Delay = 1.83> <IPBlock> <Opcode : 'add' 'sub'> <InPorts = 3> <OutPorts = 1> <Sync> <CReg>
ST_3 : Operation 808 [1/1] (0.00ns)   --->   "%sext_ln58_326 = sext i11 %add_ln58_857" [firmware/nnet_utils/nnet_dense_latency.h:58]   --->   Operation 808 'sext' 'sext_ln58_326' <Predicate = true> <Delay = 0.00>
ST_3 : Operation 809 [1/1] (0.00ns)   --->   "%sext_ln58_1033 = sext i7 %shl_ln73_3" [firmware/nnet_utils/nnet_dense_latency.h:58]   --->   Operation 809 'sext' 'sext_ln58_1033' <Predicate = true> <Delay = 0.00>
ST_3 : Operation 810 [1/1] (0.00ns)   --->   "%sext_ln58_1034 = sext i10 %add_ln58_687" [firmware/nnet_utils/nnet_dense_latency.h:58]   --->   Operation 810 'sext' 'sext_ln58_1034' <Predicate = true> <Delay = 0.00>
ST_3 : Operation 811 [1/1] (1.73ns)   --->   "%sub_ln58_376 = sub i11 %sext_ln58_1034, i11 %sext_ln58_1033" [firmware/nnet_utils/nnet_dense_latency.h:58]   --->   Operation 811 'sub' 'sub_ln58_376' <Predicate = true> <Delay = 1.73> <CoreInst = "Adder">   --->   Core 1 'Adder' <Latency = 0> <II = 1> <Delay = 1.63> <FuncUnit> <Opcode : 'add' 'sub'> <InPorts = 2> <OutPorts = 1>
ST_3 : Operation 812 [1/1] (1.87ns)   --->   "%add_ln58_858 = add i8 %sext_ln73_70, i8 %sext_ln58_827" [firmware/nnet_utils/nnet_dense_latency.h:58]   --->   Operation 812 'add' 'add_ln58_858' <Predicate = true> <Delay = 1.87> <CoreInst = "Adder">   --->   Core 1 'Adder' <Latency = 0> <II = 1> <Delay = 1.91> <FuncUnit> <Opcode : 'add' 'sub'> <InPorts = 2> <OutPorts = 1>
ST_3 : Operation 813 [1/1] (0.00ns)   --->   "%sext_ln58_1035 = sext i7 %mult_94" [firmware/nnet_utils/nnet_dense_latency.h:58]   --->   Operation 813 'sext' 'sext_ln58_1035' <Predicate = true> <Delay = 0.00>
ST_3 : Operation 814 [1/1] (0.00ns)   --->   "%sext_ln58_1036 = sext i8 %add_ln58_858" [firmware/nnet_utils/nnet_dense_latency.h:58]   --->   Operation 814 'sext' 'sext_ln58_1036' <Predicate = true> <Delay = 0.00>
ST_3 : Operation 815 [1/1] (1.91ns)   --->   "%sub_ln58_377 = sub i9 %sext_ln58_1036, i9 %sext_ln58_1035" [firmware/nnet_utils/nnet_dense_latency.h:58]   --->   Operation 815 'sub' 'sub_ln58_377' <Predicate = true> <Delay = 1.91> <CoreInst = "Adder">   --->   Core 1 'Adder' <Latency = 0> <II = 1> <Delay = 1.82> <FuncUnit> <Opcode : 'add' 'sub'> <InPorts = 2> <OutPorts = 1>
ST_3 : Operation 816 [1/1] (0.00ns)   --->   "%sext_ln58_1019 = sext i9 %sub_ln58_377" [firmware/nnet_utils/nnet_dense_latency.h:58]   --->   Operation 816 'sext' 'sext_ln58_1019' <Predicate = true> <Delay = 0.00>
ST_3 : Operation 817 [1/1] (0.00ns) (grouped into TernaryAdder)   --->   "%add_ln58_859 = add i11 %sext_ln58_1019, i11 %sub_ln58_376" [firmware/nnet_utils/nnet_dense_latency.h:58]   --->   Operation 817 'add' 'add_ln58_859' <Predicate = true> <Delay = 0.00> <CoreInst = "TAddSub">   --->   Core 10 'TAddSub' <Latency = 0> <II = 1> <Delay = 1.83> <IPBlock> <Opcode : 'add' 'sub'> <InPorts = 3> <OutPorts = 1> <Sync> <CReg>
ST_3 : Operation 818 [1/1] (0.00ns)   --->   "%sext_ln58_1020 = sext i7 %mult_95" [firmware/nnet_utils/nnet_dense_latency.h:58]   --->   Operation 818 'sext' 'sext_ln58_1020' <Predicate = true> <Delay = 0.00>
ST_3 : Operation 819 [1/1] (1.87ns)   --->   "%sub_ln58_346 = sub i8 %sext_ln58_1020, i8 %sext_ln73_49" [firmware/nnet_utils/nnet_dense_latency.h:58]   --->   Operation 819 'sub' 'sub_ln58_346' <Predicate = true> <Delay = 1.87> <CoreInst = "Adder">   --->   Core 1 'Adder' <Latency = 0> <II = 1> <Delay = 1.91> <FuncUnit> <Opcode : 'add' 'sub'> <InPorts = 2> <OutPorts = 1>
ST_3 : Operation 820 [1/1] (0.00ns)   --->   "%sext_ln58_1021 = sext i8 %sub_ln58_346" [firmware/nnet_utils/nnet_dense_latency.h:58]   --->   Operation 820 'sext' 'sext_ln58_1021' <Predicate = true> <Delay = 0.00>
ST_3 : Operation 821 [1/1] (1.82ns)   --->   "%sub_ln58_347 = sub i7 %sext_ln73_54, i7 %sext_ln73_56" [firmware/nnet_utils/nnet_dense_latency.h:58]   --->   Operation 821 'sub' 'sub_ln58_347' <Predicate = true> <Delay = 1.82> <CoreInst = "Adder">   --->   Core 1 'Adder' <Latency = 0> <II = 1> <Delay = 1.87> <FuncUnit> <Opcode : 'add' 'sub'> <InPorts = 2> <OutPorts = 1>
ST_3 : Operation 822 [1/1] (0.00ns)   --->   "%sext_ln58_1022 = sext i7 %sub_ln58_347" [firmware/nnet_utils/nnet_dense_latency.h:58]   --->   Operation 822 'sext' 'sext_ln58_1022' <Predicate = true> <Delay = 0.00>
ST_3 : Operation 823 [1/1] (1.87ns)   --->   "%add_ln58_860 = add i8 %sext_ln58_1022, i8 %sext_ln58_845" [firmware/nnet_utils/nnet_dense_latency.h:58]   --->   Operation 823 'add' 'add_ln58_860' <Predicate = true> <Delay = 1.87> <CoreInst = "Adder">   --->   Core 1 'Adder' <Latency = 0> <II = 1> <Delay = 1.91> <FuncUnit> <Opcode : 'add' 'sub'> <InPorts = 2> <OutPorts = 1>
ST_3 : Operation 824 [1/1] (0.00ns)   --->   "%sext_ln58_1023 = sext i8 %add_ln58_860" [firmware/nnet_utils/nnet_dense_latency.h:58]   --->   Operation 824 'sext' 'sext_ln58_1023' <Predicate = true> <Delay = 0.00>
ST_3 : Operation 825 [1/1] (1.91ns)   --->   "%add_ln58_861 = add i9 %sext_ln58_1023, i9 %sext_ln58_1021" [firmware/nnet_utils/nnet_dense_latency.h:58]   --->   Operation 825 'add' 'add_ln58_861' <Predicate = true> <Delay = 1.91> <CoreInst = "Adder">   --->   Core 1 'Adder' <Latency = 0> <II = 1> <Delay = 1.82> <FuncUnit> <Opcode : 'add' 'sub'> <InPorts = 2> <OutPorts = 1>
ST_3 : Operation 826 [1/1] (0.00ns)   --->   "%sext_ln58_1024 = sext i9 %add_ln58_861" [firmware/nnet_utils/nnet_dense_latency.h:58]   --->   Operation 826 'sext' 'sext_ln58_1024' <Predicate = true> <Delay = 0.00>
ST_3 : Operation 827 [1/1] (3.75ns) (root node of TernaryAdder)   --->   "%add_ln58_862 = add i11 %sext_ln58_1024, i11 %add_ln58_859" [firmware/nnet_utils/nnet_dense_latency.h:58]   --->   Operation 827 'add' 'add_ln58_862' <Predicate = true> <Delay = 3.75> <CoreInst = "TAddSub">   --->   Core 10 'TAddSub' <Latency = 0> <II = 1> <Delay = 1.83> <IPBlock> <Opcode : 'add' 'sub'> <InPorts = 3> <OutPorts = 1> <Sync> <CReg>
ST_3 : Operation 828 [1/1] (0.00ns)   --->   "%sext_ln58_1037 = sext i11 %add_ln58_862" [firmware/nnet_utils/nnet_dense_latency.h:58]   --->   Operation 828 'sext' 'sext_ln58_1037' <Predicate = true> <Delay = 0.00>
ST_3 : Operation 829 [1/1] (0.00ns) (grouped into TernaryAdder)   --->   "%sub_ln58_378 = sub i12 %sext_ln58_1037, i12 %sext_ln58_284" [firmware/nnet_utils/nnet_dense_latency.h:58]   --->   Operation 829 'sub' 'sub_ln58_378' <Predicate = true> <Delay = 0.00> <CoreInst = "TAddSub">   --->   Core 10 'TAddSub' <Latency = 0> <II = 1> <Delay = 1.83> <IPBlock> <Opcode : 'add' 'sub'> <InPorts = 3> <OutPorts = 1> <Sync> <CReg>
ST_3 : Operation 830 [1/1] (1.87ns)   --->   "%sub_ln58_379 = sub i8 %sext_ln58_888, i8 %sext_ln73_78" [firmware/nnet_utils/nnet_dense_latency.h:58]   --->   Operation 830 'sub' 'sub_ln58_379' <Predicate = true> <Delay = 1.87> <CoreInst = "Adder">   --->   Core 1 'Adder' <Latency = 0> <II = 1> <Delay = 1.91> <FuncUnit> <Opcode : 'add' 'sub'> <InPorts = 2> <OutPorts = 1>
ST_3 : Operation 831 [1/1] (0.00ns)   --->   "%sext_ln58_1025 = sext i8 %sub_ln58_379" [firmware/nnet_utils/nnet_dense_latency.h:58]   --->   Operation 831 'sext' 'sext_ln58_1025' <Predicate = true> <Delay = 0.00>
ST_3 : Operation 832 [1/1] (3.78ns) (root node of TernaryAdder)   --->   "%add_ln58_863 = add i12 %sext_ln58_1025, i12 %sub_ln58_378" [firmware/nnet_utils/nnet_dense_latency.h:58]   --->   Operation 832 'add' 'add_ln58_863' <Predicate = true> <Delay = 3.78> <CoreInst = "TAddSub">   --->   Core 10 'TAddSub' <Latency = 0> <II = 1> <Delay = 1.83> <IPBlock> <Opcode : 'add' 'sub'> <InPorts = 3> <OutPorts = 1> <Sync> <CReg>
ST_3 : Operation 833 [1/1] (0.00ns)   --->   "%sext_ln68 = sext i12 %add_ln58_863" [firmware/nnet_utils/nnet_dense_latency.h:68]   --->   Operation 833 'sext' 'sext_ln68' <Predicate = true> <Delay = 0.00>
ST_3 : Operation 834 [1/1] (0.00ns)   --->   "%mrv = insertvalue i288 <undef>, i18 %sext_ln58_303" [firmware/nnet_utils/nnet_dense_latency.h:68]   --->   Operation 834 'insertvalue' 'mrv' <Predicate = true> <Delay = 0.00>
ST_3 : Operation 835 [1/1] (0.00ns)   --->   "%mrv_1 = insertvalue i288 %mrv, i18 %sext_ln58_305" [firmware/nnet_utils/nnet_dense_latency.h:68]   --->   Operation 835 'insertvalue' 'mrv_1' <Predicate = true> <Delay = 0.00>
ST_3 : Operation 836 [1/1] (0.00ns)   --->   "%mrv_2 = insertvalue i288 %mrv_1, i18 %sext_ln58_299" [firmware/nnet_utils/nnet_dense_latency.h:68]   --->   Operation 836 'insertvalue' 'mrv_2' <Predicate = true> <Delay = 0.00>
ST_3 : Operation 837 [1/1] (0.00ns)   --->   "%mrv_3 = insertvalue i288 %mrv_2, i18 %sext_ln58_307" [firmware/nnet_utils/nnet_dense_latency.h:68]   --->   Operation 837 'insertvalue' 'mrv_3' <Predicate = true> <Delay = 0.00>
ST_3 : Operation 838 [1/1] (0.00ns)   --->   "%mrv_4 = insertvalue i288 %mrv_3, i18 %sext_ln58_310" [firmware/nnet_utils/nnet_dense_latency.h:68]   --->   Operation 838 'insertvalue' 'mrv_4' <Predicate = true> <Delay = 0.00>
ST_3 : Operation 839 [1/1] (0.00ns)   --->   "%mrv_5 = insertvalue i288 %mrv_4, i18 %sext_ln58_313" [firmware/nnet_utils/nnet_dense_latency.h:68]   --->   Operation 839 'insertvalue' 'mrv_5' <Predicate = true> <Delay = 0.00>
ST_3 : Operation 840 [1/1] (0.00ns)   --->   "%mrv_6 = insertvalue i288 %mrv_5, i18 %sext_ln58_301" [firmware/nnet_utils/nnet_dense_latency.h:68]   --->   Operation 840 'insertvalue' 'mrv_6' <Predicate = true> <Delay = 0.00>
ST_3 : Operation 841 [1/1] (0.00ns)   --->   "%mrv_7 = insertvalue i288 %mrv_6, i18 %sext_ln58_295" [firmware/nnet_utils/nnet_dense_latency.h:68]   --->   Operation 841 'insertvalue' 'mrv_7' <Predicate = true> <Delay = 0.00>
ST_3 : Operation 842 [1/1] (0.00ns)   --->   "%mrv_8 = insertvalue i288 %mrv_7, i18 %sext_ln58_316" [firmware/nnet_utils/nnet_dense_latency.h:68]   --->   Operation 842 'insertvalue' 'mrv_8' <Predicate = true> <Delay = 0.00>
ST_3 : Operation 843 [1/1] (0.00ns)   --->   "%mrv_9 = insertvalue i288 %mrv_8, i18 %sext_ln58_319" [firmware/nnet_utils/nnet_dense_latency.h:68]   --->   Operation 843 'insertvalue' 'mrv_9' <Predicate = true> <Delay = 0.00>
ST_3 : Operation 844 [1/1] (0.00ns)   --->   "%mrv_10 = insertvalue i288 %mrv_9, i18 %sext_ln58_322" [firmware/nnet_utils/nnet_dense_latency.h:68]   --->   Operation 844 'insertvalue' 'mrv_10' <Predicate = true> <Delay = 0.00>
ST_3 : Operation 845 [1/1] (0.00ns)   --->   "%mrv_11 = insertvalue i288 %mrv_10, i18 %sext_ln58_323" [firmware/nnet_utils/nnet_dense_latency.h:68]   --->   Operation 845 'insertvalue' 'mrv_11' <Predicate = true> <Delay = 0.00>
ST_3 : Operation 846 [1/1] (0.00ns)   --->   "%mrv_12 = insertvalue i288 %mrv_11, i18 %sext_ln58_281" [firmware/nnet_utils/nnet_dense_latency.h:68]   --->   Operation 846 'insertvalue' 'mrv_12' <Predicate = true> <Delay = 0.00>
ST_3 : Operation 847 [1/1] (0.00ns)   --->   "%mrv_13 = insertvalue i288 %mrv_12, i18 %sext_ln58_325" [firmware/nnet_utils/nnet_dense_latency.h:68]   --->   Operation 847 'insertvalue' 'mrv_13' <Predicate = true> <Delay = 0.00>
ST_3 : Operation 848 [1/1] (0.00ns)   --->   "%mrv_14 = insertvalue i288 %mrv_13, i18 %sext_ln58_326" [firmware/nnet_utils/nnet_dense_latency.h:68]   --->   Operation 848 'insertvalue' 'mrv_14' <Predicate = true> <Delay = 0.00>
ST_3 : Operation 849 [1/1] (0.00ns)   --->   "%mrv_15 = insertvalue i288 %mrv_14, i18 %sext_ln68" [firmware/nnet_utils/nnet_dense_latency.h:68]   --->   Operation 849 'insertvalue' 'mrv_15' <Predicate = true> <Delay = 0.00>
ST_3 : Operation 850 [1/1] (0.00ns)   --->   "%ret_ln68 = ret i288 %mrv_15" [firmware/nnet_utils/nnet_dense_latency.h:68]   --->   Operation 850 'ret' 'ret_ln68' <Predicate = true> <Delay = 0.00>


============================================================
+ Verbose Summary: Binding
============================================================
STG Binding: 
---------------- STG Properties BEGIN ----------------
- Is combinational: 0
- Is one-state seq: 0
- Is datapath-only: 0
- Is pipelined: 0
- Is top level: 0
Port [ Return ] is wired: 1; IO mode=ap_ctrl_hs:ce=0
Port [ data_0_val]:  wired=1; compound=0; hidden=0; nouse=0; global=0; static=0; extern=0; dir=0; type=0; pingpong=0; private_global=0; IO mode=ap_none:ce=0
Port [ data_1_val]:  wired=1; compound=0; hidden=0; nouse=0; global=0; static=0; extern=0; dir=0; type=0; pingpong=0; private_global=0; IO mode=ap_none:ce=0
Port [ data_2_val]:  wired=1; compound=0; hidden=0; nouse=0; global=0; static=0; extern=0; dir=0; type=0; pingpong=0; private_global=0; IO mode=ap_none:ce=0
Port [ data_3_val]:  wired=1; compound=0; hidden=0; nouse=0; global=0; static=0; extern=0; dir=0; type=0; pingpong=0; private_global=0; IO mode=ap_none:ce=0
Port [ data_4_val]:  wired=1; compound=0; hidden=0; nouse=0; global=0; static=0; extern=0; dir=0; type=0; pingpong=0; private_global=0; IO mode=ap_none:ce=0
Port [ data_5_val]:  wired=1; compound=0; hidden=0; nouse=0; global=0; static=0; extern=0; dir=0; type=0; pingpong=0; private_global=0; IO mode=ap_none:ce=0
Port [ data_6_val]:  wired=1; compound=0; hidden=0; nouse=0; global=0; static=0; extern=0; dir=0; type=0; pingpong=0; private_global=0; IO mode=ap_none:ce=0
Port [ data_7_val]:  wired=1; compound=0; hidden=0; nouse=0; global=0; static=0; extern=0; dir=0; type=0; pingpong=0; private_global=0; IO mode=ap_none:ce=0
Port [ data_8_val]:  wired=1; compound=0; hidden=0; nouse=0; global=0; static=0; extern=0; dir=0; type=0; pingpong=0; private_global=0; IO mode=ap_none:ce=0
Port [ data_9_val]:  wired=1; compound=0; hidden=0; nouse=0; global=0; static=0; extern=0; dir=0; type=0; pingpong=0; private_global=0; IO mode=ap_none:ce=0
Port [ data_10_val]:  wired=1; compound=0; hidden=0; nouse=0; global=0; static=0; extern=0; dir=0; type=0; pingpong=0; private_global=0; IO mode=ap_none:ce=0
Port [ data_11_val]:  wired=1; compound=0; hidden=0; nouse=0; global=0; static=0; extern=0; dir=0; type=0; pingpong=0; private_global=0; IO mode=ap_none:ce=0
Port [ data_12_val]:  wired=1; compound=0; hidden=0; nouse=0; global=0; static=0; extern=0; dir=0; type=0; pingpong=0; private_global=0; IO mode=ap_none:ce=0
Port [ data_13_val]:  wired=1; compound=0; hidden=0; nouse=0; global=0; static=0; extern=0; dir=0; type=0; pingpong=0; private_global=0; IO mode=ap_none:ce=0
Port [ data_14_val]:  wired=1; compound=0; hidden=0; nouse=0; global=0; static=0; extern=0; dir=0; type=0; pingpong=0; private_global=0; IO mode=ap_none:ce=0
Port [ data_15_val]:  wired=1; compound=0; hidden=0; nouse=0; global=0; static=0; extern=0; dir=0; type=0; pingpong=0; private_global=0; IO mode=ap_none:ce=0
Port [ data_16_val]:  wired=1; compound=0; hidden=0; nouse=0; global=0; static=0; extern=0; dir=0; type=0; pingpong=0; private_global=0; IO mode=ap_none:ce=0
Port [ data_17_val]:  wired=1; compound=0; hidden=0; nouse=0; global=0; static=0; extern=0; dir=0; type=0; pingpong=0; private_global=0; IO mode=ap_none:ce=0
Port [ data_18_val]:  wired=1; compound=0; hidden=0; nouse=0; global=0; static=0; extern=0; dir=0; type=0; pingpong=0; private_global=0; IO mode=ap_none:ce=0
Port [ data_19_val]:  wired=1; compound=0; hidden=0; nouse=0; global=0; static=0; extern=0; dir=0; type=0; pingpong=0; private_global=0; IO mode=ap_none:ce=0
Port [ data_20_val]:  wired=1; compound=0; hidden=0; nouse=0; global=0; static=0; extern=0; dir=0; type=0; pingpong=0; private_global=0; IO mode=ap_none:ce=0
Port [ data_21_val]:  wired=1; compound=0; hidden=0; nouse=0; global=0; static=0; extern=0; dir=0; type=0; pingpong=0; private_global=0; IO mode=ap_none:ce=0
Port [ data_22_val]:  wired=1; compound=0; hidden=0; nouse=0; global=0; static=0; extern=0; dir=0; type=0; pingpong=0; private_global=0; IO mode=ap_none:ce=0
Port [ data_23_val]:  wired=1; compound=0; hidden=0; nouse=0; global=0; static=0; extern=0; dir=0; type=0; pingpong=0; private_global=0; IO mode=ap_none:ce=0
Port [ data_24_val]:  wired=1; compound=0; hidden=0; nouse=0; global=0; static=0; extern=0; dir=0; type=0; pingpong=0; private_global=0; IO mode=ap_none:ce=0
Port [ data_25_val]:  wired=1; compound=0; hidden=0; nouse=0; global=0; static=0; extern=0; dir=0; type=0; pingpong=0; private_global=0; IO mode=ap_none:ce=0
Port [ data_26_val]:  wired=1; compound=0; hidden=0; nouse=0; global=0; static=0; extern=0; dir=0; type=0; pingpong=0; private_global=0; IO mode=ap_none:ce=0
Port [ data_27_val]:  wired=1; compound=0; hidden=0; nouse=0; global=0; static=0; extern=0; dir=0; type=0; pingpong=0; private_global=0; IO mode=ap_none:ce=0
Port [ data_28_val]:  wired=1; compound=0; hidden=0; nouse=0; global=0; static=0; extern=0; dir=0; type=0; pingpong=0; private_global=0; IO mode=ap_none:ce=0
Port [ data_29_val]:  wired=1; compound=0; hidden=0; nouse=0; global=0; static=0; extern=0; dir=0; type=0; pingpong=0; private_global=0; IO mode=ap_none:ce=0
Port [ data_30_val]:  wired=1; compound=0; hidden=0; nouse=0; global=0; static=0; extern=0; dir=0; type=0; pingpong=0; private_global=0; IO mode=ap_none:ce=0
Port [ data_31_val]:  wired=1; compound=0; hidden=0; nouse=0; global=0; static=0; extern=0; dir=0; type=0; pingpong=0; private_global=0; IO mode=ap_none:ce=0
---------------- STG Properties END ------------------

---------------- Datapath Model BEGIN ----------------

<LifeTime>
<method=bitvector/>
data_1_val_read        (read             ) [ 0010]
data_0_val_read        (read             ) [ 0010]
sext_ln73_19           (sext             ) [ 0010]
sext_ln17_152          (sext             ) [ 0010]
add_ln58_644           (add              ) [ 0010]
data_26_val_read       (read             ) [ 0001]
data_25_val_read       (read             ) [ 0001]
data_24_val_read       (read             ) [ 0001]
data_23_val_read       (read             ) [ 0001]
data_22_val_read       (read             ) [ 0001]
data_21_val_read       (read             ) [ 0001]
data_20_val_read       (read             ) [ 0001]
data_19_val_read       (read             ) [ 0001]
data_18_val_read       (read             ) [ 0001]
data_17_val_read       (read             ) [ 0001]
data_16_val_read       (read             ) [ 0001]
data_15_val_read       (read             ) [ 0001]
data_14_val_read       (read             ) [ 0000]
data_13_val_read       (read             ) [ 0000]
data_12_val_read       (read             ) [ 0000]
data_11_val_read       (read             ) [ 0000]
data_10_val_read       (read             ) [ 0000]
data_9_val_read        (read             ) [ 0000]
data_8_val_read        (read             ) [ 0000]
data_7_val_read        (read             ) [ 0000]
data_6_val_read        (read             ) [ 0000]
data_5_val_read        (read             ) [ 0000]
data_4_val_read        (read             ) [ 0000]
data_3_val_read        (read             ) [ 0000]
data_2_val_read        (read             ) [ 0000]
sext_ln73              (sext             ) [ 0000]
sub_ln73               (sub              ) [ 0000]
mult                   (bitconcatenate   ) [ 0000]
sext_ln17              (sext             ) [ 0000]
sub_ln73_59            (sub              ) [ 0000]
sext_ln17_151          (sext             ) [ 0000]
mult_81                (bitconcatenate   ) [ 0000]
sext_ln17_153          (sext             ) [ 0000]
sext_ln73_20           (sext             ) [ 0000]
sext_ln73_21           (sext             ) [ 0000]
mult_82                (bitconcatenate   ) [ 0000]
sext_ln73_28           (sext             ) [ 0000]
sext_ln73_23           (sext             ) [ 0000]
mult_83                (bitconcatenate   ) [ 0000]
sext_ln42              (sext             ) [ 0000]
sext_ln17_154          (sext             ) [ 0000]
mult_84                (sub              ) [ 0000]
sext_ln17_155          (sext             ) [ 0000]
sext_ln70              (sext             ) [ 0000]
sext_ln17_156          (sext             ) [ 0000]
sext_ln70_29           (sext             ) [ 0000]
sext_ln17_157          (sext             ) [ 0000]
sext_ln17_158          (sext             ) [ 0000]
mult_85                (sub              ) [ 0000]
sext_ln17_159          (sext             ) [ 0000]
sext_ln17_160          (sext             ) [ 0000]
sext_ln17_161          (sext             ) [ 0000]
sext_ln17_162          (sext             ) [ 0000]
mult_86                (bitconcatenate   ) [ 0000]
sext_ln17_163          (sext             ) [ 0000]
sext_ln17_164          (sext             ) [ 0000]
sext_ln17_165          (sext             ) [ 0000]
sext_ln73_24           (sext             ) [ 0000]
mult_87                (bitconcatenate   ) [ 0000]
sext_ln17_166          (sext             ) [ 0000]
sext_ln70_30           (sext             ) [ 0000]
sext_ln17_167          (sext             ) [ 0000]
sext_ln17_168          (sext             ) [ 0000]
sext_ln17_169          (sext             ) [ 0000]
mult_88                (bitconcatenate   ) [ 0000]
sext_ln17_170          (sext             ) [ 0000]
sext_ln17_171          (sext             ) [ 0000]
mult_89                (sub              ) [ 0000]
sext_ln17_172          (sext             ) [ 0000]
sext_ln73_27           (sext             ) [ 0000]
mult_90                (bitconcatenate   ) [ 0000]
sext_ln17_173          (sext             ) [ 0000]
mult_91                (sub              ) [ 0000]
sub_ln73_60            (sub              ) [ 0000]
sext_ln73_29           (sext             ) [ 0000]
sub_ln73_61            (sub              ) [ 0000]
mult_92                (bitconcatenate   ) [ 0000]
sext_ln73_65           (sext             ) [ 0000]
sub_ln73_77            (sub              ) [ 0000]
sext_ln73_30           (sext             ) [ 0000]
sext_ln73_31           (sext             ) [ 0000]
shl_ln                 (bitconcatenate   ) [ 0000]
sext_ln73_66           (sext             ) [ 0000]
sext_ln73_32           (sext             ) [ 0000]
sext_ln73_33           (sext             ) [ 0000]
sext_ln73_34           (sext             ) [ 0000]
sub_ln73_62            (sub              ) [ 0000]
shl_ln73_1             (bitconcatenate   ) [ 0001]
tmp                    (bitconcatenate   ) [ 0000]
sext_ln73_67           (sext             ) [ 0000]
mult_93                (sub              ) [ 0000]
sext_ln73_35           (sext             ) [ 0001]
sext_ln73_36           (sext             ) [ 0000]
shl_ln73_2             (bitconcatenate   ) [ 0000]
sext_ln73_68           (sext             ) [ 0001]
sub_ln73_79            (sub              ) [ 0000]
sext_ln73_37           (sext             ) [ 0000]
sext_ln73_38           (sext             ) [ 0000]
sub_ln73_63            (sub              ) [ 0000]
sext_ln73_39           (sext             ) [ 0001]
tmp_299                (bitconcatenate   ) [ 0000]
sext_ln73_69           (sext             ) [ 0000]
sext_ln73_41           (sext             ) [ 0001]
sext_ln73_42           (sext             ) [ 0000]
sext_ln73_43           (sext             ) [ 0001]
sub_ln73_65            (sub              ) [ 0001]
sext_ln73_44           (sext             ) [ 0001]
sext_ln73_46           (sext             ) [ 0001]
sub_ln73_66            (sub              ) [ 0000]
sext_ln73_47           (sext             ) [ 0001]
sext_ln73_50           (sext             ) [ 0001]
shl_ln73_s             (bitconcatenate   ) [ 0001]
sext_ln73_54           (sext             ) [ 0001]
sub_ln58_17            (sub              ) [ 0000]
sext_ln58              (sext             ) [ 0000]
sub_ln58_18            (sub              ) [ 0000]
sext_ln58_167          (sext             ) [ 0000]
add_ln58               (add              ) [ 0000]
sext_ln58_169          (sext             ) [ 0000]
sub_ln58_19            (sub              ) [ 0000]
sub_ln58_20            (sub              ) [ 0000]
sub_ln58_21            (sub              ) [ 0000]
sub_ln58_22            (sub              ) [ 0000]
sext_ln58_171          (sext             ) [ 0000]
sub_ln58_348           (sub              ) [ 0000]
sext_ln58_172          (sext             ) [ 0000]
sub_ln58_277           (sub              ) [ 0000]
sext_ln58_173          (sext             ) [ 0000]
sub_ln58_349           (sub              ) [ 0000]
add_ln58_645           (add              ) [ 0000]
add_ln58_646           (add              ) [ 0000]
add_ln58_647           (add              ) [ 0000]
sub_ln58_23            (sub              ) [ 0000]
sext_ln58_178          (sext             ) [ 0000]
add_ln58_648           (add              ) [ 0000]
sub_ln58_350           (sub              ) [ 0000]
sext_ln58_179          (sext             ) [ 0000]
sub_ln58_278           (sub              ) [ 0000]
sext_ln58_779          (sext             ) [ 0000]
add_ln58_649           (add              ) [ 0000]
sext_ln58_780          (sext             ) [ 0000]
sext_ln58_781          (sext             ) [ 0000]
sub_ln58_279           (sub              ) [ 0000]
add_ln58_650           (add              ) [ 0000]
add_ln58_651           (add              ) [ 0000]
add_ln58_652           (add              ) [ 0000]
sub_ln58               (sub              ) [ 0000]
add_ln58_653           (add              ) [ 0000]
add_ln58_654           (add              ) [ 0000]
add_ln58_655           (add              ) [ 0000]
sext_ln58_782          (sext             ) [ 0000]
add_ln58_656           (add              ) [ 0000]
sext_ln58_803          (sext             ) [ 0000]
sext_ln58_806          (sext             ) [ 0000]
sub_ln58_351           (sub              ) [ 0000]
add_ln58_657           (add              ) [ 0000]
sext_ln58_783          (sext             ) [ 0000]
sub_ln58_280           (sub              ) [ 0000]
sext_ln58_784          (sext             ) [ 0000]
add_ln58_658           (add              ) [ 0000]
sext_ln58_186          (sext             ) [ 0000]
sub_ln58_281           (sub              ) [ 0000]
sext_ln58_785          (sext             ) [ 0000]
add_ln58_659           (add              ) [ 0000]
sext_ln58_786          (sext             ) [ 0000]
sub_ln58_282           (sub              ) [ 0000]
add_ln58_660           (add              ) [ 0000]
sext_ln58_787          (sext             ) [ 0000]
add_ln58_661           (add              ) [ 0000]
sext_ln58_788          (sext             ) [ 0000]
sub_ln58_283           (sub              ) [ 0000]
add_ln58_662           (add              ) [ 0000]
sub_ln58_284           (sub              ) [ 0000]
sext_ln58_789          (sext             ) [ 0000]
add_ln58_663           (add              ) [ 0000]
sext_ln58_189          (sext             ) [ 0000]
sext_ln58_790          (sext             ) [ 0000]
sub_ln58_285           (sub              ) [ 0000]
sub_ln58_286           (sub              ) [ 0000]
sext_ln58_791          (sext             ) [ 0000]
sub_ln58_287           (sub              ) [ 0000]
sext_ln58_792          (sext             ) [ 0000]
add_ln58_664           (add              ) [ 0000]
sext_ln58_190          (sext             ) [ 0000]
sext_ln58_793          (sext             ) [ 0000]
sext_ln58_794          (sext             ) [ 0000]
sub_ln58_288           (sub              ) [ 0000]
sext_ln58_795          (sext             ) [ 0000]
sub_ln58_289           (sub              ) [ 0000]
sext_ln58_796          (sext             ) [ 0000]
add_ln58_665           (add              ) [ 0000]
sext_ln58_191          (sext             ) [ 0000]
sext_ln58_797          (sext             ) [ 0000]
sub_ln58_290           (sub              ) [ 0000]
sext_ln58_798          (sext             ) [ 0000]
sub_ln58_291           (sub              ) [ 0000]
add_ln58_666           (add              ) [ 0000]
sext_ln58_799          (sext             ) [ 0000]
add_ln58_667           (add              ) [ 0000]
add_ln58_668           (add              ) [ 0000]
add_ln58_669           (add              ) [ 0000]
sext_ln58_800          (sext             ) [ 0000]
add_ln58_670           (add              ) [ 0000]
sext_ln58_194          (sext             ) [ 0000]
sext_ln58_801          (sext             ) [ 0000]
sext_ln58_802          (sext             ) [ 0000]
sext_ln58_198          (sext             ) [ 0000]
sext_ln58_808          (sext             ) [ 0000]
sext_ln58_809          (sext             ) [ 0000]
sub_ln58_352           (sub              ) [ 0000]
add_ln58_671           (add              ) [ 0000]
sext_ln58_804          (sext             ) [ 0000]
add_ln58_672           (add              ) [ 0000]
sext_ln58_201          (sext             ) [ 0000]
sext_ln58_805          (sext             ) [ 0000]
sub_ln58_292           (sub              ) [ 0001]
sext_ln58_203          (sext             ) [ 0000]
sext_ln58_807          (sext             ) [ 0000]
sub_ln58_293           (sub              ) [ 0001]
add_ln58_673           (add              ) [ 0000]
sub_ln58_294           (sub              ) [ 0000]
add_ln58_674           (add              ) [ 0000]
sext_ln58_810          (sext             ) [ 0000]
add_ln58_675           (add              ) [ 0001]
sext_ln58_811          (sext             ) [ 0000]
sext_ln58_812          (sext             ) [ 0000]
sub_ln58_295           (sub              ) [ 0000]
sub_ln58_296           (sub              ) [ 0000]
sext_ln58_813          (sext             ) [ 0000]
add_ln58_676           (add              ) [ 0000]
sext_ln58_814          (sext             ) [ 0000]
add_ln58_677           (add              ) [ 0000]
sext_ln58_815          (sext             ) [ 0000]
add_ln58_678           (add              ) [ 0000]
sext_ln58_816          (sext             ) [ 0000]
add_ln58_679           (add              ) [ 0001]
add_ln58_680           (add              ) [ 0000]
add_ln58_681           (add              ) [ 0000]
sext_ln58_817          (sext             ) [ 0000]
sub_ln58_297           (sub              ) [ 0000]
sext_ln58_818          (sext             ) [ 0000]
add_ln58_682           (add              ) [ 0001]
sext_ln58_819          (sext             ) [ 0001]
add_ln58_683           (add              ) [ 0000]
sext_ln58_820          (sext             ) [ 0000]
add_ln58_684           (add              ) [ 0000]
sub_ln58_298           (sub              ) [ 0000]
sext_ln58_821          (sext             ) [ 0000]
add_ln58_685           (add              ) [ 0000]
sext_ln58_822          (sext             ) [ 0000]
add_ln58_686           (add              ) [ 0000]
sext_ln58_823          (sext             ) [ 0000]
add_ln58_687           (add              ) [ 0001]
sub_ln58_300           (sub              ) [ 0000]
sext_ln58_831          (sext             ) [ 0000]
add_ln58_689           (add              ) [ 0000]
sext_ln58_832          (sext             ) [ 0000]
add_ln58_690           (add              ) [ 0001]
sext_ln58_834          (sext             ) [ 0001]
sext_ln58_836          (sext             ) [ 0001]
sub_ln58_353           (sub              ) [ 0000]
sext_ln58_837          (sext             ) [ 0000]
add_ln58_692           (add              ) [ 0000]
add_ln58_693           (add              ) [ 0000]
sext_ln58_838          (sext             ) [ 0000]
add_ln58_694           (add              ) [ 0000]
sext_ln58_839          (sext             ) [ 0000]
add_ln58_695           (add              ) [ 0001]
add_ln58_696           (add              ) [ 0000]
sext_ln58_842          (sext             ) [ 0000]
add_ln58_697           (add              ) [ 0000]
sub_ln58_301           (sub              ) [ 0000]
sub_ln58_302           (sub              ) [ 0000]
sext_ln58_843          (sext             ) [ 0000]
add_ln58_698           (add              ) [ 0000]
sext_ln58_844          (sext             ) [ 0000]
add_ln58_699           (add              ) [ 0001]
sext_ln58_845          (sext             ) [ 0001]
add_ln58_700           (add              ) [ 0000]
sext_ln58_277          (sext             ) [ 0000]
add_ln58_701           (add              ) [ 0000]
sext_ln58_852          (sext             ) [ 0000]
sub_ln58_303           (sub              ) [ 0000]
sub_ln58_304           (sub              ) [ 0000]
sext_ln58_853          (sext             ) [ 0000]
add_ln58_702           (add              ) [ 0000]
sext_ln58_854          (sext             ) [ 0000]
sub_ln58_305           (sub              ) [ 0000]
sext_ln58_855          (sext             ) [ 0000]
sext_ln58_856          (sext             ) [ 0000]
sub_ln58_354           (sub              ) [ 0000]
sext_ln58_857          (sext             ) [ 0000]
add_ln58_703           (add              ) [ 0000]
sub_ln58_306           (sub              ) [ 0000]
sext_ln58_858          (sext             ) [ 0000]
sub_ln58_307           (sub              ) [ 0000]
sext_ln58_859          (sext             ) [ 0000]
add_ln58_704           (add              ) [ 0001]
add_ln58_712           (add              ) [ 0000]
add_ln58_713           (add              ) [ 0000]
sext_ln58_870          (sext             ) [ 0000]
add_ln58_714           (add              ) [ 0000]
sext_ln58_293          (sext             ) [ 0000]
sext_ln58_871          (sext             ) [ 0000]
sext_ln58_872          (sext             ) [ 0000]
sub_ln58_356           (sub              ) [ 0000]
sext_ln58_873          (sext             ) [ 0000]
add_ln58_715           (add              ) [ 0000]
add_ln58_716           (add              ) [ 0000]
sext_ln58_874          (sext             ) [ 0000]
add_ln58_717           (add              ) [ 0000]
sext_ln58_875          (sext             ) [ 0000]
add_ln58_718           (add              ) [ 0001]
sext_ln58_891          (sext             ) [ 0001]
sext_ln58_895          (sext             ) [ 0000]
sext_ln58_896          (sext             ) [ 0000]
sub_ln58_359           (sub              ) [ 0000]
sext_ln58_897          (sext             ) [ 0000]
add_ln58_732           (add              ) [ 0000]
add_ln58_733           (add              ) [ 0000]
sext_ln58_898          (sext             ) [ 0000]
add_ln58_734           (add              ) [ 0001]
sub_ln58_319           (sub              ) [ 0000]
sext_ln58_919          (sext             ) [ 0000]
add_ln58_750           (add              ) [ 0000]
sext_ln58_920          (sext             ) [ 0000]
add_ln58_751           (add              ) [ 0001]
add_ln58_759           (add              ) [ 0000]
sext_ln58_929          (sext             ) [ 0000]
add_ln58_760           (add              ) [ 0000]
add_ln58_761           (add              ) [ 0000]
sext_ln58_930          (sext             ) [ 0000]
add_ln58_762           (add              ) [ 0000]
sext_ln58_931          (sext             ) [ 0000]
add_ln58_763           (add              ) [ 0000]
sext_ln58_932          (sext             ) [ 0000]
add_ln58_764           (add              ) [ 0001]
sext_ln58_1026         (sext             ) [ 0000]
sub_ln58_366           (sub              ) [ 0000]
add_ln58_771           (add              ) [ 0000]
sext_ln58_938          (sext             ) [ 0000]
add_ln58_772           (add              ) [ 0000]
sext_ln58_308          (sext             ) [ 0000]
add_ln58_773           (add              ) [ 0000]
sext_ln58_939          (sext             ) [ 0000]
add_ln58_774           (add              ) [ 0000]
add_ln58_775           (add              ) [ 0000]
sext_ln58_940          (sext             ) [ 0000]
add_ln58_776           (add              ) [ 0000]
sext_ln58_941          (sext             ) [ 0000]
add_ln58_777           (add              ) [ 0000]
sext_ln58_942          (sext             ) [ 0000]
add_ln58_778           (add              ) [ 0001]
sext_ln58_950          (sext             ) [ 0000]
sext_ln58_951          (sext             ) [ 0000]
sub_ln58_326           (sub              ) [ 0000]
add_ln58_787           (add              ) [ 0000]
sext_ln58_952          (sext             ) [ 0000]
add_ln58_788           (add              ) [ 0000]
sext_ln58_953          (sext             ) [ 0000]
add_ln58_789           (add              ) [ 0000]
sext_ln58_311          (sext             ) [ 0000]
sub_ln58_368           (sub              ) [ 0000]
sext_ln58_954          (sext             ) [ 0000]
add_ln58_790           (add              ) [ 0000]
sub_ln58_327           (sub              ) [ 0000]
sext_ln58_955          (sext             ) [ 0000]
add_ln58_791           (add              ) [ 0000]
sext_ln58_956          (sext             ) [ 0000]
add_ln58_792           (add              ) [ 0000]
sext_ln58_957          (sext             ) [ 0000]
add_ln58_793           (add              ) [ 0001]
sext_ln58_1029         (sext             ) [ 0000]
sub_ln58_371           (sub              ) [ 0000]
add_ln58_810           (add              ) [ 0000]
sext_ln58_317          (sext             ) [ 0000]
sub_ln58_372           (sub              ) [ 0000]
sext_ln58_971          (sext             ) [ 0000]
add_ln58_811           (add              ) [ 0000]
sext_ln58_972          (sext             ) [ 0000]
sub_ln58_332           (sub              ) [ 0000]
sub_ln58_333           (sub              ) [ 0000]
sext_ln58_973          (sext             ) [ 0000]
add_ln58_812           (add              ) [ 0000]
sext_ln58_974          (sext             ) [ 0000]
add_ln58_813           (add              ) [ 0001]
sext_ln58_1030         (sext             ) [ 0000]
sub_ln58_373           (sub              ) [ 0000]
sub_ln58_337           (sub              ) [ 0000]
sext_ln58_985          (sext             ) [ 0000]
add_ln58_823           (add              ) [ 0000]
sext_ln58_320          (sext             ) [ 0000]
add_ln58_824           (add              ) [ 0000]
sext_ln58_986          (sext             ) [ 0000]
add_ln58_825           (add              ) [ 0000]
sub_ln58_338           (sub              ) [ 0000]
sext_ln58_987          (sext             ) [ 0000]
add_ln58_826           (add              ) [ 0000]
sext_ln58_988          (sext             ) [ 0000]
add_ln58_827           (add              ) [ 0000]
sext_ln58_989          (sext             ) [ 0000]
add_ln58_828           (add              ) [ 0001]
sub_ln58_343           (sub              ) [ 0001]
add_ln58_846           (add              ) [ 0000]
sext_ln58_1008         (sext             ) [ 0000]
add_ln58_847           (add              ) [ 0000]
sext_ln58_1009         (sext             ) [ 0000]
add_ln58_848           (add              ) [ 0001]
specpipeline_ln13      (specpipeline     ) [ 0000]
specresourcelimit_ln33 (specresourcelimit) [ 0000]
data_31_val_read       (read             ) [ 0000]
data_30_val_read       (read             ) [ 0000]
data_29_val_read       (read             ) [ 0000]
data_28_val_read       (read             ) [ 0000]
data_27_val_read       (read             ) [ 0000]
shl_ln73_3             (bitconcatenate   ) [ 0000]
sext_ln73_40           (sext             ) [ 0000]
tmp_300                (bitconcatenate   ) [ 0000]
sext_ln73_70           (sext             ) [ 0000]
sub_ln73_64            (sub              ) [ 0000]
shl_ln73_5             (bitconcatenate   ) [ 0000]
sext_ln73_45           (sext             ) [ 0000]
mult_94                (bitconcatenate   ) [ 0000]
sext_ln73_71           (sext             ) [ 0000]
mult_95                (bitconcatenate   ) [ 0000]
sext_ln73_48           (sext             ) [ 0000]
sext_ln73_49           (sext             ) [ 0000]
mult_97                (bitconcatenate   ) [ 0000]
sext_ln73_72           (sext             ) [ 0000]
sub_ln73_80            (sub              ) [ 0000]
tmp_303                (bitconcatenate   ) [ 0000]
sext_ln73_73           (sext             ) [ 0000]
mult_96                (sub              ) [ 0000]
sext_ln17_174          (sext             ) [ 0000]
sext_ln73_51           (sext             ) [ 0000]
tmp_304                (bitconcatenate   ) [ 0000]
sext_ln73_74           (sext             ) [ 0000]
sub_ln73_82            (sub              ) [ 0000]
sub_ln73_67            (sub              ) [ 0000]
sext_ln73_52           (sext             ) [ 0000]
sext_ln73_53           (sext             ) [ 0000]
sub_ln73_68            (sub              ) [ 0000]
sext_ln73_55           (sext             ) [ 0000]
mult_98                (bitconcatenate   ) [ 0000]
sext_ln73_75           (sext             ) [ 0000]
sub_ln73_69            (sub              ) [ 0000]
sext_ln73_56           (sext             ) [ 0000]
sub_ln73_70            (sub              ) [ 0000]
shl_ln73_6             (bitconcatenate   ) [ 0000]
sext_ln73_57           (sext             ) [ 0000]
sext_ln73_58           (sext             ) [ 0000]
sub_ln73_71            (sub              ) [ 0000]
shl_ln73_7             (bitconcatenate   ) [ 0000]
sext_ln73_59           (sext             ) [ 0000]
sext_ln73_60           (sext             ) [ 0000]
sext_ln73_61           (sext             ) [ 0000]
shl_ln73_8             (bitconcatenate   ) [ 0000]
tmp_306                (bitconcatenate   ) [ 0000]
sext_ln73_76           (sext             ) [ 0000]
mult_99                (sub              ) [ 0000]
sext_ln17_175          (sext             ) [ 0000]
sext_ln73_77           (sext             ) [ 0000]
sub_ln73_84            (sub              ) [ 0000]
sub_ln73_72            (sub              ) [ 0000]
mult_100               (sub              ) [ 0000]
sext_ln73_62           (sext             ) [ 0000]
shl_ln73_4             (bitconcatenate   ) [ 0000]
mult_101               (sub              ) [ 0000]
sext_ln73_63           (sext             ) [ 0000]
sext_ln73_64           (sext             ) [ 0000]
sext_ln17_176          (sext             ) [ 0000]
mult_103               (bitconcatenate   ) [ 0000]
sext_ln73_78           (sext             ) [ 0000]
mult_102               (sub              ) [ 0000]
sext_ln17_177          (sext             ) [ 0000]
sext_ln58_207          (sext             ) [ 0000]
sext_ln58_211          (sext             ) [ 0000]
sext_ln58_824          (sext             ) [ 0000]
sext_ln58_825          (sext             ) [ 0000]
sext_ln58_826          (sext             ) [ 0000]
sext_ln58_234          (sext             ) [ 0000]
sext_ln58_827          (sext             ) [ 0000]
sext_ln58_239          (sext             ) [ 0000]
sext_ln58_828          (sext             ) [ 0000]
sext_ln58_829          (sext             ) [ 0000]
sub_ln58_299           (sub              ) [ 0000]
sext_ln58_830          (sext             ) [ 0000]
add_ln58_688           (add              ) [ 0000]
sext_ln58_833          (sext             ) [ 0000]
add_ln58_691           (add              ) [ 0000]
sext_ln58_246          (sext             ) [ 0000]
sext_ln58_256          (sext             ) [ 0000]
sext_ln58_835          (sext             ) [ 0000]
sext_ln58_258          (sext             ) [ 0000]
sext_ln58_840          (sext             ) [ 0000]
sext_ln58_841          (sext             ) [ 0000]
sext_ln58_846          (sext             ) [ 0000]
sext_ln58_847          (sext             ) [ 0000]
sext_ln58_848          (sext             ) [ 0000]
sext_ln58_849          (sext             ) [ 0000]
sext_ln58_850          (sext             ) [ 0000]
sext_ln58_851          (sext             ) [ 0000]
sext_ln58_860          (sext             ) [ 0000]
sext_ln58_861          (sext             ) [ 0000]
sub_ln58_355           (sub              ) [ 0000]
sub_ln58_308           (sub              ) [ 0000]
sext_ln58_862          (sext             ) [ 0000]
add_ln58_705           (add              ) [ 0000]
sext_ln58_863          (sext             ) [ 0000]
add_ln58_706           (add              ) [ 0000]
add_ln58_707           (add              ) [ 0000]
sext_ln58_864          (sext             ) [ 0000]
sub_ln58_309           (sub              ) [ 0000]
sext_ln58_865          (sext             ) [ 0000]
add_ln58_708           (add              ) [ 0000]
sext_ln58_866          (sext             ) [ 0000]
add_ln58_709           (add              ) [ 0000]
sext_ln58_867          (sext             ) [ 0000]
add_ln58_710           (add              ) [ 0000]
sext_ln58_868          (sext             ) [ 0000]
add_ln58_711           (add              ) [ 0000]
sext_ln58_281          (sext             ) [ 0000]
sext_ln58_284          (sext             ) [ 0000]
sext_ln58_869          (sext             ) [ 0000]
sext_ln58_290          (sext             ) [ 0000]
sext_ln58_294          (sext             ) [ 0000]
sext_ln58_876          (sext             ) [ 0000]
sext_ln58_877          (sext             ) [ 0000]
sub_ln58_357           (sub              ) [ 0000]
sext_ln58_878          (sext             ) [ 0000]
add_ln58_719           (add              ) [ 0000]
sub_ln58_310           (sub              ) [ 0000]
sext_ln58_879          (sext             ) [ 0000]
sub_ln58_311           (sub              ) [ 0000]
sext_ln58_880          (sext             ) [ 0000]
add_ln58_720           (add              ) [ 0000]
sext_ln58_881          (sext             ) [ 0000]
add_ln58_721           (add              ) [ 0000]
sext_ln58_882          (sext             ) [ 0000]
sub_ln58_312           (sub              ) [ 0000]
add_ln58_722           (add              ) [ 0000]
sext_ln58_883          (sext             ) [ 0000]
add_ln58_723           (add              ) [ 0000]
sext_ln58_884          (sext             ) [ 0000]
add_ln58_724           (add              ) [ 0000]
sext_ln58_885          (sext             ) [ 0000]
add_ln58_725           (add              ) [ 0000]
sext_ln58_886          (sext             ) [ 0000]
add_ln58_726           (add              ) [ 0000]
sext_ln58_887          (sext             ) [ 0000]
add_ln58_727           (add              ) [ 0000]
sext_ln58_295          (sext             ) [ 0000]
sext_ln58_888          (sext             ) [ 0000]
sext_ln58_889          (sext             ) [ 0000]
sub_ln58_358           (sub              ) [ 0000]
sext_ln58_890          (sext             ) [ 0000]
add_ln58_728           (add              ) [ 0000]
sub_ln58_313           (sub              ) [ 0000]
sext_ln58_892          (sext             ) [ 0000]
add_ln58_729           (add              ) [ 0000]
sext_ln58_893          (sext             ) [ 0000]
add_ln58_730           (add              ) [ 0000]
sext_ln58_894          (sext             ) [ 0000]
add_ln58_731           (add              ) [ 0000]
sext_ln58_299          (sext             ) [ 0000]
sext_ln58_300          (sext             ) [ 0000]
sext_ln58_899          (sext             ) [ 0000]
sub_ln58_360           (sub              ) [ 0000]
sext_ln58_900          (sext             ) [ 0000]
add_ln58_735           (add              ) [ 0000]
sext_ln58_901          (sext             ) [ 0000]
sub_ln58_314           (sub              ) [ 0000]
sext_ln58_902          (sext             ) [ 0000]
sext_ln58_910          (sext             ) [ 0000]
sub_ln58_361           (sub              ) [ 0000]
sext_ln58_903          (sext             ) [ 0000]
add_ln58_736           (add              ) [ 0000]
sub_ln58_315           (sub              ) [ 0000]
sext_ln58_904          (sext             ) [ 0000]
sub_ln58_316           (sub              ) [ 0000]
sext_ln58_905          (sext             ) [ 0000]
add_ln58_737           (add              ) [ 0000]
sext_ln58_906          (sext             ) [ 0000]
add_ln58_738           (add              ) [ 0000]
sext_ln58_907          (sext             ) [ 0000]
add_ln58_739           (add              ) [ 0000]
sext_ln58_908          (sext             ) [ 0000]
add_ln58_740           (add              ) [ 0000]
sext_ln58_909          (sext             ) [ 0000]
add_ln58_741           (add              ) [ 0000]
sext_ln58_301          (sext             ) [ 0000]
sext_ln58_975          (sext             ) [ 0000]
sext_ln58_1004         (sext             ) [ 0000]
sub_ln58_362           (sub              ) [ 0000]
sub_ln58_363           (sub              ) [ 0000]
sext_ln58_1018         (sext             ) [ 0000]
sub_ln58_364           (sub              ) [ 0000]
sext_ln58_911          (sext             ) [ 0000]
add_ln58_742           (add              ) [ 0000]
sext_ln58_912          (sext             ) [ 0000]
sub_ln58_317           (sub              ) [ 0000]
sext_ln58_913          (sext             ) [ 0000]
add_ln58_743           (add              ) [ 0000]
add_ln58_744           (add              ) [ 0000]
sext_ln58_914          (sext             ) [ 0000]
add_ln58_745           (add              ) [ 0000]
sext_ln58_915          (sext             ) [ 0000]
add_ln58_746           (add              ) [ 0000]
sext_ln58_916          (sext             ) [ 0000]
add_ln58_747           (add              ) [ 0000]
sext_ln58_302          (sext             ) [ 0000]
sub_ln58_318           (sub              ) [ 0000]
sext_ln58_917          (sext             ) [ 0000]
add_ln58_748           (add              ) [ 0000]
sext_ln58_303          (sext             ) [ 0000]
sub_ln58_365           (sub              ) [ 0000]
sext_ln58_918          (sext             ) [ 0000]
add_ln58_749           (add              ) [ 0000]
sext_ln58_921          (sext             ) [ 0000]
add_ln58_752           (add              ) [ 0000]
sext_ln58_922          (sext             ) [ 0000]
sub_ln58_320           (sub              ) [ 0000]
add_ln58_753           (add              ) [ 0000]
sub_ln58_321           (sub              ) [ 0000]
sext_ln58_923          (sext             ) [ 0000]
add_ln58_754           (add              ) [ 0000]
sext_ln58_924          (sext             ) [ 0000]
sub_ln58_322           (sub              ) [ 0000]
sext_ln58_925          (sext             ) [ 0000]
add_ln58_755           (add              ) [ 0000]
sext_ln58_926          (sext             ) [ 0000]
add_ln58_756           (add              ) [ 0000]
sext_ln58_927          (sext             ) [ 0000]
add_ln58_757           (add              ) [ 0000]
sext_ln58_928          (sext             ) [ 0000]
add_ln58_758           (add              ) [ 0000]
sext_ln58_305          (sext             ) [ 0000]
sext_ln58_933          (sext             ) [ 0000]
sub_ln58_323           (sub              ) [ 0000]
add_ln58_765           (add              ) [ 0000]
sext_ln58_934          (sext             ) [ 0000]
add_ln58_766           (add              ) [ 0000]
sext_ln58_935          (sext             ) [ 0000]
add_ln58_767           (add              ) [ 0000]
add_ln58_768           (add              ) [ 0000]
sext_ln58_936          (sext             ) [ 0000]
add_ln58_769           (add              ) [ 0000]
sext_ln58_937          (sext             ) [ 0000]
add_ln58_770           (add              ) [ 0000]
sext_ln58_307          (sext             ) [ 0000]
sext_ln58_309          (sext             ) [ 0000]
sub_ln58_367           (sub              ) [ 0000]
sext_ln58_943          (sext             ) [ 0000]
add_ln58_779           (add              ) [ 0000]
sub_ln58_324           (sub              ) [ 0000]
add_ln58_780           (add              ) [ 0000]
sext_ln58_944          (sext             ) [ 0000]
add_ln58_781           (add              ) [ 0000]
sub_ln58_325           (sub              ) [ 0000]
sext_ln58_945          (sext             ) [ 0000]
add_ln58_782           (add              ) [ 0000]
sext_ln58_946          (sext             ) [ 0000]
add_ln58_783           (add              ) [ 0000]
sext_ln58_947          (sext             ) [ 0000]
add_ln58_784           (add              ) [ 0000]
sext_ln58_948          (sext             ) [ 0000]
add_ln58_785           (add              ) [ 0000]
sext_ln58_949          (sext             ) [ 0000]
add_ln58_786           (add              ) [ 0000]
sext_ln58_310          (sext             ) [ 0000]
sext_ln58_958          (sext             ) [ 0000]
sub_ln58_328           (sub              ) [ 0000]
add_ln58_794           (add              ) [ 0000]
sub_ln58_329           (sub              ) [ 0000]
sext_ln58_959          (sext             ) [ 0000]
add_ln58_795           (add              ) [ 0000]
sub_ln58_330           (sub              ) [ 0000]
sext_ln58_960          (sext             ) [ 0000]
add_ln58_796           (add              ) [ 0000]
sext_ln58_961          (sext             ) [ 0000]
add_ln58_797           (add              ) [ 0000]
sext_ln58_962          (sext             ) [ 0000]
add_ln58_798           (add              ) [ 0000]
sext_ln58_313          (sext             ) [ 0000]
sub_ln58_369           (sub              ) [ 0000]
sext_ln58_963          (sext             ) [ 0000]
add_ln58_799           (add              ) [ 0000]
add_ln58_800           (add              ) [ 0000]
sext_ln58_964          (sext             ) [ 0000]
sub_ln58_331           (sub              ) [ 0000]
sext_ln58_965          (sext             ) [ 0000]
add_ln58_801           (add              ) [ 0000]
sext_ln58_314          (sext             ) [ 0000]
add_ln58_802           (add              ) [ 0000]
sext_ln58_1027         (sext             ) [ 0000]
sext_ln58_1028         (sext             ) [ 0000]
sub_ln58_370           (sub              ) [ 0000]
sext_ln58_966          (sext             ) [ 0000]
add_ln58_803           (add              ) [ 0000]
add_ln58_804           (add              ) [ 0000]
sext_ln58_967          (sext             ) [ 0000]
add_ln58_805           (add              ) [ 0000]
sext_ln58_968          (sext             ) [ 0000]
add_ln58_806           (add              ) [ 0000]
sext_ln58_969          (sext             ) [ 0000]
add_ln58_807           (add              ) [ 0000]
sext_ln58_970          (sext             ) [ 0000]
add_ln58_808           (add              ) [ 0000]
sext_ln58_315          (sext             ) [ 0000]
add_ln58_809           (add              ) [ 0000]
sext_ln58_316          (sext             ) [ 0000]
sext_ln58_318          (sext             ) [ 0000]
sub_ln58_334           (sub              ) [ 0000]
sext_ln58_976          (sext             ) [ 0000]
add_ln58_814           (add              ) [ 0000]
sext_ln58_977          (sext             ) [ 0000]
sub_ln58_335           (sub              ) [ 0000]
add_ln58_815           (add              ) [ 0000]
sext_ln58_978          (sext             ) [ 0000]
add_ln58_816           (add              ) [ 0000]
sub_ln58_336           (sub              ) [ 0000]
sext_ln58_979          (sext             ) [ 0000]
add_ln58_817           (add              ) [ 0000]
sext_ln58_980          (sext             ) [ 0000]
add_ln58_818           (add              ) [ 0000]
sext_ln58_981          (sext             ) [ 0000]
add_ln58_819           (add              ) [ 0000]
sext_ln58_982          (sext             ) [ 0000]
add_ln58_820           (add              ) [ 0000]
sext_ln58_983          (sext             ) [ 0000]
add_ln58_821           (add              ) [ 0000]
sext_ln58_984          (sext             ) [ 0000]
add_ln58_822           (add              ) [ 0000]
sext_ln58_319          (sext             ) [ 0000]
sext_ln58_321          (sext             ) [ 0000]
sub_ln58_374           (sub              ) [ 0000]
sext_ln58_990          (sext             ) [ 0000]
add_ln58_829           (add              ) [ 0000]
sub_ln58_339           (sub              ) [ 0000]
sext_ln58_991          (sext             ) [ 0000]
sub_ln58_340           (sub              ) [ 0000]
sext_ln58_992          (sext             ) [ 0000]
add_ln58_830           (add              ) [ 0000]
add_ln58_831           (add              ) [ 0000]
sext_ln58_993          (sext             ) [ 0000]
add_ln58_832           (add              ) [ 0000]
sext_ln58_994          (sext             ) [ 0000]
add_ln58_833           (add              ) [ 0000]
sext_ln58_995          (sext             ) [ 0000]
add_ln58_834           (add              ) [ 0000]
sext_ln58_996          (sext             ) [ 0000]
add_ln58_835           (add              ) [ 0000]
sext_ln58_997          (sext             ) [ 0000]
add_ln58_836           (add              ) [ 0000]
sext_ln58_322          (sext             ) [ 0000]
sext_ln58_1031         (sext             ) [ 0000]
sext_ln58_1032         (sext             ) [ 0000]
sub_ln58_375           (sub              ) [ 0000]
sext_ln58_998          (sext             ) [ 0000]
add_ln58_837           (add              ) [ 0000]
sext_ln58_999          (sext             ) [ 0000]
sub_ln58_341           (sub              ) [ 0000]
sext_ln58_1000         (sext             ) [ 0000]
add_ln58_838           (add              ) [ 0000]
sext_ln58_1001         (sext             ) [ 0000]
add_ln58_839           (add              ) [ 0000]
sext_ln58_1002         (sext             ) [ 0000]
add_ln58_840           (add              ) [ 0000]
sext_ln58_323          (sext             ) [ 0000]
add_ln58_841           (add              ) [ 0000]
sext_ln58_1003         (sext             ) [ 0000]
add_ln58_842           (add              ) [ 0000]
sub_ln58_342           (sub              ) [ 0000]
add_ln58_843           (add              ) [ 0000]
sext_ln58_1005         (sext             ) [ 0000]
add_ln58_844           (add              ) [ 0000]
sext_ln58_1006         (sext             ) [ 0000]
add_ln58_845           (add              ) [ 0000]
sext_ln58_1007         (sext             ) [ 0000]
sext_ln58_1010         (sext             ) [ 0000]
add_ln58_849           (add              ) [ 0000]
sext_ln58_1011         (sext             ) [ 0000]
add_ln58_850           (add              ) [ 0000]
sext_ln58_1012         (sext             ) [ 0000]
sext_ln58_1013         (sext             ) [ 0000]
sub_ln58_344           (sub              ) [ 0000]
add_ln58_851           (add              ) [ 0000]
sub_ln58_345           (sub              ) [ 0000]
sext_ln58_1014         (sext             ) [ 0000]
add_ln58_852           (add              ) [ 0000]
sext_ln58_325          (sext             ) [ 0000]
add_ln58_853           (add              ) [ 0000]
sext_ln58_1015         (sext             ) [ 0000]
add_ln58_854           (add              ) [ 0000]
add_ln58_855           (add              ) [ 0000]
sext_ln58_1016         (sext             ) [ 0000]
add_ln58_856           (add              ) [ 0000]
sext_ln58_1017         (sext             ) [ 0000]
add_ln58_857           (add              ) [ 0000]
sext_ln58_326          (sext             ) [ 0000]
sext_ln58_1033         (sext             ) [ 0000]
sext_ln58_1034         (sext             ) [ 0000]
sub_ln58_376           (sub              ) [ 0000]
add_ln58_858           (add              ) [ 0000]
sext_ln58_1035         (sext             ) [ 0000]
sext_ln58_1036         (sext             ) [ 0000]
sub_ln58_377           (sub              ) [ 0000]
sext_ln58_1019         (sext             ) [ 0000]
add_ln58_859           (add              ) [ 0000]
sext_ln58_1020         (sext             ) [ 0000]
sub_ln58_346           (sub              ) [ 0000]
sext_ln58_1021         (sext             ) [ 0000]
sub_ln58_347           (sub              ) [ 0000]
sext_ln58_1022         (sext             ) [ 0000]
add_ln58_860           (add              ) [ 0000]
sext_ln58_1023         (sext             ) [ 0000]
add_ln58_861           (add              ) [ 0000]
sext_ln58_1024         (sext             ) [ 0000]
add_ln58_862           (add              ) [ 0000]
sext_ln58_1037         (sext             ) [ 0000]
sub_ln58_378           (sub              ) [ 0000]
sub_ln58_379           (sub              ) [ 0000]
sext_ln58_1025         (sext             ) [ 0000]
add_ln58_863           (add              ) [ 0000]
sext_ln68              (sext             ) [ 0000]
mrv                    (insertvalue      ) [ 0000]
mrv_1                  (insertvalue      ) [ 0000]
mrv_2                  (insertvalue      ) [ 0000]
mrv_3                  (insertvalue      ) [ 0000]
mrv_4                  (insertvalue      ) [ 0000]
mrv_5                  (insertvalue      ) [ 0000]
mrv_6                  (insertvalue      ) [ 0000]
mrv_7                  (insertvalue      ) [ 0000]
mrv_8                  (insertvalue      ) [ 0000]
mrv_9                  (insertvalue      ) [ 0000]
mrv_10                 (insertvalue      ) [ 0000]
mrv_11                 (insertvalue      ) [ 0000]
mrv_12                 (insertvalue      ) [ 0000]
mrv_13                 (insertvalue      ) [ 0000]
mrv_14                 (insertvalue      ) [ 0000]
mrv_15                 (insertvalue      ) [ 0000]
ret_ln68               (ret              ) [ 0000]
</LifeTime>

<model>

<comp_list>
<comp id="0" class="1000" name="data_0_val">
<pin_list>
<pin id="1" dir="1" index="0" bw="1" slack="0"/>
</pin_list>
<bind>
<StgValue><ssdm name="data_0_val"/></StgValue>
</bind>
</comp>

<comp id="2" class="1000" name="data_1_val">
<pin_list>
<pin id="3" dir="1" index="0" bw="1" slack="0"/>
</pin_list>
<bind>
<StgValue><ssdm name="data_1_val"/></StgValue>
</bind>
</comp>

<comp id="4" class="1000" name="data_2_val">
<pin_list>
<pin id="5" dir="1" index="0" bw="1" slack="0"/>
</pin_list>
<bind>
<StgValue><ssdm name="data_2_val"/></StgValue>
</bind>
</comp>

<comp id="6" class="1000" name="data_3_val">
<pin_list>
<pin id="7" dir="1" index="0" bw="1" slack="0"/>
</pin_list>
<bind>
<StgValue><ssdm name="data_3_val"/></StgValue>
</bind>
</comp>

<comp id="8" class="1000" name="data_4_val">
<pin_list>
<pin id="9" dir="1" index="0" bw="1" slack="0"/>
</pin_list>
<bind>
<StgValue><ssdm name="data_4_val"/></StgValue>
</bind>
</comp>

<comp id="10" class="1000" name="data_5_val">
<pin_list>
<pin id="11" dir="1" index="0" bw="1" slack="0"/>
</pin_list>
<bind>
<StgValue><ssdm name="data_5_val"/></StgValue>
</bind>
</comp>

<comp id="12" class="1000" name="data_6_val">
<pin_list>
<pin id="13" dir="1" index="0" bw="1" slack="0"/>
</pin_list>
<bind>
<StgValue><ssdm name="data_6_val"/></StgValue>
</bind>
</comp>

<comp id="14" class="1000" name="data_7_val">
<pin_list>
<pin id="15" dir="1" index="0" bw="1" slack="0"/>
</pin_list>
<bind>
<StgValue><ssdm name="data_7_val"/></StgValue>
</bind>
</comp>

<comp id="16" class="1000" name="data_8_val">
<pin_list>
<pin id="17" dir="1" index="0" bw="1" slack="0"/>
</pin_list>
<bind>
<StgValue><ssdm name="data_8_val"/></StgValue>
</bind>
</comp>

<comp id="18" class="1000" name="data_9_val">
<pin_list>
<pin id="19" dir="1" index="0" bw="1" slack="0"/>
</pin_list>
<bind>
<StgValue><ssdm name="data_9_val"/></StgValue>
</bind>
</comp>

<comp id="20" class="1000" name="data_10_val">
<pin_list>
<pin id="21" dir="1" index="0" bw="1" slack="0"/>
</pin_list>
<bind>
<StgValue><ssdm name="data_10_val"/></StgValue>
</bind>
</comp>

<comp id="22" class="1000" name="data_11_val">
<pin_list>
<pin id="23" dir="1" index="0" bw="1" slack="0"/>
</pin_list>
<bind>
<StgValue><ssdm name="data_11_val"/></StgValue>
</bind>
</comp>

<comp id="24" class="1000" name="data_12_val">
<pin_list>
<pin id="25" dir="1" index="0" bw="1" slack="0"/>
</pin_list>
<bind>
<StgValue><ssdm name="data_12_val"/></StgValue>
</bind>
</comp>

<comp id="26" class="1000" name="data_13_val">
<pin_list>
<pin id="27" dir="1" index="0" bw="1" slack="0"/>
</pin_list>
<bind>
<StgValue><ssdm name="data_13_val"/></StgValue>
</bind>
</comp>

<comp id="28" class="1000" name="data_14_val">
<pin_list>
<pin id="29" dir="1" index="0" bw="1" slack="0"/>
</pin_list>
<bind>
<StgValue><ssdm name="data_14_val"/></StgValue>
</bind>
</comp>

<comp id="30" class="1000" name="data_15_val">
<pin_list>
<pin id="31" dir="1" index="0" bw="1" slack="0"/>
</pin_list>
<bind>
<StgValue><ssdm name="data_15_val"/></StgValue>
</bind>
</comp>

<comp id="32" class="1000" name="data_16_val">
<pin_list>
<pin id="33" dir="1" index="0" bw="1" slack="0"/>
</pin_list>
<bind>
<StgValue><ssdm name="data_16_val"/></StgValue>
</bind>
</comp>

<comp id="34" class="1000" name="data_17_val">
<pin_list>
<pin id="35" dir="1" index="0" bw="1" slack="0"/>
</pin_list>
<bind>
<StgValue><ssdm name="data_17_val"/></StgValue>
</bind>
</comp>

<comp id="36" class="1000" name="data_18_val">
<pin_list>
<pin id="37" dir="1" index="0" bw="1" slack="0"/>
</pin_list>
<bind>
<StgValue><ssdm name="data_18_val"/></StgValue>
</bind>
</comp>

<comp id="38" class="1000" name="data_19_val">
<pin_list>
<pin id="39" dir="1" index="0" bw="1" slack="0"/>
</pin_list>
<bind>
<StgValue><ssdm name="data_19_val"/></StgValue>
</bind>
</comp>

<comp id="40" class="1000" name="data_20_val">
<pin_list>
<pin id="41" dir="1" index="0" bw="1" slack="0"/>
</pin_list>
<bind>
<StgValue><ssdm name="data_20_val"/></StgValue>
</bind>
</comp>

<comp id="42" class="1000" name="data_21_val">
<pin_list>
<pin id="43" dir="1" index="0" bw="1" slack="0"/>
</pin_list>
<bind>
<StgValue><ssdm name="data_21_val"/></StgValue>
</bind>
</comp>

<comp id="44" class="1000" name="data_22_val">
<pin_list>
<pin id="45" dir="1" index="0" bw="1" slack="0"/>
</pin_list>
<bind>
<StgValue><ssdm name="data_22_val"/></StgValue>
</bind>
</comp>

<comp id="46" class="1000" name="data_23_val">
<pin_list>
<pin id="47" dir="1" index="0" bw="1" slack="0"/>
</pin_list>
<bind>
<StgValue><ssdm name="data_23_val"/></StgValue>
</bind>
</comp>

<comp id="48" class="1000" name="data_24_val">
<pin_list>
<pin id="49" dir="1" index="0" bw="1" slack="0"/>
</pin_list>
<bind>
<StgValue><ssdm name="data_24_val"/></StgValue>
</bind>
</comp>

<comp id="50" class="1000" name="data_25_val">
<pin_list>
<pin id="51" dir="1" index="0" bw="1" slack="0"/>
</pin_list>
<bind>
<StgValue><ssdm name="data_25_val"/></StgValue>
</bind>
</comp>

<comp id="52" class="1000" name="data_26_val">
<pin_list>
<pin id="53" dir="1" index="0" bw="1" slack="0"/>
</pin_list>
<bind>
<StgValue><ssdm name="data_26_val"/></StgValue>
</bind>
</comp>

<comp id="54" class="1000" name="data_27_val">
<pin_list>
<pin id="55" dir="1" index="0" bw="1" slack="0"/>
</pin_list>
<bind>
<StgValue><ssdm name="data_27_val"/></StgValue>
</bind>
</comp>

<comp id="56" class="1000" name="data_28_val">
<pin_list>
<pin id="57" dir="1" index="0" bw="1" slack="0"/>
</pin_list>
<bind>
<StgValue><ssdm name="data_28_val"/></StgValue>
</bind>
</comp>

<comp id="58" class="1000" name="data_29_val">
<pin_list>
<pin id="59" dir="1" index="0" bw="1" slack="0"/>
</pin_list>
<bind>
<StgValue><ssdm name="data_29_val"/></StgValue>
</bind>
</comp>

<comp id="60" class="1000" name="data_30_val">
<pin_list>
<pin id="61" dir="1" index="0" bw="1" slack="0"/>
</pin_list>
<bind>
<StgValue><ssdm name="data_30_val"/></StgValue>
</bind>
</comp>

<comp id="62" class="1000" name="data_31_val">
<pin_list>
<pin id="63" dir="1" index="0" bw="1" slack="0"/>
</pin_list>
<bind>
<StgValue><ssdm name="data_31_val"/></StgValue>
</bind>
</comp>

<comp id="64" class="1001" name="const_64">
<pin_list>
<pin id="65" dir="1" index="0" bw="1" slack="0"/>
</pin_list>
<bind>
<StgValue><ssdm name="_ssdm_op_Read.ap_auto.i6"/></StgValue>
</bind>
</comp>

<comp id="66" class="1001" name="const_66">
<pin_list>
<pin id="67" dir="1" index="0" bw="1" slack="0"/>
</pin_list>
<bind>
<StgValue><ssdm name=""/></StgValue>
</bind>
</comp>

<comp id="68" class="1001" name="const_68">
<pin_list>
<pin id="69" dir="1" index="0" bw="1" slack="0"/>
</pin_list>
<bind>
<StgValue><ssdm name="_ssdm_op_BitConcatenate.i7.i6.i1"/></StgValue>
</bind>
</comp>

<comp id="70" class="1001" name="const_70">
<pin_list>
<pin id="71" dir="1" index="0" bw="1" slack="0"/>
</pin_list>
<bind>
<StgValue><ssdm name=""/></StgValue>
</bind>
</comp>

<comp id="72" class="1001" name="const_72">
<pin_list>
<pin id="73" dir="1" index="0" bw="1" slack="0"/>
</pin_list>
<bind>
<StgValue><ssdm name=""/></StgValue>
</bind>
</comp>

<comp id="74" class="1001" name="const_74">
<pin_list>
<pin id="75" dir="1" index="0" bw="1" slack="0"/>
</pin_list>
<bind>
<StgValue><ssdm name="_ssdm_op_BitConcatenate.i8.i6.i2"/></StgValue>
</bind>
</comp>

<comp id="76" class="1001" name="const_76">
<pin_list>
<pin id="77" dir="1" index="0" bw="1" slack="0"/>
</pin_list>
<bind>
<StgValue><ssdm name=""/></StgValue>
</bind>
</comp>

<comp id="78" class="1001" name="const_78">
<pin_list>
<pin id="79" dir="1" index="0" bw="1" slack="2147483647"/>
</pin_list>
<bind>
<StgValue><ssdm name="_ssdm_op_SpecPipeline"/></StgValue>
</bind>
</comp>

<comp id="80" class="1001" name="const_80">
<pin_list>
<pin id="81" dir="1" index="0" bw="1" slack="2147483647"/>
</pin_list>
<bind>
<StgValue><ssdm name=""/></StgValue>
</bind>
</comp>

<comp id="82" class="1001" name="const_82">
<pin_list>
<pin id="83" dir="1" index="0" bw="1" slack="2147483647"/>
</pin_list>
<bind>
<StgValue><ssdm name=""/></StgValue>
</bind>
</comp>

<comp id="84" class="1001" name="const_84">
<pin_list>
<pin id="85" dir="1" index="0" bw="1" slack="2147483647"/>
</pin_list>
<bind>
<StgValue><ssdm name="empty_1"/></StgValue>
</bind>
</comp>

<comp id="86" class="1001" name="const_86">
<pin_list>
<pin id="87" dir="1" index="0" bw="1" slack="2147483647"/>
</pin_list>
<bind>
<StgValue><ssdm name="_ssdm_op_SpecResourceLimit"/></StgValue>
</bind>
</comp>

<comp id="88" class="1001" name="const_88">
<pin_list>
<pin id="89" dir="1" index="0" bw="1" slack="2147483647"/>
</pin_list>
<bind>
<StgValue><ssdm name=""/></StgValue>
</bind>
</comp>

<comp id="90" class="1001" name="const_90">
<pin_list>
<pin id="91" dir="1" index="0" bw="1" slack="2147483647"/>
</pin_list>
<bind>
<StgValue><ssdm name="empty_3"/></StgValue>
</bind>
</comp>

<comp id="92" class="1001" name="const_92">
<pin_list>
<pin id="93" dir="1" index="0" bw="1" slack="0"/>
</pin_list>
<bind>
<StgValue><ssdm name=""/></StgValue>
</bind>
</comp>

<comp id="94" class="1004" name="data_1_val_read_read_fu_94">
<pin_list>
<pin id="95" dir="0" index="0" bw="6" slack="0"/>
<pin id="96" dir="0" index="1" bw="6" slack="0"/>
<pin id="97" dir="1" index="2" bw="6" slack="0"/>
</pin_list>
<bind>
<opcode="read(1150) " fcode="read"/>
<opset="data_1_val_read/1 "/>
</bind>
</comp>

<comp id="100" class="1004" name="data_0_val_read_read_fu_100">
<pin_list>
<pin id="101" dir="0" index="0" bw="6" slack="0"/>
<pin id="102" dir="0" index="1" bw="6" slack="0"/>
<pin id="103" dir="1" index="2" bw="6" slack="0"/>
</pin_list>
<bind>
<opcode="read(1150) " fcode="read"/>
<opset="data_0_val_read/1 "/>
</bind>
</comp>

<comp id="106" class="1004" name="data_26_val_read_read_fu_106">
<pin_list>
<pin id="107" dir="0" index="0" bw="6" slack="0"/>
<pin id="108" dir="0" index="1" bw="6" slack="0"/>
<pin id="109" dir="1" index="2" bw="6" slack="0"/>
</pin_list>
<bind>
<opcode="read(1150) " fcode="read"/>
<opset="data_26_val_read/2 "/>
</bind>
</comp>

<comp id="112" class="1004" name="data_25_val_read_read_fu_112">
<pin_list>
<pin id="113" dir="0" index="0" bw="6" slack="0"/>
<pin id="114" dir="0" index="1" bw="6" slack="0"/>
<pin id="115" dir="1" index="2" bw="6" slack="0"/>
</pin_list>
<bind>
<opcode="read(1150) " fcode="read"/>
<opset="data_25_val_read/2 "/>
</bind>
</comp>

<comp id="118" class="1004" name="data_24_val_read_read_fu_118">
<pin_list>
<pin id="119" dir="0" index="0" bw="6" slack="0"/>
<pin id="120" dir="0" index="1" bw="6" slack="0"/>
<pin id="121" dir="1" index="2" bw="6" slack="0"/>
</pin_list>
<bind>
<opcode="read(1150) " fcode="read"/>
<opset="data_24_val_read/2 "/>
</bind>
</comp>

<comp id="124" class="1004" name="data_23_val_read_read_fu_124">
<pin_list>
<pin id="125" dir="0" index="0" bw="6" slack="0"/>
<pin id="126" dir="0" index="1" bw="6" slack="0"/>
<pin id="127" dir="1" index="2" bw="6" slack="0"/>
</pin_list>
<bind>
<opcode="read(1150) " fcode="read"/>
<opset="data_23_val_read/2 "/>
</bind>
</comp>

<comp id="130" class="1004" name="data_22_val_read_read_fu_130">
<pin_list>
<pin id="131" dir="0" index="0" bw="6" slack="0"/>
<pin id="132" dir="0" index="1" bw="6" slack="0"/>
<pin id="133" dir="1" index="2" bw="6" slack="0"/>
</pin_list>
<bind>
<opcode="read(1150) " fcode="read"/>
<opset="data_22_val_read/2 "/>
</bind>
</comp>

<comp id="136" class="1004" name="data_21_val_read_read_fu_136">
<pin_list>
<pin id="137" dir="0" index="0" bw="6" slack="0"/>
<pin id="138" dir="0" index="1" bw="6" slack="0"/>
<pin id="139" dir="1" index="2" bw="6" slack="0"/>
</pin_list>
<bind>
<opcode="read(1150) " fcode="read"/>
<opset="data_21_val_read/2 "/>
</bind>
</comp>

<comp id="142" class="1004" name="data_20_val_read_read_fu_142">
<pin_list>
<pin id="143" dir="0" index="0" bw="6" slack="0"/>
<pin id="144" dir="0" index="1" bw="6" slack="0"/>
<pin id="145" dir="1" index="2" bw="6" slack="0"/>
</pin_list>
<bind>
<opcode="read(1150) " fcode="read"/>
<opset="data_20_val_read/2 "/>
</bind>
</comp>

<comp id="148" class="1004" name="data_19_val_read_read_fu_148">
<pin_list>
<pin id="149" dir="0" index="0" bw="6" slack="0"/>
<pin id="150" dir="0" index="1" bw="6" slack="0"/>
<pin id="151" dir="1" index="2" bw="6" slack="0"/>
</pin_list>
<bind>
<opcode="read(1150) " fcode="read"/>
<opset="data_19_val_read/2 "/>
</bind>
</comp>

<comp id="154" class="1004" name="data_18_val_read_read_fu_154">
<pin_list>
<pin id="155" dir="0" index="0" bw="6" slack="0"/>
<pin id="156" dir="0" index="1" bw="6" slack="0"/>
<pin id="157" dir="1" index="2" bw="6" slack="0"/>
</pin_list>
<bind>
<opcode="read(1150) " fcode="read"/>
<opset="data_18_val_read/2 "/>
</bind>
</comp>

<comp id="160" class="1004" name="data_17_val_read_read_fu_160">
<pin_list>
<pin id="161" dir="0" index="0" bw="6" slack="0"/>
<pin id="162" dir="0" index="1" bw="6" slack="0"/>
<pin id="163" dir="1" index="2" bw="6" slack="0"/>
</pin_list>
<bind>
<opcode="read(1150) " fcode="read"/>
<opset="data_17_val_read/2 "/>
</bind>
</comp>

<comp id="166" class="1004" name="data_16_val_read_read_fu_166">
<pin_list>
<pin id="167" dir="0" index="0" bw="6" slack="0"/>
<pin id="168" dir="0" index="1" bw="6" slack="0"/>
<pin id="169" dir="1" index="2" bw="6" slack="0"/>
</pin_list>
<bind>
<opcode="read(1150) " fcode="read"/>
<opset="data_16_val_read/2 "/>
</bind>
</comp>

<comp id="172" class="1004" name="data_15_val_read_read_fu_172">
<pin_list>
<pin id="173" dir="0" index="0" bw="6" slack="0"/>
<pin id="174" dir="0" index="1" bw="6" slack="0"/>
<pin id="175" dir="1" index="2" bw="6" slack="0"/>
</pin_list>
<bind>
<opcode="read(1150) " fcode="read"/>
<opset="data_15_val_read/2 "/>
</bind>
</comp>

<comp id="178" class="1004" name="data_14_val_read_read_fu_178">
<pin_list>
<pin id="179" dir="0" index="0" bw="6" slack="0"/>
<pin id="180" dir="0" index="1" bw="6" slack="0"/>
<pin id="181" dir="1" index="2" bw="6" slack="0"/>
</pin_list>
<bind>
<opcode="read(1150) " fcode="read"/>
<opset="data_14_val_read/2 "/>
</bind>
</comp>

<comp id="184" class="1004" name="data_13_val_read_read_fu_184">
<pin_list>
<pin id="185" dir="0" index="0" bw="6" slack="0"/>
<pin id="186" dir="0" index="1" bw="6" slack="0"/>
<pin id="187" dir="1" index="2" bw="6" slack="0"/>
</pin_list>
<bind>
<opcode="read(1150) " fcode="read"/>
<opset="data_13_val_read/2 "/>
</bind>
</comp>

<comp id="190" class="1004" name="data_12_val_read_read_fu_190">
<pin_list>
<pin id="191" dir="0" index="0" bw="6" slack="0"/>
<pin id="192" dir="0" index="1" bw="6" slack="0"/>
<pin id="193" dir="1" index="2" bw="6" slack="0"/>
</pin_list>
<bind>
<opcode="read(1150) " fcode="read"/>
<opset="data_12_val_read/2 "/>
</bind>
</comp>

<comp id="196" class="1004" name="data_11_val_read_read_fu_196">
<pin_list>
<pin id="197" dir="0" index="0" bw="6" slack="0"/>
<pin id="198" dir="0" index="1" bw="6" slack="0"/>
<pin id="199" dir="1" index="2" bw="6" slack="0"/>
</pin_list>
<bind>
<opcode="read(1150) " fcode="read"/>
<opset="data_11_val_read/2 "/>
</bind>
</comp>

<comp id="202" class="1004" name="data_10_val_read_read_fu_202">
<pin_list>
<pin id="203" dir="0" index="0" bw="6" slack="0"/>
<pin id="204" dir="0" index="1" bw="6" slack="0"/>
<pin id="205" dir="1" index="2" bw="6" slack="0"/>
</pin_list>
<bind>
<opcode="read(1150) " fcode="read"/>
<opset="data_10_val_read/2 "/>
</bind>
</comp>

<comp id="208" class="1004" name="data_9_val_read_read_fu_208">
<pin_list>
<pin id="209" dir="0" index="0" bw="6" slack="0"/>
<pin id="210" dir="0" index="1" bw="6" slack="0"/>
<pin id="211" dir="1" index="2" bw="6" slack="0"/>
</pin_list>
<bind>
<opcode="read(1150) " fcode="read"/>
<opset="data_9_val_read/2 "/>
</bind>
</comp>

<comp id="214" class="1004" name="data_8_val_read_read_fu_214">
<pin_list>
<pin id="215" dir="0" index="0" bw="6" slack="0"/>
<pin id="216" dir="0" index="1" bw="6" slack="0"/>
<pin id="217" dir="1" index="2" bw="6" slack="0"/>
</pin_list>
<bind>
<opcode="read(1150) " fcode="read"/>
<opset="data_8_val_read/2 "/>
</bind>
</comp>

<comp id="220" class="1004" name="data_7_val_read_read_fu_220">
<pin_list>
<pin id="221" dir="0" index="0" bw="6" slack="0"/>
<pin id="222" dir="0" index="1" bw="6" slack="0"/>
<pin id="223" dir="1" index="2" bw="6" slack="0"/>
</pin_list>
<bind>
<opcode="read(1150) " fcode="read"/>
<opset="data_7_val_read/2 "/>
</bind>
</comp>

<comp id="226" class="1004" name="data_6_val_read_read_fu_226">
<pin_list>
<pin id="227" dir="0" index="0" bw="6" slack="0"/>
<pin id="228" dir="0" index="1" bw="6" slack="0"/>
<pin id="229" dir="1" index="2" bw="6" slack="0"/>
</pin_list>
<bind>
<opcode="read(1150) " fcode="read"/>
<opset="data_6_val_read/2 "/>
</bind>
</comp>

<comp id="232" class="1004" name="data_5_val_read_read_fu_232">
<pin_list>
<pin id="233" dir="0" index="0" bw="6" slack="0"/>
<pin id="234" dir="0" index="1" bw="6" slack="0"/>
<pin id="235" dir="1" index="2" bw="6" slack="0"/>
</pin_list>
<bind>
<opcode="read(1150) " fcode="read"/>
<opset="data_5_val_read/2 "/>
</bind>
</comp>

<comp id="238" class="1004" name="data_4_val_read_read_fu_238">
<pin_list>
<pin id="239" dir="0" index="0" bw="6" slack="0"/>
<pin id="240" dir="0" index="1" bw="6" slack="0"/>
<pin id="241" dir="1" index="2" bw="6" slack="0"/>
</pin_list>
<bind>
<opcode="read(1150) " fcode="read"/>
<opset="data_4_val_read/2 "/>
</bind>
</comp>

<comp id="244" class="1004" name="data_3_val_read_read_fu_244">
<pin_list>
<pin id="245" dir="0" index="0" bw="6" slack="0"/>
<pin id="246" dir="0" index="1" bw="6" slack="0"/>
<pin id="247" dir="1" index="2" bw="6" slack="0"/>
</pin_list>
<bind>
<opcode="read(1150) " fcode="read"/>
<opset="data_3_val_read/2 "/>
</bind>
</comp>

<comp id="250" class="1004" name="data_2_val_read_read_fu_250">
<pin_list>
<pin id="251" dir="0" index="0" bw="6" slack="0"/>
<pin id="252" dir="0" index="1" bw="6" slack="0"/>
<pin id="253" dir="1" index="2" bw="6" slack="0"/>
</pin_list>
<bind>
<opcode="read(1150) " fcode="read"/>
<opset="data_2_val_read/2 "/>
</bind>
</comp>

<comp id="256" class="1004" name="data_31_val_read_read_fu_256">
<pin_list>
<pin id="257" dir="0" index="0" bw="6" slack="0"/>
<pin id="258" dir="0" index="1" bw="6" slack="0"/>
<pin id="259" dir="1" index="2" bw="6" slack="0"/>
</pin_list>
<bind>
<opcode="read(1150) " fcode="read"/>
<opset="data_31_val_read/3 "/>
</bind>
</comp>

<comp id="262" class="1004" name="data_30_val_read_read_fu_262">
<pin_list>
<pin id="263" dir="0" index="0" bw="6" slack="0"/>
<pin id="264" dir="0" index="1" bw="6" slack="0"/>
<pin id="265" dir="1" index="2" bw="6" slack="0"/>
</pin_list>
<bind>
<opcode="read(1150) " fcode="read"/>
<opset="data_30_val_read/3 "/>
</bind>
</comp>

<comp id="268" class="1004" name="data_29_val_read_read_fu_268">
<pin_list>
<pin id="269" dir="0" index="0" bw="6" slack="0"/>
<pin id="270" dir="0" index="1" bw="6" slack="0"/>
<pin id="271" dir="1" index="2" bw="6" slack="0"/>
</pin_list>
<bind>
<opcode="read(1150) " fcode="read"/>
<opset="data_29_val_read/3 "/>
</bind>
</comp>

<comp id="274" class="1004" name="data_28_val_read_read_fu_274">
<pin_list>
<pin id="275" dir="0" index="0" bw="6" slack="0"/>
<pin id="276" dir="0" index="1" bw="6" slack="0"/>
<pin id="277" dir="1" index="2" bw="6" slack="0"/>
</pin_list>
<bind>
<opcode="read(1150) " fcode="read"/>
<opset="data_28_val_read/3 "/>
</bind>
</comp>

<comp id="280" class="1004" name="data_27_val_read_read_fu_280">
<pin_list>
<pin id="281" dir="0" index="0" bw="6" slack="0"/>
<pin id="282" dir="0" index="1" bw="6" slack="0"/>
<pin id="283" dir="1" index="2" bw="6" slack="0"/>
</pin_list>
<bind>
<opcode="read(1150) " fcode="read"/>
<opset="data_27_val_read/3 "/>
</bind>
</comp>

<comp id="286" class="1004" name="sext_ln73_19_fu_286">
<pin_list>
<pin id="287" dir="0" index="0" bw="6" slack="0"/>
<pin id="288" dir="1" index="1" bw="7" slack="0"/>
</pin_list>
<bind>
<opcode="sext(35) " fcode="sext"/>
<opset="sext_ln73_19/1 "/>
</bind>
</comp>

<comp id="290" class="1004" name="sext_ln17_152_fu_290">
<pin_list>
<pin id="291" dir="0" index="0" bw="6" slack="0"/>
<pin id="292" dir="1" index="1" bw="7" slack="0"/>
</pin_list>
<bind>
<opcode="sext(35) " fcode="sext"/>
<opset="sext_ln17_152/1 "/>
</bind>
</comp>

<comp id="294" class="1004" name="add_ln58_644_fu_294">
<pin_list>
<pin id="295" dir="0" index="0" bw="6" slack="0"/>
<pin id="296" dir="0" index="1" bw="6" slack="0"/>
<pin id="297" dir="1" index="2" bw="7" slack="1"/>
</pin_list>
<bind>
<opcode="add(8) " fcode="add"/>
<opset="add_ln58_644/1 "/>
</bind>
</comp>

<comp id="300" class="1004" name="sext_ln73_fu_300">
<pin_list>
<pin id="301" dir="0" index="0" bw="6" slack="1"/>
<pin id="302" dir="1" index="1" bw="8" slack="0"/>
</pin_list>
<bind>
<opcode="sext(35) " fcode="sext"/>
<opset="sext_ln73/2 "/>
</bind>
</comp>

<comp id="303" class="1004" name="sub_ln73_fu_303">
<pin_list>
<pin id="304" dir="0" index="0" bw="1" slack="0"/>
<pin id="305" dir="0" index="1" bw="6" slack="1"/>
<pin id="306" dir="1" index="2" bw="7" slack="0"/>
</pin_list>
<bind>
<opcode="sub(10) " fcode="sub"/>
<opset="sub_ln73/2 "/>
</bind>
</comp>

<comp id="308" class="1004" name="mult_fu_308">
<pin_list>
<pin id="309" dir="0" index="0" bw="7" slack="0"/>
<pin id="310" dir="0" index="1" bw="6" slack="1"/>
<pin id="311" dir="0" index="2" bw="1" slack="0"/>
<pin id="312" dir="1" index="3" bw="7" slack="0"/>
</pin_list>
<bind>
<opcode="bitconcatenate(1004) " fcode="bitconcatenate"/>
<opset="mult/2 "/>
</bind>
</comp>

<comp id="315" class="1004" name="sext_ln17_fu_315">
<pin_list>
<pin id="316" dir="0" index="0" bw="7" slack="0"/>
<pin id="317" dir="1" index="1" bw="8" slack="0"/>
</pin_list>
<bind>
<opcode="sext(35) " fcode="sext"/>
<opset="sext_ln17/2 "/>
</bind>
</comp>

<comp id="319" class="1004" name="sub_ln73_59_fu_319">
<pin_list>
<pin id="320" dir="0" index="0" bw="1" slack="0"/>
<pin id="321" dir="0" index="1" bw="7" slack="0"/>
<pin id="322" dir="1" index="2" bw="8" slack="0"/>
</pin_list>
<bind>
<opcode="sub(10) " fcode="sub"/>
<opset="sub_ln73_59/2 "/>
</bind>
</comp>

<comp id="325" class="1004" name="sext_ln17_151_fu_325">
<pin_list>
<pin id="326" dir="0" index="0" bw="6" slack="1"/>
<pin id="327" dir="1" index="1" bw="8" slack="0"/>
</pin_list>
<bind>
<opcode="sext(35) " fcode="sext"/>
<opset="sext_ln17_151/2 "/>
</bind>
</comp>

<comp id="328" class="1004" name="mult_81_fu_328">
<pin_list>
<pin id="329" dir="0" index="0" bw="7" slack="0"/>
<pin id="330" dir="0" index="1" bw="6" slack="1"/>
<pin id="331" dir="0" index="2" bw="1" slack="0"/>
<pin id="332" dir="1" index="3" bw="7" slack="0"/>
</pin_list>
<bind>
<opcode="bitconcatenate(1004) " fcode="bitconcatenate"/>
<opset="mult_81/2 "/>
</bind>
</comp>

<comp id="335" class="1004" name="sext_ln17_153_fu_335">
<pin_list>
<pin id="336" dir="0" index="0" bw="7" slack="0"/>
<pin id="337" dir="1" index="1" bw="8" slack="0"/>
</pin_list>
<bind>
<opcode="sext(35) " fcode="sext"/>
<opset="sext_ln17_153/2 "/>
</bind>
</comp>

<comp id="339" class="1004" name="sext_ln73_20_fu_339">
<pin_list>
<pin id="340" dir="0" index="0" bw="6" slack="0"/>
<pin id="341" dir="1" index="1" bw="7" slack="0"/>
</pin_list>
<bind>
<opcode="sext(35) " fcode="sext"/>
<opset="sext_ln73_20/2 "/>
</bind>
</comp>

<comp id="343" class="1004" name="sext_ln73_21_fu_343">
<pin_list>
<pin id="344" dir="0" index="0" bw="6" slack="0"/>
<pin id="345" dir="1" index="1" bw="8" slack="0"/>
</pin_list>
<bind>
<opcode="sext(35) " fcode="sext"/>
<opset="sext_ln73_21/2 "/>
</bind>
</comp>

<comp id="347" class="1004" name="mult_82_fu_347">
<pin_list>
<pin id="348" dir="0" index="0" bw="7" slack="0"/>
<pin id="349" dir="0" index="1" bw="6" slack="0"/>
<pin id="350" dir="0" index="2" bw="1" slack="0"/>
<pin id="351" dir="1" index="3" bw="7" slack="0"/>
</pin_list>
<bind>
<opcode="bitconcatenate(1004) " fcode="bitconcatenate"/>
<opset="mult_82/2 "/>
</bind>
</comp>

<comp id="355" class="1004" name="sext_ln73_28_fu_355">
<pin_list>
<pin id="356" dir="0" index="0" bw="7" slack="0"/>
<pin id="357" dir="1" index="1" bw="8" slack="0"/>
</pin_list>
<bind>
<opcode="sext(35) " fcode="sext"/>
<opset="sext_ln73_28/2 "/>
</bind>
</comp>

<comp id="359" class="1004" name="sext_ln73_23_fu_359">
<pin_list>
<pin id="360" dir="0" index="0" bw="6" slack="0"/>
<pin id="361" dir="1" index="1" bw="7" slack="0"/>
</pin_list>
<bind>
<opcode="sext(35) " fcode="sext"/>
<opset="sext_ln73_23/2 "/>
</bind>
</comp>

<comp id="363" class="1004" name="mult_83_fu_363">
<pin_list>
<pin id="364" dir="0" index="0" bw="7" slack="0"/>
<pin id="365" dir="0" index="1" bw="6" slack="0"/>
<pin id="366" dir="0" index="2" bw="1" slack="0"/>
<pin id="367" dir="1" index="3" bw="7" slack="0"/>
</pin_list>
<bind>
<opcode="bitconcatenate(1004) " fcode="bitconcatenate"/>
<opset="mult_83/2 "/>
</bind>
</comp>

<comp id="371" class="1004" name="sext_ln42_fu_371">
<pin_list>
<pin id="372" dir="0" index="0" bw="7" slack="0"/>
<pin id="373" dir="1" index="1" bw="8" slack="0"/>
</pin_list>
<bind>
<opcode="sext(35) " fcode="sext"/>
<opset="sext_ln42/2 "/>
</bind>
</comp>

<comp id="375" class="1004" name="sext_ln17_154_fu_375">
<pin_list>
<pin id="376" dir="0" index="0" bw="7" slack="0"/>
<pin id="377" dir="1" index="1" bw="9" slack="0"/>
</pin_list>
<bind>
<opcode="sext(35) " fcode="sext"/>
<opset="sext_ln17_154/2 "/>
</bind>
</comp>

<comp id="379" class="1004" name="mult_84_fu_379">
<pin_list>
<pin id="380" dir="0" index="0" bw="1" slack="0"/>
<pin id="381" dir="0" index="1" bw="6" slack="0"/>
<pin id="382" dir="1" index="2" bw="7" slack="0"/>
</pin_list>
<bind>
<opcode="sub(10) " fcode="sub"/>
<opset="mult_84/2 "/>
</bind>
</comp>

<comp id="385" class="1004" name="sext_ln17_155_fu_385">
<pin_list>
<pin id="386" dir="0" index="0" bw="7" slack="0"/>
<pin id="387" dir="1" index="1" bw="8" slack="0"/>
</pin_list>
<bind>
<opcode="sext(35) " fcode="sext"/>
<opset="sext_ln17_155/2 "/>
</bind>
</comp>

<comp id="389" class="1004" name="sext_ln70_fu_389">
<pin_list>
<pin id="390" dir="0" index="0" bw="6" slack="0"/>
<pin id="391" dir="1" index="1" bw="8" slack="0"/>
</pin_list>
<bind>
<opcode="sext(35) " fcode="sext"/>
<opset="sext_ln70/2 "/>
</bind>
</comp>

<comp id="393" class="1004" name="sext_ln17_156_fu_393">
<pin_list>
<pin id="394" dir="0" index="0" bw="6" slack="0"/>
<pin id="395" dir="1" index="1" bw="7" slack="0"/>
</pin_list>
<bind>
<opcode="sext(35) " fcode="sext"/>
<opset="sext_ln17_156/2 "/>
</bind>
</comp>

<comp id="397" class="1004" name="sext_ln70_29_fu_397">
<pin_list>
<pin id="398" dir="0" index="0" bw="6" slack="0"/>
<pin id="399" dir="1" index="1" bw="7" slack="0"/>
</pin_list>
<bind>
<opcode="sext(35) " fcode="sext"/>
<opset="sext_ln70_29/2 "/>
</bind>
</comp>

<comp id="401" class="1004" name="sext_ln17_157_fu_401">
<pin_list>
<pin id="402" dir="0" index="0" bw="6" slack="0"/>
<pin id="403" dir="1" index="1" bw="9" slack="0"/>
</pin_list>
<bind>
<opcode="sext(35) " fcode="sext"/>
<opset="sext_ln17_157/2 "/>
</bind>
</comp>

<comp id="405" class="1004" name="sext_ln17_158_fu_405">
<pin_list>
<pin id="406" dir="0" index="0" bw="6" slack="0"/>
<pin id="407" dir="1" index="1" bw="8" slack="0"/>
</pin_list>
<bind>
<opcode="sext(35) " fcode="sext"/>
<opset="sext_ln17_158/2 "/>
</bind>
</comp>

<comp id="409" class="1004" name="mult_85_fu_409">
<pin_list>
<pin id="410" dir="0" index="0" bw="1" slack="0"/>
<pin id="411" dir="0" index="1" bw="6" slack="0"/>
<pin id="412" dir="1" index="2" bw="7" slack="0"/>
</pin_list>
<bind>
<opcode="sub(10) " fcode="sub"/>
<opset="mult_85/2 "/>
</bind>
</comp>

<comp id="415" class="1004" name="sext_ln17_159_fu_415">
<pin_list>
<pin id="416" dir="0" index="0" bw="7" slack="0"/>
<pin id="417" dir="1" index="1" bw="9" slack="0"/>
</pin_list>
<bind>
<opcode="sext(35) " fcode="sext"/>
<opset="sext_ln17_159/2 "/>
</bind>
</comp>

<comp id="419" class="1004" name="sext_ln17_160_fu_419">
<pin_list>
<pin id="420" dir="0" index="0" bw="6" slack="0"/>
<pin id="421" dir="1" index="1" bw="9" slack="0"/>
</pin_list>
<bind>
<opcode="sext(35) " fcode="sext"/>
<opset="sext_ln17_160/2 "/>
</bind>
</comp>

<comp id="423" class="1004" name="sext_ln17_161_fu_423">
<pin_list>
<pin id="424" dir="0" index="0" bw="6" slack="0"/>
<pin id="425" dir="1" index="1" bw="8" slack="0"/>
</pin_list>
<bind>
<opcode="sext(35) " fcode="sext"/>
<opset="sext_ln17_161/2 "/>
</bind>
</comp>

<comp id="427" class="1004" name="sext_ln17_162_fu_427">
<pin_list>
<pin id="428" dir="0" index="0" bw="6" slack="0"/>
<pin id="429" dir="1" index="1" bw="7" slack="0"/>
</pin_list>
<bind>
<opcode="sext(35) " fcode="sext"/>
<opset="sext_ln17_162/2 "/>
</bind>
</comp>

<comp id="431" class="1004" name="mult_86_fu_431">
<pin_list>
<pin id="432" dir="0" index="0" bw="7" slack="0"/>
<pin id="433" dir="0" index="1" bw="6" slack="0"/>
<pin id="434" dir="0" index="2" bw="1" slack="0"/>
<pin id="435" dir="1" index="3" bw="7" slack="0"/>
</pin_list>
<bind>
<opcode="bitconcatenate(1004) " fcode="bitconcatenate"/>
<opset="mult_86/2 "/>
</bind>
</comp>

<comp id="439" class="1004" name="sext_ln17_163_fu_439">
<pin_list>
<pin id="440" dir="0" index="0" bw="7" slack="0"/>
<pin id="441" dir="1" index="1" bw="9" slack="0"/>
</pin_list>
<bind>
<opcode="sext(35) " fcode="sext"/>
<opset="sext_ln17_163/2 "/>
</bind>
</comp>

<comp id="443" class="1004" name="sext_ln17_164_fu_443">
<pin_list>
<pin id="444" dir="0" index="0" bw="7" slack="0"/>
<pin id="445" dir="1" index="1" bw="8" slack="0"/>
</pin_list>
<bind>
<opcode="sext(35) " fcode="sext"/>
<opset="sext_ln17_164/2 "/>
</bind>
</comp>

<comp id="447" class="1004" name="sext_ln17_165_fu_447">
<pin_list>
<pin id="448" dir="0" index="0" bw="6" slack="0"/>
<pin id="449" dir="1" index="1" bw="7" slack="0"/>
</pin_list>
<bind>
<opcode="sext(35) " fcode="sext"/>
<opset="sext_ln17_165/2 "/>
</bind>
</comp>

<comp id="451" class="1004" name="sext_ln73_24_fu_451">
<pin_list>
<pin id="452" dir="0" index="0" bw="6" slack="0"/>
<pin id="453" dir="1" index="1" bw="8" slack="0"/>
</pin_list>
<bind>
<opcode="sext(35) " fcode="sext"/>
<opset="sext_ln73_24/2 "/>
</bind>
</comp>

<comp id="455" class="1004" name="mult_87_fu_455">
<pin_list>
<pin id="456" dir="0" index="0" bw="7" slack="0"/>
<pin id="457" dir="0" index="1" bw="6" slack="0"/>
<pin id="458" dir="0" index="2" bw="1" slack="0"/>
<pin id="459" dir="1" index="3" bw="7" slack="0"/>
</pin_list>
<bind>
<opcode="bitconcatenate(1004) " fcode="bitconcatenate"/>
<opset="mult_87/2 "/>
</bind>
</comp>

<comp id="463" class="1004" name="sext_ln17_166_fu_463">
<pin_list>
<pin id="464" dir="0" index="0" bw="7" slack="0"/>
<pin id="465" dir="1" index="1" bw="8" slack="0"/>
</pin_list>
<bind>
<opcode="sext(35) " fcode="sext"/>
<opset="sext_ln17_166/2 "/>
</bind>
</comp>

<comp id="467" class="1004" name="sext_ln70_30_fu_467">
<pin_list>
<pin id="468" dir="0" index="0" bw="6" slack="0"/>
<pin id="469" dir="1" index="1" bw="7" slack="0"/>
</pin_list>
<bind>
<opcode="sext(35) " fcode="sext"/>
<opset="sext_ln70_30/2 "/>
</bind>
</comp>

<comp id="471" class="1004" name="sext_ln17_167_fu_471">
<pin_list>
<pin id="472" dir="0" index="0" bw="6" slack="0"/>
<pin id="473" dir="1" index="1" bw="10" slack="0"/>
</pin_list>
<bind>
<opcode="sext(35) " fcode="sext"/>
<opset="sext_ln17_167/2 "/>
</bind>
</comp>

<comp id="475" class="1004" name="sext_ln17_168_fu_475">
<pin_list>
<pin id="476" dir="0" index="0" bw="6" slack="0"/>
<pin id="477" dir="1" index="1" bw="8" slack="0"/>
</pin_list>
<bind>
<opcode="sext(35) " fcode="sext"/>
<opset="sext_ln17_168/2 "/>
</bind>
</comp>

<comp id="479" class="1004" name="sext_ln17_169_fu_479">
<pin_list>
<pin id="480" dir="0" index="0" bw="6" slack="0"/>
<pin id="481" dir="1" index="1" bw="7" slack="0"/>
</pin_list>
<bind>
<opcode="sext(35) " fcode="sext"/>
<opset="sext_ln17_169/2 "/>
</bind>
</comp>

<comp id="483" class="1004" name="mult_88_fu_483">
<pin_list>
<pin id="484" dir="0" index="0" bw="7" slack="0"/>
<pin id="485" dir="0" index="1" bw="6" slack="0"/>
<pin id="486" dir="0" index="2" bw="1" slack="0"/>
<pin id="487" dir="1" index="3" bw="7" slack="0"/>
</pin_list>
<bind>
<opcode="bitconcatenate(1004) " fcode="bitconcatenate"/>
<opset="mult_88/2 "/>
</bind>
</comp>

<comp id="491" class="1004" name="sext_ln17_170_fu_491">
<pin_list>
<pin id="492" dir="0" index="0" bw="7" slack="0"/>
<pin id="493" dir="1" index="1" bw="10" slack="0"/>
</pin_list>
<bind>
<opcode="sext(35) " fcode="sext"/>
<opset="sext_ln17_170/2 "/>
</bind>
</comp>

<comp id="495" class="1004" name="sext_ln17_171_fu_495">
<pin_list>
<pin id="496" dir="0" index="0" bw="7" slack="0"/>
<pin id="497" dir="1" index="1" bw="8" slack="0"/>
</pin_list>
<bind>
<opcode="sext(35) " fcode="sext"/>
<opset="sext_ln17_171/2 "/>
</bind>
</comp>

<comp id="499" class="1004" name="mult_89_fu_499">
<pin_list>
<pin id="500" dir="0" index="0" bw="1" slack="0"/>
<pin id="501" dir="0" index="1" bw="6" slack="0"/>
<pin id="502" dir="1" index="2" bw="7" slack="0"/>
</pin_list>
<bind>
<opcode="sub(10) " fcode="sub"/>
<opset="mult_89/2 "/>
</bind>
</comp>

<comp id="505" class="1004" name="sext_ln17_172_fu_505">
<pin_list>
<pin id="506" dir="0" index="0" bw="7" slack="0"/>
<pin id="507" dir="1" index="1" bw="9" slack="0"/>
</pin_list>
<bind>
<opcode="sext(35) " fcode="sext"/>
<opset="sext_ln17_172/2 "/>
</bind>
</comp>

<comp id="509" class="1004" name="sext_ln73_27_fu_509">
<pin_list>
<pin id="510" dir="0" index="0" bw="6" slack="0"/>
<pin id="511" dir="1" index="1" bw="7" slack="0"/>
</pin_list>
<bind>
<opcode="sext(35) " fcode="sext"/>
<opset="sext_ln73_27/2 "/>
</bind>
</comp>

<comp id="513" class="1004" name="mult_90_fu_513">
<pin_list>
<pin id="514" dir="0" index="0" bw="7" slack="0"/>
<pin id="515" dir="0" index="1" bw="6" slack="0"/>
<pin id="516" dir="0" index="2" bw="1" slack="0"/>
<pin id="517" dir="1" index="3" bw="7" slack="0"/>
</pin_list>
<bind>
<opcode="bitconcatenate(1004) " fcode="bitconcatenate"/>
<opset="mult_90/2 "/>
</bind>
</comp>

<comp id="521" class="1004" name="sext_ln17_173_fu_521">
<pin_list>
<pin id="522" dir="0" index="0" bw="7" slack="0"/>
<pin id="523" dir="1" index="1" bw="8" slack="0"/>
</pin_list>
<bind>
<opcode="sext(35) " fcode="sext"/>
<opset="sext_ln17_173/2 "/>
</bind>
</comp>

<comp id="525" class="1004" name="mult_91_fu_525">
<pin_list>
<pin id="526" dir="0" index="0" bw="1" slack="0"/>
<pin id="527" dir="0" index="1" bw="7" slack="0"/>
<pin id="528" dir="1" index="2" bw="8" slack="0"/>
</pin_list>
<bind>
<opcode="sub(10) " fcode="sub"/>
<opset="mult_91/2 "/>
</bind>
</comp>

<comp id="531" class="1004" name="sub_ln73_60_fu_531">
<pin_list>
<pin id="532" dir="0" index="0" bw="1" slack="0"/>
<pin id="533" dir="0" index="1" bw="6" slack="0"/>
<pin id="534" dir="1" index="2" bw="7" slack="0"/>
</pin_list>
<bind>
<opcode="sub(10) " fcode="sub"/>
<opset="sub_ln73_60/2 "/>
</bind>
</comp>

<comp id="537" class="1004" name="sext_ln73_29_fu_537">
<pin_list>
<pin id="538" dir="0" index="0" bw="6" slack="0"/>
<pin id="539" dir="1" index="1" bw="7" slack="0"/>
</pin_list>
<bind>
<opcode="sext(35) " fcode="sext"/>
<opset="sext_ln73_29/2 "/>
</bind>
</comp>

<comp id="541" class="1004" name="sub_ln73_61_fu_541">
<pin_list>
<pin id="542" dir="0" index="0" bw="1" slack="0"/>
<pin id="543" dir="0" index="1" bw="6" slack="0"/>
<pin id="544" dir="1" index="2" bw="7" slack="0"/>
</pin_list>
<bind>
<opcode="sub(10) " fcode="sub"/>
<opset="sub_ln73_61/2 "/>
</bind>
</comp>

<comp id="547" class="1004" name="mult_92_fu_547">
<pin_list>
<pin id="548" dir="0" index="0" bw="7" slack="0"/>
<pin id="549" dir="0" index="1" bw="6" slack="0"/>
<pin id="550" dir="0" index="2" bw="1" slack="0"/>
<pin id="551" dir="1" index="3" bw="7" slack="0"/>
</pin_list>
<bind>
<opcode="bitconcatenate(1004) " fcode="bitconcatenate"/>
<opset="mult_92/2 "/>
</bind>
</comp>

<comp id="555" class="1004" name="sext_ln73_65_fu_555">
<pin_list>
<pin id="556" dir="0" index="0" bw="7" slack="0"/>
<pin id="557" dir="1" index="1" bw="8" slack="0"/>
</pin_list>
<bind>
<opcode="sext(35) " fcode="sext"/>
<opset="sext_ln73_65/2 "/>
</bind>
</comp>

<comp id="559" class="1004" name="sub_ln73_77_fu_559">
<pin_list>
<pin id="560" dir="0" index="0" bw="1" slack="0"/>
<pin id="561" dir="0" index="1" bw="7" slack="0"/>
<pin id="562" dir="1" index="2" bw="8" slack="0"/>
</pin_list>
<bind>
<opcode="sub(10) " fcode="sub"/>
<opset="sub_ln73_77/2 "/>
</bind>
</comp>

<comp id="565" class="1004" name="sext_ln73_30_fu_565">
<pin_list>
<pin id="566" dir="0" index="0" bw="6" slack="0"/>
<pin id="567" dir="1" index="1" bw="8" slack="0"/>
</pin_list>
<bind>
<opcode="sext(35) " fcode="sext"/>
<opset="sext_ln73_30/2 "/>
</bind>
</comp>

<comp id="569" class="1004" name="sext_ln73_31_fu_569">
<pin_list>
<pin id="570" dir="0" index="0" bw="6" slack="0"/>
<pin id="571" dir="1" index="1" bw="7" slack="0"/>
</pin_list>
<bind>
<opcode="sext(35) " fcode="sext"/>
<opset="sext_ln73_31/2 "/>
</bind>
</comp>

<comp id="573" class="1004" name="shl_ln_fu_573">
<pin_list>
<pin id="574" dir="0" index="0" bw="7" slack="0"/>
<pin id="575" dir="0" index="1" bw="6" slack="0"/>
<pin id="576" dir="0" index="2" bw="1" slack="0"/>
<pin id="577" dir="1" index="3" bw="7" slack="0"/>
</pin_list>
<bind>
<opcode="bitconcatenate(1004) " fcode="bitconcatenate"/>
<opset="shl_ln/2 "/>
</bind>
</comp>

<comp id="581" class="1004" name="sext_ln73_66_fu_581">
<pin_list>
<pin id="582" dir="0" index="0" bw="7" slack="0"/>
<pin id="583" dir="1" index="1" bw="8" slack="0"/>
</pin_list>
<bind>
<opcode="sext(35) " fcode="sext"/>
<opset="sext_ln73_66/2 "/>
</bind>
</comp>

<comp id="585" class="1004" name="sext_ln73_32_fu_585">
<pin_list>
<pin id="586" dir="0" index="0" bw="6" slack="0"/>
<pin id="587" dir="1" index="1" bw="9" slack="0"/>
</pin_list>
<bind>
<opcode="sext(35) " fcode="sext"/>
<opset="sext_ln73_32/2 "/>
</bind>
</comp>

<comp id="589" class="1004" name="sext_ln73_33_fu_589">
<pin_list>
<pin id="590" dir="0" index="0" bw="6" slack="0"/>
<pin id="591" dir="1" index="1" bw="7" slack="0"/>
</pin_list>
<bind>
<opcode="sext(35) " fcode="sext"/>
<opset="sext_ln73_33/2 "/>
</bind>
</comp>

<comp id="593" class="1004" name="sext_ln73_34_fu_593">
<pin_list>
<pin id="594" dir="0" index="0" bw="6" slack="0"/>
<pin id="595" dir="1" index="1" bw="8" slack="0"/>
</pin_list>
<bind>
<opcode="sext(35) " fcode="sext"/>
<opset="sext_ln73_34/2 "/>
</bind>
</comp>

<comp id="597" class="1004" name="sub_ln73_62_fu_597">
<pin_list>
<pin id="598" dir="0" index="0" bw="1" slack="0"/>
<pin id="599" dir="0" index="1" bw="6" slack="0"/>
<pin id="600" dir="1" index="2" bw="7" slack="0"/>
</pin_list>
<bind>
<opcode="sub(10) " fcode="sub"/>
<opset="sub_ln73_62/2 "/>
</bind>
</comp>

<comp id="603" class="1004" name="shl_ln73_1_fu_603">
<pin_list>
<pin id="604" dir="0" index="0" bw="7" slack="0"/>
<pin id="605" dir="0" index="1" bw="6" slack="0"/>
<pin id="606" dir="0" index="2" bw="1" slack="0"/>
<pin id="607" dir="1" index="3" bw="7" slack="0"/>
</pin_list>
<bind>
<opcode="bitconcatenate(1004) " fcode="bitconcatenate"/>
<opset="shl_ln73_1/2 "/>
</bind>
</comp>

<comp id="611" class="1004" name="tmp_fu_611">
<pin_list>
<pin id="612" dir="0" index="0" bw="8" slack="0"/>
<pin id="613" dir="0" index="1" bw="6" slack="0"/>
<pin id="614" dir="0" index="2" bw="1" slack="0"/>
<pin id="615" dir="1" index="3" bw="8" slack="0"/>
</pin_list>
<bind>
<opcode="bitconcatenate(1004) " fcode="bitconcatenate"/>
<opset="tmp/2 "/>
</bind>
</comp>

<comp id="619" class="1004" name="sext_ln73_67_fu_619">
<pin_list>
<pin id="620" dir="0" index="0" bw="8" slack="0"/>
<pin id="621" dir="1" index="1" bw="9" slack="0"/>
</pin_list>
<bind>
<opcode="sext(35) " fcode="sext"/>
<opset="sext_ln73_67/2 "/>
</bind>
</comp>

<comp id="623" class="1004" name="mult_93_fu_623">
<pin_list>
<pin id="624" dir="0" index="0" bw="6" slack="0"/>
<pin id="625" dir="0" index="1" bw="8" slack="0"/>
<pin id="626" dir="1" index="2" bw="9" slack="0"/>
</pin_list>
<bind>
<opcode="sub(10) " fcode="sub"/>
<opset="mult_93/2 "/>
</bind>
</comp>

<comp id="629" class="1004" name="sext_ln73_35_fu_629">
<pin_list>
<pin id="630" dir="0" index="0" bw="6" slack="0"/>
<pin id="631" dir="1" index="1" bw="8" slack="0"/>
</pin_list>
<bind>
<opcode="sext(35) " fcode="sext"/>
<opset="sext_ln73_35/2 "/>
</bind>
</comp>

<comp id="633" class="1004" name="sext_ln73_36_fu_633">
<pin_list>
<pin id="634" dir="0" index="0" bw="6" slack="0"/>
<pin id="635" dir="1" index="1" bw="7" slack="0"/>
</pin_list>
<bind>
<opcode="sext(35) " fcode="sext"/>
<opset="sext_ln73_36/2 "/>
</bind>
</comp>

<comp id="637" class="1004" name="shl_ln73_2_fu_637">
<pin_list>
<pin id="638" dir="0" index="0" bw="7" slack="0"/>
<pin id="639" dir="0" index="1" bw="6" slack="0"/>
<pin id="640" dir="0" index="2" bw="1" slack="0"/>
<pin id="641" dir="1" index="3" bw="7" slack="0"/>
</pin_list>
<bind>
<opcode="bitconcatenate(1004) " fcode="bitconcatenate"/>
<opset="shl_ln73_2/2 "/>
</bind>
</comp>

<comp id="645" class="1004" name="sext_ln73_68_fu_645">
<pin_list>
<pin id="646" dir="0" index="0" bw="7" slack="0"/>
<pin id="647" dir="1" index="1" bw="8" slack="0"/>
</pin_list>
<bind>
<opcode="sext(35) " fcode="sext"/>
<opset="sext_ln73_68/2 "/>
</bind>
</comp>

<comp id="649" class="1004" name="sub_ln73_79_fu_649">
<pin_list>
<pin id="650" dir="0" index="0" bw="1" slack="0"/>
<pin id="651" dir="0" index="1" bw="7" slack="0"/>
<pin id="652" dir="1" index="2" bw="8" slack="0"/>
</pin_list>
<bind>
<opcode="sub(10) " fcode="sub"/>
<opset="sub_ln73_79/2 "/>
</bind>
</comp>

<comp id="655" class="1004" name="sext_ln73_37_fu_655">
<pin_list>
<pin id="656" dir="0" index="0" bw="6" slack="0"/>
<pin id="657" dir="1" index="1" bw="8" slack="0"/>
</pin_list>
<bind>
<opcode="sext(35) " fcode="sext"/>
<opset="sext_ln73_37/2 "/>
</bind>
</comp>

<comp id="659" class="1004" name="sext_ln73_38_fu_659">
<pin_list>
<pin id="660" dir="0" index="0" bw="6" slack="0"/>
<pin id="661" dir="1" index="1" bw="7" slack="0"/>
</pin_list>
<bind>
<opcode="sext(35) " fcode="sext"/>
<opset="sext_ln73_38/2 "/>
</bind>
</comp>

<comp id="663" class="1004" name="sub_ln73_63_fu_663">
<pin_list>
<pin id="664" dir="0" index="0" bw="1" slack="0"/>
<pin id="665" dir="0" index="1" bw="6" slack="0"/>
<pin id="666" dir="1" index="2" bw="7" slack="0"/>
</pin_list>
<bind>
<opcode="sub(10) " fcode="sub"/>
<opset="sub_ln73_63/2 "/>
</bind>
</comp>

<comp id="669" class="1004" name="sext_ln73_39_fu_669">
<pin_list>
<pin id="670" dir="0" index="0" bw="6" slack="0"/>
<pin id="671" dir="1" index="1" bw="7" slack="0"/>
</pin_list>
<bind>
<opcode="sext(35) " fcode="sext"/>
<opset="sext_ln73_39/2 "/>
</bind>
</comp>

<comp id="673" class="1004" name="tmp_299_fu_673">
<pin_list>
<pin id="674" dir="0" index="0" bw="7" slack="0"/>
<pin id="675" dir="0" index="1" bw="6" slack="0"/>
<pin id="676" dir="0" index="2" bw="1" slack="0"/>
<pin id="677" dir="1" index="3" bw="7" slack="0"/>
</pin_list>
<bind>
<opcode="bitconcatenate(1004) " fcode="bitconcatenate"/>
<opset="tmp_299/2 "/>
</bind>
</comp>

<comp id="681" class="1004" name="sext_ln73_69_fu_681">
<pin_list>
<pin id="682" dir="0" index="0" bw="7" slack="0"/>
<pin id="683" dir="1" index="1" bw="8" slack="0"/>
</pin_list>
<bind>
<opcode="sext(35) " fcode="sext"/>
<opset="sext_ln73_69/2 "/>
</bind>
</comp>

<comp id="685" class="1004" name="sext_ln73_41_fu_685">
<pin_list>
<pin id="686" dir="0" index="0" bw="6" slack="0"/>
<pin id="687" dir="1" index="1" bw="7" slack="0"/>
</pin_list>
<bind>
<opcode="sext(35) " fcode="sext"/>
<opset="sext_ln73_41/2 "/>
</bind>
</comp>

<comp id="689" class="1004" name="sext_ln73_42_fu_689">
<pin_list>
<pin id="690" dir="0" index="0" bw="6" slack="0"/>
<pin id="691" dir="1" index="1" bw="8" slack="0"/>
</pin_list>
<bind>
<opcode="sext(35) " fcode="sext"/>
<opset="sext_ln73_42/2 "/>
</bind>
</comp>

<comp id="693" class="1004" name="sext_ln73_43_fu_693">
<pin_list>
<pin id="694" dir="0" index="0" bw="6" slack="0"/>
<pin id="695" dir="1" index="1" bw="7" slack="0"/>
</pin_list>
<bind>
<opcode="sext(35) " fcode="sext"/>
<opset="sext_ln73_43/2 "/>
</bind>
</comp>

<comp id="697" class="1004" name="sub_ln73_65_fu_697">
<pin_list>
<pin id="698" dir="0" index="0" bw="1" slack="0"/>
<pin id="699" dir="0" index="1" bw="6" slack="0"/>
<pin id="700" dir="1" index="2" bw="7" slack="1"/>
</pin_list>
<bind>
<opcode="sub(10) " fcode="sub"/>
<opset="sub_ln73_65/2 "/>
</bind>
</comp>

<comp id="703" class="1004" name="sext_ln73_44_fu_703">
<pin_list>
<pin id="704" dir="0" index="0" bw="6" slack="0"/>
<pin id="705" dir="1" index="1" bw="7" slack="0"/>
</pin_list>
<bind>
<opcode="sext(35) " fcode="sext"/>
<opset="sext_ln73_44/2 "/>
</bind>
</comp>

<comp id="707" class="1004" name="sext_ln73_46_fu_707">
<pin_list>
<pin id="708" dir="0" index="0" bw="6" slack="0"/>
<pin id="709" dir="1" index="1" bw="7" slack="0"/>
</pin_list>
<bind>
<opcode="sext(35) " fcode="sext"/>
<opset="sext_ln73_46/2 "/>
</bind>
</comp>

<comp id="711" class="1004" name="sub_ln73_66_fu_711">
<pin_list>
<pin id="712" dir="0" index="0" bw="1" slack="0"/>
<pin id="713" dir="0" index="1" bw="6" slack="0"/>
<pin id="714" dir="1" index="2" bw="7" slack="0"/>
</pin_list>
<bind>
<opcode="sub(10) " fcode="sub"/>
<opset="sub_ln73_66/2 "/>
</bind>
</comp>

<comp id="717" class="1004" name="sext_ln73_47_fu_717">
<pin_list>
<pin id="718" dir="0" index="0" bw="6" slack="0"/>
<pin id="719" dir="1" index="1" bw="7" slack="0"/>
</pin_list>
<bind>
<opcode="sext(35) " fcode="sext"/>
<opset="sext_ln73_47/2 "/>
</bind>
</comp>

<comp id="721" class="1004" name="sext_ln73_50_fu_721">
<pin_list>
<pin id="722" dir="0" index="0" bw="6" slack="0"/>
<pin id="723" dir="1" index="1" bw="7" slack="0"/>
</pin_list>
<bind>
<opcode="sext(35) " fcode="sext"/>
<opset="sext_ln73_50/2 "/>
</bind>
</comp>

<comp id="725" class="1004" name="shl_ln73_s_fu_725">
<pin_list>
<pin id="726" dir="0" index="0" bw="7" slack="0"/>
<pin id="727" dir="0" index="1" bw="6" slack="0"/>
<pin id="728" dir="0" index="2" bw="1" slack="0"/>
<pin id="729" dir="1" index="3" bw="7" slack="0"/>
</pin_list>
<bind>
<opcode="bitconcatenate(1004) " fcode="bitconcatenate"/>
<opset="shl_ln73_s/2 "/>
</bind>
</comp>

<comp id="733" class="1004" name="sext_ln73_54_fu_733">
<pin_list>
<pin id="734" dir="0" index="0" bw="6" slack="0"/>
<pin id="735" dir="1" index="1" bw="7" slack="0"/>
</pin_list>
<bind>
<opcode="sext(35) " fcode="sext"/>
<opset="sext_ln73_54/2 "/>
</bind>
</comp>

<comp id="737" class="1004" name="sub_ln58_17_fu_737">
<pin_list>
<pin id="738" dir="0" index="0" bw="6" slack="1"/>
<pin id="739" dir="0" index="1" bw="6" slack="1"/>
<pin id="740" dir="1" index="2" bw="7" slack="0"/>
</pin_list>
<bind>
<opcode="sub(10) " fcode="sub"/>
<opset="sub_ln58_17/2 "/>
</bind>
</comp>

<comp id="741" class="1004" name="sext_ln58_fu_741">
<pin_list>
<pin id="742" dir="0" index="0" bw="7" slack="0"/>
<pin id="743" dir="1" index="1" bw="8" slack="0"/>
</pin_list>
<bind>
<opcode="sext(35) " fcode="sext"/>
<opset="sext_ln58/2 "/>
</bind>
</comp>

<comp id="745" class="1004" name="sub_ln58_18_fu_745">
<pin_list>
<pin id="746" dir="0" index="0" bw="6" slack="1"/>
<pin id="747" dir="0" index="1" bw="6" slack="1"/>
<pin id="748" dir="1" index="2" bw="7" slack="0"/>
</pin_list>
<bind>
<opcode="sub(10) " fcode="sub"/>
<opset="sub_ln58_18/2 "/>
</bind>
</comp>

<comp id="749" class="1004" name="sext_ln58_167_fu_749">
<pin_list>
<pin id="750" dir="0" index="0" bw="7" slack="0"/>
<pin id="751" dir="1" index="1" bw="8" slack="0"/>
</pin_list>
<bind>
<opcode="sext(35) " fcode="sext"/>
<opset="sext_ln58_167/2 "/>
</bind>
</comp>

<comp id="753" class="1004" name="add_ln58_fu_753">
<pin_list>
<pin id="754" dir="0" index="0" bw="7" slack="0"/>
<pin id="755" dir="0" index="1" bw="7" slack="0"/>
<pin id="756" dir="1" index="2" bw="8" slack="0"/>
</pin_list>
<bind>
<opcode="add(8) " fcode="add"/>
<opset="add_ln58/2 "/>
</bind>
</comp>

<comp id="759" class="1004" name="sext_ln58_169_fu_759">
<pin_list>
<pin id="760" dir="0" index="0" bw="7" slack="0"/>
<pin id="761" dir="1" index="1" bw="8" slack="0"/>
</pin_list>
<bind>
<opcode="sext(35) " fcode="sext"/>
<opset="sext_ln58_169/2 "/>
</bind>
</comp>

<comp id="763" class="1004" name="sub_ln58_19_fu_763">
<pin_list>
<pin id="764" dir="0" index="0" bw="7" slack="0"/>
<pin id="765" dir="0" index="1" bw="6" slack="0"/>
<pin id="766" dir="1" index="2" bw="8" slack="0"/>
</pin_list>
<bind>
<opcode="sub(10) " fcode="sub"/>
<opset="sub_ln58_19/2 "/>
</bind>
</comp>

<comp id="769" class="1004" name="sub_ln58_20_fu_769">
<pin_list>
<pin id="770" dir="0" index="0" bw="7" slack="0"/>
<pin id="771" dir="0" index="1" bw="6" slack="0"/>
<pin id="772" dir="1" index="2" bw="8" slack="0"/>
</pin_list>
<bind>
<opcode="sub(10) " fcode="sub"/>
<opset="sub_ln58_20/2 "/>
</bind>
</comp>

<comp id="775" class="1004" name="sub_ln58_21_fu_775">
<pin_list>
<pin id="776" dir="0" index="0" bw="7" slack="0"/>
<pin id="777" dir="0" index="1" bw="6" slack="0"/>
<pin id="778" dir="1" index="2" bw="8" slack="0"/>
</pin_list>
<bind>
<opcode="sub(10) " fcode="sub"/>
<opset="sub_ln58_21/2 "/>
</bind>
</comp>

<comp id="781" class="1004" name="sub_ln58_22_fu_781">
<pin_list>
<pin id="782" dir="0" index="0" bw="8" slack="0"/>
<pin id="783" dir="0" index="1" bw="6" slack="0"/>
<pin id="784" dir="1" index="2" bw="8" slack="0"/>
</pin_list>
<bind>
<opcode="sub(10) " fcode="sub"/>
<opset="sub_ln58_22/2 "/>
</bind>
</comp>

<comp id="787" class="1004" name="sext_ln58_171_fu_787">
<pin_list>
<pin id="788" dir="0" index="0" bw="7" slack="1"/>
<pin id="789" dir="1" index="1" bw="8" slack="0"/>
</pin_list>
<bind>
<opcode="sext(35) " fcode="sext"/>
<opset="sext_ln58_171/2 "/>
</bind>
</comp>

<comp id="790" class="1004" name="sub_ln58_348_fu_790">
<pin_list>
<pin id="791" dir="0" index="0" bw="7" slack="0"/>
<pin id="792" dir="0" index="1" bw="7" slack="0"/>
<pin id="793" dir="1" index="2" bw="8" slack="0"/>
</pin_list>
<bind>
<opcode="sub(10) " fcode="sub"/>
<opset="sub_ln58_348/2 "/>
</bind>
</comp>

<comp id="796" class="1004" name="sext_ln58_172_fu_796">
<pin_list>
<pin id="797" dir="0" index="0" bw="8" slack="0"/>
<pin id="798" dir="1" index="1" bw="9" slack="0"/>
</pin_list>
<bind>
<opcode="sext(35) " fcode="sext"/>
<opset="sext_ln58_172/2 "/>
</bind>
</comp>

<comp id="800" class="1004" name="sub_ln58_277_fu_800">
<pin_list>
<pin id="801" dir="0" index="0" bw="7" slack="0"/>
<pin id="802" dir="0" index="1" bw="6" slack="0"/>
<pin id="803" dir="1" index="2" bw="8" slack="0"/>
</pin_list>
<bind>
<opcode="sub(10) " fcode="sub"/>
<opset="sub_ln58_277/2 "/>
</bind>
</comp>

<comp id="806" class="1004" name="sext_ln58_173_fu_806">
<pin_list>
<pin id="807" dir="0" index="0" bw="8" slack="0"/>
<pin id="808" dir="1" index="1" bw="9" slack="0"/>
</pin_list>
<bind>
<opcode="sext(35) " fcode="sext"/>
<opset="sext_ln58_173/2 "/>
</bind>
</comp>

<comp id="810" class="1004" name="sub_ln58_349_fu_810">
<pin_list>
<pin id="811" dir="0" index="0" bw="7" slack="0"/>
<pin id="812" dir="0" index="1" bw="7" slack="0"/>
<pin id="813" dir="1" index="2" bw="8" slack="0"/>
</pin_list>
<bind>
<opcode="sub(10) " fcode="sub"/>
<opset="sub_ln58_349/2 "/>
</bind>
</comp>

<comp id="816" class="1004" name="add_ln58_645_fu_816">
<pin_list>
<pin id="817" dir="0" index="0" bw="8" slack="0"/>
<pin id="818" dir="0" index="1" bw="7" slack="0"/>
<pin id="819" dir="1" index="2" bw="8" slack="0"/>
</pin_list>
<bind>
<opcode="add(8) " fcode="add"/>
<opset="add_ln58_645/2 "/>
</bind>
</comp>

<comp id="822" class="1004" name="add_ln58_646_fu_822">
<pin_list>
<pin id="823" dir="0" index="0" bw="8" slack="0"/>
<pin id="824" dir="0" index="1" bw="6" slack="0"/>
<pin id="825" dir="1" index="2" bw="8" slack="0"/>
</pin_list>
<bind>
<opcode="add(8) " fcode="add"/>
<opset="add_ln58_646/2 "/>
</bind>
</comp>

<comp id="828" class="1004" name="add_ln58_647_fu_828">
<pin_list>
<pin id="829" dir="0" index="0" bw="8" slack="0"/>
<pin id="830" dir="0" index="1" bw="6" slack="0"/>
<pin id="831" dir="1" index="2" bw="8" slack="0"/>
</pin_list>
<bind>
<opcode="add(8) " fcode="add"/>
<opset="add_ln58_647/2 "/>
</bind>
</comp>

<comp id="834" class="1004" name="sub_ln58_23_fu_834">
<pin_list>
<pin id="835" dir="0" index="0" bw="6" slack="0"/>
<pin id="836" dir="0" index="1" bw="6" slack="1"/>
<pin id="837" dir="1" index="2" bw="7" slack="0"/>
</pin_list>
<bind>
<opcode="sub(10) " fcode="sub"/>
<opset="sub_ln58_23/2 "/>
</bind>
</comp>

<comp id="839" class="1004" name="sext_ln58_178_fu_839">
<pin_list>
<pin id="840" dir="0" index="0" bw="7" slack="0"/>
<pin id="841" dir="1" index="1" bw="8" slack="0"/>
</pin_list>
<bind>
<opcode="sext(35) " fcode="sext"/>
<opset="sext_ln58_178/2 "/>
</bind>
</comp>

<comp id="843" class="1004" name="add_ln58_648_fu_843">
<pin_list>
<pin id="844" dir="0" index="0" bw="7" slack="0"/>
<pin id="845" dir="0" index="1" bw="6" slack="0"/>
<pin id="846" dir="1" index="2" bw="8" slack="0"/>
</pin_list>
<bind>
<opcode="add(8) " fcode="add"/>
<opset="add_ln58_648/2 "/>
</bind>
</comp>

<comp id="849" class="1004" name="sub_ln58_350_fu_849">
<pin_list>
<pin id="850" dir="0" index="0" bw="6" slack="0"/>
<pin id="851" dir="0" index="1" bw="7" slack="0"/>
<pin id="852" dir="1" index="2" bw="8" slack="0"/>
</pin_list>
<bind>
<opcode="sub(10) " fcode="sub"/>
<opset="sub_ln58_350/2 "/>
</bind>
</comp>

<comp id="855" class="1004" name="sext_ln58_179_fu_855">
<pin_list>
<pin id="856" dir="0" index="0" bw="8" slack="0"/>
<pin id="857" dir="1" index="1" bw="9" slack="0"/>
</pin_list>
<bind>
<opcode="sext(35) " fcode="sext"/>
<opset="sext_ln58_179/2 "/>
</bind>
</comp>

<comp id="859" class="1004" name="sub_ln58_278_fu_859">
<pin_list>
<pin id="860" dir="0" index="0" bw="6" slack="0"/>
<pin id="861" dir="0" index="1" bw="6" slack="0"/>
<pin id="862" dir="1" index="2" bw="7" slack="0"/>
</pin_list>
<bind>
<opcode="sub(10) " fcode="sub"/>
<opset="sub_ln58_278/2 "/>
</bind>
</comp>

<comp id="865" class="1004" name="sext_ln58_779_fu_865">
<pin_list>
<pin id="866" dir="0" index="0" bw="7" slack="0"/>
<pin id="867" dir="1" index="1" bw="8" slack="0"/>
</pin_list>
<bind>
<opcode="sext(35) " fcode="sext"/>
<opset="sext_ln58_779/2 "/>
</bind>
</comp>

<comp id="869" class="1004" name="add_ln58_649_fu_869">
<pin_list>
<pin id="870" dir="0" index="0" bw="7" slack="0"/>
<pin id="871" dir="0" index="1" bw="7" slack="0"/>
<pin id="872" dir="1" index="2" bw="8" slack="0"/>
</pin_list>
<bind>
<opcode="add(8) " fcode="add"/>
<opset="add_ln58_649/2 "/>
</bind>
</comp>

<comp id="875" class="1004" name="sext_ln58_780_fu_875">
<pin_list>
<pin id="876" dir="0" index="0" bw="6" slack="0"/>
<pin id="877" dir="1" index="1" bw="9" slack="0"/>
</pin_list>
<bind>
<opcode="sext(35) " fcode="sext"/>
<opset="sext_ln58_780/2 "/>
</bind>
</comp>

<comp id="879" class="1004" name="sext_ln58_781_fu_879">
<pin_list>
<pin id="880" dir="0" index="0" bw="8" slack="0"/>
<pin id="881" dir="1" index="1" bw="9" slack="0"/>
</pin_list>
<bind>
<opcode="sext(35) " fcode="sext"/>
<opset="sext_ln58_781/2 "/>
</bind>
</comp>

<comp id="883" class="1004" name="sub_ln58_279_fu_883">
<pin_list>
<pin id="884" dir="0" index="0" bw="8" slack="0"/>
<pin id="885" dir="0" index="1" bw="6" slack="0"/>
<pin id="886" dir="1" index="2" bw="9" slack="0"/>
</pin_list>
<bind>
<opcode="sub(10) " fcode="sub"/>
<opset="sub_ln58_279/2 "/>
</bind>
</comp>

<comp id="889" class="1004" name="add_ln58_650_fu_889">
<pin_list>
<pin id="890" dir="0" index="0" bw="7" slack="0"/>
<pin id="891" dir="0" index="1" bw="7" slack="0"/>
<pin id="892" dir="1" index="2" bw="8" slack="0"/>
</pin_list>
<bind>
<opcode="add(8) " fcode="add"/>
<opset="add_ln58_650/2 "/>
</bind>
</comp>

<comp id="895" class="1004" name="add_ln58_651_fu_895">
<pin_list>
<pin id="896" dir="0" index="0" bw="8" slack="0"/>
<pin id="897" dir="0" index="1" bw="7" slack="0"/>
<pin id="898" dir="1" index="2" bw="8" slack="0"/>
</pin_list>
<bind>
<opcode="add(8) " fcode="add"/>
<opset="add_ln58_651/2 "/>
</bind>
</comp>

<comp id="901" class="1004" name="add_ln58_652_fu_901">
<pin_list>
<pin id="902" dir="0" index="0" bw="8" slack="0"/>
<pin id="903" dir="0" index="1" bw="6" slack="0"/>
<pin id="904" dir="1" index="2" bw="8" slack="0"/>
</pin_list>
<bind>
<opcode="add(8) " fcode="add"/>
<opset="add_ln58_652/2 "/>
</bind>
</comp>

<comp id="907" class="1004" name="sub_ln58_fu_907">
<pin_list>
<pin id="908" dir="0" index="0" bw="7" slack="0"/>
<pin id="909" dir="0" index="1" bw="6" slack="0"/>
<pin id="910" dir="1" index="2" bw="8" slack="0"/>
</pin_list>
<bind>
<opcode="sub(10) " fcode="sub"/>
<opset="sub_ln58/2 "/>
</bind>
</comp>

<comp id="913" class="1004" name="add_ln58_653_fu_913">
<pin_list>
<pin id="914" dir="0" index="0" bw="8" slack="0"/>
<pin id="915" dir="0" index="1" bw="6" slack="0"/>
<pin id="916" dir="1" index="2" bw="8" slack="0"/>
</pin_list>
<bind>
<opcode="add(8) " fcode="add"/>
<opset="add_ln58_653/2 "/>
</bind>
</comp>

<comp id="919" class="1004" name="add_ln58_654_fu_919">
<pin_list>
<pin id="920" dir="0" index="0" bw="8" slack="0"/>
<pin id="921" dir="0" index="1" bw="7" slack="0"/>
<pin id="922" dir="1" index="2" bw="9" slack="0"/>
</pin_list>
<bind>
<opcode="add(8) " fcode="add"/>
<opset="add_ln58_654/2 "/>
</bind>
</comp>

<comp id="925" class="1004" name="add_ln58_655_fu_925">
<pin_list>
<pin id="926" dir="0" index="0" bw="6" slack="0"/>
<pin id="927" dir="0" index="1" bw="6" slack="0"/>
<pin id="928" dir="1" index="2" bw="7" slack="0"/>
</pin_list>
<bind>
<opcode="add(8) " fcode="add"/>
<opset="add_ln58_655/2 "/>
</bind>
</comp>

<comp id="931" class="1004" name="sext_ln58_782_fu_931">
<pin_list>
<pin id="932" dir="0" index="0" bw="7" slack="0"/>
<pin id="933" dir="1" index="1" bw="9" slack="0"/>
</pin_list>
<bind>
<opcode="sext(35) " fcode="sext"/>
<opset="sext_ln58_782/2 "/>
</bind>
</comp>

<comp id="935" class="1004" name="add_ln58_656_fu_935">
<pin_list>
<pin id="936" dir="0" index="0" bw="7" slack="0"/>
<pin id="937" dir="0" index="1" bw="9" slack="0"/>
<pin id="938" dir="1" index="2" bw="9" slack="0"/>
</pin_list>
<bind>
<opcode="add(8) " fcode="add"/>
<opset="add_ln58_656/2 "/>
</bind>
</comp>

<comp id="941" class="1004" name="sext_ln58_803_fu_941">
<pin_list>
<pin id="942" dir="0" index="0" bw="7" slack="0"/>
<pin id="943" dir="1" index="1" bw="9" slack="0"/>
</pin_list>
<bind>
<opcode="sext(35) " fcode="sext"/>
<opset="sext_ln58_803/2 "/>
</bind>
</comp>

<comp id="945" class="1004" name="sext_ln58_806_fu_945">
<pin_list>
<pin id="946" dir="0" index="0" bw="8" slack="0"/>
<pin id="947" dir="1" index="1" bw="9" slack="0"/>
</pin_list>
<bind>
<opcode="sext(35) " fcode="sext"/>
<opset="sext_ln58_806/2 "/>
</bind>
</comp>

<comp id="949" class="1004" name="sub_ln58_351_fu_949">
<pin_list>
<pin id="950" dir="0" index="0" bw="8" slack="0"/>
<pin id="951" dir="0" index="1" bw="7" slack="0"/>
<pin id="952" dir="1" index="2" bw="9" slack="0"/>
</pin_list>
<bind>
<opcode="sub(10) " fcode="sub"/>
<opset="sub_ln58_351/2 "/>
</bind>
</comp>

<comp id="955" class="1004" name="add_ln58_657_fu_955">
<pin_list>
<pin id="956" dir="0" index="0" bw="6" slack="0"/>
<pin id="957" dir="0" index="1" bw="6" slack="0"/>
<pin id="958" dir="1" index="2" bw="7" slack="0"/>
</pin_list>
<bind>
<opcode="add(8) " fcode="add"/>
<opset="add_ln58_657/2 "/>
</bind>
</comp>

<comp id="961" class="1004" name="sext_ln58_783_fu_961">
<pin_list>
<pin id="962" dir="0" index="0" bw="7" slack="0"/>
<pin id="963" dir="1" index="1" bw="8" slack="0"/>
</pin_list>
<bind>
<opcode="sext(35) " fcode="sext"/>
<opset="sext_ln58_783/2 "/>
</bind>
</comp>

<comp id="965" class="1004" name="sub_ln58_280_fu_965">
<pin_list>
<pin id="966" dir="0" index="0" bw="7" slack="0"/>
<pin id="967" dir="0" index="1" bw="6" slack="0"/>
<pin id="968" dir="1" index="2" bw="8" slack="0"/>
</pin_list>
<bind>
<opcode="sub(10) " fcode="sub"/>
<opset="sub_ln58_280/2 "/>
</bind>
</comp>

<comp id="971" class="1004" name="sext_ln58_784_fu_971">
<pin_list>
<pin id="972" dir="0" index="0" bw="8" slack="0"/>
<pin id="973" dir="1" index="1" bw="9" slack="0"/>
</pin_list>
<bind>
<opcode="sext(35) " fcode="sext"/>
<opset="sext_ln58_784/2 "/>
</bind>
</comp>

<comp id="975" class="1004" name="add_ln58_658_fu_975">
<pin_list>
<pin id="976" dir="0" index="0" bw="8" slack="0"/>
<pin id="977" dir="0" index="1" bw="9" slack="0"/>
<pin id="978" dir="1" index="2" bw="9" slack="0"/>
</pin_list>
<bind>
<opcode="add(8) " fcode="add"/>
<opset="add_ln58_658/2 "/>
</bind>
</comp>

<comp id="981" class="1004" name="sext_ln58_186_fu_981">
<pin_list>
<pin id="982" dir="0" index="0" bw="9" slack="0"/>
<pin id="983" dir="1" index="1" bw="10" slack="0"/>
</pin_list>
<bind>
<opcode="sext(35) " fcode="sext"/>
<opset="sext_ln58_186/2 "/>
</bind>
</comp>

<comp id="985" class="1004" name="sub_ln58_281_fu_985">
<pin_list>
<pin id="986" dir="0" index="0" bw="6" slack="0"/>
<pin id="987" dir="0" index="1" bw="6" slack="0"/>
<pin id="988" dir="1" index="2" bw="7" slack="0"/>
</pin_list>
<bind>
<opcode="sub(10) " fcode="sub"/>
<opset="sub_ln58_281/2 "/>
</bind>
</comp>

<comp id="991" class="1004" name="sext_ln58_785_fu_991">
<pin_list>
<pin id="992" dir="0" index="0" bw="7" slack="0"/>
<pin id="993" dir="1" index="1" bw="8" slack="0"/>
</pin_list>
<bind>
<opcode="sext(35) " fcode="sext"/>
<opset="sext_ln58_785/2 "/>
</bind>
</comp>

<comp id="995" class="1004" name="add_ln58_659_fu_995">
<pin_list>
<pin id="996" dir="0" index="0" bw="7" slack="0"/>
<pin id="997" dir="0" index="1" bw="7" slack="0"/>
<pin id="998" dir="1" index="2" bw="8" slack="0"/>
</pin_list>
<bind>
<opcode="add(8) " fcode="add"/>
<opset="add_ln58_659/2 "/>
</bind>
</comp>

<comp id="1001" class="1004" name="sext_ln58_786_fu_1001">
<pin_list>
<pin id="1002" dir="0" index="0" bw="8" slack="0"/>
<pin id="1003" dir="1" index="1" bw="9" slack="0"/>
</pin_list>
<bind>
<opcode="sext(35) " fcode="sext"/>
<opset="sext_ln58_786/2 "/>
</bind>
</comp>

<comp id="1005" class="1004" name="sub_ln58_282_fu_1005">
<pin_list>
<pin id="1006" dir="0" index="0" bw="8" slack="0"/>
<pin id="1007" dir="0" index="1" bw="6" slack="0"/>
<pin id="1008" dir="1" index="2" bw="9" slack="0"/>
</pin_list>
<bind>
<opcode="sub(10) " fcode="sub"/>
<opset="sub_ln58_282/2 "/>
</bind>
</comp>

<comp id="1011" class="1004" name="add_ln58_660_fu_1011">
<pin_list>
<pin id="1012" dir="0" index="0" bw="7" slack="0"/>
<pin id="1013" dir="0" index="1" bw="6" slack="0"/>
<pin id="1014" dir="1" index="2" bw="8" slack="0"/>
</pin_list>
<bind>
<opcode="add(8) " fcode="add"/>
<opset="add_ln58_660/2 "/>
</bind>
</comp>

<comp id="1017" class="1004" name="sext_ln58_787_fu_1017">
<pin_list>
<pin id="1018" dir="0" index="0" bw="8" slack="0"/>
<pin id="1019" dir="1" index="1" bw="9" slack="0"/>
</pin_list>
<bind>
<opcode="sext(35) " fcode="sext"/>
<opset="sext_ln58_787/2 "/>
</bind>
</comp>

<comp id="1021" class="1004" name="add_ln58_661_fu_1021">
<pin_list>
<pin id="1022" dir="0" index="0" bw="8" slack="0"/>
<pin id="1023" dir="0" index="1" bw="9" slack="0"/>
<pin id="1024" dir="1" index="2" bw="9" slack="0"/>
</pin_list>
<bind>
<opcode="add(8) " fcode="add"/>
<opset="add_ln58_661/2 "/>
</bind>
</comp>

<comp id="1027" class="1004" name="sext_ln58_788_fu_1027">
<pin_list>
<pin id="1028" dir="0" index="0" bw="8" slack="0"/>
<pin id="1029" dir="1" index="1" bw="9" slack="0"/>
</pin_list>
<bind>
<opcode="sext(35) " fcode="sext"/>
<opset="sext_ln58_788/2 "/>
</bind>
</comp>

<comp id="1031" class="1004" name="sub_ln58_283_fu_1031">
<pin_list>
<pin id="1032" dir="0" index="0" bw="8" slack="0"/>
<pin id="1033" dir="0" index="1" bw="6" slack="0"/>
<pin id="1034" dir="1" index="2" bw="9" slack="0"/>
</pin_list>
<bind>
<opcode="sub(10) " fcode="sub"/>
<opset="sub_ln58_283/2 "/>
</bind>
</comp>

<comp id="1037" class="1004" name="add_ln58_662_fu_1037">
<pin_list>
<pin id="1038" dir="0" index="0" bw="8" slack="0"/>
<pin id="1039" dir="0" index="1" bw="7" slack="0"/>
<pin id="1040" dir="1" index="2" bw="9" slack="0"/>
</pin_list>
<bind>
<opcode="add(8) " fcode="add"/>
<opset="add_ln58_662/2 "/>
</bind>
</comp>

<comp id="1043" class="1004" name="sub_ln58_284_fu_1043">
<pin_list>
<pin id="1044" dir="0" index="0" bw="7" slack="0"/>
<pin id="1045" dir="0" index="1" bw="6" slack="0"/>
<pin id="1046" dir="1" index="2" bw="8" slack="0"/>
</pin_list>
<bind>
<opcode="sub(10) " fcode="sub"/>
<opset="sub_ln58_284/2 "/>
</bind>
</comp>

<comp id="1049" class="1004" name="sext_ln58_789_fu_1049">
<pin_list>
<pin id="1050" dir="0" index="0" bw="8" slack="0"/>
<pin id="1051" dir="1" index="1" bw="9" slack="0"/>
</pin_list>
<bind>
<opcode="sext(35) " fcode="sext"/>
<opset="sext_ln58_789/2 "/>
</bind>
</comp>

<comp id="1053" class="1004" name="add_ln58_663_fu_1053">
<pin_list>
<pin id="1054" dir="0" index="0" bw="8" slack="0"/>
<pin id="1055" dir="0" index="1" bw="9" slack="0"/>
<pin id="1056" dir="1" index="2" bw="9" slack="0"/>
</pin_list>
<bind>
<opcode="add(8) " fcode="add"/>
<opset="add_ln58_663/2 "/>
</bind>
</comp>

<comp id="1059" class="1004" name="sext_ln58_189_fu_1059">
<pin_list>
<pin id="1060" dir="0" index="0" bw="9" slack="0"/>
<pin id="1061" dir="1" index="1" bw="10" slack="0"/>
</pin_list>
<bind>
<opcode="sext(35) " fcode="sext"/>
<opset="sext_ln58_189/2 "/>
</bind>
</comp>

<comp id="1063" class="1004" name="sext_ln58_790_fu_1063">
<pin_list>
<pin id="1064" dir="0" index="0" bw="8" slack="0"/>
<pin id="1065" dir="1" index="1" bw="9" slack="0"/>
</pin_list>
<bind>
<opcode="sext(35) " fcode="sext"/>
<opset="sext_ln58_790/2 "/>
</bind>
</comp>

<comp id="1067" class="1004" name="sub_ln58_285_fu_1067">
<pin_list>
<pin id="1068" dir="0" index="0" bw="8" slack="0"/>
<pin id="1069" dir="0" index="1" bw="6" slack="0"/>
<pin id="1070" dir="1" index="2" bw="9" slack="0"/>
</pin_list>
<bind>
<opcode="sub(10) " fcode="sub"/>
<opset="sub_ln58_285/2 "/>
</bind>
</comp>

<comp id="1073" class="1004" name="sub_ln58_286_fu_1073">
<pin_list>
<pin id="1074" dir="0" index="0" bw="6" slack="0"/>
<pin id="1075" dir="0" index="1" bw="6" slack="0"/>
<pin id="1076" dir="1" index="2" bw="7" slack="0"/>
</pin_list>
<bind>
<opcode="sub(10) " fcode="sub"/>
<opset="sub_ln58_286/2 "/>
</bind>
</comp>

<comp id="1079" class="1004" name="sext_ln58_791_fu_1079">
<pin_list>
<pin id="1080" dir="0" index="0" bw="7" slack="0"/>
<pin id="1081" dir="1" index="1" bw="8" slack="0"/>
</pin_list>
<bind>
<opcode="sext(35) " fcode="sext"/>
<opset="sext_ln58_791/2 "/>
</bind>
</comp>

<comp id="1083" class="1004" name="sub_ln58_287_fu_1083">
<pin_list>
<pin id="1084" dir="0" index="0" bw="7" slack="0"/>
<pin id="1085" dir="0" index="1" bw="6" slack="0"/>
<pin id="1086" dir="1" index="2" bw="8" slack="0"/>
</pin_list>
<bind>
<opcode="sub(10) " fcode="sub"/>
<opset="sub_ln58_287/2 "/>
</bind>
</comp>

<comp id="1089" class="1004" name="sext_ln58_792_fu_1089">
<pin_list>
<pin id="1090" dir="0" index="0" bw="8" slack="0"/>
<pin id="1091" dir="1" index="1" bw="9" slack="0"/>
</pin_list>
<bind>
<opcode="sext(35) " fcode="sext"/>
<opset="sext_ln58_792/2 "/>
</bind>
</comp>

<comp id="1093" class="1004" name="add_ln58_664_fu_1093">
<pin_list>
<pin id="1094" dir="0" index="0" bw="8" slack="0"/>
<pin id="1095" dir="0" index="1" bw="9" slack="0"/>
<pin id="1096" dir="1" index="2" bw="9" slack="0"/>
</pin_list>
<bind>
<opcode="add(8) " fcode="add"/>
<opset="add_ln58_664/2 "/>
</bind>
</comp>

<comp id="1099" class="1004" name="sext_ln58_190_fu_1099">
<pin_list>
<pin id="1100" dir="0" index="0" bw="9" slack="0"/>
<pin id="1101" dir="1" index="1" bw="10" slack="0"/>
</pin_list>
<bind>
<opcode="sext(35) " fcode="sext"/>
<opset="sext_ln58_190/2 "/>
</bind>
</comp>

<comp id="1103" class="1004" name="sext_ln58_793_fu_1103">
<pin_list>
<pin id="1104" dir="0" index="0" bw="6" slack="0"/>
<pin id="1105" dir="1" index="1" bw="9" slack="0"/>
</pin_list>
<bind>
<opcode="sext(35) " fcode="sext"/>
<opset="sext_ln58_793/2 "/>
</bind>
</comp>

<comp id="1107" class="1004" name="sext_ln58_794_fu_1107">
<pin_list>
<pin id="1108" dir="0" index="0" bw="8" slack="0"/>
<pin id="1109" dir="1" index="1" bw="9" slack="0"/>
</pin_list>
<bind>
<opcode="sext(35) " fcode="sext"/>
<opset="sext_ln58_794/2 "/>
</bind>
</comp>

<comp id="1111" class="1004" name="sub_ln58_288_fu_1111">
<pin_list>
<pin id="1112" dir="0" index="0" bw="8" slack="0"/>
<pin id="1113" dir="0" index="1" bw="6" slack="0"/>
<pin id="1114" dir="1" index="2" bw="9" slack="0"/>
</pin_list>
<bind>
<opcode="sub(10) " fcode="sub"/>
<opset="sub_ln58_288/2 "/>
</bind>
</comp>

<comp id="1117" class="1004" name="sext_ln58_795_fu_1117">
<pin_list>
<pin id="1118" dir="0" index="0" bw="7" slack="0"/>
<pin id="1119" dir="1" index="1" bw="8" slack="0"/>
</pin_list>
<bind>
<opcode="sext(35) " fcode="sext"/>
<opset="sext_ln58_795/2 "/>
</bind>
</comp>

<comp id="1121" class="1004" name="sub_ln58_289_fu_1121">
<pin_list>
<pin id="1122" dir="0" index="0" bw="7" slack="0"/>
<pin id="1123" dir="0" index="1" bw="6" slack="0"/>
<pin id="1124" dir="1" index="2" bw="8" slack="0"/>
</pin_list>
<bind>
<opcode="sub(10) " fcode="sub"/>
<opset="sub_ln58_289/2 "/>
</bind>
</comp>

<comp id="1127" class="1004" name="sext_ln58_796_fu_1127">
<pin_list>
<pin id="1128" dir="0" index="0" bw="8" slack="0"/>
<pin id="1129" dir="1" index="1" bw="9" slack="0"/>
</pin_list>
<bind>
<opcode="sext(35) " fcode="sext"/>
<opset="sext_ln58_796/2 "/>
</bind>
</comp>

<comp id="1131" class="1004" name="add_ln58_665_fu_1131">
<pin_list>
<pin id="1132" dir="0" index="0" bw="8" slack="0"/>
<pin id="1133" dir="0" index="1" bw="9" slack="0"/>
<pin id="1134" dir="1" index="2" bw="9" slack="0"/>
</pin_list>
<bind>
<opcode="add(8) " fcode="add"/>
<opset="add_ln58_665/2 "/>
</bind>
</comp>

<comp id="1137" class="1004" name="sext_ln58_191_fu_1137">
<pin_list>
<pin id="1138" dir="0" index="0" bw="9" slack="0"/>
<pin id="1139" dir="1" index="1" bw="10" slack="0"/>
</pin_list>
<bind>
<opcode="sext(35) " fcode="sext"/>
<opset="sext_ln58_191/2 "/>
</bind>
</comp>

<comp id="1141" class="1004" name="sext_ln58_797_fu_1141">
<pin_list>
<pin id="1142" dir="0" index="0" bw="9" slack="0"/>
<pin id="1143" dir="1" index="1" bw="10" slack="0"/>
</pin_list>
<bind>
<opcode="sext(35) " fcode="sext"/>
<opset="sext_ln58_797/2 "/>
</bind>
</comp>

<comp id="1145" class="1004" name="sub_ln58_290_fu_1145">
<pin_list>
<pin id="1146" dir="0" index="0" bw="9" slack="0"/>
<pin id="1147" dir="0" index="1" bw="6" slack="0"/>
<pin id="1148" dir="1" index="2" bw="10" slack="0"/>
</pin_list>
<bind>
<opcode="sub(10) " fcode="sub"/>
<opset="sub_ln58_290/2 "/>
</bind>
</comp>

<comp id="1151" class="1004" name="sext_ln58_798_fu_1151">
<pin_list>
<pin id="1152" dir="0" index="0" bw="8" slack="0"/>
<pin id="1153" dir="1" index="1" bw="9" slack="0"/>
</pin_list>
<bind>
<opcode="sext(35) " fcode="sext"/>
<opset="sext_ln58_798/2 "/>
</bind>
</comp>

<comp id="1155" class="1004" name="sub_ln58_291_fu_1155">
<pin_list>
<pin id="1156" dir="0" index="0" bw="8" slack="0"/>
<pin id="1157" dir="0" index="1" bw="6" slack="0"/>
<pin id="1158" dir="1" index="2" bw="9" slack="0"/>
</pin_list>
<bind>
<opcode="sub(10) " fcode="sub"/>
<opset="sub_ln58_291/2 "/>
</bind>
</comp>

<comp id="1161" class="1004" name="add_ln58_666_fu_1161">
<pin_list>
<pin id="1162" dir="0" index="0" bw="7" slack="0"/>
<pin id="1163" dir="0" index="1" bw="6" slack="0"/>
<pin id="1164" dir="1" index="2" bw="8" slack="0"/>
</pin_list>
<bind>
<opcode="add(8) " fcode="add"/>
<opset="add_ln58_666/2 "/>
</bind>
</comp>

<comp id="1167" class="1004" name="sext_ln58_799_fu_1167">
<pin_list>
<pin id="1168" dir="0" index="0" bw="8" slack="0"/>
<pin id="1169" dir="1" index="1" bw="9" slack="0"/>
</pin_list>
<bind>
<opcode="sext(35) " fcode="sext"/>
<opset="sext_ln58_799/2 "/>
</bind>
</comp>

<comp id="1171" class="1004" name="add_ln58_667_fu_1171">
<pin_list>
<pin id="1172" dir="0" index="0" bw="8" slack="0"/>
<pin id="1173" dir="0" index="1" bw="9" slack="0"/>
<pin id="1174" dir="1" index="2" bw="9" slack="0"/>
</pin_list>
<bind>
<opcode="add(8) " fcode="add"/>
<opset="add_ln58_667/2 "/>
</bind>
</comp>

<comp id="1177" class="1004" name="add_ln58_668_fu_1177">
<pin_list>
<pin id="1178" dir="0" index="0" bw="9" slack="0"/>
<pin id="1179" dir="0" index="1" bw="7" slack="0"/>
<pin id="1180" dir="1" index="2" bw="9" slack="0"/>
</pin_list>
<bind>
<opcode="add(8) " fcode="add"/>
<opset="add_ln58_668/2 "/>
</bind>
</comp>

<comp id="1183" class="1004" name="add_ln58_669_fu_1183">
<pin_list>
<pin id="1184" dir="0" index="0" bw="6" slack="0"/>
<pin id="1185" dir="0" index="1" bw="6" slack="0"/>
<pin id="1186" dir="1" index="2" bw="7" slack="0"/>
</pin_list>
<bind>
<opcode="add(8) " fcode="add"/>
<opset="add_ln58_669/2 "/>
</bind>
</comp>

<comp id="1189" class="1004" name="sext_ln58_800_fu_1189">
<pin_list>
<pin id="1190" dir="0" index="0" bw="7" slack="0"/>
<pin id="1191" dir="1" index="1" bw="9" slack="0"/>
</pin_list>
<bind>
<opcode="sext(35) " fcode="sext"/>
<opset="sext_ln58_800/2 "/>
</bind>
</comp>

<comp id="1193" class="1004" name="add_ln58_670_fu_1193">
<pin_list>
<pin id="1194" dir="0" index="0" bw="7" slack="0"/>
<pin id="1195" dir="0" index="1" bw="9" slack="0"/>
<pin id="1196" dir="1" index="2" bw="9" slack="0"/>
</pin_list>
<bind>
<opcode="add(8) " fcode="add"/>
<opset="add_ln58_670/2 "/>
</bind>
</comp>

<comp id="1199" class="1004" name="sext_ln58_194_fu_1199">
<pin_list>
<pin id="1200" dir="0" index="0" bw="6" slack="0"/>
<pin id="1201" dir="1" index="1" bw="10" slack="0"/>
</pin_list>
<bind>
<opcode="sext(35) " fcode="sext"/>
<opset="sext_ln58_194/2 "/>
</bind>
</comp>

<comp id="1203" class="1004" name="sext_ln58_801_fu_1203">
<pin_list>
<pin id="1204" dir="0" index="0" bw="7" slack="0"/>
<pin id="1205" dir="1" index="1" bw="8" slack="0"/>
</pin_list>
<bind>
<opcode="sext(35) " fcode="sext"/>
<opset="sext_ln58_801/2 "/>
</bind>
</comp>

<comp id="1207" class="1004" name="sext_ln58_802_fu_1207">
<pin_list>
<pin id="1208" dir="0" index="0" bw="7" slack="0"/>
<pin id="1209" dir="1" index="1" bw="9" slack="0"/>
</pin_list>
<bind>
<opcode="sext(35) " fcode="sext"/>
<opset="sext_ln58_802/2 "/>
</bind>
</comp>

<comp id="1211" class="1004" name="sext_ln58_198_fu_1211">
<pin_list>
<pin id="1212" dir="0" index="0" bw="6" slack="0"/>
<pin id="1213" dir="1" index="1" bw="10" slack="0"/>
</pin_list>
<bind>
<opcode="sext(35) " fcode="sext"/>
<opset="sext_ln58_198/2 "/>
</bind>
</comp>

<comp id="1215" class="1004" name="sext_ln58_808_fu_1215">
<pin_list>
<pin id="1216" dir="0" index="0" bw="7" slack="0"/>
<pin id="1217" dir="1" index="1" bw="9" slack="0"/>
</pin_list>
<bind>
<opcode="sext(35) " fcode="sext"/>
<opset="sext_ln58_808/2 "/>
</bind>
</comp>

<comp id="1219" class="1004" name="sext_ln58_809_fu_1219">
<pin_list>
<pin id="1220" dir="0" index="0" bw="8" slack="0"/>
<pin id="1221" dir="1" index="1" bw="9" slack="0"/>
</pin_list>
<bind>
<opcode="sext(35) " fcode="sext"/>
<opset="sext_ln58_809/2 "/>
</bind>
</comp>

<comp id="1223" class="1004" name="sub_ln58_352_fu_1223">
<pin_list>
<pin id="1224" dir="0" index="0" bw="8" slack="0"/>
<pin id="1225" dir="0" index="1" bw="7" slack="0"/>
<pin id="1226" dir="1" index="2" bw="9" slack="0"/>
</pin_list>
<bind>
<opcode="sub(10) " fcode="sub"/>
<opset="sub_ln58_352/2 "/>
</bind>
</comp>

<comp id="1229" class="1004" name="add_ln58_671_fu_1229">
<pin_list>
<pin id="1230" dir="0" index="0" bw="6" slack="0"/>
<pin id="1231" dir="0" index="1" bw="6" slack="0"/>
<pin id="1232" dir="1" index="2" bw="7" slack="0"/>
</pin_list>
<bind>
<opcode="add(8) " fcode="add"/>
<opset="add_ln58_671/2 "/>
</bind>
</comp>

<comp id="1235" class="1004" name="sext_ln58_804_fu_1235">
<pin_list>
<pin id="1236" dir="0" index="0" bw="7" slack="0"/>
<pin id="1237" dir="1" index="1" bw="9" slack="0"/>
</pin_list>
<bind>
<opcode="sext(35) " fcode="sext"/>
<opset="sext_ln58_804/2 "/>
</bind>
</comp>

<comp id="1239" class="1004" name="add_ln58_672_fu_1239">
<pin_list>
<pin id="1240" dir="0" index="0" bw="7" slack="0"/>
<pin id="1241" dir="0" index="1" bw="9" slack="0"/>
<pin id="1242" dir="1" index="2" bw="9" slack="0"/>
</pin_list>
<bind>
<opcode="add(8) " fcode="add"/>
<opset="add_ln58_672/2 "/>
</bind>
</comp>

<comp id="1245" class="1004" name="sext_ln58_201_fu_1245">
<pin_list>
<pin id="1246" dir="0" index="0" bw="9" slack="0"/>
<pin id="1247" dir="1" index="1" bw="10" slack="0"/>
</pin_list>
<bind>
<opcode="sext(35) " fcode="sext"/>
<opset="sext_ln58_201/2 "/>
</bind>
</comp>

<comp id="1249" class="1004" name="sext_ln58_805_fu_1249">
<pin_list>
<pin id="1250" dir="0" index="0" bw="9" slack="0"/>
<pin id="1251" dir="1" index="1" bw="10" slack="0"/>
</pin_list>
<bind>
<opcode="sext(35) " fcode="sext"/>
<opset="sext_ln58_805/2 "/>
</bind>
</comp>

<comp id="1253" class="1004" name="sub_ln58_292_fu_1253">
<pin_list>
<pin id="1254" dir="0" index="0" bw="9" slack="0"/>
<pin id="1255" dir="0" index="1" bw="6" slack="0"/>
<pin id="1256" dir="1" index="2" bw="10" slack="1"/>
</pin_list>
<bind>
<opcode="sub(10) " fcode="sub"/>
<opset="sub_ln58_292/2 "/>
</bind>
</comp>

<comp id="1259" class="1004" name="sext_ln58_203_fu_1259">
<pin_list>
<pin id="1260" dir="0" index="0" bw="6" slack="0"/>
<pin id="1261" dir="1" index="1" bw="10" slack="0"/>
</pin_list>
<bind>
<opcode="sext(35) " fcode="sext"/>
<opset="sext_ln58_203/2 "/>
</bind>
</comp>

<comp id="1263" class="1004" name="sext_ln58_807_fu_1263">
<pin_list>
<pin id="1264" dir="0" index="0" bw="9" slack="0"/>
<pin id="1265" dir="1" index="1" bw="10" slack="0"/>
</pin_list>
<bind>
<opcode="sext(35) " fcode="sext"/>
<opset="sext_ln58_807/2 "/>
</bind>
</comp>

<comp id="1267" class="1004" name="sub_ln58_293_fu_1267">
<pin_list>
<pin id="1268" dir="0" index="0" bw="9" slack="0"/>
<pin id="1269" dir="0" index="1" bw="6" slack="0"/>
<pin id="1270" dir="1" index="2" bw="10" slack="1"/>
</pin_list>
<bind>
<opcode="sub(10) " fcode="sub"/>
<opset="sub_ln58_293/2 "/>
</bind>
</comp>

<comp id="1273" class="1004" name="add_ln58_673_fu_1273">
<pin_list>
<pin id="1274" dir="0" index="0" bw="10" slack="0"/>
<pin id="1275" dir="0" index="1" bw="7" slack="0"/>
<pin id="1276" dir="1" index="2" bw="10" slack="0"/>
</pin_list>
<bind>
<opcode="add(8) " fcode="add"/>
<opset="add_ln58_673/2 "/>
</bind>
</comp>

<comp id="1279" class="1004" name="sub_ln58_294_fu_1279">
<pin_list>
<pin id="1280" dir="0" index="0" bw="7" slack="0"/>
<pin id="1281" dir="0" index="1" bw="6" slack="0"/>
<pin id="1282" dir="1" index="2" bw="8" slack="0"/>
</pin_list>
<bind>
<opcode="sub(10) " fcode="sub"/>
<opset="sub_ln58_294/2 "/>
</bind>
</comp>

<comp id="1285" class="1004" name="add_ln58_674_fu_1285">
<pin_list>
<pin id="1286" dir="0" index="0" bw="8" slack="0"/>
<pin id="1287" dir="0" index="1" bw="7" slack="0"/>
<pin id="1288" dir="1" index="2" bw="8" slack="0"/>
</pin_list>
<bind>
<opcode="add(8) " fcode="add"/>
<opset="add_ln58_674/2 "/>
</bind>
</comp>

<comp id="1291" class="1004" name="sext_ln58_810_fu_1291">
<pin_list>
<pin id="1292" dir="0" index="0" bw="8" slack="0"/>
<pin id="1293" dir="1" index="1" bw="10" slack="0"/>
</pin_list>
<bind>
<opcode="sext(35) " fcode="sext"/>
<opset="sext_ln58_810/2 "/>
</bind>
</comp>

<comp id="1295" class="1004" name="add_ln58_675_fu_1295">
<pin_list>
<pin id="1296" dir="0" index="0" bw="8" slack="0"/>
<pin id="1297" dir="0" index="1" bw="10" slack="0"/>
<pin id="1298" dir="1" index="2" bw="10" slack="1"/>
</pin_list>
<bind>
<opcode="add(8) " fcode="add"/>
<opset="add_ln58_675/2 "/>
</bind>
</comp>

<comp id="1301" class="1004" name="sext_ln58_811_fu_1301">
<pin_list>
<pin id="1302" dir="0" index="0" bw="7" slack="0"/>
<pin id="1303" dir="1" index="1" bw="8" slack="0"/>
</pin_list>
<bind>
<opcode="sext(35) " fcode="sext"/>
<opset="sext_ln58_811/2 "/>
</bind>
</comp>

<comp id="1305" class="1004" name="sext_ln58_812_fu_1305">
<pin_list>
<pin id="1306" dir="0" index="0" bw="9" slack="0"/>
<pin id="1307" dir="1" index="1" bw="10" slack="0"/>
</pin_list>
<bind>
<opcode="sext(35) " fcode="sext"/>
<opset="sext_ln58_812/2 "/>
</bind>
</comp>

<comp id="1309" class="1004" name="sub_ln58_295_fu_1309">
<pin_list>
<pin id="1310" dir="0" index="0" bw="9" slack="0"/>
<pin id="1311" dir="0" index="1" bw="6" slack="0"/>
<pin id="1312" dir="1" index="2" bw="10" slack="0"/>
</pin_list>
<bind>
<opcode="sub(10) " fcode="sub"/>
<opset="sub_ln58_295/2 "/>
</bind>
</comp>

<comp id="1315" class="1004" name="sub_ln58_296_fu_1315">
<pin_list>
<pin id="1316" dir="0" index="0" bw="7" slack="0"/>
<pin id="1317" dir="0" index="1" bw="6" slack="0"/>
<pin id="1318" dir="1" index="2" bw="8" slack="0"/>
</pin_list>
<bind>
<opcode="sub(10) " fcode="sub"/>
<opset="sub_ln58_296/2 "/>
</bind>
</comp>

<comp id="1321" class="1004" name="sext_ln58_813_fu_1321">
<pin_list>
<pin id="1322" dir="0" index="0" bw="8" slack="0"/>
<pin id="1323" dir="1" index="1" bw="10" slack="0"/>
</pin_list>
<bind>
<opcode="sext(35) " fcode="sext"/>
<opset="sext_ln58_813/2 "/>
</bind>
</comp>

<comp id="1325" class="1004" name="add_ln58_676_fu_1325">
<pin_list>
<pin id="1326" dir="0" index="0" bw="8" slack="0"/>
<pin id="1327" dir="0" index="1" bw="10" slack="0"/>
<pin id="1328" dir="1" index="2" bw="10" slack="0"/>
</pin_list>
<bind>
<opcode="add(8) " fcode="add"/>
<opset="add_ln58_676/2 "/>
</bind>
</comp>

<comp id="1331" class="1004" name="sext_ln58_814_fu_1331">
<pin_list>
<pin id="1332" dir="0" index="0" bw="7" slack="0"/>
<pin id="1333" dir="1" index="1" bw="8" slack="0"/>
</pin_list>
<bind>
<opcode="sext(35) " fcode="sext"/>
<opset="sext_ln58_814/2 "/>
</bind>
</comp>

<comp id="1335" class="1004" name="add_ln58_677_fu_1335">
<pin_list>
<pin id="1336" dir="0" index="0" bw="6" slack="0"/>
<pin id="1337" dir="0" index="1" bw="6" slack="0"/>
<pin id="1338" dir="1" index="2" bw="7" slack="0"/>
</pin_list>
<bind>
<opcode="add(8) " fcode="add"/>
<opset="add_ln58_677/2 "/>
</bind>
</comp>

<comp id="1341" class="1004" name="sext_ln58_815_fu_1341">
<pin_list>
<pin id="1342" dir="0" index="0" bw="7" slack="0"/>
<pin id="1343" dir="1" index="1" bw="8" slack="0"/>
</pin_list>
<bind>
<opcode="sext(35) " fcode="sext"/>
<opset="sext_ln58_815/2 "/>
</bind>
</comp>

<comp id="1345" class="1004" name="add_ln58_678_fu_1345">
<pin_list>
<pin id="1346" dir="0" index="0" bw="7" slack="0"/>
<pin id="1347" dir="0" index="1" bw="7" slack="0"/>
<pin id="1348" dir="1" index="2" bw="8" slack="0"/>
</pin_list>
<bind>
<opcode="add(8) " fcode="add"/>
<opset="add_ln58_678/2 "/>
</bind>
</comp>

<comp id="1351" class="1004" name="sext_ln58_816_fu_1351">
<pin_list>
<pin id="1352" dir="0" index="0" bw="8" slack="0"/>
<pin id="1353" dir="1" index="1" bw="10" slack="0"/>
</pin_list>
<bind>
<opcode="sext(35) " fcode="sext"/>
<opset="sext_ln58_816/2 "/>
</bind>
</comp>

<comp id="1355" class="1004" name="add_ln58_679_fu_1355">
<pin_list>
<pin id="1356" dir="0" index="0" bw="8" slack="0"/>
<pin id="1357" dir="0" index="1" bw="10" slack="0"/>
<pin id="1358" dir="1" index="2" bw="10" slack="1"/>
</pin_list>
<bind>
<opcode="add(8) " fcode="add"/>
<opset="add_ln58_679/2 "/>
</bind>
</comp>

<comp id="1361" class="1004" name="add_ln58_680_fu_1361">
<pin_list>
<pin id="1362" dir="0" index="0" bw="8" slack="0"/>
<pin id="1363" dir="0" index="1" bw="7" slack="0"/>
<pin id="1364" dir="1" index="2" bw="9" slack="0"/>
</pin_list>
<bind>
<opcode="add(8) " fcode="add"/>
<opset="add_ln58_680/2 "/>
</bind>
</comp>

<comp id="1367" class="1004" name="add_ln58_681_fu_1367">
<pin_list>
<pin id="1368" dir="0" index="0" bw="6" slack="0"/>
<pin id="1369" dir="0" index="1" bw="6" slack="0"/>
<pin id="1370" dir="1" index="2" bw="7" slack="0"/>
</pin_list>
<bind>
<opcode="add(8) " fcode="add"/>
<opset="add_ln58_681/2 "/>
</bind>
</comp>

<comp id="1373" class="1004" name="sext_ln58_817_fu_1373">
<pin_list>
<pin id="1374" dir="0" index="0" bw="7" slack="0"/>
<pin id="1375" dir="1" index="1" bw="8" slack="0"/>
</pin_list>
<bind>
<opcode="sext(35) " fcode="sext"/>
<opset="sext_ln58_817/2 "/>
</bind>
</comp>

<comp id="1377" class="1004" name="sub_ln58_297_fu_1377">
<pin_list>
<pin id="1378" dir="0" index="0" bw="7" slack="0"/>
<pin id="1379" dir="0" index="1" bw="6" slack="0"/>
<pin id="1380" dir="1" index="2" bw="8" slack="0"/>
</pin_list>
<bind>
<opcode="sub(10) " fcode="sub"/>
<opset="sub_ln58_297/2 "/>
</bind>
</comp>

<comp id="1383" class="1004" name="sext_ln58_818_fu_1383">
<pin_list>
<pin id="1384" dir="0" index="0" bw="8" slack="0"/>
<pin id="1385" dir="1" index="1" bw="9" slack="0"/>
</pin_list>
<bind>
<opcode="sext(35) " fcode="sext"/>
<opset="sext_ln58_818/2 "/>
</bind>
</comp>

<comp id="1387" class="1004" name="add_ln58_682_fu_1387">
<pin_list>
<pin id="1388" dir="0" index="0" bw="8" slack="0"/>
<pin id="1389" dir="0" index="1" bw="9" slack="0"/>
<pin id="1390" dir="1" index="2" bw="9" slack="1"/>
</pin_list>
<bind>
<opcode="add(8) " fcode="add"/>
<opset="add_ln58_682/2 "/>
</bind>
</comp>

<comp id="1393" class="1004" name="sext_ln58_819_fu_1393">
<pin_list>
<pin id="1394" dir="0" index="0" bw="7" slack="0"/>
<pin id="1395" dir="1" index="1" bw="8" slack="0"/>
</pin_list>
<bind>
<opcode="sext(35) " fcode="sext"/>
<opset="sext_ln58_819/2 "/>
</bind>
</comp>

<comp id="1397" class="1004" name="add_ln58_683_fu_1397">
<pin_list>
<pin id="1398" dir="0" index="0" bw="9" slack="0"/>
<pin id="1399" dir="0" index="1" bw="7" slack="0"/>
<pin id="1400" dir="1" index="2" bw="9" slack="0"/>
</pin_list>
<bind>
<opcode="add(8) " fcode="add"/>
<opset="add_ln58_683/2 "/>
</bind>
</comp>

<comp id="1403" class="1004" name="sext_ln58_820_fu_1403">
<pin_list>
<pin id="1404" dir="0" index="0" bw="9" slack="0"/>
<pin id="1405" dir="1" index="1" bw="10" slack="0"/>
</pin_list>
<bind>
<opcode="sext(35) " fcode="sext"/>
<opset="sext_ln58_820/2 "/>
</bind>
</comp>

<comp id="1407" class="1004" name="add_ln58_684_fu_1407">
<pin_list>
<pin id="1408" dir="0" index="0" bw="9" slack="0"/>
<pin id="1409" dir="0" index="1" bw="9" slack="0"/>
<pin id="1410" dir="1" index="2" bw="10" slack="0"/>
</pin_list>
<bind>
<opcode="add(8) " fcode="add"/>
<opset="add_ln58_684/2 "/>
</bind>
</comp>

<comp id="1413" class="1004" name="sub_ln58_298_fu_1413">
<pin_list>
<pin id="1414" dir="0" index="0" bw="6" slack="0"/>
<pin id="1415" dir="0" index="1" bw="6" slack="0"/>
<pin id="1416" dir="1" index="2" bw="7" slack="0"/>
</pin_list>
<bind>
<opcode="sub(10) " fcode="sub"/>
<opset="sub_ln58_298/2 "/>
</bind>
</comp>

<comp id="1419" class="1004" name="sext_ln58_821_fu_1419">
<pin_list>
<pin id="1420" dir="0" index="0" bw="7" slack="0"/>
<pin id="1421" dir="1" index="1" bw="8" slack="0"/>
</pin_list>
<bind>
<opcode="sext(35) " fcode="sext"/>
<opset="sext_ln58_821/2 "/>
</bind>
</comp>

<comp id="1423" class="1004" name="add_ln58_685_fu_1423">
<pin_list>
<pin id="1424" dir="0" index="0" bw="6" slack="0"/>
<pin id="1425" dir="0" index="1" bw="6" slack="0"/>
<pin id="1426" dir="1" index="2" bw="7" slack="0"/>
</pin_list>
<bind>
<opcode="add(8) " fcode="add"/>
<opset="add_ln58_685/2 "/>
</bind>
</comp>

<comp id="1429" class="1004" name="sext_ln58_822_fu_1429">
<pin_list>
<pin id="1430" dir="0" index="0" bw="7" slack="0"/>
<pin id="1431" dir="1" index="1" bw="8" slack="0"/>
</pin_list>
<bind>
<opcode="sext(35) " fcode="sext"/>
<opset="sext_ln58_822/2 "/>
</bind>
</comp>

<comp id="1433" class="1004" name="add_ln58_686_fu_1433">
<pin_list>
<pin id="1434" dir="0" index="0" bw="7" slack="0"/>
<pin id="1435" dir="0" index="1" bw="7" slack="0"/>
<pin id="1436" dir="1" index="2" bw="8" slack="0"/>
</pin_list>
<bind>
<opcode="add(8) " fcode="add"/>
<opset="add_ln58_686/2 "/>
</bind>
</comp>

<comp id="1439" class="1004" name="sext_ln58_823_fu_1439">
<pin_list>
<pin id="1440" dir="0" index="0" bw="8" slack="0"/>
<pin id="1441" dir="1" index="1" bw="10" slack="0"/>
</pin_list>
<bind>
<opcode="sext(35) " fcode="sext"/>
<opset="sext_ln58_823/2 "/>
</bind>
</comp>

<comp id="1443" class="1004" name="add_ln58_687_fu_1443">
<pin_list>
<pin id="1444" dir="0" index="0" bw="8" slack="0"/>
<pin id="1445" dir="0" index="1" bw="10" slack="0"/>
<pin id="1446" dir="1" index="2" bw="10" slack="1"/>
</pin_list>
<bind>
<opcode="add(8) " fcode="add"/>
<opset="add_ln58_687/2 "/>
</bind>
</comp>

<comp id="1449" class="1004" name="sub_ln58_300_fu_1449">
<pin_list>
<pin id="1450" dir="0" index="0" bw="6" slack="0"/>
<pin id="1451" dir="0" index="1" bw="6" slack="0"/>
<pin id="1452" dir="1" index="2" bw="7" slack="0"/>
</pin_list>
<bind>
<opcode="sub(10) " fcode="sub"/>
<opset="sub_ln58_300/2 "/>
</bind>
</comp>

<comp id="1455" class="1004" name="sext_ln58_831_fu_1455">
<pin_list>
<pin id="1456" dir="0" index="0" bw="7" slack="0"/>
<pin id="1457" dir="1" index="1" bw="8" slack="0"/>
</pin_list>
<bind>
<opcode="sext(35) " fcode="sext"/>
<opset="sext_ln58_831/2 "/>
</bind>
</comp>

<comp id="1459" class="1004" name="add_ln58_689_fu_1459">
<pin_list>
<pin id="1460" dir="0" index="0" bw="6" slack="0"/>
<pin id="1461" dir="0" index="1" bw="6" slack="0"/>
<pin id="1462" dir="1" index="2" bw="7" slack="0"/>
</pin_list>
<bind>
<opcode="add(8) " fcode="add"/>
<opset="add_ln58_689/2 "/>
</bind>
</comp>

<comp id="1465" class="1004" name="sext_ln58_832_fu_1465">
<pin_list>
<pin id="1466" dir="0" index="0" bw="7" slack="0"/>
<pin id="1467" dir="1" index="1" bw="8" slack="0"/>
</pin_list>
<bind>
<opcode="sext(35) " fcode="sext"/>
<opset="sext_ln58_832/2 "/>
</bind>
</comp>

<comp id="1469" class="1004" name="add_ln58_690_fu_1469">
<pin_list>
<pin id="1470" dir="0" index="0" bw="7" slack="0"/>
<pin id="1471" dir="0" index="1" bw="7" slack="0"/>
<pin id="1472" dir="1" index="2" bw="8" slack="1"/>
</pin_list>
<bind>
<opcode="add(8) " fcode="add"/>
<opset="add_ln58_690/2 "/>
</bind>
</comp>

<comp id="1475" class="1004" name="sext_ln58_834_fu_1475">
<pin_list>
<pin id="1476" dir="0" index="0" bw="7" slack="0"/>
<pin id="1477" dir="1" index="1" bw="8" slack="0"/>
</pin_list>
<bind>
<opcode="sext(35) " fcode="sext"/>
<opset="sext_ln58_834/2 "/>
</bind>
</comp>

<comp id="1479" class="1004" name="sext_ln58_836_fu_1479">
<pin_list>
<pin id="1480" dir="0" index="0" bw="6" slack="0"/>
<pin id="1481" dir="1" index="1" bw="7" slack="0"/>
</pin_list>
<bind>
<opcode="sext(35) " fcode="sext"/>
<opset="sext_ln58_836/2 "/>
</bind>
</comp>

<comp id="1483" class="1004" name="sub_ln58_353_fu_1483">
<pin_list>
<pin id="1484" dir="0" index="0" bw="7" slack="0"/>
<pin id="1485" dir="0" index="1" bw="7" slack="0"/>
<pin id="1486" dir="1" index="2" bw="8" slack="0"/>
</pin_list>
<bind>
<opcode="sub(10) " fcode="sub"/>
<opset="sub_ln58_353/2 "/>
</bind>
</comp>

<comp id="1489" class="1004" name="sext_ln58_837_fu_1489">
<pin_list>
<pin id="1490" dir="0" index="0" bw="8" slack="0"/>
<pin id="1491" dir="1" index="1" bw="10" slack="0"/>
</pin_list>
<bind>
<opcode="sext(35) " fcode="sext"/>
<opset="sext_ln58_837/2 "/>
</bind>
</comp>

<comp id="1493" class="1004" name="add_ln58_692_fu_1493">
<pin_list>
<pin id="1494" dir="0" index="0" bw="8" slack="0"/>
<pin id="1495" dir="0" index="1" bw="9" slack="0"/>
<pin id="1496" dir="1" index="2" bw="10" slack="0"/>
</pin_list>
<bind>
<opcode="add(8) " fcode="add"/>
<opset="add_ln58_692/2 "/>
</bind>
</comp>

<comp id="1499" class="1004" name="add_ln58_693_fu_1499">
<pin_list>
<pin id="1500" dir="0" index="0" bw="6" slack="0"/>
<pin id="1501" dir="0" index="1" bw="6" slack="0"/>
<pin id="1502" dir="1" index="2" bw="7" slack="0"/>
</pin_list>
<bind>
<opcode="add(8) " fcode="add"/>
<opset="add_ln58_693/2 "/>
</bind>
</comp>

<comp id="1505" class="1004" name="sext_ln58_838_fu_1505">
<pin_list>
<pin id="1506" dir="0" index="0" bw="7" slack="0"/>
<pin id="1507" dir="1" index="1" bw="8" slack="0"/>
</pin_list>
<bind>
<opcode="sext(35) " fcode="sext"/>
<opset="sext_ln58_838/2 "/>
</bind>
</comp>

<comp id="1509" class="1004" name="add_ln58_694_fu_1509">
<pin_list>
<pin id="1510" dir="0" index="0" bw="7" slack="0"/>
<pin id="1511" dir="0" index="1" bw="6" slack="0"/>
<pin id="1512" dir="1" index="2" bw="8" slack="0"/>
</pin_list>
<bind>
<opcode="add(8) " fcode="add"/>
<opset="add_ln58_694/2 "/>
</bind>
</comp>

<comp id="1515" class="1004" name="sext_ln58_839_fu_1515">
<pin_list>
<pin id="1516" dir="0" index="0" bw="8" slack="0"/>
<pin id="1517" dir="1" index="1" bw="10" slack="0"/>
</pin_list>
<bind>
<opcode="sext(35) " fcode="sext"/>
<opset="sext_ln58_839/2 "/>
</bind>
</comp>

<comp id="1519" class="1004" name="add_ln58_695_fu_1519">
<pin_list>
<pin id="1520" dir="0" index="0" bw="8" slack="0"/>
<pin id="1521" dir="0" index="1" bw="10" slack="0"/>
<pin id="1522" dir="1" index="2" bw="10" slack="1"/>
</pin_list>
<bind>
<opcode="add(8) " fcode="add"/>
<opset="add_ln58_695/2 "/>
</bind>
</comp>

<comp id="1525" class="1004" name="add_ln58_696_fu_1525">
<pin_list>
<pin id="1526" dir="0" index="0" bw="7" slack="0"/>
<pin id="1527" dir="0" index="1" bw="7" slack="0"/>
<pin id="1528" dir="1" index="2" bw="8" slack="0"/>
</pin_list>
<bind>
<opcode="add(8) " fcode="add"/>
<opset="add_ln58_696/2 "/>
</bind>
</comp>

<comp id="1531" class="1004" name="sext_ln58_842_fu_1531">
<pin_list>
<pin id="1532" dir="0" index="0" bw="8" slack="0"/>
<pin id="1533" dir="1" index="1" bw="10" slack="0"/>
</pin_list>
<bind>
<opcode="sext(35) " fcode="sext"/>
<opset="sext_ln58_842/2 "/>
</bind>
</comp>

<comp id="1535" class="1004" name="add_ln58_697_fu_1535">
<pin_list>
<pin id="1536" dir="0" index="0" bw="8" slack="0"/>
<pin id="1537" dir="0" index="1" bw="9" slack="0"/>
<pin id="1538" dir="1" index="2" bw="10" slack="0"/>
</pin_list>
<bind>
<opcode="add(8) " fcode="add"/>
<opset="add_ln58_697/2 "/>
</bind>
</comp>

<comp id="1541" class="1004" name="sub_ln58_301_fu_1541">
<pin_list>
<pin id="1542" dir="0" index="0" bw="7" slack="0"/>
<pin id="1543" dir="0" index="1" bw="6" slack="0"/>
<pin id="1544" dir="1" index="2" bw="8" slack="0"/>
</pin_list>
<bind>
<opcode="sub(10) " fcode="sub"/>
<opset="sub_ln58_301/2 "/>
</bind>
</comp>

<comp id="1547" class="1004" name="sub_ln58_302_fu_1547">
<pin_list>
<pin id="1548" dir="0" index="0" bw="6" slack="0"/>
<pin id="1549" dir="0" index="1" bw="6" slack="0"/>
<pin id="1550" dir="1" index="2" bw="7" slack="0"/>
</pin_list>
<bind>
<opcode="sub(10) " fcode="sub"/>
<opset="sub_ln58_302/2 "/>
</bind>
</comp>

<comp id="1553" class="1004" name="sext_ln58_843_fu_1553">
<pin_list>
<pin id="1554" dir="0" index="0" bw="7" slack="0"/>
<pin id="1555" dir="1" index="1" bw="8" slack="0"/>
</pin_list>
<bind>
<opcode="sext(35) " fcode="sext"/>
<opset="sext_ln58_843/2 "/>
</bind>
</comp>

<comp id="1557" class="1004" name="add_ln58_698_fu_1557">
<pin_list>
<pin id="1558" dir="0" index="0" bw="7" slack="0"/>
<pin id="1559" dir="0" index="1" bw="8" slack="0"/>
<pin id="1560" dir="1" index="2" bw="8" slack="0"/>
</pin_list>
<bind>
<opcode="add(8) " fcode="add"/>
<opset="add_ln58_698/2 "/>
</bind>
</comp>

<comp id="1563" class="1004" name="sext_ln58_844_fu_1563">
<pin_list>
<pin id="1564" dir="0" index="0" bw="8" slack="0"/>
<pin id="1565" dir="1" index="1" bw="10" slack="0"/>
</pin_list>
<bind>
<opcode="sext(35) " fcode="sext"/>
<opset="sext_ln58_844/2 "/>
</bind>
</comp>

<comp id="1567" class="1004" name="add_ln58_699_fu_1567">
<pin_list>
<pin id="1568" dir="0" index="0" bw="8" slack="0"/>
<pin id="1569" dir="0" index="1" bw="10" slack="0"/>
<pin id="1570" dir="1" index="2" bw="10" slack="1"/>
</pin_list>
<bind>
<opcode="add(8) " fcode="add"/>
<opset="add_ln58_699/2 "/>
</bind>
</comp>

<comp id="1573" class="1004" name="sext_ln58_845_fu_1573">
<pin_list>
<pin id="1574" dir="0" index="0" bw="7" slack="0"/>
<pin id="1575" dir="1" index="1" bw="8" slack="0"/>
</pin_list>
<bind>
<opcode="sext(35) " fcode="sext"/>
<opset="sext_ln58_845/2 "/>
</bind>
</comp>

<comp id="1577" class="1004" name="add_ln58_700_fu_1577">
<pin_list>
<pin id="1578" dir="0" index="0" bw="6" slack="0"/>
<pin id="1579" dir="0" index="1" bw="6" slack="1"/>
<pin id="1580" dir="1" index="2" bw="7" slack="0"/>
</pin_list>
<bind>
<opcode="add(8) " fcode="add"/>
<opset="add_ln58_700/2 "/>
</bind>
</comp>

<comp id="1582" class="1004" name="sext_ln58_277_fu_1582">
<pin_list>
<pin id="1583" dir="0" index="0" bw="7" slack="0"/>
<pin id="1584" dir="1" index="1" bw="8" slack="0"/>
</pin_list>
<bind>
<opcode="sext(35) " fcode="sext"/>
<opset="sext_ln58_277/2 "/>
</bind>
</comp>

<comp id="1586" class="1004" name="add_ln58_701_fu_1586">
<pin_list>
<pin id="1587" dir="0" index="0" bw="7" slack="0"/>
<pin id="1588" dir="0" index="1" bw="7" slack="0"/>
<pin id="1589" dir="1" index="2" bw="8" slack="0"/>
</pin_list>
<bind>
<opcode="add(8) " fcode="add"/>
<opset="add_ln58_701/2 "/>
</bind>
</comp>

<comp id="1592" class="1004" name="sext_ln58_852_fu_1592">
<pin_list>
<pin id="1593" dir="0" index="0" bw="8" slack="0"/>
<pin id="1594" dir="1" index="1" bw="9" slack="0"/>
</pin_list>
<bind>
<opcode="sext(35) " fcode="sext"/>
<opset="sext_ln58_852/2 "/>
</bind>
</comp>

<comp id="1596" class="1004" name="sub_ln58_303_fu_1596">
<pin_list>
<pin id="1597" dir="0" index="0" bw="8" slack="0"/>
<pin id="1598" dir="0" index="1" bw="6" slack="0"/>
<pin id="1599" dir="1" index="2" bw="9" slack="0"/>
</pin_list>
<bind>
<opcode="sub(10) " fcode="sub"/>
<opset="sub_ln58_303/2 "/>
</bind>
</comp>

<comp id="1602" class="1004" name="sub_ln58_304_fu_1602">
<pin_list>
<pin id="1603" dir="0" index="0" bw="7" slack="0"/>
<pin id="1604" dir="0" index="1" bw="6" slack="0"/>
<pin id="1605" dir="1" index="2" bw="8" slack="0"/>
</pin_list>
<bind>
<opcode="sub(10) " fcode="sub"/>
<opset="sub_ln58_304/2 "/>
</bind>
</comp>

<comp id="1608" class="1004" name="sext_ln58_853_fu_1608">
<pin_list>
<pin id="1609" dir="0" index="0" bw="8" slack="0"/>
<pin id="1610" dir="1" index="1" bw="9" slack="0"/>
</pin_list>
<bind>
<opcode="sext(35) " fcode="sext"/>
<opset="sext_ln58_853/2 "/>
</bind>
</comp>

<comp id="1612" class="1004" name="add_ln58_702_fu_1612">
<pin_list>
<pin id="1613" dir="0" index="0" bw="8" slack="0"/>
<pin id="1614" dir="0" index="1" bw="9" slack="0"/>
<pin id="1615" dir="1" index="2" bw="9" slack="0"/>
</pin_list>
<bind>
<opcode="add(8) " fcode="add"/>
<opset="add_ln58_702/2 "/>
</bind>
</comp>

<comp id="1618" class="1004" name="sext_ln58_854_fu_1618">
<pin_list>
<pin id="1619" dir="0" index="0" bw="9" slack="0"/>
<pin id="1620" dir="1" index="1" bw="10" slack="0"/>
</pin_list>
<bind>
<opcode="sext(35) " fcode="sext"/>
<opset="sext_ln58_854/2 "/>
</bind>
</comp>

<comp id="1622" class="1004" name="sub_ln58_305_fu_1622">
<pin_list>
<pin id="1623" dir="0" index="0" bw="9" slack="0"/>
<pin id="1624" dir="0" index="1" bw="6" slack="0"/>
<pin id="1625" dir="1" index="2" bw="10" slack="0"/>
</pin_list>
<bind>
<opcode="sub(10) " fcode="sub"/>
<opset="sub_ln58_305/2 "/>
</bind>
</comp>

<comp id="1628" class="1004" name="sext_ln58_855_fu_1628">
<pin_list>
<pin id="1629" dir="0" index="0" bw="7" slack="0"/>
<pin id="1630" dir="1" index="1" bw="9" slack="0"/>
</pin_list>
<bind>
<opcode="sext(35) " fcode="sext"/>
<opset="sext_ln58_855/2 "/>
</bind>
</comp>

<comp id="1632" class="1004" name="sext_ln58_856_fu_1632">
<pin_list>
<pin id="1633" dir="0" index="0" bw="8" slack="0"/>
<pin id="1634" dir="1" index="1" bw="9" slack="0"/>
</pin_list>
<bind>
<opcode="sext(35) " fcode="sext"/>
<opset="sext_ln58_856/2 "/>
</bind>
</comp>

<comp id="1636" class="1004" name="sub_ln58_354_fu_1636">
<pin_list>
<pin id="1637" dir="0" index="0" bw="8" slack="0"/>
<pin id="1638" dir="0" index="1" bw="7" slack="0"/>
<pin id="1639" dir="1" index="2" bw="9" slack="0"/>
</pin_list>
<bind>
<opcode="sub(10) " fcode="sub"/>
<opset="sub_ln58_354/2 "/>
</bind>
</comp>

<comp id="1642" class="1004" name="sext_ln58_857_fu_1642">
<pin_list>
<pin id="1643" dir="0" index="0" bw="9" slack="0"/>
<pin id="1644" dir="1" index="1" bw="10" slack="0"/>
</pin_list>
<bind>
<opcode="sext(35) " fcode="sext"/>
<opset="sext_ln58_857/2 "/>
</bind>
</comp>

<comp id="1646" class="1004" name="add_ln58_703_fu_1646">
<pin_list>
<pin id="1647" dir="0" index="0" bw="9" slack="0"/>
<pin id="1648" dir="0" index="1" bw="10" slack="0"/>
<pin id="1649" dir="1" index="2" bw="10" slack="0"/>
</pin_list>
<bind>
<opcode="add(8) " fcode="add"/>
<opset="add_ln58_703/2 "/>
</bind>
</comp>

<comp id="1652" class="1004" name="sub_ln58_306_fu_1652">
<pin_list>
<pin id="1653" dir="0" index="0" bw="6" slack="0"/>
<pin id="1654" dir="0" index="1" bw="6" slack="0"/>
<pin id="1655" dir="1" index="2" bw="7" slack="0"/>
</pin_list>
<bind>
<opcode="sub(10) " fcode="sub"/>
<opset="sub_ln58_306/2 "/>
</bind>
</comp>

<comp id="1658" class="1004" name="sext_ln58_858_fu_1658">
<pin_list>
<pin id="1659" dir="0" index="0" bw="7" slack="0"/>
<pin id="1660" dir="1" index="1" bw="8" slack="0"/>
</pin_list>
<bind>
<opcode="sext(35) " fcode="sext"/>
<opset="sext_ln58_858/2 "/>
</bind>
</comp>

<comp id="1662" class="1004" name="sub_ln58_307_fu_1662">
<pin_list>
<pin id="1663" dir="0" index="0" bw="7" slack="0"/>
<pin id="1664" dir="0" index="1" bw="6" slack="0"/>
<pin id="1665" dir="1" index="2" bw="8" slack="0"/>
</pin_list>
<bind>
<opcode="sub(10) " fcode="sub"/>
<opset="sub_ln58_307/2 "/>
</bind>
</comp>

<comp id="1668" class="1004" name="sext_ln58_859_fu_1668">
<pin_list>
<pin id="1669" dir="0" index="0" bw="8" slack="0"/>
<pin id="1670" dir="1" index="1" bw="10" slack="0"/>
</pin_list>
<bind>
<opcode="sext(35) " fcode="sext"/>
<opset="sext_ln58_859/2 "/>
</bind>
</comp>

<comp id="1672" class="1004" name="add_ln58_704_fu_1672">
<pin_list>
<pin id="1673" dir="0" index="0" bw="8" slack="0"/>
<pin id="1674" dir="0" index="1" bw="10" slack="0"/>
<pin id="1675" dir="1" index="2" bw="10" slack="1"/>
</pin_list>
<bind>
<opcode="add(8) " fcode="add"/>
<opset="add_ln58_704/2 "/>
</bind>
</comp>

<comp id="1678" class="1004" name="add_ln58_712_fu_1678">
<pin_list>
<pin id="1679" dir="0" index="0" bw="9" slack="0"/>
<pin id="1680" dir="0" index="1" bw="7" slack="0"/>
<pin id="1681" dir="1" index="2" bw="9" slack="0"/>
</pin_list>
<bind>
<opcode="add(8) " fcode="add"/>
<opset="add_ln58_712/2 "/>
</bind>
</comp>

<comp id="1684" class="1004" name="add_ln58_713_fu_1684">
<pin_list>
<pin id="1685" dir="0" index="0" bw="6" slack="0"/>
<pin id="1686" dir="0" index="1" bw="6" slack="0"/>
<pin id="1687" dir="1" index="2" bw="7" slack="0"/>
</pin_list>
<bind>
<opcode="add(8) " fcode="add"/>
<opset="add_ln58_713/2 "/>
</bind>
</comp>

<comp id="1690" class="1004" name="sext_ln58_870_fu_1690">
<pin_list>
<pin id="1691" dir="0" index="0" bw="7" slack="0"/>
<pin id="1692" dir="1" index="1" bw="9" slack="0"/>
</pin_list>
<bind>
<opcode="sext(35) " fcode="sext"/>
<opset="sext_ln58_870/2 "/>
</bind>
</comp>

<comp id="1694" class="1004" name="add_ln58_714_fu_1694">
<pin_list>
<pin id="1695" dir="0" index="0" bw="7" slack="0"/>
<pin id="1696" dir="0" index="1" bw="9" slack="0"/>
<pin id="1697" dir="1" index="2" bw="9" slack="0"/>
</pin_list>
<bind>
<opcode="add(8) " fcode="add"/>
<opset="add_ln58_714/2 "/>
</bind>
</comp>

<comp id="1700" class="1004" name="sext_ln58_293_fu_1700">
<pin_list>
<pin id="1701" dir="0" index="0" bw="9" slack="0"/>
<pin id="1702" dir="1" index="1" bw="10" slack="0"/>
</pin_list>
<bind>
<opcode="sext(35) " fcode="sext"/>
<opset="sext_ln58_293/2 "/>
</bind>
</comp>

<comp id="1704" class="1004" name="sext_ln58_871_fu_1704">
<pin_list>
<pin id="1705" dir="0" index="0" bw="7" slack="0"/>
<pin id="1706" dir="1" index="1" bw="9" slack="0"/>
</pin_list>
<bind>
<opcode="sext(35) " fcode="sext"/>
<opset="sext_ln58_871/2 "/>
</bind>
</comp>

<comp id="1708" class="1004" name="sext_ln58_872_fu_1708">
<pin_list>
<pin id="1709" dir="0" index="0" bw="8" slack="0"/>
<pin id="1710" dir="1" index="1" bw="9" slack="0"/>
</pin_list>
<bind>
<opcode="sext(35) " fcode="sext"/>
<opset="sext_ln58_872/2 "/>
</bind>
</comp>

<comp id="1712" class="1004" name="sub_ln58_356_fu_1712">
<pin_list>
<pin id="1713" dir="0" index="0" bw="8" slack="0"/>
<pin id="1714" dir="0" index="1" bw="7" slack="0"/>
<pin id="1715" dir="1" index="2" bw="9" slack="0"/>
</pin_list>
<bind>
<opcode="sub(10) " fcode="sub"/>
<opset="sub_ln58_356/2 "/>
</bind>
</comp>

<comp id="1718" class="1004" name="sext_ln58_873_fu_1718">
<pin_list>
<pin id="1719" dir="0" index="0" bw="9" slack="0"/>
<pin id="1720" dir="1" index="1" bw="10" slack="0"/>
</pin_list>
<bind>
<opcode="sext(35) " fcode="sext"/>
<opset="sext_ln58_873/2 "/>
</bind>
</comp>

<comp id="1722" class="1004" name="add_ln58_715_fu_1722">
<pin_list>
<pin id="1723" dir="0" index="0" bw="9" slack="0"/>
<pin id="1724" dir="0" index="1" bw="9" slack="0"/>
<pin id="1725" dir="1" index="2" bw="10" slack="0"/>
</pin_list>
<bind>
<opcode="add(8) " fcode="add"/>
<opset="add_ln58_715/2 "/>
</bind>
</comp>

<comp id="1728" class="1004" name="add_ln58_716_fu_1728">
<pin_list>
<pin id="1729" dir="0" index="0" bw="6" slack="0"/>
<pin id="1730" dir="0" index="1" bw="6" slack="0"/>
<pin id="1731" dir="1" index="2" bw="7" slack="0"/>
</pin_list>
<bind>
<opcode="add(8) " fcode="add"/>
<opset="add_ln58_716/2 "/>
</bind>
</comp>

<comp id="1734" class="1004" name="sext_ln58_874_fu_1734">
<pin_list>
<pin id="1735" dir="0" index="0" bw="7" slack="0"/>
<pin id="1736" dir="1" index="1" bw="8" slack="0"/>
</pin_list>
<bind>
<opcode="sext(35) " fcode="sext"/>
<opset="sext_ln58_874/2 "/>
</bind>
</comp>

<comp id="1738" class="1004" name="add_ln58_717_fu_1738">
<pin_list>
<pin id="1739" dir="0" index="0" bw="7" slack="0"/>
<pin id="1740" dir="0" index="1" bw="7" slack="0"/>
<pin id="1741" dir="1" index="2" bw="8" slack="0"/>
</pin_list>
<bind>
<opcode="add(8) " fcode="add"/>
<opset="add_ln58_717/2 "/>
</bind>
</comp>

<comp id="1744" class="1004" name="sext_ln58_875_fu_1744">
<pin_list>
<pin id="1745" dir="0" index="0" bw="8" slack="0"/>
<pin id="1746" dir="1" index="1" bw="10" slack="0"/>
</pin_list>
<bind>
<opcode="sext(35) " fcode="sext"/>
<opset="sext_ln58_875/2 "/>
</bind>
</comp>

<comp id="1748" class="1004" name="add_ln58_718_fu_1748">
<pin_list>
<pin id="1749" dir="0" index="0" bw="8" slack="0"/>
<pin id="1750" dir="0" index="1" bw="10" slack="0"/>
<pin id="1751" dir="1" index="2" bw="10" slack="1"/>
</pin_list>
<bind>
<opcode="add(8) " fcode="add"/>
<opset="add_ln58_718/2 "/>
</bind>
</comp>

<comp id="1754" class="1004" name="sext_ln58_891_fu_1754">
<pin_list>
<pin id="1755" dir="0" index="0" bw="6" slack="0"/>
<pin id="1756" dir="1" index="1" bw="8" slack="0"/>
</pin_list>
<bind>
<opcode="sext(35) " fcode="sext"/>
<opset="sext_ln58_891/2 "/>
</bind>
</comp>

<comp id="1758" class="1004" name="sext_ln58_895_fu_1758">
<pin_list>
<pin id="1759" dir="0" index="0" bw="7" slack="0"/>
<pin id="1760" dir="1" index="1" bw="9" slack="0"/>
</pin_list>
<bind>
<opcode="sext(35) " fcode="sext"/>
<opset="sext_ln58_895/2 "/>
</bind>
</comp>

<comp id="1762" class="1004" name="sext_ln58_896_fu_1762">
<pin_list>
<pin id="1763" dir="0" index="0" bw="8" slack="0"/>
<pin id="1764" dir="1" index="1" bw="9" slack="0"/>
</pin_list>
<bind>
<opcode="sext(35) " fcode="sext"/>
<opset="sext_ln58_896/2 "/>
</bind>
</comp>

<comp id="1766" class="1004" name="sub_ln58_359_fu_1766">
<pin_list>
<pin id="1767" dir="0" index="0" bw="8" slack="0"/>
<pin id="1768" dir="0" index="1" bw="7" slack="0"/>
<pin id="1769" dir="1" index="2" bw="9" slack="0"/>
</pin_list>
<bind>
<opcode="sub(10) " fcode="sub"/>
<opset="sub_ln58_359/2 "/>
</bind>
</comp>

<comp id="1772" class="1004" name="sext_ln58_897_fu_1772">
<pin_list>
<pin id="1773" dir="0" index="0" bw="9" slack="0"/>
<pin id="1774" dir="1" index="1" bw="10" slack="0"/>
</pin_list>
<bind>
<opcode="sext(35) " fcode="sext"/>
<opset="sext_ln58_897/2 "/>
</bind>
</comp>

<comp id="1776" class="1004" name="add_ln58_732_fu_1776">
<pin_list>
<pin id="1777" dir="0" index="0" bw="9" slack="0"/>
<pin id="1778" dir="0" index="1" bw="9" slack="0"/>
<pin id="1779" dir="1" index="2" bw="10" slack="0"/>
</pin_list>
<bind>
<opcode="add(8) " fcode="add"/>
<opset="add_ln58_732/2 "/>
</bind>
</comp>

<comp id="1782" class="1004" name="add_ln58_733_fu_1782">
<pin_list>
<pin id="1783" dir="0" index="0" bw="7" slack="0"/>
<pin id="1784" dir="0" index="1" bw="6" slack="0"/>
<pin id="1785" dir="1" index="2" bw="8" slack="0"/>
</pin_list>
<bind>
<opcode="add(8) " fcode="add"/>
<opset="add_ln58_733/2 "/>
</bind>
</comp>

<comp id="1788" class="1004" name="sext_ln58_898_fu_1788">
<pin_list>
<pin id="1789" dir="0" index="0" bw="8" slack="0"/>
<pin id="1790" dir="1" index="1" bw="10" slack="0"/>
</pin_list>
<bind>
<opcode="sext(35) " fcode="sext"/>
<opset="sext_ln58_898/2 "/>
</bind>
</comp>

<comp id="1792" class="1004" name="add_ln58_734_fu_1792">
<pin_list>
<pin id="1793" dir="0" index="0" bw="8" slack="0"/>
<pin id="1794" dir="0" index="1" bw="10" slack="0"/>
<pin id="1795" dir="1" index="2" bw="10" slack="1"/>
</pin_list>
<bind>
<opcode="add(8) " fcode="add"/>
<opset="add_ln58_734/2 "/>
</bind>
</comp>

<comp id="1798" class="1004" name="sub_ln58_319_fu_1798">
<pin_list>
<pin id="1799" dir="0" index="0" bw="6" slack="0"/>
<pin id="1800" dir="0" index="1" bw="6" slack="0"/>
<pin id="1801" dir="1" index="2" bw="7" slack="0"/>
</pin_list>
<bind>
<opcode="sub(10) " fcode="sub"/>
<opset="sub_ln58_319/2 "/>
</bind>
</comp>

<comp id="1804" class="1004" name="sext_ln58_919_fu_1804">
<pin_list>
<pin id="1805" dir="0" index="0" bw="7" slack="0"/>
<pin id="1806" dir="1" index="1" bw="8" slack="0"/>
</pin_list>
<bind>
<opcode="sext(35) " fcode="sext"/>
<opset="sext_ln58_919/2 "/>
</bind>
</comp>

<comp id="1808" class="1004" name="add_ln58_750_fu_1808">
<pin_list>
<pin id="1809" dir="0" index="0" bw="6" slack="0"/>
<pin id="1810" dir="0" index="1" bw="6" slack="0"/>
<pin id="1811" dir="1" index="2" bw="7" slack="0"/>
</pin_list>
<bind>
<opcode="add(8) " fcode="add"/>
<opset="add_ln58_750/2 "/>
</bind>
</comp>

<comp id="1814" class="1004" name="sext_ln58_920_fu_1814">
<pin_list>
<pin id="1815" dir="0" index="0" bw="7" slack="0"/>
<pin id="1816" dir="1" index="1" bw="8" slack="0"/>
</pin_list>
<bind>
<opcode="sext(35) " fcode="sext"/>
<opset="sext_ln58_920/2 "/>
</bind>
</comp>

<comp id="1818" class="1004" name="add_ln58_751_fu_1818">
<pin_list>
<pin id="1819" dir="0" index="0" bw="7" slack="0"/>
<pin id="1820" dir="0" index="1" bw="7" slack="0"/>
<pin id="1821" dir="1" index="2" bw="8" slack="1"/>
</pin_list>
<bind>
<opcode="add(8) " fcode="add"/>
<opset="add_ln58_751/2 "/>
</bind>
</comp>

<comp id="1824" class="1004" name="add_ln58_759_fu_1824">
<pin_list>
<pin id="1825" dir="0" index="0" bw="7" slack="0"/>
<pin id="1826" dir="0" index="1" bw="7" slack="0"/>
<pin id="1827" dir="1" index="2" bw="8" slack="0"/>
</pin_list>
<bind>
<opcode="add(8) " fcode="add"/>
<opset="add_ln58_759/2 "/>
</bind>
</comp>

<comp id="1830" class="1004" name="sext_ln58_929_fu_1830">
<pin_list>
<pin id="1831" dir="0" index="0" bw="8" slack="0"/>
<pin id="1832" dir="1" index="1" bw="10" slack="0"/>
</pin_list>
<bind>
<opcode="sext(35) " fcode="sext"/>
<opset="sext_ln58_929/2 "/>
</bind>
</comp>

<comp id="1834" class="1004" name="add_ln58_760_fu_1834">
<pin_list>
<pin id="1835" dir="0" index="0" bw="8" slack="0"/>
<pin id="1836" dir="0" index="1" bw="9" slack="0"/>
<pin id="1837" dir="1" index="2" bw="10" slack="0"/>
</pin_list>
<bind>
<opcode="add(8) " fcode="add"/>
<opset="add_ln58_760/2 "/>
</bind>
</comp>

<comp id="1840" class="1004" name="add_ln58_761_fu_1840">
<pin_list>
<pin id="1841" dir="0" index="0" bw="6" slack="0"/>
<pin id="1842" dir="0" index="1" bw="6" slack="0"/>
<pin id="1843" dir="1" index="2" bw="7" slack="0"/>
</pin_list>
<bind>
<opcode="add(8) " fcode="add"/>
<opset="add_ln58_761/2 "/>
</bind>
</comp>

<comp id="1846" class="1004" name="sext_ln58_930_fu_1846">
<pin_list>
<pin id="1847" dir="0" index="0" bw="7" slack="0"/>
<pin id="1848" dir="1" index="1" bw="8" slack="0"/>
</pin_list>
<bind>
<opcode="sext(35) " fcode="sext"/>
<opset="sext_ln58_930/2 "/>
</bind>
</comp>

<comp id="1850" class="1004" name="add_ln58_762_fu_1850">
<pin_list>
<pin id="1851" dir="0" index="0" bw="6" slack="0"/>
<pin id="1852" dir="0" index="1" bw="6" slack="0"/>
<pin id="1853" dir="1" index="2" bw="7" slack="0"/>
</pin_list>
<bind>
<opcode="add(8) " fcode="add"/>
<opset="add_ln58_762/2 "/>
</bind>
</comp>

<comp id="1856" class="1004" name="sext_ln58_931_fu_1856">
<pin_list>
<pin id="1857" dir="0" index="0" bw="7" slack="0"/>
<pin id="1858" dir="1" index="1" bw="8" slack="0"/>
</pin_list>
<bind>
<opcode="sext(35) " fcode="sext"/>
<opset="sext_ln58_931/2 "/>
</bind>
</comp>

<comp id="1860" class="1004" name="add_ln58_763_fu_1860">
<pin_list>
<pin id="1861" dir="0" index="0" bw="7" slack="0"/>
<pin id="1862" dir="0" index="1" bw="7" slack="0"/>
<pin id="1863" dir="1" index="2" bw="8" slack="0"/>
</pin_list>
<bind>
<opcode="add(8) " fcode="add"/>
<opset="add_ln58_763/2 "/>
</bind>
</comp>

<comp id="1866" class="1004" name="sext_ln58_932_fu_1866">
<pin_list>
<pin id="1867" dir="0" index="0" bw="8" slack="0"/>
<pin id="1868" dir="1" index="1" bw="10" slack="0"/>
</pin_list>
<bind>
<opcode="sext(35) " fcode="sext"/>
<opset="sext_ln58_932/2 "/>
</bind>
</comp>

<comp id="1870" class="1004" name="add_ln58_764_fu_1870">
<pin_list>
<pin id="1871" dir="0" index="0" bw="8" slack="0"/>
<pin id="1872" dir="0" index="1" bw="10" slack="0"/>
<pin id="1873" dir="1" index="2" bw="10" slack="1"/>
</pin_list>
<bind>
<opcode="add(8) " fcode="add"/>
<opset="add_ln58_764/2 "/>
</bind>
</comp>

<comp id="1876" class="1004" name="sext_ln58_1026_fu_1876">
<pin_list>
<pin id="1877" dir="0" index="0" bw="8" slack="0"/>
<pin id="1878" dir="1" index="1" bw="9" slack="0"/>
</pin_list>
<bind>
<opcode="sext(35) " fcode="sext"/>
<opset="sext_ln58_1026/2 "/>
</bind>
</comp>

<comp id="1880" class="1004" name="sub_ln58_366_fu_1880">
<pin_list>
<pin id="1881" dir="0" index="0" bw="8" slack="0"/>
<pin id="1882" dir="0" index="1" bw="7" slack="0"/>
<pin id="1883" dir="1" index="2" bw="9" slack="0"/>
</pin_list>
<bind>
<opcode="sub(10) " fcode="sub"/>
<opset="sub_ln58_366/2 "/>
</bind>
</comp>

<comp id="1886" class="1004" name="add_ln58_771_fu_1886">
<pin_list>
<pin id="1887" dir="0" index="0" bw="6" slack="0"/>
<pin id="1888" dir="0" index="1" bw="6" slack="0"/>
<pin id="1889" dir="1" index="2" bw="7" slack="0"/>
</pin_list>
<bind>
<opcode="add(8) " fcode="add"/>
<opset="add_ln58_771/2 "/>
</bind>
</comp>

<comp id="1892" class="1004" name="sext_ln58_938_fu_1892">
<pin_list>
<pin id="1893" dir="0" index="0" bw="7" slack="0"/>
<pin id="1894" dir="1" index="1" bw="9" slack="0"/>
</pin_list>
<bind>
<opcode="sext(35) " fcode="sext"/>
<opset="sext_ln58_938/2 "/>
</bind>
</comp>

<comp id="1896" class="1004" name="add_ln58_772_fu_1896">
<pin_list>
<pin id="1897" dir="0" index="0" bw="7" slack="0"/>
<pin id="1898" dir="0" index="1" bw="9" slack="0"/>
<pin id="1899" dir="1" index="2" bw="9" slack="0"/>
</pin_list>
<bind>
<opcode="add(8) " fcode="add"/>
<opset="add_ln58_772/2 "/>
</bind>
</comp>

<comp id="1902" class="1004" name="sext_ln58_308_fu_1902">
<pin_list>
<pin id="1903" dir="0" index="0" bw="9" slack="0"/>
<pin id="1904" dir="1" index="1" bw="10" slack="0"/>
</pin_list>
<bind>
<opcode="sext(35) " fcode="sext"/>
<opset="sext_ln58_308/2 "/>
</bind>
</comp>

<comp id="1906" class="1004" name="add_ln58_773_fu_1906">
<pin_list>
<pin id="1907" dir="0" index="0" bw="7" slack="0"/>
<pin id="1908" dir="0" index="1" bw="7" slack="0"/>
<pin id="1909" dir="1" index="2" bw="8" slack="0"/>
</pin_list>
<bind>
<opcode="add(8) " fcode="add"/>
<opset="add_ln58_773/2 "/>
</bind>
</comp>

<comp id="1912" class="1004" name="sext_ln58_939_fu_1912">
<pin_list>
<pin id="1913" dir="0" index="0" bw="8" slack="0"/>
<pin id="1914" dir="1" index="1" bw="10" slack="0"/>
</pin_list>
<bind>
<opcode="sext(35) " fcode="sext"/>
<opset="sext_ln58_939/2 "/>
</bind>
</comp>

<comp id="1916" class="1004" name="add_ln58_774_fu_1916">
<pin_list>
<pin id="1917" dir="0" index="0" bw="8" slack="0"/>
<pin id="1918" dir="0" index="1" bw="9" slack="0"/>
<pin id="1919" dir="1" index="2" bw="10" slack="0"/>
</pin_list>
<bind>
<opcode="add(8) " fcode="add"/>
<opset="add_ln58_774/2 "/>
</bind>
</comp>

<comp id="1922" class="1004" name="add_ln58_775_fu_1922">
<pin_list>
<pin id="1923" dir="0" index="0" bw="6" slack="0"/>
<pin id="1924" dir="0" index="1" bw="6" slack="0"/>
<pin id="1925" dir="1" index="2" bw="7" slack="0"/>
</pin_list>
<bind>
<opcode="add(8) " fcode="add"/>
<opset="add_ln58_775/2 "/>
</bind>
</comp>

<comp id="1928" class="1004" name="sext_ln58_940_fu_1928">
<pin_list>
<pin id="1929" dir="0" index="0" bw="7" slack="0"/>
<pin id="1930" dir="1" index="1" bw="8" slack="0"/>
</pin_list>
<bind>
<opcode="sext(35) " fcode="sext"/>
<opset="sext_ln58_940/2 "/>
</bind>
</comp>

<comp id="1932" class="1004" name="add_ln58_776_fu_1932">
<pin_list>
<pin id="1933" dir="0" index="0" bw="6" slack="0"/>
<pin id="1934" dir="0" index="1" bw="6" slack="0"/>
<pin id="1935" dir="1" index="2" bw="7" slack="0"/>
</pin_list>
<bind>
<opcode="add(8) " fcode="add"/>
<opset="add_ln58_776/2 "/>
</bind>
</comp>

<comp id="1938" class="1004" name="sext_ln58_941_fu_1938">
<pin_list>
<pin id="1939" dir="0" index="0" bw="7" slack="0"/>
<pin id="1940" dir="1" index="1" bw="8" slack="0"/>
</pin_list>
<bind>
<opcode="sext(35) " fcode="sext"/>
<opset="sext_ln58_941/2 "/>
</bind>
</comp>

<comp id="1942" class="1004" name="add_ln58_777_fu_1942">
<pin_list>
<pin id="1943" dir="0" index="0" bw="7" slack="0"/>
<pin id="1944" dir="0" index="1" bw="7" slack="0"/>
<pin id="1945" dir="1" index="2" bw="8" slack="0"/>
</pin_list>
<bind>
<opcode="add(8) " fcode="add"/>
<opset="add_ln58_777/2 "/>
</bind>
</comp>

<comp id="1948" class="1004" name="sext_ln58_942_fu_1948">
<pin_list>
<pin id="1949" dir="0" index="0" bw="8" slack="0"/>
<pin id="1950" dir="1" index="1" bw="10" slack="0"/>
</pin_list>
<bind>
<opcode="sext(35) " fcode="sext"/>
<opset="sext_ln58_942/2 "/>
</bind>
</comp>

<comp id="1952" class="1004" name="add_ln58_778_fu_1952">
<pin_list>
<pin id="1953" dir="0" index="0" bw="8" slack="0"/>
<pin id="1954" dir="0" index="1" bw="10" slack="0"/>
<pin id="1955" dir="1" index="2" bw="10" slack="1"/>
</pin_list>
<bind>
<opcode="add(8) " fcode="add"/>
<opset="add_ln58_778/2 "/>
</bind>
</comp>

<comp id="1958" class="1004" name="sext_ln58_950_fu_1958">
<pin_list>
<pin id="1959" dir="0" index="0" bw="6" slack="0"/>
<pin id="1960" dir="1" index="1" bw="9" slack="0"/>
</pin_list>
<bind>
<opcode="sext(35) " fcode="sext"/>
<opset="sext_ln58_950/2 "/>
</bind>
</comp>

<comp id="1962" class="1004" name="sext_ln58_951_fu_1962">
<pin_list>
<pin id="1963" dir="0" index="0" bw="8" slack="0"/>
<pin id="1964" dir="1" index="1" bw="9" slack="0"/>
</pin_list>
<bind>
<opcode="sext(35) " fcode="sext"/>
<opset="sext_ln58_951/2 "/>
</bind>
</comp>

<comp id="1966" class="1004" name="sub_ln58_326_fu_1966">
<pin_list>
<pin id="1967" dir="0" index="0" bw="8" slack="0"/>
<pin id="1968" dir="0" index="1" bw="6" slack="0"/>
<pin id="1969" dir="1" index="2" bw="9" slack="0"/>
</pin_list>
<bind>
<opcode="sub(10) " fcode="sub"/>
<opset="sub_ln58_326/2 "/>
</bind>
</comp>

<comp id="1972" class="1004" name="add_ln58_787_fu_1972">
<pin_list>
<pin id="1973" dir="0" index="0" bw="6" slack="0"/>
<pin id="1974" dir="0" index="1" bw="6" slack="0"/>
<pin id="1975" dir="1" index="2" bw="7" slack="0"/>
</pin_list>
<bind>
<opcode="add(8) " fcode="add"/>
<opset="add_ln58_787/2 "/>
</bind>
</comp>

<comp id="1978" class="1004" name="sext_ln58_952_fu_1978">
<pin_list>
<pin id="1979" dir="0" index="0" bw="7" slack="0"/>
<pin id="1980" dir="1" index="1" bw="8" slack="0"/>
</pin_list>
<bind>
<opcode="sext(35) " fcode="sext"/>
<opset="sext_ln58_952/2 "/>
</bind>
</comp>

<comp id="1982" class="1004" name="add_ln58_788_fu_1982">
<pin_list>
<pin id="1983" dir="0" index="0" bw="7" slack="0"/>
<pin id="1984" dir="0" index="1" bw="6" slack="0"/>
<pin id="1985" dir="1" index="2" bw="8" slack="0"/>
</pin_list>
<bind>
<opcode="add(8) " fcode="add"/>
<opset="add_ln58_788/2 "/>
</bind>
</comp>

<comp id="1988" class="1004" name="sext_ln58_953_fu_1988">
<pin_list>
<pin id="1989" dir="0" index="0" bw="8" slack="0"/>
<pin id="1990" dir="1" index="1" bw="9" slack="0"/>
</pin_list>
<bind>
<opcode="sext(35) " fcode="sext"/>
<opset="sext_ln58_953/2 "/>
</bind>
</comp>

<comp id="1992" class="1004" name="add_ln58_789_fu_1992">
<pin_list>
<pin id="1993" dir="0" index="0" bw="8" slack="0"/>
<pin id="1994" dir="0" index="1" bw="9" slack="0"/>
<pin id="1995" dir="1" index="2" bw="9" slack="0"/>
</pin_list>
<bind>
<opcode="add(8) " fcode="add"/>
<opset="add_ln58_789/2 "/>
</bind>
</comp>

<comp id="1998" class="1004" name="sext_ln58_311_fu_1998">
<pin_list>
<pin id="1999" dir="0" index="0" bw="9" slack="0"/>
<pin id="2000" dir="1" index="1" bw="10" slack="0"/>
</pin_list>
<bind>
<opcode="sext(35) " fcode="sext"/>
<opset="sext_ln58_311/2 "/>
</bind>
</comp>

<comp id="2002" class="1004" name="sub_ln58_368_fu_2002">
<pin_list>
<pin id="2003" dir="0" index="0" bw="7" slack="0"/>
<pin id="2004" dir="0" index="1" bw="7" slack="0"/>
<pin id="2005" dir="1" index="2" bw="8" slack="0"/>
</pin_list>
<bind>
<opcode="sub(10) " fcode="sub"/>
<opset="sub_ln58_368/2 "/>
</bind>
</comp>

<comp id="2008" class="1004" name="sext_ln58_954_fu_2008">
<pin_list>
<pin id="2009" dir="0" index="0" bw="8" slack="0"/>
<pin id="2010" dir="1" index="1" bw="10" slack="0"/>
</pin_list>
<bind>
<opcode="sext(35) " fcode="sext"/>
<opset="sext_ln58_954/2 "/>
</bind>
</comp>

<comp id="2012" class="1004" name="add_ln58_790_fu_2012">
<pin_list>
<pin id="2013" dir="0" index="0" bw="8" slack="0"/>
<pin id="2014" dir="0" index="1" bw="9" slack="0"/>
<pin id="2015" dir="1" index="2" bw="10" slack="0"/>
</pin_list>
<bind>
<opcode="add(8) " fcode="add"/>
<opset="add_ln58_790/2 "/>
</bind>
</comp>

<comp id="2018" class="1004" name="sub_ln58_327_fu_2018">
<pin_list>
<pin id="2019" dir="0" index="0" bw="6" slack="0"/>
<pin id="2020" dir="0" index="1" bw="6" slack="0"/>
<pin id="2021" dir="1" index="2" bw="7" slack="0"/>
</pin_list>
<bind>
<opcode="sub(10) " fcode="sub"/>
<opset="sub_ln58_327/2 "/>
</bind>
</comp>

<comp id="2024" class="1004" name="sext_ln58_955_fu_2024">
<pin_list>
<pin id="2025" dir="0" index="0" bw="7" slack="0"/>
<pin id="2026" dir="1" index="1" bw="8" slack="0"/>
</pin_list>
<bind>
<opcode="sext(35) " fcode="sext"/>
<opset="sext_ln58_955/2 "/>
</bind>
</comp>

<comp id="2028" class="1004" name="add_ln58_791_fu_2028">
<pin_list>
<pin id="2029" dir="0" index="0" bw="6" slack="0"/>
<pin id="2030" dir="0" index="1" bw="6" slack="0"/>
<pin id="2031" dir="1" index="2" bw="7" slack="0"/>
</pin_list>
<bind>
<opcode="add(8) " fcode="add"/>
<opset="add_ln58_791/2 "/>
</bind>
</comp>

<comp id="2034" class="1004" name="sext_ln58_956_fu_2034">
<pin_list>
<pin id="2035" dir="0" index="0" bw="7" slack="0"/>
<pin id="2036" dir="1" index="1" bw="8" slack="0"/>
</pin_list>
<bind>
<opcode="sext(35) " fcode="sext"/>
<opset="sext_ln58_956/2 "/>
</bind>
</comp>

<comp id="2038" class="1004" name="add_ln58_792_fu_2038">
<pin_list>
<pin id="2039" dir="0" index="0" bw="7" slack="0"/>
<pin id="2040" dir="0" index="1" bw="7" slack="0"/>
<pin id="2041" dir="1" index="2" bw="8" slack="0"/>
</pin_list>
<bind>
<opcode="add(8) " fcode="add"/>
<opset="add_ln58_792/2 "/>
</bind>
</comp>

<comp id="2044" class="1004" name="sext_ln58_957_fu_2044">
<pin_list>
<pin id="2045" dir="0" index="0" bw="8" slack="0"/>
<pin id="2046" dir="1" index="1" bw="10" slack="0"/>
</pin_list>
<bind>
<opcode="sext(35) " fcode="sext"/>
<opset="sext_ln58_957/2 "/>
</bind>
</comp>

<comp id="2048" class="1004" name="add_ln58_793_fu_2048">
<pin_list>
<pin id="2049" dir="0" index="0" bw="8" slack="0"/>
<pin id="2050" dir="0" index="1" bw="10" slack="0"/>
<pin id="2051" dir="1" index="2" bw="10" slack="1"/>
</pin_list>
<bind>
<opcode="add(8) " fcode="add"/>
<opset="add_ln58_793/2 "/>
</bind>
</comp>

<comp id="2054" class="1004" name="sext_ln58_1029_fu_2054">
<pin_list>
<pin id="2055" dir="0" index="0" bw="8" slack="0"/>
<pin id="2056" dir="1" index="1" bw="9" slack="0"/>
</pin_list>
<bind>
<opcode="sext(35) " fcode="sext"/>
<opset="sext_ln58_1029/2 "/>
</bind>
</comp>

<comp id="2058" class="1004" name="sub_ln58_371_fu_2058">
<pin_list>
<pin id="2059" dir="0" index="0" bw="8" slack="0"/>
<pin id="2060" dir="0" index="1" bw="7" slack="0"/>
<pin id="2061" dir="1" index="2" bw="9" slack="0"/>
</pin_list>
<bind>
<opcode="sub(10) " fcode="sub"/>
<opset="sub_ln58_371/2 "/>
</bind>
</comp>

<comp id="2064" class="1004" name="add_ln58_810_fu_2064">
<pin_list>
<pin id="2065" dir="0" index="0" bw="7" slack="0"/>
<pin id="2066" dir="0" index="1" bw="9" slack="0"/>
<pin id="2067" dir="1" index="2" bw="9" slack="0"/>
</pin_list>
<bind>
<opcode="add(8) " fcode="add"/>
<opset="add_ln58_810/2 "/>
</bind>
</comp>

<comp id="2070" class="1004" name="sext_ln58_317_fu_2070">
<pin_list>
<pin id="2071" dir="0" index="0" bw="9" slack="0"/>
<pin id="2072" dir="1" index="1" bw="10" slack="0"/>
</pin_list>
<bind>
<opcode="sext(35) " fcode="sext"/>
<opset="sext_ln58_317/2 "/>
</bind>
</comp>

<comp id="2074" class="1004" name="sub_ln58_372_fu_2074">
<pin_list>
<pin id="2075" dir="0" index="0" bw="7" slack="0"/>
<pin id="2076" dir="0" index="1" bw="7" slack="0"/>
<pin id="2077" dir="1" index="2" bw="8" slack="0"/>
</pin_list>
<bind>
<opcode="sub(10) " fcode="sub"/>
<opset="sub_ln58_372/2 "/>
</bind>
</comp>

<comp id="2080" class="1004" name="sext_ln58_971_fu_2080">
<pin_list>
<pin id="2081" dir="0" index="0" bw="8" slack="0"/>
<pin id="2082" dir="1" index="1" bw="10" slack="0"/>
</pin_list>
<bind>
<opcode="sext(35) " fcode="sext"/>
<opset="sext_ln58_971/2 "/>
</bind>
</comp>

<comp id="2084" class="1004" name="add_ln58_811_fu_2084">
<pin_list>
<pin id="2085" dir="0" index="0" bw="8" slack="0"/>
<pin id="2086" dir="0" index="1" bw="9" slack="0"/>
<pin id="2087" dir="1" index="2" bw="10" slack="0"/>
</pin_list>
<bind>
<opcode="add(8) " fcode="add"/>
<opset="add_ln58_811/2 "/>
</bind>
</comp>

<comp id="2090" class="1004" name="sext_ln58_972_fu_2090">
<pin_list>
<pin id="2091" dir="0" index="0" bw="7" slack="0"/>
<pin id="2092" dir="1" index="1" bw="8" slack="0"/>
</pin_list>
<bind>
<opcode="sext(35) " fcode="sext"/>
<opset="sext_ln58_972/2 "/>
</bind>
</comp>

<comp id="2094" class="1004" name="sub_ln58_332_fu_2094">
<pin_list>
<pin id="2095" dir="0" index="0" bw="7" slack="0"/>
<pin id="2096" dir="0" index="1" bw="6" slack="0"/>
<pin id="2097" dir="1" index="2" bw="8" slack="0"/>
</pin_list>
<bind>
<opcode="sub(10) " fcode="sub"/>
<opset="sub_ln58_332/2 "/>
</bind>
</comp>

<comp id="2100" class="1004" name="sub_ln58_333_fu_2100">
<pin_list>
<pin id="2101" dir="0" index="0" bw="6" slack="0"/>
<pin id="2102" dir="0" index="1" bw="6" slack="0"/>
<pin id="2103" dir="1" index="2" bw="7" slack="0"/>
</pin_list>
<bind>
<opcode="sub(10) " fcode="sub"/>
<opset="sub_ln58_333/2 "/>
</bind>
</comp>

<comp id="2106" class="1004" name="sext_ln58_973_fu_2106">
<pin_list>
<pin id="2107" dir="0" index="0" bw="7" slack="0"/>
<pin id="2108" dir="1" index="1" bw="8" slack="0"/>
</pin_list>
<bind>
<opcode="sext(35) " fcode="sext"/>
<opset="sext_ln58_973/2 "/>
</bind>
</comp>

<comp id="2110" class="1004" name="add_ln58_812_fu_2110">
<pin_list>
<pin id="2111" dir="0" index="0" bw="7" slack="0"/>
<pin id="2112" dir="0" index="1" bw="8" slack="0"/>
<pin id="2113" dir="1" index="2" bw="8" slack="0"/>
</pin_list>
<bind>
<opcode="add(8) " fcode="add"/>
<opset="add_ln58_812/2 "/>
</bind>
</comp>

<comp id="2116" class="1004" name="sext_ln58_974_fu_2116">
<pin_list>
<pin id="2117" dir="0" index="0" bw="8" slack="0"/>
<pin id="2118" dir="1" index="1" bw="10" slack="0"/>
</pin_list>
<bind>
<opcode="sext(35) " fcode="sext"/>
<opset="sext_ln58_974/2 "/>
</bind>
</comp>

<comp id="2120" class="1004" name="add_ln58_813_fu_2120">
<pin_list>
<pin id="2121" dir="0" index="0" bw="8" slack="0"/>
<pin id="2122" dir="0" index="1" bw="10" slack="0"/>
<pin id="2123" dir="1" index="2" bw="10" slack="1"/>
</pin_list>
<bind>
<opcode="add(8) " fcode="add"/>
<opset="add_ln58_813/2 "/>
</bind>
</comp>

<comp id="2126" class="1004" name="sext_ln58_1030_fu_2126">
<pin_list>
<pin id="2127" dir="0" index="0" bw="8" slack="0"/>
<pin id="2128" dir="1" index="1" bw="9" slack="0"/>
</pin_list>
<bind>
<opcode="sext(35) " fcode="sext"/>
<opset="sext_ln58_1030/2 "/>
</bind>
</comp>

<comp id="2130" class="1004" name="sub_ln58_373_fu_2130">
<pin_list>
<pin id="2131" dir="0" index="0" bw="8" slack="0"/>
<pin id="2132" dir="0" index="1" bw="7" slack="0"/>
<pin id="2133" dir="1" index="2" bw="9" slack="0"/>
</pin_list>
<bind>
<opcode="sub(10) " fcode="sub"/>
<opset="sub_ln58_373/2 "/>
</bind>
</comp>

<comp id="2136" class="1004" name="sub_ln58_337_fu_2136">
<pin_list>
<pin id="2137" dir="0" index="0" bw="6" slack="0"/>
<pin id="2138" dir="0" index="1" bw="6" slack="0"/>
<pin id="2139" dir="1" index="2" bw="7" slack="0"/>
</pin_list>
<bind>
<opcode="sub(10) " fcode="sub"/>
<opset="sub_ln58_337/2 "/>
</bind>
</comp>

<comp id="2142" class="1004" name="sext_ln58_985_fu_2142">
<pin_list>
<pin id="2143" dir="0" index="0" bw="7" slack="0"/>
<pin id="2144" dir="1" index="1" bw="9" slack="0"/>
</pin_list>
<bind>
<opcode="sext(35) " fcode="sext"/>
<opset="sext_ln58_985/2 "/>
</bind>
</comp>

<comp id="2146" class="1004" name="add_ln58_823_fu_2146">
<pin_list>
<pin id="2147" dir="0" index="0" bw="7" slack="0"/>
<pin id="2148" dir="0" index="1" bw="9" slack="0"/>
<pin id="2149" dir="1" index="2" bw="9" slack="0"/>
</pin_list>
<bind>
<opcode="add(8) " fcode="add"/>
<opset="add_ln58_823/2 "/>
</bind>
</comp>

<comp id="2152" class="1004" name="sext_ln58_320_fu_2152">
<pin_list>
<pin id="2153" dir="0" index="0" bw="9" slack="0"/>
<pin id="2154" dir="1" index="1" bw="10" slack="0"/>
</pin_list>
<bind>
<opcode="sext(35) " fcode="sext"/>
<opset="sext_ln58_320/2 "/>
</bind>
</comp>

<comp id="2156" class="1004" name="add_ln58_824_fu_2156">
<pin_list>
<pin id="2157" dir="0" index="0" bw="7" slack="0"/>
<pin id="2158" dir="0" index="1" bw="7" slack="0"/>
<pin id="2159" dir="1" index="2" bw="8" slack="0"/>
</pin_list>
<bind>
<opcode="add(8) " fcode="add"/>
<opset="add_ln58_824/2 "/>
</bind>
</comp>

<comp id="2162" class="1004" name="sext_ln58_986_fu_2162">
<pin_list>
<pin id="2163" dir="0" index="0" bw="8" slack="0"/>
<pin id="2164" dir="1" index="1" bw="10" slack="0"/>
</pin_list>
<bind>
<opcode="sext(35) " fcode="sext"/>
<opset="sext_ln58_986/2 "/>
</bind>
</comp>

<comp id="2166" class="1004" name="add_ln58_825_fu_2166">
<pin_list>
<pin id="2167" dir="0" index="0" bw="8" slack="0"/>
<pin id="2168" dir="0" index="1" bw="9" slack="0"/>
<pin id="2169" dir="1" index="2" bw="10" slack="0"/>
</pin_list>
<bind>
<opcode="add(8) " fcode="add"/>
<opset="add_ln58_825/2 "/>
</bind>
</comp>

<comp id="2172" class="1004" name="sub_ln58_338_fu_2172">
<pin_list>
<pin id="2173" dir="0" index="0" bw="6" slack="0"/>
<pin id="2174" dir="0" index="1" bw="6" slack="0"/>
<pin id="2175" dir="1" index="2" bw="7" slack="0"/>
</pin_list>
<bind>
<opcode="sub(10) " fcode="sub"/>
<opset="sub_ln58_338/2 "/>
</bind>
</comp>

<comp id="2178" class="1004" name="sext_ln58_987_fu_2178">
<pin_list>
<pin id="2179" dir="0" index="0" bw="7" slack="0"/>
<pin id="2180" dir="1" index="1" bw="8" slack="0"/>
</pin_list>
<bind>
<opcode="sext(35) " fcode="sext"/>
<opset="sext_ln58_987/2 "/>
</bind>
</comp>

<comp id="2182" class="1004" name="add_ln58_826_fu_2182">
<pin_list>
<pin id="2183" dir="0" index="0" bw="6" slack="0"/>
<pin id="2184" dir="0" index="1" bw="6" slack="0"/>
<pin id="2185" dir="1" index="2" bw="7" slack="0"/>
</pin_list>
<bind>
<opcode="add(8) " fcode="add"/>
<opset="add_ln58_826/2 "/>
</bind>
</comp>

<comp id="2188" class="1004" name="sext_ln58_988_fu_2188">
<pin_list>
<pin id="2189" dir="0" index="0" bw="7" slack="0"/>
<pin id="2190" dir="1" index="1" bw="8" slack="0"/>
</pin_list>
<bind>
<opcode="sext(35) " fcode="sext"/>
<opset="sext_ln58_988/2 "/>
</bind>
</comp>

<comp id="2192" class="1004" name="add_ln58_827_fu_2192">
<pin_list>
<pin id="2193" dir="0" index="0" bw="7" slack="0"/>
<pin id="2194" dir="0" index="1" bw="7" slack="0"/>
<pin id="2195" dir="1" index="2" bw="8" slack="0"/>
</pin_list>
<bind>
<opcode="add(8) " fcode="add"/>
<opset="add_ln58_827/2 "/>
</bind>
</comp>

<comp id="2198" class="1004" name="sext_ln58_989_fu_2198">
<pin_list>
<pin id="2199" dir="0" index="0" bw="8" slack="0"/>
<pin id="2200" dir="1" index="1" bw="10" slack="0"/>
</pin_list>
<bind>
<opcode="sext(35) " fcode="sext"/>
<opset="sext_ln58_989/2 "/>
</bind>
</comp>

<comp id="2202" class="1004" name="add_ln58_828_fu_2202">
<pin_list>
<pin id="2203" dir="0" index="0" bw="8" slack="0"/>
<pin id="2204" dir="0" index="1" bw="10" slack="0"/>
<pin id="2205" dir="1" index="2" bw="10" slack="1"/>
</pin_list>
<bind>
<opcode="add(8) " fcode="add"/>
<opset="add_ln58_828/2 "/>
</bind>
</comp>

<comp id="2208" class="1004" name="sub_ln58_343_fu_2208">
<pin_list>
<pin id="2209" dir="0" index="0" bw="7" slack="0"/>
<pin id="2210" dir="0" index="1" bw="6" slack="0"/>
<pin id="2211" dir="1" index="2" bw="8" slack="1"/>
</pin_list>
<bind>
<opcode="sub(10) " fcode="sub"/>
<opset="sub_ln58_343/2 "/>
</bind>
</comp>

<comp id="2214" class="1004" name="add_ln58_846_fu_2214">
<pin_list>
<pin id="2215" dir="0" index="0" bw="6" slack="0"/>
<pin id="2216" dir="0" index="1" bw="6" slack="0"/>
<pin id="2217" dir="1" index="2" bw="7" slack="0"/>
</pin_list>
<bind>
<opcode="add(8) " fcode="add"/>
<opset="add_ln58_846/2 "/>
</bind>
</comp>

<comp id="2220" class="1004" name="sext_ln58_1008_fu_2220">
<pin_list>
<pin id="2221" dir="0" index="0" bw="7" slack="0"/>
<pin id="2222" dir="1" index="1" bw="8" slack="0"/>
</pin_list>
<bind>
<opcode="sext(35) " fcode="sext"/>
<opset="sext_ln58_1008/2 "/>
</bind>
</comp>

<comp id="2224" class="1004" name="add_ln58_847_fu_2224">
<pin_list>
<pin id="2225" dir="0" index="0" bw="6" slack="0"/>
<pin id="2226" dir="0" index="1" bw="6" slack="0"/>
<pin id="2227" dir="1" index="2" bw="7" slack="0"/>
</pin_list>
<bind>
<opcode="add(8) " fcode="add"/>
<opset="add_ln58_847/2 "/>
</bind>
</comp>

<comp id="2230" class="1004" name="sext_ln58_1009_fu_2230">
<pin_list>
<pin id="2231" dir="0" index="0" bw="7" slack="0"/>
<pin id="2232" dir="1" index="1" bw="8" slack="0"/>
</pin_list>
<bind>
<opcode="sext(35) " fcode="sext"/>
<opset="sext_ln58_1009/2 "/>
</bind>
</comp>

<comp id="2234" class="1004" name="add_ln58_848_fu_2234">
<pin_list>
<pin id="2235" dir="0" index="0" bw="7" slack="0"/>
<pin id="2236" dir="0" index="1" bw="7" slack="0"/>
<pin id="2237" dir="1" index="2" bw="8" slack="1"/>
</pin_list>
<bind>
<opcode="add(8) " fcode="add"/>
<opset="add_ln58_848/2 "/>
</bind>
</comp>

<comp id="2240" class="1004" name="shl_ln73_3_fu_2240">
<pin_list>
<pin id="2241" dir="0" index="0" bw="7" slack="0"/>
<pin id="2242" dir="0" index="1" bw="6" slack="1"/>
<pin id="2243" dir="0" index="2" bw="1" slack="0"/>
<pin id="2244" dir="1" index="3" bw="7" slack="0"/>
</pin_list>
<bind>
<opcode="bitconcatenate(1004) " fcode="bitconcatenate"/>
<opset="shl_ln73_3/3 "/>
</bind>
</comp>

<comp id="2247" class="1004" name="sext_ln73_40_fu_2247">
<pin_list>
<pin id="2248" dir="0" index="0" bw="6" slack="1"/>
<pin id="2249" dir="1" index="1" bw="8" slack="0"/>
</pin_list>
<bind>
<opcode="sext(35) " fcode="sext"/>
<opset="sext_ln73_40/3 "/>
</bind>
</comp>

<comp id="2250" class="1004" name="tmp_300_fu_2250">
<pin_list>
<pin id="2251" dir="0" index="0" bw="7" slack="0"/>
<pin id="2252" dir="0" index="1" bw="6" slack="1"/>
<pin id="2253" dir="0" index="2" bw="1" slack="0"/>
<pin id="2254" dir="1" index="3" bw="7" slack="0"/>
</pin_list>
<bind>
<opcode="bitconcatenate(1004) " fcode="bitconcatenate"/>
<opset="tmp_300/3 "/>
</bind>
</comp>

<comp id="2257" class="1004" name="sext_ln73_70_fu_2257">
<pin_list>
<pin id="2258" dir="0" index="0" bw="7" slack="0"/>
<pin id="2259" dir="1" index="1" bw="8" slack="0"/>
</pin_list>
<bind>
<opcode="sext(35) " fcode="sext"/>
<opset="sext_ln73_70/3 "/>
</bind>
</comp>

<comp id="2261" class="1004" name="sub_ln73_64_fu_2261">
<pin_list>
<pin id="2262" dir="0" index="0" bw="1" slack="0"/>
<pin id="2263" dir="0" index="1" bw="6" slack="1"/>
<pin id="2264" dir="1" index="2" bw="7" slack="0"/>
</pin_list>
<bind>
<opcode="sub(10) " fcode="sub"/>
<opset="sub_ln73_64/3 "/>
</bind>
</comp>

<comp id="2266" class="1004" name="shl_ln73_5_fu_2266">
<pin_list>
<pin id="2267" dir="0" index="0" bw="7" slack="0"/>
<pin id="2268" dir="0" index="1" bw="6" slack="1"/>
<pin id="2269" dir="0" index="2" bw="1" slack="0"/>
<pin id="2270" dir="1" index="3" bw="7" slack="0"/>
</pin_list>
<bind>
<opcode="bitconcatenate(1004) " fcode="bitconcatenate"/>
<opset="shl_ln73_5/3 "/>
</bind>
</comp>

<comp id="2273" class="1004" name="sext_ln73_45_fu_2273">
<pin_list>
<pin id="2274" dir="0" index="0" bw="6" slack="1"/>
<pin id="2275" dir="1" index="1" bw="8" slack="0"/>
</pin_list>
<bind>
<opcode="sext(35) " fcode="sext"/>
<opset="sext_ln73_45/3 "/>
</bind>
</comp>

<comp id="2276" class="1004" name="mult_94_fu_2276">
<pin_list>
<pin id="2277" dir="0" index="0" bw="7" slack="0"/>
<pin id="2278" dir="0" index="1" bw="6" slack="1"/>
<pin id="2279" dir="0" index="2" bw="1" slack="0"/>
<pin id="2280" dir="1" index="3" bw="7" slack="0"/>
</pin_list>
<bind>
<opcode="bitconcatenate(1004) " fcode="bitconcatenate"/>
<opset="mult_94/3 "/>
</bind>
</comp>

<comp id="2283" class="1004" name="sext_ln73_71_fu_2283">
<pin_list>
<pin id="2284" dir="0" index="0" bw="7" slack="0"/>
<pin id="2285" dir="1" index="1" bw="8" slack="0"/>
</pin_list>
<bind>
<opcode="sext(35) " fcode="sext"/>
<opset="sext_ln73_71/3 "/>
</bind>
</comp>

<comp id="2287" class="1004" name="mult_95_fu_2287">
<pin_list>
<pin id="2288" dir="0" index="0" bw="7" slack="0"/>
<pin id="2289" dir="0" index="1" bw="6" slack="1"/>
<pin id="2290" dir="0" index="2" bw="1" slack="0"/>
<pin id="2291" dir="1" index="3" bw="7" slack="0"/>
</pin_list>
<bind>
<opcode="bitconcatenate(1004) " fcode="bitconcatenate"/>
<opset="mult_95/3 "/>
</bind>
</comp>

<comp id="2294" class="1004" name="sext_ln73_48_fu_2294">
<pin_list>
<pin id="2295" dir="0" index="0" bw="6" slack="1"/>
<pin id="2296" dir="1" index="1" bw="9" slack="0"/>
</pin_list>
<bind>
<opcode="sext(35) " fcode="sext"/>
<opset="sext_ln73_48/3 "/>
</bind>
</comp>

<comp id="2297" class="1004" name="sext_ln73_49_fu_2297">
<pin_list>
<pin id="2298" dir="0" index="0" bw="6" slack="1"/>
<pin id="2299" dir="1" index="1" bw="8" slack="0"/>
</pin_list>
<bind>
<opcode="sext(35) " fcode="sext"/>
<opset="sext_ln73_49/3 "/>
</bind>
</comp>

<comp id="2300" class="1004" name="mult_97_fu_2300">
<pin_list>
<pin id="2301" dir="0" index="0" bw="7" slack="0"/>
<pin id="2302" dir="0" index="1" bw="6" slack="1"/>
<pin id="2303" dir="0" index="2" bw="1" slack="0"/>
<pin id="2304" dir="1" index="3" bw="7" slack="0"/>
</pin_list>
<bind>
<opcode="bitconcatenate(1004) " fcode="bitconcatenate"/>
<opset="mult_97/3 "/>
</bind>
</comp>

<comp id="2307" class="1004" name="sext_ln73_72_fu_2307">
<pin_list>
<pin id="2308" dir="0" index="0" bw="7" slack="0"/>
<pin id="2309" dir="1" index="1" bw="8" slack="0"/>
</pin_list>
<bind>
<opcode="sext(35) " fcode="sext"/>
<opset="sext_ln73_72/3 "/>
</bind>
</comp>

<comp id="2311" class="1004" name="sub_ln73_80_fu_2311">
<pin_list>
<pin id="2312" dir="0" index="0" bw="1" slack="0"/>
<pin id="2313" dir="0" index="1" bw="7" slack="0"/>
<pin id="2314" dir="1" index="2" bw="8" slack="0"/>
</pin_list>
<bind>
<opcode="sub(10) " fcode="sub"/>
<opset="sub_ln73_80/3 "/>
</bind>
</comp>

<comp id="2317" class="1004" name="tmp_303_fu_2317">
<pin_list>
<pin id="2318" dir="0" index="0" bw="8" slack="0"/>
<pin id="2319" dir="0" index="1" bw="6" slack="1"/>
<pin id="2320" dir="0" index="2" bw="1" slack="0"/>
<pin id="2321" dir="1" index="3" bw="8" slack="0"/>
</pin_list>
<bind>
<opcode="bitconcatenate(1004) " fcode="bitconcatenate"/>
<opset="tmp_303/3 "/>
</bind>
</comp>

<comp id="2324" class="1004" name="sext_ln73_73_fu_2324">
<pin_list>
<pin id="2325" dir="0" index="0" bw="8" slack="0"/>
<pin id="2326" dir="1" index="1" bw="9" slack="0"/>
</pin_list>
<bind>
<opcode="sext(35) " fcode="sext"/>
<opset="sext_ln73_73/3 "/>
</bind>
</comp>

<comp id="2328" class="1004" name="mult_96_fu_2328">
<pin_list>
<pin id="2329" dir="0" index="0" bw="8" slack="0"/>
<pin id="2330" dir="0" index="1" bw="6" slack="0"/>
<pin id="2331" dir="1" index="2" bw="9" slack="0"/>
</pin_list>
<bind>
<opcode="sub(10) " fcode="sub"/>
<opset="mult_96/3 "/>
</bind>
</comp>

<comp id="2334" class="1004" name="sext_ln17_174_fu_2334">
<pin_list>
<pin id="2335" dir="0" index="0" bw="9" slack="0"/>
<pin id="2336" dir="1" index="1" bw="11" slack="0"/>
</pin_list>
<bind>
<opcode="sext(35) " fcode="sext"/>
<opset="sext_ln17_174/3 "/>
</bind>
</comp>

<comp id="2338" class="1004" name="sext_ln73_51_fu_2338">
<pin_list>
<pin id="2339" dir="0" index="0" bw="6" slack="1"/>
<pin id="2340" dir="1" index="1" bw="8" slack="0"/>
</pin_list>
<bind>
<opcode="sext(35) " fcode="sext"/>
<opset="sext_ln73_51/3 "/>
</bind>
</comp>

<comp id="2341" class="1004" name="tmp_304_fu_2341">
<pin_list>
<pin id="2342" dir="0" index="0" bw="7" slack="0"/>
<pin id="2343" dir="0" index="1" bw="6" slack="1"/>
<pin id="2344" dir="0" index="2" bw="1" slack="0"/>
<pin id="2345" dir="1" index="3" bw="7" slack="0"/>
</pin_list>
<bind>
<opcode="bitconcatenate(1004) " fcode="bitconcatenate"/>
<opset="tmp_304/3 "/>
</bind>
</comp>

<comp id="2348" class="1004" name="sext_ln73_74_fu_2348">
<pin_list>
<pin id="2349" dir="0" index="0" bw="7" slack="0"/>
<pin id="2350" dir="1" index="1" bw="8" slack="0"/>
</pin_list>
<bind>
<opcode="sext(35) " fcode="sext"/>
<opset="sext_ln73_74/3 "/>
</bind>
</comp>

<comp id="2352" class="1004" name="sub_ln73_82_fu_2352">
<pin_list>
<pin id="2353" dir="0" index="0" bw="1" slack="0"/>
<pin id="2354" dir="0" index="1" bw="7" slack="0"/>
<pin id="2355" dir="1" index="2" bw="8" slack="0"/>
</pin_list>
<bind>
<opcode="sub(10) " fcode="sub"/>
<opset="sub_ln73_82/3 "/>
</bind>
</comp>

<comp id="2358" class="1004" name="sub_ln73_67_fu_2358">
<pin_list>
<pin id="2359" dir="0" index="0" bw="1" slack="0"/>
<pin id="2360" dir="0" index="1" bw="6" slack="1"/>
<pin id="2361" dir="1" index="2" bw="7" slack="0"/>
</pin_list>
<bind>
<opcode="sub(10) " fcode="sub"/>
<opset="sub_ln73_67/3 "/>
</bind>
</comp>

<comp id="2363" class="1004" name="sext_ln73_52_fu_2363">
<pin_list>
<pin id="2364" dir="0" index="0" bw="6" slack="1"/>
<pin id="2365" dir="1" index="1" bw="8" slack="0"/>
</pin_list>
<bind>
<opcode="sext(35) " fcode="sext"/>
<opset="sext_ln73_52/3 "/>
</bind>
</comp>

<comp id="2366" class="1004" name="sext_ln73_53_fu_2366">
<pin_list>
<pin id="2367" dir="0" index="0" bw="6" slack="1"/>
<pin id="2368" dir="1" index="1" bw="7" slack="0"/>
</pin_list>
<bind>
<opcode="sext(35) " fcode="sext"/>
<opset="sext_ln73_53/3 "/>
</bind>
</comp>

<comp id="2369" class="1004" name="sub_ln73_68_fu_2369">
<pin_list>
<pin id="2370" dir="0" index="0" bw="1" slack="0"/>
<pin id="2371" dir="0" index="1" bw="6" slack="0"/>
<pin id="2372" dir="1" index="2" bw="7" slack="0"/>
</pin_list>
<bind>
<opcode="sub(10) " fcode="sub"/>
<opset="sub_ln73_68/3 "/>
</bind>
</comp>

<comp id="2375" class="1004" name="sext_ln73_55_fu_2375">
<pin_list>
<pin id="2376" dir="0" index="0" bw="6" slack="1"/>
<pin id="2377" dir="1" index="1" bw="8" slack="0"/>
</pin_list>
<bind>
<opcode="sext(35) " fcode="sext"/>
<opset="sext_ln73_55/3 "/>
</bind>
</comp>

<comp id="2378" class="1004" name="mult_98_fu_2378">
<pin_list>
<pin id="2379" dir="0" index="0" bw="7" slack="0"/>
<pin id="2380" dir="0" index="1" bw="6" slack="1"/>
<pin id="2381" dir="0" index="2" bw="1" slack="0"/>
<pin id="2382" dir="1" index="3" bw="7" slack="0"/>
</pin_list>
<bind>
<opcode="bitconcatenate(1004) " fcode="bitconcatenate"/>
<opset="mult_98/3 "/>
</bind>
</comp>

<comp id="2385" class="1004" name="sext_ln73_75_fu_2385">
<pin_list>
<pin id="2386" dir="0" index="0" bw="7" slack="0"/>
<pin id="2387" dir="1" index="1" bw="8" slack="0"/>
</pin_list>
<bind>
<opcode="sext(35) " fcode="sext"/>
<opset="sext_ln73_75/3 "/>
</bind>
</comp>

<comp id="2389" class="1004" name="sub_ln73_69_fu_2389">
<pin_list>
<pin id="2390" dir="0" index="0" bw="1" slack="0"/>
<pin id="2391" dir="0" index="1" bw="6" slack="1"/>
<pin id="2392" dir="1" index="2" bw="7" slack="0"/>
</pin_list>
<bind>
<opcode="sub(10) " fcode="sub"/>
<opset="sub_ln73_69/3 "/>
</bind>
</comp>

<comp id="2394" class="1004" name="sext_ln73_56_fu_2394">
<pin_list>
<pin id="2395" dir="0" index="0" bw="6" slack="1"/>
<pin id="2396" dir="1" index="1" bw="7" slack="0"/>
</pin_list>
<bind>
<opcode="sext(35) " fcode="sext"/>
<opset="sext_ln73_56/3 "/>
</bind>
</comp>

<comp id="2397" class="1004" name="sub_ln73_70_fu_2397">
<pin_list>
<pin id="2398" dir="0" index="0" bw="1" slack="0"/>
<pin id="2399" dir="0" index="1" bw="6" slack="0"/>
<pin id="2400" dir="1" index="2" bw="7" slack="0"/>
</pin_list>
<bind>
<opcode="sub(10) " fcode="sub"/>
<opset="sub_ln73_70/3 "/>
</bind>
</comp>

<comp id="2403" class="1004" name="shl_ln73_6_fu_2403">
<pin_list>
<pin id="2404" dir="0" index="0" bw="7" slack="0"/>
<pin id="2405" dir="0" index="1" bw="6" slack="1"/>
<pin id="2406" dir="0" index="2" bw="1" slack="0"/>
<pin id="2407" dir="1" index="3" bw="7" slack="0"/>
</pin_list>
<bind>
<opcode="bitconcatenate(1004) " fcode="bitconcatenate"/>
<opset="shl_ln73_6/3 "/>
</bind>
</comp>

<comp id="2410" class="1004" name="sext_ln73_57_fu_2410">
<pin_list>
<pin id="2411" dir="0" index="0" bw="6" slack="0"/>
<pin id="2412" dir="1" index="1" bw="8" slack="0"/>
</pin_list>
<bind>
<opcode="sext(35) " fcode="sext"/>
<opset="sext_ln73_57/3 "/>
</bind>
</comp>

<comp id="2414" class="1004" name="sext_ln73_58_fu_2414">
<pin_list>
<pin id="2415" dir="0" index="0" bw="6" slack="0"/>
<pin id="2416" dir="1" index="1" bw="7" slack="0"/>
</pin_list>
<bind>
<opcode="sext(35) " fcode="sext"/>
<opset="sext_ln73_58/3 "/>
</bind>
</comp>

<comp id="2418" class="1004" name="sub_ln73_71_fu_2418">
<pin_list>
<pin id="2419" dir="0" index="0" bw="1" slack="0"/>
<pin id="2420" dir="0" index="1" bw="6" slack="0"/>
<pin id="2421" dir="1" index="2" bw="7" slack="0"/>
</pin_list>
<bind>
<opcode="sub(10) " fcode="sub"/>
<opset="sub_ln73_71/3 "/>
</bind>
</comp>

<comp id="2424" class="1004" name="shl_ln73_7_fu_2424">
<pin_list>
<pin id="2425" dir="0" index="0" bw="7" slack="0"/>
<pin id="2426" dir="0" index="1" bw="6" slack="0"/>
<pin id="2427" dir="0" index="2" bw="1" slack="0"/>
<pin id="2428" dir="1" index="3" bw="7" slack="0"/>
</pin_list>
<bind>
<opcode="bitconcatenate(1004) " fcode="bitconcatenate"/>
<opset="shl_ln73_7/3 "/>
</bind>
</comp>

<comp id="2432" class="1004" name="sext_ln73_59_fu_2432">
<pin_list>
<pin id="2433" dir="0" index="0" bw="6" slack="0"/>
<pin id="2434" dir="1" index="1" bw="8" slack="0"/>
</pin_list>
<bind>
<opcode="sext(35) " fcode="sext"/>
<opset="sext_ln73_59/3 "/>
</bind>
</comp>

<comp id="2436" class="1004" name="sext_ln73_60_fu_2436">
<pin_list>
<pin id="2437" dir="0" index="0" bw="6" slack="0"/>
<pin id="2438" dir="1" index="1" bw="9" slack="0"/>
</pin_list>
<bind>
<opcode="sext(35) " fcode="sext"/>
<opset="sext_ln73_60/3 "/>
</bind>
</comp>

<comp id="2440" class="1004" name="sext_ln73_61_fu_2440">
<pin_list>
<pin id="2441" dir="0" index="0" bw="6" slack="0"/>
<pin id="2442" dir="1" index="1" bw="7" slack="0"/>
</pin_list>
<bind>
<opcode="sext(35) " fcode="sext"/>
<opset="sext_ln73_61/3 "/>
</bind>
</comp>

<comp id="2444" class="1004" name="shl_ln73_8_fu_2444">
<pin_list>
<pin id="2445" dir="0" index="0" bw="7" slack="0"/>
<pin id="2446" dir="0" index="1" bw="6" slack="0"/>
<pin id="2447" dir="0" index="2" bw="1" slack="0"/>
<pin id="2448" dir="1" index="3" bw="7" slack="0"/>
</pin_list>
<bind>
<opcode="bitconcatenate(1004) " fcode="bitconcatenate"/>
<opset="shl_ln73_8/3 "/>
</bind>
</comp>

<comp id="2452" class="1004" name="tmp_306_fu_2452">
<pin_list>
<pin id="2453" dir="0" index="0" bw="8" slack="0"/>
<pin id="2454" dir="0" index="1" bw="6" slack="0"/>
<pin id="2455" dir="0" index="2" bw="1" slack="0"/>
<pin id="2456" dir="1" index="3" bw="8" slack="0"/>
</pin_list>
<bind>
<opcode="bitconcatenate(1004) " fcode="bitconcatenate"/>
<opset="tmp_306/3 "/>
</bind>
</comp>

<comp id="2460" class="1004" name="sext_ln73_76_fu_2460">
<pin_list>
<pin id="2461" dir="0" index="0" bw="8" slack="0"/>
<pin id="2462" dir="1" index="1" bw="9" slack="0"/>
</pin_list>
<bind>
<opcode="sext(35) " fcode="sext"/>
<opset="sext_ln73_76/3 "/>
</bind>
</comp>

<comp id="2464" class="1004" name="mult_99_fu_2464">
<pin_list>
<pin id="2465" dir="0" index="0" bw="6" slack="0"/>
<pin id="2466" dir="0" index="1" bw="8" slack="0"/>
<pin id="2467" dir="1" index="2" bw="9" slack="0"/>
</pin_list>
<bind>
<opcode="sub(10) " fcode="sub"/>
<opset="mult_99/3 "/>
</bind>
</comp>

<comp id="2470" class="1004" name="sext_ln17_175_fu_2470">
<pin_list>
<pin id="2471" dir="0" index="0" bw="9" slack="0"/>
<pin id="2472" dir="1" index="1" bw="11" slack="0"/>
</pin_list>
<bind>
<opcode="sext(35) " fcode="sext"/>
<opset="sext_ln17_175/3 "/>
</bind>
</comp>

<comp id="2474" class="1004" name="sext_ln73_77_fu_2474">
<pin_list>
<pin id="2475" dir="0" index="0" bw="7" slack="0"/>
<pin id="2476" dir="1" index="1" bw="8" slack="0"/>
</pin_list>
<bind>
<opcode="sext(35) " fcode="sext"/>
<opset="sext_ln73_77/3 "/>
</bind>
</comp>

<comp id="2478" class="1004" name="sub_ln73_84_fu_2478">
<pin_list>
<pin id="2479" dir="0" index="0" bw="1" slack="0"/>
<pin id="2480" dir="0" index="1" bw="7" slack="0"/>
<pin id="2481" dir="1" index="2" bw="8" slack="0"/>
</pin_list>
<bind>
<opcode="sub(10) " fcode="sub"/>
<opset="sub_ln73_84/3 "/>
</bind>
</comp>

<comp id="2484" class="1004" name="sub_ln73_72_fu_2484">
<pin_list>
<pin id="2485" dir="0" index="0" bw="1" slack="0"/>
<pin id="2486" dir="0" index="1" bw="6" slack="0"/>
<pin id="2487" dir="1" index="2" bw="7" slack="0"/>
</pin_list>
<bind>
<opcode="sub(10) " fcode="sub"/>
<opset="sub_ln73_72/3 "/>
</bind>
</comp>

<comp id="2490" class="1004" name="mult_100_fu_2490">
<pin_list>
<pin id="2491" dir="0" index="0" bw="8" slack="0"/>
<pin id="2492" dir="0" index="1" bw="6" slack="0"/>
<pin id="2493" dir="1" index="2" bw="9" slack="0"/>
</pin_list>
<bind>
<opcode="sub(10) " fcode="sub"/>
<opset="mult_100/3 "/>
</bind>
</comp>

<comp id="2496" class="1004" name="sext_ln73_62_fu_2496">
<pin_list>
<pin id="2497" dir="0" index="0" bw="6" slack="0"/>
<pin id="2498" dir="1" index="1" bw="7" slack="0"/>
</pin_list>
<bind>
<opcode="sext(35) " fcode="sext"/>
<opset="sext_ln73_62/3 "/>
</bind>
</comp>

<comp id="2500" class="1004" name="shl_ln73_4_fu_2500">
<pin_list>
<pin id="2501" dir="0" index="0" bw="7" slack="0"/>
<pin id="2502" dir="0" index="1" bw="6" slack="0"/>
<pin id="2503" dir="0" index="2" bw="1" slack="0"/>
<pin id="2504" dir="1" index="3" bw="7" slack="0"/>
</pin_list>
<bind>
<opcode="bitconcatenate(1004) " fcode="bitconcatenate"/>
<opset="shl_ln73_4/3 "/>
</bind>
</comp>

<comp id="2508" class="1004" name="mult_101_fu_2508">
<pin_list>
<pin id="2509" dir="0" index="0" bw="1" slack="0"/>
<pin id="2510" dir="0" index="1" bw="6" slack="0"/>
<pin id="2511" dir="1" index="2" bw="7" slack="0"/>
</pin_list>
<bind>
<opcode="sub(10) " fcode="sub"/>
<opset="mult_101/3 "/>
</bind>
</comp>

<comp id="2514" class="1004" name="sext_ln73_63_fu_2514">
<pin_list>
<pin id="2515" dir="0" index="0" bw="6" slack="0"/>
<pin id="2516" dir="1" index="1" bw="8" slack="0"/>
</pin_list>
<bind>
<opcode="sext(35) " fcode="sext"/>
<opset="sext_ln73_63/3 "/>
</bind>
</comp>

<comp id="2518" class="1004" name="sext_ln73_64_fu_2518">
<pin_list>
<pin id="2519" dir="0" index="0" bw="6" slack="0"/>
<pin id="2520" dir="1" index="1" bw="7" slack="0"/>
</pin_list>
<bind>
<opcode="sext(35) " fcode="sext"/>
<opset="sext_ln73_64/3 "/>
</bind>
</comp>

<comp id="2522" class="1004" name="sext_ln17_176_fu_2522">
<pin_list>
<pin id="2523" dir="0" index="0" bw="6" slack="0"/>
<pin id="2524" dir="1" index="1" bw="12" slack="0"/>
</pin_list>
<bind>
<opcode="sext(35) " fcode="sext"/>
<opset="sext_ln17_176/3 "/>
</bind>
</comp>

<comp id="2526" class="1004" name="mult_103_fu_2526">
<pin_list>
<pin id="2527" dir="0" index="0" bw="7" slack="0"/>
<pin id="2528" dir="0" index="1" bw="6" slack="0"/>
<pin id="2529" dir="0" index="2" bw="1" slack="0"/>
<pin id="2530" dir="1" index="3" bw="7" slack="0"/>
</pin_list>
<bind>
<opcode="bitconcatenate(1004) " fcode="bitconcatenate"/>
<opset="mult_103/3 "/>
</bind>
</comp>

<comp id="2534" class="1004" name="sext_ln73_78_fu_2534">
<pin_list>
<pin id="2535" dir="0" index="0" bw="7" slack="0"/>
<pin id="2536" dir="1" index="1" bw="8" slack="0"/>
</pin_list>
<bind>
<opcode="sext(35) " fcode="sext"/>
<opset="sext_ln73_78/3 "/>
</bind>
</comp>

<comp id="2538" class="1004" name="mult_102_fu_2538">
<pin_list>
<pin id="2539" dir="0" index="0" bw="1" slack="0"/>
<pin id="2540" dir="0" index="1" bw="7" slack="0"/>
<pin id="2541" dir="1" index="2" bw="8" slack="0"/>
</pin_list>
<bind>
<opcode="sub(10) " fcode="sub"/>
<opset="mult_102/3 "/>
</bind>
</comp>

<comp id="2544" class="1004" name="sext_ln17_177_fu_2544">
<pin_list>
<pin id="2545" dir="0" index="0" bw="8" slack="0"/>
<pin id="2546" dir="1" index="1" bw="9" slack="0"/>
</pin_list>
<bind>
<opcode="sext(35) " fcode="sext"/>
<opset="sext_ln17_177/3 "/>
</bind>
</comp>

<comp id="2548" class="1004" name="sext_ln58_207_fu_2548">
<pin_list>
<pin id="2549" dir="0" index="0" bw="10" slack="1"/>
<pin id="2550" dir="1" index="1" bw="11" slack="0"/>
</pin_list>
<bind>
<opcode="sext(35) " fcode="sext"/>
<opset="sext_ln58_207/3 "/>
</bind>
</comp>

<comp id="2551" class="1004" name="sext_ln58_211_fu_2551">
<pin_list>
<pin id="2552" dir="0" index="0" bw="9" slack="1"/>
<pin id="2553" dir="1" index="1" bw="10" slack="0"/>
</pin_list>
<bind>
<opcode="sext(35) " fcode="sext"/>
<opset="sext_ln58_211/3 "/>
</bind>
</comp>

<comp id="2554" class="1004" name="sext_ln58_824_fu_2554">
<pin_list>
<pin id="2555" dir="0" index="0" bw="7" slack="0"/>
<pin id="2556" dir="1" index="1" bw="8" slack="0"/>
</pin_list>
<bind>
<opcode="sext(35) " fcode="sext"/>
<opset="sext_ln58_824/3 "/>
</bind>
</comp>

<comp id="2558" class="1004" name="sext_ln58_825_fu_2558">
<pin_list>
<pin id="2559" dir="0" index="0" bw="7" slack="0"/>
<pin id="2560" dir="1" index="1" bw="9" slack="0"/>
</pin_list>
<bind>
<opcode="sext(35) " fcode="sext"/>
<opset="sext_ln58_825/3 "/>
</bind>
</comp>

<comp id="2562" class="1004" name="sext_ln58_826_fu_2562">
<pin_list>
<pin id="2563" dir="0" index="0" bw="7" slack="0"/>
<pin id="2564" dir="1" index="1" bw="9" slack="0"/>
</pin_list>
<bind>
<opcode="sext(35) " fcode="sext"/>
<opset="sext_ln58_826/3 "/>
</bind>
</comp>

<comp id="2566" class="1004" name="sext_ln58_234_fu_2566">
<pin_list>
<pin id="2567" dir="0" index="0" bw="6" slack="1"/>
<pin id="2568" dir="1" index="1" bw="11" slack="0"/>
</pin_list>
<bind>
<opcode="sext(35) " fcode="sext"/>
<opset="sext_ln58_234/3 "/>
</bind>
</comp>

<comp id="2569" class="1004" name="sext_ln58_827_fu_2569">
<pin_list>
<pin id="2570" dir="0" index="0" bw="7" slack="0"/>
<pin id="2571" dir="1" index="1" bw="8" slack="0"/>
</pin_list>
<bind>
<opcode="sext(35) " fcode="sext"/>
<opset="sext_ln58_827/3 "/>
</bind>
</comp>

<comp id="2573" class="1004" name="sext_ln58_239_fu_2573">
<pin_list>
<pin id="2574" dir="0" index="0" bw="6" slack="1"/>
<pin id="2575" dir="1" index="1" bw="11" slack="0"/>
</pin_list>
<bind>
<opcode="sext(35) " fcode="sext"/>
<opset="sext_ln58_239/3 "/>
</bind>
</comp>

<comp id="2576" class="1004" name="sext_ln58_828_fu_2576">
<pin_list>
<pin id="2577" dir="0" index="0" bw="6" slack="1"/>
<pin id="2578" dir="1" index="1" bw="8" slack="0"/>
</pin_list>
<bind>
<opcode="sext(35) " fcode="sext"/>
<opset="sext_ln58_828/3 "/>
</bind>
</comp>

<comp id="2579" class="1004" name="sext_ln58_829_fu_2579">
<pin_list>
<pin id="2580" dir="0" index="0" bw="7" slack="1"/>
<pin id="2581" dir="1" index="1" bw="8" slack="0"/>
</pin_list>
<bind>
<opcode="sext(35) " fcode="sext"/>
<opset="sext_ln58_829/3 "/>
</bind>
</comp>

<comp id="2582" class="1004" name="sub_ln58_299_fu_2582">
<pin_list>
<pin id="2583" dir="0" index="0" bw="7" slack="0"/>
<pin id="2584" dir="0" index="1" bw="6" slack="0"/>
<pin id="2585" dir="1" index="2" bw="8" slack="0"/>
</pin_list>
<bind>
<opcode="sub(10) " fcode="sub"/>
<opset="sub_ln58_299/3 "/>
</bind>
</comp>

<comp id="2588" class="1004" name="sext_ln58_830_fu_2588">
<pin_list>
<pin id="2589" dir="0" index="0" bw="8" slack="0"/>
<pin id="2590" dir="1" index="1" bw="10" slack="0"/>
</pin_list>
<bind>
<opcode="sext(35) " fcode="sext"/>
<opset="sext_ln58_830/3 "/>
</bind>
</comp>

<comp id="2592" class="1004" name="add_ln58_688_fu_2592">
<pin_list>
<pin id="2593" dir="0" index="0" bw="8" slack="0"/>
<pin id="2594" dir="0" index="1" bw="10" slack="1"/>
<pin id="2595" dir="1" index="2" bw="10" slack="0"/>
</pin_list>
<bind>
<opcode="add(8) " fcode="add"/>
<opset="add_ln58_688/3 "/>
</bind>
</comp>

<comp id="2597" class="1004" name="sext_ln58_833_fu_2597">
<pin_list>
<pin id="2598" dir="0" index="0" bw="8" slack="1"/>
<pin id="2599" dir="1" index="1" bw="10" slack="0"/>
</pin_list>
<bind>
<opcode="sext(35) " fcode="sext"/>
<opset="sext_ln58_833/3 "/>
</bind>
</comp>

<comp id="2600" class="1004" name="add_ln58_691_fu_2600">
<pin_list>
<pin id="2601" dir="0" index="0" bw="8" slack="0"/>
<pin id="2602" dir="0" index="1" bw="10" slack="0"/>
<pin id="2603" dir="1" index="2" bw="10" slack="0"/>
</pin_list>
<bind>
<opcode="add(8) " fcode="add"/>
<opset="add_ln58_691/3 "/>
</bind>
</comp>

<comp id="2606" class="1004" name="sext_ln58_246_fu_2606">
<pin_list>
<pin id="2607" dir="0" index="0" bw="10" slack="0"/>
<pin id="2608" dir="1" index="1" bw="11" slack="0"/>
</pin_list>
<bind>
<opcode="sext(35) " fcode="sext"/>
<opset="sext_ln58_246/3 "/>
</bind>
</comp>

<comp id="2610" class="1004" name="sext_ln58_256_fu_2610">
<pin_list>
<pin id="2611" dir="0" index="0" bw="6" slack="1"/>
<pin id="2612" dir="1" index="1" bw="11" slack="0"/>
</pin_list>
<bind>
<opcode="sext(35) " fcode="sext"/>
<opset="sext_ln58_256/3 "/>
</bind>
</comp>

<comp id="2613" class="1004" name="sext_ln58_835_fu_2613">
<pin_list>
<pin id="2614" dir="0" index="0" bw="6" slack="1"/>
<pin id="2615" dir="1" index="1" bw="8" slack="0"/>
</pin_list>
<bind>
<opcode="sext(35) " fcode="sext"/>
<opset="sext_ln58_835/3 "/>
</bind>
</comp>

<comp id="2616" class="1004" name="sext_ln58_258_fu_2616">
<pin_list>
<pin id="2617" dir="0" index="0" bw="10" slack="1"/>
<pin id="2618" dir="1" index="1" bw="11" slack="0"/>
</pin_list>
<bind>
<opcode="sext(35) " fcode="sext"/>
<opset="sext_ln58_258/3 "/>
</bind>
</comp>

<comp id="2619" class="1004" name="sext_ln58_840_fu_2619">
<pin_list>
<pin id="2620" dir="0" index="0" bw="7" slack="0"/>
<pin id="2621" dir="1" index="1" bw="9" slack="0"/>
</pin_list>
<bind>
<opcode="sext(35) " fcode="sext"/>
<opset="sext_ln58_840/3 "/>
</bind>
</comp>

<comp id="2623" class="1004" name="sext_ln58_841_fu_2623">
<pin_list>
<pin id="2624" dir="0" index="0" bw="7" slack="0"/>
<pin id="2625" dir="1" index="1" bw="8" slack="0"/>
</pin_list>
<bind>
<opcode="sext(35) " fcode="sext"/>
<opset="sext_ln58_841/3 "/>
</bind>
</comp>

<comp id="2627" class="1004" name="sext_ln58_846_fu_2627">
<pin_list>
<pin id="2628" dir="0" index="0" bw="7" slack="0"/>
<pin id="2629" dir="1" index="1" bw="8" slack="0"/>
</pin_list>
<bind>
<opcode="sext(35) " fcode="sext"/>
<opset="sext_ln58_846/3 "/>
</bind>
</comp>

<comp id="2631" class="1004" name="sext_ln58_847_fu_2631">
<pin_list>
<pin id="2632" dir="0" index="0" bw="7" slack="0"/>
<pin id="2633" dir="1" index="1" bw="8" slack="0"/>
</pin_list>
<bind>
<opcode="sext(35) " fcode="sext"/>
<opset="sext_ln58_847/3 "/>
</bind>
</comp>

<comp id="2635" class="1004" name="sext_ln58_848_fu_2635">
<pin_list>
<pin id="2636" dir="0" index="0" bw="7" slack="0"/>
<pin id="2637" dir="1" index="1" bw="8" slack="0"/>
</pin_list>
<bind>
<opcode="sext(35) " fcode="sext"/>
<opset="sext_ln58_848/3 "/>
</bind>
</comp>

<comp id="2639" class="1004" name="sext_ln58_849_fu_2639">
<pin_list>
<pin id="2640" dir="0" index="0" bw="7" slack="0"/>
<pin id="2641" dir="1" index="1" bw="9" slack="0"/>
</pin_list>
<bind>
<opcode="sext(35) " fcode="sext"/>
<opset="sext_ln58_849/3 "/>
</bind>
</comp>

<comp id="2643" class="1004" name="sext_ln58_850_fu_2643">
<pin_list>
<pin id="2644" dir="0" index="0" bw="6" slack="0"/>
<pin id="2645" dir="1" index="1" bw="8" slack="0"/>
</pin_list>
<bind>
<opcode="sext(35) " fcode="sext"/>
<opset="sext_ln58_850/3 "/>
</bind>
</comp>

<comp id="2647" class="1004" name="sext_ln58_851_fu_2647">
<pin_list>
<pin id="2648" dir="0" index="0" bw="6" slack="0"/>
<pin id="2649" dir="1" index="1" bw="7" slack="0"/>
</pin_list>
<bind>
<opcode="sext(35) " fcode="sext"/>
<opset="sext_ln58_851/3 "/>
</bind>
</comp>

<comp id="2651" class="1004" name="sext_ln58_860_fu_2651">
<pin_list>
<pin id="2652" dir="0" index="0" bw="7" slack="0"/>
<pin id="2653" dir="1" index="1" bw="11" slack="0"/>
</pin_list>
<bind>
<opcode="sext(35) " fcode="sext"/>
<opset="sext_ln58_860/3 "/>
</bind>
</comp>

<comp id="2655" class="1004" name="sext_ln58_861_fu_2655">
<pin_list>
<pin id="2656" dir="0" index="0" bw="10" slack="1"/>
<pin id="2657" dir="1" index="1" bw="11" slack="0"/>
</pin_list>
<bind>
<opcode="sext(35) " fcode="sext"/>
<opset="sext_ln58_861/3 "/>
</bind>
</comp>

<comp id="2658" class="1004" name="sub_ln58_355_fu_2658">
<pin_list>
<pin id="2659" dir="0" index="0" bw="10" slack="0"/>
<pin id="2660" dir="0" index="1" bw="7" slack="0"/>
<pin id="2661" dir="1" index="2" bw="11" slack="0"/>
</pin_list>
<bind>
<opcode="sub(10) " fcode="sub"/>
<opset="sub_ln58_355/3 "/>
</bind>
</comp>

<comp id="2664" class="1004" name="sub_ln58_308_fu_2664">
<pin_list>
<pin id="2665" dir="0" index="0" bw="7" slack="0"/>
<pin id="2666" dir="0" index="1" bw="6" slack="0"/>
<pin id="2667" dir="1" index="2" bw="8" slack="0"/>
</pin_list>
<bind>
<opcode="sub(10) " fcode="sub"/>
<opset="sub_ln58_308/3 "/>
</bind>
</comp>

<comp id="2670" class="1004" name="sext_ln58_862_fu_2670">
<pin_list>
<pin id="2671" dir="0" index="0" bw="8" slack="0"/>
<pin id="2672" dir="1" index="1" bw="9" slack="0"/>
</pin_list>
<bind>
<opcode="sext(35) " fcode="sext"/>
<opset="sext_ln58_862/3 "/>
</bind>
</comp>

<comp id="2674" class="1004" name="add_ln58_705_fu_2674">
<pin_list>
<pin id="2675" dir="0" index="0" bw="8" slack="0"/>
<pin id="2676" dir="0" index="1" bw="7" slack="0"/>
<pin id="2677" dir="1" index="2" bw="9" slack="0"/>
</pin_list>
<bind>
<opcode="add(8) " fcode="add"/>
<opset="add_ln58_705/3 "/>
</bind>
</comp>

<comp id="2680" class="1004" name="sext_ln58_863_fu_2680">
<pin_list>
<pin id="2681" dir="0" index="0" bw="9" slack="0"/>
<pin id="2682" dir="1" index="1" bw="11" slack="0"/>
</pin_list>
<bind>
<opcode="sext(35) " fcode="sext"/>
<opset="sext_ln58_863/3 "/>
</bind>
</comp>

<comp id="2684" class="1004" name="add_ln58_706_fu_2684">
<pin_list>
<pin id="2685" dir="0" index="0" bw="9" slack="0"/>
<pin id="2686" dir="0" index="1" bw="11" slack="0"/>
<pin id="2687" dir="1" index="2" bw="11" slack="0"/>
</pin_list>
<bind>
<opcode="add(8) " fcode="add"/>
<opset="add_ln58_706/3 "/>
</bind>
</comp>

<comp id="2690" class="1004" name="add_ln58_707_fu_2690">
<pin_list>
<pin id="2691" dir="0" index="0" bw="6" slack="1"/>
<pin id="2692" dir="0" index="1" bw="6" slack="1"/>
<pin id="2693" dir="1" index="2" bw="7" slack="0"/>
</pin_list>
<bind>
<opcode="add(8) " fcode="add"/>
<opset="add_ln58_707/3 "/>
</bind>
</comp>

<comp id="2694" class="1004" name="sext_ln58_864_fu_2694">
<pin_list>
<pin id="2695" dir="0" index="0" bw="7" slack="0"/>
<pin id="2696" dir="1" index="1" bw="8" slack="0"/>
</pin_list>
<bind>
<opcode="sext(35) " fcode="sext"/>
<opset="sext_ln58_864/3 "/>
</bind>
</comp>

<comp id="2698" class="1004" name="sub_ln58_309_fu_2698">
<pin_list>
<pin id="2699" dir="0" index="0" bw="7" slack="0"/>
<pin id="2700" dir="0" index="1" bw="6" slack="0"/>
<pin id="2701" dir="1" index="2" bw="8" slack="0"/>
</pin_list>
<bind>
<opcode="sub(10) " fcode="sub"/>
<opset="sub_ln58_309/3 "/>
</bind>
</comp>

<comp id="2704" class="1004" name="sext_ln58_865_fu_2704">
<pin_list>
<pin id="2705" dir="0" index="0" bw="8" slack="0"/>
<pin id="2706" dir="1" index="1" bw="9" slack="0"/>
</pin_list>
<bind>
<opcode="sext(35) " fcode="sext"/>
<opset="sext_ln58_865/3 "/>
</bind>
</comp>

<comp id="2708" class="1004" name="add_ln58_708_fu_2708">
<pin_list>
<pin id="2709" dir="0" index="0" bw="6" slack="1"/>
<pin id="2710" dir="0" index="1" bw="6" slack="0"/>
<pin id="2711" dir="1" index="2" bw="7" slack="0"/>
</pin_list>
<bind>
<opcode="add(8) " fcode="add"/>
<opset="add_ln58_708/3 "/>
</bind>
</comp>

<comp id="2713" class="1004" name="sext_ln58_866_fu_2713">
<pin_list>
<pin id="2714" dir="0" index="0" bw="7" slack="0"/>
<pin id="2715" dir="1" index="1" bw="8" slack="0"/>
</pin_list>
<bind>
<opcode="sext(35) " fcode="sext"/>
<opset="sext_ln58_866/3 "/>
</bind>
</comp>

<comp id="2717" class="1004" name="add_ln58_709_fu_2717">
<pin_list>
<pin id="2718" dir="0" index="0" bw="7" slack="0"/>
<pin id="2719" dir="0" index="1" bw="6" slack="0"/>
<pin id="2720" dir="1" index="2" bw="8" slack="0"/>
</pin_list>
<bind>
<opcode="add(8) " fcode="add"/>
<opset="add_ln58_709/3 "/>
</bind>
</comp>

<comp id="2723" class="1004" name="sext_ln58_867_fu_2723">
<pin_list>
<pin id="2724" dir="0" index="0" bw="8" slack="0"/>
<pin id="2725" dir="1" index="1" bw="9" slack="0"/>
</pin_list>
<bind>
<opcode="sext(35) " fcode="sext"/>
<opset="sext_ln58_867/3 "/>
</bind>
</comp>

<comp id="2727" class="1004" name="add_ln58_710_fu_2727">
<pin_list>
<pin id="2728" dir="0" index="0" bw="8" slack="0"/>
<pin id="2729" dir="0" index="1" bw="8" slack="0"/>
<pin id="2730" dir="1" index="2" bw="9" slack="0"/>
</pin_list>
<bind>
<opcode="add(8) " fcode="add"/>
<opset="add_ln58_710/3 "/>
</bind>
</comp>

<comp id="2733" class="1004" name="sext_ln58_868_fu_2733">
<pin_list>
<pin id="2734" dir="0" index="0" bw="9" slack="0"/>
<pin id="2735" dir="1" index="1" bw="11" slack="0"/>
</pin_list>
<bind>
<opcode="sext(35) " fcode="sext"/>
<opset="sext_ln58_868/3 "/>
</bind>
</comp>

<comp id="2737" class="1004" name="add_ln58_711_fu_2737">
<pin_list>
<pin id="2738" dir="0" index="0" bw="9" slack="0"/>
<pin id="2739" dir="0" index="1" bw="11" slack="0"/>
<pin id="2740" dir="1" index="2" bw="11" slack="0"/>
</pin_list>
<bind>
<opcode="add(8) " fcode="add"/>
<opset="add_ln58_711/3 "/>
</bind>
</comp>

<comp id="2743" class="1004" name="sext_ln58_281_fu_2743">
<pin_list>
<pin id="2744" dir="0" index="0" bw="11" slack="0"/>
<pin id="2745" dir="1" index="1" bw="18" slack="0"/>
</pin_list>
<bind>
<opcode="sext(35) " fcode="sext"/>
<opset="sext_ln58_281/3 "/>
</bind>
</comp>

<comp id="2747" class="1004" name="sext_ln58_284_fu_2747">
<pin_list>
<pin id="2748" dir="0" index="0" bw="7" slack="0"/>
<pin id="2749" dir="1" index="1" bw="12" slack="0"/>
</pin_list>
<bind>
<opcode="sext(35) " fcode="sext"/>
<opset="sext_ln58_284/3 "/>
</bind>
</comp>

<comp id="2751" class="1004" name="sext_ln58_869_fu_2751">
<pin_list>
<pin id="2752" dir="0" index="0" bw="7" slack="0"/>
<pin id="2753" dir="1" index="1" bw="8" slack="0"/>
</pin_list>
<bind>
<opcode="sext(35) " fcode="sext"/>
<opset="sext_ln58_869/3 "/>
</bind>
</comp>

<comp id="2755" class="1004" name="sext_ln58_290_fu_2755">
<pin_list>
<pin id="2756" dir="0" index="0" bw="8" slack="0"/>
<pin id="2757" dir="1" index="1" bw="11" slack="0"/>
</pin_list>
<bind>
<opcode="sext(35) " fcode="sext"/>
<opset="sext_ln58_290/3 "/>
</bind>
</comp>

<comp id="2759" class="1004" name="sext_ln58_294_fu_2759">
<pin_list>
<pin id="2760" dir="0" index="0" bw="10" slack="1"/>
<pin id="2761" dir="1" index="1" bw="11" slack="0"/>
</pin_list>
<bind>
<opcode="sext(35) " fcode="sext"/>
<opset="sext_ln58_294/3 "/>
</bind>
</comp>

<comp id="2762" class="1004" name="sext_ln58_876_fu_2762">
<pin_list>
<pin id="2763" dir="0" index="0" bw="7" slack="1"/>
<pin id="2764" dir="1" index="1" bw="9" slack="0"/>
</pin_list>
<bind>
<opcode="sext(35) " fcode="sext"/>
<opset="sext_ln58_876/3 "/>
</bind>
</comp>

<comp id="2765" class="1004" name="sext_ln58_877_fu_2765">
<pin_list>
<pin id="2766" dir="0" index="0" bw="8" slack="0"/>
<pin id="2767" dir="1" index="1" bw="9" slack="0"/>
</pin_list>
<bind>
<opcode="sext(35) " fcode="sext"/>
<opset="sext_ln58_877/3 "/>
</bind>
</comp>

<comp id="2769" class="1004" name="sub_ln58_357_fu_2769">
<pin_list>
<pin id="2770" dir="0" index="0" bw="8" slack="0"/>
<pin id="2771" dir="0" index="1" bw="7" slack="0"/>
<pin id="2772" dir="1" index="2" bw="9" slack="0"/>
</pin_list>
<bind>
<opcode="sub(10) " fcode="sub"/>
<opset="sub_ln58_357/3 "/>
</bind>
</comp>

<comp id="2775" class="1004" name="sext_ln58_878_fu_2775">
<pin_list>
<pin id="2776" dir="0" index="0" bw="9" slack="0"/>
<pin id="2777" dir="1" index="1" bw="11" slack="0"/>
</pin_list>
<bind>
<opcode="sext(35) " fcode="sext"/>
<opset="sext_ln58_878/3 "/>
</bind>
</comp>

<comp id="2779" class="1004" name="add_ln58_719_fu_2779">
<pin_list>
<pin id="2780" dir="0" index="0" bw="9" slack="0"/>
<pin id="2781" dir="0" index="1" bw="10" slack="0"/>
<pin id="2782" dir="1" index="2" bw="11" slack="0"/>
</pin_list>
<bind>
<opcode="add(8) " fcode="add"/>
<opset="add_ln58_719/3 "/>
</bind>
</comp>

<comp id="2785" class="1004" name="sub_ln58_310_fu_2785">
<pin_list>
<pin id="2786" dir="0" index="0" bw="7" slack="1"/>
<pin id="2787" dir="0" index="1" bw="6" slack="0"/>
<pin id="2788" dir="1" index="2" bw="8" slack="0"/>
</pin_list>
<bind>
<opcode="sub(10) " fcode="sub"/>
<opset="sub_ln58_310/3 "/>
</bind>
</comp>

<comp id="2790" class="1004" name="sext_ln58_879_fu_2790">
<pin_list>
<pin id="2791" dir="0" index="0" bw="8" slack="0"/>
<pin id="2792" dir="1" index="1" bw="9" slack="0"/>
</pin_list>
<bind>
<opcode="sext(35) " fcode="sext"/>
<opset="sext_ln58_879/3 "/>
</bind>
</comp>

<comp id="2794" class="1004" name="sub_ln58_311_fu_2794">
<pin_list>
<pin id="2795" dir="0" index="0" bw="7" slack="0"/>
<pin id="2796" dir="0" index="1" bw="6" slack="0"/>
<pin id="2797" dir="1" index="2" bw="8" slack="0"/>
</pin_list>
<bind>
<opcode="sub(10) " fcode="sub"/>
<opset="sub_ln58_311/3 "/>
</bind>
</comp>

<comp id="2800" class="1004" name="sext_ln58_880_fu_2800">
<pin_list>
<pin id="2801" dir="0" index="0" bw="8" slack="0"/>
<pin id="2802" dir="1" index="1" bw="9" slack="0"/>
</pin_list>
<bind>
<opcode="sext(35) " fcode="sext"/>
<opset="sext_ln58_880/3 "/>
</bind>
</comp>

<comp id="2804" class="1004" name="add_ln58_720_fu_2804">
<pin_list>
<pin id="2805" dir="0" index="0" bw="8" slack="0"/>
<pin id="2806" dir="0" index="1" bw="8" slack="0"/>
<pin id="2807" dir="1" index="2" bw="9" slack="0"/>
</pin_list>
<bind>
<opcode="add(8) " fcode="add"/>
<opset="add_ln58_720/3 "/>
</bind>
</comp>

<comp id="2810" class="1004" name="sext_ln58_881_fu_2810">
<pin_list>
<pin id="2811" dir="0" index="0" bw="9" slack="0"/>
<pin id="2812" dir="1" index="1" bw="11" slack="0"/>
</pin_list>
<bind>
<opcode="sext(35) " fcode="sext"/>
<opset="sext_ln58_881/3 "/>
</bind>
</comp>

<comp id="2814" class="1004" name="add_ln58_721_fu_2814">
<pin_list>
<pin id="2815" dir="0" index="0" bw="9" slack="0"/>
<pin id="2816" dir="0" index="1" bw="11" slack="0"/>
<pin id="2817" dir="1" index="2" bw="11" slack="0"/>
</pin_list>
<bind>
<opcode="add(8) " fcode="add"/>
<opset="add_ln58_721/3 "/>
</bind>
</comp>

<comp id="2820" class="1004" name="sext_ln58_882_fu_2820">
<pin_list>
<pin id="2821" dir="0" index="0" bw="7" slack="0"/>
<pin id="2822" dir="1" index="1" bw="8" slack="0"/>
</pin_list>
<bind>
<opcode="sext(35) " fcode="sext"/>
<opset="sext_ln58_882/3 "/>
</bind>
</comp>

<comp id="2824" class="1004" name="sub_ln58_312_fu_2824">
<pin_list>
<pin id="2825" dir="0" index="0" bw="7" slack="0"/>
<pin id="2826" dir="0" index="1" bw="6" slack="0"/>
<pin id="2827" dir="1" index="2" bw="8" slack="0"/>
</pin_list>
<bind>
<opcode="sub(10) " fcode="sub"/>
<opset="sub_ln58_312/3 "/>
</bind>
</comp>

<comp id="2830" class="1004" name="add_ln58_722_fu_2830">
<pin_list>
<pin id="2831" dir="0" index="0" bw="8" slack="0"/>
<pin id="2832" dir="0" index="1" bw="7" slack="0"/>
<pin id="2833" dir="1" index="2" bw="8" slack="0"/>
</pin_list>
<bind>
<opcode="add(8) " fcode="add"/>
<opset="add_ln58_722/3 "/>
</bind>
</comp>

<comp id="2836" class="1004" name="sext_ln58_883_fu_2836">
<pin_list>
<pin id="2837" dir="0" index="0" bw="8" slack="0"/>
<pin id="2838" dir="1" index="1" bw="9" slack="0"/>
</pin_list>
<bind>
<opcode="sext(35) " fcode="sext"/>
<opset="sext_ln58_883/3 "/>
</bind>
</comp>

<comp id="2840" class="1004" name="add_ln58_723_fu_2840">
<pin_list>
<pin id="2841" dir="0" index="0" bw="6" slack="1"/>
<pin id="2842" dir="0" index="1" bw="6" slack="1"/>
<pin id="2843" dir="1" index="2" bw="7" slack="0"/>
</pin_list>
<bind>
<opcode="add(8) " fcode="add"/>
<opset="add_ln58_723/3 "/>
</bind>
</comp>

<comp id="2844" class="1004" name="sext_ln58_884_fu_2844">
<pin_list>
<pin id="2845" dir="0" index="0" bw="7" slack="0"/>
<pin id="2846" dir="1" index="1" bw="8" slack="0"/>
</pin_list>
<bind>
<opcode="sext(35) " fcode="sext"/>
<opset="sext_ln58_884/3 "/>
</bind>
</comp>

<comp id="2848" class="1004" name="add_ln58_724_fu_2848">
<pin_list>
<pin id="2849" dir="0" index="0" bw="6" slack="0"/>
<pin id="2850" dir="0" index="1" bw="6" slack="1"/>
<pin id="2851" dir="1" index="2" bw="7" slack="0"/>
</pin_list>
<bind>
<opcode="add(8) " fcode="add"/>
<opset="add_ln58_724/3 "/>
</bind>
</comp>

<comp id="2853" class="1004" name="sext_ln58_885_fu_2853">
<pin_list>
<pin id="2854" dir="0" index="0" bw="7" slack="0"/>
<pin id="2855" dir="1" index="1" bw="8" slack="0"/>
</pin_list>
<bind>
<opcode="sext(35) " fcode="sext"/>
<opset="sext_ln58_885/3 "/>
</bind>
</comp>

<comp id="2857" class="1004" name="add_ln58_725_fu_2857">
<pin_list>
<pin id="2858" dir="0" index="0" bw="7" slack="0"/>
<pin id="2859" dir="0" index="1" bw="7" slack="0"/>
<pin id="2860" dir="1" index="2" bw="8" slack="0"/>
</pin_list>
<bind>
<opcode="add(8) " fcode="add"/>
<opset="add_ln58_725/3 "/>
</bind>
</comp>

<comp id="2863" class="1004" name="sext_ln58_886_fu_2863">
<pin_list>
<pin id="2864" dir="0" index="0" bw="8" slack="0"/>
<pin id="2865" dir="1" index="1" bw="9" slack="0"/>
</pin_list>
<bind>
<opcode="sext(35) " fcode="sext"/>
<opset="sext_ln58_886/3 "/>
</bind>
</comp>

<comp id="2867" class="1004" name="add_ln58_726_fu_2867">
<pin_list>
<pin id="2868" dir="0" index="0" bw="8" slack="0"/>
<pin id="2869" dir="0" index="1" bw="8" slack="0"/>
<pin id="2870" dir="1" index="2" bw="9" slack="0"/>
</pin_list>
<bind>
<opcode="add(8) " fcode="add"/>
<opset="add_ln58_726/3 "/>
</bind>
</comp>

<comp id="2873" class="1004" name="sext_ln58_887_fu_2873">
<pin_list>
<pin id="2874" dir="0" index="0" bw="9" slack="0"/>
<pin id="2875" dir="1" index="1" bw="11" slack="0"/>
</pin_list>
<bind>
<opcode="sext(35) " fcode="sext"/>
<opset="sext_ln58_887/3 "/>
</bind>
</comp>

<comp id="2877" class="1004" name="add_ln58_727_fu_2877">
<pin_list>
<pin id="2878" dir="0" index="0" bw="9" slack="0"/>
<pin id="2879" dir="0" index="1" bw="11" slack="0"/>
<pin id="2880" dir="1" index="2" bw="11" slack="0"/>
</pin_list>
<bind>
<opcode="add(8) " fcode="add"/>
<opset="add_ln58_727/3 "/>
</bind>
</comp>

<comp id="2883" class="1004" name="sext_ln58_295_fu_2883">
<pin_list>
<pin id="2884" dir="0" index="0" bw="11" slack="0"/>
<pin id="2885" dir="1" index="1" bw="18" slack="0"/>
</pin_list>
<bind>
<opcode="sext(35) " fcode="sext"/>
<opset="sext_ln58_295/3 "/>
</bind>
</comp>

<comp id="2887" class="1004" name="sext_ln58_888_fu_2887">
<pin_list>
<pin id="2888" dir="0" index="0" bw="6" slack="0"/>
<pin id="2889" dir="1" index="1" bw="8" slack="0"/>
</pin_list>
<bind>
<opcode="sext(35) " fcode="sext"/>
<opset="sext_ln58_888/3 "/>
</bind>
</comp>

<comp id="2891" class="1004" name="sext_ln58_889_fu_2891">
<pin_list>
<pin id="2892" dir="0" index="0" bw="7" slack="0"/>
<pin id="2893" dir="1" index="1" bw="8" slack="0"/>
</pin_list>
<bind>
<opcode="sext(35) " fcode="sext"/>
<opset="sext_ln58_889/3 "/>
</bind>
</comp>

<comp id="2895" class="1004" name="sub_ln58_358_fu_2895">
<pin_list>
<pin id="2896" dir="0" index="0" bw="7" slack="0"/>
<pin id="2897" dir="0" index="1" bw="7" slack="0"/>
<pin id="2898" dir="1" index="2" bw="8" slack="0"/>
</pin_list>
<bind>
<opcode="sub(10) " fcode="sub"/>
<opset="sub_ln58_358/3 "/>
</bind>
</comp>

<comp id="2901" class="1004" name="sext_ln58_890_fu_2901">
<pin_list>
<pin id="2902" dir="0" index="0" bw="8" slack="0"/>
<pin id="2903" dir="1" index="1" bw="11" slack="0"/>
</pin_list>
<bind>
<opcode="sext(35) " fcode="sext"/>
<opset="sext_ln58_890/3 "/>
</bind>
</comp>

<comp id="2905" class="1004" name="add_ln58_728_fu_2905">
<pin_list>
<pin id="2906" dir="0" index="0" bw="8" slack="0"/>
<pin id="2907" dir="0" index="1" bw="10" slack="0"/>
<pin id="2908" dir="1" index="2" bw="11" slack="0"/>
</pin_list>
<bind>
<opcode="add(8) " fcode="add"/>
<opset="add_ln58_728/3 "/>
</bind>
</comp>

<comp id="2911" class="1004" name="sub_ln58_313_fu_2911">
<pin_list>
<pin id="2912" dir="0" index="0" bw="7" slack="0"/>
<pin id="2913" dir="0" index="1" bw="6" slack="1"/>
<pin id="2914" dir="1" index="2" bw="8" slack="0"/>
</pin_list>
<bind>
<opcode="sub(10) " fcode="sub"/>
<opset="sub_ln58_313/3 "/>
</bind>
</comp>

<comp id="2916" class="1004" name="sext_ln58_892_fu_2916">
<pin_list>
<pin id="2917" dir="0" index="0" bw="8" slack="0"/>
<pin id="2918" dir="1" index="1" bw="9" slack="0"/>
</pin_list>
<bind>
<opcode="sext(35) " fcode="sext"/>
<opset="sext_ln58_892/3 "/>
</bind>
</comp>

<comp id="2920" class="1004" name="add_ln58_729_fu_2920">
<pin_list>
<pin id="2921" dir="0" index="0" bw="7" slack="0"/>
<pin id="2922" dir="0" index="1" bw="6" slack="0"/>
<pin id="2923" dir="1" index="2" bw="8" slack="0"/>
</pin_list>
<bind>
<opcode="add(8) " fcode="add"/>
<opset="add_ln58_729/3 "/>
</bind>
</comp>

<comp id="2926" class="1004" name="sext_ln58_893_fu_2926">
<pin_list>
<pin id="2927" dir="0" index="0" bw="8" slack="0"/>
<pin id="2928" dir="1" index="1" bw="9" slack="0"/>
</pin_list>
<bind>
<opcode="sext(35) " fcode="sext"/>
<opset="sext_ln58_893/3 "/>
</bind>
</comp>

<comp id="2930" class="1004" name="add_ln58_730_fu_2930">
<pin_list>
<pin id="2931" dir="0" index="0" bw="8" slack="0"/>
<pin id="2932" dir="0" index="1" bw="8" slack="0"/>
<pin id="2933" dir="1" index="2" bw="9" slack="0"/>
</pin_list>
<bind>
<opcode="add(8) " fcode="add"/>
<opset="add_ln58_730/3 "/>
</bind>
</comp>

<comp id="2936" class="1004" name="sext_ln58_894_fu_2936">
<pin_list>
<pin id="2937" dir="0" index="0" bw="9" slack="0"/>
<pin id="2938" dir="1" index="1" bw="11" slack="0"/>
</pin_list>
<bind>
<opcode="sext(35) " fcode="sext"/>
<opset="sext_ln58_894/3 "/>
</bind>
</comp>

<comp id="2940" class="1004" name="add_ln58_731_fu_2940">
<pin_list>
<pin id="2941" dir="0" index="0" bw="9" slack="0"/>
<pin id="2942" dir="0" index="1" bw="11" slack="0"/>
<pin id="2943" dir="1" index="2" bw="11" slack="0"/>
</pin_list>
<bind>
<opcode="add(8) " fcode="add"/>
<opset="add_ln58_731/3 "/>
</bind>
</comp>

<comp id="2946" class="1004" name="sext_ln58_299_fu_2946">
<pin_list>
<pin id="2947" dir="0" index="0" bw="11" slack="0"/>
<pin id="2948" dir="1" index="1" bw="18" slack="0"/>
</pin_list>
<bind>
<opcode="sext(35) " fcode="sext"/>
<opset="sext_ln58_299/3 "/>
</bind>
</comp>

<comp id="2950" class="1004" name="sext_ln58_300_fu_2950">
<pin_list>
<pin id="2951" dir="0" index="0" bw="10" slack="1"/>
<pin id="2952" dir="1" index="1" bw="11" slack="0"/>
</pin_list>
<bind>
<opcode="sext(35) " fcode="sext"/>
<opset="sext_ln58_300/3 "/>
</bind>
</comp>

<comp id="2953" class="1004" name="sext_ln58_899_fu_2953">
<pin_list>
<pin id="2954" dir="0" index="0" bw="8" slack="0"/>
<pin id="2955" dir="1" index="1" bw="9" slack="0"/>
</pin_list>
<bind>
<opcode="sext(35) " fcode="sext"/>
<opset="sext_ln58_899/3 "/>
</bind>
</comp>

<comp id="2957" class="1004" name="sub_ln58_360_fu_2957">
<pin_list>
<pin id="2958" dir="0" index="0" bw="8" slack="0"/>
<pin id="2959" dir="0" index="1" bw="7" slack="0"/>
<pin id="2960" dir="1" index="2" bw="9" slack="0"/>
</pin_list>
<bind>
<opcode="sub(10) " fcode="sub"/>
<opset="sub_ln58_360/3 "/>
</bind>
</comp>

<comp id="2963" class="1004" name="sext_ln58_900_fu_2963">
<pin_list>
<pin id="2964" dir="0" index="0" bw="9" slack="0"/>
<pin id="2965" dir="1" index="1" bw="11" slack="0"/>
</pin_list>
<bind>
<opcode="sext(35) " fcode="sext"/>
<opset="sext_ln58_900/3 "/>
</bind>
</comp>

<comp id="2967" class="1004" name="add_ln58_735_fu_2967">
<pin_list>
<pin id="2968" dir="0" index="0" bw="9" slack="0"/>
<pin id="2969" dir="0" index="1" bw="10" slack="0"/>
<pin id="2970" dir="1" index="2" bw="11" slack="0"/>
</pin_list>
<bind>
<opcode="add(8) " fcode="add"/>
<opset="add_ln58_735/3 "/>
</bind>
</comp>

<comp id="2973" class="1004" name="sext_ln58_901_fu_2973">
<pin_list>
<pin id="2974" dir="0" index="0" bw="7" slack="0"/>
<pin id="2975" dir="1" index="1" bw="8" slack="0"/>
</pin_list>
<bind>
<opcode="sext(35) " fcode="sext"/>
<opset="sext_ln58_901/3 "/>
</bind>
</comp>

<comp id="2977" class="1004" name="sub_ln58_314_fu_2977">
<pin_list>
<pin id="2978" dir="0" index="0" bw="7" slack="0"/>
<pin id="2979" dir="0" index="1" bw="6" slack="1"/>
<pin id="2980" dir="1" index="2" bw="8" slack="0"/>
</pin_list>
<bind>
<opcode="sub(10) " fcode="sub"/>
<opset="sub_ln58_314/3 "/>
</bind>
</comp>

<comp id="2982" class="1004" name="sext_ln58_902_fu_2982">
<pin_list>
<pin id="2983" dir="0" index="0" bw="7" slack="0"/>
<pin id="2984" dir="1" index="1" bw="9" slack="0"/>
</pin_list>
<bind>
<opcode="sext(35) " fcode="sext"/>
<opset="sext_ln58_902/3 "/>
</bind>
</comp>

<comp id="2986" class="1004" name="sext_ln58_910_fu_2986">
<pin_list>
<pin id="2987" dir="0" index="0" bw="8" slack="0"/>
<pin id="2988" dir="1" index="1" bw="9" slack="0"/>
</pin_list>
<bind>
<opcode="sext(35) " fcode="sext"/>
<opset="sext_ln58_910/3 "/>
</bind>
</comp>

<comp id="2990" class="1004" name="sub_ln58_361_fu_2990">
<pin_list>
<pin id="2991" dir="0" index="0" bw="8" slack="0"/>
<pin id="2992" dir="0" index="1" bw="7" slack="0"/>
<pin id="2993" dir="1" index="2" bw="9" slack="0"/>
</pin_list>
<bind>
<opcode="sub(10) " fcode="sub"/>
<opset="sub_ln58_361/3 "/>
</bind>
</comp>

<comp id="2996" class="1004" name="sext_ln58_903_fu_2996">
<pin_list>
<pin id="2997" dir="0" index="0" bw="9" slack="0"/>
<pin id="2998" dir="1" index="1" bw="11" slack="0"/>
</pin_list>
<bind>
<opcode="sext(35) " fcode="sext"/>
<opset="sext_ln58_903/3 "/>
</bind>
</comp>

<comp id="3000" class="1004" name="add_ln58_736_fu_3000">
<pin_list>
<pin id="3001" dir="0" index="0" bw="9" slack="0"/>
<pin id="3002" dir="0" index="1" bw="11" slack="0"/>
<pin id="3003" dir="1" index="2" bw="11" slack="0"/>
</pin_list>
<bind>
<opcode="add(8) " fcode="add"/>
<opset="add_ln58_736/3 "/>
</bind>
</comp>

<comp id="3006" class="1004" name="sub_ln58_315_fu_3006">
<pin_list>
<pin id="3007" dir="0" index="0" bw="6" slack="1"/>
<pin id="3008" dir="0" index="1" bw="6" slack="0"/>
<pin id="3009" dir="1" index="2" bw="7" slack="0"/>
</pin_list>
<bind>
<opcode="sub(10) " fcode="sub"/>
<opset="sub_ln58_315/3 "/>
</bind>
</comp>

<comp id="3011" class="1004" name="sext_ln58_904_fu_3011">
<pin_list>
<pin id="3012" dir="0" index="0" bw="7" slack="0"/>
<pin id="3013" dir="1" index="1" bw="8" slack="0"/>
</pin_list>
<bind>
<opcode="sext(35) " fcode="sext"/>
<opset="sext_ln58_904/3 "/>
</bind>
</comp>

<comp id="3015" class="1004" name="sub_ln58_316_fu_3015">
<pin_list>
<pin id="3016" dir="0" index="0" bw="7" slack="0"/>
<pin id="3017" dir="0" index="1" bw="6" slack="0"/>
<pin id="3018" dir="1" index="2" bw="8" slack="0"/>
</pin_list>
<bind>
<opcode="sub(10) " fcode="sub"/>
<opset="sub_ln58_316/3 "/>
</bind>
</comp>

<comp id="3021" class="1004" name="sext_ln58_905_fu_3021">
<pin_list>
<pin id="3022" dir="0" index="0" bw="8" slack="0"/>
<pin id="3023" dir="1" index="1" bw="9" slack="0"/>
</pin_list>
<bind>
<opcode="sext(35) " fcode="sext"/>
<opset="sext_ln58_905/3 "/>
</bind>
</comp>

<comp id="3025" class="1004" name="add_ln58_737_fu_3025">
<pin_list>
<pin id="3026" dir="0" index="0" bw="6" slack="1"/>
<pin id="3027" dir="0" index="1" bw="6" slack="1"/>
<pin id="3028" dir="1" index="2" bw="7" slack="0"/>
</pin_list>
<bind>
<opcode="add(8) " fcode="add"/>
<opset="add_ln58_737/3 "/>
</bind>
</comp>

<comp id="3029" class="1004" name="sext_ln58_906_fu_3029">
<pin_list>
<pin id="3030" dir="0" index="0" bw="7" slack="0"/>
<pin id="3031" dir="1" index="1" bw="8" slack="0"/>
</pin_list>
<bind>
<opcode="sext(35) " fcode="sext"/>
<opset="sext_ln58_906/3 "/>
</bind>
</comp>

<comp id="3033" class="1004" name="add_ln58_738_fu_3033">
<pin_list>
<pin id="3034" dir="0" index="0" bw="6" slack="0"/>
<pin id="3035" dir="0" index="1" bw="6" slack="0"/>
<pin id="3036" dir="1" index="2" bw="7" slack="0"/>
</pin_list>
<bind>
<opcode="add(8) " fcode="add"/>
<opset="add_ln58_738/3 "/>
</bind>
</comp>

<comp id="3039" class="1004" name="sext_ln58_907_fu_3039">
<pin_list>
<pin id="3040" dir="0" index="0" bw="7" slack="0"/>
<pin id="3041" dir="1" index="1" bw="8" slack="0"/>
</pin_list>
<bind>
<opcode="sext(35) " fcode="sext"/>
<opset="sext_ln58_907/3 "/>
</bind>
</comp>

<comp id="3043" class="1004" name="add_ln58_739_fu_3043">
<pin_list>
<pin id="3044" dir="0" index="0" bw="7" slack="0"/>
<pin id="3045" dir="0" index="1" bw="7" slack="0"/>
<pin id="3046" dir="1" index="2" bw="8" slack="0"/>
</pin_list>
<bind>
<opcode="add(8) " fcode="add"/>
<opset="add_ln58_739/3 "/>
</bind>
</comp>

<comp id="3049" class="1004" name="sext_ln58_908_fu_3049">
<pin_list>
<pin id="3050" dir="0" index="0" bw="8" slack="0"/>
<pin id="3051" dir="1" index="1" bw="9" slack="0"/>
</pin_list>
<bind>
<opcode="sext(35) " fcode="sext"/>
<opset="sext_ln58_908/3 "/>
</bind>
</comp>

<comp id="3053" class="1004" name="add_ln58_740_fu_3053">
<pin_list>
<pin id="3054" dir="0" index="0" bw="8" slack="0"/>
<pin id="3055" dir="0" index="1" bw="8" slack="0"/>
<pin id="3056" dir="1" index="2" bw="9" slack="0"/>
</pin_list>
<bind>
<opcode="add(8) " fcode="add"/>
<opset="add_ln58_740/3 "/>
</bind>
</comp>

<comp id="3059" class="1004" name="sext_ln58_909_fu_3059">
<pin_list>
<pin id="3060" dir="0" index="0" bw="9" slack="0"/>
<pin id="3061" dir="1" index="1" bw="11" slack="0"/>
</pin_list>
<bind>
<opcode="sext(35) " fcode="sext"/>
<opset="sext_ln58_909/3 "/>
</bind>
</comp>

<comp id="3063" class="1004" name="add_ln58_741_fu_3063">
<pin_list>
<pin id="3064" dir="0" index="0" bw="9" slack="0"/>
<pin id="3065" dir="0" index="1" bw="11" slack="0"/>
<pin id="3066" dir="1" index="2" bw="11" slack="0"/>
</pin_list>
<bind>
<opcode="add(8) " fcode="add"/>
<opset="add_ln58_741/3 "/>
</bind>
</comp>

<comp id="3069" class="1004" name="sext_ln58_301_fu_3069">
<pin_list>
<pin id="3070" dir="0" index="0" bw="11" slack="0"/>
<pin id="3071" dir="1" index="1" bw="18" slack="0"/>
</pin_list>
<bind>
<opcode="sext(35) " fcode="sext"/>
<opset="sext_ln58_301/3 "/>
</bind>
</comp>

<comp id="3073" class="1004" name="sext_ln58_975_fu_3073">
<pin_list>
<pin id="3074" dir="0" index="0" bw="7" slack="0"/>
<pin id="3075" dir="1" index="1" bw="11" slack="0"/>
</pin_list>
<bind>
<opcode="sext(35) " fcode="sext"/>
<opset="sext_ln58_975/3 "/>
</bind>
</comp>

<comp id="3077" class="1004" name="sext_ln58_1004_fu_3077">
<pin_list>
<pin id="3078" dir="0" index="0" bw="10" slack="1"/>
<pin id="3079" dir="1" index="1" bw="11" slack="0"/>
</pin_list>
<bind>
<opcode="sext(35) " fcode="sext"/>
<opset="sext_ln58_1004/3 "/>
</bind>
</comp>

<comp id="3080" class="1004" name="sub_ln58_362_fu_3080">
<pin_list>
<pin id="3081" dir="0" index="0" bw="10" slack="0"/>
<pin id="3082" dir="0" index="1" bw="7" slack="0"/>
<pin id="3083" dir="1" index="2" bw="11" slack="0"/>
</pin_list>
<bind>
<opcode="sub(10) " fcode="sub"/>
<opset="sub_ln58_362/3 "/>
</bind>
</comp>

<comp id="3086" class="1004" name="sub_ln58_363_fu_3086">
<pin_list>
<pin id="3087" dir="0" index="0" bw="7" slack="1"/>
<pin id="3088" dir="0" index="1" bw="7" slack="0"/>
<pin id="3089" dir="1" index="2" bw="8" slack="0"/>
</pin_list>
<bind>
<opcode="sub(10) " fcode="sub"/>
<opset="sub_ln58_363/3 "/>
</bind>
</comp>

<comp id="3091" class="1004" name="sext_ln58_1018_fu_3091">
<pin_list>
<pin id="3092" dir="0" index="0" bw="8" slack="0"/>
<pin id="3093" dir="1" index="1" bw="9" slack="0"/>
</pin_list>
<bind>
<opcode="sext(35) " fcode="sext"/>
<opset="sext_ln58_1018/3 "/>
</bind>
</comp>

<comp id="3095" class="1004" name="sub_ln58_364_fu_3095">
<pin_list>
<pin id="3096" dir="0" index="0" bw="8" slack="0"/>
<pin id="3097" dir="0" index="1" bw="7" slack="0"/>
<pin id="3098" dir="1" index="2" bw="9" slack="0"/>
</pin_list>
<bind>
<opcode="sub(10) " fcode="sub"/>
<opset="sub_ln58_364/3 "/>
</bind>
</comp>

<comp id="3101" class="1004" name="sext_ln58_911_fu_3101">
<pin_list>
<pin id="3102" dir="0" index="0" bw="9" slack="0"/>
<pin id="3103" dir="1" index="1" bw="11" slack="0"/>
</pin_list>
<bind>
<opcode="sext(35) " fcode="sext"/>
<opset="sext_ln58_911/3 "/>
</bind>
</comp>

<comp id="3105" class="1004" name="add_ln58_742_fu_3105">
<pin_list>
<pin id="3106" dir="0" index="0" bw="9" slack="0"/>
<pin id="3107" dir="0" index="1" bw="11" slack="0"/>
<pin id="3108" dir="1" index="2" bw="11" slack="0"/>
</pin_list>
<bind>
<opcode="add(8) " fcode="add"/>
<opset="add_ln58_742/3 "/>
</bind>
</comp>

<comp id="3111" class="1004" name="sext_ln58_912_fu_3111">
<pin_list>
<pin id="3112" dir="0" index="0" bw="6" slack="1"/>
<pin id="3113" dir="1" index="1" bw="8" slack="0"/>
</pin_list>
<bind>
<opcode="sext(35) " fcode="sext"/>
<opset="sext_ln58_912/3 "/>
</bind>
</comp>

<comp id="3114" class="1004" name="sub_ln58_317_fu_3114">
<pin_list>
<pin id="3115" dir="0" index="0" bw="7" slack="0"/>
<pin id="3116" dir="0" index="1" bw="6" slack="0"/>
<pin id="3117" dir="1" index="2" bw="8" slack="0"/>
</pin_list>
<bind>
<opcode="sub(10) " fcode="sub"/>
<opset="sub_ln58_317/3 "/>
</bind>
</comp>

<comp id="3120" class="1004" name="sext_ln58_913_fu_3120">
<pin_list>
<pin id="3121" dir="0" index="0" bw="8" slack="0"/>
<pin id="3122" dir="1" index="1" bw="9" slack="0"/>
</pin_list>
<bind>
<opcode="sext(35) " fcode="sext"/>
<opset="sext_ln58_913/3 "/>
</bind>
</comp>

<comp id="3124" class="1004" name="add_ln58_743_fu_3124">
<pin_list>
<pin id="3125" dir="0" index="0" bw="8" slack="0"/>
<pin id="3126" dir="0" index="1" bw="7" slack="0"/>
<pin id="3127" dir="1" index="2" bw="9" slack="0"/>
</pin_list>
<bind>
<opcode="add(8) " fcode="add"/>
<opset="add_ln58_743/3 "/>
</bind>
</comp>

<comp id="3130" class="1004" name="add_ln58_744_fu_3130">
<pin_list>
<pin id="3131" dir="0" index="0" bw="6" slack="0"/>
<pin id="3132" dir="0" index="1" bw="6" slack="0"/>
<pin id="3133" dir="1" index="2" bw="7" slack="0"/>
</pin_list>
<bind>
<opcode="add(8) " fcode="add"/>
<opset="add_ln58_744/3 "/>
</bind>
</comp>

<comp id="3136" class="1004" name="sext_ln58_914_fu_3136">
<pin_list>
<pin id="3137" dir="0" index="0" bw="7" slack="0"/>
<pin id="3138" dir="1" index="1" bw="8" slack="0"/>
</pin_list>
<bind>
<opcode="sext(35) " fcode="sext"/>
<opset="sext_ln58_914/3 "/>
</bind>
</comp>

<comp id="3140" class="1004" name="add_ln58_745_fu_3140">
<pin_list>
<pin id="3141" dir="0" index="0" bw="7" slack="0"/>
<pin id="3142" dir="0" index="1" bw="6" slack="0"/>
<pin id="3143" dir="1" index="2" bw="8" slack="0"/>
</pin_list>
<bind>
<opcode="add(8) " fcode="add"/>
<opset="add_ln58_745/3 "/>
</bind>
</comp>

<comp id="3146" class="1004" name="sext_ln58_915_fu_3146">
<pin_list>
<pin id="3147" dir="0" index="0" bw="8" slack="0"/>
<pin id="3148" dir="1" index="1" bw="9" slack="0"/>
</pin_list>
<bind>
<opcode="sext(35) " fcode="sext"/>
<opset="sext_ln58_915/3 "/>
</bind>
</comp>

<comp id="3150" class="1004" name="add_ln58_746_fu_3150">
<pin_list>
<pin id="3151" dir="0" index="0" bw="8" slack="0"/>
<pin id="3152" dir="0" index="1" bw="9" slack="0"/>
<pin id="3153" dir="1" index="2" bw="9" slack="0"/>
</pin_list>
<bind>
<opcode="add(8) " fcode="add"/>
<opset="add_ln58_746/3 "/>
</bind>
</comp>

<comp id="3156" class="1004" name="sext_ln58_916_fu_3156">
<pin_list>
<pin id="3157" dir="0" index="0" bw="9" slack="0"/>
<pin id="3158" dir="1" index="1" bw="11" slack="0"/>
</pin_list>
<bind>
<opcode="sext(35) " fcode="sext"/>
<opset="sext_ln58_916/3 "/>
</bind>
</comp>

<comp id="3160" class="1004" name="add_ln58_747_fu_3160">
<pin_list>
<pin id="3161" dir="0" index="0" bw="9" slack="0"/>
<pin id="3162" dir="0" index="1" bw="11" slack="0"/>
<pin id="3163" dir="1" index="2" bw="11" slack="0"/>
</pin_list>
<bind>
<opcode="add(8) " fcode="add"/>
<opset="add_ln58_747/3 "/>
</bind>
</comp>

<comp id="3166" class="1004" name="sext_ln58_302_fu_3166">
<pin_list>
<pin id="3167" dir="0" index="0" bw="11" slack="0"/>
<pin id="3168" dir="1" index="1" bw="12" slack="0"/>
</pin_list>
<bind>
<opcode="sext(35) " fcode="sext"/>
<opset="sext_ln58_302/3 "/>
</bind>
</comp>

<comp id="3170" class="1004" name="sub_ln58_318_fu_3170">
<pin_list>
<pin id="3171" dir="0" index="0" bw="7" slack="0"/>
<pin id="3172" dir="0" index="1" bw="6" slack="0"/>
<pin id="3173" dir="1" index="2" bw="8" slack="0"/>
</pin_list>
<bind>
<opcode="sub(10) " fcode="sub"/>
<opset="sub_ln58_318/3 "/>
</bind>
</comp>

<comp id="3176" class="1004" name="sext_ln58_917_fu_3176">
<pin_list>
<pin id="3177" dir="0" index="0" bw="8" slack="0"/>
<pin id="3178" dir="1" index="1" bw="12" slack="0"/>
</pin_list>
<bind>
<opcode="sext(35) " fcode="sext"/>
<opset="sext_ln58_917/3 "/>
</bind>
</comp>

<comp id="3180" class="1004" name="add_ln58_748_fu_3180">
<pin_list>
<pin id="3181" dir="0" index="0" bw="8" slack="0"/>
<pin id="3182" dir="0" index="1" bw="11" slack="0"/>
<pin id="3183" dir="1" index="2" bw="12" slack="0"/>
</pin_list>
<bind>
<opcode="add(8) " fcode="add"/>
<opset="add_ln58_748/3 "/>
</bind>
</comp>

<comp id="3186" class="1004" name="sext_ln58_303_fu_3186">
<pin_list>
<pin id="3187" dir="0" index="0" bw="12" slack="0"/>
<pin id="3188" dir="1" index="1" bw="18" slack="0"/>
</pin_list>
<bind>
<opcode="sext(35) " fcode="sext"/>
<opset="sext_ln58_303/3 "/>
</bind>
</comp>

<comp id="3190" class="1004" name="sub_ln58_365_fu_3190">
<pin_list>
<pin id="3191" dir="0" index="0" bw="7" slack="0"/>
<pin id="3192" dir="0" index="1" bw="7" slack="0"/>
<pin id="3193" dir="1" index="2" bw="8" slack="0"/>
</pin_list>
<bind>
<opcode="sub(10) " fcode="sub"/>
<opset="sub_ln58_365/3 "/>
</bind>
</comp>

<comp id="3196" class="1004" name="sext_ln58_918_fu_3196">
<pin_list>
<pin id="3197" dir="0" index="0" bw="8" slack="0"/>
<pin id="3198" dir="1" index="1" bw="10" slack="0"/>
</pin_list>
<bind>
<opcode="sext(35) " fcode="sext"/>
<opset="sext_ln58_918/3 "/>
</bind>
</comp>

<comp id="3200" class="1004" name="add_ln58_749_fu_3200">
<pin_list>
<pin id="3201" dir="0" index="0" bw="8" slack="0"/>
<pin id="3202" dir="0" index="1" bw="9" slack="0"/>
<pin id="3203" dir="1" index="2" bw="10" slack="0"/>
</pin_list>
<bind>
<opcode="add(8) " fcode="add"/>
<opset="add_ln58_749/3 "/>
</bind>
</comp>

<comp id="3206" class="1004" name="sext_ln58_921_fu_3206">
<pin_list>
<pin id="3207" dir="0" index="0" bw="8" slack="1"/>
<pin id="3208" dir="1" index="1" bw="10" slack="0"/>
</pin_list>
<bind>
<opcode="sext(35) " fcode="sext"/>
<opset="sext_ln58_921/3 "/>
</bind>
</comp>

<comp id="3209" class="1004" name="add_ln58_752_fu_3209">
<pin_list>
<pin id="3210" dir="0" index="0" bw="8" slack="0"/>
<pin id="3211" dir="0" index="1" bw="10" slack="0"/>
<pin id="3212" dir="1" index="2" bw="10" slack="0"/>
</pin_list>
<bind>
<opcode="add(8) " fcode="add"/>
<opset="add_ln58_752/3 "/>
</bind>
</comp>

<comp id="3215" class="1004" name="sext_ln58_922_fu_3215">
<pin_list>
<pin id="3216" dir="0" index="0" bw="10" slack="0"/>
<pin id="3217" dir="1" index="1" bw="11" slack="0"/>
</pin_list>
<bind>
<opcode="sext(35) " fcode="sext"/>
<opset="sext_ln58_922/3 "/>
</bind>
</comp>

<comp id="3219" class="1004" name="sub_ln58_320_fu_3219">
<pin_list>
<pin id="3220" dir="0" index="0" bw="10" slack="0"/>
<pin id="3221" dir="0" index="1" bw="6" slack="0"/>
<pin id="3222" dir="1" index="2" bw="11" slack="0"/>
</pin_list>
<bind>
<opcode="sub(10) " fcode="sub"/>
<opset="sub_ln58_320/3 "/>
</bind>
</comp>

<comp id="3225" class="1004" name="add_ln58_753_fu_3225">
<pin_list>
<pin id="3226" dir="0" index="0" bw="11" slack="0"/>
<pin id="3227" dir="0" index="1" bw="9" slack="0"/>
<pin id="3228" dir="1" index="2" bw="11" slack="0"/>
</pin_list>
<bind>
<opcode="add(8) " fcode="add"/>
<opset="add_ln58_753/3 "/>
</bind>
</comp>

<comp id="3231" class="1004" name="sub_ln58_321_fu_3231">
<pin_list>
<pin id="3232" dir="0" index="0" bw="7" slack="1"/>
<pin id="3233" dir="0" index="1" bw="6" slack="0"/>
<pin id="3234" dir="1" index="2" bw="8" slack="0"/>
</pin_list>
<bind>
<opcode="sub(10) " fcode="sub"/>
<opset="sub_ln58_321/3 "/>
</bind>
</comp>

<comp id="3236" class="1004" name="sext_ln58_923_fu_3236">
<pin_list>
<pin id="3237" dir="0" index="0" bw="8" slack="0"/>
<pin id="3238" dir="1" index="1" bw="11" slack="0"/>
</pin_list>
<bind>
<opcode="sext(35) " fcode="sext"/>
<opset="sext_ln58_923/3 "/>
</bind>
</comp>

<comp id="3240" class="1004" name="add_ln58_754_fu_3240">
<pin_list>
<pin id="3241" dir="0" index="0" bw="8" slack="0"/>
<pin id="3242" dir="0" index="1" bw="11" slack="0"/>
<pin id="3243" dir="1" index="2" bw="11" slack="0"/>
</pin_list>
<bind>
<opcode="add(8) " fcode="add"/>
<opset="add_ln58_754/3 "/>
</bind>
</comp>

<comp id="3246" class="1004" name="sext_ln58_924_fu_3246">
<pin_list>
<pin id="3247" dir="0" index="0" bw="7" slack="0"/>
<pin id="3248" dir="1" index="1" bw="8" slack="0"/>
</pin_list>
<bind>
<opcode="sext(35) " fcode="sext"/>
<opset="sext_ln58_924/3 "/>
</bind>
</comp>

<comp id="3250" class="1004" name="sub_ln58_322_fu_3250">
<pin_list>
<pin id="3251" dir="0" index="0" bw="7" slack="0"/>
<pin id="3252" dir="0" index="1" bw="6" slack="1"/>
<pin id="3253" dir="1" index="2" bw="8" slack="0"/>
</pin_list>
<bind>
<opcode="sub(10) " fcode="sub"/>
<opset="sub_ln58_322/3 "/>
</bind>
</comp>

<comp id="3255" class="1004" name="sext_ln58_925_fu_3255">
<pin_list>
<pin id="3256" dir="0" index="0" bw="8" slack="0"/>
<pin id="3257" dir="1" index="1" bw="9" slack="0"/>
</pin_list>
<bind>
<opcode="sext(35) " fcode="sext"/>
<opset="sext_ln58_925/3 "/>
</bind>
</comp>

<comp id="3259" class="1004" name="add_ln58_755_fu_3259">
<pin_list>
<pin id="3260" dir="0" index="0" bw="6" slack="0"/>
<pin id="3261" dir="0" index="1" bw="6" slack="0"/>
<pin id="3262" dir="1" index="2" bw="7" slack="0"/>
</pin_list>
<bind>
<opcode="add(8) " fcode="add"/>
<opset="add_ln58_755/3 "/>
</bind>
</comp>

<comp id="3265" class="1004" name="sext_ln58_926_fu_3265">
<pin_list>
<pin id="3266" dir="0" index="0" bw="7" slack="0"/>
<pin id="3267" dir="1" index="1" bw="8" slack="0"/>
</pin_list>
<bind>
<opcode="sext(35) " fcode="sext"/>
<opset="sext_ln58_926/3 "/>
</bind>
</comp>

<comp id="3269" class="1004" name="add_ln58_756_fu_3269">
<pin_list>
<pin id="3270" dir="0" index="0" bw="7" slack="0"/>
<pin id="3271" dir="0" index="1" bw="6" slack="0"/>
<pin id="3272" dir="1" index="2" bw="8" slack="0"/>
</pin_list>
<bind>
<opcode="add(8) " fcode="add"/>
<opset="add_ln58_756/3 "/>
</bind>
</comp>

<comp id="3275" class="1004" name="sext_ln58_927_fu_3275">
<pin_list>
<pin id="3276" dir="0" index="0" bw="8" slack="0"/>
<pin id="3277" dir="1" index="1" bw="9" slack="0"/>
</pin_list>
<bind>
<opcode="sext(35) " fcode="sext"/>
<opset="sext_ln58_927/3 "/>
</bind>
</comp>

<comp id="3279" class="1004" name="add_ln58_757_fu_3279">
<pin_list>
<pin id="3280" dir="0" index="0" bw="8" slack="0"/>
<pin id="3281" dir="0" index="1" bw="8" slack="0"/>
<pin id="3282" dir="1" index="2" bw="9" slack="0"/>
</pin_list>
<bind>
<opcode="add(8) " fcode="add"/>
<opset="add_ln58_757/3 "/>
</bind>
</comp>

<comp id="3285" class="1004" name="sext_ln58_928_fu_3285">
<pin_list>
<pin id="3286" dir="0" index="0" bw="9" slack="0"/>
<pin id="3287" dir="1" index="1" bw="11" slack="0"/>
</pin_list>
<bind>
<opcode="sext(35) " fcode="sext"/>
<opset="sext_ln58_928/3 "/>
</bind>
</comp>

<comp id="3289" class="1004" name="add_ln58_758_fu_3289">
<pin_list>
<pin id="3290" dir="0" index="0" bw="9" slack="0"/>
<pin id="3291" dir="0" index="1" bw="11" slack="0"/>
<pin id="3292" dir="1" index="2" bw="11" slack="0"/>
</pin_list>
<bind>
<opcode="add(8) " fcode="add"/>
<opset="add_ln58_758/3 "/>
</bind>
</comp>

<comp id="3295" class="1004" name="sext_ln58_305_fu_3295">
<pin_list>
<pin id="3296" dir="0" index="0" bw="11" slack="0"/>
<pin id="3297" dir="1" index="1" bw="18" slack="0"/>
</pin_list>
<bind>
<opcode="sext(35) " fcode="sext"/>
<opset="sext_ln58_305/3 "/>
</bind>
</comp>

<comp id="3299" class="1004" name="sext_ln58_933_fu_3299">
<pin_list>
<pin id="3300" dir="0" index="0" bw="10" slack="1"/>
<pin id="3301" dir="1" index="1" bw="11" slack="0"/>
</pin_list>
<bind>
<opcode="sext(35) " fcode="sext"/>
<opset="sext_ln58_933/3 "/>
</bind>
</comp>

<comp id="3302" class="1004" name="sub_ln58_323_fu_3302">
<pin_list>
<pin id="3303" dir="0" index="0" bw="10" slack="0"/>
<pin id="3304" dir="0" index="1" bw="6" slack="0"/>
<pin id="3305" dir="1" index="2" bw="11" slack="0"/>
</pin_list>
<bind>
<opcode="sub(10) " fcode="sub"/>
<opset="sub_ln58_323/3 "/>
</bind>
</comp>

<comp id="3308" class="1004" name="add_ln58_765_fu_3308">
<pin_list>
<pin id="3309" dir="0" index="0" bw="11" slack="0"/>
<pin id="3310" dir="0" index="1" bw="8" slack="0"/>
<pin id="3311" dir="1" index="2" bw="11" slack="0"/>
</pin_list>
<bind>
<opcode="add(8) " fcode="add"/>
<opset="add_ln58_765/3 "/>
</bind>
</comp>

<comp id="3314" class="1004" name="sext_ln58_934_fu_3314">
<pin_list>
<pin id="3315" dir="0" index="0" bw="8" slack="0"/>
<pin id="3316" dir="1" index="1" bw="11" slack="0"/>
</pin_list>
<bind>
<opcode="sext(35) " fcode="sext"/>
<opset="sext_ln58_934/3 "/>
</bind>
</comp>

<comp id="3318" class="1004" name="add_ln58_766_fu_3318">
<pin_list>
<pin id="3319" dir="0" index="0" bw="8" slack="0"/>
<pin id="3320" dir="0" index="1" bw="11" slack="0"/>
<pin id="3321" dir="1" index="2" bw="11" slack="0"/>
</pin_list>
<bind>
<opcode="add(8) " fcode="add"/>
<opset="add_ln58_766/3 "/>
</bind>
</comp>

<comp id="3324" class="1004" name="sext_ln58_935_fu_3324">
<pin_list>
<pin id="3325" dir="0" index="0" bw="8" slack="0"/>
<pin id="3326" dir="1" index="1" bw="9" slack="0"/>
</pin_list>
<bind>
<opcode="sext(35) " fcode="sext"/>
<opset="sext_ln58_935/3 "/>
</bind>
</comp>

<comp id="3328" class="1004" name="add_ln58_767_fu_3328">
<pin_list>
<pin id="3329" dir="0" index="0" bw="7" slack="0"/>
<pin id="3330" dir="0" index="1" bw="6" slack="0"/>
<pin id="3331" dir="1" index="2" bw="8" slack="0"/>
</pin_list>
<bind>
<opcode="add(8) " fcode="add"/>
<opset="add_ln58_767/3 "/>
</bind>
</comp>

<comp id="3334" class="1004" name="add_ln58_768_fu_3334">
<pin_list>
<pin id="3335" dir="0" index="0" bw="8" slack="0"/>
<pin id="3336" dir="0" index="1" bw="7" slack="0"/>
<pin id="3337" dir="1" index="2" bw="8" slack="0"/>
</pin_list>
<bind>
<opcode="add(8) " fcode="add"/>
<opset="add_ln58_768/3 "/>
</bind>
</comp>

<comp id="3340" class="1004" name="sext_ln58_936_fu_3340">
<pin_list>
<pin id="3341" dir="0" index="0" bw="8" slack="0"/>
<pin id="3342" dir="1" index="1" bw="9" slack="0"/>
</pin_list>
<bind>
<opcode="sext(35) " fcode="sext"/>
<opset="sext_ln58_936/3 "/>
</bind>
</comp>

<comp id="3344" class="1004" name="add_ln58_769_fu_3344">
<pin_list>
<pin id="3345" dir="0" index="0" bw="8" slack="0"/>
<pin id="3346" dir="0" index="1" bw="8" slack="0"/>
<pin id="3347" dir="1" index="2" bw="9" slack="0"/>
</pin_list>
<bind>
<opcode="add(8) " fcode="add"/>
<opset="add_ln58_769/3 "/>
</bind>
</comp>

<comp id="3350" class="1004" name="sext_ln58_937_fu_3350">
<pin_list>
<pin id="3351" dir="0" index="0" bw="9" slack="0"/>
<pin id="3352" dir="1" index="1" bw="11" slack="0"/>
</pin_list>
<bind>
<opcode="sext(35) " fcode="sext"/>
<opset="sext_ln58_937/3 "/>
</bind>
</comp>

<comp id="3354" class="1004" name="add_ln58_770_fu_3354">
<pin_list>
<pin id="3355" dir="0" index="0" bw="9" slack="0"/>
<pin id="3356" dir="0" index="1" bw="11" slack="0"/>
<pin id="3357" dir="1" index="2" bw="11" slack="0"/>
</pin_list>
<bind>
<opcode="add(8) " fcode="add"/>
<opset="add_ln58_770/3 "/>
</bind>
</comp>

<comp id="3360" class="1004" name="sext_ln58_307_fu_3360">
<pin_list>
<pin id="3361" dir="0" index="0" bw="11" slack="0"/>
<pin id="3362" dir="1" index="1" bw="18" slack="0"/>
</pin_list>
<bind>
<opcode="sext(35) " fcode="sext"/>
<opset="sext_ln58_307/3 "/>
</bind>
</comp>

<comp id="3364" class="1004" name="sext_ln58_309_fu_3364">
<pin_list>
<pin id="3365" dir="0" index="0" bw="10" slack="1"/>
<pin id="3366" dir="1" index="1" bw="11" slack="0"/>
</pin_list>
<bind>
<opcode="sext(35) " fcode="sext"/>
<opset="sext_ln58_309/3 "/>
</bind>
</comp>

<comp id="3367" class="1004" name="sub_ln58_367_fu_3367">
<pin_list>
<pin id="3368" dir="0" index="0" bw="7" slack="0"/>
<pin id="3369" dir="0" index="1" bw="7" slack="0"/>
<pin id="3370" dir="1" index="2" bw="8" slack="0"/>
</pin_list>
<bind>
<opcode="sub(10) " fcode="sub"/>
<opset="sub_ln58_367/3 "/>
</bind>
</comp>

<comp id="3373" class="1004" name="sext_ln58_943_fu_3373">
<pin_list>
<pin id="3374" dir="0" index="0" bw="8" slack="0"/>
<pin id="3375" dir="1" index="1" bw="11" slack="0"/>
</pin_list>
<bind>
<opcode="sext(35) " fcode="sext"/>
<opset="sext_ln58_943/3 "/>
</bind>
</comp>

<comp id="3377" class="1004" name="add_ln58_779_fu_3377">
<pin_list>
<pin id="3378" dir="0" index="0" bw="8" slack="0"/>
<pin id="3379" dir="0" index="1" bw="10" slack="0"/>
<pin id="3380" dir="1" index="2" bw="11" slack="0"/>
</pin_list>
<bind>
<opcode="add(8) " fcode="add"/>
<opset="add_ln58_779/3 "/>
</bind>
</comp>

<comp id="3383" class="1004" name="sub_ln58_324_fu_3383">
<pin_list>
<pin id="3384" dir="0" index="0" bw="7" slack="0"/>
<pin id="3385" dir="0" index="1" bw="6" slack="0"/>
<pin id="3386" dir="1" index="2" bw="8" slack="0"/>
</pin_list>
<bind>
<opcode="sub(10) " fcode="sub"/>
<opset="sub_ln58_324/3 "/>
</bind>
</comp>

<comp id="3389" class="1004" name="add_ln58_780_fu_3389">
<pin_list>
<pin id="3390" dir="0" index="0" bw="8" slack="0"/>
<pin id="3391" dir="0" index="1" bw="7" slack="1"/>
<pin id="3392" dir="1" index="2" bw="8" slack="0"/>
</pin_list>
<bind>
<opcode="add(8) " fcode="add"/>
<opset="add_ln58_780/3 "/>
</bind>
</comp>

<comp id="3394" class="1004" name="sext_ln58_944_fu_3394">
<pin_list>
<pin id="3395" dir="0" index="0" bw="8" slack="0"/>
<pin id="3396" dir="1" index="1" bw="11" slack="0"/>
</pin_list>
<bind>
<opcode="sext(35) " fcode="sext"/>
<opset="sext_ln58_944/3 "/>
</bind>
</comp>

<comp id="3398" class="1004" name="add_ln58_781_fu_3398">
<pin_list>
<pin id="3399" dir="0" index="0" bw="8" slack="0"/>
<pin id="3400" dir="0" index="1" bw="11" slack="0"/>
<pin id="3401" dir="1" index="2" bw="11" slack="0"/>
</pin_list>
<bind>
<opcode="add(8) " fcode="add"/>
<opset="add_ln58_781/3 "/>
</bind>
</comp>

<comp id="3404" class="1004" name="sub_ln58_325_fu_3404">
<pin_list>
<pin id="3405" dir="0" index="0" bw="7" slack="0"/>
<pin id="3406" dir="0" index="1" bw="6" slack="0"/>
<pin id="3407" dir="1" index="2" bw="8" slack="0"/>
</pin_list>
<bind>
<opcode="sub(10) " fcode="sub"/>
<opset="sub_ln58_325/3 "/>
</bind>
</comp>

<comp id="3410" class="1004" name="sext_ln58_945_fu_3410">
<pin_list>
<pin id="3411" dir="0" index="0" bw="8" slack="0"/>
<pin id="3412" dir="1" index="1" bw="9" slack="0"/>
</pin_list>
<bind>
<opcode="sext(35) " fcode="sext"/>
<opset="sext_ln58_945/3 "/>
</bind>
</comp>

<comp id="3414" class="1004" name="add_ln58_782_fu_3414">
<pin_list>
<pin id="3415" dir="0" index="0" bw="6" slack="1"/>
<pin id="3416" dir="0" index="1" bw="6" slack="1"/>
<pin id="3417" dir="1" index="2" bw="7" slack="0"/>
</pin_list>
<bind>
<opcode="add(8) " fcode="add"/>
<opset="add_ln58_782/3 "/>
</bind>
</comp>

<comp id="3418" class="1004" name="sext_ln58_946_fu_3418">
<pin_list>
<pin id="3419" dir="0" index="0" bw="7" slack="0"/>
<pin id="3420" dir="1" index="1" bw="8" slack="0"/>
</pin_list>
<bind>
<opcode="sext(35) " fcode="sext"/>
<opset="sext_ln58_946/3 "/>
</bind>
</comp>

<comp id="3422" class="1004" name="add_ln58_783_fu_3422">
<pin_list>
<pin id="3423" dir="0" index="0" bw="6" slack="0"/>
<pin id="3424" dir="0" index="1" bw="6" slack="0"/>
<pin id="3425" dir="1" index="2" bw="7" slack="0"/>
</pin_list>
<bind>
<opcode="add(8) " fcode="add"/>
<opset="add_ln58_783/3 "/>
</bind>
</comp>

<comp id="3428" class="1004" name="sext_ln58_947_fu_3428">
<pin_list>
<pin id="3429" dir="0" index="0" bw="7" slack="0"/>
<pin id="3430" dir="1" index="1" bw="8" slack="0"/>
</pin_list>
<bind>
<opcode="sext(35) " fcode="sext"/>
<opset="sext_ln58_947/3 "/>
</bind>
</comp>

<comp id="3432" class="1004" name="add_ln58_784_fu_3432">
<pin_list>
<pin id="3433" dir="0" index="0" bw="7" slack="0"/>
<pin id="3434" dir="0" index="1" bw="7" slack="0"/>
<pin id="3435" dir="1" index="2" bw="8" slack="0"/>
</pin_list>
<bind>
<opcode="add(8) " fcode="add"/>
<opset="add_ln58_784/3 "/>
</bind>
</comp>

<comp id="3438" class="1004" name="sext_ln58_948_fu_3438">
<pin_list>
<pin id="3439" dir="0" index="0" bw="8" slack="0"/>
<pin id="3440" dir="1" index="1" bw="9" slack="0"/>
</pin_list>
<bind>
<opcode="sext(35) " fcode="sext"/>
<opset="sext_ln58_948/3 "/>
</bind>
</comp>

<comp id="3442" class="1004" name="add_ln58_785_fu_3442">
<pin_list>
<pin id="3443" dir="0" index="0" bw="8" slack="0"/>
<pin id="3444" dir="0" index="1" bw="8" slack="0"/>
<pin id="3445" dir="1" index="2" bw="9" slack="0"/>
</pin_list>
<bind>
<opcode="add(8) " fcode="add"/>
<opset="add_ln58_785/3 "/>
</bind>
</comp>

<comp id="3448" class="1004" name="sext_ln58_949_fu_3448">
<pin_list>
<pin id="3449" dir="0" index="0" bw="9" slack="0"/>
<pin id="3450" dir="1" index="1" bw="11" slack="0"/>
</pin_list>
<bind>
<opcode="sext(35) " fcode="sext"/>
<opset="sext_ln58_949/3 "/>
</bind>
</comp>

<comp id="3452" class="1004" name="add_ln58_786_fu_3452">
<pin_list>
<pin id="3453" dir="0" index="0" bw="9" slack="0"/>
<pin id="3454" dir="0" index="1" bw="11" slack="0"/>
<pin id="3455" dir="1" index="2" bw="11" slack="0"/>
</pin_list>
<bind>
<opcode="add(8) " fcode="add"/>
<opset="add_ln58_786/3 "/>
</bind>
</comp>

<comp id="3458" class="1004" name="sext_ln58_310_fu_3458">
<pin_list>
<pin id="3459" dir="0" index="0" bw="11" slack="0"/>
<pin id="3460" dir="1" index="1" bw="18" slack="0"/>
</pin_list>
<bind>
<opcode="sext(35) " fcode="sext"/>
<opset="sext_ln58_310/3 "/>
</bind>
</comp>

<comp id="3462" class="1004" name="sext_ln58_958_fu_3462">
<pin_list>
<pin id="3463" dir="0" index="0" bw="10" slack="1"/>
<pin id="3464" dir="1" index="1" bw="11" slack="0"/>
</pin_list>
<bind>
<opcode="sext(35) " fcode="sext"/>
<opset="sext_ln58_958/3 "/>
</bind>
</comp>

<comp id="3465" class="1004" name="sub_ln58_328_fu_3465">
<pin_list>
<pin id="3466" dir="0" index="0" bw="10" slack="0"/>
<pin id="3467" dir="0" index="1" bw="6" slack="0"/>
<pin id="3468" dir="1" index="2" bw="11" slack="0"/>
</pin_list>
<bind>
<opcode="sub(10) " fcode="sub"/>
<opset="sub_ln58_328/3 "/>
</bind>
</comp>

<comp id="3471" class="1004" name="add_ln58_794_fu_3471">
<pin_list>
<pin id="3472" dir="0" index="0" bw="11" slack="0"/>
<pin id="3473" dir="0" index="1" bw="8" slack="0"/>
<pin id="3474" dir="1" index="2" bw="11" slack="0"/>
</pin_list>
<bind>
<opcode="add(8) " fcode="add"/>
<opset="add_ln58_794/3 "/>
</bind>
</comp>

<comp id="3477" class="1004" name="sub_ln58_329_fu_3477">
<pin_list>
<pin id="3478" dir="0" index="0" bw="7" slack="0"/>
<pin id="3479" dir="0" index="1" bw="6" slack="0"/>
<pin id="3480" dir="1" index="2" bw="8" slack="0"/>
</pin_list>
<bind>
<opcode="sub(10) " fcode="sub"/>
<opset="sub_ln58_329/3 "/>
</bind>
</comp>

<comp id="3483" class="1004" name="sext_ln58_959_fu_3483">
<pin_list>
<pin id="3484" dir="0" index="0" bw="8" slack="0"/>
<pin id="3485" dir="1" index="1" bw="11" slack="0"/>
</pin_list>
<bind>
<opcode="sext(35) " fcode="sext"/>
<opset="sext_ln58_959/3 "/>
</bind>
</comp>

<comp id="3487" class="1004" name="add_ln58_795_fu_3487">
<pin_list>
<pin id="3488" dir="0" index="0" bw="8" slack="0"/>
<pin id="3489" dir="0" index="1" bw="11" slack="0"/>
<pin id="3490" dir="1" index="2" bw="11" slack="0"/>
</pin_list>
<bind>
<opcode="add(8) " fcode="add"/>
<opset="add_ln58_795/3 "/>
</bind>
</comp>

<comp id="3493" class="1004" name="sub_ln58_330_fu_3493">
<pin_list>
<pin id="3494" dir="0" index="0" bw="6" slack="1"/>
<pin id="3495" dir="0" index="1" bw="6" slack="0"/>
<pin id="3496" dir="1" index="2" bw="7" slack="0"/>
</pin_list>
<bind>
<opcode="sub(10) " fcode="sub"/>
<opset="sub_ln58_330/3 "/>
</bind>
</comp>

<comp id="3498" class="1004" name="sext_ln58_960_fu_3498">
<pin_list>
<pin id="3499" dir="0" index="0" bw="7" slack="0"/>
<pin id="3500" dir="1" index="1" bw="8" slack="0"/>
</pin_list>
<bind>
<opcode="sext(35) " fcode="sext"/>
<opset="sext_ln58_960/3 "/>
</bind>
</comp>

<comp id="3502" class="1004" name="add_ln58_796_fu_3502">
<pin_list>
<pin id="3503" dir="0" index="0" bw="6" slack="1"/>
<pin id="3504" dir="0" index="1" bw="6" slack="0"/>
<pin id="3505" dir="1" index="2" bw="7" slack="0"/>
</pin_list>
<bind>
<opcode="add(8) " fcode="add"/>
<opset="add_ln58_796/3 "/>
</bind>
</comp>

<comp id="3507" class="1004" name="sext_ln58_961_fu_3507">
<pin_list>
<pin id="3508" dir="0" index="0" bw="7" slack="0"/>
<pin id="3509" dir="1" index="1" bw="8" slack="0"/>
</pin_list>
<bind>
<opcode="sext(35) " fcode="sext"/>
<opset="sext_ln58_961/3 "/>
</bind>
</comp>

<comp id="3511" class="1004" name="add_ln58_797_fu_3511">
<pin_list>
<pin id="3512" dir="0" index="0" bw="7" slack="0"/>
<pin id="3513" dir="0" index="1" bw="7" slack="0"/>
<pin id="3514" dir="1" index="2" bw="8" slack="0"/>
</pin_list>
<bind>
<opcode="add(8) " fcode="add"/>
<opset="add_ln58_797/3 "/>
</bind>
</comp>

<comp id="3517" class="1004" name="sext_ln58_962_fu_3517">
<pin_list>
<pin id="3518" dir="0" index="0" bw="8" slack="0"/>
<pin id="3519" dir="1" index="1" bw="11" slack="0"/>
</pin_list>
<bind>
<opcode="sext(35) " fcode="sext"/>
<opset="sext_ln58_962/3 "/>
</bind>
</comp>

<comp id="3521" class="1004" name="add_ln58_798_fu_3521">
<pin_list>
<pin id="3522" dir="0" index="0" bw="8" slack="0"/>
<pin id="3523" dir="0" index="1" bw="11" slack="0"/>
<pin id="3524" dir="1" index="2" bw="11" slack="0"/>
</pin_list>
<bind>
<opcode="add(8) " fcode="add"/>
<opset="add_ln58_798/3 "/>
</bind>
</comp>

<comp id="3527" class="1004" name="sext_ln58_313_fu_3527">
<pin_list>
<pin id="3528" dir="0" index="0" bw="11" slack="0"/>
<pin id="3529" dir="1" index="1" bw="18" slack="0"/>
</pin_list>
<bind>
<opcode="sext(35) " fcode="sext"/>
<opset="sext_ln58_313/3 "/>
</bind>
</comp>

<comp id="3531" class="1004" name="sub_ln58_369_fu_3531">
<pin_list>
<pin id="3532" dir="0" index="0" bw="7" slack="1"/>
<pin id="3533" dir="0" index="1" bw="7" slack="0"/>
<pin id="3534" dir="1" index="2" bw="8" slack="0"/>
</pin_list>
<bind>
<opcode="sub(10) " fcode="sub"/>
<opset="sub_ln58_369/3 "/>
</bind>
</comp>

<comp id="3536" class="1004" name="sext_ln58_963_fu_3536">
<pin_list>
<pin id="3537" dir="0" index="0" bw="8" slack="0"/>
<pin id="3538" dir="1" index="1" bw="10" slack="0"/>
</pin_list>
<bind>
<opcode="sext(35) " fcode="sext"/>
<opset="sext_ln58_963/3 "/>
</bind>
</comp>

<comp id="3540" class="1004" name="add_ln58_799_fu_3540">
<pin_list>
<pin id="3541" dir="0" index="0" bw="8" slack="0"/>
<pin id="3542" dir="0" index="1" bw="10" slack="1"/>
<pin id="3543" dir="1" index="2" bw="10" slack="0"/>
</pin_list>
<bind>
<opcode="add(8) " fcode="add"/>
<opset="add_ln58_799/3 "/>
</bind>
</comp>

<comp id="3545" class="1004" name="add_ln58_800_fu_3545">
<pin_list>
<pin id="3546" dir="0" index="0" bw="6" slack="1"/>
<pin id="3547" dir="0" index="1" bw="6" slack="1"/>
<pin id="3548" dir="1" index="2" bw="7" slack="0"/>
</pin_list>
<bind>
<opcode="add(8) " fcode="add"/>
<opset="add_ln58_800/3 "/>
</bind>
</comp>

<comp id="3549" class="1004" name="sext_ln58_964_fu_3549">
<pin_list>
<pin id="3550" dir="0" index="0" bw="7" slack="0"/>
<pin id="3551" dir="1" index="1" bw="8" slack="0"/>
</pin_list>
<bind>
<opcode="sext(35) " fcode="sext"/>
<opset="sext_ln58_964/3 "/>
</bind>
</comp>

<comp id="3553" class="1004" name="sub_ln58_331_fu_3553">
<pin_list>
<pin id="3554" dir="0" index="0" bw="7" slack="0"/>
<pin id="3555" dir="0" index="1" bw="6" slack="0"/>
<pin id="3556" dir="1" index="2" bw="8" slack="0"/>
</pin_list>
<bind>
<opcode="sub(10) " fcode="sub"/>
<opset="sub_ln58_331/3 "/>
</bind>
</comp>

<comp id="3559" class="1004" name="sext_ln58_965_fu_3559">
<pin_list>
<pin id="3560" dir="0" index="0" bw="8" slack="0"/>
<pin id="3561" dir="1" index="1" bw="10" slack="0"/>
</pin_list>
<bind>
<opcode="sext(35) " fcode="sext"/>
<opset="sext_ln58_965/3 "/>
</bind>
</comp>

<comp id="3563" class="1004" name="add_ln58_801_fu_3563">
<pin_list>
<pin id="3564" dir="0" index="0" bw="8" slack="0"/>
<pin id="3565" dir="0" index="1" bw="10" slack="0"/>
<pin id="3566" dir="1" index="2" bw="10" slack="0"/>
</pin_list>
<bind>
<opcode="add(8) " fcode="add"/>
<opset="add_ln58_801/3 "/>
</bind>
</comp>

<comp id="3569" class="1004" name="sext_ln58_314_fu_3569">
<pin_list>
<pin id="3570" dir="0" index="0" bw="10" slack="0"/>
<pin id="3571" dir="1" index="1" bw="11" slack="0"/>
</pin_list>
<bind>
<opcode="sext(35) " fcode="sext"/>
<opset="sext_ln58_314/3 "/>
</bind>
</comp>

<comp id="3573" class="1004" name="add_ln58_802_fu_3573">
<pin_list>
<pin id="3574" dir="0" index="0" bw="10" slack="0"/>
<pin id="3575" dir="0" index="1" bw="9" slack="0"/>
<pin id="3576" dir="1" index="2" bw="11" slack="0"/>
</pin_list>
<bind>
<opcode="add(8) " fcode="add"/>
<opset="add_ln58_802/3 "/>
</bind>
</comp>

<comp id="3579" class="1004" name="sext_ln58_1027_fu_3579">
<pin_list>
<pin id="3580" dir="0" index="0" bw="7" slack="1"/>
<pin id="3581" dir="1" index="1" bw="9" slack="0"/>
</pin_list>
<bind>
<opcode="sext(35) " fcode="sext"/>
<opset="sext_ln58_1027/3 "/>
</bind>
</comp>

<comp id="3582" class="1004" name="sext_ln58_1028_fu_3582">
<pin_list>
<pin id="3583" dir="0" index="0" bw="8" slack="0"/>
<pin id="3584" dir="1" index="1" bw="9" slack="0"/>
</pin_list>
<bind>
<opcode="sext(35) " fcode="sext"/>
<opset="sext_ln58_1028/3 "/>
</bind>
</comp>

<comp id="3586" class="1004" name="sub_ln58_370_fu_3586">
<pin_list>
<pin id="3587" dir="0" index="0" bw="8" slack="0"/>
<pin id="3588" dir="0" index="1" bw="7" slack="0"/>
<pin id="3589" dir="1" index="2" bw="9" slack="0"/>
</pin_list>
<bind>
<opcode="sub(10) " fcode="sub"/>
<opset="sub_ln58_370/3 "/>
</bind>
</comp>

<comp id="3592" class="1004" name="sext_ln58_966_fu_3592">
<pin_list>
<pin id="3593" dir="0" index="0" bw="9" slack="0"/>
<pin id="3594" dir="1" index="1" bw="11" slack="0"/>
</pin_list>
<bind>
<opcode="sext(35) " fcode="sext"/>
<opset="sext_ln58_966/3 "/>
</bind>
</comp>

<comp id="3596" class="1004" name="add_ln58_803_fu_3596">
<pin_list>
<pin id="3597" dir="0" index="0" bw="9" slack="0"/>
<pin id="3598" dir="0" index="1" bw="11" slack="0"/>
<pin id="3599" dir="1" index="2" bw="11" slack="0"/>
</pin_list>
<bind>
<opcode="add(8) " fcode="add"/>
<opset="add_ln58_803/3 "/>
</bind>
</comp>

<comp id="3602" class="1004" name="add_ln58_804_fu_3602">
<pin_list>
<pin id="3603" dir="0" index="0" bw="7" slack="0"/>
<pin id="3604" dir="0" index="1" bw="7" slack="0"/>
<pin id="3605" dir="1" index="2" bw="8" slack="0"/>
</pin_list>
<bind>
<opcode="add(8) " fcode="add"/>
<opset="add_ln58_804/3 "/>
</bind>
</comp>

<comp id="3608" class="1004" name="sext_ln58_967_fu_3608">
<pin_list>
<pin id="3609" dir="0" index="0" bw="8" slack="0"/>
<pin id="3610" dir="1" index="1" bw="10" slack="0"/>
</pin_list>
<bind>
<opcode="sext(35) " fcode="sext"/>
<opset="sext_ln58_967/3 "/>
</bind>
</comp>

<comp id="3612" class="1004" name="add_ln58_805_fu_3612">
<pin_list>
<pin id="3613" dir="0" index="0" bw="7" slack="0"/>
<pin id="3614" dir="0" index="1" bw="6" slack="0"/>
<pin id="3615" dir="1" index="2" bw="8" slack="0"/>
</pin_list>
<bind>
<opcode="add(8) " fcode="add"/>
<opset="add_ln58_805/3 "/>
</bind>
</comp>

<comp id="3618" class="1004" name="sext_ln58_968_fu_3618">
<pin_list>
<pin id="3619" dir="0" index="0" bw="8" slack="0"/>
<pin id="3620" dir="1" index="1" bw="9" slack="0"/>
</pin_list>
<bind>
<opcode="sext(35) " fcode="sext"/>
<opset="sext_ln58_968/3 "/>
</bind>
</comp>

<comp id="3622" class="1004" name="add_ln58_806_fu_3622">
<pin_list>
<pin id="3623" dir="0" index="0" bw="8" slack="0"/>
<pin id="3624" dir="0" index="1" bw="7" slack="0"/>
<pin id="3625" dir="1" index="2" bw="9" slack="0"/>
</pin_list>
<bind>
<opcode="add(8) " fcode="add"/>
<opset="add_ln58_806/3 "/>
</bind>
</comp>

<comp id="3628" class="1004" name="sext_ln58_969_fu_3628">
<pin_list>
<pin id="3629" dir="0" index="0" bw="9" slack="0"/>
<pin id="3630" dir="1" index="1" bw="10" slack="0"/>
</pin_list>
<bind>
<opcode="sext(35) " fcode="sext"/>
<opset="sext_ln58_969/3 "/>
</bind>
</comp>

<comp id="3632" class="1004" name="add_ln58_807_fu_3632">
<pin_list>
<pin id="3633" dir="0" index="0" bw="9" slack="0"/>
<pin id="3634" dir="0" index="1" bw="8" slack="0"/>
<pin id="3635" dir="1" index="2" bw="10" slack="0"/>
</pin_list>
<bind>
<opcode="add(8) " fcode="add"/>
<opset="add_ln58_807/3 "/>
</bind>
</comp>

<comp id="3638" class="1004" name="sext_ln58_970_fu_3638">
<pin_list>
<pin id="3639" dir="0" index="0" bw="10" slack="0"/>
<pin id="3640" dir="1" index="1" bw="11" slack="0"/>
</pin_list>
<bind>
<opcode="sext(35) " fcode="sext"/>
<opset="sext_ln58_970/3 "/>
</bind>
</comp>

<comp id="3642" class="1004" name="add_ln58_808_fu_3642">
<pin_list>
<pin id="3643" dir="0" index="0" bw="10" slack="0"/>
<pin id="3644" dir="0" index="1" bw="11" slack="0"/>
<pin id="3645" dir="1" index="2" bw="11" slack="0"/>
</pin_list>
<bind>
<opcode="add(8) " fcode="add"/>
<opset="add_ln58_808/3 "/>
</bind>
</comp>

<comp id="3648" class="1004" name="sext_ln58_315_fu_3648">
<pin_list>
<pin id="3649" dir="0" index="0" bw="11" slack="0"/>
<pin id="3650" dir="1" index="1" bw="12" slack="0"/>
</pin_list>
<bind>
<opcode="sext(35) " fcode="sext"/>
<opset="sext_ln58_315/3 "/>
</bind>
</comp>

<comp id="3652" class="1004" name="add_ln58_809_fu_3652">
<pin_list>
<pin id="3653" dir="0" index="0" bw="11" slack="0"/>
<pin id="3654" dir="0" index="1" bw="6" slack="0"/>
<pin id="3655" dir="1" index="2" bw="12" slack="0"/>
</pin_list>
<bind>
<opcode="add(8) " fcode="add"/>
<opset="add_ln58_809/3 "/>
</bind>
</comp>

<comp id="3658" class="1004" name="sext_ln58_316_fu_3658">
<pin_list>
<pin id="3659" dir="0" index="0" bw="12" slack="0"/>
<pin id="3660" dir="1" index="1" bw="18" slack="0"/>
</pin_list>
<bind>
<opcode="sext(35) " fcode="sext"/>
<opset="sext_ln58_316/3 "/>
</bind>
</comp>

<comp id="3662" class="1004" name="sext_ln58_318_fu_3662">
<pin_list>
<pin id="3663" dir="0" index="0" bw="10" slack="1"/>
<pin id="3664" dir="1" index="1" bw="11" slack="0"/>
</pin_list>
<bind>
<opcode="sext(35) " fcode="sext"/>
<opset="sext_ln58_318/3 "/>
</bind>
</comp>

<comp id="3665" class="1004" name="sub_ln58_334_fu_3665">
<pin_list>
<pin id="3666" dir="0" index="0" bw="7" slack="0"/>
<pin id="3667" dir="0" index="1" bw="6" slack="0"/>
<pin id="3668" dir="1" index="2" bw="8" slack="0"/>
</pin_list>
<bind>
<opcode="sub(10) " fcode="sub"/>
<opset="sub_ln58_334/3 "/>
</bind>
</comp>

<comp id="3671" class="1004" name="sext_ln58_976_fu_3671">
<pin_list>
<pin id="3672" dir="0" index="0" bw="8" slack="0"/>
<pin id="3673" dir="1" index="1" bw="11" slack="0"/>
</pin_list>
<bind>
<opcode="sext(35) " fcode="sext"/>
<opset="sext_ln58_976/3 "/>
</bind>
</comp>

<comp id="3675" class="1004" name="add_ln58_814_fu_3675">
<pin_list>
<pin id="3676" dir="0" index="0" bw="8" slack="0"/>
<pin id="3677" dir="0" index="1" bw="10" slack="0"/>
<pin id="3678" dir="1" index="2" bw="11" slack="0"/>
</pin_list>
<bind>
<opcode="add(8) " fcode="add"/>
<opset="add_ln58_814/3 "/>
</bind>
</comp>

<comp id="3681" class="1004" name="sext_ln58_977_fu_3681">
<pin_list>
<pin id="3682" dir="0" index="0" bw="7" slack="0"/>
<pin id="3683" dir="1" index="1" bw="8" slack="0"/>
</pin_list>
<bind>
<opcode="sext(35) " fcode="sext"/>
<opset="sext_ln58_977/3 "/>
</bind>
</comp>

<comp id="3685" class="1004" name="sub_ln58_335_fu_3685">
<pin_list>
<pin id="3686" dir="0" index="0" bw="7" slack="0"/>
<pin id="3687" dir="0" index="1" bw="6" slack="0"/>
<pin id="3688" dir="1" index="2" bw="8" slack="0"/>
</pin_list>
<bind>
<opcode="sub(10) " fcode="sub"/>
<opset="sub_ln58_335/3 "/>
</bind>
</comp>

<comp id="3691" class="1004" name="add_ln58_815_fu_3691">
<pin_list>
<pin id="3692" dir="0" index="0" bw="8" slack="0"/>
<pin id="3693" dir="0" index="1" bw="7" slack="0"/>
<pin id="3694" dir="1" index="2" bw="8" slack="0"/>
</pin_list>
<bind>
<opcode="add(8) " fcode="add"/>
<opset="add_ln58_815/3 "/>
</bind>
</comp>

<comp id="3697" class="1004" name="sext_ln58_978_fu_3697">
<pin_list>
<pin id="3698" dir="0" index="0" bw="8" slack="0"/>
<pin id="3699" dir="1" index="1" bw="11" slack="0"/>
</pin_list>
<bind>
<opcode="sext(35) " fcode="sext"/>
<opset="sext_ln58_978/3 "/>
</bind>
</comp>

<comp id="3701" class="1004" name="add_ln58_816_fu_3701">
<pin_list>
<pin id="3702" dir="0" index="0" bw="8" slack="0"/>
<pin id="3703" dir="0" index="1" bw="11" slack="0"/>
<pin id="3704" dir="1" index="2" bw="11" slack="0"/>
</pin_list>
<bind>
<opcode="add(8) " fcode="add"/>
<opset="add_ln58_816/3 "/>
</bind>
</comp>

<comp id="3707" class="1004" name="sub_ln58_336_fu_3707">
<pin_list>
<pin id="3708" dir="0" index="0" bw="6" slack="1"/>
<pin id="3709" dir="0" index="1" bw="6" slack="0"/>
<pin id="3710" dir="1" index="2" bw="7" slack="0"/>
</pin_list>
<bind>
<opcode="sub(10) " fcode="sub"/>
<opset="sub_ln58_336/3 "/>
</bind>
</comp>

<comp id="3712" class="1004" name="sext_ln58_979_fu_3712">
<pin_list>
<pin id="3713" dir="0" index="0" bw="7" slack="0"/>
<pin id="3714" dir="1" index="1" bw="8" slack="0"/>
</pin_list>
<bind>
<opcode="sext(35) " fcode="sext"/>
<opset="sext_ln58_979/3 "/>
</bind>
</comp>

<comp id="3716" class="1004" name="add_ln58_817_fu_3716">
<pin_list>
<pin id="3717" dir="0" index="0" bw="7" slack="0"/>
<pin id="3718" dir="0" index="1" bw="7" slack="0"/>
<pin id="3719" dir="1" index="2" bw="8" slack="0"/>
</pin_list>
<bind>
<opcode="add(8) " fcode="add"/>
<opset="add_ln58_817/3 "/>
</bind>
</comp>

<comp id="3722" class="1004" name="sext_ln58_980_fu_3722">
<pin_list>
<pin id="3723" dir="0" index="0" bw="8" slack="0"/>
<pin id="3724" dir="1" index="1" bw="9" slack="0"/>
</pin_list>
<bind>
<opcode="sext(35) " fcode="sext"/>
<opset="sext_ln58_980/3 "/>
</bind>
</comp>

<comp id="3726" class="1004" name="add_ln58_818_fu_3726">
<pin_list>
<pin id="3727" dir="0" index="0" bw="6" slack="1"/>
<pin id="3728" dir="0" index="1" bw="6" slack="1"/>
<pin id="3729" dir="1" index="2" bw="7" slack="0"/>
</pin_list>
<bind>
<opcode="add(8) " fcode="add"/>
<opset="add_ln58_818/3 "/>
</bind>
</comp>

<comp id="3730" class="1004" name="sext_ln58_981_fu_3730">
<pin_list>
<pin id="3731" dir="0" index="0" bw="7" slack="0"/>
<pin id="3732" dir="1" index="1" bw="8" slack="0"/>
</pin_list>
<bind>
<opcode="sext(35) " fcode="sext"/>
<opset="sext_ln58_981/3 "/>
</bind>
</comp>

<comp id="3734" class="1004" name="add_ln58_819_fu_3734">
<pin_list>
<pin id="3735" dir="0" index="0" bw="6" slack="0"/>
<pin id="3736" dir="0" index="1" bw="6" slack="0"/>
<pin id="3737" dir="1" index="2" bw="7" slack="0"/>
</pin_list>
<bind>
<opcode="add(8) " fcode="add"/>
<opset="add_ln58_819/3 "/>
</bind>
</comp>

<comp id="3740" class="1004" name="sext_ln58_982_fu_3740">
<pin_list>
<pin id="3741" dir="0" index="0" bw="7" slack="0"/>
<pin id="3742" dir="1" index="1" bw="8" slack="0"/>
</pin_list>
<bind>
<opcode="sext(35) " fcode="sext"/>
<opset="sext_ln58_982/3 "/>
</bind>
</comp>

<comp id="3744" class="1004" name="add_ln58_820_fu_3744">
<pin_list>
<pin id="3745" dir="0" index="0" bw="7" slack="0"/>
<pin id="3746" dir="0" index="1" bw="7" slack="0"/>
<pin id="3747" dir="1" index="2" bw="8" slack="0"/>
</pin_list>
<bind>
<opcode="add(8) " fcode="add"/>
<opset="add_ln58_820/3 "/>
</bind>
</comp>

<comp id="3750" class="1004" name="sext_ln58_983_fu_3750">
<pin_list>
<pin id="3751" dir="0" index="0" bw="8" slack="0"/>
<pin id="3752" dir="1" index="1" bw="9" slack="0"/>
</pin_list>
<bind>
<opcode="sext(35) " fcode="sext"/>
<opset="sext_ln58_983/3 "/>
</bind>
</comp>

<comp id="3754" class="1004" name="add_ln58_821_fu_3754">
<pin_list>
<pin id="3755" dir="0" index="0" bw="8" slack="0"/>
<pin id="3756" dir="0" index="1" bw="8" slack="0"/>
<pin id="3757" dir="1" index="2" bw="9" slack="0"/>
</pin_list>
<bind>
<opcode="add(8) " fcode="add"/>
<opset="add_ln58_821/3 "/>
</bind>
</comp>

<comp id="3760" class="1004" name="sext_ln58_984_fu_3760">
<pin_list>
<pin id="3761" dir="0" index="0" bw="9" slack="0"/>
<pin id="3762" dir="1" index="1" bw="11" slack="0"/>
</pin_list>
<bind>
<opcode="sext(35) " fcode="sext"/>
<opset="sext_ln58_984/3 "/>
</bind>
</comp>

<comp id="3764" class="1004" name="add_ln58_822_fu_3764">
<pin_list>
<pin id="3765" dir="0" index="0" bw="9" slack="0"/>
<pin id="3766" dir="0" index="1" bw="11" slack="0"/>
<pin id="3767" dir="1" index="2" bw="11" slack="0"/>
</pin_list>
<bind>
<opcode="add(8) " fcode="add"/>
<opset="add_ln58_822/3 "/>
</bind>
</comp>

<comp id="3770" class="1004" name="sext_ln58_319_fu_3770">
<pin_list>
<pin id="3771" dir="0" index="0" bw="11" slack="0"/>
<pin id="3772" dir="1" index="1" bw="18" slack="0"/>
</pin_list>
<bind>
<opcode="sext(35) " fcode="sext"/>
<opset="sext_ln58_319/3 "/>
</bind>
</comp>

<comp id="3774" class="1004" name="sext_ln58_321_fu_3774">
<pin_list>
<pin id="3775" dir="0" index="0" bw="10" slack="1"/>
<pin id="3776" dir="1" index="1" bw="11" slack="0"/>
</pin_list>
<bind>
<opcode="sext(35) " fcode="sext"/>
<opset="sext_ln58_321/3 "/>
</bind>
</comp>

<comp id="3777" class="1004" name="sub_ln58_374_fu_3777">
<pin_list>
<pin id="3778" dir="0" index="0" bw="7" slack="0"/>
<pin id="3779" dir="0" index="1" bw="7" slack="0"/>
<pin id="3780" dir="1" index="2" bw="8" slack="0"/>
</pin_list>
<bind>
<opcode="sub(10) " fcode="sub"/>
<opset="sub_ln58_374/3 "/>
</bind>
</comp>

<comp id="3783" class="1004" name="sext_ln58_990_fu_3783">
<pin_list>
<pin id="3784" dir="0" index="0" bw="8" slack="0"/>
<pin id="3785" dir="1" index="1" bw="11" slack="0"/>
</pin_list>
<bind>
<opcode="sext(35) " fcode="sext"/>
<opset="sext_ln58_990/3 "/>
</bind>
</comp>

<comp id="3787" class="1004" name="add_ln58_829_fu_3787">
<pin_list>
<pin id="3788" dir="0" index="0" bw="8" slack="0"/>
<pin id="3789" dir="0" index="1" bw="10" slack="0"/>
<pin id="3790" dir="1" index="2" bw="11" slack="0"/>
</pin_list>
<bind>
<opcode="add(8) " fcode="add"/>
<opset="add_ln58_829/3 "/>
</bind>
</comp>

<comp id="3793" class="1004" name="sub_ln58_339_fu_3793">
<pin_list>
<pin id="3794" dir="0" index="0" bw="6" slack="1"/>
<pin id="3795" dir="0" index="1" bw="6" slack="0"/>
<pin id="3796" dir="1" index="2" bw="7" slack="0"/>
</pin_list>
<bind>
<opcode="sub(10) " fcode="sub"/>
<opset="sub_ln58_339/3 "/>
</bind>
</comp>

<comp id="3798" class="1004" name="sext_ln58_991_fu_3798">
<pin_list>
<pin id="3799" dir="0" index="0" bw="7" slack="0"/>
<pin id="3800" dir="1" index="1" bw="8" slack="0"/>
</pin_list>
<bind>
<opcode="sext(35) " fcode="sext"/>
<opset="sext_ln58_991/3 "/>
</bind>
</comp>

<comp id="3802" class="1004" name="sub_ln58_340_fu_3802">
<pin_list>
<pin id="3803" dir="0" index="0" bw="7" slack="0"/>
<pin id="3804" dir="0" index="1" bw="6" slack="1"/>
<pin id="3805" dir="1" index="2" bw="8" slack="0"/>
</pin_list>
<bind>
<opcode="sub(10) " fcode="sub"/>
<opset="sub_ln58_340/3 "/>
</bind>
</comp>

<comp id="3807" class="1004" name="sext_ln58_992_fu_3807">
<pin_list>
<pin id="3808" dir="0" index="0" bw="8" slack="0"/>
<pin id="3809" dir="1" index="1" bw="11" slack="0"/>
</pin_list>
<bind>
<opcode="sext(35) " fcode="sext"/>
<opset="sext_ln58_992/3 "/>
</bind>
</comp>

<comp id="3811" class="1004" name="add_ln58_830_fu_3811">
<pin_list>
<pin id="3812" dir="0" index="0" bw="8" slack="0"/>
<pin id="3813" dir="0" index="1" bw="11" slack="0"/>
<pin id="3814" dir="1" index="2" bw="11" slack="0"/>
</pin_list>
<bind>
<opcode="add(8) " fcode="add"/>
<opset="add_ln58_830/3 "/>
</bind>
</comp>

<comp id="3817" class="1004" name="add_ln58_831_fu_3817">
<pin_list>
<pin id="3818" dir="0" index="0" bw="6" slack="1"/>
<pin id="3819" dir="0" index="1" bw="6" slack="1"/>
<pin id="3820" dir="1" index="2" bw="7" slack="0"/>
</pin_list>
<bind>
<opcode="add(8) " fcode="add"/>
<opset="add_ln58_831/3 "/>
</bind>
</comp>

<comp id="3821" class="1004" name="sext_ln58_993_fu_3821">
<pin_list>
<pin id="3822" dir="0" index="0" bw="7" slack="0"/>
<pin id="3823" dir="1" index="1" bw="8" slack="0"/>
</pin_list>
<bind>
<opcode="sext(35) " fcode="sext"/>
<opset="sext_ln58_993/3 "/>
</bind>
</comp>

<comp id="3825" class="1004" name="add_ln58_832_fu_3825">
<pin_list>
<pin id="3826" dir="0" index="0" bw="7" slack="0"/>
<pin id="3827" dir="0" index="1" bw="6" slack="0"/>
<pin id="3828" dir="1" index="2" bw="8" slack="0"/>
</pin_list>
<bind>
<opcode="add(8) " fcode="add"/>
<opset="add_ln58_832/3 "/>
</bind>
</comp>

<comp id="3831" class="1004" name="sext_ln58_994_fu_3831">
<pin_list>
<pin id="3832" dir="0" index="0" bw="8" slack="0"/>
<pin id="3833" dir="1" index="1" bw="9" slack="0"/>
</pin_list>
<bind>
<opcode="sext(35) " fcode="sext"/>
<opset="sext_ln58_994/3 "/>
</bind>
</comp>

<comp id="3835" class="1004" name="add_ln58_833_fu_3835">
<pin_list>
<pin id="3836" dir="0" index="0" bw="6" slack="0"/>
<pin id="3837" dir="0" index="1" bw="6" slack="0"/>
<pin id="3838" dir="1" index="2" bw="7" slack="0"/>
</pin_list>
<bind>
<opcode="add(8) " fcode="add"/>
<opset="add_ln58_833/3 "/>
</bind>
</comp>

<comp id="3841" class="1004" name="sext_ln58_995_fu_3841">
<pin_list>
<pin id="3842" dir="0" index="0" bw="7" slack="0"/>
<pin id="3843" dir="1" index="1" bw="8" slack="0"/>
</pin_list>
<bind>
<opcode="sext(35) " fcode="sext"/>
<opset="sext_ln58_995/3 "/>
</bind>
</comp>

<comp id="3845" class="1004" name="add_ln58_834_fu_3845">
<pin_list>
<pin id="3846" dir="0" index="0" bw="7" slack="0"/>
<pin id="3847" dir="0" index="1" bw="6" slack="0"/>
<pin id="3848" dir="1" index="2" bw="8" slack="0"/>
</pin_list>
<bind>
<opcode="add(8) " fcode="add"/>
<opset="add_ln58_834/3 "/>
</bind>
</comp>

<comp id="3851" class="1004" name="sext_ln58_996_fu_3851">
<pin_list>
<pin id="3852" dir="0" index="0" bw="8" slack="0"/>
<pin id="3853" dir="1" index="1" bw="9" slack="0"/>
</pin_list>
<bind>
<opcode="sext(35) " fcode="sext"/>
<opset="sext_ln58_996/3 "/>
</bind>
</comp>

<comp id="3855" class="1004" name="add_ln58_835_fu_3855">
<pin_list>
<pin id="3856" dir="0" index="0" bw="8" slack="0"/>
<pin id="3857" dir="0" index="1" bw="8" slack="0"/>
<pin id="3858" dir="1" index="2" bw="9" slack="0"/>
</pin_list>
<bind>
<opcode="add(8) " fcode="add"/>
<opset="add_ln58_835/3 "/>
</bind>
</comp>

<comp id="3861" class="1004" name="sext_ln58_997_fu_3861">
<pin_list>
<pin id="3862" dir="0" index="0" bw="9" slack="0"/>
<pin id="3863" dir="1" index="1" bw="11" slack="0"/>
</pin_list>
<bind>
<opcode="sext(35) " fcode="sext"/>
<opset="sext_ln58_997/3 "/>
</bind>
</comp>

<comp id="3865" class="1004" name="add_ln58_836_fu_3865">
<pin_list>
<pin id="3866" dir="0" index="0" bw="9" slack="0"/>
<pin id="3867" dir="0" index="1" bw="11" slack="0"/>
<pin id="3868" dir="1" index="2" bw="11" slack="0"/>
</pin_list>
<bind>
<opcode="add(8) " fcode="add"/>
<opset="add_ln58_836/3 "/>
</bind>
</comp>

<comp id="3871" class="1004" name="sext_ln58_322_fu_3871">
<pin_list>
<pin id="3872" dir="0" index="0" bw="11" slack="0"/>
<pin id="3873" dir="1" index="1" bw="18" slack="0"/>
</pin_list>
<bind>
<opcode="sext(35) " fcode="sext"/>
<opset="sext_ln58_322/3 "/>
</bind>
</comp>

<comp id="3875" class="1004" name="sext_ln58_1031_fu_3875">
<pin_list>
<pin id="3876" dir="0" index="0" bw="7" slack="0"/>
<pin id="3877" dir="1" index="1" bw="11" slack="0"/>
</pin_list>
<bind>
<opcode="sext(35) " fcode="sext"/>
<opset="sext_ln58_1031/3 "/>
</bind>
</comp>

<comp id="3879" class="1004" name="sext_ln58_1032_fu_3879">
<pin_list>
<pin id="3880" dir="0" index="0" bw="10" slack="1"/>
<pin id="3881" dir="1" index="1" bw="11" slack="0"/>
</pin_list>
<bind>
<opcode="sext(35) " fcode="sext"/>
<opset="sext_ln58_1032/3 "/>
</bind>
</comp>

<comp id="3882" class="1004" name="sub_ln58_375_fu_3882">
<pin_list>
<pin id="3883" dir="0" index="0" bw="10" slack="0"/>
<pin id="3884" dir="0" index="1" bw="7" slack="0"/>
<pin id="3885" dir="1" index="2" bw="11" slack="0"/>
</pin_list>
<bind>
<opcode="sub(10) " fcode="sub"/>
<opset="sub_ln58_375/3 "/>
</bind>
</comp>

<comp id="3888" class="1004" name="sext_ln58_998_fu_3888">
<pin_list>
<pin id="3889" dir="0" index="0" bw="8" slack="0"/>
<pin id="3890" dir="1" index="1" bw="11" slack="0"/>
</pin_list>
<bind>
<opcode="sext(35) " fcode="sext"/>
<opset="sext_ln58_998/3 "/>
</bind>
</comp>

<comp id="3892" class="1004" name="add_ln58_837_fu_3892">
<pin_list>
<pin id="3893" dir="0" index="0" bw="8" slack="0"/>
<pin id="3894" dir="0" index="1" bw="11" slack="0"/>
<pin id="3895" dir="1" index="2" bw="11" slack="0"/>
</pin_list>
<bind>
<opcode="add(8) " fcode="add"/>
<opset="add_ln58_837/3 "/>
</bind>
</comp>

<comp id="3898" class="1004" name="sext_ln58_999_fu_3898">
<pin_list>
<pin id="3899" dir="0" index="0" bw="7" slack="0"/>
<pin id="3900" dir="1" index="1" bw="8" slack="0"/>
</pin_list>
<bind>
<opcode="sext(35) " fcode="sext"/>
<opset="sext_ln58_999/3 "/>
</bind>
</comp>

<comp id="3902" class="1004" name="sub_ln58_341_fu_3902">
<pin_list>
<pin id="3903" dir="0" index="0" bw="7" slack="0"/>
<pin id="3904" dir="0" index="1" bw="6" slack="0"/>
<pin id="3905" dir="1" index="2" bw="8" slack="0"/>
</pin_list>
<bind>
<opcode="sub(10) " fcode="sub"/>
<opset="sub_ln58_341/3 "/>
</bind>
</comp>

<comp id="3908" class="1004" name="sext_ln58_1000_fu_3908">
<pin_list>
<pin id="3909" dir="0" index="0" bw="8" slack="0"/>
<pin id="3910" dir="1" index="1" bw="9" slack="0"/>
</pin_list>
<bind>
<opcode="sext(35) " fcode="sext"/>
<opset="sext_ln58_1000/3 "/>
</bind>
</comp>

<comp id="3912" class="1004" name="add_ln58_838_fu_3912">
<pin_list>
<pin id="3913" dir="0" index="0" bw="7" slack="0"/>
<pin id="3914" dir="0" index="1" bw="7" slack="0"/>
<pin id="3915" dir="1" index="2" bw="8" slack="0"/>
</pin_list>
<bind>
<opcode="add(8) " fcode="add"/>
<opset="add_ln58_838/3 "/>
</bind>
</comp>

<comp id="3918" class="1004" name="sext_ln58_1001_fu_3918">
<pin_list>
<pin id="3919" dir="0" index="0" bw="8" slack="0"/>
<pin id="3920" dir="1" index="1" bw="9" slack="0"/>
</pin_list>
<bind>
<opcode="sext(35) " fcode="sext"/>
<opset="sext_ln58_1001/3 "/>
</bind>
</comp>

<comp id="3922" class="1004" name="add_ln58_839_fu_3922">
<pin_list>
<pin id="3923" dir="0" index="0" bw="8" slack="0"/>
<pin id="3924" dir="0" index="1" bw="8" slack="0"/>
<pin id="3925" dir="1" index="2" bw="9" slack="0"/>
</pin_list>
<bind>
<opcode="add(8) " fcode="add"/>
<opset="add_ln58_839/3 "/>
</bind>
</comp>

<comp id="3928" class="1004" name="sext_ln58_1002_fu_3928">
<pin_list>
<pin id="3929" dir="0" index="0" bw="9" slack="0"/>
<pin id="3930" dir="1" index="1" bw="11" slack="0"/>
</pin_list>
<bind>
<opcode="sext(35) " fcode="sext"/>
<opset="sext_ln58_1002/3 "/>
</bind>
</comp>

<comp id="3932" class="1004" name="add_ln58_840_fu_3932">
<pin_list>
<pin id="3933" dir="0" index="0" bw="9" slack="0"/>
<pin id="3934" dir="0" index="1" bw="11" slack="0"/>
<pin id="3935" dir="1" index="2" bw="11" slack="0"/>
</pin_list>
<bind>
<opcode="add(8) " fcode="add"/>
<opset="add_ln58_840/3 "/>
</bind>
</comp>

<comp id="3938" class="1004" name="sext_ln58_323_fu_3938">
<pin_list>
<pin id="3939" dir="0" index="0" bw="11" slack="0"/>
<pin id="3940" dir="1" index="1" bw="18" slack="0"/>
</pin_list>
<bind>
<opcode="sext(35) " fcode="sext"/>
<opset="sext_ln58_323/3 "/>
</bind>
</comp>

<comp id="3942" class="1004" name="add_ln58_841_fu_3942">
<pin_list>
<pin id="3943" dir="0" index="0" bw="7" slack="1"/>
<pin id="3944" dir="0" index="1" bw="7" slack="0"/>
<pin id="3945" dir="1" index="2" bw="8" slack="0"/>
</pin_list>
<bind>
<opcode="add(8) " fcode="add"/>
<opset="add_ln58_841/3 "/>
</bind>
</comp>

<comp id="3947" class="1004" name="sext_ln58_1003_fu_3947">
<pin_list>
<pin id="3948" dir="0" index="0" bw="8" slack="0"/>
<pin id="3949" dir="1" index="1" bw="11" slack="0"/>
</pin_list>
<bind>
<opcode="sext(35) " fcode="sext"/>
<opset="sext_ln58_1003/3 "/>
</bind>
</comp>

<comp id="3951" class="1004" name="add_ln58_842_fu_3951">
<pin_list>
<pin id="3952" dir="0" index="0" bw="8" slack="0"/>
<pin id="3953" dir="0" index="1" bw="10" slack="0"/>
<pin id="3954" dir="1" index="2" bw="11" slack="0"/>
</pin_list>
<bind>
<opcode="add(8) " fcode="add"/>
<opset="add_ln58_842/3 "/>
</bind>
</comp>

<comp id="3957" class="1004" name="sub_ln58_342_fu_3957">
<pin_list>
<pin id="3958" dir="0" index="0" bw="7" slack="0"/>
<pin id="3959" dir="0" index="1" bw="6" slack="0"/>
<pin id="3960" dir="1" index="2" bw="8" slack="0"/>
</pin_list>
<bind>
<opcode="sub(10) " fcode="sub"/>
<opset="sub_ln58_342/3 "/>
</bind>
</comp>

<comp id="3963" class="1004" name="add_ln58_843_fu_3963">
<pin_list>
<pin id="3964" dir="0" index="0" bw="8" slack="0"/>
<pin id="3965" dir="0" index="1" bw="7" slack="0"/>
<pin id="3966" dir="1" index="2" bw="8" slack="0"/>
</pin_list>
<bind>
<opcode="add(8) " fcode="add"/>
<opset="add_ln58_843/3 "/>
</bind>
</comp>

<comp id="3969" class="1004" name="sext_ln58_1005_fu_3969">
<pin_list>
<pin id="3970" dir="0" index="0" bw="8" slack="0"/>
<pin id="3971" dir="1" index="1" bw="11" slack="0"/>
</pin_list>
<bind>
<opcode="sext(35) " fcode="sext"/>
<opset="sext_ln58_1005/3 "/>
</bind>
</comp>

<comp id="3973" class="1004" name="add_ln58_844_fu_3973">
<pin_list>
<pin id="3974" dir="0" index="0" bw="8" slack="0"/>
<pin id="3975" dir="0" index="1" bw="11" slack="0"/>
<pin id="3976" dir="1" index="2" bw="11" slack="0"/>
</pin_list>
<bind>
<opcode="add(8) " fcode="add"/>
<opset="add_ln58_844/3 "/>
</bind>
</comp>

<comp id="3979" class="1004" name="sext_ln58_1006_fu_3979">
<pin_list>
<pin id="3980" dir="0" index="0" bw="8" slack="1"/>
<pin id="3981" dir="1" index="1" bw="9" slack="0"/>
</pin_list>
<bind>
<opcode="sext(35) " fcode="sext"/>
<opset="sext_ln58_1006/3 "/>
</bind>
</comp>

<comp id="3982" class="1004" name="add_ln58_845_fu_3982">
<pin_list>
<pin id="3983" dir="0" index="0" bw="8" slack="0"/>
<pin id="3984" dir="0" index="1" bw="7" slack="0"/>
<pin id="3985" dir="1" index="2" bw="9" slack="0"/>
</pin_list>
<bind>
<opcode="add(8) " fcode="add"/>
<opset="add_ln58_845/3 "/>
</bind>
</comp>

<comp id="3988" class="1004" name="sext_ln58_1007_fu_3988">
<pin_list>
<pin id="3989" dir="0" index="0" bw="9" slack="0"/>
<pin id="3990" dir="1" index="1" bw="10" slack="0"/>
</pin_list>
<bind>
<opcode="sext(35) " fcode="sext"/>
<opset="sext_ln58_1007/3 "/>
</bind>
</comp>

<comp id="3992" class="1004" name="sext_ln58_1010_fu_3992">
<pin_list>
<pin id="3993" dir="0" index="0" bw="8" slack="1"/>
<pin id="3994" dir="1" index="1" bw="10" slack="0"/>
</pin_list>
<bind>
<opcode="sext(35) " fcode="sext"/>
<opset="sext_ln58_1010/3 "/>
</bind>
</comp>

<comp id="3995" class="1004" name="add_ln58_849_fu_3995">
<pin_list>
<pin id="3996" dir="0" index="0" bw="8" slack="0"/>
<pin id="3997" dir="0" index="1" bw="9" slack="0"/>
<pin id="3998" dir="1" index="2" bw="10" slack="0"/>
</pin_list>
<bind>
<opcode="add(8) " fcode="add"/>
<opset="add_ln58_849/3 "/>
</bind>
</comp>

<comp id="4001" class="1004" name="sext_ln58_1011_fu_4001">
<pin_list>
<pin id="4002" dir="0" index="0" bw="10" slack="0"/>
<pin id="4003" dir="1" index="1" bw="11" slack="0"/>
</pin_list>
<bind>
<opcode="sext(35) " fcode="sext"/>
<opset="sext_ln58_1011/3 "/>
</bind>
</comp>

<comp id="4005" class="1004" name="add_ln58_850_fu_4005">
<pin_list>
<pin id="4006" dir="0" index="0" bw="10" slack="0"/>
<pin id="4007" dir="0" index="1" bw="11" slack="0"/>
<pin id="4008" dir="1" index="2" bw="11" slack="0"/>
</pin_list>
<bind>
<opcode="add(8) " fcode="add"/>
<opset="add_ln58_850/3 "/>
</bind>
</comp>

<comp id="4011" class="1004" name="sext_ln58_1012_fu_4011">
<pin_list>
<pin id="4012" dir="0" index="0" bw="6" slack="0"/>
<pin id="4013" dir="1" index="1" bw="12" slack="0"/>
</pin_list>
<bind>
<opcode="sext(35) " fcode="sext"/>
<opset="sext_ln58_1012/3 "/>
</bind>
</comp>

<comp id="4015" class="1004" name="sext_ln58_1013_fu_4015">
<pin_list>
<pin id="4016" dir="0" index="0" bw="11" slack="0"/>
<pin id="4017" dir="1" index="1" bw="12" slack="0"/>
</pin_list>
<bind>
<opcode="sext(35) " fcode="sext"/>
<opset="sext_ln58_1013/3 "/>
</bind>
</comp>

<comp id="4019" class="1004" name="sub_ln58_344_fu_4019">
<pin_list>
<pin id="4020" dir="0" index="0" bw="11" slack="0"/>
<pin id="4021" dir="0" index="1" bw="6" slack="0"/>
<pin id="4022" dir="1" index="2" bw="12" slack="0"/>
</pin_list>
<bind>
<opcode="sub(10) " fcode="sub"/>
<opset="sub_ln58_344/3 "/>
</bind>
</comp>

<comp id="4025" class="1004" name="add_ln58_851_fu_4025">
<pin_list>
<pin id="4026" dir="0" index="0" bw="12" slack="0"/>
<pin id="4027" dir="0" index="1" bw="7" slack="0"/>
<pin id="4028" dir="1" index="2" bw="12" slack="0"/>
</pin_list>
<bind>
<opcode="add(8) " fcode="add"/>
<opset="add_ln58_851/3 "/>
</bind>
</comp>

<comp id="4031" class="1004" name="sub_ln58_345_fu_4031">
<pin_list>
<pin id="4032" dir="0" index="0" bw="6" slack="0"/>
<pin id="4033" dir="0" index="1" bw="6" slack="0"/>
<pin id="4034" dir="1" index="2" bw="7" slack="0"/>
</pin_list>
<bind>
<opcode="sub(10) " fcode="sub"/>
<opset="sub_ln58_345/3 "/>
</bind>
</comp>

<comp id="4037" class="1004" name="sext_ln58_1014_fu_4037">
<pin_list>
<pin id="4038" dir="0" index="0" bw="7" slack="0"/>
<pin id="4039" dir="1" index="1" bw="12" slack="0"/>
</pin_list>
<bind>
<opcode="sext(35) " fcode="sext"/>
<opset="sext_ln58_1014/3 "/>
</bind>
</comp>

<comp id="4041" class="1004" name="add_ln58_852_fu_4041">
<pin_list>
<pin id="4042" dir="0" index="0" bw="7" slack="0"/>
<pin id="4043" dir="0" index="1" bw="12" slack="0"/>
<pin id="4044" dir="1" index="2" bw="12" slack="0"/>
</pin_list>
<bind>
<opcode="add(8) " fcode="add"/>
<opset="add_ln58_852/3 "/>
</bind>
</comp>

<comp id="4047" class="1004" name="sext_ln58_325_fu_4047">
<pin_list>
<pin id="4048" dir="0" index="0" bw="12" slack="0"/>
<pin id="4049" dir="1" index="1" bw="18" slack="0"/>
</pin_list>
<bind>
<opcode="sext(35) " fcode="sext"/>
<opset="sext_ln58_325/3 "/>
</bind>
</comp>

<comp id="4051" class="1004" name="add_ln58_853_fu_4051">
<pin_list>
<pin id="4052" dir="0" index="0" bw="9" slack="0"/>
<pin id="4053" dir="0" index="1" bw="8" slack="0"/>
<pin id="4054" dir="1" index="2" bw="9" slack="0"/>
</pin_list>
<bind>
<opcode="add(8) " fcode="add"/>
<opset="add_ln58_853/3 "/>
</bind>
</comp>

<comp id="4057" class="1004" name="sext_ln58_1015_fu_4057">
<pin_list>
<pin id="4058" dir="0" index="0" bw="9" slack="0"/>
<pin id="4059" dir="1" index="1" bw="11" slack="0"/>
</pin_list>
<bind>
<opcode="sext(35) " fcode="sext"/>
<opset="sext_ln58_1015/3 "/>
</bind>
</comp>

<comp id="4061" class="1004" name="add_ln58_854_fu_4061">
<pin_list>
<pin id="4062" dir="0" index="0" bw="9" slack="0"/>
<pin id="4063" dir="0" index="1" bw="10" slack="0"/>
<pin id="4064" dir="1" index="2" bw="11" slack="0"/>
</pin_list>
<bind>
<opcode="add(8) " fcode="add"/>
<opset="add_ln58_854/3 "/>
</bind>
</comp>

<comp id="4067" class="1004" name="add_ln58_855_fu_4067">
<pin_list>
<pin id="4068" dir="0" index="0" bw="6" slack="1"/>
<pin id="4069" dir="0" index="1" bw="6" slack="0"/>
<pin id="4070" dir="1" index="2" bw="7" slack="0"/>
</pin_list>
<bind>
<opcode="add(8) " fcode="add"/>
<opset="add_ln58_855/3 "/>
</bind>
</comp>

<comp id="4072" class="1004" name="sext_ln58_1016_fu_4072">
<pin_list>
<pin id="4073" dir="0" index="0" bw="7" slack="0"/>
<pin id="4074" dir="1" index="1" bw="8" slack="0"/>
</pin_list>
<bind>
<opcode="sext(35) " fcode="sext"/>
<opset="sext_ln58_1016/3 "/>
</bind>
</comp>

<comp id="4076" class="1004" name="add_ln58_856_fu_4076">
<pin_list>
<pin id="4077" dir="0" index="0" bw="7" slack="0"/>
<pin id="4078" dir="0" index="1" bw="7" slack="0"/>
<pin id="4079" dir="1" index="2" bw="8" slack="0"/>
</pin_list>
<bind>
<opcode="add(8) " fcode="add"/>
<opset="add_ln58_856/3 "/>
</bind>
</comp>

<comp id="4082" class="1004" name="sext_ln58_1017_fu_4082">
<pin_list>
<pin id="4083" dir="0" index="0" bw="8" slack="0"/>
<pin id="4084" dir="1" index="1" bw="11" slack="0"/>
</pin_list>
<bind>
<opcode="sext(35) " fcode="sext"/>
<opset="sext_ln58_1017/3 "/>
</bind>
</comp>

<comp id="4086" class="1004" name="add_ln58_857_fu_4086">
<pin_list>
<pin id="4087" dir="0" index="0" bw="8" slack="0"/>
<pin id="4088" dir="0" index="1" bw="11" slack="0"/>
<pin id="4089" dir="1" index="2" bw="11" slack="0"/>
</pin_list>
<bind>
<opcode="add(8) " fcode="add"/>
<opset="add_ln58_857/3 "/>
</bind>
</comp>

<comp id="4092" class="1004" name="sext_ln58_326_fu_4092">
<pin_list>
<pin id="4093" dir="0" index="0" bw="11" slack="0"/>
<pin id="4094" dir="1" index="1" bw="18" slack="0"/>
</pin_list>
<bind>
<opcode="sext(35) " fcode="sext"/>
<opset="sext_ln58_326/3 "/>
</bind>
</comp>

<comp id="4096" class="1004" name="sext_ln58_1033_fu_4096">
<pin_list>
<pin id="4097" dir="0" index="0" bw="7" slack="0"/>
<pin id="4098" dir="1" index="1" bw="11" slack="0"/>
</pin_list>
<bind>
<opcode="sext(35) " fcode="sext"/>
<opset="sext_ln58_1033/3 "/>
</bind>
</comp>

<comp id="4100" class="1004" name="sext_ln58_1034_fu_4100">
<pin_list>
<pin id="4101" dir="0" index="0" bw="10" slack="1"/>
<pin id="4102" dir="1" index="1" bw="11" slack="0"/>
</pin_list>
<bind>
<opcode="sext(35) " fcode="sext"/>
<opset="sext_ln58_1034/3 "/>
</bind>
</comp>

<comp id="4103" class="1004" name="sub_ln58_376_fu_4103">
<pin_list>
<pin id="4104" dir="0" index="0" bw="10" slack="0"/>
<pin id="4105" dir="0" index="1" bw="7" slack="0"/>
<pin id="4106" dir="1" index="2" bw="11" slack="0"/>
</pin_list>
<bind>
<opcode="sub(10) " fcode="sub"/>
<opset="sub_ln58_376/3 "/>
</bind>
</comp>

<comp id="4109" class="1004" name="add_ln58_858_fu_4109">
<pin_list>
<pin id="4110" dir="0" index="0" bw="7" slack="0"/>
<pin id="4111" dir="0" index="1" bw="7" slack="0"/>
<pin id="4112" dir="1" index="2" bw="8" slack="0"/>
</pin_list>
<bind>
<opcode="add(8) " fcode="add"/>
<opset="add_ln58_858/3 "/>
</bind>
</comp>

<comp id="4115" class="1004" name="sext_ln58_1035_fu_4115">
<pin_list>
<pin id="4116" dir="0" index="0" bw="7" slack="0"/>
<pin id="4117" dir="1" index="1" bw="9" slack="0"/>
</pin_list>
<bind>
<opcode="sext(35) " fcode="sext"/>
<opset="sext_ln58_1035/3 "/>
</bind>
</comp>

<comp id="4119" class="1004" name="sext_ln58_1036_fu_4119">
<pin_list>
<pin id="4120" dir="0" index="0" bw="8" slack="0"/>
<pin id="4121" dir="1" index="1" bw="9" slack="0"/>
</pin_list>
<bind>
<opcode="sext(35) " fcode="sext"/>
<opset="sext_ln58_1036/3 "/>
</bind>
</comp>

<comp id="4123" class="1004" name="sub_ln58_377_fu_4123">
<pin_list>
<pin id="4124" dir="0" index="0" bw="8" slack="0"/>
<pin id="4125" dir="0" index="1" bw="7" slack="0"/>
<pin id="4126" dir="1" index="2" bw="9" slack="0"/>
</pin_list>
<bind>
<opcode="sub(10) " fcode="sub"/>
<opset="sub_ln58_377/3 "/>
</bind>
</comp>

<comp id="4129" class="1004" name="sext_ln58_1019_fu_4129">
<pin_list>
<pin id="4130" dir="0" index="0" bw="9" slack="0"/>
<pin id="4131" dir="1" index="1" bw="11" slack="0"/>
</pin_list>
<bind>
<opcode="sext(35) " fcode="sext"/>
<opset="sext_ln58_1019/3 "/>
</bind>
</comp>

<comp id="4133" class="1004" name="add_ln58_859_fu_4133">
<pin_list>
<pin id="4134" dir="0" index="0" bw="9" slack="0"/>
<pin id="4135" dir="0" index="1" bw="11" slack="0"/>
<pin id="4136" dir="1" index="2" bw="11" slack="0"/>
</pin_list>
<bind>
<opcode="add(8) " fcode="add"/>
<opset="add_ln58_859/3 "/>
</bind>
</comp>

<comp id="4139" class="1004" name="sext_ln58_1020_fu_4139">
<pin_list>
<pin id="4140" dir="0" index="0" bw="7" slack="0"/>
<pin id="4141" dir="1" index="1" bw="8" slack="0"/>
</pin_list>
<bind>
<opcode="sext(35) " fcode="sext"/>
<opset="sext_ln58_1020/3 "/>
</bind>
</comp>

<comp id="4143" class="1004" name="sub_ln58_346_fu_4143">
<pin_list>
<pin id="4144" dir="0" index="0" bw="7" slack="0"/>
<pin id="4145" dir="0" index="1" bw="6" slack="0"/>
<pin id="4146" dir="1" index="2" bw="8" slack="0"/>
</pin_list>
<bind>
<opcode="sub(10) " fcode="sub"/>
<opset="sub_ln58_346/3 "/>
</bind>
</comp>

<comp id="4149" class="1004" name="sext_ln58_1021_fu_4149">
<pin_list>
<pin id="4150" dir="0" index="0" bw="8" slack="0"/>
<pin id="4151" dir="1" index="1" bw="9" slack="0"/>
</pin_list>
<bind>
<opcode="sext(35) " fcode="sext"/>
<opset="sext_ln58_1021/3 "/>
</bind>
</comp>

<comp id="4153" class="1004" name="sub_ln58_347_fu_4153">
<pin_list>
<pin id="4154" dir="0" index="0" bw="6" slack="1"/>
<pin id="4155" dir="0" index="1" bw="6" slack="0"/>
<pin id="4156" dir="1" index="2" bw="7" slack="0"/>
</pin_list>
<bind>
<opcode="sub(10) " fcode="sub"/>
<opset="sub_ln58_347/3 "/>
</bind>
</comp>

<comp id="4158" class="1004" name="sext_ln58_1022_fu_4158">
<pin_list>
<pin id="4159" dir="0" index="0" bw="7" slack="0"/>
<pin id="4160" dir="1" index="1" bw="8" slack="0"/>
</pin_list>
<bind>
<opcode="sext(35) " fcode="sext"/>
<opset="sext_ln58_1022/3 "/>
</bind>
</comp>

<comp id="4162" class="1004" name="add_ln58_860_fu_4162">
<pin_list>
<pin id="4163" dir="0" index="0" bw="7" slack="0"/>
<pin id="4164" dir="0" index="1" bw="7" slack="1"/>
<pin id="4165" dir="1" index="2" bw="8" slack="0"/>
</pin_list>
<bind>
<opcode="add(8) " fcode="add"/>
<opset="add_ln58_860/3 "/>
</bind>
</comp>

<comp id="4167" class="1004" name="sext_ln58_1023_fu_4167">
<pin_list>
<pin id="4168" dir="0" index="0" bw="8" slack="0"/>
<pin id="4169" dir="1" index="1" bw="9" slack="0"/>
</pin_list>
<bind>
<opcode="sext(35) " fcode="sext"/>
<opset="sext_ln58_1023/3 "/>
</bind>
</comp>

<comp id="4171" class="1004" name="add_ln58_861_fu_4171">
<pin_list>
<pin id="4172" dir="0" index="0" bw="8" slack="0"/>
<pin id="4173" dir="0" index="1" bw="8" slack="0"/>
<pin id="4174" dir="1" index="2" bw="9" slack="0"/>
</pin_list>
<bind>
<opcode="add(8) " fcode="add"/>
<opset="add_ln58_861/3 "/>
</bind>
</comp>

<comp id="4177" class="1004" name="sext_ln58_1024_fu_4177">
<pin_list>
<pin id="4178" dir="0" index="0" bw="9" slack="0"/>
<pin id="4179" dir="1" index="1" bw="11" slack="0"/>
</pin_list>
<bind>
<opcode="sext(35) " fcode="sext"/>
<opset="sext_ln58_1024/3 "/>
</bind>
</comp>

<comp id="4181" class="1004" name="add_ln58_862_fu_4181">
<pin_list>
<pin id="4182" dir="0" index="0" bw="9" slack="0"/>
<pin id="4183" dir="0" index="1" bw="11" slack="0"/>
<pin id="4184" dir="1" index="2" bw="11" slack="0"/>
</pin_list>
<bind>
<opcode="add(8) " fcode="add"/>
<opset="add_ln58_862/3 "/>
</bind>
</comp>

<comp id="4187" class="1004" name="sext_ln58_1037_fu_4187">
<pin_list>
<pin id="4188" dir="0" index="0" bw="11" slack="0"/>
<pin id="4189" dir="1" index="1" bw="12" slack="0"/>
</pin_list>
<bind>
<opcode="sext(35) " fcode="sext"/>
<opset="sext_ln58_1037/3 "/>
</bind>
</comp>

<comp id="4191" class="1004" name="sub_ln58_378_fu_4191">
<pin_list>
<pin id="4192" dir="0" index="0" bw="11" slack="0"/>
<pin id="4193" dir="0" index="1" bw="7" slack="0"/>
<pin id="4194" dir="1" index="2" bw="12" slack="0"/>
</pin_list>
<bind>
<opcode="sub(10) " fcode="sub"/>
<opset="sub_ln58_378/3 "/>
</bind>
</comp>

<comp id="4197" class="1004" name="sub_ln58_379_fu_4197">
<pin_list>
<pin id="4198" dir="0" index="0" bw="6" slack="0"/>
<pin id="4199" dir="0" index="1" bw="7" slack="0"/>
<pin id="4200" dir="1" index="2" bw="8" slack="0"/>
</pin_list>
<bind>
<opcode="sub(10) " fcode="sub"/>
<opset="sub_ln58_379/3 "/>
</bind>
</comp>

<comp id="4203" class="1004" name="sext_ln58_1025_fu_4203">
<pin_list>
<pin id="4204" dir="0" index="0" bw="8" slack="0"/>
<pin id="4205" dir="1" index="1" bw="12" slack="0"/>
</pin_list>
<bind>
<opcode="sext(35) " fcode="sext"/>
<opset="sext_ln58_1025/3 "/>
</bind>
</comp>

<comp id="4207" class="1004" name="add_ln58_863_fu_4207">
<pin_list>
<pin id="4208" dir="0" index="0" bw="8" slack="0"/>
<pin id="4209" dir="0" index="1" bw="12" slack="0"/>
<pin id="4210" dir="1" index="2" bw="12" slack="0"/>
</pin_list>
<bind>
<opcode="add(8) " fcode="add"/>
<opset="add_ln58_863/3 "/>
</bind>
</comp>

<comp id="4213" class="1004" name="sext_ln68_fu_4213">
<pin_list>
<pin id="4214" dir="0" index="0" bw="12" slack="0"/>
<pin id="4215" dir="1" index="1" bw="18" slack="0"/>
</pin_list>
<bind>
<opcode="sext(35) " fcode="sext"/>
<opset="sext_ln68/3 "/>
</bind>
</comp>

<comp id="4217" class="1004" name="mrv_fu_4217">
<pin_list>
<pin id="4218" dir="0" index="0" bw="288" slack="0"/>
<pin id="4219" dir="0" index="1" bw="12" slack="0"/>
<pin id="4220" dir="1" index="2" bw="288" slack="0"/>
</pin_list>
<bind>
<opcode="insertvalue(57) " fcode="insertvalue"/>
<opset="mrv/3 "/>
</bind>
</comp>

<comp id="4223" class="1004" name="mrv_1_fu_4223">
<pin_list>
<pin id="4224" dir="0" index="0" bw="288" slack="0"/>
<pin id="4225" dir="0" index="1" bw="11" slack="0"/>
<pin id="4226" dir="1" index="2" bw="288" slack="0"/>
</pin_list>
<bind>
<opcode="insertvalue(57) " fcode="insertvalue"/>
<opset="mrv_1/3 "/>
</bind>
</comp>

<comp id="4229" class="1004" name="mrv_2_fu_4229">
<pin_list>
<pin id="4230" dir="0" index="0" bw="288" slack="0"/>
<pin id="4231" dir="0" index="1" bw="11" slack="0"/>
<pin id="4232" dir="1" index="2" bw="288" slack="0"/>
</pin_list>
<bind>
<opcode="insertvalue(57) " fcode="insertvalue"/>
<opset="mrv_2/3 "/>
</bind>
</comp>

<comp id="4235" class="1004" name="mrv_3_fu_4235">
<pin_list>
<pin id="4236" dir="0" index="0" bw="288" slack="0"/>
<pin id="4237" dir="0" index="1" bw="11" slack="0"/>
<pin id="4238" dir="1" index="2" bw="288" slack="0"/>
</pin_list>
<bind>
<opcode="insertvalue(57) " fcode="insertvalue"/>
<opset="mrv_3/3 "/>
</bind>
</comp>

<comp id="4241" class="1004" name="mrv_4_fu_4241">
<pin_list>
<pin id="4242" dir="0" index="0" bw="288" slack="0"/>
<pin id="4243" dir="0" index="1" bw="11" slack="0"/>
<pin id="4244" dir="1" index="2" bw="288" slack="0"/>
</pin_list>
<bind>
<opcode="insertvalue(57) " fcode="insertvalue"/>
<opset="mrv_4/3 "/>
</bind>
</comp>

<comp id="4247" class="1004" name="mrv_5_fu_4247">
<pin_list>
<pin id="4248" dir="0" index="0" bw="288" slack="0"/>
<pin id="4249" dir="0" index="1" bw="11" slack="0"/>
<pin id="4250" dir="1" index="2" bw="288" slack="0"/>
</pin_list>
<bind>
<opcode="insertvalue(57) " fcode="insertvalue"/>
<opset="mrv_5/3 "/>
</bind>
</comp>

<comp id="4253" class="1004" name="mrv_6_fu_4253">
<pin_list>
<pin id="4254" dir="0" index="0" bw="288" slack="0"/>
<pin id="4255" dir="0" index="1" bw="11" slack="0"/>
<pin id="4256" dir="1" index="2" bw="288" slack="0"/>
</pin_list>
<bind>
<opcode="insertvalue(57) " fcode="insertvalue"/>
<opset="mrv_6/3 "/>
</bind>
</comp>

<comp id="4259" class="1004" name="mrv_7_fu_4259">
<pin_list>
<pin id="4260" dir="0" index="0" bw="288" slack="0"/>
<pin id="4261" dir="0" index="1" bw="11" slack="0"/>
<pin id="4262" dir="1" index="2" bw="288" slack="0"/>
</pin_list>
<bind>
<opcode="insertvalue(57) " fcode="insertvalue"/>
<opset="mrv_7/3 "/>
</bind>
</comp>

<comp id="4265" class="1004" name="mrv_8_fu_4265">
<pin_list>
<pin id="4266" dir="0" index="0" bw="288" slack="0"/>
<pin id="4267" dir="0" index="1" bw="12" slack="0"/>
<pin id="4268" dir="1" index="2" bw="288" slack="0"/>
</pin_list>
<bind>
<opcode="insertvalue(57) " fcode="insertvalue"/>
<opset="mrv_8/3 "/>
</bind>
</comp>

<comp id="4271" class="1004" name="mrv_9_fu_4271">
<pin_list>
<pin id="4272" dir="0" index="0" bw="288" slack="0"/>
<pin id="4273" dir="0" index="1" bw="11" slack="0"/>
<pin id="4274" dir="1" index="2" bw="288" slack="0"/>
</pin_list>
<bind>
<opcode="insertvalue(57) " fcode="insertvalue"/>
<opset="mrv_9/3 "/>
</bind>
</comp>

<comp id="4277" class="1004" name="mrv_10_fu_4277">
<pin_list>
<pin id="4278" dir="0" index="0" bw="288" slack="0"/>
<pin id="4279" dir="0" index="1" bw="11" slack="0"/>
<pin id="4280" dir="1" index="2" bw="288" slack="0"/>
</pin_list>
<bind>
<opcode="insertvalue(57) " fcode="insertvalue"/>
<opset="mrv_10/3 "/>
</bind>
</comp>

<comp id="4283" class="1004" name="mrv_11_fu_4283">
<pin_list>
<pin id="4284" dir="0" index="0" bw="288" slack="0"/>
<pin id="4285" dir="0" index="1" bw="11" slack="0"/>
<pin id="4286" dir="1" index="2" bw="288" slack="0"/>
</pin_list>
<bind>
<opcode="insertvalue(57) " fcode="insertvalue"/>
<opset="mrv_11/3 "/>
</bind>
</comp>

<comp id="4289" class="1004" name="mrv_12_fu_4289">
<pin_list>
<pin id="4290" dir="0" index="0" bw="288" slack="0"/>
<pin id="4291" dir="0" index="1" bw="11" slack="0"/>
<pin id="4292" dir="1" index="2" bw="288" slack="0"/>
</pin_list>
<bind>
<opcode="insertvalue(57) " fcode="insertvalue"/>
<opset="mrv_12/3 "/>
</bind>
</comp>

<comp id="4295" class="1004" name="mrv_13_fu_4295">
<pin_list>
<pin id="4296" dir="0" index="0" bw="288" slack="0"/>
<pin id="4297" dir="0" index="1" bw="12" slack="0"/>
<pin id="4298" dir="1" index="2" bw="288" slack="0"/>
</pin_list>
<bind>
<opcode="insertvalue(57) " fcode="insertvalue"/>
<opset="mrv_13/3 "/>
</bind>
</comp>

<comp id="4301" class="1004" name="mrv_14_fu_4301">
<pin_list>
<pin id="4302" dir="0" index="0" bw="288" slack="0"/>
<pin id="4303" dir="0" index="1" bw="11" slack="0"/>
<pin id="4304" dir="1" index="2" bw="288" slack="0"/>
</pin_list>
<bind>
<opcode="insertvalue(57) " fcode="insertvalue"/>
<opset="mrv_14/3 "/>
</bind>
</comp>

<comp id="4307" class="1004" name="mrv_15_fu_4307">
<pin_list>
<pin id="4308" dir="0" index="0" bw="288" slack="0"/>
<pin id="4309" dir="0" index="1" bw="12" slack="0"/>
<pin id="4310" dir="1" index="2" bw="288" slack="2147483647"/>
</pin_list>
<bind>
<opcode="insertvalue(57) " fcode="insertvalue"/>
<opset="mrv_15/3 "/>
</bind>
</comp>

<comp id="4313" class="1005" name="data_1_val_read_reg_4313">
<pin_list>
<pin id="4314" dir="0" index="0" bw="6" slack="1"/>
<pin id="4315" dir="1" index="1" bw="6" slack="1"/>
</pin_list>
<bind>
<opset="data_1_val_read "/>
</bind>
</comp>

<comp id="4319" class="1005" name="data_0_val_read_reg_4319">
<pin_list>
<pin id="4320" dir="0" index="0" bw="6" slack="1"/>
<pin id="4321" dir="1" index="1" bw="6" slack="1"/>
</pin_list>
<bind>
<opset="data_0_val_read "/>
</bind>
</comp>

<comp id="4325" class="1005" name="sext_ln73_19_reg_4325">
<pin_list>
<pin id="4326" dir="0" index="0" bw="7" slack="1"/>
<pin id="4327" dir="1" index="1" bw="7" slack="1"/>
</pin_list>
<bind>
<opset="sext_ln73_19 "/>
</bind>
</comp>

<comp id="4334" class="1005" name="sext_ln17_152_reg_4334">
<pin_list>
<pin id="4335" dir="0" index="0" bw="7" slack="1"/>
<pin id="4336" dir="1" index="1" bw="7" slack="1"/>
</pin_list>
<bind>
<opset="sext_ln17_152 "/>
</bind>
</comp>

<comp id="4340" class="1005" name="add_ln58_644_reg_4340">
<pin_list>
<pin id="4341" dir="0" index="0" bw="7" slack="1"/>
<pin id="4342" dir="1" index="1" bw="7" slack="1"/>
</pin_list>
<bind>
<opset="add_ln58_644 "/>
</bind>
</comp>

<comp id="4345" class="1005" name="data_26_val_read_reg_4345">
<pin_list>
<pin id="4346" dir="0" index="0" bw="6" slack="1"/>
<pin id="4347" dir="1" index="1" bw="6" slack="1"/>
</pin_list>
<bind>
<opset="data_26_val_read "/>
</bind>
</comp>

<comp id="4351" class="1005" name="data_25_val_read_reg_4351">
<pin_list>
<pin id="4352" dir="0" index="0" bw="6" slack="1"/>
<pin id="4353" dir="1" index="1" bw="6" slack="1"/>
</pin_list>
<bind>
<opset="data_25_val_read "/>
</bind>
</comp>

<comp id="4357" class="1005" name="data_24_val_read_reg_4357">
<pin_list>
<pin id="4358" dir="0" index="0" bw="6" slack="1"/>
<pin id="4359" dir="1" index="1" bw="6" slack="1"/>
</pin_list>
<bind>
<opset="data_24_val_read "/>
</bind>
</comp>

<comp id="4363" class="1005" name="data_23_val_read_reg_4363">
<pin_list>
<pin id="4364" dir="0" index="0" bw="6" slack="1"/>
<pin id="4365" dir="1" index="1" bw="6" slack="1"/>
</pin_list>
<bind>
<opset="data_23_val_read "/>
</bind>
</comp>

<comp id="4369" class="1005" name="data_22_val_read_reg_4369">
<pin_list>
<pin id="4370" dir="0" index="0" bw="6" slack="1"/>
<pin id="4371" dir="1" index="1" bw="6" slack="1"/>
</pin_list>
<bind>
<opset="data_22_val_read "/>
</bind>
</comp>

<comp id="4375" class="1005" name="data_21_val_read_reg_4375">
<pin_list>
<pin id="4376" dir="0" index="0" bw="6" slack="1"/>
<pin id="4377" dir="1" index="1" bw="6" slack="1"/>
</pin_list>
<bind>
<opset="data_21_val_read "/>
</bind>
</comp>

<comp id="4383" class="1005" name="data_20_val_read_reg_4383">
<pin_list>
<pin id="4384" dir="0" index="0" bw="6" slack="1"/>
<pin id="4385" dir="1" index="1" bw="6" slack="1"/>
</pin_list>
<bind>
<opset="data_20_val_read "/>
</bind>
</comp>

<comp id="4389" class="1005" name="data_19_val_read_reg_4389">
<pin_list>
<pin id="4390" dir="0" index="0" bw="6" slack="1"/>
<pin id="4391" dir="1" index="1" bw="6" slack="1"/>
</pin_list>
<bind>
<opset="data_19_val_read "/>
</bind>
</comp>

<comp id="4395" class="1005" name="data_18_val_read_reg_4395">
<pin_list>
<pin id="4396" dir="0" index="0" bw="6" slack="1"/>
<pin id="4397" dir="1" index="1" bw="6" slack="1"/>
</pin_list>
<bind>
<opset="data_18_val_read "/>
</bind>
</comp>

<comp id="4402" class="1005" name="data_17_val_read_reg_4402">
<pin_list>
<pin id="4403" dir="0" index="0" bw="6" slack="1"/>
<pin id="4404" dir="1" index="1" bw="6" slack="1"/>
</pin_list>
<bind>
<opset="data_17_val_read "/>
</bind>
</comp>

<comp id="4408" class="1005" name="data_16_val_read_reg_4408">
<pin_list>
<pin id="4409" dir="0" index="0" bw="6" slack="1"/>
<pin id="4410" dir="1" index="1" bw="6" slack="1"/>
</pin_list>
<bind>
<opset="data_16_val_read "/>
</bind>
</comp>

<comp id="4413" class="1005" name="data_15_val_read_reg_4413">
<pin_list>
<pin id="4414" dir="0" index="0" bw="6" slack="1"/>
<pin id="4415" dir="1" index="1" bw="6" slack="1"/>
</pin_list>
<bind>
<opset="data_15_val_read "/>
</bind>
</comp>

<comp id="4418" class="1005" name="shl_ln73_1_reg_4418">
<pin_list>
<pin id="4419" dir="0" index="0" bw="7" slack="1"/>
<pin id="4420" dir="1" index="1" bw="7" slack="1"/>
</pin_list>
<bind>
<opset="shl_ln73_1 "/>
</bind>
</comp>

<comp id="4423" class="1005" name="sext_ln73_35_reg_4423">
<pin_list>
<pin id="4424" dir="0" index="0" bw="8" slack="1"/>
<pin id="4425" dir="1" index="1" bw="8" slack="1"/>
</pin_list>
<bind>
<opset="sext_ln73_35 "/>
</bind>
</comp>

<comp id="4428" class="1005" name="sext_ln73_68_reg_4428">
<pin_list>
<pin id="4429" dir="0" index="0" bw="8" slack="1"/>
<pin id="4430" dir="1" index="1" bw="8" slack="1"/>
</pin_list>
<bind>
<opset="sext_ln73_68 "/>
</bind>
</comp>

<comp id="4433" class="1005" name="sext_ln73_39_reg_4433">
<pin_list>
<pin id="4434" dir="0" index="0" bw="7" slack="1"/>
<pin id="4435" dir="1" index="1" bw="7" slack="1"/>
</pin_list>
<bind>
<opset="sext_ln73_39 "/>
</bind>
</comp>

<comp id="4439" class="1005" name="sext_ln73_41_reg_4439">
<pin_list>
<pin id="4440" dir="0" index="0" bw="7" slack="1"/>
<pin id="4441" dir="1" index="1" bw="7" slack="1"/>
</pin_list>
<bind>
<opset="sext_ln73_41 "/>
</bind>
</comp>

<comp id="4445" class="1005" name="sext_ln73_43_reg_4445">
<pin_list>
<pin id="4446" dir="0" index="0" bw="7" slack="1"/>
<pin id="4447" dir="1" index="1" bw="7" slack="1"/>
</pin_list>
<bind>
<opset="sext_ln73_43 "/>
</bind>
</comp>

<comp id="4452" class="1005" name="sub_ln73_65_reg_4452">
<pin_list>
<pin id="4453" dir="0" index="0" bw="7" slack="1"/>
<pin id="4454" dir="1" index="1" bw="7" slack="1"/>
</pin_list>
<bind>
<opset="sub_ln73_65 "/>
</bind>
</comp>

<comp id="4457" class="1005" name="sext_ln73_44_reg_4457">
<pin_list>
<pin id="4458" dir="0" index="0" bw="7" slack="1"/>
<pin id="4459" dir="1" index="1" bw="7" slack="1"/>
</pin_list>
<bind>
<opset="sext_ln73_44 "/>
</bind>
</comp>

<comp id="4463" class="1005" name="sext_ln73_46_reg_4463">
<pin_list>
<pin id="4464" dir="0" index="0" bw="7" slack="1"/>
<pin id="4465" dir="1" index="1" bw="7" slack="1"/>
</pin_list>
<bind>
<opset="sext_ln73_46 "/>
</bind>
</comp>

<comp id="4469" class="1005" name="sext_ln73_47_reg_4469">
<pin_list>
<pin id="4470" dir="0" index="0" bw="7" slack="1"/>
<pin id="4471" dir="1" index="1" bw="7" slack="1"/>
</pin_list>
<bind>
<opset="sext_ln73_47 "/>
</bind>
</comp>

<comp id="4474" class="1005" name="sext_ln73_50_reg_4474">
<pin_list>
<pin id="4475" dir="0" index="0" bw="7" slack="1"/>
<pin id="4476" dir="1" index="1" bw="7" slack="1"/>
</pin_list>
<bind>
<opset="sext_ln73_50 "/>
</bind>
</comp>

<comp id="4480" class="1005" name="shl_ln73_s_reg_4480">
<pin_list>
<pin id="4481" dir="0" index="0" bw="7" slack="1"/>
<pin id="4482" dir="1" index="1" bw="7" slack="1"/>
</pin_list>
<bind>
<opset="shl_ln73_s "/>
</bind>
</comp>

<comp id="4485" class="1005" name="sext_ln73_54_reg_4485">
<pin_list>
<pin id="4486" dir="0" index="0" bw="7" slack="1"/>
<pin id="4487" dir="1" index="1" bw="7" slack="1"/>
</pin_list>
<bind>
<opset="sext_ln73_54 "/>
</bind>
</comp>

<comp id="4497" class="1005" name="sub_ln58_292_reg_4497">
<pin_list>
<pin id="4498" dir="0" index="0" bw="10" slack="1"/>
<pin id="4499" dir="1" index="1" bw="10" slack="1"/>
</pin_list>
<bind>
<opset="sub_ln58_292 "/>
</bind>
</comp>

<comp id="4502" class="1005" name="sub_ln58_293_reg_4502">
<pin_list>
<pin id="4503" dir="0" index="0" bw="10" slack="1"/>
<pin id="4504" dir="1" index="1" bw="10" slack="1"/>
</pin_list>
<bind>
<opset="sub_ln58_293 "/>
</bind>
</comp>

<comp id="4507" class="1005" name="add_ln58_675_reg_4507">
<pin_list>
<pin id="4508" dir="0" index="0" bw="10" slack="1"/>
<pin id="4509" dir="1" index="1" bw="10" slack="1"/>
</pin_list>
<bind>
<opset="add_ln58_675 "/>
</bind>
</comp>

<comp id="4512" class="1005" name="add_ln58_679_reg_4512">
<pin_list>
<pin id="4513" dir="0" index="0" bw="10" slack="1"/>
<pin id="4514" dir="1" index="1" bw="10" slack="1"/>
</pin_list>
<bind>
<opset="add_ln58_679 "/>
</bind>
</comp>

<comp id="4517" class="1005" name="add_ln58_682_reg_4517">
<pin_list>
<pin id="4518" dir="0" index="0" bw="9" slack="1"/>
<pin id="4519" dir="1" index="1" bw="9" slack="1"/>
</pin_list>
<bind>
<opset="add_ln58_682 "/>
</bind>
</comp>

<comp id="4522" class="1005" name="sext_ln58_819_reg_4522">
<pin_list>
<pin id="4523" dir="0" index="0" bw="8" slack="1"/>
<pin id="4524" dir="1" index="1" bw="8" slack="1"/>
</pin_list>
<bind>
<opset="sext_ln58_819 "/>
</bind>
</comp>

<comp id="4528" class="1005" name="add_ln58_687_reg_4528">
<pin_list>
<pin id="4529" dir="0" index="0" bw="10" slack="1"/>
<pin id="4530" dir="1" index="1" bw="10" slack="1"/>
</pin_list>
<bind>
<opset="add_ln58_687 "/>
</bind>
</comp>

<comp id="4533" class="1005" name="add_ln58_690_reg_4533">
<pin_list>
<pin id="4534" dir="0" index="0" bw="8" slack="1"/>
<pin id="4535" dir="1" index="1" bw="8" slack="1"/>
</pin_list>
<bind>
<opset="add_ln58_690 "/>
</bind>
</comp>

<comp id="4538" class="1005" name="sext_ln58_834_reg_4538">
<pin_list>
<pin id="4539" dir="0" index="0" bw="8" slack="1"/>
<pin id="4540" dir="1" index="1" bw="8" slack="1"/>
</pin_list>
<bind>
<opset="sext_ln58_834 "/>
</bind>
</comp>

<comp id="4544" class="1005" name="sext_ln58_836_reg_4544">
<pin_list>
<pin id="4545" dir="0" index="0" bw="7" slack="1"/>
<pin id="4546" dir="1" index="1" bw="7" slack="1"/>
</pin_list>
<bind>
<opset="sext_ln58_836 "/>
</bind>
</comp>

<comp id="4552" class="1005" name="add_ln58_695_reg_4552">
<pin_list>
<pin id="4553" dir="0" index="0" bw="10" slack="1"/>
<pin id="4554" dir="1" index="1" bw="10" slack="1"/>
</pin_list>
<bind>
<opset="add_ln58_695 "/>
</bind>
</comp>

<comp id="4557" class="1005" name="add_ln58_699_reg_4557">
<pin_list>
<pin id="4558" dir="0" index="0" bw="10" slack="1"/>
<pin id="4559" dir="1" index="1" bw="10" slack="1"/>
</pin_list>
<bind>
<opset="add_ln58_699 "/>
</bind>
</comp>

<comp id="4562" class="1005" name="sext_ln58_845_reg_4562">
<pin_list>
<pin id="4563" dir="0" index="0" bw="8" slack="1"/>
<pin id="4564" dir="1" index="1" bw="8" slack="1"/>
</pin_list>
<bind>
<opset="sext_ln58_845 "/>
</bind>
</comp>

<comp id="4568" class="1005" name="add_ln58_704_reg_4568">
<pin_list>
<pin id="4569" dir="0" index="0" bw="10" slack="1"/>
<pin id="4570" dir="1" index="1" bw="10" slack="1"/>
</pin_list>
<bind>
<opset="add_ln58_704 "/>
</bind>
</comp>

<comp id="4573" class="1005" name="add_ln58_718_reg_4573">
<pin_list>
<pin id="4574" dir="0" index="0" bw="10" slack="1"/>
<pin id="4575" dir="1" index="1" bw="10" slack="1"/>
</pin_list>
<bind>
<opset="add_ln58_718 "/>
</bind>
</comp>

<comp id="4578" class="1005" name="sext_ln58_891_reg_4578">
<pin_list>
<pin id="4579" dir="0" index="0" bw="8" slack="1"/>
<pin id="4580" dir="1" index="1" bw="8" slack="1"/>
</pin_list>
<bind>
<opset="sext_ln58_891 "/>
</bind>
</comp>

<comp id="4585" class="1005" name="add_ln58_734_reg_4585">
<pin_list>
<pin id="4586" dir="0" index="0" bw="10" slack="1"/>
<pin id="4587" dir="1" index="1" bw="10" slack="1"/>
</pin_list>
<bind>
<opset="add_ln58_734 "/>
</bind>
</comp>

<comp id="4590" class="1005" name="add_ln58_751_reg_4590">
<pin_list>
<pin id="4591" dir="0" index="0" bw="8" slack="1"/>
<pin id="4592" dir="1" index="1" bw="8" slack="1"/>
</pin_list>
<bind>
<opset="add_ln58_751 "/>
</bind>
</comp>

<comp id="4595" class="1005" name="add_ln58_764_reg_4595">
<pin_list>
<pin id="4596" dir="0" index="0" bw="10" slack="1"/>
<pin id="4597" dir="1" index="1" bw="10" slack="1"/>
</pin_list>
<bind>
<opset="add_ln58_764 "/>
</bind>
</comp>

<comp id="4600" class="1005" name="add_ln58_778_reg_4600">
<pin_list>
<pin id="4601" dir="0" index="0" bw="10" slack="1"/>
<pin id="4602" dir="1" index="1" bw="10" slack="1"/>
</pin_list>
<bind>
<opset="add_ln58_778 "/>
</bind>
</comp>

<comp id="4605" class="1005" name="add_ln58_793_reg_4605">
<pin_list>
<pin id="4606" dir="0" index="0" bw="10" slack="1"/>
<pin id="4607" dir="1" index="1" bw="10" slack="1"/>
</pin_list>
<bind>
<opset="add_ln58_793 "/>
</bind>
</comp>

<comp id="4610" class="1005" name="add_ln58_813_reg_4610">
<pin_list>
<pin id="4611" dir="0" index="0" bw="10" slack="1"/>
<pin id="4612" dir="1" index="1" bw="10" slack="1"/>
</pin_list>
<bind>
<opset="add_ln58_813 "/>
</bind>
</comp>

<comp id="4615" class="1005" name="add_ln58_828_reg_4615">
<pin_list>
<pin id="4616" dir="0" index="0" bw="10" slack="1"/>
<pin id="4617" dir="1" index="1" bw="10" slack="1"/>
</pin_list>
<bind>
<opset="add_ln58_828 "/>
</bind>
</comp>

<comp id="4620" class="1005" name="sub_ln58_343_reg_4620">
<pin_list>
<pin id="4621" dir="0" index="0" bw="8" slack="1"/>
<pin id="4622" dir="1" index="1" bw="8" slack="1"/>
</pin_list>
<bind>
<opset="sub_ln58_343 "/>
</bind>
</comp>

<comp id="4625" class="1005" name="add_ln58_848_reg_4625">
<pin_list>
<pin id="4626" dir="0" index="0" bw="8" slack="1"/>
<pin id="4627" dir="1" index="1" bw="8" slack="1"/>
</pin_list>
<bind>
<opset="add_ln58_848 "/>
</bind>
</comp>

</comp_list>

<net_list>
<net id="98"><net_src comp="64" pin="0"/><net_sink comp="94" pin=0"/></net>

<net id="99"><net_src comp="2" pin="0"/><net_sink comp="94" pin=1"/></net>

<net id="104"><net_src comp="64" pin="0"/><net_sink comp="100" pin=0"/></net>

<net id="105"><net_src comp="0" pin="0"/><net_sink comp="100" pin=1"/></net>

<net id="110"><net_src comp="64" pin="0"/><net_sink comp="106" pin=0"/></net>

<net id="111"><net_src comp="52" pin="0"/><net_sink comp="106" pin=1"/></net>

<net id="116"><net_src comp="64" pin="0"/><net_sink comp="112" pin=0"/></net>

<net id="117"><net_src comp="50" pin="0"/><net_sink comp="112" pin=1"/></net>

<net id="122"><net_src comp="64" pin="0"/><net_sink comp="118" pin=0"/></net>

<net id="123"><net_src comp="48" pin="0"/><net_sink comp="118" pin=1"/></net>

<net id="128"><net_src comp="64" pin="0"/><net_sink comp="124" pin=0"/></net>

<net id="129"><net_src comp="46" pin="0"/><net_sink comp="124" pin=1"/></net>

<net id="134"><net_src comp="64" pin="0"/><net_sink comp="130" pin=0"/></net>

<net id="135"><net_src comp="44" pin="0"/><net_sink comp="130" pin=1"/></net>

<net id="140"><net_src comp="64" pin="0"/><net_sink comp="136" pin=0"/></net>

<net id="141"><net_src comp="42" pin="0"/><net_sink comp="136" pin=1"/></net>

<net id="146"><net_src comp="64" pin="0"/><net_sink comp="142" pin=0"/></net>

<net id="147"><net_src comp="40" pin="0"/><net_sink comp="142" pin=1"/></net>

<net id="152"><net_src comp="64" pin="0"/><net_sink comp="148" pin=0"/></net>

<net id="153"><net_src comp="38" pin="0"/><net_sink comp="148" pin=1"/></net>

<net id="158"><net_src comp="64" pin="0"/><net_sink comp="154" pin=0"/></net>

<net id="159"><net_src comp="36" pin="0"/><net_sink comp="154" pin=1"/></net>

<net id="164"><net_src comp="64" pin="0"/><net_sink comp="160" pin=0"/></net>

<net id="165"><net_src comp="34" pin="0"/><net_sink comp="160" pin=1"/></net>

<net id="170"><net_src comp="64" pin="0"/><net_sink comp="166" pin=0"/></net>

<net id="171"><net_src comp="32" pin="0"/><net_sink comp="166" pin=1"/></net>

<net id="176"><net_src comp="64" pin="0"/><net_sink comp="172" pin=0"/></net>

<net id="177"><net_src comp="30" pin="0"/><net_sink comp="172" pin=1"/></net>

<net id="182"><net_src comp="64" pin="0"/><net_sink comp="178" pin=0"/></net>

<net id="183"><net_src comp="28" pin="0"/><net_sink comp="178" pin=1"/></net>

<net id="188"><net_src comp="64" pin="0"/><net_sink comp="184" pin=0"/></net>

<net id="189"><net_src comp="26" pin="0"/><net_sink comp="184" pin=1"/></net>

<net id="194"><net_src comp="64" pin="0"/><net_sink comp="190" pin=0"/></net>

<net id="195"><net_src comp="24" pin="0"/><net_sink comp="190" pin=1"/></net>

<net id="200"><net_src comp="64" pin="0"/><net_sink comp="196" pin=0"/></net>

<net id="201"><net_src comp="22" pin="0"/><net_sink comp="196" pin=1"/></net>

<net id="206"><net_src comp="64" pin="0"/><net_sink comp="202" pin=0"/></net>

<net id="207"><net_src comp="20" pin="0"/><net_sink comp="202" pin=1"/></net>

<net id="212"><net_src comp="64" pin="0"/><net_sink comp="208" pin=0"/></net>

<net id="213"><net_src comp="18" pin="0"/><net_sink comp="208" pin=1"/></net>

<net id="218"><net_src comp="64" pin="0"/><net_sink comp="214" pin=0"/></net>

<net id="219"><net_src comp="16" pin="0"/><net_sink comp="214" pin=1"/></net>

<net id="224"><net_src comp="64" pin="0"/><net_sink comp="220" pin=0"/></net>

<net id="225"><net_src comp="14" pin="0"/><net_sink comp="220" pin=1"/></net>

<net id="230"><net_src comp="64" pin="0"/><net_sink comp="226" pin=0"/></net>

<net id="231"><net_src comp="12" pin="0"/><net_sink comp="226" pin=1"/></net>

<net id="236"><net_src comp="64" pin="0"/><net_sink comp="232" pin=0"/></net>

<net id="237"><net_src comp="10" pin="0"/><net_sink comp="232" pin=1"/></net>

<net id="242"><net_src comp="64" pin="0"/><net_sink comp="238" pin=0"/></net>

<net id="243"><net_src comp="8" pin="0"/><net_sink comp="238" pin=1"/></net>

<net id="248"><net_src comp="64" pin="0"/><net_sink comp="244" pin=0"/></net>

<net id="249"><net_src comp="6" pin="0"/><net_sink comp="244" pin=1"/></net>

<net id="254"><net_src comp="64" pin="0"/><net_sink comp="250" pin=0"/></net>

<net id="255"><net_src comp="4" pin="0"/><net_sink comp="250" pin=1"/></net>

<net id="260"><net_src comp="64" pin="0"/><net_sink comp="256" pin=0"/></net>

<net id="261"><net_src comp="62" pin="0"/><net_sink comp="256" pin=1"/></net>

<net id="266"><net_src comp="64" pin="0"/><net_sink comp="262" pin=0"/></net>

<net id="267"><net_src comp="60" pin="0"/><net_sink comp="262" pin=1"/></net>

<net id="272"><net_src comp="64" pin="0"/><net_sink comp="268" pin=0"/></net>

<net id="273"><net_src comp="58" pin="0"/><net_sink comp="268" pin=1"/></net>

<net id="278"><net_src comp="64" pin="0"/><net_sink comp="274" pin=0"/></net>

<net id="279"><net_src comp="56" pin="0"/><net_sink comp="274" pin=1"/></net>

<net id="284"><net_src comp="64" pin="0"/><net_sink comp="280" pin=0"/></net>

<net id="285"><net_src comp="54" pin="0"/><net_sink comp="280" pin=1"/></net>

<net id="289"><net_src comp="100" pin="2"/><net_sink comp="286" pin=0"/></net>

<net id="293"><net_src comp="94" pin="2"/><net_sink comp="290" pin=0"/></net>

<net id="298"><net_src comp="290" pin="1"/><net_sink comp="294" pin=0"/></net>

<net id="299"><net_src comp="286" pin="1"/><net_sink comp="294" pin=1"/></net>

<net id="307"><net_src comp="66" pin="0"/><net_sink comp="303" pin=0"/></net>

<net id="313"><net_src comp="68" pin="0"/><net_sink comp="308" pin=0"/></net>

<net id="314"><net_src comp="70" pin="0"/><net_sink comp="308" pin=2"/></net>

<net id="318"><net_src comp="308" pin="3"/><net_sink comp="315" pin=0"/></net>

<net id="323"><net_src comp="72" pin="0"/><net_sink comp="319" pin=0"/></net>

<net id="324"><net_src comp="315" pin="1"/><net_sink comp="319" pin=1"/></net>

<net id="333"><net_src comp="68" pin="0"/><net_sink comp="328" pin=0"/></net>

<net id="334"><net_src comp="70" pin="0"/><net_sink comp="328" pin=2"/></net>

<net id="338"><net_src comp="328" pin="3"/><net_sink comp="335" pin=0"/></net>

<net id="342"><net_src comp="250" pin="2"/><net_sink comp="339" pin=0"/></net>

<net id="346"><net_src comp="250" pin="2"/><net_sink comp="343" pin=0"/></net>

<net id="352"><net_src comp="68" pin="0"/><net_sink comp="347" pin=0"/></net>

<net id="353"><net_src comp="250" pin="2"/><net_sink comp="347" pin=1"/></net>

<net id="354"><net_src comp="70" pin="0"/><net_sink comp="347" pin=2"/></net>

<net id="358"><net_src comp="347" pin="3"/><net_sink comp="355" pin=0"/></net>

<net id="362"><net_src comp="244" pin="2"/><net_sink comp="359" pin=0"/></net>

<net id="368"><net_src comp="68" pin="0"/><net_sink comp="363" pin=0"/></net>

<net id="369"><net_src comp="244" pin="2"/><net_sink comp="363" pin=1"/></net>

<net id="370"><net_src comp="70" pin="0"/><net_sink comp="363" pin=2"/></net>

<net id="374"><net_src comp="363" pin="3"/><net_sink comp="371" pin=0"/></net>

<net id="378"><net_src comp="363" pin="3"/><net_sink comp="375" pin=0"/></net>

<net id="383"><net_src comp="66" pin="0"/><net_sink comp="379" pin=0"/></net>

<net id="384"><net_src comp="359" pin="1"/><net_sink comp="379" pin=1"/></net>

<net id="388"><net_src comp="379" pin="2"/><net_sink comp="385" pin=0"/></net>

<net id="392"><net_src comp="238" pin="2"/><net_sink comp="389" pin=0"/></net>

<net id="396"><net_src comp="238" pin="2"/><net_sink comp="393" pin=0"/></net>

<net id="400"><net_src comp="232" pin="2"/><net_sink comp="397" pin=0"/></net>

<net id="404"><net_src comp="232" pin="2"/><net_sink comp="401" pin=0"/></net>

<net id="408"><net_src comp="232" pin="2"/><net_sink comp="405" pin=0"/></net>

<net id="413"><net_src comp="66" pin="0"/><net_sink comp="409" pin=0"/></net>

<net id="414"><net_src comp="397" pin="1"/><net_sink comp="409" pin=1"/></net>

<net id="418"><net_src comp="409" pin="2"/><net_sink comp="415" pin=0"/></net>

<net id="422"><net_src comp="226" pin="2"/><net_sink comp="419" pin=0"/></net>

<net id="426"><net_src comp="226" pin="2"/><net_sink comp="423" pin=0"/></net>

<net id="430"><net_src comp="226" pin="2"/><net_sink comp="427" pin=0"/></net>

<net id="436"><net_src comp="68" pin="0"/><net_sink comp="431" pin=0"/></net>

<net id="437"><net_src comp="226" pin="2"/><net_sink comp="431" pin=1"/></net>

<net id="438"><net_src comp="70" pin="0"/><net_sink comp="431" pin=2"/></net>

<net id="442"><net_src comp="431" pin="3"/><net_sink comp="439" pin=0"/></net>

<net id="446"><net_src comp="431" pin="3"/><net_sink comp="443" pin=0"/></net>

<net id="450"><net_src comp="220" pin="2"/><net_sink comp="447" pin=0"/></net>

<net id="454"><net_src comp="220" pin="2"/><net_sink comp="451" pin=0"/></net>

<net id="460"><net_src comp="68" pin="0"/><net_sink comp="455" pin=0"/></net>

<net id="461"><net_src comp="220" pin="2"/><net_sink comp="455" pin=1"/></net>

<net id="462"><net_src comp="70" pin="0"/><net_sink comp="455" pin=2"/></net>

<net id="466"><net_src comp="455" pin="3"/><net_sink comp="463" pin=0"/></net>

<net id="470"><net_src comp="214" pin="2"/><net_sink comp="467" pin=0"/></net>

<net id="474"><net_src comp="214" pin="2"/><net_sink comp="471" pin=0"/></net>

<net id="478"><net_src comp="214" pin="2"/><net_sink comp="475" pin=0"/></net>

<net id="482"><net_src comp="208" pin="2"/><net_sink comp="479" pin=0"/></net>

<net id="488"><net_src comp="68" pin="0"/><net_sink comp="483" pin=0"/></net>

<net id="489"><net_src comp="208" pin="2"/><net_sink comp="483" pin=1"/></net>

<net id="490"><net_src comp="70" pin="0"/><net_sink comp="483" pin=2"/></net>

<net id="494"><net_src comp="483" pin="3"/><net_sink comp="491" pin=0"/></net>

<net id="498"><net_src comp="483" pin="3"/><net_sink comp="495" pin=0"/></net>

<net id="503"><net_src comp="66" pin="0"/><net_sink comp="499" pin=0"/></net>

<net id="504"><net_src comp="479" pin="1"/><net_sink comp="499" pin=1"/></net>

<net id="508"><net_src comp="499" pin="2"/><net_sink comp="505" pin=0"/></net>

<net id="512"><net_src comp="202" pin="2"/><net_sink comp="509" pin=0"/></net>

<net id="518"><net_src comp="68" pin="0"/><net_sink comp="513" pin=0"/></net>

<net id="519"><net_src comp="202" pin="2"/><net_sink comp="513" pin=1"/></net>

<net id="520"><net_src comp="70" pin="0"/><net_sink comp="513" pin=2"/></net>

<net id="524"><net_src comp="513" pin="3"/><net_sink comp="521" pin=0"/></net>

<net id="529"><net_src comp="72" pin="0"/><net_sink comp="525" pin=0"/></net>

<net id="530"><net_src comp="521" pin="1"/><net_sink comp="525" pin=1"/></net>

<net id="535"><net_src comp="66" pin="0"/><net_sink comp="531" pin=0"/></net>

<net id="536"><net_src comp="509" pin="1"/><net_sink comp="531" pin=1"/></net>

<net id="540"><net_src comp="196" pin="2"/><net_sink comp="537" pin=0"/></net>

<net id="545"><net_src comp="66" pin="0"/><net_sink comp="541" pin=0"/></net>

<net id="546"><net_src comp="537" pin="1"/><net_sink comp="541" pin=1"/></net>

<net id="552"><net_src comp="68" pin="0"/><net_sink comp="547" pin=0"/></net>

<net id="553"><net_src comp="196" pin="2"/><net_sink comp="547" pin=1"/></net>

<net id="554"><net_src comp="70" pin="0"/><net_sink comp="547" pin=2"/></net>

<net id="558"><net_src comp="547" pin="3"/><net_sink comp="555" pin=0"/></net>

<net id="563"><net_src comp="72" pin="0"/><net_sink comp="559" pin=0"/></net>

<net id="564"><net_src comp="555" pin="1"/><net_sink comp="559" pin=1"/></net>

<net id="568"><net_src comp="190" pin="2"/><net_sink comp="565" pin=0"/></net>

<net id="572"><net_src comp="190" pin="2"/><net_sink comp="569" pin=0"/></net>

<net id="578"><net_src comp="68" pin="0"/><net_sink comp="573" pin=0"/></net>

<net id="579"><net_src comp="190" pin="2"/><net_sink comp="573" pin=1"/></net>

<net id="580"><net_src comp="70" pin="0"/><net_sink comp="573" pin=2"/></net>

<net id="584"><net_src comp="573" pin="3"/><net_sink comp="581" pin=0"/></net>

<net id="588"><net_src comp="184" pin="2"/><net_sink comp="585" pin=0"/></net>

<net id="592"><net_src comp="184" pin="2"/><net_sink comp="589" pin=0"/></net>

<net id="596"><net_src comp="184" pin="2"/><net_sink comp="593" pin=0"/></net>

<net id="601"><net_src comp="66" pin="0"/><net_sink comp="597" pin=0"/></net>

<net id="602"><net_src comp="589" pin="1"/><net_sink comp="597" pin=1"/></net>

<net id="608"><net_src comp="68" pin="0"/><net_sink comp="603" pin=0"/></net>

<net id="609"><net_src comp="184" pin="2"/><net_sink comp="603" pin=1"/></net>

<net id="610"><net_src comp="70" pin="0"/><net_sink comp="603" pin=2"/></net>

<net id="616"><net_src comp="74" pin="0"/><net_sink comp="611" pin=0"/></net>

<net id="617"><net_src comp="184" pin="2"/><net_sink comp="611" pin=1"/></net>

<net id="618"><net_src comp="76" pin="0"/><net_sink comp="611" pin=2"/></net>

<net id="622"><net_src comp="611" pin="3"/><net_sink comp="619" pin=0"/></net>

<net id="627"><net_src comp="585" pin="1"/><net_sink comp="623" pin=0"/></net>

<net id="628"><net_src comp="619" pin="1"/><net_sink comp="623" pin=1"/></net>

<net id="632"><net_src comp="178" pin="2"/><net_sink comp="629" pin=0"/></net>

<net id="636"><net_src comp="178" pin="2"/><net_sink comp="633" pin=0"/></net>

<net id="642"><net_src comp="68" pin="0"/><net_sink comp="637" pin=0"/></net>

<net id="643"><net_src comp="178" pin="2"/><net_sink comp="637" pin=1"/></net>

<net id="644"><net_src comp="70" pin="0"/><net_sink comp="637" pin=2"/></net>

<net id="648"><net_src comp="637" pin="3"/><net_sink comp="645" pin=0"/></net>

<net id="653"><net_src comp="72" pin="0"/><net_sink comp="649" pin=0"/></net>

<net id="654"><net_src comp="645" pin="1"/><net_sink comp="649" pin=1"/></net>

<net id="658"><net_src comp="172" pin="2"/><net_sink comp="655" pin=0"/></net>

<net id="662"><net_src comp="172" pin="2"/><net_sink comp="659" pin=0"/></net>

<net id="667"><net_src comp="66" pin="0"/><net_sink comp="663" pin=0"/></net>

<net id="668"><net_src comp="659" pin="1"/><net_sink comp="663" pin=1"/></net>

<net id="672"><net_src comp="166" pin="2"/><net_sink comp="669" pin=0"/></net>

<net id="678"><net_src comp="68" pin="0"/><net_sink comp="673" pin=0"/></net>

<net id="679"><net_src comp="166" pin="2"/><net_sink comp="673" pin=1"/></net>

<net id="680"><net_src comp="70" pin="0"/><net_sink comp="673" pin=2"/></net>

<net id="684"><net_src comp="673" pin="3"/><net_sink comp="681" pin=0"/></net>

<net id="688"><net_src comp="160" pin="2"/><net_sink comp="685" pin=0"/></net>

<net id="692"><net_src comp="160" pin="2"/><net_sink comp="689" pin=0"/></net>

<net id="696"><net_src comp="154" pin="2"/><net_sink comp="693" pin=0"/></net>

<net id="701"><net_src comp="66" pin="0"/><net_sink comp="697" pin=0"/></net>

<net id="702"><net_src comp="693" pin="1"/><net_sink comp="697" pin=1"/></net>

<net id="706"><net_src comp="148" pin="2"/><net_sink comp="703" pin=0"/></net>

<net id="710"><net_src comp="142" pin="2"/><net_sink comp="707" pin=0"/></net>

<net id="715"><net_src comp="66" pin="0"/><net_sink comp="711" pin=0"/></net>

<net id="716"><net_src comp="707" pin="1"/><net_sink comp="711" pin=1"/></net>

<net id="720"><net_src comp="136" pin="2"/><net_sink comp="717" pin=0"/></net>

<net id="724"><net_src comp="124" pin="2"/><net_sink comp="721" pin=0"/></net>

<net id="730"><net_src comp="68" pin="0"/><net_sink comp="725" pin=0"/></net>

<net id="731"><net_src comp="118" pin="2"/><net_sink comp="725" pin=1"/></net>

<net id="732"><net_src comp="70" pin="0"/><net_sink comp="725" pin=2"/></net>

<net id="736"><net_src comp="112" pin="2"/><net_sink comp="733" pin=0"/></net>

<net id="744"><net_src comp="737" pin="2"/><net_sink comp="741" pin=0"/></net>

<net id="752"><net_src comp="745" pin="2"/><net_sink comp="749" pin=0"/></net>

<net id="757"><net_src comp="335" pin="1"/><net_sink comp="753" pin=0"/></net>

<net id="758"><net_src comp="315" pin="1"/><net_sink comp="753" pin=1"/></net>

<net id="762"><net_src comp="303" pin="2"/><net_sink comp="759" pin=0"/></net>

<net id="767"><net_src comp="759" pin="1"/><net_sink comp="763" pin=0"/></net>

<net id="768"><net_src comp="325" pin="1"/><net_sink comp="763" pin=1"/></net>

<net id="773"><net_src comp="335" pin="1"/><net_sink comp="769" pin=0"/></net>

<net id="774"><net_src comp="300" pin="1"/><net_sink comp="769" pin=1"/></net>

<net id="779"><net_src comp="315" pin="1"/><net_sink comp="775" pin=0"/></net>

<net id="780"><net_src comp="325" pin="1"/><net_sink comp="775" pin=1"/></net>

<net id="785"><net_src comp="319" pin="2"/><net_sink comp="781" pin=0"/></net>

<net id="786"><net_src comp="325" pin="1"/><net_sink comp="781" pin=1"/></net>

<net id="794"><net_src comp="741" pin="1"/><net_sink comp="790" pin=0"/></net>

<net id="795"><net_src comp="355" pin="1"/><net_sink comp="790" pin=1"/></net>

<net id="799"><net_src comp="790" pin="2"/><net_sink comp="796" pin=0"/></net>

<net id="804"><net_src comp="749" pin="1"/><net_sink comp="800" pin=0"/></net>

<net id="805"><net_src comp="343" pin="1"/><net_sink comp="800" pin=1"/></net>

<net id="809"><net_src comp="800" pin="2"/><net_sink comp="806" pin=0"/></net>

<net id="814"><net_src comp="335" pin="1"/><net_sink comp="810" pin=0"/></net>

<net id="815"><net_src comp="355" pin="1"/><net_sink comp="810" pin=1"/></net>

<net id="820"><net_src comp="763" pin="2"/><net_sink comp="816" pin=0"/></net>

<net id="821"><net_src comp="355" pin="1"/><net_sink comp="816" pin=1"/></net>

<net id="826"><net_src comp="775" pin="2"/><net_sink comp="822" pin=0"/></net>

<net id="827"><net_src comp="343" pin="1"/><net_sink comp="822" pin=1"/></net>

<net id="832"><net_src comp="781" pin="2"/><net_sink comp="828" pin=0"/></net>

<net id="833"><net_src comp="343" pin="1"/><net_sink comp="828" pin=1"/></net>

<net id="838"><net_src comp="339" pin="1"/><net_sink comp="834" pin=0"/></net>

<net id="842"><net_src comp="834" pin="2"/><net_sink comp="839" pin=0"/></net>

<net id="847"><net_src comp="787" pin="1"/><net_sink comp="843" pin=0"/></net>

<net id="848"><net_src comp="343" pin="1"/><net_sink comp="843" pin=1"/></net>

<net id="853"><net_src comp="300" pin="1"/><net_sink comp="849" pin=0"/></net>

<net id="854"><net_src comp="355" pin="1"/><net_sink comp="849" pin=1"/></net>

<net id="858"><net_src comp="849" pin="2"/><net_sink comp="855" pin=0"/></net>

<net id="863"><net_src comp="339" pin="1"/><net_sink comp="859" pin=0"/></net>

<net id="864"><net_src comp="359" pin="1"/><net_sink comp="859" pin=1"/></net>

<net id="868"><net_src comp="859" pin="2"/><net_sink comp="865" pin=0"/></net>

<net id="873"><net_src comp="865" pin="1"/><net_sink comp="869" pin=0"/></net>

<net id="874"><net_src comp="749" pin="1"/><net_sink comp="869" pin=1"/></net>

<net id="878"><net_src comp="244" pin="2"/><net_sink comp="875" pin=0"/></net>

<net id="882"><net_src comp="822" pin="2"/><net_sink comp="879" pin=0"/></net>

<net id="887"><net_src comp="879" pin="1"/><net_sink comp="883" pin=0"/></net>

<net id="888"><net_src comp="875" pin="1"/><net_sink comp="883" pin=1"/></net>

<net id="893"><net_src comp="839" pin="1"/><net_sink comp="889" pin=0"/></net>

<net id="894"><net_src comp="371" pin="1"/><net_sink comp="889" pin=1"/></net>

<net id="899"><net_src comp="843" pin="2"/><net_sink comp="895" pin=0"/></net>

<net id="900"><net_src comp="385" pin="1"/><net_sink comp="895" pin=1"/></net>

<net id="905"><net_src comp="843" pin="2"/><net_sink comp="901" pin=0"/></net>

<net id="906"><net_src comp="389" pin="1"/><net_sink comp="901" pin=1"/></net>

<net id="911"><net_src comp="371" pin="1"/><net_sink comp="907" pin=0"/></net>

<net id="912"><net_src comp="389" pin="1"/><net_sink comp="907" pin=1"/></net>

<net id="917"><net_src comp="907" pin="2"/><net_sink comp="913" pin=0"/></net>

<net id="918"><net_src comp="405" pin="1"/><net_sink comp="913" pin=1"/></net>

<net id="923"><net_src comp="796" pin="1"/><net_sink comp="919" pin=0"/></net>

<net id="924"><net_src comp="375" pin="1"/><net_sink comp="919" pin=1"/></net>

<net id="929"><net_src comp="397" pin="1"/><net_sink comp="925" pin=0"/></net>

<net id="930"><net_src comp="427" pin="1"/><net_sink comp="925" pin=1"/></net>

<net id="934"><net_src comp="925" pin="2"/><net_sink comp="931" pin=0"/></net>

<net id="939"><net_src comp="931" pin="1"/><net_sink comp="935" pin=0"/></net>

<net id="940"><net_src comp="919" pin="2"/><net_sink comp="935" pin=1"/></net>

<net id="944"><net_src comp="347" pin="3"/><net_sink comp="941" pin=0"/></net>

<net id="948"><net_src comp="769" pin="2"/><net_sink comp="945" pin=0"/></net>

<net id="953"><net_src comp="945" pin="1"/><net_sink comp="949" pin=0"/></net>

<net id="954"><net_src comp="941" pin="1"/><net_sink comp="949" pin=1"/></net>

<net id="959"><net_src comp="393" pin="1"/><net_sink comp="955" pin=0"/></net>

<net id="960"><net_src comp="427" pin="1"/><net_sink comp="955" pin=1"/></net>

<net id="964"><net_src comp="955" pin="2"/><net_sink comp="961" pin=0"/></net>

<net id="969"><net_src comp="961" pin="1"/><net_sink comp="965" pin=0"/></net>

<net id="970"><net_src comp="405" pin="1"/><net_sink comp="965" pin=1"/></net>

<net id="974"><net_src comp="965" pin="2"/><net_sink comp="971" pin=0"/></net>

<net id="979"><net_src comp="971" pin="1"/><net_sink comp="975" pin=0"/></net>

<net id="980"><net_src comp="949" pin="2"/><net_sink comp="975" pin=1"/></net>

<net id="984"><net_src comp="975" pin="2"/><net_sink comp="981" pin=0"/></net>

<net id="989"><net_src comp="359" pin="1"/><net_sink comp="985" pin=0"/></net>

<net id="990"><net_src comp="427" pin="1"/><net_sink comp="985" pin=1"/></net>

<net id="994"><net_src comp="985" pin="2"/><net_sink comp="991" pin=0"/></net>

<net id="999"><net_src comp="991" pin="1"/><net_sink comp="995" pin=0"/></net>

<net id="1000"><net_src comp="315" pin="1"/><net_sink comp="995" pin=1"/></net>

<net id="1004"><net_src comp="895" pin="2"/><net_sink comp="1001" pin=0"/></net>

<net id="1009"><net_src comp="1001" pin="1"/><net_sink comp="1005" pin=0"/></net>

<net id="1010"><net_src comp="401" pin="1"/><net_sink comp="1005" pin=1"/></net>

<net id="1015"><net_src comp="443" pin="1"/><net_sink comp="1011" pin=0"/></net>

<net id="1016"><net_src comp="389" pin="1"/><net_sink comp="1011" pin=1"/></net>

<net id="1020"><net_src comp="1011" pin="2"/><net_sink comp="1017" pin=0"/></net>

<net id="1025"><net_src comp="1017" pin="1"/><net_sink comp="1021" pin=0"/></net>

<net id="1026"><net_src comp="1005" pin="2"/><net_sink comp="1021" pin=1"/></net>

<net id="1030"><net_src comp="913" pin="2"/><net_sink comp="1027" pin=0"/></net>

<net id="1035"><net_src comp="1027" pin="1"/><net_sink comp="1031" pin=0"/></net>

<net id="1036"><net_src comp="419" pin="1"/><net_sink comp="1031" pin=1"/></net>

<net id="1041"><net_src comp="855" pin="1"/><net_sink comp="1037" pin=0"/></net>

<net id="1042"><net_src comp="375" pin="1"/><net_sink comp="1037" pin=1"/></net>

<net id="1047"><net_src comp="443" pin="1"/><net_sink comp="1043" pin=0"/></net>

<net id="1048"><net_src comp="451" pin="1"/><net_sink comp="1043" pin=1"/></net>

<net id="1052"><net_src comp="1043" pin="2"/><net_sink comp="1049" pin=0"/></net>

<net id="1057"><net_src comp="1049" pin="1"/><net_sink comp="1053" pin=0"/></net>

<net id="1058"><net_src comp="1037" pin="2"/><net_sink comp="1053" pin=1"/></net>

<net id="1062"><net_src comp="1053" pin="2"/><net_sink comp="1059" pin=0"/></net>

<net id="1066"><net_src comp="753" pin="2"/><net_sink comp="1063" pin=0"/></net>

<net id="1071"><net_src comp="1063" pin="1"/><net_sink comp="1067" pin=0"/></net>

<net id="1072"><net_src comp="419" pin="1"/><net_sink comp="1067" pin=1"/></net>

<net id="1077"><net_src comp="397" pin="1"/><net_sink comp="1073" pin=0"/></net>

<net id="1078"><net_src comp="467" pin="1"/><net_sink comp="1073" pin=1"/></net>

<net id="1082"><net_src comp="1073" pin="2"/><net_sink comp="1079" pin=0"/></net>

<net id="1087"><net_src comp="1079" pin="1"/><net_sink comp="1083" pin=0"/></net>

<net id="1088"><net_src comp="451" pin="1"/><net_sink comp="1083" pin=1"/></net>

<net id="1092"><net_src comp="1083" pin="2"/><net_sink comp="1089" pin=0"/></net>

<net id="1097"><net_src comp="1089" pin="1"/><net_sink comp="1093" pin=0"/></net>

<net id="1098"><net_src comp="1067" pin="2"/><net_sink comp="1093" pin=1"/></net>

<net id="1102"><net_src comp="1093" pin="2"/><net_sink comp="1099" pin=0"/></net>

<net id="1106"><net_src comp="220" pin="2"/><net_sink comp="1103" pin=0"/></net>

<net id="1110"><net_src comp="869" pin="2"/><net_sink comp="1107" pin=0"/></net>

<net id="1115"><net_src comp="1107" pin="1"/><net_sink comp="1111" pin=0"/></net>

<net id="1116"><net_src comp="1103" pin="1"/><net_sink comp="1111" pin=1"/></net>

<net id="1120"><net_src comp="925" pin="2"/><net_sink comp="1117" pin=0"/></net>

<net id="1125"><net_src comp="1117" pin="1"/><net_sink comp="1121" pin=0"/></net>

<net id="1126"><net_src comp="475" pin="1"/><net_sink comp="1121" pin=1"/></net>

<net id="1130"><net_src comp="1121" pin="2"/><net_sink comp="1127" pin=0"/></net>

<net id="1135"><net_src comp="1127" pin="1"/><net_sink comp="1131" pin=0"/></net>

<net id="1136"><net_src comp="1111" pin="2"/><net_sink comp="1131" pin=1"/></net>

<net id="1140"><net_src comp="1131" pin="2"/><net_sink comp="1137" pin=0"/></net>

<net id="1144"><net_src comp="1021" pin="2"/><net_sink comp="1141" pin=0"/></net>

<net id="1149"><net_src comp="1141" pin="1"/><net_sink comp="1145" pin=0"/></net>

<net id="1150"><net_src comp="471" pin="1"/><net_sink comp="1145" pin=1"/></net>

<net id="1154"><net_src comp="828" pin="2"/><net_sink comp="1151" pin=0"/></net>

<net id="1159"><net_src comp="1151" pin="1"/><net_sink comp="1155" pin=0"/></net>

<net id="1160"><net_src comp="1103" pin="1"/><net_sink comp="1155" pin=1"/></net>

<net id="1165"><net_src comp="495" pin="1"/><net_sink comp="1161" pin=0"/></net>

<net id="1166"><net_src comp="423" pin="1"/><net_sink comp="1161" pin=1"/></net>

<net id="1170"><net_src comp="1161" pin="2"/><net_sink comp="1167" pin=0"/></net>

<net id="1175"><net_src comp="1167" pin="1"/><net_sink comp="1171" pin=0"/></net>

<net id="1176"><net_src comp="1155" pin="2"/><net_sink comp="1171" pin=1"/></net>

<net id="1181"><net_src comp="1031" pin="2"/><net_sink comp="1177" pin=0"/></net>

<net id="1182"><net_src comp="505" pin="1"/><net_sink comp="1177" pin=1"/></net>

<net id="1187"><net_src comp="447" pin="1"/><net_sink comp="1183" pin=0"/></net>

<net id="1188"><net_src comp="467" pin="1"/><net_sink comp="1183" pin=1"/></net>

<net id="1192"><net_src comp="1183" pin="2"/><net_sink comp="1189" pin=0"/></net>

<net id="1197"><net_src comp="1189" pin="1"/><net_sink comp="1193" pin=0"/></net>

<net id="1198"><net_src comp="1177" pin="2"/><net_sink comp="1193" pin=1"/></net>

<net id="1202"><net_src comp="202" pin="2"/><net_sink comp="1199" pin=0"/></net>

<net id="1206"><net_src comp="531" pin="2"/><net_sink comp="1203" pin=0"/></net>

<net id="1210"><net_src comp="541" pin="2"/><net_sink comp="1207" pin=0"/></net>

<net id="1214"><net_src comp="196" pin="2"/><net_sink comp="1211" pin=0"/></net>

<net id="1218"><net_src comp="547" pin="3"/><net_sink comp="1215" pin=0"/></net>

<net id="1222"><net_src comp="995" pin="2"/><net_sink comp="1219" pin=0"/></net>

<net id="1227"><net_src comp="1219" pin="1"/><net_sink comp="1223" pin=0"/></net>

<net id="1228"><net_src comp="1215" pin="1"/><net_sink comp="1223" pin=1"/></net>

<net id="1233"><net_src comp="467" pin="1"/><net_sink comp="1229" pin=0"/></net>

<net id="1234"><net_src comp="509" pin="1"/><net_sink comp="1229" pin=1"/></net>

<net id="1238"><net_src comp="1229" pin="2"/><net_sink comp="1235" pin=0"/></net>

<net id="1243"><net_src comp="1235" pin="1"/><net_sink comp="1239" pin=0"/></net>

<net id="1244"><net_src comp="1223" pin="2"/><net_sink comp="1239" pin=1"/></net>

<net id="1248"><net_src comp="1239" pin="2"/><net_sink comp="1245" pin=0"/></net>

<net id="1252"><net_src comp="1193" pin="2"/><net_sink comp="1249" pin=0"/></net>

<net id="1257"><net_src comp="1249" pin="1"/><net_sink comp="1253" pin=0"/></net>

<net id="1258"><net_src comp="1211" pin="1"/><net_sink comp="1253" pin=1"/></net>

<net id="1262"><net_src comp="190" pin="2"/><net_sink comp="1259" pin=0"/></net>

<net id="1266"><net_src comp="1171" pin="2"/><net_sink comp="1263" pin=0"/></net>

<net id="1271"><net_src comp="1263" pin="1"/><net_sink comp="1267" pin=0"/></net>

<net id="1272"><net_src comp="1259" pin="1"/><net_sink comp="1267" pin=1"/></net>

<net id="1277"><net_src comp="1145" pin="2"/><net_sink comp="1273" pin=0"/></net>

<net id="1278"><net_src comp="491" pin="1"/><net_sink comp="1273" pin=1"/></net>

<net id="1283"><net_src comp="555" pin="1"/><net_sink comp="1279" pin=0"/></net>

<net id="1284"><net_src comp="565" pin="1"/><net_sink comp="1279" pin=1"/></net>

<net id="1289"><net_src comp="1279" pin="2"/><net_sink comp="1285" pin=0"/></net>

<net id="1290"><net_src comp="1203" pin="1"/><net_sink comp="1285" pin=1"/></net>

<net id="1294"><net_src comp="1285" pin="2"/><net_sink comp="1291" pin=0"/></net>

<net id="1299"><net_src comp="1291" pin="1"/><net_sink comp="1295" pin=0"/></net>

<net id="1300"><net_src comp="1273" pin="2"/><net_sink comp="1295" pin=1"/></net>

<net id="1304"><net_src comp="597" pin="2"/><net_sink comp="1301" pin=0"/></net>

<net id="1308"><net_src comp="935" pin="2"/><net_sink comp="1305" pin=0"/></net>

<net id="1313"><net_src comp="1305" pin="1"/><net_sink comp="1309" pin=0"/></net>

<net id="1314"><net_src comp="1211" pin="1"/><net_sink comp="1309" pin=1"/></net>

<net id="1319"><net_src comp="581" pin="1"/><net_sink comp="1315" pin=0"/></net>

<net id="1320"><net_src comp="593" pin="1"/><net_sink comp="1315" pin=1"/></net>

<net id="1324"><net_src comp="1315" pin="2"/><net_sink comp="1321" pin=0"/></net>

<net id="1329"><net_src comp="1321" pin="1"/><net_sink comp="1325" pin=0"/></net>

<net id="1330"><net_src comp="1309" pin="2"/><net_sink comp="1325" pin=1"/></net>

<net id="1334"><net_src comp="1183" pin="2"/><net_sink comp="1331" pin=0"/></net>

<net id="1339"><net_src comp="479" pin="1"/><net_sink comp="1335" pin=0"/></net>

<net id="1340"><net_src comp="509" pin="1"/><net_sink comp="1335" pin=1"/></net>

<net id="1344"><net_src comp="1335" pin="2"/><net_sink comp="1341" pin=0"/></net>

<net id="1349"><net_src comp="1341" pin="1"/><net_sink comp="1345" pin=0"/></net>

<net id="1350"><net_src comp="1331" pin="1"/><net_sink comp="1345" pin=1"/></net>

<net id="1354"><net_src comp="1345" pin="2"/><net_sink comp="1351" pin=0"/></net>

<net id="1359"><net_src comp="1351" pin="1"/><net_sink comp="1355" pin=0"/></net>

<net id="1360"><net_src comp="1325" pin="2"/><net_sink comp="1355" pin=1"/></net>

<net id="1365"><net_src comp="806" pin="1"/><net_sink comp="1361" pin=0"/></net>

<net id="1366"><net_src comp="439" pin="1"/><net_sink comp="1361" pin=1"/></net>

<net id="1371"><net_src comp="569" pin="1"/><net_sink comp="1367" pin=0"/></net>

<net id="1372"><net_src comp="589" pin="1"/><net_sink comp="1367" pin=1"/></net>

<net id="1376"><net_src comp="1367" pin="2"/><net_sink comp="1373" pin=0"/></net>

<net id="1381"><net_src comp="1373" pin="1"/><net_sink comp="1377" pin=0"/></net>

<net id="1382"><net_src comp="451" pin="1"/><net_sink comp="1377" pin=1"/></net>

<net id="1386"><net_src comp="1377" pin="2"/><net_sink comp="1383" pin=0"/></net>

<net id="1391"><net_src comp="1383" pin="1"/><net_sink comp="1387" pin=0"/></net>

<net id="1392"><net_src comp="1361" pin="2"/><net_sink comp="1387" pin=1"/></net>

<net id="1396"><net_src comp="603" pin="3"/><net_sink comp="1393" pin=0"/></net>

<net id="1401"><net_src comp="623" pin="2"/><net_sink comp="1397" pin=0"/></net>

<net id="1402"><net_src comp="1207" pin="1"/><net_sink comp="1397" pin=1"/></net>

<net id="1406"><net_src comp="1397" pin="2"/><net_sink comp="1403" pin=0"/></net>

<net id="1411"><net_src comp="1403" pin="1"/><net_sink comp="1407" pin=0"/></net>

<net id="1412"><net_src comp="1059" pin="1"/><net_sink comp="1407" pin=1"/></net>

<net id="1417"><net_src comp="479" pin="1"/><net_sink comp="1413" pin=0"/></net>

<net id="1418"><net_src comp="633" pin="1"/><net_sink comp="1413" pin=1"/></net>

<net id="1422"><net_src comp="1413" pin="2"/><net_sink comp="1419" pin=0"/></net>

<net id="1427"><net_src comp="509" pin="1"/><net_sink comp="1423" pin=0"/></net>

<net id="1428"><net_src comp="569" pin="1"/><net_sink comp="1423" pin=1"/></net>

<net id="1432"><net_src comp="1423" pin="2"/><net_sink comp="1429" pin=0"/></net>

<net id="1437"><net_src comp="1429" pin="1"/><net_sink comp="1433" pin=0"/></net>

<net id="1438"><net_src comp="1419" pin="1"/><net_sink comp="1433" pin=1"/></net>

<net id="1442"><net_src comp="1433" pin="2"/><net_sink comp="1439" pin=0"/></net>

<net id="1447"><net_src comp="1439" pin="1"/><net_sink comp="1443" pin=0"/></net>

<net id="1448"><net_src comp="1407" pin="2"/><net_sink comp="1443" pin=1"/></net>

<net id="1453"><net_src comp="589" pin="1"/><net_sink comp="1449" pin=0"/></net>

<net id="1454"><net_src comp="685" pin="1"/><net_sink comp="1449" pin=1"/></net>

<net id="1458"><net_src comp="1449" pin="2"/><net_sink comp="1455" pin=0"/></net>

<net id="1463"><net_src comp="633" pin="1"/><net_sink comp="1459" pin=0"/></net>

<net id="1464"><net_src comp="703" pin="1"/><net_sink comp="1459" pin=1"/></net>

<net id="1468"><net_src comp="1459" pin="2"/><net_sink comp="1465" pin=0"/></net>

<net id="1473"><net_src comp="1465" pin="1"/><net_sink comp="1469" pin=0"/></net>

<net id="1474"><net_src comp="1455" pin="1"/><net_sink comp="1469" pin=1"/></net>

<net id="1478"><net_src comp="711" pin="2"/><net_sink comp="1475" pin=0"/></net>

<net id="1482"><net_src comp="130" pin="2"/><net_sink comp="1479" pin=0"/></net>

<net id="1487"><net_src comp="581" pin="1"/><net_sink comp="1483" pin=0"/></net>

<net id="1488"><net_src comp="681" pin="1"/><net_sink comp="1483" pin=1"/></net>

<net id="1492"><net_src comp="1483" pin="2"/><net_sink comp="1489" pin=0"/></net>

<net id="1497"><net_src comp="1489" pin="1"/><net_sink comp="1493" pin=0"/></net>

<net id="1498"><net_src comp="1099" pin="1"/><net_sink comp="1493" pin=1"/></net>

<net id="1503"><net_src comp="703" pin="1"/><net_sink comp="1499" pin=0"/></net>

<net id="1504"><net_src comp="1479" pin="1"/><net_sink comp="1499" pin=1"/></net>

<net id="1508"><net_src comp="1499" pin="2"/><net_sink comp="1505" pin=0"/></net>

<net id="1513"><net_src comp="1505" pin="1"/><net_sink comp="1509" pin=0"/></net>

<net id="1514"><net_src comp="655" pin="1"/><net_sink comp="1509" pin=1"/></net>

<net id="1518"><net_src comp="1509" pin="2"/><net_sink comp="1515" pin=0"/></net>

<net id="1523"><net_src comp="1515" pin="1"/><net_sink comp="1519" pin=0"/></net>

<net id="1524"><net_src comp="1493" pin="2"/><net_sink comp="1519" pin=1"/></net>

<net id="1529"><net_src comp="581" pin="1"/><net_sink comp="1525" pin=0"/></net>

<net id="1530"><net_src comp="1393" pin="1"/><net_sink comp="1525" pin=1"/></net>

<net id="1534"><net_src comp="1525" pin="2"/><net_sink comp="1531" pin=0"/></net>

<net id="1539"><net_src comp="1531" pin="1"/><net_sink comp="1535" pin=0"/></net>

<net id="1540"><net_src comp="1245" pin="1"/><net_sink comp="1535" pin=1"/></net>

<net id="1545"><net_src comp="1475" pin="1"/><net_sink comp="1541" pin=0"/></net>

<net id="1546"><net_src comp="689" pin="1"/><net_sink comp="1541" pin=1"/></net>

<net id="1551"><net_src comp="703" pin="1"/><net_sink comp="1547" pin=0"/></net>

<net id="1552"><net_src comp="721" pin="1"/><net_sink comp="1547" pin=1"/></net>

<net id="1556"><net_src comp="1547" pin="2"/><net_sink comp="1553" pin=0"/></net>

<net id="1561"><net_src comp="1553" pin="1"/><net_sink comp="1557" pin=0"/></net>

<net id="1562"><net_src comp="1541" pin="2"/><net_sink comp="1557" pin=1"/></net>

<net id="1566"><net_src comp="1557" pin="2"/><net_sink comp="1563" pin=0"/></net>

<net id="1571"><net_src comp="1563" pin="1"/><net_sink comp="1567" pin=0"/></net>

<net id="1572"><net_src comp="1535" pin="2"/><net_sink comp="1567" pin=1"/></net>

<net id="1576"><net_src comp="725" pin="3"/><net_sink comp="1573" pin=0"/></net>

<net id="1581"><net_src comp="359" pin="1"/><net_sink comp="1577" pin=0"/></net>

<net id="1585"><net_src comp="1577" pin="2"/><net_sink comp="1582" pin=0"/></net>

<net id="1590"><net_src comp="1582" pin="1"/><net_sink comp="1586" pin=0"/></net>

<net id="1591"><net_src comp="355" pin="1"/><net_sink comp="1586" pin=1"/></net>

<net id="1595"><net_src comp="1586" pin="2"/><net_sink comp="1592" pin=0"/></net>

<net id="1600"><net_src comp="1592" pin="1"/><net_sink comp="1596" pin=0"/></net>

<net id="1601"><net_src comp="401" pin="1"/><net_sink comp="1596" pin=1"/></net>

<net id="1606"><net_src comp="495" pin="1"/><net_sink comp="1602" pin=0"/></net>

<net id="1607"><net_src comp="451" pin="1"/><net_sink comp="1602" pin=1"/></net>

<net id="1611"><net_src comp="1602" pin="2"/><net_sink comp="1608" pin=0"/></net>

<net id="1616"><net_src comp="1608" pin="1"/><net_sink comp="1612" pin=0"/></net>

<net id="1617"><net_src comp="1596" pin="2"/><net_sink comp="1612" pin=1"/></net>

<net id="1621"><net_src comp="1612" pin="2"/><net_sink comp="1618" pin=0"/></net>

<net id="1626"><net_src comp="1618" pin="1"/><net_sink comp="1622" pin=0"/></net>

<net id="1627"><net_src comp="1199" pin="1"/><net_sink comp="1622" pin=1"/></net>

<net id="1631"><net_src comp="573" pin="3"/><net_sink comp="1628" pin=0"/></net>

<net id="1635"><net_src comp="649" pin="2"/><net_sink comp="1632" pin=0"/></net>

<net id="1640"><net_src comp="1632" pin="1"/><net_sink comp="1636" pin=0"/></net>

<net id="1641"><net_src comp="1628" pin="1"/><net_sink comp="1636" pin=1"/></net>

<net id="1645"><net_src comp="1636" pin="2"/><net_sink comp="1642" pin=0"/></net>

<net id="1650"><net_src comp="1642" pin="1"/><net_sink comp="1646" pin=0"/></net>

<net id="1651"><net_src comp="1622" pin="2"/><net_sink comp="1646" pin=1"/></net>

<net id="1656"><net_src comp="537" pin="1"/><net_sink comp="1652" pin=0"/></net>

<net id="1657"><net_src comp="659" pin="1"/><net_sink comp="1652" pin=1"/></net>

<net id="1661"><net_src comp="1652" pin="2"/><net_sink comp="1658" pin=0"/></net>

<net id="1666"><net_src comp="1658" pin="1"/><net_sink comp="1662" pin=0"/></net>

<net id="1667"><net_src comp="593" pin="1"/><net_sink comp="1662" pin=1"/></net>

<net id="1671"><net_src comp="1662" pin="2"/><net_sink comp="1668" pin=0"/></net>

<net id="1676"><net_src comp="1668" pin="1"/><net_sink comp="1672" pin=0"/></net>

<net id="1677"><net_src comp="1646" pin="2"/><net_sink comp="1672" pin=1"/></net>

<net id="1682"><net_src comp="883" pin="2"/><net_sink comp="1678" pin=0"/></net>

<net id="1683"><net_src comp="415" pin="1"/><net_sink comp="1678" pin=1"/></net>

<net id="1688"><net_src comp="427" pin="1"/><net_sink comp="1684" pin=0"/></net>

<net id="1689"><net_src comp="467" pin="1"/><net_sink comp="1684" pin=1"/></net>

<net id="1693"><net_src comp="1684" pin="2"/><net_sink comp="1690" pin=0"/></net>

<net id="1698"><net_src comp="1690" pin="1"/><net_sink comp="1694" pin=0"/></net>

<net id="1699"><net_src comp="1678" pin="2"/><net_sink comp="1694" pin=1"/></net>

<net id="1703"><net_src comp="1694" pin="2"/><net_sink comp="1700" pin=0"/></net>

<net id="1707"><net_src comp="455" pin="3"/><net_sink comp="1704" pin=0"/></net>

<net id="1711"><net_src comp="525" pin="2"/><net_sink comp="1708" pin=0"/></net>

<net id="1716"><net_src comp="1708" pin="1"/><net_sink comp="1712" pin=0"/></net>

<net id="1717"><net_src comp="1704" pin="1"/><net_sink comp="1712" pin=1"/></net>

<net id="1721"><net_src comp="1712" pin="2"/><net_sink comp="1718" pin=0"/></net>

<net id="1726"><net_src comp="1718" pin="1"/><net_sink comp="1722" pin=0"/></net>

<net id="1727"><net_src comp="1700" pin="1"/><net_sink comp="1722" pin=1"/></net>

<net id="1732"><net_src comp="537" pin="1"/><net_sink comp="1728" pin=0"/></net>

<net id="1733"><net_src comp="569" pin="1"/><net_sink comp="1728" pin=1"/></net>

<net id="1737"><net_src comp="1728" pin="2"/><net_sink comp="1734" pin=0"/></net>

<net id="1742"><net_src comp="1734" pin="1"/><net_sink comp="1738" pin=0"/></net>

<net id="1743"><net_src comp="495" pin="1"/><net_sink comp="1738" pin=1"/></net>

<net id="1747"><net_src comp="1738" pin="2"/><net_sink comp="1744" pin=0"/></net>

<net id="1752"><net_src comp="1744" pin="1"/><net_sink comp="1748" pin=0"/></net>

<net id="1753"><net_src comp="1722" pin="2"/><net_sink comp="1748" pin=1"/></net>

<net id="1757"><net_src comp="106" pin="2"/><net_sink comp="1754" pin=0"/></net>

<net id="1761"><net_src comp="483" pin="3"/><net_sink comp="1758" pin=0"/></net>

<net id="1765"><net_src comp="559" pin="2"/><net_sink comp="1762" pin=0"/></net>

<net id="1770"><net_src comp="1762" pin="1"/><net_sink comp="1766" pin=0"/></net>

<net id="1771"><net_src comp="1758" pin="1"/><net_sink comp="1766" pin=1"/></net>

<net id="1775"><net_src comp="1766" pin="2"/><net_sink comp="1772" pin=0"/></net>

<net id="1780"><net_src comp="1772" pin="1"/><net_sink comp="1776" pin=0"/></net>

<net id="1781"><net_src comp="981" pin="1"/><net_sink comp="1776" pin=1"/></net>

<net id="1786"><net_src comp="1429" pin="1"/><net_sink comp="1782" pin=0"/></net>

<net id="1787"><net_src comp="475" pin="1"/><net_sink comp="1782" pin=1"/></net>

<net id="1791"><net_src comp="1782" pin="2"/><net_sink comp="1788" pin=0"/></net>

<net id="1796"><net_src comp="1788" pin="1"/><net_sink comp="1792" pin=0"/></net>

<net id="1797"><net_src comp="1776" pin="2"/><net_sink comp="1792" pin=1"/></net>

<net id="1802"><net_src comp="669" pin="1"/><net_sink comp="1798" pin=0"/></net>

<net id="1803"><net_src comp="707" pin="1"/><net_sink comp="1798" pin=1"/></net>

<net id="1807"><net_src comp="1798" pin="2"/><net_sink comp="1804" pin=0"/></net>

<net id="1812"><net_src comp="693" pin="1"/><net_sink comp="1808" pin=0"/></net>

<net id="1813"><net_src comp="717" pin="1"/><net_sink comp="1808" pin=1"/></net>

<net id="1817"><net_src comp="1808" pin="2"/><net_sink comp="1814" pin=0"/></net>

<net id="1822"><net_src comp="1814" pin="1"/><net_sink comp="1818" pin=0"/></net>

<net id="1823"><net_src comp="1804" pin="1"/><net_sink comp="1818" pin=1"/></net>

<net id="1828"><net_src comp="1393" pin="1"/><net_sink comp="1824" pin=0"/></net>

<net id="1829"><net_src comp="645" pin="1"/><net_sink comp="1824" pin=1"/></net>

<net id="1833"><net_src comp="1824" pin="2"/><net_sink comp="1830" pin=0"/></net>

<net id="1838"><net_src comp="1830" pin="1"/><net_sink comp="1834" pin=0"/></net>

<net id="1839"><net_src comp="1137" pin="1"/><net_sink comp="1834" pin=1"/></net>

<net id="1844"><net_src comp="569" pin="1"/><net_sink comp="1840" pin=0"/></net>

<net id="1845"><net_src comp="659" pin="1"/><net_sink comp="1840" pin=1"/></net>

<net id="1849"><net_src comp="1840" pin="2"/><net_sink comp="1846" pin=0"/></net>

<net id="1854"><net_src comp="669" pin="1"/><net_sink comp="1850" pin=0"/></net>

<net id="1855"><net_src comp="685" pin="1"/><net_sink comp="1850" pin=1"/></net>

<net id="1859"><net_src comp="1850" pin="2"/><net_sink comp="1856" pin=0"/></net>

<net id="1864"><net_src comp="1856" pin="1"/><net_sink comp="1860" pin=0"/></net>

<net id="1865"><net_src comp="1846" pin="1"/><net_sink comp="1860" pin=1"/></net>

<net id="1869"><net_src comp="1860" pin="2"/><net_sink comp="1866" pin=0"/></net>

<net id="1874"><net_src comp="1866" pin="1"/><net_sink comp="1870" pin=0"/></net>

<net id="1875"><net_src comp="1834" pin="2"/><net_sink comp="1870" pin=1"/></net>

<net id="1879"><net_src comp="810" pin="2"/><net_sink comp="1876" pin=0"/></net>

<net id="1884"><net_src comp="1876" pin="1"/><net_sink comp="1880" pin=0"/></net>

<net id="1885"><net_src comp="375" pin="1"/><net_sink comp="1880" pin=1"/></net>

<net id="1890"><net_src comp="393" pin="1"/><net_sink comp="1886" pin=0"/></net>

<net id="1891"><net_src comp="397" pin="1"/><net_sink comp="1886" pin=1"/></net>

<net id="1895"><net_src comp="1886" pin="2"/><net_sink comp="1892" pin=0"/></net>

<net id="1900"><net_src comp="1892" pin="1"/><net_sink comp="1896" pin=0"/></net>

<net id="1901"><net_src comp="1880" pin="2"/><net_sink comp="1896" pin=1"/></net>

<net id="1905"><net_src comp="1896" pin="2"/><net_sink comp="1902" pin=0"/></net>

<net id="1910"><net_src comp="463" pin="1"/><net_sink comp="1906" pin=0"/></net>

<net id="1911"><net_src comp="521" pin="1"/><net_sink comp="1906" pin=1"/></net>

<net id="1915"><net_src comp="1906" pin="2"/><net_sink comp="1912" pin=0"/></net>

<net id="1920"><net_src comp="1912" pin="1"/><net_sink comp="1916" pin=0"/></net>

<net id="1921"><net_src comp="1902" pin="1"/><net_sink comp="1916" pin=1"/></net>

<net id="1926"><net_src comp="467" pin="1"/><net_sink comp="1922" pin=0"/></net>

<net id="1927"><net_src comp="569" pin="1"/><net_sink comp="1922" pin=1"/></net>

<net id="1931"><net_src comp="1922" pin="2"/><net_sink comp="1928" pin=0"/></net>

<net id="1936"><net_src comp="589" pin="1"/><net_sink comp="1932" pin=0"/></net>

<net id="1937"><net_src comp="633" pin="1"/><net_sink comp="1932" pin=1"/></net>

<net id="1941"><net_src comp="1932" pin="2"/><net_sink comp="1938" pin=0"/></net>

<net id="1946"><net_src comp="1938" pin="1"/><net_sink comp="1942" pin=0"/></net>

<net id="1947"><net_src comp="1928" pin="1"/><net_sink comp="1942" pin=1"/></net>

<net id="1951"><net_src comp="1942" pin="2"/><net_sink comp="1948" pin=0"/></net>

<net id="1956"><net_src comp="1948" pin="1"/><net_sink comp="1952" pin=0"/></net>

<net id="1957"><net_src comp="1916" pin="2"/><net_sink comp="1952" pin=1"/></net>

<net id="1961"><net_src comp="214" pin="2"/><net_sink comp="1958" pin=0"/></net>

<net id="1965"><net_src comp="816" pin="2"/><net_sink comp="1962" pin=0"/></net>

<net id="1970"><net_src comp="1962" pin="1"/><net_sink comp="1966" pin=0"/></net>

<net id="1971"><net_src comp="1958" pin="1"/><net_sink comp="1966" pin=1"/></net>

<net id="1976"><net_src comp="397" pin="1"/><net_sink comp="1972" pin=0"/></net>

<net id="1977"><net_src comp="509" pin="1"/><net_sink comp="1972" pin=1"/></net>

<net id="1981"><net_src comp="1972" pin="2"/><net_sink comp="1978" pin=0"/></net>

<net id="1986"><net_src comp="1978" pin="1"/><net_sink comp="1982" pin=0"/></net>

<net id="1987"><net_src comp="389" pin="1"/><net_sink comp="1982" pin=1"/></net>

<net id="1991"><net_src comp="1982" pin="2"/><net_sink comp="1988" pin=0"/></net>

<net id="1996"><net_src comp="1988" pin="1"/><net_sink comp="1992" pin=0"/></net>

<net id="1997"><net_src comp="1966" pin="2"/><net_sink comp="1992" pin=1"/></net>

<net id="2001"><net_src comp="1992" pin="2"/><net_sink comp="1998" pin=0"/></net>

<net id="2006"><net_src comp="495" pin="1"/><net_sink comp="2002" pin=0"/></net>

<net id="2007"><net_src comp="645" pin="1"/><net_sink comp="2002" pin=1"/></net>

<net id="2011"><net_src comp="2002" pin="2"/><net_sink comp="2008" pin=0"/></net>

<net id="2016"><net_src comp="2008" pin="1"/><net_sink comp="2012" pin=0"/></net>

<net id="2017"><net_src comp="1998" pin="1"/><net_sink comp="2012" pin=1"/></net>

<net id="2022"><net_src comp="537" pin="1"/><net_sink comp="2018" pin=0"/></net>

<net id="2023"><net_src comp="669" pin="1"/><net_sink comp="2018" pin=1"/></net>

<net id="2027"><net_src comp="2018" pin="2"/><net_sink comp="2024" pin=0"/></net>

<net id="2032"><net_src comp="589" pin="1"/><net_sink comp="2028" pin=0"/></net>

<net id="2033"><net_src comp="659" pin="1"/><net_sink comp="2028" pin=1"/></net>

<net id="2037"><net_src comp="2028" pin="2"/><net_sink comp="2034" pin=0"/></net>

<net id="2042"><net_src comp="2034" pin="1"/><net_sink comp="2038" pin=0"/></net>

<net id="2043"><net_src comp="2024" pin="1"/><net_sink comp="2038" pin=1"/></net>

<net id="2047"><net_src comp="2038" pin="2"/><net_sink comp="2044" pin=0"/></net>

<net id="2052"><net_src comp="2044" pin="1"/><net_sink comp="2048" pin=0"/></net>

<net id="2053"><net_src comp="2012" pin="2"/><net_sink comp="2048" pin=1"/></net>

<net id="2057"><net_src comp="889" pin="2"/><net_sink comp="2054" pin=0"/></net>

<net id="2062"><net_src comp="2054" pin="1"/><net_sink comp="2058" pin=0"/></net>

<net id="2063"><net_src comp="1704" pin="1"/><net_sink comp="2058" pin=1"/></net>

<net id="2068"><net_src comp="1690" pin="1"/><net_sink comp="2064" pin=0"/></net>

<net id="2069"><net_src comp="2058" pin="2"/><net_sink comp="2064" pin=1"/></net>

<net id="2073"><net_src comp="2064" pin="2"/><net_sink comp="2070" pin=0"/></net>

<net id="2078"><net_src comp="1301" pin="1"/><net_sink comp="2074" pin=0"/></net>

<net id="2079"><net_src comp="581" pin="1"/><net_sink comp="2074" pin=1"/></net>

<net id="2083"><net_src comp="2074" pin="2"/><net_sink comp="2080" pin=0"/></net>

<net id="2088"><net_src comp="2080" pin="1"/><net_sink comp="2084" pin=0"/></net>

<net id="2089"><net_src comp="2070" pin="1"/><net_sink comp="2084" pin=1"/></net>

<net id="2093"><net_src comp="663" pin="2"/><net_sink comp="2090" pin=0"/></net>

<net id="2098"><net_src comp="2090" pin="1"/><net_sink comp="2094" pin=0"/></net>

<net id="2099"><net_src comp="629" pin="1"/><net_sink comp="2094" pin=1"/></net>

<net id="2104"><net_src comp="707" pin="1"/><net_sink comp="2100" pin=0"/></net>

<net id="2105"><net_src comp="685" pin="1"/><net_sink comp="2100" pin=1"/></net>

<net id="2109"><net_src comp="2100" pin="2"/><net_sink comp="2106" pin=0"/></net>

<net id="2114"><net_src comp="2106" pin="1"/><net_sink comp="2110" pin=0"/></net>

<net id="2115"><net_src comp="2094" pin="2"/><net_sink comp="2110" pin=1"/></net>

<net id="2119"><net_src comp="2110" pin="2"/><net_sink comp="2116" pin=0"/></net>

<net id="2124"><net_src comp="2116" pin="1"/><net_sink comp="2120" pin=0"/></net>

<net id="2125"><net_src comp="2084" pin="2"/><net_sink comp="2120" pin=1"/></net>

<net id="2129"><net_src comp="901" pin="2"/><net_sink comp="2126" pin=0"/></net>

<net id="2134"><net_src comp="2126" pin="1"/><net_sink comp="2130" pin=0"/></net>

<net id="2135"><net_src comp="439" pin="1"/><net_sink comp="2130" pin=1"/></net>

<net id="2140"><net_src comp="447" pin="1"/><net_sink comp="2136" pin=0"/></net>

<net id="2141"><net_src comp="467" pin="1"/><net_sink comp="2136" pin=1"/></net>

<net id="2145"><net_src comp="2136" pin="2"/><net_sink comp="2142" pin=0"/></net>

<net id="2150"><net_src comp="2142" pin="1"/><net_sink comp="2146" pin=0"/></net>

<net id="2151"><net_src comp="2130" pin="2"/><net_sink comp="2146" pin=1"/></net>

<net id="2155"><net_src comp="2146" pin="2"/><net_sink comp="2152" pin=0"/></net>

<net id="2160"><net_src comp="581" pin="1"/><net_sink comp="2156" pin=0"/></net>

<net id="2161"><net_src comp="645" pin="1"/><net_sink comp="2156" pin=1"/></net>

<net id="2165"><net_src comp="2156" pin="2"/><net_sink comp="2162" pin=0"/></net>

<net id="2170"><net_src comp="2162" pin="1"/><net_sink comp="2166" pin=0"/></net>

<net id="2171"><net_src comp="2152" pin="1"/><net_sink comp="2166" pin=1"/></net>

<net id="2176"><net_src comp="479" pin="1"/><net_sink comp="2172" pin=0"/></net>

<net id="2177"><net_src comp="659" pin="1"/><net_sink comp="2172" pin=1"/></net>

<net id="2181"><net_src comp="2172" pin="2"/><net_sink comp="2178" pin=0"/></net>

<net id="2186"><net_src comp="509" pin="1"/><net_sink comp="2182" pin=0"/></net>

<net id="2187"><net_src comp="589" pin="1"/><net_sink comp="2182" pin=1"/></net>

<net id="2191"><net_src comp="2182" pin="2"/><net_sink comp="2188" pin=0"/></net>

<net id="2196"><net_src comp="2188" pin="1"/><net_sink comp="2192" pin=0"/></net>

<net id="2197"><net_src comp="2178" pin="1"/><net_sink comp="2192" pin=1"/></net>

<net id="2201"><net_src comp="2192" pin="2"/><net_sink comp="2198" pin=0"/></net>

<net id="2206"><net_src comp="2198" pin="1"/><net_sink comp="2202" pin=0"/></net>

<net id="2207"><net_src comp="2166" pin="2"/><net_sink comp="2202" pin=1"/></net>

<net id="2212"><net_src comp="1573" pin="1"/><net_sink comp="2208" pin=0"/></net>

<net id="2213"><net_src comp="1754" pin="1"/><net_sink comp="2208" pin=1"/></net>

<net id="2218"><net_src comp="659" pin="1"/><net_sink comp="2214" pin=0"/></net>

<net id="2219"><net_src comp="669" pin="1"/><net_sink comp="2214" pin=1"/></net>

<net id="2223"><net_src comp="2214" pin="2"/><net_sink comp="2220" pin=0"/></net>

<net id="2228"><net_src comp="1479" pin="1"/><net_sink comp="2224" pin=0"/></net>

<net id="2229"><net_src comp="733" pin="1"/><net_sink comp="2224" pin=1"/></net>

<net id="2233"><net_src comp="2224" pin="2"/><net_sink comp="2230" pin=0"/></net>

<net id="2238"><net_src comp="2230" pin="1"/><net_sink comp="2234" pin=0"/></net>

<net id="2239"><net_src comp="2220" pin="1"/><net_sink comp="2234" pin=1"/></net>

<net id="2245"><net_src comp="68" pin="0"/><net_sink comp="2240" pin=0"/></net>

<net id="2246"><net_src comp="70" pin="0"/><net_sink comp="2240" pin=2"/></net>

<net id="2255"><net_src comp="68" pin="0"/><net_sink comp="2250" pin=0"/></net>

<net id="2256"><net_src comp="70" pin="0"/><net_sink comp="2250" pin=2"/></net>

<net id="2260"><net_src comp="2250" pin="3"/><net_sink comp="2257" pin=0"/></net>

<net id="2265"><net_src comp="66" pin="0"/><net_sink comp="2261" pin=0"/></net>

<net id="2271"><net_src comp="68" pin="0"/><net_sink comp="2266" pin=0"/></net>

<net id="2272"><net_src comp="70" pin="0"/><net_sink comp="2266" pin=2"/></net>

<net id="2281"><net_src comp="68" pin="0"/><net_sink comp="2276" pin=0"/></net>

<net id="2282"><net_src comp="70" pin="0"/><net_sink comp="2276" pin=2"/></net>

<net id="2286"><net_src comp="2276" pin="3"/><net_sink comp="2283" pin=0"/></net>

<net id="2292"><net_src comp="68" pin="0"/><net_sink comp="2287" pin=0"/></net>

<net id="2293"><net_src comp="70" pin="0"/><net_sink comp="2287" pin=2"/></net>

<net id="2305"><net_src comp="68" pin="0"/><net_sink comp="2300" pin=0"/></net>

<net id="2306"><net_src comp="70" pin="0"/><net_sink comp="2300" pin=2"/></net>

<net id="2310"><net_src comp="2300" pin="3"/><net_sink comp="2307" pin=0"/></net>

<net id="2315"><net_src comp="72" pin="0"/><net_sink comp="2311" pin=0"/></net>

<net id="2316"><net_src comp="2307" pin="1"/><net_sink comp="2311" pin=1"/></net>

<net id="2322"><net_src comp="74" pin="0"/><net_sink comp="2317" pin=0"/></net>

<net id="2323"><net_src comp="76" pin="0"/><net_sink comp="2317" pin=2"/></net>

<net id="2327"><net_src comp="2317" pin="3"/><net_sink comp="2324" pin=0"/></net>

<net id="2332"><net_src comp="2324" pin="1"/><net_sink comp="2328" pin=0"/></net>

<net id="2333"><net_src comp="2294" pin="1"/><net_sink comp="2328" pin=1"/></net>

<net id="2337"><net_src comp="2328" pin="2"/><net_sink comp="2334" pin=0"/></net>

<net id="2346"><net_src comp="68" pin="0"/><net_sink comp="2341" pin=0"/></net>

<net id="2347"><net_src comp="70" pin="0"/><net_sink comp="2341" pin=2"/></net>

<net id="2351"><net_src comp="2341" pin="3"/><net_sink comp="2348" pin=0"/></net>

<net id="2356"><net_src comp="72" pin="0"/><net_sink comp="2352" pin=0"/></net>

<net id="2357"><net_src comp="2348" pin="1"/><net_sink comp="2352" pin=1"/></net>

<net id="2362"><net_src comp="66" pin="0"/><net_sink comp="2358" pin=0"/></net>

<net id="2373"><net_src comp="66" pin="0"/><net_sink comp="2369" pin=0"/></net>

<net id="2374"><net_src comp="2366" pin="1"/><net_sink comp="2369" pin=1"/></net>

<net id="2383"><net_src comp="68" pin="0"/><net_sink comp="2378" pin=0"/></net>

<net id="2384"><net_src comp="70" pin="0"/><net_sink comp="2378" pin=2"/></net>

<net id="2388"><net_src comp="2378" pin="3"/><net_sink comp="2385" pin=0"/></net>

<net id="2393"><net_src comp="66" pin="0"/><net_sink comp="2389" pin=0"/></net>

<net id="2401"><net_src comp="66" pin="0"/><net_sink comp="2397" pin=0"/></net>

<net id="2402"><net_src comp="2394" pin="1"/><net_sink comp="2397" pin=1"/></net>

<net id="2408"><net_src comp="68" pin="0"/><net_sink comp="2403" pin=0"/></net>

<net id="2409"><net_src comp="70" pin="0"/><net_sink comp="2403" pin=2"/></net>

<net id="2413"><net_src comp="274" pin="2"/><net_sink comp="2410" pin=0"/></net>

<net id="2417"><net_src comp="274" pin="2"/><net_sink comp="2414" pin=0"/></net>

<net id="2422"><net_src comp="66" pin="0"/><net_sink comp="2418" pin=0"/></net>

<net id="2423"><net_src comp="2414" pin="1"/><net_sink comp="2418" pin=1"/></net>

<net id="2429"><net_src comp="68" pin="0"/><net_sink comp="2424" pin=0"/></net>

<net id="2430"><net_src comp="274" pin="2"/><net_sink comp="2424" pin=1"/></net>

<net id="2431"><net_src comp="70" pin="0"/><net_sink comp="2424" pin=2"/></net>

<net id="2435"><net_src comp="268" pin="2"/><net_sink comp="2432" pin=0"/></net>

<net id="2439"><net_src comp="268" pin="2"/><net_sink comp="2436" pin=0"/></net>

<net id="2443"><net_src comp="268" pin="2"/><net_sink comp="2440" pin=0"/></net>

<net id="2449"><net_src comp="68" pin="0"/><net_sink comp="2444" pin=0"/></net>

<net id="2450"><net_src comp="268" pin="2"/><net_sink comp="2444" pin=1"/></net>

<net id="2451"><net_src comp="70" pin="0"/><net_sink comp="2444" pin=2"/></net>

<net id="2457"><net_src comp="74" pin="0"/><net_sink comp="2452" pin=0"/></net>

<net id="2458"><net_src comp="268" pin="2"/><net_sink comp="2452" pin=1"/></net>

<net id="2459"><net_src comp="76" pin="0"/><net_sink comp="2452" pin=2"/></net>

<net id="2463"><net_src comp="2452" pin="3"/><net_sink comp="2460" pin=0"/></net>

<net id="2468"><net_src comp="2436" pin="1"/><net_sink comp="2464" pin=0"/></net>

<net id="2469"><net_src comp="2460" pin="1"/><net_sink comp="2464" pin=1"/></net>

<net id="2473"><net_src comp="2464" pin="2"/><net_sink comp="2470" pin=0"/></net>

<net id="2477"><net_src comp="2444" pin="3"/><net_sink comp="2474" pin=0"/></net>

<net id="2482"><net_src comp="72" pin="0"/><net_sink comp="2478" pin=0"/></net>

<net id="2483"><net_src comp="2474" pin="1"/><net_sink comp="2478" pin=1"/></net>

<net id="2488"><net_src comp="66" pin="0"/><net_sink comp="2484" pin=0"/></net>

<net id="2489"><net_src comp="2440" pin="1"/><net_sink comp="2484" pin=1"/></net>

<net id="2494"><net_src comp="2460" pin="1"/><net_sink comp="2490" pin=0"/></net>

<net id="2495"><net_src comp="2436" pin="1"/><net_sink comp="2490" pin=1"/></net>

<net id="2499"><net_src comp="262" pin="2"/><net_sink comp="2496" pin=0"/></net>

<net id="2505"><net_src comp="68" pin="0"/><net_sink comp="2500" pin=0"/></net>

<net id="2506"><net_src comp="262" pin="2"/><net_sink comp="2500" pin=1"/></net>

<net id="2507"><net_src comp="70" pin="0"/><net_sink comp="2500" pin=2"/></net>

<net id="2512"><net_src comp="66" pin="0"/><net_sink comp="2508" pin=0"/></net>

<net id="2513"><net_src comp="2496" pin="1"/><net_sink comp="2508" pin=1"/></net>

<net id="2517"><net_src comp="256" pin="2"/><net_sink comp="2514" pin=0"/></net>

<net id="2521"><net_src comp="256" pin="2"/><net_sink comp="2518" pin=0"/></net>

<net id="2525"><net_src comp="256" pin="2"/><net_sink comp="2522" pin=0"/></net>

<net id="2531"><net_src comp="68" pin="0"/><net_sink comp="2526" pin=0"/></net>

<net id="2532"><net_src comp="256" pin="2"/><net_sink comp="2526" pin=1"/></net>

<net id="2533"><net_src comp="70" pin="0"/><net_sink comp="2526" pin=2"/></net>

<net id="2537"><net_src comp="2526" pin="3"/><net_sink comp="2534" pin=0"/></net>

<net id="2542"><net_src comp="72" pin="0"/><net_sink comp="2538" pin=0"/></net>

<net id="2543"><net_src comp="2534" pin="1"/><net_sink comp="2538" pin=1"/></net>

<net id="2547"><net_src comp="2538" pin="2"/><net_sink comp="2544" pin=0"/></net>

<net id="2557"><net_src comp="2240" pin="3"/><net_sink comp="2554" pin=0"/></net>

<net id="2561"><net_src comp="2240" pin="3"/><net_sink comp="2558" pin=0"/></net>

<net id="2565"><net_src comp="2250" pin="3"/><net_sink comp="2562" pin=0"/></net>

<net id="2572"><net_src comp="2266" pin="3"/><net_sink comp="2569" pin=0"/></net>

<net id="2586"><net_src comp="2554" pin="1"/><net_sink comp="2582" pin=0"/></net>

<net id="2587"><net_src comp="2247" pin="1"/><net_sink comp="2582" pin=1"/></net>

<net id="2591"><net_src comp="2582" pin="2"/><net_sink comp="2588" pin=0"/></net>

<net id="2596"><net_src comp="2588" pin="1"/><net_sink comp="2592" pin=0"/></net>

<net id="2604"><net_src comp="2597" pin="1"/><net_sink comp="2600" pin=0"/></net>

<net id="2605"><net_src comp="2592" pin="2"/><net_sink comp="2600" pin=1"/></net>

<net id="2609"><net_src comp="2600" pin="2"/><net_sink comp="2606" pin=0"/></net>

<net id="2622"><net_src comp="2341" pin="3"/><net_sink comp="2619" pin=0"/></net>

<net id="2626"><net_src comp="2358" pin="2"/><net_sink comp="2623" pin=0"/></net>

<net id="2630"><net_src comp="2369" pin="2"/><net_sink comp="2627" pin=0"/></net>

<net id="2634"><net_src comp="2389" pin="2"/><net_sink comp="2631" pin=0"/></net>

<net id="2638"><net_src comp="2397" pin="2"/><net_sink comp="2635" pin=0"/></net>

<net id="2642"><net_src comp="2403" pin="3"/><net_sink comp="2639" pin=0"/></net>

<net id="2646"><net_src comp="280" pin="2"/><net_sink comp="2643" pin=0"/></net>

<net id="2650"><net_src comp="280" pin="2"/><net_sink comp="2647" pin=0"/></net>

<net id="2654"><net_src comp="2300" pin="3"/><net_sink comp="2651" pin=0"/></net>

<net id="2662"><net_src comp="2655" pin="1"/><net_sink comp="2658" pin=0"/></net>

<net id="2663"><net_src comp="2651" pin="1"/><net_sink comp="2658" pin=1"/></net>

<net id="2668"><net_src comp="2569" pin="1"/><net_sink comp="2664" pin=0"/></net>

<net id="2669"><net_src comp="2363" pin="1"/><net_sink comp="2664" pin=1"/></net>

<net id="2673"><net_src comp="2664" pin="2"/><net_sink comp="2670" pin=0"/></net>

<net id="2678"><net_src comp="2670" pin="1"/><net_sink comp="2674" pin=0"/></net>

<net id="2679"><net_src comp="2562" pin="1"/><net_sink comp="2674" pin=1"/></net>

<net id="2683"><net_src comp="2674" pin="2"/><net_sink comp="2680" pin=0"/></net>

<net id="2688"><net_src comp="2680" pin="1"/><net_sink comp="2684" pin=0"/></net>

<net id="2689"><net_src comp="2658" pin="2"/><net_sink comp="2684" pin=1"/></net>

<net id="2697"><net_src comp="2690" pin="2"/><net_sink comp="2694" pin=0"/></net>

<net id="2702"><net_src comp="2694" pin="1"/><net_sink comp="2698" pin=0"/></net>

<net id="2703"><net_src comp="2643" pin="1"/><net_sink comp="2698" pin=1"/></net>

<net id="2707"><net_src comp="2698" pin="2"/><net_sink comp="2704" pin=0"/></net>

<net id="2712"><net_src comp="2394" pin="1"/><net_sink comp="2708" pin=1"/></net>

<net id="2716"><net_src comp="2708" pin="2"/><net_sink comp="2713" pin=0"/></net>

<net id="2721"><net_src comp="2713" pin="1"/><net_sink comp="2717" pin=0"/></net>

<net id="2722"><net_src comp="2338" pin="1"/><net_sink comp="2717" pin=1"/></net>

<net id="2726"><net_src comp="2717" pin="2"/><net_sink comp="2723" pin=0"/></net>

<net id="2731"><net_src comp="2723" pin="1"/><net_sink comp="2727" pin=0"/></net>

<net id="2732"><net_src comp="2704" pin="1"/><net_sink comp="2727" pin=1"/></net>

<net id="2736"><net_src comp="2727" pin="2"/><net_sink comp="2733" pin=0"/></net>

<net id="2741"><net_src comp="2733" pin="1"/><net_sink comp="2737" pin=0"/></net>

<net id="2742"><net_src comp="2684" pin="2"/><net_sink comp="2737" pin=1"/></net>

<net id="2746"><net_src comp="2737" pin="2"/><net_sink comp="2743" pin=0"/></net>

<net id="2750"><net_src comp="2424" pin="3"/><net_sink comp="2747" pin=0"/></net>

<net id="2754"><net_src comp="2424" pin="3"/><net_sink comp="2751" pin=0"/></net>

<net id="2758"><net_src comp="2478" pin="2"/><net_sink comp="2755" pin=0"/></net>

<net id="2768"><net_src comp="2311" pin="2"/><net_sink comp="2765" pin=0"/></net>

<net id="2773"><net_src comp="2765" pin="1"/><net_sink comp="2769" pin=0"/></net>

<net id="2774"><net_src comp="2762" pin="1"/><net_sink comp="2769" pin=1"/></net>

<net id="2778"><net_src comp="2769" pin="2"/><net_sink comp="2775" pin=0"/></net>

<net id="2783"><net_src comp="2775" pin="1"/><net_sink comp="2779" pin=0"/></net>

<net id="2784"><net_src comp="2759" pin="1"/><net_sink comp="2779" pin=1"/></net>

<net id="2789"><net_src comp="2273" pin="1"/><net_sink comp="2785" pin=1"/></net>

<net id="2793"><net_src comp="2785" pin="2"/><net_sink comp="2790" pin=0"/></net>

<net id="2798"><net_src comp="2348" pin="1"/><net_sink comp="2794" pin=0"/></net>

<net id="2799"><net_src comp="2613" pin="1"/><net_sink comp="2794" pin=1"/></net>

<net id="2803"><net_src comp="2794" pin="2"/><net_sink comp="2800" pin=0"/></net>

<net id="2808"><net_src comp="2800" pin="1"/><net_sink comp="2804" pin=0"/></net>

<net id="2809"><net_src comp="2790" pin="1"/><net_sink comp="2804" pin=1"/></net>

<net id="2813"><net_src comp="2804" pin="2"/><net_sink comp="2810" pin=0"/></net>

<net id="2818"><net_src comp="2810" pin="1"/><net_sink comp="2814" pin=0"/></net>

<net id="2819"><net_src comp="2779" pin="2"/><net_sink comp="2814" pin=1"/></net>

<net id="2823"><net_src comp="2484" pin="2"/><net_sink comp="2820" pin=0"/></net>

<net id="2828"><net_src comp="2820" pin="1"/><net_sink comp="2824" pin=0"/></net>

<net id="2829"><net_src comp="2643" pin="1"/><net_sink comp="2824" pin=1"/></net>

<net id="2834"><net_src comp="2824" pin="2"/><net_sink comp="2830" pin=0"/></net>

<net id="2835"><net_src comp="2635" pin="1"/><net_sink comp="2830" pin=1"/></net>

<net id="2839"><net_src comp="2830" pin="2"/><net_sink comp="2836" pin=0"/></net>

<net id="2847"><net_src comp="2840" pin="2"/><net_sink comp="2844" pin=0"/></net>

<net id="2852"><net_src comp="2366" pin="1"/><net_sink comp="2848" pin=0"/></net>

<net id="2856"><net_src comp="2848" pin="2"/><net_sink comp="2853" pin=0"/></net>

<net id="2861"><net_src comp="2853" pin="1"/><net_sink comp="2857" pin=0"/></net>

<net id="2862"><net_src comp="2844" pin="1"/><net_sink comp="2857" pin=1"/></net>

<net id="2866"><net_src comp="2857" pin="2"/><net_sink comp="2863" pin=0"/></net>

<net id="2871"><net_src comp="2863" pin="1"/><net_sink comp="2867" pin=0"/></net>

<net id="2872"><net_src comp="2836" pin="1"/><net_sink comp="2867" pin=1"/></net>

<net id="2876"><net_src comp="2867" pin="2"/><net_sink comp="2873" pin=0"/></net>

<net id="2881"><net_src comp="2873" pin="1"/><net_sink comp="2877" pin=0"/></net>

<net id="2882"><net_src comp="2814" pin="2"/><net_sink comp="2877" pin=1"/></net>

<net id="2886"><net_src comp="2877" pin="2"/><net_sink comp="2883" pin=0"/></net>

<net id="2890"><net_src comp="262" pin="2"/><net_sink comp="2887" pin=0"/></net>

<net id="2894"><net_src comp="2500" pin="3"/><net_sink comp="2891" pin=0"/></net>

<net id="2899"><net_src comp="2631" pin="1"/><net_sink comp="2895" pin=0"/></net>

<net id="2900"><net_src comp="2348" pin="1"/><net_sink comp="2895" pin=1"/></net>

<net id="2904"><net_src comp="2895" pin="2"/><net_sink comp="2901" pin=0"/></net>

<net id="2909"><net_src comp="2901" pin="1"/><net_sink comp="2905" pin=0"/></net>

<net id="2910"><net_src comp="2616" pin="1"/><net_sink comp="2905" pin=1"/></net>

<net id="2915"><net_src comp="2474" pin="1"/><net_sink comp="2911" pin=0"/></net>

<net id="2919"><net_src comp="2911" pin="2"/><net_sink comp="2916" pin=0"/></net>

<net id="2924"><net_src comp="2891" pin="1"/><net_sink comp="2920" pin=0"/></net>

<net id="2925"><net_src comp="2410" pin="1"/><net_sink comp="2920" pin=1"/></net>

<net id="2929"><net_src comp="2920" pin="2"/><net_sink comp="2926" pin=0"/></net>

<net id="2934"><net_src comp="2926" pin="1"/><net_sink comp="2930" pin=0"/></net>

<net id="2935"><net_src comp="2916" pin="1"/><net_sink comp="2930" pin=1"/></net>

<net id="2939"><net_src comp="2930" pin="2"/><net_sink comp="2936" pin=0"/></net>

<net id="2944"><net_src comp="2936" pin="1"/><net_sink comp="2940" pin=0"/></net>

<net id="2945"><net_src comp="2905" pin="2"/><net_sink comp="2940" pin=1"/></net>

<net id="2949"><net_src comp="2940" pin="2"/><net_sink comp="2946" pin=0"/></net>

<net id="2956"><net_src comp="2352" pin="2"/><net_sink comp="2953" pin=0"/></net>

<net id="2961"><net_src comp="2953" pin="1"/><net_sink comp="2957" pin=0"/></net>

<net id="2962"><net_src comp="2762" pin="1"/><net_sink comp="2957" pin=1"/></net>

<net id="2966"><net_src comp="2957" pin="2"/><net_sink comp="2963" pin=0"/></net>

<net id="2971"><net_src comp="2963" pin="1"/><net_sink comp="2967" pin=0"/></net>

<net id="2972"><net_src comp="2950" pin="1"/><net_sink comp="2967" pin=1"/></net>

<net id="2976"><net_src comp="2261" pin="2"/><net_sink comp="2973" pin=0"/></net>

<net id="2981"><net_src comp="2973" pin="1"/><net_sink comp="2977" pin=0"/></net>

<net id="2985"><net_src comp="2424" pin="3"/><net_sink comp="2982" pin=0"/></net>

<net id="2989"><net_src comp="2977" pin="2"/><net_sink comp="2986" pin=0"/></net>

<net id="2994"><net_src comp="2986" pin="1"/><net_sink comp="2990" pin=0"/></net>

<net id="2995"><net_src comp="2982" pin="1"/><net_sink comp="2990" pin=1"/></net>

<net id="2999"><net_src comp="2990" pin="2"/><net_sink comp="2996" pin=0"/></net>

<net id="3004"><net_src comp="2996" pin="1"/><net_sink comp="3000" pin=0"/></net>

<net id="3005"><net_src comp="2967" pin="2"/><net_sink comp="3000" pin=1"/></net>

<net id="3010"><net_src comp="2394" pin="1"/><net_sink comp="3006" pin=1"/></net>

<net id="3014"><net_src comp="3006" pin="2"/><net_sink comp="3011" pin=0"/></net>

<net id="3019"><net_src comp="3011" pin="1"/><net_sink comp="3015" pin=0"/></net>

<net id="3020"><net_src comp="2363" pin="1"/><net_sink comp="3015" pin=1"/></net>

<net id="3024"><net_src comp="3015" pin="2"/><net_sink comp="3021" pin=0"/></net>

<net id="3032"><net_src comp="3025" pin="2"/><net_sink comp="3029" pin=0"/></net>

<net id="3037"><net_src comp="2647" pin="1"/><net_sink comp="3033" pin=0"/></net>

<net id="3038"><net_src comp="2496" pin="1"/><net_sink comp="3033" pin=1"/></net>

<net id="3042"><net_src comp="3033" pin="2"/><net_sink comp="3039" pin=0"/></net>

<net id="3047"><net_src comp="3039" pin="1"/><net_sink comp="3043" pin=0"/></net>

<net id="3048"><net_src comp="3029" pin="1"/><net_sink comp="3043" pin=1"/></net>

<net id="3052"><net_src comp="3043" pin="2"/><net_sink comp="3049" pin=0"/></net>

<net id="3057"><net_src comp="3049" pin="1"/><net_sink comp="3053" pin=0"/></net>

<net id="3058"><net_src comp="3021" pin="1"/><net_sink comp="3053" pin=1"/></net>

<net id="3062"><net_src comp="3053" pin="2"/><net_sink comp="3059" pin=0"/></net>

<net id="3067"><net_src comp="3059" pin="1"/><net_sink comp="3063" pin=0"/></net>

<net id="3068"><net_src comp="3000" pin="2"/><net_sink comp="3063" pin=1"/></net>

<net id="3072"><net_src comp="3063" pin="2"/><net_sink comp="3069" pin=0"/></net>

<net id="3076"><net_src comp="2250" pin="3"/><net_sink comp="3073" pin=0"/></net>

<net id="3084"><net_src comp="3077" pin="1"/><net_sink comp="3080" pin=0"/></net>

<net id="3085"><net_src comp="3073" pin="1"/><net_sink comp="3080" pin=1"/></net>

<net id="3090"><net_src comp="2385" pin="1"/><net_sink comp="3086" pin=1"/></net>

<net id="3094"><net_src comp="3086" pin="2"/><net_sink comp="3091" pin=0"/></net>

<net id="3099"><net_src comp="3091" pin="1"/><net_sink comp="3095" pin=0"/></net>

<net id="3100"><net_src comp="2619" pin="1"/><net_sink comp="3095" pin=1"/></net>

<net id="3104"><net_src comp="3095" pin="2"/><net_sink comp="3101" pin=0"/></net>

<net id="3109"><net_src comp="3101" pin="1"/><net_sink comp="3105" pin=0"/></net>

<net id="3110"><net_src comp="3080" pin="2"/><net_sink comp="3105" pin=1"/></net>

<net id="3118"><net_src comp="2569" pin="1"/><net_sink comp="3114" pin=0"/></net>

<net id="3119"><net_src comp="3111" pin="1"/><net_sink comp="3114" pin=1"/></net>

<net id="3123"><net_src comp="3114" pin="2"/><net_sink comp="3120" pin=0"/></net>

<net id="3128"><net_src comp="3120" pin="1"/><net_sink comp="3124" pin=0"/></net>

<net id="3129"><net_src comp="2558" pin="1"/><net_sink comp="3124" pin=1"/></net>

<net id="3134"><net_src comp="2394" pin="1"/><net_sink comp="3130" pin=0"/></net>

<net id="3135"><net_src comp="2647" pin="1"/><net_sink comp="3130" pin=1"/></net>

<net id="3139"><net_src comp="3130" pin="2"/><net_sink comp="3136" pin=0"/></net>

<net id="3144"><net_src comp="3136" pin="1"/><net_sink comp="3140" pin=0"/></net>

<net id="3145"><net_src comp="2273" pin="1"/><net_sink comp="3140" pin=1"/></net>

<net id="3149"><net_src comp="3140" pin="2"/><net_sink comp="3146" pin=0"/></net>

<net id="3154"><net_src comp="3146" pin="1"/><net_sink comp="3150" pin=0"/></net>

<net id="3155"><net_src comp="3124" pin="2"/><net_sink comp="3150" pin=1"/></net>

<net id="3159"><net_src comp="3150" pin="2"/><net_sink comp="3156" pin=0"/></net>

<net id="3164"><net_src comp="3156" pin="1"/><net_sink comp="3160" pin=0"/></net>

<net id="3165"><net_src comp="3105" pin="2"/><net_sink comp="3160" pin=1"/></net>

<net id="3169"><net_src comp="3160" pin="2"/><net_sink comp="3166" pin=0"/></net>

<net id="3174"><net_src comp="2474" pin="1"/><net_sink comp="3170" pin=0"/></net>

<net id="3175"><net_src comp="2514" pin="1"/><net_sink comp="3170" pin=1"/></net>

<net id="3179"><net_src comp="3170" pin="2"/><net_sink comp="3176" pin=0"/></net>

<net id="3184"><net_src comp="3176" pin="1"/><net_sink comp="3180" pin=0"/></net>

<net id="3185"><net_src comp="3166" pin="1"/><net_sink comp="3180" pin=1"/></net>

<net id="3189"><net_src comp="3180" pin="2"/><net_sink comp="3186" pin=0"/></net>

<net id="3194"><net_src comp="2257" pin="1"/><net_sink comp="3190" pin=0"/></net>

<net id="3195"><net_src comp="2283" pin="1"/><net_sink comp="3190" pin=1"/></net>

<net id="3199"><net_src comp="3190" pin="2"/><net_sink comp="3196" pin=0"/></net>

<net id="3204"><net_src comp="3196" pin="1"/><net_sink comp="3200" pin=0"/></net>

<net id="3205"><net_src comp="2551" pin="1"/><net_sink comp="3200" pin=1"/></net>

<net id="3213"><net_src comp="3206" pin="1"/><net_sink comp="3209" pin=0"/></net>

<net id="3214"><net_src comp="3200" pin="2"/><net_sink comp="3209" pin=1"/></net>

<net id="3218"><net_src comp="3209" pin="2"/><net_sink comp="3215" pin=0"/></net>

<net id="3223"><net_src comp="3215" pin="1"/><net_sink comp="3219" pin=0"/></net>

<net id="3224"><net_src comp="2610" pin="1"/><net_sink comp="3219" pin=1"/></net>

<net id="3229"><net_src comp="3219" pin="2"/><net_sink comp="3225" pin=0"/></net>

<net id="3230"><net_src comp="2470" pin="1"/><net_sink comp="3225" pin=1"/></net>

<net id="3235"><net_src comp="2375" pin="1"/><net_sink comp="3231" pin=1"/></net>

<net id="3239"><net_src comp="3231" pin="2"/><net_sink comp="3236" pin=0"/></net>

<net id="3244"><net_src comp="3236" pin="1"/><net_sink comp="3240" pin=0"/></net>

<net id="3245"><net_src comp="3225" pin="2"/><net_sink comp="3240" pin=1"/></net>

<net id="3249"><net_src comp="2418" pin="2"/><net_sink comp="3246" pin=0"/></net>

<net id="3254"><net_src comp="3246" pin="1"/><net_sink comp="3250" pin=0"/></net>

<net id="3258"><net_src comp="3250" pin="2"/><net_sink comp="3255" pin=0"/></net>

<net id="3263"><net_src comp="2496" pin="1"/><net_sink comp="3259" pin=0"/></net>

<net id="3264"><net_src comp="2518" pin="1"/><net_sink comp="3259" pin=1"/></net>

<net id="3268"><net_src comp="3259" pin="2"/><net_sink comp="3265" pin=0"/></net>

<net id="3273"><net_src comp="3265" pin="1"/><net_sink comp="3269" pin=0"/></net>

<net id="3274"><net_src comp="2643" pin="1"/><net_sink comp="3269" pin=1"/></net>

<net id="3278"><net_src comp="3269" pin="2"/><net_sink comp="3275" pin=0"/></net>

<net id="3283"><net_src comp="3275" pin="1"/><net_sink comp="3279" pin=0"/></net>

<net id="3284"><net_src comp="3255" pin="1"/><net_sink comp="3279" pin=1"/></net>

<net id="3288"><net_src comp="3279" pin="2"/><net_sink comp="3285" pin=0"/></net>

<net id="3293"><net_src comp="3285" pin="1"/><net_sink comp="3289" pin=0"/></net>

<net id="3294"><net_src comp="3240" pin="2"/><net_sink comp="3289" pin=1"/></net>

<net id="3298"><net_src comp="3289" pin="2"/><net_sink comp="3295" pin=0"/></net>

<net id="3306"><net_src comp="3299" pin="1"/><net_sink comp="3302" pin=0"/></net>

<net id="3307"><net_src comp="2573" pin="1"/><net_sink comp="3302" pin=1"/></net>

<net id="3312"><net_src comp="3302" pin="2"/><net_sink comp="3308" pin=0"/></net>

<net id="3313"><net_src comp="2755" pin="1"/><net_sink comp="3308" pin=1"/></net>

<net id="3317"><net_src comp="2794" pin="2"/><net_sink comp="3314" pin=0"/></net>

<net id="3322"><net_src comp="3314" pin="1"/><net_sink comp="3318" pin=0"/></net>

<net id="3323"><net_src comp="3308" pin="2"/><net_sink comp="3318" pin=1"/></net>

<net id="3327"><net_src comp="3231" pin="2"/><net_sink comp="3324" pin=0"/></net>

<net id="3332"><net_src comp="2751" pin="1"/><net_sink comp="3328" pin=0"/></net>

<net id="3333"><net_src comp="2514" pin="1"/><net_sink comp="3328" pin=1"/></net>

<net id="3338"><net_src comp="3328" pin="2"/><net_sink comp="3334" pin=0"/></net>

<net id="3339"><net_src comp="2635" pin="1"/><net_sink comp="3334" pin=1"/></net>

<net id="3343"><net_src comp="3334" pin="2"/><net_sink comp="3340" pin=0"/></net>

<net id="3348"><net_src comp="3340" pin="1"/><net_sink comp="3344" pin=0"/></net>

<net id="3349"><net_src comp="3324" pin="1"/><net_sink comp="3344" pin=1"/></net>

<net id="3353"><net_src comp="3344" pin="2"/><net_sink comp="3350" pin=0"/></net>

<net id="3358"><net_src comp="3350" pin="1"/><net_sink comp="3354" pin=0"/></net>

<net id="3359"><net_src comp="3318" pin="2"/><net_sink comp="3354" pin=1"/></net>

<net id="3363"><net_src comp="3354" pin="2"/><net_sink comp="3360" pin=0"/></net>

<net id="3371"><net_src comp="2554" pin="1"/><net_sink comp="3367" pin=0"/></net>

<net id="3372"><net_src comp="2283" pin="1"/><net_sink comp="3367" pin=1"/></net>

<net id="3376"><net_src comp="3367" pin="2"/><net_sink comp="3373" pin=0"/></net>

<net id="3381"><net_src comp="3373" pin="1"/><net_sink comp="3377" pin=0"/></net>

<net id="3382"><net_src comp="3364" pin="1"/><net_sink comp="3377" pin=1"/></net>

<net id="3387"><net_src comp="2623" pin="1"/><net_sink comp="3383" pin=0"/></net>

<net id="3388"><net_src comp="2613" pin="1"/><net_sink comp="3383" pin=1"/></net>

<net id="3393"><net_src comp="3383" pin="2"/><net_sink comp="3389" pin=0"/></net>

<net id="3397"><net_src comp="3389" pin="2"/><net_sink comp="3394" pin=0"/></net>

<net id="3402"><net_src comp="3394" pin="1"/><net_sink comp="3398" pin=0"/></net>

<net id="3403"><net_src comp="3377" pin="2"/><net_sink comp="3398" pin=1"/></net>

<net id="3408"><net_src comp="2844" pin="1"/><net_sink comp="3404" pin=0"/></net>

<net id="3409"><net_src comp="2643" pin="1"/><net_sink comp="3404" pin=1"/></net>

<net id="3413"><net_src comp="3404" pin="2"/><net_sink comp="3410" pin=0"/></net>

<net id="3421"><net_src comp="3414" pin="2"/><net_sink comp="3418" pin=0"/></net>

<net id="3426"><net_src comp="2440" pin="1"/><net_sink comp="3422" pin=0"/></net>

<net id="3427"><net_src comp="2518" pin="1"/><net_sink comp="3422" pin=1"/></net>

<net id="3431"><net_src comp="3422" pin="2"/><net_sink comp="3428" pin=0"/></net>

<net id="3436"><net_src comp="3428" pin="1"/><net_sink comp="3432" pin=0"/></net>

<net id="3437"><net_src comp="3418" pin="1"/><net_sink comp="3432" pin=1"/></net>

<net id="3441"><net_src comp="3432" pin="2"/><net_sink comp="3438" pin=0"/></net>

<net id="3446"><net_src comp="3438" pin="1"/><net_sink comp="3442" pin=0"/></net>

<net id="3447"><net_src comp="3410" pin="1"/><net_sink comp="3442" pin=1"/></net>

<net id="3451"><net_src comp="3442" pin="2"/><net_sink comp="3448" pin=0"/></net>

<net id="3456"><net_src comp="3448" pin="1"/><net_sink comp="3452" pin=0"/></net>

<net id="3457"><net_src comp="3398" pin="2"/><net_sink comp="3452" pin=1"/></net>

<net id="3461"><net_src comp="3452" pin="2"/><net_sink comp="3458" pin=0"/></net>

<net id="3469"><net_src comp="3462" pin="1"/><net_sink comp="3465" pin=0"/></net>

<net id="3470"><net_src comp="2566" pin="1"/><net_sink comp="3465" pin=1"/></net>

<net id="3475"><net_src comp="3465" pin="2"/><net_sink comp="3471" pin=0"/></net>

<net id="3476"><net_src comp="2755" pin="1"/><net_sink comp="3471" pin=1"/></net>

<net id="3481"><net_src comp="2623" pin="1"/><net_sink comp="3477" pin=0"/></net>

<net id="3482"><net_src comp="3111" pin="1"/><net_sink comp="3477" pin=1"/></net>

<net id="3486"><net_src comp="3477" pin="2"/><net_sink comp="3483" pin=0"/></net>

<net id="3491"><net_src comp="3483" pin="1"/><net_sink comp="3487" pin=0"/></net>

<net id="3492"><net_src comp="3471" pin="2"/><net_sink comp="3487" pin=1"/></net>

<net id="3497"><net_src comp="2518" pin="1"/><net_sink comp="3493" pin=1"/></net>

<net id="3501"><net_src comp="3493" pin="2"/><net_sink comp="3498" pin=0"/></net>

<net id="3506"><net_src comp="2366" pin="1"/><net_sink comp="3502" pin=1"/></net>

<net id="3510"><net_src comp="3502" pin="2"/><net_sink comp="3507" pin=0"/></net>

<net id="3515"><net_src comp="3507" pin="1"/><net_sink comp="3511" pin=0"/></net>

<net id="3516"><net_src comp="3498" pin="1"/><net_sink comp="3511" pin=1"/></net>

<net id="3520"><net_src comp="3511" pin="2"/><net_sink comp="3517" pin=0"/></net>

<net id="3525"><net_src comp="3517" pin="1"/><net_sink comp="3521" pin=0"/></net>

<net id="3526"><net_src comp="3487" pin="2"/><net_sink comp="3521" pin=1"/></net>

<net id="3530"><net_src comp="3521" pin="2"/><net_sink comp="3527" pin=0"/></net>

<net id="3535"><net_src comp="2257" pin="1"/><net_sink comp="3531" pin=1"/></net>

<net id="3539"><net_src comp="3531" pin="2"/><net_sink comp="3536" pin=0"/></net>

<net id="3544"><net_src comp="3536" pin="1"/><net_sink comp="3540" pin=0"/></net>

<net id="3552"><net_src comp="3545" pin="2"/><net_sink comp="3549" pin=0"/></net>

<net id="3557"><net_src comp="3549" pin="1"/><net_sink comp="3553" pin=0"/></net>

<net id="3558"><net_src comp="3111" pin="1"/><net_sink comp="3553" pin=1"/></net>

<net id="3562"><net_src comp="3553" pin="2"/><net_sink comp="3559" pin=0"/></net>

<net id="3567"><net_src comp="3559" pin="1"/><net_sink comp="3563" pin=0"/></net>

<net id="3568"><net_src comp="3540" pin="2"/><net_sink comp="3563" pin=1"/></net>

<net id="3572"><net_src comp="3563" pin="2"/><net_sink comp="3569" pin=0"/></net>

<net id="3577"><net_src comp="3569" pin="1"/><net_sink comp="3573" pin=0"/></net>

<net id="3578"><net_src comp="2334" pin="1"/><net_sink comp="3573" pin=1"/></net>

<net id="3585"><net_src comp="2478" pin="2"/><net_sink comp="3582" pin=0"/></net>

<net id="3590"><net_src comp="3582" pin="1"/><net_sink comp="3586" pin=0"/></net>

<net id="3591"><net_src comp="3579" pin="1"/><net_sink comp="3586" pin=1"/></net>

<net id="3595"><net_src comp="3586" pin="2"/><net_sink comp="3592" pin=0"/></net>

<net id="3600"><net_src comp="3592" pin="1"/><net_sink comp="3596" pin=0"/></net>

<net id="3601"><net_src comp="3573" pin="2"/><net_sink comp="3596" pin=1"/></net>

<net id="3606"><net_src comp="2348" pin="1"/><net_sink comp="3602" pin=0"/></net>

<net id="3607"><net_src comp="2385" pin="1"/><net_sink comp="3602" pin=1"/></net>

<net id="3611"><net_src comp="3602" pin="2"/><net_sink comp="3608" pin=0"/></net>

<net id="3616"><net_src comp="2751" pin="1"/><net_sink comp="3612" pin=0"/></net>

<net id="3617"><net_src comp="2887" pin="1"/><net_sink comp="3612" pin=1"/></net>

<net id="3621"><net_src comp="3612" pin="2"/><net_sink comp="3618" pin=0"/></net>

<net id="3626"><net_src comp="3618" pin="1"/><net_sink comp="3622" pin=0"/></net>

<net id="3627"><net_src comp="2639" pin="1"/><net_sink comp="3622" pin=1"/></net>

<net id="3631"><net_src comp="3622" pin="2"/><net_sink comp="3628" pin=0"/></net>

<net id="3636"><net_src comp="3628" pin="1"/><net_sink comp="3632" pin=0"/></net>

<net id="3637"><net_src comp="3608" pin="1"/><net_sink comp="3632" pin=1"/></net>

<net id="3641"><net_src comp="3632" pin="2"/><net_sink comp="3638" pin=0"/></net>

<net id="3646"><net_src comp="3638" pin="1"/><net_sink comp="3642" pin=0"/></net>

<net id="3647"><net_src comp="3596" pin="2"/><net_sink comp="3642" pin=1"/></net>

<net id="3651"><net_src comp="3642" pin="2"/><net_sink comp="3648" pin=0"/></net>

<net id="3656"><net_src comp="3648" pin="1"/><net_sink comp="3652" pin=0"/></net>

<net id="3657"><net_src comp="2522" pin="1"/><net_sink comp="3652" pin=1"/></net>

<net id="3661"><net_src comp="3652" pin="2"/><net_sink comp="3658" pin=0"/></net>

<net id="3669"><net_src comp="2283" pin="1"/><net_sink comp="3665" pin=0"/></net>

<net id="3670"><net_src comp="2297" pin="1"/><net_sink comp="3665" pin=1"/></net>

<net id="3674"><net_src comp="3665" pin="2"/><net_sink comp="3671" pin=0"/></net>

<net id="3679"><net_src comp="3671" pin="1"/><net_sink comp="3675" pin=0"/></net>

<net id="3680"><net_src comp="3662" pin="1"/><net_sink comp="3675" pin=1"/></net>

<net id="3684"><net_src comp="2403" pin="3"/><net_sink comp="3681" pin=0"/></net>

<net id="3689"><net_src comp="3681" pin="1"/><net_sink comp="3685" pin=0"/></net>

<net id="3690"><net_src comp="2432" pin="1"/><net_sink comp="3685" pin=1"/></net>

<net id="3695"><net_src comp="3685" pin="2"/><net_sink comp="3691" pin=0"/></net>

<net id="3696"><net_src comp="2627" pin="1"/><net_sink comp="3691" pin=1"/></net>

<net id="3700"><net_src comp="3691" pin="2"/><net_sink comp="3697" pin=0"/></net>

<net id="3705"><net_src comp="3697" pin="1"/><net_sink comp="3701" pin=0"/></net>

<net id="3706"><net_src comp="3675" pin="2"/><net_sink comp="3701" pin=1"/></net>

<net id="3711"><net_src comp="2518" pin="1"/><net_sink comp="3707" pin=1"/></net>

<net id="3715"><net_src comp="3707" pin="2"/><net_sink comp="3712" pin=0"/></net>

<net id="3720"><net_src comp="3712" pin="1"/><net_sink comp="3716" pin=0"/></net>

<net id="3721"><net_src comp="2891" pin="1"/><net_sink comp="3716" pin=1"/></net>

<net id="3725"><net_src comp="3716" pin="2"/><net_sink comp="3722" pin=0"/></net>

<net id="3733"><net_src comp="3726" pin="2"/><net_sink comp="3730" pin=0"/></net>

<net id="3738"><net_src comp="2647" pin="1"/><net_sink comp="3734" pin=0"/></net>

<net id="3739"><net_src comp="2414" pin="1"/><net_sink comp="3734" pin=1"/></net>

<net id="3743"><net_src comp="3734" pin="2"/><net_sink comp="3740" pin=0"/></net>

<net id="3748"><net_src comp="3740" pin="1"/><net_sink comp="3744" pin=0"/></net>

<net id="3749"><net_src comp="3730" pin="1"/><net_sink comp="3744" pin=1"/></net>

<net id="3753"><net_src comp="3744" pin="2"/><net_sink comp="3750" pin=0"/></net>

<net id="3758"><net_src comp="3750" pin="1"/><net_sink comp="3754" pin=0"/></net>

<net id="3759"><net_src comp="3722" pin="1"/><net_sink comp="3754" pin=1"/></net>

<net id="3763"><net_src comp="3754" pin="2"/><net_sink comp="3760" pin=0"/></net>

<net id="3768"><net_src comp="3760" pin="1"/><net_sink comp="3764" pin=0"/></net>

<net id="3769"><net_src comp="3701" pin="2"/><net_sink comp="3764" pin=1"/></net>

<net id="3773"><net_src comp="3764" pin="2"/><net_sink comp="3770" pin=0"/></net>

<net id="3781"><net_src comp="2623" pin="1"/><net_sink comp="3777" pin=0"/></net>

<net id="3782"><net_src comp="2534" pin="1"/><net_sink comp="3777" pin=1"/></net>

<net id="3786"><net_src comp="3777" pin="2"/><net_sink comp="3783" pin=0"/></net>

<net id="3791"><net_src comp="3783" pin="1"/><net_sink comp="3787" pin=0"/></net>

<net id="3792"><net_src comp="3774" pin="1"/><net_sink comp="3787" pin=1"/></net>

<net id="3797"><net_src comp="2414" pin="1"/><net_sink comp="3793" pin=1"/></net>

<net id="3801"><net_src comp="3793" pin="2"/><net_sink comp="3798" pin=0"/></net>

<net id="3806"><net_src comp="3798" pin="1"/><net_sink comp="3802" pin=0"/></net>

<net id="3810"><net_src comp="3802" pin="2"/><net_sink comp="3807" pin=0"/></net>

<net id="3815"><net_src comp="3807" pin="1"/><net_sink comp="3811" pin=0"/></net>

<net id="3816"><net_src comp="3787" pin="2"/><net_sink comp="3811" pin=1"/></net>

<net id="3824"><net_src comp="3817" pin="2"/><net_sink comp="3821" pin=0"/></net>

<net id="3829"><net_src comp="3821" pin="1"/><net_sink comp="3825" pin=0"/></net>

<net id="3830"><net_src comp="2576" pin="1"/><net_sink comp="3825" pin=1"/></net>

<net id="3834"><net_src comp="3825" pin="2"/><net_sink comp="3831" pin=0"/></net>

<net id="3839"><net_src comp="2366" pin="1"/><net_sink comp="3835" pin=0"/></net>

<net id="3840"><net_src comp="2647" pin="1"/><net_sink comp="3835" pin=1"/></net>

<net id="3844"><net_src comp="3835" pin="2"/><net_sink comp="3841" pin=0"/></net>

<net id="3849"><net_src comp="3841" pin="1"/><net_sink comp="3845" pin=0"/></net>

<net id="3850"><net_src comp="2613" pin="1"/><net_sink comp="3845" pin=1"/></net>

<net id="3854"><net_src comp="3845" pin="2"/><net_sink comp="3851" pin=0"/></net>

<net id="3859"><net_src comp="3851" pin="1"/><net_sink comp="3855" pin=0"/></net>

<net id="3860"><net_src comp="3831" pin="1"/><net_sink comp="3855" pin=1"/></net>

<net id="3864"><net_src comp="3855" pin="2"/><net_sink comp="3861" pin=0"/></net>

<net id="3869"><net_src comp="3861" pin="1"/><net_sink comp="3865" pin=0"/></net>

<net id="3870"><net_src comp="3811" pin="2"/><net_sink comp="3865" pin=1"/></net>

<net id="3874"><net_src comp="3865" pin="2"/><net_sink comp="3871" pin=0"/></net>

<net id="3878"><net_src comp="2378" pin="3"/><net_sink comp="3875" pin=0"/></net>

<net id="3886"><net_src comp="3879" pin="1"/><net_sink comp="3882" pin=0"/></net>

<net id="3887"><net_src comp="3875" pin="1"/><net_sink comp="3882" pin=1"/></net>

<net id="3891"><net_src comp="3250" pin="2"/><net_sink comp="3888" pin=0"/></net>

<net id="3896"><net_src comp="3888" pin="1"/><net_sink comp="3892" pin=0"/></net>

<net id="3897"><net_src comp="3882" pin="2"/><net_sink comp="3892" pin=1"/></net>

<net id="3901"><net_src comp="2508" pin="2"/><net_sink comp="3898" pin=0"/></net>

<net id="3906"><net_src comp="3898" pin="1"/><net_sink comp="3902" pin=0"/></net>

<net id="3907"><net_src comp="2432" pin="1"/><net_sink comp="3902" pin=1"/></net>

<net id="3911"><net_src comp="3902" pin="2"/><net_sink comp="3908" pin=0"/></net>

<net id="3916"><net_src comp="3841" pin="1"/><net_sink comp="3912" pin=0"/></net>

<net id="3917"><net_src comp="2534" pin="1"/><net_sink comp="3912" pin=1"/></net>

<net id="3921"><net_src comp="3912" pin="2"/><net_sink comp="3918" pin=0"/></net>

<net id="3926"><net_src comp="3918" pin="1"/><net_sink comp="3922" pin=0"/></net>

<net id="3927"><net_src comp="3908" pin="1"/><net_sink comp="3922" pin=1"/></net>

<net id="3931"><net_src comp="3922" pin="2"/><net_sink comp="3928" pin=0"/></net>

<net id="3936"><net_src comp="3928" pin="1"/><net_sink comp="3932" pin=0"/></net>

<net id="3937"><net_src comp="3892" pin="2"/><net_sink comp="3932" pin=1"/></net>

<net id="3941"><net_src comp="3932" pin="2"/><net_sink comp="3938" pin=0"/></net>

<net id="3946"><net_src comp="2257" pin="1"/><net_sink comp="3942" pin=1"/></net>

<net id="3950"><net_src comp="3942" pin="2"/><net_sink comp="3947" pin=0"/></net>

<net id="3955"><net_src comp="3947" pin="1"/><net_sink comp="3951" pin=0"/></net>

<net id="3956"><net_src comp="2548" pin="1"/><net_sink comp="3951" pin=1"/></net>

<net id="3961"><net_src comp="2307" pin="1"/><net_sink comp="3957" pin=0"/></net>

<net id="3962"><net_src comp="3111" pin="1"/><net_sink comp="3957" pin=1"/></net>

<net id="3967"><net_src comp="3957" pin="2"/><net_sink comp="3963" pin=0"/></net>

<net id="3968"><net_src comp="2579" pin="1"/><net_sink comp="3963" pin=1"/></net>

<net id="3972"><net_src comp="3963" pin="2"/><net_sink comp="3969" pin=0"/></net>

<net id="3977"><net_src comp="3969" pin="1"/><net_sink comp="3973" pin=0"/></net>

<net id="3978"><net_src comp="3951" pin="2"/><net_sink comp="3973" pin=1"/></net>

<net id="3986"><net_src comp="3979" pin="1"/><net_sink comp="3982" pin=0"/></net>

<net id="3987"><net_src comp="2619" pin="1"/><net_sink comp="3982" pin=1"/></net>

<net id="3991"><net_src comp="3982" pin="2"/><net_sink comp="3988" pin=0"/></net>

<net id="3999"><net_src comp="3992" pin="1"/><net_sink comp="3995" pin=0"/></net>

<net id="4000"><net_src comp="3988" pin="1"/><net_sink comp="3995" pin=1"/></net>

<net id="4004"><net_src comp="3995" pin="2"/><net_sink comp="4001" pin=0"/></net>

<net id="4009"><net_src comp="4001" pin="1"/><net_sink comp="4005" pin=0"/></net>

<net id="4010"><net_src comp="3973" pin="2"/><net_sink comp="4005" pin=1"/></net>

<net id="4014"><net_src comp="280" pin="2"/><net_sink comp="4011" pin=0"/></net>

<net id="4018"><net_src comp="4005" pin="2"/><net_sink comp="4015" pin=0"/></net>

<net id="4023"><net_src comp="4015" pin="1"/><net_sink comp="4019" pin=0"/></net>

<net id="4024"><net_src comp="4011" pin="1"/><net_sink comp="4019" pin=1"/></net>

<net id="4029"><net_src comp="4019" pin="2"/><net_sink comp="4025" pin=0"/></net>

<net id="4030"><net_src comp="2747" pin="1"/><net_sink comp="4025" pin=1"/></net>

<net id="4035"><net_src comp="2518" pin="1"/><net_sink comp="4031" pin=0"/></net>

<net id="4036"><net_src comp="2440" pin="1"/><net_sink comp="4031" pin=1"/></net>

<net id="4040"><net_src comp="4031" pin="2"/><net_sink comp="4037" pin=0"/></net>

<net id="4045"><net_src comp="4037" pin="1"/><net_sink comp="4041" pin=0"/></net>

<net id="4046"><net_src comp="4025" pin="2"/><net_sink comp="4041" pin=1"/></net>

<net id="4050"><net_src comp="4041" pin="2"/><net_sink comp="4047" pin=0"/></net>

<net id="4055"><net_src comp="2490" pin="2"/><net_sink comp="4051" pin=0"/></net>

<net id="4056"><net_src comp="2544" pin="1"/><net_sink comp="4051" pin=1"/></net>

<net id="4060"><net_src comp="4051" pin="2"/><net_sink comp="4057" pin=0"/></net>

<net id="4065"><net_src comp="4057" pin="1"/><net_sink comp="4061" pin=0"/></net>

<net id="4066"><net_src comp="2606" pin="1"/><net_sink comp="4061" pin=1"/></net>

<net id="4071"><net_src comp="2647" pin="1"/><net_sink comp="4067" pin=1"/></net>

<net id="4075"><net_src comp="4067" pin="2"/><net_sink comp="4072" pin=0"/></net>

<net id="4080"><net_src comp="4072" pin="1"/><net_sink comp="4076" pin=0"/></net>

<net id="4081"><net_src comp="2694" pin="1"/><net_sink comp="4076" pin=1"/></net>

<net id="4085"><net_src comp="4076" pin="2"/><net_sink comp="4082" pin=0"/></net>

<net id="4090"><net_src comp="4082" pin="1"/><net_sink comp="4086" pin=0"/></net>

<net id="4091"><net_src comp="4061" pin="2"/><net_sink comp="4086" pin=1"/></net>

<net id="4095"><net_src comp="4086" pin="2"/><net_sink comp="4092" pin=0"/></net>

<net id="4099"><net_src comp="2240" pin="3"/><net_sink comp="4096" pin=0"/></net>

<net id="4107"><net_src comp="4100" pin="1"/><net_sink comp="4103" pin=0"/></net>

<net id="4108"><net_src comp="4096" pin="1"/><net_sink comp="4103" pin=1"/></net>

<net id="4113"><net_src comp="2257" pin="1"/><net_sink comp="4109" pin=0"/></net>

<net id="4114"><net_src comp="2569" pin="1"/><net_sink comp="4109" pin=1"/></net>

<net id="4118"><net_src comp="2276" pin="3"/><net_sink comp="4115" pin=0"/></net>

<net id="4122"><net_src comp="4109" pin="2"/><net_sink comp="4119" pin=0"/></net>

<net id="4127"><net_src comp="4119" pin="1"/><net_sink comp="4123" pin=0"/></net>

<net id="4128"><net_src comp="4115" pin="1"/><net_sink comp="4123" pin=1"/></net>

<net id="4132"><net_src comp="4123" pin="2"/><net_sink comp="4129" pin=0"/></net>

<net id="4137"><net_src comp="4129" pin="1"/><net_sink comp="4133" pin=0"/></net>

<net id="4138"><net_src comp="4103" pin="2"/><net_sink comp="4133" pin=1"/></net>

<net id="4142"><net_src comp="2287" pin="3"/><net_sink comp="4139" pin=0"/></net>

<net id="4147"><net_src comp="4139" pin="1"/><net_sink comp="4143" pin=0"/></net>

<net id="4148"><net_src comp="2297" pin="1"/><net_sink comp="4143" pin=1"/></net>

<net id="4152"><net_src comp="4143" pin="2"/><net_sink comp="4149" pin=0"/></net>

<net id="4157"><net_src comp="2394" pin="1"/><net_sink comp="4153" pin=1"/></net>

<net id="4161"><net_src comp="4153" pin="2"/><net_sink comp="4158" pin=0"/></net>

<net id="4166"><net_src comp="4158" pin="1"/><net_sink comp="4162" pin=0"/></net>

<net id="4170"><net_src comp="4162" pin="2"/><net_sink comp="4167" pin=0"/></net>

<net id="4175"><net_src comp="4167" pin="1"/><net_sink comp="4171" pin=0"/></net>

<net id="4176"><net_src comp="4149" pin="1"/><net_sink comp="4171" pin=1"/></net>

<net id="4180"><net_src comp="4171" pin="2"/><net_sink comp="4177" pin=0"/></net>

<net id="4185"><net_src comp="4177" pin="1"/><net_sink comp="4181" pin=0"/></net>

<net id="4186"><net_src comp="4133" pin="2"/><net_sink comp="4181" pin=1"/></net>

<net id="4190"><net_src comp="4181" pin="2"/><net_sink comp="4187" pin=0"/></net>

<net id="4195"><net_src comp="4187" pin="1"/><net_sink comp="4191" pin=0"/></net>

<net id="4196"><net_src comp="2747" pin="1"/><net_sink comp="4191" pin=1"/></net>

<net id="4201"><net_src comp="2887" pin="1"/><net_sink comp="4197" pin=0"/></net>

<net id="4202"><net_src comp="2534" pin="1"/><net_sink comp="4197" pin=1"/></net>

<net id="4206"><net_src comp="4197" pin="2"/><net_sink comp="4203" pin=0"/></net>

<net id="4211"><net_src comp="4203" pin="1"/><net_sink comp="4207" pin=0"/></net>

<net id="4212"><net_src comp="4191" pin="2"/><net_sink comp="4207" pin=1"/></net>

<net id="4216"><net_src comp="4207" pin="2"/><net_sink comp="4213" pin=0"/></net>

<net id="4221"><net_src comp="92" pin="0"/><net_sink comp="4217" pin=0"/></net>

<net id="4222"><net_src comp="3186" pin="1"/><net_sink comp="4217" pin=1"/></net>

<net id="4227"><net_src comp="4217" pin="2"/><net_sink comp="4223" pin=0"/></net>

<net id="4228"><net_src comp="3295" pin="1"/><net_sink comp="4223" pin=1"/></net>

<net id="4233"><net_src comp="4223" pin="2"/><net_sink comp="4229" pin=0"/></net>

<net id="4234"><net_src comp="2946" pin="1"/><net_sink comp="4229" pin=1"/></net>

<net id="4239"><net_src comp="4229" pin="2"/><net_sink comp="4235" pin=0"/></net>

<net id="4240"><net_src comp="3360" pin="1"/><net_sink comp="4235" pin=1"/></net>

<net id="4245"><net_src comp="4235" pin="2"/><net_sink comp="4241" pin=0"/></net>

<net id="4246"><net_src comp="3458" pin="1"/><net_sink comp="4241" pin=1"/></net>

<net id="4251"><net_src comp="4241" pin="2"/><net_sink comp="4247" pin=0"/></net>

<net id="4252"><net_src comp="3527" pin="1"/><net_sink comp="4247" pin=1"/></net>

<net id="4257"><net_src comp="4247" pin="2"/><net_sink comp="4253" pin=0"/></net>

<net id="4258"><net_src comp="3069" pin="1"/><net_sink comp="4253" pin=1"/></net>

<net id="4263"><net_src comp="4253" pin="2"/><net_sink comp="4259" pin=0"/></net>

<net id="4264"><net_src comp="2883" pin="1"/><net_sink comp="4259" pin=1"/></net>

<net id="4269"><net_src comp="4259" pin="2"/><net_sink comp="4265" pin=0"/></net>

<net id="4270"><net_src comp="3658" pin="1"/><net_sink comp="4265" pin=1"/></net>

<net id="4275"><net_src comp="4265" pin="2"/><net_sink comp="4271" pin=0"/></net>

<net id="4276"><net_src comp="3770" pin="1"/><net_sink comp="4271" pin=1"/></net>

<net id="4281"><net_src comp="4271" pin="2"/><net_sink comp="4277" pin=0"/></net>

<net id="4282"><net_src comp="3871" pin="1"/><net_sink comp="4277" pin=1"/></net>

<net id="4287"><net_src comp="4277" pin="2"/><net_sink comp="4283" pin=0"/></net>

<net id="4288"><net_src comp="3938" pin="1"/><net_sink comp="4283" pin=1"/></net>

<net id="4293"><net_src comp="4283" pin="2"/><net_sink comp="4289" pin=0"/></net>

<net id="4294"><net_src comp="2743" pin="1"/><net_sink comp="4289" pin=1"/></net>

<net id="4299"><net_src comp="4289" pin="2"/><net_sink comp="4295" pin=0"/></net>

<net id="4300"><net_src comp="4047" pin="1"/><net_sink comp="4295" pin=1"/></net>

<net id="4305"><net_src comp="4295" pin="2"/><net_sink comp="4301" pin=0"/></net>

<net id="4306"><net_src comp="4092" pin="1"/><net_sink comp="4301" pin=1"/></net>

<net id="4311"><net_src comp="4301" pin="2"/><net_sink comp="4307" pin=0"/></net>

<net id="4312"><net_src comp="4213" pin="1"/><net_sink comp="4307" pin=1"/></net>

<net id="4316"><net_src comp="94" pin="2"/><net_sink comp="4313" pin=0"/></net>

<net id="4317"><net_src comp="4313" pin="1"/><net_sink comp="325" pin=0"/></net>

<net id="4318"><net_src comp="4313" pin="1"/><net_sink comp="328" pin=1"/></net>

<net id="4322"><net_src comp="100" pin="2"/><net_sink comp="4319" pin=0"/></net>

<net id="4323"><net_src comp="4319" pin="1"/><net_sink comp="300" pin=0"/></net>

<net id="4324"><net_src comp="4319" pin="1"/><net_sink comp="308" pin=1"/></net>

<net id="4328"><net_src comp="286" pin="1"/><net_sink comp="4325" pin=0"/></net>

<net id="4329"><net_src comp="4325" pin="1"/><net_sink comp="303" pin=1"/></net>

<net id="4330"><net_src comp="4325" pin="1"/><net_sink comp="737" pin=1"/></net>

<net id="4331"><net_src comp="4325" pin="1"/><net_sink comp="745" pin=0"/></net>

<net id="4332"><net_src comp="4325" pin="1"/><net_sink comp="834" pin=1"/></net>

<net id="4333"><net_src comp="4325" pin="1"/><net_sink comp="1577" pin=1"/></net>

<net id="4337"><net_src comp="290" pin="1"/><net_sink comp="4334" pin=0"/></net>

<net id="4338"><net_src comp="4334" pin="1"/><net_sink comp="737" pin=0"/></net>

<net id="4339"><net_src comp="4334" pin="1"/><net_sink comp="745" pin=1"/></net>

<net id="4343"><net_src comp="294" pin="2"/><net_sink comp="4340" pin=0"/></net>

<net id="4344"><net_src comp="4340" pin="1"/><net_sink comp="787" pin=0"/></net>

<net id="4348"><net_src comp="106" pin="2"/><net_sink comp="4345" pin=0"/></net>

<net id="4349"><net_src comp="4345" pin="1"/><net_sink comp="2394" pin=0"/></net>

<net id="4350"><net_src comp="4345" pin="1"/><net_sink comp="2403" pin=1"/></net>

<net id="4354"><net_src comp="112" pin="2"/><net_sink comp="4351" pin=0"/></net>

<net id="4355"><net_src comp="4351" pin="1"/><net_sink comp="2375" pin=0"/></net>

<net id="4356"><net_src comp="4351" pin="1"/><net_sink comp="2378" pin=1"/></net>

<net id="4360"><net_src comp="118" pin="2"/><net_sink comp="4357" pin=0"/></net>

<net id="4361"><net_src comp="4357" pin="1"/><net_sink comp="2363" pin=0"/></net>

<net id="4362"><net_src comp="4357" pin="1"/><net_sink comp="2366" pin=0"/></net>

<net id="4366"><net_src comp="124" pin="2"/><net_sink comp="4363" pin=0"/></net>

<net id="4367"><net_src comp="4363" pin="1"/><net_sink comp="2338" pin=0"/></net>

<net id="4368"><net_src comp="4363" pin="1"/><net_sink comp="2341" pin=1"/></net>

<net id="4372"><net_src comp="130" pin="2"/><net_sink comp="4369" pin=0"/></net>

<net id="4373"><net_src comp="4369" pin="1"/><net_sink comp="2610" pin=0"/></net>

<net id="4374"><net_src comp="4369" pin="1"/><net_sink comp="2613" pin=0"/></net>

<net id="4378"><net_src comp="136" pin="2"/><net_sink comp="4375" pin=0"/></net>

<net id="4379"><net_src comp="4375" pin="1"/><net_sink comp="2294" pin=0"/></net>

<net id="4380"><net_src comp="4375" pin="1"/><net_sink comp="2297" pin=0"/></net>

<net id="4381"><net_src comp="4375" pin="1"/><net_sink comp="2300" pin=1"/></net>

<net id="4382"><net_src comp="4375" pin="1"/><net_sink comp="2317" pin=1"/></net>

<net id="4386"><net_src comp="142" pin="2"/><net_sink comp="4383" pin=0"/></net>

<net id="4387"><net_src comp="4383" pin="1"/><net_sink comp="2287" pin=1"/></net>

<net id="4388"><net_src comp="4383" pin="1"/><net_sink comp="3111" pin=0"/></net>

<net id="4392"><net_src comp="148" pin="2"/><net_sink comp="4389" pin=0"/></net>

<net id="4393"><net_src comp="4389" pin="1"/><net_sink comp="2273" pin=0"/></net>

<net id="4394"><net_src comp="4389" pin="1"/><net_sink comp="2276" pin=1"/></net>

<net id="4398"><net_src comp="154" pin="2"/><net_sink comp="4395" pin=0"/></net>

<net id="4399"><net_src comp="4395" pin="1"/><net_sink comp="2266" pin=1"/></net>

<net id="4400"><net_src comp="4395" pin="1"/><net_sink comp="2573" pin=0"/></net>

<net id="4401"><net_src comp="4395" pin="1"/><net_sink comp="2576" pin=0"/></net>

<net id="4405"><net_src comp="160" pin="2"/><net_sink comp="4402" pin=0"/></net>

<net id="4406"><net_src comp="4402" pin="1"/><net_sink comp="2250" pin=1"/></net>

<net id="4407"><net_src comp="4402" pin="1"/><net_sink comp="2566" pin=0"/></net>

<net id="4411"><net_src comp="166" pin="2"/><net_sink comp="4408" pin=0"/></net>

<net id="4412"><net_src comp="4408" pin="1"/><net_sink comp="2247" pin=0"/></net>

<net id="4416"><net_src comp="172" pin="2"/><net_sink comp="4413" pin=0"/></net>

<net id="4417"><net_src comp="4413" pin="1"/><net_sink comp="2240" pin=1"/></net>

<net id="4421"><net_src comp="603" pin="3"/><net_sink comp="4418" pin=0"/></net>

<net id="4422"><net_src comp="4418" pin="1"/><net_sink comp="2762" pin=0"/></net>

<net id="4426"><net_src comp="629" pin="1"/><net_sink comp="4423" pin=0"/></net>

<net id="4427"><net_src comp="4423" pin="1"/><net_sink comp="2977" pin=1"/></net>

<net id="4431"><net_src comp="645" pin="1"/><net_sink comp="4428" pin=0"/></net>

<net id="4432"><net_src comp="4428" pin="1"/><net_sink comp="3086" pin=0"/></net>

<net id="4436"><net_src comp="669" pin="1"/><net_sink comp="4433" pin=0"/></net>

<net id="4437"><net_src comp="4433" pin="1"/><net_sink comp="2840" pin=0"/></net>

<net id="4438"><net_src comp="4433" pin="1"/><net_sink comp="3545" pin=0"/></net>

<net id="4442"><net_src comp="685" pin="1"/><net_sink comp="4439" pin=0"/></net>

<net id="4443"><net_src comp="4439" pin="1"/><net_sink comp="2261" pin=1"/></net>

<net id="4444"><net_src comp="4439" pin="1"/><net_sink comp="3793" pin=0"/></net>

<net id="4448"><net_src comp="693" pin="1"/><net_sink comp="4445" pin=0"/></net>

<net id="4449"><net_src comp="4445" pin="1"/><net_sink comp="2840" pin=1"/></net>

<net id="4450"><net_src comp="4445" pin="1"/><net_sink comp="3006" pin=0"/></net>

<net id="4451"><net_src comp="4445" pin="1"/><net_sink comp="3493" pin=0"/></net>

<net id="4455"><net_src comp="697" pin="2"/><net_sink comp="4452" pin=0"/></net>

<net id="4456"><net_src comp="4452" pin="1"/><net_sink comp="2579" pin=0"/></net>

<net id="4460"><net_src comp="703" pin="1"/><net_sink comp="4457" pin=0"/></net>

<net id="4461"><net_src comp="4457" pin="1"/><net_sink comp="3025" pin=0"/></net>

<net id="4462"><net_src comp="4457" pin="1"/><net_sink comp="3817" pin=0"/></net>

<net id="4466"><net_src comp="707" pin="1"/><net_sink comp="4463" pin=0"/></net>

<net id="4467"><net_src comp="4463" pin="1"/><net_sink comp="2690" pin=0"/></net>

<net id="4468"><net_src comp="4463" pin="1"/><net_sink comp="3817" pin=1"/></net>

<net id="4472"><net_src comp="717" pin="1"/><net_sink comp="4469" pin=0"/></net>

<net id="4473"><net_src comp="4469" pin="1"/><net_sink comp="3414" pin=0"/></net>

<net id="4477"><net_src comp="721" pin="1"/><net_sink comp="4474" pin=0"/></net>

<net id="4478"><net_src comp="4474" pin="1"/><net_sink comp="2358" pin=1"/></net>

<net id="4479"><net_src comp="4474" pin="1"/><net_sink comp="3726" pin=0"/></net>

<net id="4483"><net_src comp="725" pin="3"/><net_sink comp="4480" pin=0"/></net>

<net id="4484"><net_src comp="4480" pin="1"/><net_sink comp="3579" pin=0"/></net>

<net id="4488"><net_src comp="733" pin="1"/><net_sink comp="4485" pin=0"/></net>

<net id="4489"><net_src comp="4485" pin="1"/><net_sink comp="2389" pin=1"/></net>

<net id="4490"><net_src comp="4485" pin="1"/><net_sink comp="2708" pin=0"/></net>

<net id="4491"><net_src comp="4485" pin="1"/><net_sink comp="2848" pin=1"/></net>

<net id="4492"><net_src comp="4485" pin="1"/><net_sink comp="3025" pin=1"/></net>

<net id="4493"><net_src comp="4485" pin="1"/><net_sink comp="3414" pin=1"/></net>

<net id="4494"><net_src comp="4485" pin="1"/><net_sink comp="3726" pin=1"/></net>

<net id="4495"><net_src comp="4485" pin="1"/><net_sink comp="4067" pin=0"/></net>

<net id="4496"><net_src comp="4485" pin="1"/><net_sink comp="4153" pin=0"/></net>

<net id="4500"><net_src comp="1253" pin="2"/><net_sink comp="4497" pin=0"/></net>

<net id="4501"><net_src comp="4497" pin="1"/><net_sink comp="2592" pin=1"/></net>

<net id="4505"><net_src comp="1267" pin="2"/><net_sink comp="4502" pin=0"/></net>

<net id="4506"><net_src comp="4502" pin="1"/><net_sink comp="3540" pin=1"/></net>

<net id="4510"><net_src comp="1295" pin="2"/><net_sink comp="4507" pin=0"/></net>

<net id="4511"><net_src comp="4507" pin="1"/><net_sink comp="2548" pin=0"/></net>

<net id="4515"><net_src comp="1355" pin="2"/><net_sink comp="4512" pin=0"/></net>

<net id="4516"><net_src comp="4512" pin="1"/><net_sink comp="3077" pin=0"/></net>

<net id="4520"><net_src comp="1387" pin="2"/><net_sink comp="4517" pin=0"/></net>

<net id="4521"><net_src comp="4517" pin="1"/><net_sink comp="2551" pin=0"/></net>

<net id="4525"><net_src comp="1393" pin="1"/><net_sink comp="4522" pin=0"/></net>

<net id="4526"><net_src comp="4522" pin="1"/><net_sink comp="3531" pin=0"/></net>

<net id="4527"><net_src comp="4522" pin="1"/><net_sink comp="3942" pin=0"/></net>

<net id="4531"><net_src comp="1443" pin="2"/><net_sink comp="4528" pin=0"/></net>

<net id="4532"><net_src comp="4528" pin="1"/><net_sink comp="4100" pin=0"/></net>

<net id="4536"><net_src comp="1469" pin="2"/><net_sink comp="4533" pin=0"/></net>

<net id="4537"><net_src comp="4533" pin="1"/><net_sink comp="2597" pin=0"/></net>

<net id="4541"><net_src comp="1475" pin="1"/><net_sink comp="4538" pin=0"/></net>

<net id="4542"><net_src comp="4538" pin="1"/><net_sink comp="2785" pin=0"/></net>

<net id="4543"><net_src comp="4538" pin="1"/><net_sink comp="3389" pin=1"/></net>

<net id="4547"><net_src comp="1479" pin="1"/><net_sink comp="4544" pin=0"/></net>

<net id="4548"><net_src comp="4544" pin="1"/><net_sink comp="2690" pin=1"/></net>

<net id="4549"><net_src comp="4544" pin="1"/><net_sink comp="3502" pin=0"/></net>

<net id="4550"><net_src comp="4544" pin="1"/><net_sink comp="3545" pin=1"/></net>

<net id="4551"><net_src comp="4544" pin="1"/><net_sink comp="3707" pin=0"/></net>

<net id="4555"><net_src comp="1519" pin="2"/><net_sink comp="4552" pin=0"/></net>

<net id="4556"><net_src comp="4552" pin="1"/><net_sink comp="2616" pin=0"/></net>

<net id="4560"><net_src comp="1567" pin="2"/><net_sink comp="4557" pin=0"/></net>

<net id="4561"><net_src comp="4557" pin="1"/><net_sink comp="3879" pin=0"/></net>

<net id="4565"><net_src comp="1573" pin="1"/><net_sink comp="4562" pin=0"/></net>

<net id="4566"><net_src comp="4562" pin="1"/><net_sink comp="3231" pin=0"/></net>

<net id="4567"><net_src comp="4562" pin="1"/><net_sink comp="4162" pin=1"/></net>

<net id="4571"><net_src comp="1672" pin="2"/><net_sink comp="4568" pin=0"/></net>

<net id="4572"><net_src comp="4568" pin="1"/><net_sink comp="2655" pin=0"/></net>

<net id="4576"><net_src comp="1748" pin="2"/><net_sink comp="4573" pin=0"/></net>

<net id="4577"><net_src comp="4573" pin="1"/><net_sink comp="2759" pin=0"/></net>

<net id="4581"><net_src comp="1754" pin="1"/><net_sink comp="4578" pin=0"/></net>

<net id="4582"><net_src comp="4578" pin="1"/><net_sink comp="2911" pin=1"/></net>

<net id="4583"><net_src comp="4578" pin="1"/><net_sink comp="3250" pin=1"/></net>

<net id="4584"><net_src comp="4578" pin="1"/><net_sink comp="3802" pin=1"/></net>

<net id="4588"><net_src comp="1792" pin="2"/><net_sink comp="4585" pin=0"/></net>

<net id="4589"><net_src comp="4585" pin="1"/><net_sink comp="2950" pin=0"/></net>

<net id="4593"><net_src comp="1818" pin="2"/><net_sink comp="4590" pin=0"/></net>

<net id="4594"><net_src comp="4590" pin="1"/><net_sink comp="3206" pin=0"/></net>

<net id="4598"><net_src comp="1870" pin="2"/><net_sink comp="4595" pin=0"/></net>

<net id="4599"><net_src comp="4595" pin="1"/><net_sink comp="3299" pin=0"/></net>

<net id="4603"><net_src comp="1952" pin="2"/><net_sink comp="4600" pin=0"/></net>

<net id="4604"><net_src comp="4600" pin="1"/><net_sink comp="3364" pin=0"/></net>

<net id="4608"><net_src comp="2048" pin="2"/><net_sink comp="4605" pin=0"/></net>

<net id="4609"><net_src comp="4605" pin="1"/><net_sink comp="3462" pin=0"/></net>

<net id="4613"><net_src comp="2120" pin="2"/><net_sink comp="4610" pin=0"/></net>

<net id="4614"><net_src comp="4610" pin="1"/><net_sink comp="3662" pin=0"/></net>

<net id="4618"><net_src comp="2202" pin="2"/><net_sink comp="4615" pin=0"/></net>

<net id="4619"><net_src comp="4615" pin="1"/><net_sink comp="3774" pin=0"/></net>

<net id="4623"><net_src comp="2208" pin="2"/><net_sink comp="4620" pin=0"/></net>

<net id="4624"><net_src comp="4620" pin="1"/><net_sink comp="3979" pin=0"/></net>

<net id="4628"><net_src comp="2234" pin="2"/><net_sink comp="4625" pin=0"/></net>

<net id="4629"><net_src comp="4625" pin="1"/><net_sink comp="3992" pin=0"/></net>

</net_list>

</model> 
---------------- Datapath Model END ------------------

* FSMD analyzer results:
  - Output states:
 - Input state : 
	Port: dense_latency<ap_fixed<6, 4, 0, 0, 0>, ap_fixed<18, 14, 5, 3, 0>, config7> : data_0_val | {1 }
	Port: dense_latency<ap_fixed<6, 4, 0, 0, 0>, ap_fixed<18, 14, 5, 3, 0>, config7> : data_1_val | {1 }
	Port: dense_latency<ap_fixed<6, 4, 0, 0, 0>, ap_fixed<18, 14, 5, 3, 0>, config7> : data_2_val | {2 }
	Port: dense_latency<ap_fixed<6, 4, 0, 0, 0>, ap_fixed<18, 14, 5, 3, 0>, config7> : data_3_val | {2 }
	Port: dense_latency<ap_fixed<6, 4, 0, 0, 0>, ap_fixed<18, 14, 5, 3, 0>, config7> : data_4_val | {2 }
	Port: dense_latency<ap_fixed<6, 4, 0, 0, 0>, ap_fixed<18, 14, 5, 3, 0>, config7> : data_5_val | {2 }
	Port: dense_latency<ap_fixed<6, 4, 0, 0, 0>, ap_fixed<18, 14, 5, 3, 0>, config7> : data_6_val | {2 }
	Port: dense_latency<ap_fixed<6, 4, 0, 0, 0>, ap_fixed<18, 14, 5, 3, 0>, config7> : data_7_val | {2 }
	Port: dense_latency<ap_fixed<6, 4, 0, 0, 0>, ap_fixed<18, 14, 5, 3, 0>, config7> : data_8_val | {2 }
	Port: dense_latency<ap_fixed<6, 4, 0, 0, 0>, ap_fixed<18, 14, 5, 3, 0>, config7> : data_9_val | {2 }
	Port: dense_latency<ap_fixed<6, 4, 0, 0, 0>, ap_fixed<18, 14, 5, 3, 0>, config7> : data_10_val | {2 }
	Port: dense_latency<ap_fixed<6, 4, 0, 0, 0>, ap_fixed<18, 14, 5, 3, 0>, config7> : data_11_val | {2 }
	Port: dense_latency<ap_fixed<6, 4, 0, 0, 0>, ap_fixed<18, 14, 5, 3, 0>, config7> : data_12_val | {2 }
	Port: dense_latency<ap_fixed<6, 4, 0, 0, 0>, ap_fixed<18, 14, 5, 3, 0>, config7> : data_13_val | {2 }
	Port: dense_latency<ap_fixed<6, 4, 0, 0, 0>, ap_fixed<18, 14, 5, 3, 0>, config7> : data_14_val | {2 }
	Port: dense_latency<ap_fixed<6, 4, 0, 0, 0>, ap_fixed<18, 14, 5, 3, 0>, config7> : data_15_val | {2 }
	Port: dense_latency<ap_fixed<6, 4, 0, 0, 0>, ap_fixed<18, 14, 5, 3, 0>, config7> : data_16_val | {2 }
	Port: dense_latency<ap_fixed<6, 4, 0, 0, 0>, ap_fixed<18, 14, 5, 3, 0>, config7> : data_17_val | {2 }
	Port: dense_latency<ap_fixed<6, 4, 0, 0, 0>, ap_fixed<18, 14, 5, 3, 0>, config7> : data_18_val | {2 }
	Port: dense_latency<ap_fixed<6, 4, 0, 0, 0>, ap_fixed<18, 14, 5, 3, 0>, config7> : data_19_val | {2 }
	Port: dense_latency<ap_fixed<6, 4, 0, 0, 0>, ap_fixed<18, 14, 5, 3, 0>, config7> : data_20_val | {2 }
	Port: dense_latency<ap_fixed<6, 4, 0, 0, 0>, ap_fixed<18, 14, 5, 3, 0>, config7> : data_21_val | {2 }
	Port: dense_latency<ap_fixed<6, 4, 0, 0, 0>, ap_fixed<18, 14, 5, 3, 0>, config7> : data_22_val | {2 }
	Port: dense_latency<ap_fixed<6, 4, 0, 0, 0>, ap_fixed<18, 14, 5, 3, 0>, config7> : data_23_val | {2 }
	Port: dense_latency<ap_fixed<6, 4, 0, 0, 0>, ap_fixed<18, 14, 5, 3, 0>, config7> : data_24_val | {2 }
	Port: dense_latency<ap_fixed<6, 4, 0, 0, 0>, ap_fixed<18, 14, 5, 3, 0>, config7> : data_25_val | {2 }
	Port: dense_latency<ap_fixed<6, 4, 0, 0, 0>, ap_fixed<18, 14, 5, 3, 0>, config7> : data_26_val | {2 }
	Port: dense_latency<ap_fixed<6, 4, 0, 0, 0>, ap_fixed<18, 14, 5, 3, 0>, config7> : data_27_val | {3 }
	Port: dense_latency<ap_fixed<6, 4, 0, 0, 0>, ap_fixed<18, 14, 5, 3, 0>, config7> : data_28_val | {3 }
	Port: dense_latency<ap_fixed<6, 4, 0, 0, 0>, ap_fixed<18, 14, 5, 3, 0>, config7> : data_29_val | {3 }
	Port: dense_latency<ap_fixed<6, 4, 0, 0, 0>, ap_fixed<18, 14, 5, 3, 0>, config7> : data_30_val | {3 }
	Port: dense_latency<ap_fixed<6, 4, 0, 0, 0>, ap_fixed<18, 14, 5, 3, 0>, config7> : data_31_val | {3 }
  - Chain level:
	State 1
		add_ln58_644 : 1
	State 2
		sext_ln17 : 1
		sub_ln73_59 : 2
		sext_ln17_153 : 1
		sext_ln73_28 : 1
		sext_ln42 : 1
		sext_ln17_154 : 1
		mult_84 : 1
		sext_ln17_155 : 2
		mult_85 : 1
		sext_ln17_159 : 2
		sext_ln17_163 : 1
		sext_ln17_164 : 1
		sext_ln17_166 : 1
		sext_ln17_170 : 1
		sext_ln17_171 : 1
		mult_89 : 1
		sext_ln17_172 : 2
		sext_ln17_173 : 1
		mult_91 : 2
		sub_ln73_60 : 1
		sub_ln73_61 : 1
		sext_ln73_65 : 1
		sub_ln73_77 : 2
		sext_ln73_66 : 1
		sub_ln73_62 : 1
		sext_ln73_67 : 1
		mult_93 : 2
		sext_ln73_68 : 1
		sub_ln73_79 : 2
		sub_ln73_63 : 1
		sext_ln73_69 : 1
		sub_ln73_65 : 1
		sub_ln73_66 : 1
		sext_ln58 : 1
		sext_ln58_167 : 1
		add_ln58 : 2
		sext_ln58_169 : 1
		sub_ln58_19 : 2
		sub_ln58_20 : 2
		sub_ln58_21 : 2
		sub_ln58_22 : 3
		sub_ln58_348 : 2
		sext_ln58_172 : 3
		sub_ln58_277 : 2
		sext_ln58_173 : 3
		sub_ln58_349 : 2
		add_ln58_645 : 3
		add_ln58_646 : 3
		add_ln58_647 : 4
		sub_ln58_23 : 1
		sext_ln58_178 : 2
		add_ln58_648 : 1
		sub_ln58_350 : 2
		sext_ln58_179 : 3
		sub_ln58_278 : 1
		sext_ln58_779 : 2
		add_ln58_649 : 3
		sext_ln58_781 : 4
		sub_ln58_279 : 5
		add_ln58_650 : 3
		add_ln58_651 : 3
		add_ln58_652 : 2
		sub_ln58 : 2
		add_ln58_653 : 3
		add_ln58_654 : 4
		add_ln58_655 : 1
		sext_ln58_782 : 2
		add_ln58_656 : 5
		sext_ln58_803 : 1
		sext_ln58_806 : 3
		sub_ln58_351 : 4
		add_ln58_657 : 1
		sext_ln58_783 : 2
		sub_ln58_280 : 3
		sext_ln58_784 : 4
		add_ln58_658 : 5
		sext_ln58_186 : 6
		sub_ln58_281 : 1
		sext_ln58_785 : 2
		add_ln58_659 : 3
		sext_ln58_786 : 4
		sub_ln58_282 : 5
		add_ln58_660 : 2
		sext_ln58_787 : 3
		add_ln58_661 : 6
		sext_ln58_788 : 4
		sub_ln58_283 : 5
		add_ln58_662 : 4
		sub_ln58_284 : 2
		sext_ln58_789 : 3
		add_ln58_663 : 5
		sext_ln58_189 : 6
		sext_ln58_790 : 3
		sub_ln58_285 : 4
		sub_ln58_286 : 1
		sext_ln58_791 : 2
		sub_ln58_287 : 3
		sext_ln58_792 : 4
		add_ln58_664 : 5
		sext_ln58_190 : 6
		sext_ln58_794 : 4
		sub_ln58_288 : 5
		sext_ln58_795 : 2
		sub_ln58_289 : 3
		sext_ln58_796 : 4
		add_ln58_665 : 6
		sext_ln58_191 : 7
		sext_ln58_797 : 7
		sub_ln58_290 : 8
		sext_ln58_798 : 5
		sub_ln58_291 : 6
		add_ln58_666 : 2
		sext_ln58_799 : 3
		add_ln58_667 : 7
		add_ln58_668 : 6
		add_ln58_669 : 1
		sext_ln58_800 : 2
		add_ln58_670 : 7
		sext_ln58_801 : 2
		sext_ln58_802 : 2
		sext_ln58_808 : 1
		sext_ln58_809 : 4
		sub_ln58_352 : 5
		add_ln58_671 : 1
		sext_ln58_804 : 2
		add_ln58_672 : 6
		sext_ln58_201 : 7
		sext_ln58_805 : 8
		sub_ln58_292 : 9
		sext_ln58_807 : 8
		sub_ln58_293 : 9
		add_ln58_673 : 9
		sub_ln58_294 : 2
		add_ln58_674 : 3
		sext_ln58_810 : 4
		add_ln58_675 : 10
		sext_ln58_811 : 2
		sext_ln58_812 : 6
		sub_ln58_295 : 7
		sub_ln58_296 : 2
		sext_ln58_813 : 3
		add_ln58_676 : 8
		sext_ln58_814 : 2
		add_ln58_677 : 1
		sext_ln58_815 : 2
		add_ln58_678 : 3
		sext_ln58_816 : 4
		add_ln58_679 : 9
		add_ln58_680 : 4
		add_ln58_681 : 1
		sext_ln58_817 : 2
		sub_ln58_297 : 3
		sext_ln58_818 : 4
		add_ln58_682 : 5
		sext_ln58_819 : 1
		add_ln58_683 : 3
		sext_ln58_820 : 4
		add_ln58_684 : 7
		sub_ln58_298 : 1
		sext_ln58_821 : 2
		add_ln58_685 : 1
		sext_ln58_822 : 2
		add_ln58_686 : 3
		sext_ln58_823 : 4
		add_ln58_687 : 8
		sub_ln58_300 : 1
		sext_ln58_831 : 2
		add_ln58_689 : 1
		sext_ln58_832 : 2
		add_ln58_690 : 3
		sext_ln58_834 : 2
		sub_ln58_353 : 2
		sext_ln58_837 : 3
		add_ln58_692 : 7
		add_ln58_693 : 1
		sext_ln58_838 : 2
		add_ln58_694 : 3
		sext_ln58_839 : 4
		add_ln58_695 : 8
		add_ln58_696 : 2
		sext_ln58_842 : 3
		add_ln58_697 : 8
		sub_ln58_301 : 3
		sub_ln58_302 : 1
		sext_ln58_843 : 2
		add_ln58_698 : 4
		sext_ln58_844 : 5
		add_ln58_699 : 9
		sext_ln58_845 : 1
		add_ln58_700 : 1
		sext_ln58_277 : 2
		add_ln58_701 : 3
		sext_ln58_852 : 4
		sub_ln58_303 : 5
		sub_ln58_304 : 2
		sext_ln58_853 : 3
		add_ln58_702 : 6
		sext_ln58_854 : 7
		sub_ln58_305 : 8
		sext_ln58_855 : 1
		sext_ln58_856 : 3
		sub_ln58_354 : 4
		sext_ln58_857 : 5
		add_ln58_703 : 9
		sub_ln58_306 : 1
		sext_ln58_858 : 2
		sub_ln58_307 : 3
		sext_ln58_859 : 4
		add_ln58_704 : 10
		add_ln58_712 : 6
		add_ln58_713 : 1
		sext_ln58_870 : 2
		add_ln58_714 : 7
		sext_ln58_293 : 8
		sext_ln58_871 : 1
		sext_ln58_872 : 3
		sub_ln58_356 : 4
		sext_ln58_873 : 5
		add_ln58_715 : 9
		add_ln58_716 : 1
		sext_ln58_874 : 2
		add_ln58_717 : 3
		sext_ln58_875 : 4
		add_ln58_718 : 10
		sext_ln58_895 : 1
		sext_ln58_896 : 3
		sub_ln58_359 : 4
		sext_ln58_897 : 5
		add_ln58_732 : 7
		add_ln58_733 : 3
		sext_ln58_898 : 4
		add_ln58_734 : 8
		sub_ln58_319 : 1
		sext_ln58_919 : 2
		add_ln58_750 : 1
		sext_ln58_920 : 2
		add_ln58_751 : 3
		add_ln58_759 : 2
		sext_ln58_929 : 3
		add_ln58_760 : 8
		add_ln58_761 : 1
		sext_ln58_930 : 2
		add_ln58_762 : 1
		sext_ln58_931 : 2
		add_ln58_763 : 3
		sext_ln58_932 : 4
		add_ln58_764 : 9
		sext_ln58_1026 : 3
		sub_ln58_366 : 4
		add_ln58_771 : 1
		sext_ln58_938 : 2
		add_ln58_772 : 5
		sext_ln58_308 : 6
		add_ln58_773 : 2
		sext_ln58_939 : 3
		add_ln58_774 : 7
		add_ln58_775 : 1
		sext_ln58_940 : 2
		add_ln58_776 : 1
		sext_ln58_941 : 2
		add_ln58_777 : 3
		sext_ln58_942 : 4
		add_ln58_778 : 8
		sext_ln58_951 : 4
		sub_ln58_326 : 5
		add_ln58_787 : 1
		sext_ln58_952 : 2
		add_ln58_788 : 3
		sext_ln58_953 : 4
		add_ln58_789 : 6
		sext_ln58_311 : 7
		sub_ln58_368 : 2
		sext_ln58_954 : 3
		add_ln58_790 : 8
		sub_ln58_327 : 1
		sext_ln58_955 : 2
		add_ln58_791 : 1
		sext_ln58_956 : 2
		add_ln58_792 : 3
		sext_ln58_957 : 4
		add_ln58_793 : 9
		sext_ln58_1029 : 4
		sub_ln58_371 : 5
		add_ln58_810 : 6
		sext_ln58_317 : 7
		sub_ln58_372 : 3
		sext_ln58_971 : 4
		add_ln58_811 : 8
		sext_ln58_972 : 2
		sub_ln58_332 : 3
		sub_ln58_333 : 1
		sext_ln58_973 : 2
		add_ln58_812 : 4
		sext_ln58_974 : 5
		add_ln58_813 : 9
		sext_ln58_1030 : 3
		sub_ln58_373 : 4
		sub_ln58_337 : 1
		sext_ln58_985 : 2
		add_ln58_823 : 5
		sext_ln58_320 : 6
		add_ln58_824 : 2
		sext_ln58_986 : 3
		add_ln58_825 : 7
		sub_ln58_338 : 1
		sext_ln58_987 : 2
		add_ln58_826 : 1
		sext_ln58_988 : 2
		add_ln58_827 : 3
		sext_ln58_989 : 4
		add_ln58_828 : 8
		sub_ln58_343 : 2
		add_ln58_846 : 1
		sext_ln58_1008 : 2
		add_ln58_847 : 1
		sext_ln58_1009 : 2
		add_ln58_848 : 3
	State 3
		sext_ln73_70 : 1
		sext_ln73_71 : 1
		sext_ln73_72 : 1
		sub_ln73_80 : 2
		sext_ln73_73 : 1
		mult_96 : 2
		sext_ln17_174 : 3
		sext_ln73_74 : 1
		sub_ln73_82 : 2
		sub_ln73_68 : 1
		sext_ln73_75 : 1
		sub_ln73_70 : 1
		sub_ln73_71 : 1
		sext_ln73_76 : 1
		mult_99 : 2
		sext_ln17_175 : 3
		sext_ln73_77 : 1
		sub_ln73_84 : 2
		sub_ln73_72 : 1
		mult_100 : 2
		mult_101 : 1
		sext_ln73_78 : 1
		mult_102 : 2
		sext_ln17_177 : 3
		sext_ln58_824 : 1
		sext_ln58_825 : 1
		sext_ln58_826 : 1
		sext_ln58_827 : 1
		sub_ln58_299 : 2
		sext_ln58_830 : 3
		add_ln58_688 : 4
		add_ln58_691 : 5
		sext_ln58_246 : 6
		sext_ln58_840 : 1
		sext_ln58_841 : 1
		sext_ln58_846 : 2
		sext_ln58_847 : 1
		sext_ln58_848 : 2
		sext_ln58_849 : 1
		sext_ln58_860 : 1
		sub_ln58_355 : 2
		sub_ln58_308 : 2
		sext_ln58_862 : 3
		add_ln58_705 : 4
		sext_ln58_863 : 5
		add_ln58_706 : 6
		sext_ln58_864 : 1
		sub_ln58_309 : 2
		sext_ln58_865 : 3
		add_ln58_708 : 1
		sext_ln58_866 : 2
		add_ln58_709 : 3
		sext_ln58_867 : 4
		add_ln58_710 : 5
		sext_ln58_868 : 6
		add_ln58_711 : 7
		sext_ln58_281 : 8
		sext_ln58_284 : 1
		sext_ln58_869 : 1
		sext_ln58_290 : 3
		sext_ln58_877 : 3
		sub_ln58_357 : 4
		sext_ln58_878 : 5
		add_ln58_719 : 6
		sub_ln58_310 : 1
		sext_ln58_879 : 2
		sub_ln58_311 : 2
		sext_ln58_880 : 3
		add_ln58_720 : 4
		sext_ln58_881 : 5
		add_ln58_721 : 7
		sext_ln58_882 : 2
		sub_ln58_312 : 3
		add_ln58_722 : 4
		sext_ln58_883 : 5
		sext_ln58_884 : 1
		add_ln58_724 : 1
		sext_ln58_885 : 2
		add_ln58_725 : 3
		sext_ln58_886 : 4
		add_ln58_726 : 6
		sext_ln58_887 : 7
		add_ln58_727 : 8
		sext_ln58_295 : 9
		sext_ln58_889 : 1
		sub_ln58_358 : 2
		sext_ln58_890 : 3
		add_ln58_728 : 4
		sub_ln58_313 : 2
		sext_ln58_892 : 3
		add_ln58_729 : 2
		sext_ln58_893 : 3
		add_ln58_730 : 4
		sext_ln58_894 : 5
		add_ln58_731 : 6
		sext_ln58_299 : 7
		sext_ln58_899 : 3
		sub_ln58_360 : 4
		sext_ln58_900 : 5
		add_ln58_735 : 6
		sext_ln58_901 : 1
		sub_ln58_314 : 2
		sext_ln58_902 : 1
		sext_ln58_910 : 3
		sub_ln58_361 : 4
		sext_ln58_903 : 5
		add_ln58_736 : 7
		sub_ln58_315 : 1
		sext_ln58_904 : 2
		sub_ln58_316 : 3
		sext_ln58_905 : 4
		sext_ln58_906 : 1
		add_ln58_738 : 1
		sext_ln58_907 : 2
		add_ln58_739 : 3
		sext_ln58_908 : 4
		add_ln58_740 : 5
		sext_ln58_909 : 6
		add_ln58_741 : 8
		sext_ln58_301 : 9
		sext_ln58_975 : 1
		sub_ln58_362 : 2
		sub_ln58_363 : 2
		sext_ln58_1018 : 3
		sub_ln58_364 : 4
		sext_ln58_911 : 5
		add_ln58_742 : 6
		sub_ln58_317 : 2
		sext_ln58_913 : 3
		add_ln58_743 : 4
		add_ln58_744 : 1
		sext_ln58_914 : 2
		add_ln58_745 : 3
		sext_ln58_915 : 4
		add_ln58_746 : 5
		sext_ln58_916 : 6
		add_ln58_747 : 7
		sext_ln58_302 : 8
		sub_ln58_318 : 2
		sext_ln58_917 : 3
		add_ln58_748 : 9
		sext_ln58_303 : 10
		sub_ln58_365 : 2
		sext_ln58_918 : 3
		add_ln58_749 : 4
		add_ln58_752 : 5
		sext_ln58_922 : 6
		sub_ln58_320 : 7
		add_ln58_753 : 8
		sub_ln58_321 : 1
		sext_ln58_923 : 2
		add_ln58_754 : 9
		sext_ln58_924 : 2
		sub_ln58_322 : 3
		sext_ln58_925 : 4
		add_ln58_755 : 1
		sext_ln58_926 : 2
		add_ln58_756 : 3
		sext_ln58_927 : 4
		add_ln58_757 : 5
		sext_ln58_928 : 6
		add_ln58_758 : 10
		sext_ln58_305 : 11
		sub_ln58_323 : 1
		add_ln58_765 : 4
		sext_ln58_934 : 3
		add_ln58_766 : 5
		sext_ln58_935 : 2
		add_ln58_767 : 2
		add_ln58_768 : 3
		sext_ln58_936 : 4
		add_ln58_769 : 5
		sext_ln58_937 : 6
		add_ln58_770 : 7
		sext_ln58_307 : 8
		sub_ln58_367 : 2
		sext_ln58_943 : 3
		add_ln58_779 : 4
		sub_ln58_324 : 2
		add_ln58_780 : 3
		sext_ln58_944 : 4
		add_ln58_781 : 5
		sub_ln58_325 : 2
		sext_ln58_945 : 3
		sext_ln58_946 : 1
		add_ln58_783 : 1
		sext_ln58_947 : 2
		add_ln58_784 : 3
		sext_ln58_948 : 4
		add_ln58_785 : 5
		sext_ln58_949 : 6
		add_ln58_786 : 7
		sext_ln58_310 : 8
		sub_ln58_328 : 1
		add_ln58_794 : 4
		sub_ln58_329 : 2
		sext_ln58_959 : 3
		add_ln58_795 : 5
		sub_ln58_330 : 1
		sext_ln58_960 : 2
		add_ln58_796 : 1
		sext_ln58_961 : 2
		add_ln58_797 : 3
		sext_ln58_962 : 4
		add_ln58_798 : 6
		sext_ln58_313 : 7
		sub_ln58_369 : 2
		sext_ln58_963 : 3
		add_ln58_799 : 4
		sext_ln58_964 : 1
		sub_ln58_331 : 2
		sext_ln58_965 : 3
		add_ln58_801 : 5
		sext_ln58_314 : 6
		add_ln58_802 : 7
		sext_ln58_1028 : 3
		sub_ln58_370 : 4
		sext_ln58_966 : 5
		add_ln58_803 : 8
		add_ln58_804 : 2
		sext_ln58_967 : 3
		add_ln58_805 : 2
		sext_ln58_968 : 3
		add_ln58_806 : 4
		sext_ln58_969 : 5
		add_ln58_807 : 6
		sext_ln58_970 : 7
		add_ln58_808 : 9
		sext_ln58_315 : 10
		add_ln58_809 : 11
		sext_ln58_316 : 12
		sub_ln58_334 : 2
		sext_ln58_976 : 3
		add_ln58_814 : 4
		sext_ln58_977 : 1
		sub_ln58_335 : 2
		add_ln58_815 : 3
		sext_ln58_978 : 4
		add_ln58_816 : 5
		sub_ln58_336 : 1
		sext_ln58_979 : 2
		add_ln58_817 : 3
		sext_ln58_980 : 4
		sext_ln58_981 : 1
		add_ln58_819 : 1
		sext_ln58_982 : 2
		add_ln58_820 : 3
		sext_ln58_983 : 4
		add_ln58_821 : 5
		sext_ln58_984 : 6
		add_ln58_822 : 7
		sext_ln58_319 : 8
		sub_ln58_374 : 2
		sext_ln58_990 : 3
		add_ln58_829 : 4
		sub_ln58_339 : 1
		sext_ln58_991 : 2
		sub_ln58_340 : 3
		sext_ln58_992 : 4
		add_ln58_830 : 5
		sext_ln58_993 : 1
		add_ln58_832 : 2
		sext_ln58_994 : 3
		add_ln58_833 : 1
		sext_ln58_995 : 2
		add_ln58_834 : 3
		sext_ln58_996 : 4
		add_ln58_835 : 5
		sext_ln58_997 : 6
		add_ln58_836 : 7
		sext_ln58_322 : 8
		sext_ln58_1031 : 1
		sub_ln58_375 : 2
		sext_ln58_998 : 4
		add_ln58_837 : 5
		sext_ln58_999 : 2
		sub_ln58_341 : 3
		sext_ln58_1000 : 4
		add_ln58_838 : 3
		sext_ln58_1001 : 4
		add_ln58_839 : 5
		sext_ln58_1002 : 6
		add_ln58_840 : 7
		sext_ln58_323 : 8
		add_ln58_841 : 2
		sext_ln58_1003 : 3
		add_ln58_842 : 4
		sub_ln58_342 : 2
		add_ln58_843 : 3
		sext_ln58_1005 : 4
		add_ln58_844 : 5
		add_ln58_845 : 2
		sext_ln58_1007 : 3
		add_ln58_849 : 4
		sext_ln58_1011 : 5
		add_ln58_850 : 6
		sext_ln58_1013 : 7
		sub_ln58_344 : 8
		add_ln58_851 : 9
		sub_ln58_345 : 1
		sext_ln58_1014 : 2
		add_ln58_852 : 10
		sext_ln58_325 : 11
		add_ln58_853 : 4
		sext_ln58_1015 : 5
		add_ln58_854 : 7
		add_ln58_855 : 1
		sext_ln58_1016 : 2
		add_ln58_856 : 3
		sext_ln58_1017 : 4
		add_ln58_857 : 8
		sext_ln58_326 : 9
		sext_ln58_1033 : 1
		sub_ln58_376 : 2
		add_ln58_858 : 2
		sext_ln58_1035 : 1
		sext_ln58_1036 : 3
		sub_ln58_377 : 4
		sext_ln58_1019 : 5
		add_ln58_859 : 6
		sext_ln58_1020 : 1
		sub_ln58_346 : 2
		sext_ln58_1021 : 3
		sub_ln58_347 : 1
		sext_ln58_1022 : 2
		add_ln58_860 : 3
		sext_ln58_1023 : 4
		add_ln58_861 : 5
		sext_ln58_1024 : 6
		add_ln58_862 : 7
		sext_ln58_1037 : 8
		sub_ln58_378 : 9
		sub_ln58_379 : 2
		sext_ln58_1025 : 3
		add_ln58_863 : 10
		sext_ln68 : 11
		mrv : 11
		mrv_1 : 12
		mrv_2 : 13
		mrv_3 : 14
		mrv_4 : 15
		mrv_5 : 16
		mrv_6 : 17
		mrv_7 : 18
		mrv_8 : 19
		mrv_9 : 20
		mrv_10 : 21
		mrv_11 : 22
		mrv_12 : 23
		mrv_13 : 24
		mrv_14 : 25
		mrv_15 : 26
		ret_ln68 : 27


============================================================
+ Verbose Summary: Datapath Resource usage 
============================================================

* Functional unit list:
|----------|------------------------------|---------|---------|
| Operation|        Functional Unit       |    FF   |   LUT   |
|----------|------------------------------|---------|---------|
|          |      add_ln58_644_fu_294     |    0    |    14   |
|          |        add_ln58_fu_753       |    0    |    14   |
|          |      add_ln58_645_fu_816     |    0    |    8    |
|          |      add_ln58_646_fu_822     |    0    |    8    |
|          |      add_ln58_647_fu_828     |    0    |    8    |
|          |      add_ln58_648_fu_843     |    0    |    14   |
|          |      add_ln58_649_fu_869     |    0    |    14   |
|          |      add_ln58_650_fu_889     |    0    |    14   |
|          |      add_ln58_651_fu_895     |    0    |    15   |
|          |      add_ln58_652_fu_901     |    0    |    15   |
|          |      add_ln58_653_fu_913     |    0    |    8    |
|          |      add_ln58_654_fu_919     |    0    |    8    |
|          |      add_ln58_655_fu_925     |    0    |    14   |
|          |      add_ln58_656_fu_935     |    0    |    9    |
|          |      add_ln58_657_fu_955     |    0    |    14   |
|          |      add_ln58_658_fu_975     |    0    |    9    |
|          |      add_ln58_659_fu_995     |    0    |    14   |
|          |     add_ln58_660_fu_1011     |    0    |    14   |
|          |     add_ln58_661_fu_1021     |    0    |    9    |
|          |     add_ln58_662_fu_1037     |    0    |    8    |
|          |     add_ln58_663_fu_1053     |    0    |    9    |
|          |     add_ln58_664_fu_1093     |    0    |    9    |
|          |     add_ln58_665_fu_1131     |    0    |    9    |
|          |     add_ln58_666_fu_1161     |    0    |    14   |
|          |     add_ln58_667_fu_1171     |    0    |    9    |
|          |     add_ln58_668_fu_1177     |    0    |    9    |
|          |     add_ln58_669_fu_1183     |    0    |    14   |
|          |     add_ln58_670_fu_1193     |    0    |    9    |
|          |     add_ln58_671_fu_1229     |    0    |    14   |
|          |     add_ln58_672_fu_1239     |    0    |    9    |
|          |     add_ln58_673_fu_1273     |    0    |    10   |
|          |     add_ln58_674_fu_1285     |    0    |    8    |
|          |     add_ln58_675_fu_1295     |    0    |    10   |
|          |     add_ln58_676_fu_1325     |    0    |    10   |
|          |     add_ln58_677_fu_1335     |    0    |    14   |
|          |     add_ln58_678_fu_1345     |    0    |    14   |
|          |     add_ln58_679_fu_1355     |    0    |    10   |
|          |     add_ln58_680_fu_1361     |    0    |    8    |
|          |     add_ln58_681_fu_1367     |    0    |    14   |
|          |     add_ln58_682_fu_1387     |    0    |    9    |
|          |     add_ln58_683_fu_1397     |    0    |    9    |
|          |     add_ln58_684_fu_1407     |    0    |    9    |
|          |     add_ln58_685_fu_1423     |    0    |    14   |
|          |     add_ln58_686_fu_1433     |    0    |    14   |
|          |     add_ln58_687_fu_1443     |    0    |    10   |
|          |     add_ln58_689_fu_1459     |    0    |    14   |
|          |     add_ln58_690_fu_1469     |    0    |    14   |
|          |     add_ln58_692_fu_1493     |    0    |    9    |
|          |     add_ln58_693_fu_1499     |    0    |    14   |
|          |     add_ln58_694_fu_1509     |    0    |    14   |
|          |     add_ln58_695_fu_1519     |    0    |    10   |
|          |     add_ln58_696_fu_1525     |    0    |    14   |
|          |     add_ln58_697_fu_1535     |    0    |    9    |
|          |     add_ln58_698_fu_1557     |    0    |    8    |
|          |     add_ln58_699_fu_1567     |    0    |    10   |
|          |     add_ln58_700_fu_1577     |    0    |    14   |
|          |     add_ln58_701_fu_1586     |    0    |    14   |
|          |     add_ln58_702_fu_1612     |    0    |    9    |
|          |     add_ln58_703_fu_1646     |    0    |    10   |
|          |     add_ln58_704_fu_1672     |    0    |    10   |
|          |     add_ln58_712_fu_1678     |    0    |    9    |
|          |     add_ln58_713_fu_1684     |    0    |    14   |
|          |     add_ln58_714_fu_1694     |    0    |    9    |
|          |     add_ln58_715_fu_1722     |    0    |    9    |
|          |     add_ln58_716_fu_1728     |    0    |    14   |
|          |     add_ln58_717_fu_1738     |    0    |    14   |
|          |     add_ln58_718_fu_1748     |    0    |    10   |
|          |     add_ln58_732_fu_1776     |    0    |    9    |
|          |     add_ln58_733_fu_1782     |    0    |    14   |
|          |     add_ln58_734_fu_1792     |    0    |    10   |
|          |     add_ln58_750_fu_1808     |    0    |    14   |
|          |     add_ln58_751_fu_1818     |    0    |    14   |
|          |     add_ln58_759_fu_1824     |    0    |    14   |
|          |     add_ln58_760_fu_1834     |    0    |    9    |
|          |     add_ln58_761_fu_1840     |    0    |    14   |
|          |     add_ln58_762_fu_1850     |    0    |    14   |
|          |     add_ln58_763_fu_1860     |    0    |    14   |
|          |     add_ln58_764_fu_1870     |    0    |    10   |
|          |     add_ln58_771_fu_1886     |    0    |    14   |
|          |     add_ln58_772_fu_1896     |    0    |    9    |
|          |     add_ln58_773_fu_1906     |    0    |    14   |
|          |     add_ln58_774_fu_1916     |    0    |    9    |
|          |     add_ln58_775_fu_1922     |    0    |    14   |
|          |     add_ln58_776_fu_1932     |    0    |    14   |
|          |     add_ln58_777_fu_1942     |    0    |    14   |
|          |     add_ln58_778_fu_1952     |    0    |    10   |
|          |     add_ln58_787_fu_1972     |    0    |    14   |
|          |     add_ln58_788_fu_1982     |    0    |    14   |
|          |     add_ln58_789_fu_1992     |    0    |    9    |
|          |     add_ln58_790_fu_2012     |    0    |    9    |
|          |     add_ln58_791_fu_2028     |    0    |    14   |
|          |     add_ln58_792_fu_2038     |    0    |    14   |
|          |     add_ln58_793_fu_2048     |    0    |    10   |
|          |     add_ln58_810_fu_2064     |    0    |    9    |
|          |     add_ln58_811_fu_2084     |    0    |    9    |
|          |     add_ln58_812_fu_2110     |    0    |    8    |
|          |     add_ln58_813_fu_2120     |    0    |    10   |
|          |     add_ln58_823_fu_2146     |    0    |    9    |
|          |     add_ln58_824_fu_2156     |    0    |    14   |
|          |     add_ln58_825_fu_2166     |    0    |    9    |
|          |     add_ln58_826_fu_2182     |    0    |    14   |
|          |     add_ln58_827_fu_2192     |    0    |    14   |
|          |     add_ln58_828_fu_2202     |    0    |    10   |
|          |     add_ln58_846_fu_2214     |    0    |    14   |
|          |     add_ln58_847_fu_2224     |    0    |    14   |
|          |     add_ln58_848_fu_2234     |    0    |    14   |
|          |     add_ln58_688_fu_2592     |    0    |    10   |
|          |     add_ln58_691_fu_2600     |    0    |    10   |
|          |     add_ln58_705_fu_2674     |    0    |    15   |
|          |     add_ln58_706_fu_2684     |    0    |    11   |
|    add   |     add_ln58_707_fu_2690     |    0    |    14   |
|          |     add_ln58_708_fu_2708     |    0    |    14   |
|          |     add_ln58_709_fu_2717     |    0    |    14   |
|          |     add_ln58_710_fu_2727     |    0    |    15   |
|          |     add_ln58_711_fu_2737     |    0    |    11   |
|          |     add_ln58_719_fu_2779     |    0    |    13   |
|          |     add_ln58_720_fu_2804     |    0    |    15   |
|          |     add_ln58_721_fu_2814     |    0    |    11   |
|          |     add_ln58_722_fu_2830     |    0    |    8    |
|          |     add_ln58_723_fu_2840     |    0    |    14   |
|          |     add_ln58_724_fu_2848     |    0    |    14   |
|          |     add_ln58_725_fu_2857     |    0    |    14   |
|          |     add_ln58_726_fu_2867     |    0    |    15   |
|          |     add_ln58_727_fu_2877     |    0    |    11   |
|          |     add_ln58_728_fu_2905     |    0    |    10   |
|          |     add_ln58_729_fu_2920     |    0    |    14   |
|          |     add_ln58_730_fu_2930     |    0    |    15   |
|          |     add_ln58_731_fu_2940     |    0    |    11   |
|          |     add_ln58_735_fu_2967     |    0    |    13   |
|          |     add_ln58_736_fu_3000     |    0    |    11   |
|          |     add_ln58_737_fu_3025     |    0    |    14   |
|          |     add_ln58_738_fu_3033     |    0    |    14   |
|          |     add_ln58_739_fu_3043     |    0    |    14   |
|          |     add_ln58_740_fu_3053     |    0    |    15   |
|          |     add_ln58_741_fu_3063     |    0    |    11   |
|          |     add_ln58_742_fu_3105     |    0    |    11   |
|          |     add_ln58_743_fu_3124     |    0    |    8    |
|          |     add_ln58_744_fu_3130     |    0    |    14   |
|          |     add_ln58_745_fu_3140     |    0    |    14   |
|          |     add_ln58_746_fu_3150     |    0    |    9    |
|          |     add_ln58_747_fu_3160     |    0    |    11   |
|          |     add_ln58_748_fu_3180     |    0    |    12   |
|          |     add_ln58_749_fu_3200     |    0    |    9    |
|          |     add_ln58_752_fu_3209     |    0    |    10   |
|          |     add_ln58_753_fu_3225     |    0    |    11   |
|          |     add_ln58_754_fu_3240     |    0    |    11   |
|          |     add_ln58_755_fu_3259     |    0    |    14   |
|          |     add_ln58_756_fu_3269     |    0    |    14   |
|          |     add_ln58_757_fu_3279     |    0    |    15   |
|          |     add_ln58_758_fu_3289     |    0    |    11   |
|          |     add_ln58_765_fu_3308     |    0    |    11   |
|          |     add_ln58_766_fu_3318     |    0    |    11   |
|          |     add_ln58_767_fu_3328     |    0    |    7    |
|          |     add_ln58_768_fu_3334     |    0    |    8    |
|          |     add_ln58_769_fu_3344     |    0    |    15   |
|          |     add_ln58_770_fu_3354     |    0    |    11   |
|          |     add_ln58_779_fu_3377     |    0    |    13   |
|          |     add_ln58_780_fu_3389     |    0    |    8    |
|          |     add_ln58_781_fu_3398     |    0    |    11   |
|          |     add_ln58_782_fu_3414     |    0    |    14   |
|          |     add_ln58_783_fu_3422     |    0    |    14   |
|          |     add_ln58_784_fu_3432     |    0    |    14   |
|          |     add_ln58_785_fu_3442     |    0    |    15   |
|          |     add_ln58_786_fu_3452     |    0    |    11   |
|          |     add_ln58_794_fu_3471     |    0    |    11   |
|          |     add_ln58_795_fu_3487     |    0    |    11   |
|          |     add_ln58_796_fu_3502     |    0    |    14   |
|          |     add_ln58_797_fu_3511     |    0    |    14   |
|          |     add_ln58_798_fu_3521     |    0    |    11   |
|          |     add_ln58_799_fu_3540     |    0    |    10   |
|          |     add_ln58_800_fu_3545     |    0    |    14   |
|          |     add_ln58_801_fu_3563     |    0    |    10   |
|          |     add_ln58_802_fu_3573     |    0    |    13   |
|          |     add_ln58_803_fu_3596     |    0    |    11   |
|          |     add_ln58_804_fu_3602     |    0    |    14   |
|          |     add_ln58_805_fu_3612     |    0    |    14   |
|          |     add_ln58_806_fu_3622     |    0    |    15   |
|          |     add_ln58_807_fu_3632     |    0    |    14   |
|          |     add_ln58_808_fu_3642     |    0    |    11   |
|          |     add_ln58_809_fu_3652     |    0    |    12   |
|          |     add_ln58_814_fu_3675     |    0    |    13   |
|          |     add_ln58_815_fu_3691     |    0    |    8    |
|          |     add_ln58_816_fu_3701     |    0    |    11   |
|          |     add_ln58_817_fu_3716     |    0    |    14   |
|          |     add_ln58_818_fu_3726     |    0    |    14   |
|          |     add_ln58_819_fu_3734     |    0    |    14   |
|          |     add_ln58_820_fu_3744     |    0    |    14   |
|          |     add_ln58_821_fu_3754     |    0    |    15   |
|          |     add_ln58_822_fu_3764     |    0    |    11   |
|          |     add_ln58_829_fu_3787     |    0    |    13   |
|          |     add_ln58_830_fu_3811     |    0    |    11   |
|          |     add_ln58_831_fu_3817     |    0    |    14   |
|          |     add_ln58_832_fu_3825     |    0    |    14   |
|          |     add_ln58_833_fu_3835     |    0    |    14   |
|          |     add_ln58_834_fu_3845     |    0    |    14   |
|          |     add_ln58_835_fu_3855     |    0    |    15   |
|          |     add_ln58_836_fu_3865     |    0    |    11   |
|          |     add_ln58_837_fu_3892     |    0    |    11   |
|          |     add_ln58_838_fu_3912     |    0    |    14   |
|          |     add_ln58_839_fu_3922     |    0    |    15   |
|          |     add_ln58_840_fu_3932     |    0    |    11   |
|          |     add_ln58_841_fu_3942     |    0    |    14   |
|          |     add_ln58_842_fu_3951     |    0    |    13   |
|          |     add_ln58_843_fu_3963     |    0    |    8    |
|          |     add_ln58_844_fu_3973     |    0    |    11   |
|          |     add_ln58_845_fu_3982     |    0    |    15   |
|          |     add_ln58_849_fu_3995     |    0    |    14   |
|          |     add_ln58_850_fu_4005     |    0    |    11   |
|          |     add_ln58_851_fu_4025     |    0    |    12   |
|          |     add_ln58_852_fu_4041     |    0    |    12   |
|          |     add_ln58_853_fu_4051     |    0    |    9    |
|          |     add_ln58_854_fu_4061     |    0    |    10   |
|          |     add_ln58_855_fu_4067     |    0    |    14   |
|          |     add_ln58_856_fu_4076     |    0    |    14   |
|          |     add_ln58_857_fu_4086     |    0    |    11   |
|          |     add_ln58_858_fu_4109     |    0    |    14   |
|          |     add_ln58_859_fu_4133     |    0    |    11   |
|          |     add_ln58_860_fu_4162     |    0    |    14   |
|          |     add_ln58_861_fu_4171     |    0    |    15   |
|          |     add_ln58_862_fu_4181     |    0    |    11   |
|          |     add_ln58_863_fu_4207     |    0    |    12   |
|----------|------------------------------|---------|---------|
|          |        sub_ln73_fu_303       |    0    |    14   |
|          |      sub_ln73_59_fu_319      |    0    |    14   |
|          |        mult_84_fu_379        |    0    |    14   |
|          |        mult_85_fu_409        |    0    |    14   |
|          |        mult_89_fu_499        |    0    |    14   |
|          |        mult_91_fu_525        |    0    |    14   |
|          |      sub_ln73_60_fu_531      |    0    |    14   |
|          |      sub_ln73_61_fu_541      |    0    |    14   |
|          |      sub_ln73_77_fu_559      |    0    |    14   |
|          |      sub_ln73_62_fu_597      |    0    |    14   |
|          |        mult_93_fu_623        |    0    |    8    |
|          |      sub_ln73_79_fu_649      |    0    |    14   |
|          |      sub_ln73_63_fu_663      |    0    |    14   |
|          |      sub_ln73_65_fu_697      |    0    |    14   |
|          |      sub_ln73_66_fu_711      |    0    |    14   |
|          |      sub_ln58_17_fu_737      |    0    |    14   |
|          |      sub_ln58_18_fu_745      |    0    |    14   |
|          |      sub_ln58_19_fu_763      |    0    |    7    |
|          |      sub_ln58_20_fu_769      |    0    |    14   |
|          |      sub_ln58_21_fu_775      |    0    |    7    |
|          |      sub_ln58_22_fu_781      |    0    |    8    |
|          |      sub_ln58_348_fu_790     |    0    |    14   |
|          |      sub_ln58_277_fu_800     |    0    |    14   |
|          |      sub_ln58_349_fu_810     |    0    |    14   |
|          |      sub_ln58_23_fu_834      |    0    |    14   |
|          |      sub_ln58_350_fu_849     |    0    |    14   |
|          |      sub_ln58_278_fu_859     |    0    |    14   |
|          |      sub_ln58_279_fu_883     |    0    |    15   |
|          |        sub_ln58_fu_907       |    0    |    7    |
|          |      sub_ln58_351_fu_949     |    0    |    8    |
|          |      sub_ln58_280_fu_965     |    0    |    14   |
|          |      sub_ln58_281_fu_985     |    0    |    14   |
|          |     sub_ln58_282_fu_1005     |    0    |    8    |
|          |     sub_ln58_283_fu_1031     |    0    |    15   |
|          |     sub_ln58_284_fu_1043     |    0    |    14   |
|          |     sub_ln58_285_fu_1067     |    0    |    8    |
|          |     sub_ln58_286_fu_1073     |    0    |    14   |
|          |     sub_ln58_287_fu_1083     |    0    |    14   |
|          |     sub_ln58_288_fu_1111     |    0    |    8    |
|          |     sub_ln58_289_fu_1121     |    0    |    14   |
|          |     sub_ln58_290_fu_1145     |    0    |    14   |
|          |     sub_ln58_291_fu_1155     |    0    |    8    |
|          |     sub_ln58_352_fu_1223     |    0    |    8    |
|          |     sub_ln58_292_fu_1253     |    0    |    14   |
|          |     sub_ln58_293_fu_1267     |    0    |    14   |
|          |     sub_ln58_294_fu_1279     |    0    |    7    |
|          |     sub_ln58_295_fu_1309     |    0    |    14   |
|          |     sub_ln58_296_fu_1315     |    0    |    14   |
|          |     sub_ln58_297_fu_1377     |    0    |    14   |
|          |     sub_ln58_298_fu_1413     |    0    |    14   |
|          |     sub_ln58_300_fu_1449     |    0    |    14   |
|          |     sub_ln58_353_fu_1483     |    0    |    14   |
|          |     sub_ln58_301_fu_1541     |    0    |    7    |
|          |     sub_ln58_302_fu_1547     |    0    |    14   |
|          |     sub_ln58_303_fu_1596     |    0    |    8    |
|          |     sub_ln58_304_fu_1602     |    0    |    14   |
|          |     sub_ln58_305_fu_1622     |    0    |    14   |
|          |     sub_ln58_354_fu_1636     |    0    |    15   |
|          |     sub_ln58_306_fu_1652     |    0    |    14   |
|          |     sub_ln58_307_fu_1662     |    0    |    14   |
|          |     sub_ln58_356_fu_1712     |    0    |    15   |
|          |     sub_ln58_359_fu_1766     |    0    |    15   |
|          |     sub_ln58_319_fu_1798     |    0    |    14   |
|          |     sub_ln58_366_fu_1880     |    0    |    8    |
|          |     sub_ln58_326_fu_1966     |    0    |    8    |
|          |     sub_ln58_368_fu_2002     |    0    |    14   |
|          |     sub_ln58_327_fu_2018     |    0    |    14   |
|          |     sub_ln58_371_fu_2058     |    0    |    8    |
|          |     sub_ln58_372_fu_2074     |    0    |    14   |
|          |     sub_ln58_332_fu_2094     |    0    |    7    |
|    sub   |     sub_ln58_333_fu_2100     |    0    |    14   |
|          |     sub_ln58_373_fu_2130     |    0    |    8    |
|          |     sub_ln58_337_fu_2136     |    0    |    14   |
|          |     sub_ln58_338_fu_2172     |    0    |    14   |
|          |     sub_ln58_343_fu_2208     |    0    |    14   |
|          |      sub_ln73_64_fu_2261     |    0    |    14   |
|          |      sub_ln73_80_fu_2311     |    0    |    14   |
|          |        mult_96_fu_2328       |    0    |    15   |
|          |      sub_ln73_82_fu_2352     |    0    |    14   |
|          |      sub_ln73_67_fu_2358     |    0    |    14   |
|          |      sub_ln73_68_fu_2369     |    0    |    14   |
|          |      sub_ln73_69_fu_2389     |    0    |    14   |
|          |      sub_ln73_70_fu_2397     |    0    |    14   |
|          |      sub_ln73_71_fu_2418     |    0    |    14   |
|          |        mult_99_fu_2464       |    0    |    15   |
|          |      sub_ln73_84_fu_2478     |    0    |    14   |
|          |      sub_ln73_72_fu_2484     |    0    |    14   |
|          |       mult_100_fu_2490       |    0    |    8    |
|          |       mult_101_fu_2508       |    0    |    14   |
|          |       mult_102_fu_2538       |    0    |    14   |
|          |     sub_ln58_299_fu_2582     |    0    |    14   |
|          |     sub_ln58_355_fu_2658     |    0    |    13   |
|          |     sub_ln58_308_fu_2664     |    0    |    14   |
|          |     sub_ln58_309_fu_2698     |    0    |    14   |
|          |     sub_ln58_357_fu_2769     |    0    |    15   |
|          |     sub_ln58_310_fu_2785     |    0    |    14   |
|          |     sub_ln58_311_fu_2794     |    0    |    14   |
|          |     sub_ln58_312_fu_2824     |    0    |    7    |
|          |     sub_ln58_358_fu_2895     |    0    |    14   |
|          |     sub_ln58_313_fu_2911     |    0    |    14   |
|          |     sub_ln58_360_fu_2957     |    0    |    15   |
|          |     sub_ln58_314_fu_2977     |    0    |    14   |
|          |     sub_ln58_361_fu_2990     |    0    |    15   |
|          |     sub_ln58_315_fu_3006     |    0    |    14   |
|          |     sub_ln58_316_fu_3015     |    0    |    14   |
|          |     sub_ln58_362_fu_3080     |    0    |    13   |
|          |     sub_ln58_363_fu_3086     |    0    |    14   |
|          |     sub_ln58_364_fu_3095     |    0    |    15   |
|          |     sub_ln58_317_fu_3114     |    0    |    14   |
|          |     sub_ln58_318_fu_3170     |    0    |    14   |
|          |     sub_ln58_365_fu_3190     |    0    |    14   |
|          |     sub_ln58_320_fu_3219     |    0    |    10   |
|          |     sub_ln58_321_fu_3231     |    0    |    14   |
|          |     sub_ln58_322_fu_3250     |    0    |    14   |
|          |     sub_ln58_323_fu_3302     |    0    |    10   |
|          |     sub_ln58_367_fu_3367     |    0    |    14   |
|          |     sub_ln58_324_fu_3383     |    0    |    7    |
|          |     sub_ln58_325_fu_3404     |    0    |    14   |
|          |     sub_ln58_328_fu_3465     |    0    |    10   |
|          |     sub_ln58_329_fu_3477     |    0    |    14   |
|          |     sub_ln58_330_fu_3493     |    0    |    14   |
|          |     sub_ln58_369_fu_3531     |    0    |    14   |
|          |     sub_ln58_331_fu_3553     |    0    |    14   |
|          |     sub_ln58_370_fu_3586     |    0    |    15   |
|          |     sub_ln58_334_fu_3665     |    0    |    14   |
|          |     sub_ln58_335_fu_3685     |    0    |    7    |
|          |     sub_ln58_336_fu_3707     |    0    |    14   |
|          |     sub_ln58_374_fu_3777     |    0    |    14   |
|          |     sub_ln58_339_fu_3793     |    0    |    14   |
|          |     sub_ln58_340_fu_3802     |    0    |    14   |
|          |     sub_ln58_375_fu_3882     |    0    |    13   |
|          |     sub_ln58_341_fu_3902     |    0    |    14   |
|          |     sub_ln58_342_fu_3957     |    0    |    7    |
|          |     sub_ln58_344_fu_4019     |    0    |    12   |
|          |     sub_ln58_345_fu_4031     |    0    |    14   |
|          |     sub_ln58_376_fu_4103     |    0    |    13   |
|          |     sub_ln58_377_fu_4123     |    0    |    15   |
|          |     sub_ln58_346_fu_4143     |    0    |    14   |
|          |     sub_ln58_347_fu_4153     |    0    |    14   |
|          |     sub_ln58_378_fu_4191     |    0    |    11   |
|          |     sub_ln58_379_fu_4197     |    0    |    14   |
|----------|------------------------------|---------|---------|
|          |  data_1_val_read_read_fu_94  |    0    |    0    |
|          |  data_0_val_read_read_fu_100 |    0    |    0    |
|          | data_26_val_read_read_fu_106 |    0    |    0    |
|          | data_25_val_read_read_fu_112 |    0    |    0    |
|          | data_24_val_read_read_fu_118 |    0    |    0    |
|          | data_23_val_read_read_fu_124 |    0    |    0    |
|          | data_22_val_read_read_fu_130 |    0    |    0    |
|          | data_21_val_read_read_fu_136 |    0    |    0    |
|          | data_20_val_read_read_fu_142 |    0    |    0    |
|          | data_19_val_read_read_fu_148 |    0    |    0    |
|          | data_18_val_read_read_fu_154 |    0    |    0    |
|          | data_17_val_read_read_fu_160 |    0    |    0    |
|          | data_16_val_read_read_fu_166 |    0    |    0    |
|          | data_15_val_read_read_fu_172 |    0    |    0    |
|          | data_14_val_read_read_fu_178 |    0    |    0    |
|   read   | data_13_val_read_read_fu_184 |    0    |    0    |
|          | data_12_val_read_read_fu_190 |    0    |    0    |
|          | data_11_val_read_read_fu_196 |    0    |    0    |
|          | data_10_val_read_read_fu_202 |    0    |    0    |
|          |  data_9_val_read_read_fu_208 |    0    |    0    |
|          |  data_8_val_read_read_fu_214 |    0    |    0    |
|          |  data_7_val_read_read_fu_220 |    0    |    0    |
|          |  data_6_val_read_read_fu_226 |    0    |    0    |
|          |  data_5_val_read_read_fu_232 |    0    |    0    |
|          |  data_4_val_read_read_fu_238 |    0    |    0    |
|          |  data_3_val_read_read_fu_244 |    0    |    0    |
|          |  data_2_val_read_read_fu_250 |    0    |    0    |
|          | data_31_val_read_read_fu_256 |    0    |    0    |
|          | data_30_val_read_read_fu_262 |    0    |    0    |
|          | data_29_val_read_read_fu_268 |    0    |    0    |
|          | data_28_val_read_read_fu_274 |    0    |    0    |
|          | data_27_val_read_read_fu_280 |    0    |    0    |
|----------|------------------------------|---------|---------|
|          |      sext_ln73_19_fu_286     |    0    |    0    |
|          |     sext_ln17_152_fu_290     |    0    |    0    |
|          |       sext_ln73_fu_300       |    0    |    0    |
|          |       sext_ln17_fu_315       |    0    |    0    |
|          |     sext_ln17_151_fu_325     |    0    |    0    |
|          |     sext_ln17_153_fu_335     |    0    |    0    |
|          |      sext_ln73_20_fu_339     |    0    |    0    |
|          |      sext_ln73_21_fu_343     |    0    |    0    |
|          |      sext_ln73_28_fu_355     |    0    |    0    |
|          |      sext_ln73_23_fu_359     |    0    |    0    |
|          |       sext_ln42_fu_371       |    0    |    0    |
|          |     sext_ln17_154_fu_375     |    0    |    0    |
|          |     sext_ln17_155_fu_385     |    0    |    0    |
|          |       sext_ln70_fu_389       |    0    |    0    |
|          |     sext_ln17_156_fu_393     |    0    |    0    |
|          |      sext_ln70_29_fu_397     |    0    |    0    |
|          |     sext_ln17_157_fu_401     |    0    |    0    |
|          |     sext_ln17_158_fu_405     |    0    |    0    |
|          |     sext_ln17_159_fu_415     |    0    |    0    |
|          |     sext_ln17_160_fu_419     |    0    |    0    |
|          |     sext_ln17_161_fu_423     |    0    |    0    |
|          |     sext_ln17_162_fu_427     |    0    |    0    |
|          |     sext_ln17_163_fu_439     |    0    |    0    |
|          |     sext_ln17_164_fu_443     |    0    |    0    |
|          |     sext_ln17_165_fu_447     |    0    |    0    |
|          |      sext_ln73_24_fu_451     |    0    |    0    |
|          |     sext_ln17_166_fu_463     |    0    |    0    |
|          |      sext_ln70_30_fu_467     |    0    |    0    |
|          |     sext_ln17_167_fu_471     |    0    |    0    |
|          |     sext_ln17_168_fu_475     |    0    |    0    |
|          |     sext_ln17_169_fu_479     |    0    |    0    |
|          |     sext_ln17_170_fu_491     |    0    |    0    |
|          |     sext_ln17_171_fu_495     |    0    |    0    |
|          |     sext_ln17_172_fu_505     |    0    |    0    |
|          |      sext_ln73_27_fu_509     |    0    |    0    |
|          |     sext_ln17_173_fu_521     |    0    |    0    |
|          |      sext_ln73_29_fu_537     |    0    |    0    |
|          |      sext_ln73_65_fu_555     |    0    |    0    |
|          |      sext_ln73_30_fu_565     |    0    |    0    |
|          |      sext_ln73_31_fu_569     |    0    |    0    |
|          |      sext_ln73_66_fu_581     |    0    |    0    |
|          |      sext_ln73_32_fu_585     |    0    |    0    |
|          |      sext_ln73_33_fu_589     |    0    |    0    |
|          |      sext_ln73_34_fu_593     |    0    |    0    |
|          |      sext_ln73_67_fu_619     |    0    |    0    |
|          |      sext_ln73_35_fu_629     |    0    |    0    |
|          |      sext_ln73_36_fu_633     |    0    |    0    |
|          |      sext_ln73_68_fu_645     |    0    |    0    |
|          |      sext_ln73_37_fu_655     |    0    |    0    |
|          |      sext_ln73_38_fu_659     |    0    |    0    |
|          |      sext_ln73_39_fu_669     |    0    |    0    |
|          |      sext_ln73_69_fu_681     |    0    |    0    |
|          |      sext_ln73_41_fu_685     |    0    |    0    |
|          |      sext_ln73_42_fu_689     |    0    |    0    |
|          |      sext_ln73_43_fu_693     |    0    |    0    |
|          |      sext_ln73_44_fu_703     |    0    |    0    |
|          |      sext_ln73_46_fu_707     |    0    |    0    |
|          |      sext_ln73_47_fu_717     |    0    |    0    |
|          |      sext_ln73_50_fu_721     |    0    |    0    |
|          |      sext_ln73_54_fu_733     |    0    |    0    |
|          |       sext_ln58_fu_741       |    0    |    0    |
|          |     sext_ln58_167_fu_749     |    0    |    0    |
|          |     sext_ln58_169_fu_759     |    0    |    0    |
|          |     sext_ln58_171_fu_787     |    0    |    0    |
|          |     sext_ln58_172_fu_796     |    0    |    0    |
|          |     sext_ln58_173_fu_806     |    0    |    0    |
|          |     sext_ln58_178_fu_839     |    0    |    0    |
|          |     sext_ln58_179_fu_855     |    0    |    0    |
|          |     sext_ln58_779_fu_865     |    0    |    0    |
|          |     sext_ln58_780_fu_875     |    0    |    0    |
|          |     sext_ln58_781_fu_879     |    0    |    0    |
|          |     sext_ln58_782_fu_931     |    0    |    0    |
|          |     sext_ln58_803_fu_941     |    0    |    0    |
|          |     sext_ln58_806_fu_945     |    0    |    0    |
|          |     sext_ln58_783_fu_961     |    0    |    0    |
|          |     sext_ln58_784_fu_971     |    0    |    0    |
|          |     sext_ln58_186_fu_981     |    0    |    0    |
|          |     sext_ln58_785_fu_991     |    0    |    0    |
|          |     sext_ln58_786_fu_1001    |    0    |    0    |
|          |     sext_ln58_787_fu_1017    |    0    |    0    |
|          |     sext_ln58_788_fu_1027    |    0    |    0    |
|          |     sext_ln58_789_fu_1049    |    0    |    0    |
|          |     sext_ln58_189_fu_1059    |    0    |    0    |
|          |     sext_ln58_790_fu_1063    |    0    |    0    |
|          |     sext_ln58_791_fu_1079    |    0    |    0    |
|          |     sext_ln58_792_fu_1089    |    0    |    0    |
|          |     sext_ln58_190_fu_1099    |    0    |    0    |
|          |     sext_ln58_793_fu_1103    |    0    |    0    |
|          |     sext_ln58_794_fu_1107    |    0    |    0    |
|          |     sext_ln58_795_fu_1117    |    0    |    0    |
|          |     sext_ln58_796_fu_1127    |    0    |    0    |
|          |     sext_ln58_191_fu_1137    |    0    |    0    |
|          |     sext_ln58_797_fu_1141    |    0    |    0    |
|          |     sext_ln58_798_fu_1151    |    0    |    0    |
|          |     sext_ln58_799_fu_1167    |    0    |    0    |
|          |     sext_ln58_800_fu_1189    |    0    |    0    |
|          |     sext_ln58_194_fu_1199    |    0    |    0    |
|          |     sext_ln58_801_fu_1203    |    0    |    0    |
|          |     sext_ln58_802_fu_1207    |    0    |    0    |
|          |     sext_ln58_198_fu_1211    |    0    |    0    |
|          |     sext_ln58_808_fu_1215    |    0    |    0    |
|          |     sext_ln58_809_fu_1219    |    0    |    0    |
|          |     sext_ln58_804_fu_1235    |    0    |    0    |
|          |     sext_ln58_201_fu_1245    |    0    |    0    |
|          |     sext_ln58_805_fu_1249    |    0    |    0    |
|          |     sext_ln58_203_fu_1259    |    0    |    0    |
|          |     sext_ln58_807_fu_1263    |    0    |    0    |
|          |     sext_ln58_810_fu_1291    |    0    |    0    |
|          |     sext_ln58_811_fu_1301    |    0    |    0    |
|          |     sext_ln58_812_fu_1305    |    0    |    0    |
|          |     sext_ln58_813_fu_1321    |    0    |    0    |
|          |     sext_ln58_814_fu_1331    |    0    |    0    |
|          |     sext_ln58_815_fu_1341    |    0    |    0    |
|          |     sext_ln58_816_fu_1351    |    0    |    0    |
|          |     sext_ln58_817_fu_1373    |    0    |    0    |
|          |     sext_ln58_818_fu_1383    |    0    |    0    |
|          |     sext_ln58_819_fu_1393    |    0    |    0    |
|          |     sext_ln58_820_fu_1403    |    0    |    0    |
|          |     sext_ln58_821_fu_1419    |    0    |    0    |
|          |     sext_ln58_822_fu_1429    |    0    |    0    |
|          |     sext_ln58_823_fu_1439    |    0    |    0    |
|          |     sext_ln58_831_fu_1455    |    0    |    0    |
|          |     sext_ln58_832_fu_1465    |    0    |    0    |
|          |     sext_ln58_834_fu_1475    |    0    |    0    |
|          |     sext_ln58_836_fu_1479    |    0    |    0    |
|          |     sext_ln58_837_fu_1489    |    0    |    0    |
|          |     sext_ln58_838_fu_1505    |    0    |    0    |
|          |     sext_ln58_839_fu_1515    |    0    |    0    |
|          |     sext_ln58_842_fu_1531    |    0    |    0    |
|          |     sext_ln58_843_fu_1553    |    0    |    0    |
|          |     sext_ln58_844_fu_1563    |    0    |    0    |
|          |     sext_ln58_845_fu_1573    |    0    |    0    |
|          |     sext_ln58_277_fu_1582    |    0    |    0    |
|          |     sext_ln58_852_fu_1592    |    0    |    0    |
|          |     sext_ln58_853_fu_1608    |    0    |    0    |
|          |     sext_ln58_854_fu_1618    |    0    |    0    |
|          |     sext_ln58_855_fu_1628    |    0    |    0    |
|          |     sext_ln58_856_fu_1632    |    0    |    0    |
|          |     sext_ln58_857_fu_1642    |    0    |    0    |
|          |     sext_ln58_858_fu_1658    |    0    |    0    |
|          |     sext_ln58_859_fu_1668    |    0    |    0    |
|          |     sext_ln58_870_fu_1690    |    0    |    0    |
|          |     sext_ln58_293_fu_1700    |    0    |    0    |
|          |     sext_ln58_871_fu_1704    |    0    |    0    |
|          |     sext_ln58_872_fu_1708    |    0    |    0    |
|          |     sext_ln58_873_fu_1718    |    0    |    0    |
|          |     sext_ln58_874_fu_1734    |    0    |    0    |
|          |     sext_ln58_875_fu_1744    |    0    |    0    |
|          |     sext_ln58_891_fu_1754    |    0    |    0    |
|          |     sext_ln58_895_fu_1758    |    0    |    0    |
|          |     sext_ln58_896_fu_1762    |    0    |    0    |
|          |     sext_ln58_897_fu_1772    |    0    |    0    |
|          |     sext_ln58_898_fu_1788    |    0    |    0    |
|          |     sext_ln58_919_fu_1804    |    0    |    0    |
|          |     sext_ln58_920_fu_1814    |    0    |    0    |
|          |     sext_ln58_929_fu_1830    |    0    |    0    |
|          |     sext_ln58_930_fu_1846    |    0    |    0    |
|          |     sext_ln58_931_fu_1856    |    0    |    0    |
|          |     sext_ln58_932_fu_1866    |    0    |    0    |
|          |    sext_ln58_1026_fu_1876    |    0    |    0    |
|          |     sext_ln58_938_fu_1892    |    0    |    0    |
|          |     sext_ln58_308_fu_1902    |    0    |    0    |
|          |     sext_ln58_939_fu_1912    |    0    |    0    |
|          |     sext_ln58_940_fu_1928    |    0    |    0    |
|          |     sext_ln58_941_fu_1938    |    0    |    0    |
|          |     sext_ln58_942_fu_1948    |    0    |    0    |
|          |     sext_ln58_950_fu_1958    |    0    |    0    |
|          |     sext_ln58_951_fu_1962    |    0    |    0    |
|          |     sext_ln58_952_fu_1978    |    0    |    0    |
|          |     sext_ln58_953_fu_1988    |    0    |    0    |
|          |     sext_ln58_311_fu_1998    |    0    |    0    |
|          |     sext_ln58_954_fu_2008    |    0    |    0    |
|          |     sext_ln58_955_fu_2024    |    0    |    0    |
|          |     sext_ln58_956_fu_2034    |    0    |    0    |
|          |     sext_ln58_957_fu_2044    |    0    |    0    |
|          |    sext_ln58_1029_fu_2054    |    0    |    0    |
|          |     sext_ln58_317_fu_2070    |    0    |    0    |
|          |     sext_ln58_971_fu_2080    |    0    |    0    |
|          |     sext_ln58_972_fu_2090    |    0    |    0    |
|          |     sext_ln58_973_fu_2106    |    0    |    0    |
|          |     sext_ln58_974_fu_2116    |    0    |    0    |
|          |    sext_ln58_1030_fu_2126    |    0    |    0    |
|          |     sext_ln58_985_fu_2142    |    0    |    0    |
|          |     sext_ln58_320_fu_2152    |    0    |    0    |
|          |     sext_ln58_986_fu_2162    |    0    |    0    |
|          |     sext_ln58_987_fu_2178    |    0    |    0    |
|          |     sext_ln58_988_fu_2188    |    0    |    0    |
|          |     sext_ln58_989_fu_2198    |    0    |    0    |
|          |    sext_ln58_1008_fu_2220    |    0    |    0    |
|          |    sext_ln58_1009_fu_2230    |    0    |    0    |
|          |     sext_ln73_40_fu_2247     |    0    |    0    |
|          |     sext_ln73_70_fu_2257     |    0    |    0    |
|          |     sext_ln73_45_fu_2273     |    0    |    0    |
|          |     sext_ln73_71_fu_2283     |    0    |    0    |
|          |     sext_ln73_48_fu_2294     |    0    |    0    |
|          |     sext_ln73_49_fu_2297     |    0    |    0    |
|          |     sext_ln73_72_fu_2307     |    0    |    0    |
|          |     sext_ln73_73_fu_2324     |    0    |    0    |
|          |     sext_ln17_174_fu_2334    |    0    |    0    |
|          |     sext_ln73_51_fu_2338     |    0    |    0    |
|          |     sext_ln73_74_fu_2348     |    0    |    0    |
|   sext   |     sext_ln73_52_fu_2363     |    0    |    0    |
|          |     sext_ln73_53_fu_2366     |    0    |    0    |
|          |     sext_ln73_55_fu_2375     |    0    |    0    |
|          |     sext_ln73_75_fu_2385     |    0    |    0    |
|          |     sext_ln73_56_fu_2394     |    0    |    0    |
|          |     sext_ln73_57_fu_2410     |    0    |    0    |
|          |     sext_ln73_58_fu_2414     |    0    |    0    |
|          |     sext_ln73_59_fu_2432     |    0    |    0    |
|          |     sext_ln73_60_fu_2436     |    0    |    0    |
|          |     sext_ln73_61_fu_2440     |    0    |    0    |
|          |     sext_ln73_76_fu_2460     |    0    |    0    |
|          |     sext_ln17_175_fu_2470    |    0    |    0    |
|          |     sext_ln73_77_fu_2474     |    0    |    0    |
|          |     sext_ln73_62_fu_2496     |    0    |    0    |
|          |     sext_ln73_63_fu_2514     |    0    |    0    |
|          |     sext_ln73_64_fu_2518     |    0    |    0    |
|          |     sext_ln17_176_fu_2522    |    0    |    0    |
|          |     sext_ln73_78_fu_2534     |    0    |    0    |
|          |     sext_ln17_177_fu_2544    |    0    |    0    |
|          |     sext_ln58_207_fu_2548    |    0    |    0    |
|          |     sext_ln58_211_fu_2551    |    0    |    0    |
|          |     sext_ln58_824_fu_2554    |    0    |    0    |
|          |     sext_ln58_825_fu_2558    |    0    |    0    |
|          |     sext_ln58_826_fu_2562    |    0    |    0    |
|          |     sext_ln58_234_fu_2566    |    0    |    0    |
|          |     sext_ln58_827_fu_2569    |    0    |    0    |
|          |     sext_ln58_239_fu_2573    |    0    |    0    |
|          |     sext_ln58_828_fu_2576    |    0    |    0    |
|          |     sext_ln58_829_fu_2579    |    0    |    0    |
|          |     sext_ln58_830_fu_2588    |    0    |    0    |
|          |     sext_ln58_833_fu_2597    |    0    |    0    |
|          |     sext_ln58_246_fu_2606    |    0    |    0    |
|          |     sext_ln58_256_fu_2610    |    0    |    0    |
|          |     sext_ln58_835_fu_2613    |    0    |    0    |
|          |     sext_ln58_258_fu_2616    |    0    |    0    |
|          |     sext_ln58_840_fu_2619    |    0    |    0    |
|          |     sext_ln58_841_fu_2623    |    0    |    0    |
|          |     sext_ln58_846_fu_2627    |    0    |    0    |
|          |     sext_ln58_847_fu_2631    |    0    |    0    |
|          |     sext_ln58_848_fu_2635    |    0    |    0    |
|          |     sext_ln58_849_fu_2639    |    0    |    0    |
|          |     sext_ln58_850_fu_2643    |    0    |    0    |
|          |     sext_ln58_851_fu_2647    |    0    |    0    |
|          |     sext_ln58_860_fu_2651    |    0    |    0    |
|          |     sext_ln58_861_fu_2655    |    0    |    0    |
|          |     sext_ln58_862_fu_2670    |    0    |    0    |
|          |     sext_ln58_863_fu_2680    |    0    |    0    |
|          |     sext_ln58_864_fu_2694    |    0    |    0    |
|          |     sext_ln58_865_fu_2704    |    0    |    0    |
|          |     sext_ln58_866_fu_2713    |    0    |    0    |
|          |     sext_ln58_867_fu_2723    |    0    |    0    |
|          |     sext_ln58_868_fu_2733    |    0    |    0    |
|          |     sext_ln58_281_fu_2743    |    0    |    0    |
|          |     sext_ln58_284_fu_2747    |    0    |    0    |
|          |     sext_ln58_869_fu_2751    |    0    |    0    |
|          |     sext_ln58_290_fu_2755    |    0    |    0    |
|          |     sext_ln58_294_fu_2759    |    0    |    0    |
|          |     sext_ln58_876_fu_2762    |    0    |    0    |
|          |     sext_ln58_877_fu_2765    |    0    |    0    |
|          |     sext_ln58_878_fu_2775    |    0    |    0    |
|          |     sext_ln58_879_fu_2790    |    0    |    0    |
|          |     sext_ln58_880_fu_2800    |    0    |    0    |
|          |     sext_ln58_881_fu_2810    |    0    |    0    |
|          |     sext_ln58_882_fu_2820    |    0    |    0    |
|          |     sext_ln58_883_fu_2836    |    0    |    0    |
|          |     sext_ln58_884_fu_2844    |    0    |    0    |
|          |     sext_ln58_885_fu_2853    |    0    |    0    |
|          |     sext_ln58_886_fu_2863    |    0    |    0    |
|          |     sext_ln58_887_fu_2873    |    0    |    0    |
|          |     sext_ln58_295_fu_2883    |    0    |    0    |
|          |     sext_ln58_888_fu_2887    |    0    |    0    |
|          |     sext_ln58_889_fu_2891    |    0    |    0    |
|          |     sext_ln58_890_fu_2901    |    0    |    0    |
|          |     sext_ln58_892_fu_2916    |    0    |    0    |
|          |     sext_ln58_893_fu_2926    |    0    |    0    |
|          |     sext_ln58_894_fu_2936    |    0    |    0    |
|          |     sext_ln58_299_fu_2946    |    0    |    0    |
|          |     sext_ln58_300_fu_2950    |    0    |    0    |
|          |     sext_ln58_899_fu_2953    |    0    |    0    |
|          |     sext_ln58_900_fu_2963    |    0    |    0    |
|          |     sext_ln58_901_fu_2973    |    0    |    0    |
|          |     sext_ln58_902_fu_2982    |    0    |    0    |
|          |     sext_ln58_910_fu_2986    |    0    |    0    |
|          |     sext_ln58_903_fu_2996    |    0    |    0    |
|          |     sext_ln58_904_fu_3011    |    0    |    0    |
|          |     sext_ln58_905_fu_3021    |    0    |    0    |
|          |     sext_ln58_906_fu_3029    |    0    |    0    |
|          |     sext_ln58_907_fu_3039    |    0    |    0    |
|          |     sext_ln58_908_fu_3049    |    0    |    0    |
|          |     sext_ln58_909_fu_3059    |    0    |    0    |
|          |     sext_ln58_301_fu_3069    |    0    |    0    |
|          |     sext_ln58_975_fu_3073    |    0    |    0    |
|          |    sext_ln58_1004_fu_3077    |    0    |    0    |
|          |    sext_ln58_1018_fu_3091    |    0    |    0    |
|          |     sext_ln58_911_fu_3101    |    0    |    0    |
|          |     sext_ln58_912_fu_3111    |    0    |    0    |
|          |     sext_ln58_913_fu_3120    |    0    |    0    |
|          |     sext_ln58_914_fu_3136    |    0    |    0    |
|          |     sext_ln58_915_fu_3146    |    0    |    0    |
|          |     sext_ln58_916_fu_3156    |    0    |    0    |
|          |     sext_ln58_302_fu_3166    |    0    |    0    |
|          |     sext_ln58_917_fu_3176    |    0    |    0    |
|          |     sext_ln58_303_fu_3186    |    0    |    0    |
|          |     sext_ln58_918_fu_3196    |    0    |    0    |
|          |     sext_ln58_921_fu_3206    |    0    |    0    |
|          |     sext_ln58_922_fu_3215    |    0    |    0    |
|          |     sext_ln58_923_fu_3236    |    0    |    0    |
|          |     sext_ln58_924_fu_3246    |    0    |    0    |
|          |     sext_ln58_925_fu_3255    |    0    |    0    |
|          |     sext_ln58_926_fu_3265    |    0    |    0    |
|          |     sext_ln58_927_fu_3275    |    0    |    0    |
|          |     sext_ln58_928_fu_3285    |    0    |    0    |
|          |     sext_ln58_305_fu_3295    |    0    |    0    |
|          |     sext_ln58_933_fu_3299    |    0    |    0    |
|          |     sext_ln58_934_fu_3314    |    0    |    0    |
|          |     sext_ln58_935_fu_3324    |    0    |    0    |
|          |     sext_ln58_936_fu_3340    |    0    |    0    |
|          |     sext_ln58_937_fu_3350    |    0    |    0    |
|          |     sext_ln58_307_fu_3360    |    0    |    0    |
|          |     sext_ln58_309_fu_3364    |    0    |    0    |
|          |     sext_ln58_943_fu_3373    |    0    |    0    |
|          |     sext_ln58_944_fu_3394    |    0    |    0    |
|          |     sext_ln58_945_fu_3410    |    0    |    0    |
|          |     sext_ln58_946_fu_3418    |    0    |    0    |
|          |     sext_ln58_947_fu_3428    |    0    |    0    |
|          |     sext_ln58_948_fu_3438    |    0    |    0    |
|          |     sext_ln58_949_fu_3448    |    0    |    0    |
|          |     sext_ln58_310_fu_3458    |    0    |    0    |
|          |     sext_ln58_958_fu_3462    |    0    |    0    |
|          |     sext_ln58_959_fu_3483    |    0    |    0    |
|          |     sext_ln58_960_fu_3498    |    0    |    0    |
|          |     sext_ln58_961_fu_3507    |    0    |    0    |
|          |     sext_ln58_962_fu_3517    |    0    |    0    |
|          |     sext_ln58_313_fu_3527    |    0    |    0    |
|          |     sext_ln58_963_fu_3536    |    0    |    0    |
|          |     sext_ln58_964_fu_3549    |    0    |    0    |
|          |     sext_ln58_965_fu_3559    |    0    |    0    |
|          |     sext_ln58_314_fu_3569    |    0    |    0    |
|          |    sext_ln58_1027_fu_3579    |    0    |    0    |
|          |    sext_ln58_1028_fu_3582    |    0    |    0    |
|          |     sext_ln58_966_fu_3592    |    0    |    0    |
|          |     sext_ln58_967_fu_3608    |    0    |    0    |
|          |     sext_ln58_968_fu_3618    |    0    |    0    |
|          |     sext_ln58_969_fu_3628    |    0    |    0    |
|          |     sext_ln58_970_fu_3638    |    0    |    0    |
|          |     sext_ln58_315_fu_3648    |    0    |    0    |
|          |     sext_ln58_316_fu_3658    |    0    |    0    |
|          |     sext_ln58_318_fu_3662    |    0    |    0    |
|          |     sext_ln58_976_fu_3671    |    0    |    0    |
|          |     sext_ln58_977_fu_3681    |    0    |    0    |
|          |     sext_ln58_978_fu_3697    |    0    |    0    |
|          |     sext_ln58_979_fu_3712    |    0    |    0    |
|          |     sext_ln58_980_fu_3722    |    0    |    0    |
|          |     sext_ln58_981_fu_3730    |    0    |    0    |
|          |     sext_ln58_982_fu_3740    |    0    |    0    |
|          |     sext_ln58_983_fu_3750    |    0    |    0    |
|          |     sext_ln58_984_fu_3760    |    0    |    0    |
|          |     sext_ln58_319_fu_3770    |    0    |    0    |
|          |     sext_ln58_321_fu_3774    |    0    |    0    |
|          |     sext_ln58_990_fu_3783    |    0    |    0    |
|          |     sext_ln58_991_fu_3798    |    0    |    0    |
|          |     sext_ln58_992_fu_3807    |    0    |    0    |
|          |     sext_ln58_993_fu_3821    |    0    |    0    |
|          |     sext_ln58_994_fu_3831    |    0    |    0    |
|          |     sext_ln58_995_fu_3841    |    0    |    0    |
|          |     sext_ln58_996_fu_3851    |    0    |    0    |
|          |     sext_ln58_997_fu_3861    |    0    |    0    |
|          |     sext_ln58_322_fu_3871    |    0    |    0    |
|          |    sext_ln58_1031_fu_3875    |    0    |    0    |
|          |    sext_ln58_1032_fu_3879    |    0    |    0    |
|          |     sext_ln58_998_fu_3888    |    0    |    0    |
|          |     sext_ln58_999_fu_3898    |    0    |    0    |
|          |    sext_ln58_1000_fu_3908    |    0    |    0    |
|          |    sext_ln58_1001_fu_3918    |    0    |    0    |
|          |    sext_ln58_1002_fu_3928    |    0    |    0    |
|          |     sext_ln58_323_fu_3938    |    0    |    0    |
|          |    sext_ln58_1003_fu_3947    |    0    |    0    |
|          |    sext_ln58_1005_fu_3969    |    0    |    0    |
|          |    sext_ln58_1006_fu_3979    |    0    |    0    |
|          |    sext_ln58_1007_fu_3988    |    0    |    0    |
|          |    sext_ln58_1010_fu_3992    |    0    |    0    |
|          |    sext_ln58_1011_fu_4001    |    0    |    0    |
|          |    sext_ln58_1012_fu_4011    |    0    |    0    |
|          |    sext_ln58_1013_fu_4015    |    0    |    0    |
|          |    sext_ln58_1014_fu_4037    |    0    |    0    |
|          |     sext_ln58_325_fu_4047    |    0    |    0    |
|          |    sext_ln58_1015_fu_4057    |    0    |    0    |
|          |    sext_ln58_1016_fu_4072    |    0    |    0    |
|          |    sext_ln58_1017_fu_4082    |    0    |    0    |
|          |     sext_ln58_326_fu_4092    |    0    |    0    |
|          |    sext_ln58_1033_fu_4096    |    0    |    0    |
|          |    sext_ln58_1034_fu_4100    |    0    |    0    |
|          |    sext_ln58_1035_fu_4115    |    0    |    0    |
|          |    sext_ln58_1036_fu_4119    |    0    |    0    |
|          |    sext_ln58_1019_fu_4129    |    0    |    0    |
|          |    sext_ln58_1020_fu_4139    |    0    |    0    |
|          |    sext_ln58_1021_fu_4149    |    0    |    0    |
|          |    sext_ln58_1022_fu_4158    |    0    |    0    |
|          |    sext_ln58_1023_fu_4167    |    0    |    0    |
|          |    sext_ln58_1024_fu_4177    |    0    |    0    |
|          |    sext_ln58_1037_fu_4187    |    0    |    0    |
|          |    sext_ln58_1025_fu_4203    |    0    |    0    |
|          |       sext_ln68_fu_4213      |    0    |    0    |
|----------|------------------------------|---------|---------|
|          |          mult_fu_308         |    0    |    0    |
|          |        mult_81_fu_328        |    0    |    0    |
|          |        mult_82_fu_347        |    0    |    0    |
|          |        mult_83_fu_363        |    0    |    0    |
|          |        mult_86_fu_431        |    0    |    0    |
|          |        mult_87_fu_455        |    0    |    0    |
|          |        mult_88_fu_483        |    0    |    0    |
|          |        mult_90_fu_513        |    0    |    0    |
|          |        mult_92_fu_547        |    0    |    0    |
|          |         shl_ln_fu_573        |    0    |    0    |
|          |       shl_ln73_1_fu_603      |    0    |    0    |
|          |          tmp_fu_611          |    0    |    0    |
|          |       shl_ln73_2_fu_637      |    0    |    0    |
|          |        tmp_299_fu_673        |    0    |    0    |
|bitconcatenate|       shl_ln73_s_fu_725      |    0    |    0    |
|          |      shl_ln73_3_fu_2240      |    0    |    0    |
|          |        tmp_300_fu_2250       |    0    |    0    |
|          |      shl_ln73_5_fu_2266      |    0    |    0    |
|          |        mult_94_fu_2276       |    0    |    0    |
|          |        mult_95_fu_2287       |    0    |    0    |
|          |        mult_97_fu_2300       |    0    |    0    |
|          |        tmp_303_fu_2317       |    0    |    0    |
|          |        tmp_304_fu_2341       |    0    |    0    |
|          |        mult_98_fu_2378       |    0    |    0    |
|          |      shl_ln73_6_fu_2403      |    0    |    0    |
|          |      shl_ln73_7_fu_2424      |    0    |    0    |
|          |      shl_ln73_8_fu_2444      |    0    |    0    |
|          |        tmp_306_fu_2452       |    0    |    0    |
|          |      shl_ln73_4_fu_2500      |    0    |    0    |
|          |       mult_103_fu_2526       |    0    |    0    |
|----------|------------------------------|---------|---------|
|          |          mrv_fu_4217         |    0    |    0    |
|          |         mrv_1_fu_4223        |    0    |    0    |
|          |         mrv_2_fu_4229        |    0    |    0    |
|          |         mrv_3_fu_4235        |    0    |    0    |
|          |         mrv_4_fu_4241        |    0    |    0    |
|          |         mrv_5_fu_4247        |    0    |    0    |
|          |         mrv_6_fu_4253        |    0    |    0    |
|insertvalue|         mrv_7_fu_4259        |    0    |    0    |
|          |         mrv_8_fu_4265        |    0    |    0    |
|          |         mrv_9_fu_4271        |    0    |    0    |
|          |        mrv_10_fu_4277        |    0    |    0    |
|          |        mrv_11_fu_4283        |    0    |    0    |
|          |        mrv_12_fu_4289        |    0    |    0    |
|          |        mrv_13_fu_4295        |    0    |    0    |
|          |        mrv_14_fu_4301        |    0    |    0    |
|          |        mrv_15_fu_4307        |    0    |    0    |
|----------|------------------------------|---------|---------|
|   Total  |                              |    0    |   4452  |
|----------|------------------------------|---------|---------|

Memories:
N/A

* Register list:
+-------------------------+--------+
|                         |   FF   |
+-------------------------+--------+
|  add_ln58_644_reg_4340  |    7   |
|  add_ln58_675_reg_4507  |   10   |
|  add_ln58_679_reg_4512  |   10   |
|  add_ln58_682_reg_4517  |    9   |
|  add_ln58_687_reg_4528  |   10   |
|  add_ln58_690_reg_4533  |    8   |
|  add_ln58_695_reg_4552  |   10   |
|  add_ln58_699_reg_4557  |   10   |
|  add_ln58_704_reg_4568  |   10   |
|  add_ln58_718_reg_4573  |   10   |
|  add_ln58_734_reg_4585  |   10   |
|  add_ln58_751_reg_4590  |    8   |
|  add_ln58_764_reg_4595  |   10   |
|  add_ln58_778_reg_4600  |   10   |
|  add_ln58_793_reg_4605  |   10   |
|  add_ln58_813_reg_4610  |   10   |
|  add_ln58_828_reg_4615  |   10   |
|  add_ln58_848_reg_4625  |    8   |
| data_0_val_read_reg_4319|    6   |
|data_15_val_read_reg_4413|    6   |
|data_16_val_read_reg_4408|    6   |
|data_17_val_read_reg_4402|    6   |
|data_18_val_read_reg_4395|    6   |
|data_19_val_read_reg_4389|    6   |
| data_1_val_read_reg_4313|    6   |
|data_20_val_read_reg_4383|    6   |
|data_21_val_read_reg_4375|    6   |
|data_22_val_read_reg_4369|    6   |
|data_23_val_read_reg_4363|    6   |
|data_24_val_read_reg_4357|    6   |
|data_25_val_read_reg_4351|    6   |
|data_26_val_read_reg_4345|    6   |
|  sext_ln17_152_reg_4334 |    7   |
|  sext_ln58_819_reg_4522 |    8   |
|  sext_ln58_834_reg_4538 |    8   |
|  sext_ln58_836_reg_4544 |    7   |
|  sext_ln58_845_reg_4562 |    8   |
|  sext_ln58_891_reg_4578 |    8   |
|  sext_ln73_19_reg_4325  |    7   |
|  sext_ln73_35_reg_4423  |    8   |
|  sext_ln73_39_reg_4433  |    7   |
|  sext_ln73_41_reg_4439  |    7   |
|  sext_ln73_43_reg_4445  |    7   |
|  sext_ln73_44_reg_4457  |    7   |
|  sext_ln73_46_reg_4463  |    7   |
|  sext_ln73_47_reg_4469  |    7   |
|  sext_ln73_50_reg_4474  |    7   |
|  sext_ln73_54_reg_4485  |    7   |
|  sext_ln73_68_reg_4428  |    8   |
|   shl_ln73_1_reg_4418   |    7   |
|   shl_ln73_s_reg_4480   |    7   |
|  sub_ln58_292_reg_4497  |   10   |
|  sub_ln58_293_reg_4502  |   10   |
|  sub_ln58_343_reg_4620  |    8   |
|   sub_ln73_65_reg_4452  |    7   |
+-------------------------+--------+
|          Total          |   428  |
+-------------------------+--------+

* Multiplexer (MUX) list: 
|--------|------|------|------|--------|
|  Comp  |  Pin | Size |  BW  | S x BW |
|--------|------|------|------|--------|
|  Total |      |      |      |    0   |
|--------|------|------|------|--------|



* Summary:
+-----------+--------+--------+
|           |   FF   |   LUT  |
+-----------+--------+--------+
|  Function |    0   |  4452  |
|   Memory  |    -   |    -   |
|Multiplexer|    -   |    -   |
|  Register |   428  |    -   |
+-----------+--------+--------+
|   Total   |   428  |  4452  |
+-----------+--------+--------+
