

================================================================
== Vitis HLS Report for 'dense_latency_ap_int_8_ap_fixed_21_19_5_3_0_config3_s'
================================================================
* Date:           Sun May 17 14:56:05 2026

* Version:        2025.1 (Build 6135595 on May 21 2025)
* Project:        wedrowiec_hls_prj
* Solution:       solution1 (Vivado IP Flow Target)
* Product family: zynq
* Target device:  xc7z020-clg400-1


================================================================
== Performance Estimates
================================================================
+ Timing: 
    * Summary: 
    +--------+----------+-----------+------------+
    |  Clock |  Target  | Estimated | Uncertainty|
    +--------+----------+-----------+------------+
    |ap_clk  |  20.00 ns|  13.302 ns|     5.40 ns|
    +--------+----------+-----------+------------+

+ Latency: 
    * Summary: 
    +---------+---------+-----------+-----------+-----+-----+---------+
    |  Latency (cycles) |   Latency (absolute)  |  Interval | Pipeline|
    |   min   |   max   |    min    |    max    | min | max |   Type  |
    +---------+---------+-----------+-----------+-----+-----+---------+
    |        2|        2|  40.000 ns|  40.000 ns|    2|    2|       no|
    +---------+---------+-----------+-----------+-----+-----+---------+

    + Detail: 
        * Instance: 
        N/A

        * Loop: 
        N/A

============================================================
+ Verbose Summary: Synthesis Manager
============================================================
InlineROM: 1
ExposeGlobal: 0
============================================================
+ Verbose Summary: CDFG Model
============================================================
IsTopModel: 0
ResetActiveHigh: 1
IsCombinational: 0
IsDatapathOnly: 0
HasWiredReturn: 1
HasMFsm: 0
HasVarLatency: 1
IsPipeline: 0
IsRtlPipelined: 0
IsInstanceOverlapped: 0
IsDontTouch: 0
HasImplIP: 0
IsGatedGlobalClock: 0


============================================================
+ Verbose Summary: Schedule
============================================================
* Number of FSM states : 3
* Pipeline : 0
* Dataflow Pipeline: 0

* FSM state transitions: 
1 --> 2 
2 --> 3 
3 --> 

* FSM state operations: 

State 1 <SV = 0> <Delay = 13.1>
ST_1 : Operation 4 [1/1] (0.00ns)   --->   "%data_21_val_read = read i8 @_ssdm_op_Read.ap_auto.i8, i8 %data_21_val" [firmware/nnet_utils/nnet_mult.h:70->firmware/nnet_utils/nnet_dense_latency.h:42]   --->   Operation 4 'read' 'data_21_val_read' <Predicate = true> <Delay = 0.00>
ST_1 : Operation 5 [1/1] (0.00ns)   --->   "%data_18_val_read = read i8 @_ssdm_op_Read.ap_auto.i8, i8 %data_18_val" [firmware/nnet_utils/nnet_mult.h:70->firmware/nnet_utils/nnet_dense_latency.h:42]   --->   Operation 5 'read' 'data_18_val_read' <Predicate = true> <Delay = 0.00>
ST_1 : Operation 6 [1/1] (0.00ns)   --->   "%data_17_val_read = read i8 @_ssdm_op_Read.ap_auto.i8, i8 %data_17_val" [firmware/nnet_utils/nnet_mult.h:70->firmware/nnet_utils/nnet_dense_latency.h:42]   --->   Operation 6 'read' 'data_17_val_read' <Predicate = true> <Delay = 0.00>
ST_1 : Operation 7 [1/1] (0.00ns)   --->   "%data_16_val_read = read i8 @_ssdm_op_Read.ap_auto.i8, i8 %data_16_val" [firmware/nnet_utils/nnet_mult.h:70->firmware/nnet_utils/nnet_dense_latency.h:42]   --->   Operation 7 'read' 'data_16_val_read' <Predicate = true> <Delay = 0.00>
ST_1 : Operation 8 [1/1] (0.00ns)   --->   "%data_15_val_read = read i8 @_ssdm_op_Read.ap_auto.i8, i8 %data_15_val" [firmware/nnet_utils/nnet_mult.h:70->firmware/nnet_utils/nnet_dense_latency.h:42]   --->   Operation 8 'read' 'data_15_val_read' <Predicate = true> <Delay = 0.00>
ST_1 : Operation 9 [1/1] (0.00ns)   --->   "%data_14_val_read = read i8 @_ssdm_op_Read.ap_auto.i8, i8 %data_14_val" [firmware/nnet_utils/nnet_mult.h:70->firmware/nnet_utils/nnet_dense_latency.h:42]   --->   Operation 9 'read' 'data_14_val_read' <Predicate = true> <Delay = 0.00>
ST_1 : Operation 10 [1/1] (0.00ns)   --->   "%data_13_val_read = read i8 @_ssdm_op_Read.ap_auto.i8, i8 %data_13_val" [firmware/nnet_utils/nnet_mult.h:70->firmware/nnet_utils/nnet_dense_latency.h:42]   --->   Operation 10 'read' 'data_13_val_read' <Predicate = true> <Delay = 0.00>
ST_1 : Operation 11 [1/1] (0.00ns)   --->   "%data_12_val_read = read i8 @_ssdm_op_Read.ap_auto.i8, i8 %data_12_val" [firmware/nnet_utils/nnet_mult.h:70->firmware/nnet_utils/nnet_dense_latency.h:42]   --->   Operation 11 'read' 'data_12_val_read' <Predicate = true> <Delay = 0.00>
ST_1 : Operation 12 [1/1] (0.00ns)   --->   "%data_11_val_read = read i8 @_ssdm_op_Read.ap_auto.i8, i8 %data_11_val" [firmware/nnet_utils/nnet_mult.h:70->firmware/nnet_utils/nnet_dense_latency.h:42]   --->   Operation 12 'read' 'data_11_val_read' <Predicate = true> <Delay = 0.00>
ST_1 : Operation 13 [1/1] (0.00ns)   --->   "%data_10_val_read = read i8 @_ssdm_op_Read.ap_auto.i8, i8 %data_10_val" [firmware/nnet_utils/nnet_mult.h:70->firmware/nnet_utils/nnet_dense_latency.h:42]   --->   Operation 13 'read' 'data_10_val_read' <Predicate = true> <Delay = 0.00>
ST_1 : Operation 14 [1/1] (0.00ns)   --->   "%data_9_val_read = read i8 @_ssdm_op_Read.ap_auto.i8, i8 %data_9_val" [firmware/nnet_utils/nnet_mult.h:70->firmware/nnet_utils/nnet_dense_latency.h:42]   --->   Operation 14 'read' 'data_9_val_read' <Predicate = true> <Delay = 0.00>
ST_1 : Operation 15 [1/1] (0.00ns)   --->   "%data_8_val_read = read i8 @_ssdm_op_Read.ap_auto.i8, i8 %data_8_val" [firmware/nnet_utils/nnet_mult.h:70->firmware/nnet_utils/nnet_dense_latency.h:42]   --->   Operation 15 'read' 'data_8_val_read' <Predicate = true> <Delay = 0.00>
ST_1 : Operation 16 [1/1] (0.00ns)   --->   "%data_7_val_read = read i8 @_ssdm_op_Read.ap_auto.i8, i8 %data_7_val" [firmware/nnet_utils/nnet_mult.h:70->firmware/nnet_utils/nnet_dense_latency.h:42]   --->   Operation 16 'read' 'data_7_val_read' <Predicate = true> <Delay = 0.00>
ST_1 : Operation 17 [1/1] (0.00ns)   --->   "%data_6_val_read = read i8 @_ssdm_op_Read.ap_auto.i8, i8 %data_6_val" [firmware/nnet_utils/nnet_mult.h:70->firmware/nnet_utils/nnet_dense_latency.h:42]   --->   Operation 17 'read' 'data_6_val_read' <Predicate = true> <Delay = 0.00>
ST_1 : Operation 18 [1/1] (0.00ns)   --->   "%data_5_val_read = read i8 @_ssdm_op_Read.ap_auto.i8, i8 %data_5_val" [firmware/nnet_utils/nnet_mult.h:70->firmware/nnet_utils/nnet_dense_latency.h:42]   --->   Operation 18 'read' 'data_5_val_read' <Predicate = true> <Delay = 0.00>
ST_1 : Operation 19 [1/1] (0.00ns)   --->   "%data_4_val_read = read i8 @_ssdm_op_Read.ap_auto.i8, i8 %data_4_val" [firmware/nnet_utils/nnet_mult.h:70->firmware/nnet_utils/nnet_dense_latency.h:42]   --->   Operation 19 'read' 'data_4_val_read' <Predicate = true> <Delay = 0.00>
ST_1 : Operation 20 [1/1] (0.00ns)   --->   "%data_3_val_read = read i8 @_ssdm_op_Read.ap_auto.i8, i8 %data_3_val" [firmware/nnet_utils/nnet_mult.h:70->firmware/nnet_utils/nnet_dense_latency.h:42]   --->   Operation 20 'read' 'data_3_val_read' <Predicate = true> <Delay = 0.00>
ST_1 : Operation 21 [1/1] (0.00ns)   --->   "%data_2_val_read = read i8 @_ssdm_op_Read.ap_auto.i8, i8 %data_2_val" [firmware/nnet_utils/nnet_mult.h:70->firmware/nnet_utils/nnet_dense_latency.h:42]   --->   Operation 21 'read' 'data_2_val_read' <Predicate = true> <Delay = 0.00>
ST_1 : Operation 22 [1/1] (0.00ns)   --->   "%data_1_val_read = read i8 @_ssdm_op_Read.ap_auto.i8, i8 %data_1_val" [firmware/nnet_utils/nnet_mult.h:70->firmware/nnet_utils/nnet_dense_latency.h:42]   --->   Operation 22 'read' 'data_1_val_read' <Predicate = true> <Delay = 0.00>
ST_1 : Operation 23 [1/1] (0.00ns)   --->   "%data_0_val_read = read i8 @_ssdm_op_Read.ap_auto.i8, i8 %data_0_val" [firmware/nnet_utils/nnet_mult.h:70->firmware/nnet_utils/nnet_dense_latency.h:42]   --->   Operation 23 'read' 'data_0_val_read' <Predicate = true> <Delay = 0.00>
ST_1 : Operation 24 [1/1] (0.00ns)   --->   "%sext_ln70 = sext i8 %data_0_val_read" [firmware/nnet_utils/nnet_mult.h:70->firmware/nnet_utils/nnet_dense_latency.h:42]   --->   Operation 24 'sext' 'sext_ln70' <Predicate = true> <Delay = 0.00>
ST_1 : Operation 25 [1/1] (1.91ns)   --->   "%sub_ln73 = sub i9 0, i9 %sext_ln70" [firmware/nnet_utils/nnet_mult.h:73->firmware/nnet_utils/nnet_dense_latency.h:42]   --->   Operation 25 'sub' 'sub_ln73' <Predicate = true> <Delay = 1.91> <CoreInst = "Adder">   --->   Core 1 'Adder' <Latency = 0> <II = 1> <Delay = 1.91> <FuncUnit> <Opcode : 'add' 'sub'> <InPorts = 2> <OutPorts = 1>
ST_1 : Operation 26 [1/1] (0.00ns)   --->   "%sext_ln17 = sext i8 %data_0_val_read" [firmware/nnet_utils/nnet_dense_latency.h:17]   --->   Operation 26 'sext' 'sext_ln17' <Predicate = true> <Delay = 0.00>
ST_1 : Operation 27 [1/1] (0.00ns)   --->   "%sext_ln17_1 = sext i8 %data_1_val_read" [firmware/nnet_utils/nnet_dense_latency.h:17]   --->   Operation 27 'sext' 'sext_ln17_1' <Predicate = true> <Delay = 0.00>
ST_1 : Operation 28 [1/1] (0.00ns)   --->   "%mult = bitconcatenate i9 @_ssdm_op_BitConcatenate.i9.i8.i1, i8 %data_1_val_read, i1 0" [firmware/nnet_utils/nnet_mult.h:73->firmware/nnet_utils/nnet_dense_latency.h:42]   --->   Operation 28 'bitconcatenate' 'mult' <Predicate = true> <Delay = 0.00>
ST_1 : Operation 29 [1/1] (0.00ns)   --->   "%sext_ln17_2 = sext i9 %mult" [firmware/nnet_utils/nnet_dense_latency.h:17]   --->   Operation 29 'sext' 'sext_ln17_2' <Predicate = true> <Delay = 0.00>
ST_1 : Operation 30 [1/1] (0.00ns)   --->   "%sext_ln73 = sext i8 %data_2_val_read" [firmware/nnet_utils/nnet_mult.h:73->firmware/nnet_utils/nnet_dense_latency.h:42]   --->   Operation 30 'sext' 'sext_ln73' <Predicate = true> <Delay = 0.00>
ST_1 : Operation 31 [1/1] (1.91ns)   --->   "%mult_1 = sub i9 0, i9 %sext_ln73" [firmware/nnet_utils/nnet_mult.h:73->firmware/nnet_utils/nnet_dense_latency.h:42]   --->   Operation 31 'sub' 'mult_1' <Predicate = true> <Delay = 1.91> <CoreInst = "Adder">   --->   Core 1 'Adder' <Latency = 0> <II = 1> <Delay = 1.91> <FuncUnit> <Opcode : 'add' 'sub'> <InPorts = 2> <OutPorts = 1>
ST_1 : Operation 32 [1/1] (0.00ns)   --->   "%sext_ln17_3 = sext i9 %mult_1" [firmware/nnet_utils/nnet_dense_latency.h:17]   --->   Operation 32 'sext' 'sext_ln17_3' <Predicate = true> <Delay = 0.00>
ST_1 : Operation 33 [1/1] (0.00ns)   --->   "%sext_ln17_4 = sext i8 %data_2_val_read" [firmware/nnet_utils/nnet_dense_latency.h:17]   --->   Operation 33 'sext' 'sext_ln17_4' <Predicate = true> <Delay = 0.00>
ST_1 : Operation 34 [1/1] (0.00ns)   --->   "%mult_2 = bitconcatenate i9 @_ssdm_op_BitConcatenate.i9.i8.i1, i8 %data_2_val_read, i1 0" [firmware/nnet_utils/nnet_mult.h:73->firmware/nnet_utils/nnet_dense_latency.h:42]   --->   Operation 34 'bitconcatenate' 'mult_2' <Predicate = true> <Delay = 0.00>
ST_1 : Operation 35 [1/1] (0.00ns)   --->   "%sext_ln17_5 = sext i9 %mult_2" [firmware/nnet_utils/nnet_dense_latency.h:17]   --->   Operation 35 'sext' 'sext_ln17_5' <Predicate = true> <Delay = 0.00>
ST_1 : Operation 36 [1/1] (0.00ns)   --->   "%sext_ln73_1 = sext i8 %data_3_val_read" [firmware/nnet_utils/nnet_mult.h:73->firmware/nnet_utils/nnet_dense_latency.h:42]   --->   Operation 36 'sext' 'sext_ln73_1' <Predicate = true> <Delay = 0.00>
ST_1 : Operation 37 [1/1] (1.91ns)   --->   "%mult_3 = sub i9 0, i9 %sext_ln73_1" [firmware/nnet_utils/nnet_mult.h:73->firmware/nnet_utils/nnet_dense_latency.h:42]   --->   Operation 37 'sub' 'mult_3' <Predicate = true> <Delay = 1.91> <CoreInst = "Adder">   --->   Core 1 'Adder' <Latency = 0> <II = 1> <Delay = 1.91> <FuncUnit> <Opcode : 'add' 'sub'> <InPorts = 2> <OutPorts = 1>
ST_1 : Operation 38 [1/1] (0.00ns)   --->   "%sext_ln17_6 = sext i9 %mult_3" [firmware/nnet_utils/nnet_dense_latency.h:17]   --->   Operation 38 'sext' 'sext_ln17_6' <Predicate = true> <Delay = 0.00>
ST_1 : Operation 39 [1/1] (0.00ns)   --->   "%sext_ln17_7 = sext i8 %data_3_val_read" [firmware/nnet_utils/nnet_dense_latency.h:17]   --->   Operation 39 'sext' 'sext_ln17_7' <Predicate = true> <Delay = 0.00>
ST_1 : Operation 40 [1/1] (0.00ns)   --->   "%mult_4 = bitconcatenate i9 @_ssdm_op_BitConcatenate.i9.i8.i1, i8 %data_3_val_read, i1 0" [firmware/nnet_utils/nnet_mult.h:73->firmware/nnet_utils/nnet_dense_latency.h:42]   --->   Operation 40 'bitconcatenate' 'mult_4' <Predicate = true> <Delay = 0.00>
ST_1 : Operation 41 [1/1] (0.00ns)   --->   "%sext_ln17_8 = sext i9 %mult_4" [firmware/nnet_utils/nnet_dense_latency.h:17]   --->   Operation 41 'sext' 'sext_ln17_8' <Predicate = true> <Delay = 0.00>
ST_1 : Operation 42 [1/1] (0.00ns)   --->   "%sext_ln70_1 = sext i8 %data_4_val_read" [firmware/nnet_utils/nnet_mult.h:70->firmware/nnet_utils/nnet_dense_latency.h:42]   --->   Operation 42 'sext' 'sext_ln70_1' <Predicate = true> <Delay = 0.00>
ST_1 : Operation 43 [1/1] (1.91ns)   --->   "%mult_5 = sub i9 0, i9 %sext_ln70_1" [firmware/nnet_utils/nnet_mult.h:73->firmware/nnet_utils/nnet_dense_latency.h:42]   --->   Operation 43 'sub' 'mult_5' <Predicate = true> <Delay = 1.91> <CoreInst = "Adder">   --->   Core 1 'Adder' <Latency = 0> <II = 1> <Delay = 1.91> <FuncUnit> <Opcode : 'add' 'sub'> <InPorts = 2> <OutPorts = 1>
ST_1 : Operation 44 [1/1] (0.00ns)   --->   "%sext_ln17_9 = sext i9 %mult_5" [firmware/nnet_utils/nnet_dense_latency.h:17]   --->   Operation 44 'sext' 'sext_ln17_9' <Predicate = true> <Delay = 0.00>
ST_1 : Operation 45 [1/1] (0.00ns)   --->   "%sext_ln17_10 = sext i8 %data_4_val_read" [firmware/nnet_utils/nnet_dense_latency.h:17]   --->   Operation 45 'sext' 'sext_ln17_10' <Predicate = true> <Delay = 0.00>
ST_1 : Operation 46 [1/1] (0.00ns)   --->   "%sext_ln70_2 = sext i8 %data_5_val_read" [firmware/nnet_utils/nnet_mult.h:70->firmware/nnet_utils/nnet_dense_latency.h:42]   --->   Operation 46 'sext' 'sext_ln70_2' <Predicate = true> <Delay = 0.00>
ST_1 : Operation 47 [1/1] (1.91ns)   --->   "%mult_6 = sub i9 0, i9 %sext_ln70_2" [firmware/nnet_utils/nnet_mult.h:73->firmware/nnet_utils/nnet_dense_latency.h:42]   --->   Operation 47 'sub' 'mult_6' <Predicate = true> <Delay = 1.91> <CoreInst = "Adder">   --->   Core 1 'Adder' <Latency = 0> <II = 1> <Delay = 1.91> <FuncUnit> <Opcode : 'add' 'sub'> <InPorts = 2> <OutPorts = 1>
ST_1 : Operation 48 [1/1] (0.00ns)   --->   "%sext_ln17_11 = sext i9 %mult_6" [firmware/nnet_utils/nnet_dense_latency.h:17]   --->   Operation 48 'sext' 'sext_ln17_11' <Predicate = true> <Delay = 0.00>
ST_1 : Operation 49 [1/1] (0.00ns)   --->   "%sext_ln17_12 = sext i9 %mult_6" [firmware/nnet_utils/nnet_dense_latency.h:17]   --->   Operation 49 'sext' 'sext_ln17_12' <Predicate = true> <Delay = 0.00>
ST_1 : Operation 50 [1/1] (0.00ns)   --->   "%sext_ln17_13 = sext i8 %data_5_val_read" [firmware/nnet_utils/nnet_dense_latency.h:17]   --->   Operation 50 'sext' 'sext_ln17_13' <Predicate = true> <Delay = 0.00>
ST_1 : Operation 51 [1/1] (0.00ns)   --->   "%sext_ln17_14 = sext i8 %data_5_val_read" [firmware/nnet_utils/nnet_dense_latency.h:17]   --->   Operation 51 'sext' 'sext_ln17_14' <Predicate = true> <Delay = 0.00>
ST_1 : Operation 52 [1/1] (0.00ns)   --->   "%sext_ln70_3 = sext i8 %data_6_val_read" [firmware/nnet_utils/nnet_mult.h:70->firmware/nnet_utils/nnet_dense_latency.h:42]   --->   Operation 52 'sext' 'sext_ln70_3' <Predicate = true> <Delay = 0.00>
ST_1 : Operation 53 [1/1] (0.00ns)   --->   "%sext_ln17_15 = sext i8 %data_6_val_read" [firmware/nnet_utils/nnet_dense_latency.h:17]   --->   Operation 53 'sext' 'sext_ln17_15' <Predicate = true> <Delay = 0.00>
ST_1 : Operation 54 [1/1] (0.00ns)   --->   "%sext_ln17_16 = sext i8 %data_6_val_read" [firmware/nnet_utils/nnet_dense_latency.h:17]   --->   Operation 54 'sext' 'sext_ln17_16' <Predicate = true> <Delay = 0.00>
ST_1 : Operation 55 [1/1] (1.91ns)   --->   "%mult_7 = sub i9 0, i9 %sext_ln70_3" [firmware/nnet_utils/nnet_mult.h:73->firmware/nnet_utils/nnet_dense_latency.h:42]   --->   Operation 55 'sub' 'mult_7' <Predicate = true> <Delay = 1.91> <CoreInst = "Adder">   --->   Core 1 'Adder' <Latency = 0> <II = 1> <Delay = 1.91> <FuncUnit> <Opcode : 'add' 'sub'> <InPorts = 2> <OutPorts = 1>
ST_1 : Operation 56 [1/1] (0.00ns)   --->   "%sext_ln17_17 = sext i9 %mult_7" [firmware/nnet_utils/nnet_dense_latency.h:17]   --->   Operation 56 'sext' 'sext_ln17_17' <Predicate = true> <Delay = 0.00>
ST_1 : Operation 57 [1/1] (0.00ns)   --->   "%sext_ln17_18 = sext i9 %mult_7" [firmware/nnet_utils/nnet_dense_latency.h:17]   --->   Operation 57 'sext' 'sext_ln17_18' <Predicate = true> <Delay = 0.00>
ST_1 : Operation 58 [1/1] (0.00ns)   --->   "%sext_ln70_4 = sext i8 %data_7_val_read" [firmware/nnet_utils/nnet_mult.h:70->firmware/nnet_utils/nnet_dense_latency.h:42]   --->   Operation 58 'sext' 'sext_ln70_4' <Predicate = true> <Delay = 0.00>
ST_1 : Operation 59 [1/1] (0.00ns)   --->   "%sext_ln17_19 = sext i8 %data_7_val_read" [firmware/nnet_utils/nnet_dense_latency.h:17]   --->   Operation 59 'sext' 'sext_ln17_19' <Predicate = true> <Delay = 0.00>
ST_1 : Operation 60 [1/1] (0.00ns)   --->   "%sext_ln17_20 = sext i8 %data_7_val_read" [firmware/nnet_utils/nnet_dense_latency.h:17]   --->   Operation 60 'sext' 'sext_ln17_20' <Predicate = true> <Delay = 0.00>
ST_1 : Operation 61 [1/1] (1.91ns)   --->   "%mult_8 = sub i9 0, i9 %sext_ln70_4" [firmware/nnet_utils/nnet_mult.h:73->firmware/nnet_utils/nnet_dense_latency.h:42]   --->   Operation 61 'sub' 'mult_8' <Predicate = true> <Delay = 1.91> <CoreInst = "Adder">   --->   Core 1 'Adder' <Latency = 0> <II = 1> <Delay = 1.91> <FuncUnit> <Opcode : 'add' 'sub'> <InPorts = 2> <OutPorts = 1>
ST_1 : Operation 62 [1/1] (0.00ns)   --->   "%sext_ln17_21 = sext i9 %mult_8" [firmware/nnet_utils/nnet_dense_latency.h:17]   --->   Operation 62 'sext' 'sext_ln17_21' <Predicate = true> <Delay = 0.00>
ST_1 : Operation 63 [1/1] (0.00ns)   --->   "%sext_ln70_5 = sext i8 %data_8_val_read" [firmware/nnet_utils/nnet_mult.h:70->firmware/nnet_utils/nnet_dense_latency.h:42]   --->   Operation 63 'sext' 'sext_ln70_5' <Predicate = true> <Delay = 0.00>
ST_1 : Operation 64 [1/1] (1.91ns)   --->   "%mult_9 = sub i9 0, i9 %sext_ln70_5" [firmware/nnet_utils/nnet_mult.h:73->firmware/nnet_utils/nnet_dense_latency.h:42]   --->   Operation 64 'sub' 'mult_9' <Predicate = true> <Delay = 1.91> <CoreInst = "Adder">   --->   Core 1 'Adder' <Latency = 0> <II = 1> <Delay = 1.91> <FuncUnit> <Opcode : 'add' 'sub'> <InPorts = 2> <OutPorts = 1>
ST_1 : Operation 65 [1/1] (0.00ns)   --->   "%sext_ln17_22 = sext i9 %mult_9" [firmware/nnet_utils/nnet_dense_latency.h:17]   --->   Operation 65 'sext' 'sext_ln17_22' <Predicate = true> <Delay = 0.00>
ST_1 : Operation 66 [1/1] (0.00ns)   --->   "%sext_ln17_23 = sext i8 %data_8_val_read" [firmware/nnet_utils/nnet_dense_latency.h:17]   --->   Operation 66 'sext' 'sext_ln17_23' <Predicate = true> <Delay = 0.00>
ST_1 : Operation 67 [1/1] (0.00ns)   --->   "%sext_ln17_24 = sext i8 %data_8_val_read" [firmware/nnet_utils/nnet_dense_latency.h:17]   --->   Operation 67 'sext' 'sext_ln17_24' <Predicate = true> <Delay = 0.00>
ST_1 : Operation 68 [1/1] (0.00ns)   --->   "%sext_ln73_2 = sext i8 %data_9_val_read" [firmware/nnet_utils/nnet_mult.h:73->firmware/nnet_utils/nnet_dense_latency.h:42]   --->   Operation 68 'sext' 'sext_ln73_2' <Predicate = true> <Delay = 0.00>
ST_1 : Operation 69 [1/1] (0.00ns)   --->   "%sext_ln73_3 = sext i8 %data_9_val_read" [firmware/nnet_utils/nnet_mult.h:73->firmware/nnet_utils/nnet_dense_latency.h:42]   --->   Operation 69 'sext' 'sext_ln73_3' <Predicate = true> <Delay = 0.00>
ST_1 : Operation 70 [1/1] (1.91ns)   --->   "%mult_10 = sub i9 0, i9 %sext_ln73_3" [firmware/nnet_utils/nnet_mult.h:73->firmware/nnet_utils/nnet_dense_latency.h:42]   --->   Operation 70 'sub' 'mult_10' <Predicate = true> <Delay = 1.91> <CoreInst = "Adder">   --->   Core 1 'Adder' <Latency = 0> <II = 1> <Delay = 1.91> <FuncUnit> <Opcode : 'add' 'sub'> <InPorts = 2> <OutPorts = 1>
ST_1 : Operation 71 [1/1] (0.00ns)   --->   "%sext_ln17_25 = sext i9 %mult_10" [firmware/nnet_utils/nnet_dense_latency.h:17]   --->   Operation 71 'sext' 'sext_ln17_25' <Predicate = true> <Delay = 0.00>
ST_1 : Operation 72 [1/1] (0.00ns)   --->   "%sext_ln17_26 = sext i9 %mult_10" [firmware/nnet_utils/nnet_dense_latency.h:17]   --->   Operation 72 'sext' 'sext_ln17_26' <Predicate = true> <Delay = 0.00>
ST_1 : Operation 73 [1/1] (0.00ns)   --->   "%sext_ln17_27 = sext i8 %data_9_val_read" [firmware/nnet_utils/nnet_dense_latency.h:17]   --->   Operation 73 'sext' 'sext_ln17_27' <Predicate = true> <Delay = 0.00>
ST_1 : Operation 74 [1/1] (0.00ns)   --->   "%tmp = bitconcatenate i9 @_ssdm_op_BitConcatenate.i9.i8.i1, i8 %data_9_val_read, i1 0" [firmware/nnet_utils/nnet_mult.h:73->firmware/nnet_utils/nnet_dense_latency.h:42]   --->   Operation 74 'bitconcatenate' 'tmp' <Predicate = true> <Delay = 0.00>
ST_1 : Operation 75 [1/1] (0.00ns)   --->   "%sext_ln73_14 = sext i9 %tmp" [firmware/nnet_utils/nnet_mult.h:73->firmware/nnet_utils/nnet_dense_latency.h:42]   --->   Operation 75 'sext' 'sext_ln73_14' <Predicate = true> <Delay = 0.00>
ST_1 : Operation 76 [1/1] (0.00ns)   --->   "%sext_ln17_28 = sext i8 %data_10_val_read" [firmware/nnet_utils/nnet_dense_latency.h:17]   --->   Operation 76 'sext' 'sext_ln17_28' <Predicate = true> <Delay = 0.00>
ST_1 : Operation 77 [1/1] (0.00ns)   --->   "%sext_ln17_29 = sext i8 %data_10_val_read" [firmware/nnet_utils/nnet_dense_latency.h:17]   --->   Operation 77 'sext' 'sext_ln17_29' <Predicate = true> <Delay = 0.00>
ST_1 : Operation 78 [1/1] (0.00ns)   --->   "%sext_ln17_30 = sext i8 %data_10_val_read" [firmware/nnet_utils/nnet_dense_latency.h:17]   --->   Operation 78 'sext' 'sext_ln17_30' <Predicate = true> <Delay = 0.00>
ST_1 : Operation 79 [1/1] (0.00ns)   --->   "%mult_11 = bitconcatenate i9 @_ssdm_op_BitConcatenate.i9.i8.i1, i8 %data_10_val_read, i1 0" [firmware/nnet_utils/nnet_mult.h:73->firmware/nnet_utils/nnet_dense_latency.h:42]   --->   Operation 79 'bitconcatenate' 'mult_11' <Predicate = true> <Delay = 0.00>
ST_1 : Operation 80 [1/1] (0.00ns)   --->   "%sext_ln17_32 = sext i9 %mult_11" [firmware/nnet_utils/nnet_dense_latency.h:17]   --->   Operation 80 'sext' 'sext_ln17_32' <Predicate = true> <Delay = 0.00>
ST_1 : Operation 81 [1/1] (0.00ns)   --->   "%sext_ln70_6 = sext i8 %data_11_val_read" [firmware/nnet_utils/nnet_mult.h:70->firmware/nnet_utils/nnet_dense_latency.h:42]   --->   Operation 81 'sext' 'sext_ln70_6' <Predicate = true> <Delay = 0.00>
ST_1 : Operation 82 [1/1] (1.91ns)   --->   "%mult_12 = sub i9 0, i9 %sext_ln70_6" [firmware/nnet_utils/nnet_mult.h:73->firmware/nnet_utils/nnet_dense_latency.h:42]   --->   Operation 82 'sub' 'mult_12' <Predicate = true> <Delay = 1.91> <CoreInst = "Adder">   --->   Core 1 'Adder' <Latency = 0> <II = 1> <Delay = 1.91> <FuncUnit> <Opcode : 'add' 'sub'> <InPorts = 2> <OutPorts = 1>
ST_1 : Operation 83 [1/1] (0.00ns)   --->   "%sext_ln17_34 = sext i9 %mult_12" [firmware/nnet_utils/nnet_dense_latency.h:17]   --->   Operation 83 'sext' 'sext_ln17_34' <Predicate = true> <Delay = 0.00>
ST_1 : Operation 84 [1/1] (0.00ns)   --->   "%sext_ln17_35 = sext i8 %data_11_val_read" [firmware/nnet_utils/nnet_dense_latency.h:17]   --->   Operation 84 'sext' 'sext_ln17_35' <Predicate = true> <Delay = 0.00>
ST_1 : Operation 85 [1/1] (0.00ns)   --->   "%sext_ln17_36 = sext i8 %data_11_val_read" [firmware/nnet_utils/nnet_dense_latency.h:17]   --->   Operation 85 'sext' 'sext_ln17_36' <Predicate = true> <Delay = 0.00>
ST_1 : Operation 86 [1/1] (0.00ns)   --->   "%sext_ln17_37 = sext i8 %data_11_val_read" [firmware/nnet_utils/nnet_dense_latency.h:17]   --->   Operation 86 'sext' 'sext_ln17_37' <Predicate = true> <Delay = 0.00>
ST_1 : Operation 87 [1/1] (0.00ns)   --->   "%sext_ln73_4 = sext i8 %data_12_val_read" [firmware/nnet_utils/nnet_mult.h:73->firmware/nnet_utils/nnet_dense_latency.h:42]   --->   Operation 87 'sext' 'sext_ln73_4' <Predicate = true> <Delay = 0.00>
ST_1 : Operation 88 [1/1] (1.91ns)   --->   "%mult_13 = sub i9 0, i9 %sext_ln73_4" [firmware/nnet_utils/nnet_mult.h:73->firmware/nnet_utils/nnet_dense_latency.h:42]   --->   Operation 88 'sub' 'mult_13' <Predicate = true> <Delay = 1.91> <CoreInst = "Adder">   --->   Core 1 'Adder' <Latency = 0> <II = 1> <Delay = 1.91> <FuncUnit> <Opcode : 'add' 'sub'> <InPorts = 2> <OutPorts = 1>
ST_1 : Operation 89 [1/1] (0.00ns)   --->   "%sext_ln17_38 = sext i9 %mult_13" [firmware/nnet_utils/nnet_dense_latency.h:17]   --->   Operation 89 'sext' 'sext_ln17_38' <Predicate = true> <Delay = 0.00>
ST_1 : Operation 90 [1/1] (0.00ns)   --->   "%sext_ln17_39 = sext i9 %mult_13" [firmware/nnet_utils/nnet_dense_latency.h:17]   --->   Operation 90 'sext' 'sext_ln17_39' <Predicate = true> <Delay = 0.00>
ST_1 : Operation 91 [1/1] (0.00ns)   --->   "%sext_ln17_40 = sext i8 %data_12_val_read" [firmware/nnet_utils/nnet_dense_latency.h:17]   --->   Operation 91 'sext' 'sext_ln17_40' <Predicate = true> <Delay = 0.00>
ST_1 : Operation 92 [1/1] (0.00ns)   --->   "%sext_ln17_41 = sext i8 %data_12_val_read" [firmware/nnet_utils/nnet_dense_latency.h:17]   --->   Operation 92 'sext' 'sext_ln17_41' <Predicate = true> <Delay = 0.00>
ST_1 : Operation 93 [1/1] (0.00ns)   --->   "%mult_14 = bitconcatenate i9 @_ssdm_op_BitConcatenate.i9.i8.i1, i8 %data_12_val_read, i1 0" [firmware/nnet_utils/nnet_mult.h:73->firmware/nnet_utils/nnet_dense_latency.h:42]   --->   Operation 93 'bitconcatenate' 'mult_14' <Predicate = true> <Delay = 0.00>
ST_1 : Operation 94 [1/1] (0.00ns)   --->   "%sext_ln17_42 = sext i9 %mult_14" [firmware/nnet_utils/nnet_dense_latency.h:17]   --->   Operation 94 'sext' 'sext_ln17_42' <Predicate = true> <Delay = 0.00>
ST_1 : Operation 95 [1/1] (0.00ns)   --->   "%sext_ln73_5 = sext i8 %data_13_val_read" [firmware/nnet_utils/nnet_mult.h:73->firmware/nnet_utils/nnet_dense_latency.h:42]   --->   Operation 95 'sext' 'sext_ln73_5' <Predicate = true> <Delay = 0.00>
ST_1 : Operation 96 [1/1] (0.00ns)   --->   "%sext_ln73_6 = sext i8 %data_13_val_read" [firmware/nnet_utils/nnet_mult.h:73->firmware/nnet_utils/nnet_dense_latency.h:42]   --->   Operation 96 'sext' 'sext_ln73_6' <Predicate = true> <Delay = 0.00>
ST_1 : Operation 97 [1/1] (1.91ns)   --->   "%mult_15 = sub i9 0, i9 %sext_ln73_6" [firmware/nnet_utils/nnet_mult.h:73->firmware/nnet_utils/nnet_dense_latency.h:42]   --->   Operation 97 'sub' 'mult_15' <Predicate = true> <Delay = 1.91> <CoreInst = "Adder">   --->   Core 1 'Adder' <Latency = 0> <II = 1> <Delay = 1.91> <FuncUnit> <Opcode : 'add' 'sub'> <InPorts = 2> <OutPorts = 1>
ST_1 : Operation 98 [1/1] (0.00ns)   --->   "%sext_ln17_43 = sext i9 %mult_15" [firmware/nnet_utils/nnet_dense_latency.h:17]   --->   Operation 98 'sext' 'sext_ln17_43' <Predicate = true> <Delay = 0.00>
ST_1 : Operation 99 [1/1] (0.00ns)   --->   "%sext_ln17_44 = sext i9 %mult_15" [firmware/nnet_utils/nnet_dense_latency.h:17]   --->   Operation 99 'sext' 'sext_ln17_44' <Predicate = true> <Delay = 0.00>
ST_1 : Operation 100 [1/1] (0.00ns)   --->   "%sext_ln17_45 = sext i8 %data_13_val_read" [firmware/nnet_utils/nnet_dense_latency.h:17]   --->   Operation 100 'sext' 'sext_ln17_45' <Predicate = true> <Delay = 0.00>
ST_1 : Operation 101 [1/1] (0.00ns)   --->   "%tmp_289 = bitconcatenate i9 @_ssdm_op_BitConcatenate.i9.i8.i1, i8 %data_13_val_read, i1 0" [firmware/nnet_utils/nnet_mult.h:73->firmware/nnet_utils/nnet_dense_latency.h:42]   --->   Operation 101 'bitconcatenate' 'tmp_289' <Predicate = true> <Delay = 0.00>
ST_1 : Operation 102 [1/1] (0.00ns)   --->   "%sext_ln17_47 = sext i8 %data_14_val_read" [firmware/nnet_utils/nnet_dense_latency.h:17]   --->   Operation 102 'sext' 'sext_ln17_47' <Predicate = true> <Delay = 0.00>
ST_1 : Operation 103 [1/1] (0.00ns)   --->   "%sext_ln17_49 = sext i8 %data_14_val_read" [firmware/nnet_utils/nnet_dense_latency.h:17]   --->   Operation 103 'sext' 'sext_ln17_49' <Predicate = true> <Delay = 0.00>
ST_1 : Operation 104 [1/1] (1.91ns)   --->   "%mult_17 = sub i9 0, i9 %sext_ln17_47" [firmware/nnet_utils/nnet_mult.h:73->firmware/nnet_utils/nnet_dense_latency.h:42]   --->   Operation 104 'sub' 'mult_17' <Predicate = true> <Delay = 1.91> <CoreInst = "Adder">   --->   Core 1 'Adder' <Latency = 0> <II = 1> <Delay = 1.91> <FuncUnit> <Opcode : 'add' 'sub'> <InPorts = 2> <OutPorts = 1>
ST_1 : Operation 105 [1/1] (0.00ns)   --->   "%sext_ln17_51 = sext i9 %mult_17" [firmware/nnet_utils/nnet_dense_latency.h:17]   --->   Operation 105 'sext' 'sext_ln17_51' <Predicate = true> <Delay = 0.00>
ST_1 : Operation 106 [1/1] (0.00ns)   --->   "%sext_ln17_53 = sext i8 %data_15_val_read" [firmware/nnet_utils/nnet_dense_latency.h:17]   --->   Operation 106 'sext' 'sext_ln17_53' <Predicate = true> <Delay = 0.00>
ST_1 : Operation 107 [1/1] (0.00ns)   --->   "%sext_ln17_54 = sext i8 %data_15_val_read" [firmware/nnet_utils/nnet_dense_latency.h:17]   --->   Operation 107 'sext' 'sext_ln17_54' <Predicate = true> <Delay = 0.00>
ST_1 : Operation 108 [1/1] (0.00ns)   --->   "%sext_ln70_8 = sext i8 %data_16_val_read" [firmware/nnet_utils/nnet_mult.h:70->firmware/nnet_utils/nnet_dense_latency.h:42]   --->   Operation 108 'sext' 'sext_ln70_8' <Predicate = true> <Delay = 0.00>
ST_1 : Operation 109 [1/1] (0.00ns)   --->   "%sext_ln17_55 = sext i8 %data_16_val_read" [firmware/nnet_utils/nnet_dense_latency.h:17]   --->   Operation 109 'sext' 'sext_ln17_55' <Predicate = true> <Delay = 0.00>
ST_1 : Operation 110 [1/1] (1.91ns)   --->   "%mult_19 = sub i9 0, i9 %sext_ln70_8" [firmware/nnet_utils/nnet_mult.h:73->firmware/nnet_utils/nnet_dense_latency.h:42]   --->   Operation 110 'sub' 'mult_19' <Predicate = true> <Delay = 1.91> <CoreInst = "Adder">   --->   Core 1 'Adder' <Latency = 0> <II = 1> <Delay = 1.91> <FuncUnit> <Opcode : 'add' 'sub'> <InPorts = 2> <OutPorts = 1>
ST_1 : Operation 111 [1/1] (0.00ns)   --->   "%sext_ln73_8 = sext i8 %data_17_val_read" [firmware/nnet_utils/nnet_mult.h:73->firmware/nnet_utils/nnet_dense_latency.h:42]   --->   Operation 111 'sext' 'sext_ln73_8' <Predicate = true> <Delay = 0.00>
ST_1 : Operation 112 [1/1] (1.91ns)   --->   "%mult_20 = sub i9 0, i9 %sext_ln73_8" [firmware/nnet_utils/nnet_mult.h:73->firmware/nnet_utils/nnet_dense_latency.h:42]   --->   Operation 112 'sub' 'mult_20' <Predicate = true> <Delay = 1.91> <CoreInst = "Adder">   --->   Core 1 'Adder' <Latency = 0> <II = 1> <Delay = 1.91> <FuncUnit> <Opcode : 'add' 'sub'> <InPorts = 2> <OutPorts = 1>
ST_1 : Operation 113 [1/1] (0.00ns)   --->   "%sext_ln73_10 = sext i8 %data_18_val_read" [firmware/nnet_utils/nnet_mult.h:73->firmware/nnet_utils/nnet_dense_latency.h:42]   --->   Operation 113 'sext' 'sext_ln73_10' <Predicate = true> <Delay = 0.00>
ST_1 : Operation 114 [1/1] (1.91ns)   --->   "%mult_22 = sub i9 0, i9 %sext_ln73_10" [firmware/nnet_utils/nnet_mult.h:73->firmware/nnet_utils/nnet_dense_latency.h:42]   --->   Operation 114 'sub' 'mult_22' <Predicate = true> <Delay = 1.91> <CoreInst = "Adder">   --->   Core 1 'Adder' <Latency = 0> <II = 1> <Delay = 1.91> <FuncUnit> <Opcode : 'add' 'sub'> <InPorts = 2> <OutPorts = 1>
ST_1 : Operation 115 [1/1] (0.00ns)   --->   "%sext_ln17_57 = sext i9 %mult_22" [firmware/nnet_utils/nnet_dense_latency.h:17]   --->   Operation 115 'sext' 'sext_ln17_57' <Predicate = true> <Delay = 0.00>
ST_1 : Operation 116 [1/1] (0.00ns)   --->   "%sext_ln17_67 = sext i8 %data_21_val_read" [firmware/nnet_utils/nnet_dense_latency.h:17]   --->   Operation 116 'sext' 'sext_ln17_67' <Predicate = true> <Delay = 0.00>
ST_1 : Operation 117 [1/1] (1.91ns)   --->   "%mult_27 = sub i9 0, i9 %sext_ln17_67" [firmware/nnet_utils/nnet_mult.h:73->firmware/nnet_utils/nnet_dense_latency.h:42]   --->   Operation 117 'sub' 'mult_27' <Predicate = true> <Delay = 1.91> <CoreInst = "Adder">   --->   Core 1 'Adder' <Latency = 0> <II = 1> <Delay = 1.91> <FuncUnit> <Opcode : 'add' 'sub'> <InPorts = 2> <OutPorts = 1>
ST_1 : Operation 118 [1/1] (1.91ns)   --->   "%sub_ln58 = sub i9 1, i9 %sext_ln70" [firmware/nnet_utils/nnet_dense_latency.h:58]   --->   Operation 118 'sub' 'sub_ln58' <Predicate = true> <Delay = 1.91> <CoreInst = "Adder">   --->   Core 1 'Adder' <Latency = 0> <II = 1> <Delay = 1.91> <FuncUnit> <Opcode : 'add' 'sub'> <InPorts = 2> <OutPorts = 1>
ST_1 : Operation 119 [1/1] (0.00ns)   --->   "%sext_ln58 = sext i9 %sub_ln58" [firmware/nnet_utils/nnet_dense_latency.h:58]   --->   Operation 119 'sext' 'sext_ln58' <Predicate = true> <Delay = 0.00>
ST_1 : Operation 120 [1/1] (1.91ns)   --->   "%sub_ln58_1 = sub i9 %sext_ln70, i9 %sext_ln17_1" [firmware/nnet_utils/nnet_dense_latency.h:58]   --->   Operation 120 'sub' 'sub_ln58_1' <Predicate = true> <Delay = 1.91> <CoreInst = "Adder">   --->   Core 1 'Adder' <Latency = 0> <II = 1> <Delay = 1.91> <FuncUnit> <Opcode : 'add' 'sub'> <InPorts = 2> <OutPorts = 1>
ST_1 : Operation 121 [1/1] (1.91ns)   --->   "%add_ln58 = add i9 %sext_ln17_1, i9 %sext_ln70" [firmware/nnet_utils/nnet_dense_latency.h:58]   --->   Operation 121 'add' 'add_ln58' <Predicate = true> <Delay = 1.91> <CoreInst = "Adder">   --->   Core 1 'Adder' <Latency = 0> <II = 1> <Delay = 1.91> <FuncUnit> <Opcode : 'add' 'sub'> <InPorts = 2> <OutPorts = 1>
ST_1 : Operation 122 [1/1] (1.91ns)   --->   "%sub_ln58_4 = sub i9 %sext_ln17_1, i9 %sext_ln73" [firmware/nnet_utils/nnet_dense_latency.h:58]   --->   Operation 122 'sub' 'sub_ln58_4' <Predicate = true> <Delay = 1.91> <CoreInst = "Adder">   --->   Core 1 'Adder' <Latency = 0> <II = 1> <Delay = 1.91> <FuncUnit> <Opcode : 'add' 'sub'> <InPorts = 2> <OutPorts = 1>
ST_1 : Operation 123 [1/1] (0.00ns)   --->   "%sext_ln58_1 = sext i9 %sub_ln58_4" [firmware/nnet_utils/nnet_dense_latency.h:58]   --->   Operation 123 'sext' 'sext_ln58_1' <Predicate = true> <Delay = 0.00>
ST_1 : Operation 124 [1/1] (1.82ns)   --->   "%add_ln58_1 = add i10 %sext_ln58_1, i10 %sext_ln58" [firmware/nnet_utils/nnet_dense_latency.h:58]   --->   Operation 124 'add' 'add_ln58_1' <Predicate = true> <Delay = 1.82> <CoreInst = "Adder">   --->   Core 1 'Adder' <Latency = 0> <II = 1> <Delay = 1.82> <FuncUnit> <Opcode : 'add' 'sub'> <InPorts = 2> <OutPorts = 1>
ST_1 : Operation 125 [1/1] (1.91ns)   --->   "%sub_ln58_17 = sub i9 1, i9 %sext_ln73" [firmware/nnet_utils/nnet_dense_latency.h:58]   --->   Operation 125 'sub' 'sub_ln58_17' <Predicate = true> <Delay = 1.91> <CoreInst = "Adder">   --->   Core 1 'Adder' <Latency = 0> <II = 1> <Delay = 1.91> <FuncUnit> <Opcode : 'add' 'sub'> <InPorts = 2> <OutPorts = 1>
ST_1 : Operation 126 [1/1] (1.91ns)   --->   "%sub_ln58_2 = sub i9 %sext_ln70, i9 %sext_ln73" [firmware/nnet_utils/nnet_dense_latency.h:58]   --->   Operation 126 'sub' 'sub_ln58_2' <Predicate = true> <Delay = 1.91> <CoreInst = "Adder">   --->   Core 1 'Adder' <Latency = 0> <II = 1> <Delay = 1.91> <FuncUnit> <Opcode : 'add' 'sub'> <InPorts = 2> <OutPorts = 1>
ST_1 : Operation 127 [1/1] (0.00ns)   --->   "%sext_ln58_2 = sext i9 %sub_ln58_2" [firmware/nnet_utils/nnet_dense_latency.h:58]   --->   Operation 127 'sext' 'sext_ln58_2' <Predicate = true> <Delay = 0.00>
ST_1 : Operation 128 [1/1] (1.91ns)   --->   "%sub_ln58_3 = sub i9 %sext_ln73, i9 %sext_ln70" [firmware/nnet_utils/nnet_dense_latency.h:58]   --->   Operation 128 'sub' 'sub_ln58_3' <Predicate = true> <Delay = 1.91> <CoreInst = "Adder">   --->   Core 1 'Adder' <Latency = 0> <II = 1> <Delay = 1.91> <FuncUnit> <Opcode : 'add' 'sub'> <InPorts = 2> <OutPorts = 1>
ST_1 : Operation 129 [1/1] (0.00ns)   --->   "%sext_ln58_3 = sext i9 %sub_ln58_3" [firmware/nnet_utils/nnet_dense_latency.h:58]   --->   Operation 129 'sext' 'sext_ln58_3' <Predicate = true> <Delay = 0.00>
ST_1 : Operation 130 [1/1] (0.00ns)   --->   "%sext_ln58_4 = sext i9 %sub_ln58_1" [firmware/nnet_utils/nnet_dense_latency.h:58]   --->   Operation 130 'sext' 'sext_ln58_4' <Predicate = true> <Delay = 0.00>
ST_1 : Operation 131 [1/1] (0.00ns) (grouped into TernaryAdder)   --->   "%sub_ln58_18 = sub i10 %sext_ln58_4, i10 %sext_ln17_4" [firmware/nnet_utils/nnet_dense_latency.h:58]   --->   Operation 131 'sub' 'sub_ln58_18' <Predicate = true> <Delay = 0.00> <CoreInst = "TAddSub">   --->   Core 10 'TAddSub' <Latency = 0> <II = 1> <Delay = 1.92> <IPBlock> <Opcode : 'add' 'sub'> <InPorts = 3> <OutPorts = 1> <Sync> <CReg>
ST_1 : Operation 132 [1/1] (1.82ns)   --->   "%add_ln58_2 = add i10 %sext_ln17_5, i10 %sext_ln17" [firmware/nnet_utils/nnet_dense_latency.h:58]   --->   Operation 132 'add' 'add_ln58_2' <Predicate = true> <Delay = 1.82> <CoreInst = "Adder">   --->   Core 1 'Adder' <Latency = 0> <II = 1> <Delay = 1.82> <FuncUnit> <Opcode : 'add' 'sub'> <InPorts = 2> <OutPorts = 1>
ST_1 : Operation 133 [1/1] (0.00ns)   --->   "%sext_ln58_5 = sext i10 %add_ln58_2" [firmware/nnet_utils/nnet_dense_latency.h:58]   --->   Operation 133 'sext' 'sext_ln58_5' <Predicate = true> <Delay = 0.00>
ST_1 : Operation 134 [1/1] (0.00ns)   --->   "%sext_ln58_6 = sext i9 %sub_ln73" [firmware/nnet_utils/nnet_dense_latency.h:58]   --->   Operation 134 'sext' 'sext_ln58_6' <Predicate = true> <Delay = 0.00>
ST_1 : Operation 135 [1/1] (0.00ns) (grouped into TernaryAdder)   --->   "%sub_ln58_5 = sub i10 %sext_ln58_6, i10 %sext_ln17_4" [firmware/nnet_utils/nnet_dense_latency.h:58]   --->   Operation 135 'sub' 'sub_ln58_5' <Predicate = true> <Delay = 0.00> <CoreInst = "TAddSub">   --->   Core 10 'TAddSub' <Latency = 0> <II = 1> <Delay = 1.92> <IPBlock> <Opcode : 'add' 'sub'> <InPorts = 3> <OutPorts = 1> <Sync> <CReg>
ST_1 : Operation 136 [1/1] (1.91ns)   --->   "%add_ln58_3 = add i9 %sext_ln73, i9 %sext_ln17_1" [firmware/nnet_utils/nnet_dense_latency.h:58]   --->   Operation 136 'add' 'add_ln58_3' <Predicate = true> <Delay = 1.91> <CoreInst = "Adder">   --->   Core 1 'Adder' <Latency = 0> <II = 1> <Delay = 1.91> <FuncUnit> <Opcode : 'add' 'sub'> <InPorts = 2> <OutPorts = 1>
ST_1 : Operation 137 [1/1] (0.00ns)   --->   "%sext_ln58_7 = sext i9 %add_ln58_3" [firmware/nnet_utils/nnet_dense_latency.h:58]   --->   Operation 137 'sext' 'sext_ln58_7' <Predicate = true> <Delay = 0.00>
ST_1 : Operation 138 [1/1] (0.00ns)   --->   "%sext_ln58_8 = sext i8 %data_3_val_read" [firmware/nnet_utils/nnet_dense_latency.h:58]   --->   Operation 138 'sext' 'sext_ln58_8' <Predicate = true> <Delay = 0.00>
ST_1 : Operation 139 [1/1] (0.00ns)   --->   "%sext_ln58_9 = sext i10 %add_ln58_1" [firmware/nnet_utils/nnet_dense_latency.h:58]   --->   Operation 139 'sext' 'sext_ln58_9' <Predicate = true> <Delay = 0.00>
ST_1 : Operation 140 [1/1] (1.73ns)   --->   "%sub_ln58_19 = sub i11 %sext_ln58_9, i11 %sext_ln58_8" [firmware/nnet_utils/nnet_dense_latency.h:58]   --->   Operation 140 'sub' 'sub_ln58_19' <Predicate = true> <Delay = 1.73> <CoreInst = "Adder">   --->   Core 1 'Adder' <Latency = 0> <II = 1> <Delay = 1.73> <FuncUnit> <Opcode : 'add' 'sub'> <InPorts = 2> <OutPorts = 1>
ST_1 : Operation 141 [1/1] (0.00ns) (grouped into TernaryAdder)   --->   "%sub_ln58_20 = sub i10 %sext_ln58_2, i10 %sext_ln17_7" [firmware/nnet_utils/nnet_dense_latency.h:58]   --->   Operation 141 'sub' 'sub_ln58_20' <Predicate = true> <Delay = 0.00> <CoreInst = "TAddSub">   --->   Core 10 'TAddSub' <Latency = 0> <II = 1> <Delay = 1.92> <IPBlock> <Opcode : 'add' 'sub'> <InPorts = 3> <OutPorts = 1> <Sync> <CReg>
ST_1 : Operation 142 [1/1] (1.82ns)   --->   "%add_ln58_4 = add i10 %sext_ln58_3, i10 %sext_ln17_7" [firmware/nnet_utils/nnet_dense_latency.h:58]   --->   Operation 142 'add' 'add_ln58_4' <Predicate = true> <Delay = 1.82> <CoreInst = "Adder">   --->   Core 1 'Adder' <Latency = 0> <II = 1> <Delay = 1.82> <FuncUnit> <Opcode : 'add' 'sub'> <InPorts = 2> <OutPorts = 1>
ST_1 : Operation 143 [1/1] (0.00ns)   --->   "%sext_ln58_10 = sext i9 %add_ln58" [firmware/nnet_utils/nnet_dense_latency.h:58]   --->   Operation 143 'sext' 'sext_ln58_10' <Predicate = true> <Delay = 0.00>
ST_1 : Operation 144 [1/1] (0.00ns) (grouped into TernaryAdder)   --->   "%sub_ln58_21 = sub i10 %sext_ln58_10, i10 %sext_ln17_7" [firmware/nnet_utils/nnet_dense_latency.h:58]   --->   Operation 144 'sub' 'sub_ln58_21' <Predicate = true> <Delay = 0.00> <CoreInst = "TAddSub">   --->   Core 10 'TAddSub' <Latency = 0> <II = 1> <Delay = 1.92> <IPBlock> <Opcode : 'add' 'sub'> <InPorts = 3> <OutPorts = 1> <Sync> <CReg>
ST_1 : Operation 145 [1/1] (0.00ns) (grouped into TernaryAdder)   --->   "%sub_ln58_22 = sub i10 %sext_ln58_1, i10 %sext_ln17_7" [firmware/nnet_utils/nnet_dense_latency.h:58]   --->   Operation 145 'sub' 'sub_ln58_22' <Predicate = true> <Delay = 0.00> <CoreInst = "TAddSub">   --->   Core 10 'TAddSub' <Latency = 0> <II = 1> <Delay = 1.92> <IPBlock> <Opcode : 'add' 'sub'> <InPorts = 3> <OutPorts = 1> <Sync> <CReg>
ST_1 : Operation 146 [1/1] (0.00ns) (grouped into TernaryAdder)   --->   "%sub_ln58_23 = sub i10 %sext_ln58_4, i10 %sext_ln17_7" [firmware/nnet_utils/nnet_dense_latency.h:58]   --->   Operation 146 'sub' 'sub_ln58_23' <Predicate = true> <Delay = 0.00> <CoreInst = "TAddSub">   --->   Core 10 'TAddSub' <Latency = 0> <II = 1> <Delay = 1.92> <IPBlock> <Opcode : 'add' 'sub'> <InPorts = 3> <OutPorts = 1> <Sync> <CReg>
ST_1 : Operation 147 [1/1] (0.00ns) (grouped into TernaryAdder)   --->   "%sub_ln58_6 = sub i10 %sext_ln17_3, i10 %sext_ln17_7" [firmware/nnet_utils/nnet_dense_latency.h:58]   --->   Operation 147 'sub' 'sub_ln58_6' <Predicate = true> <Delay = 0.00> <CoreInst = "TAddSub">   --->   Core 10 'TAddSub' <Latency = 0> <II = 1> <Delay = 1.92> <IPBlock> <Opcode : 'add' 'sub'> <InPorts = 3> <OutPorts = 1> <Sync> <CReg>
ST_1 : Operation 148 [1/1] (1.91ns)   --->   "%sub_ln58_7 = sub i9 %sext_ln73, i9 %sext_ln73_1" [firmware/nnet_utils/nnet_dense_latency.h:58]   --->   Operation 148 'sub' 'sub_ln58_7' <Predicate = true> <Delay = 1.91> <CoreInst = "Adder">   --->   Core 1 'Adder' <Latency = 0> <II = 1> <Delay = 1.91> <FuncUnit> <Opcode : 'add' 'sub'> <InPorts = 2> <OutPorts = 1>
ST_1 : Operation 149 [1/1] (1.91ns)   --->   "%sub_ln58_8 = sub i9 %sext_ln70, i9 %sext_ln73_1" [firmware/nnet_utils/nnet_dense_latency.h:58]   --->   Operation 149 'sub' 'sub_ln58_8' <Predicate = true> <Delay = 1.91> <CoreInst = "Adder">   --->   Core 1 'Adder' <Latency = 0> <II = 1> <Delay = 1.91> <FuncUnit> <Opcode : 'add' 'sub'> <InPorts = 2> <OutPorts = 1>
ST_1 : Operation 150 [1/1] (0.00ns)   --->   "%sext_ln58_11 = sext i9 %sub_ln58_8" [firmware/nnet_utils/nnet_dense_latency.h:58]   --->   Operation 150 'sext' 'sext_ln58_11' <Predicate = true> <Delay = 0.00>
ST_1 : Operation 151 [1/1] (1.91ns)   --->   "%sub_ln58_9 = sub i9 %sext_ln17_1, i9 %sext_ln73_1" [firmware/nnet_utils/nnet_dense_latency.h:58]   --->   Operation 151 'sub' 'sub_ln58_9' <Predicate = true> <Delay = 1.91> <CoreInst = "Adder">   --->   Core 1 'Adder' <Latency = 0> <II = 1> <Delay = 1.91> <FuncUnit> <Opcode : 'add' 'sub'> <InPorts = 2> <OutPorts = 1>
ST_1 : Operation 152 [1/1] (1.91ns)   --->   "%sub_ln58_10 = sub i9 %sext_ln73_1, i9 %sext_ln70" [firmware/nnet_utils/nnet_dense_latency.h:58]   --->   Operation 152 'sub' 'sub_ln58_10' <Predicate = true> <Delay = 1.91> <CoreInst = "Adder">   --->   Core 1 'Adder' <Latency = 0> <II = 1> <Delay = 1.91> <FuncUnit> <Opcode : 'add' 'sub'> <InPorts = 2> <OutPorts = 1>
ST_1 : Operation 153 [1/1] (0.00ns)   --->   "%sext_ln58_12 = sext i9 %sub_ln58_10" [firmware/nnet_utils/nnet_dense_latency.h:58]   --->   Operation 153 'sext' 'sext_ln58_12' <Predicate = true> <Delay = 0.00>
ST_1 : Operation 154 [1/1] (1.91ns)   --->   "%add_ln58_5 = add i9 %sext_ln70_1, i9 %sext_ln73_1" [firmware/nnet_utils/nnet_dense_latency.h:58]   --->   Operation 154 'add' 'add_ln58_5' <Predicate = true> <Delay = 1.91> <CoreInst = "Adder">   --->   Core 1 'Adder' <Latency = 0> <II = 1> <Delay = 1.91> <FuncUnit> <Opcode : 'add' 'sub'> <InPorts = 2> <OutPorts = 1>
ST_1 : Operation 155 [1/1] (0.00ns)   --->   "%sext_ln58_13 = sext i9 %add_ln58_5" [firmware/nnet_utils/nnet_dense_latency.h:58]   --->   Operation 155 'sext' 'sext_ln58_13' <Predicate = true> <Delay = 0.00>
ST_1 : Operation 156 [1/1] (3.72ns) (root node of TernaryAdder)   --->   "%add_ln58_6 = add i10 %sub_ln58_20, i10 %sext_ln17_9" [firmware/nnet_utils/nnet_dense_latency.h:58]   --->   Operation 156 'add' 'add_ln58_6' <Predicate = true> <Delay = 3.72> <CoreInst = "TAddSub">   --->   Core 10 'TAddSub' <Latency = 0> <II = 1> <Delay = 1.92> <IPBlock> <Opcode : 'add' 'sub'> <InPorts = 3> <OutPorts = 1> <Sync> <CReg>
ST_1 : Operation 157 [1/1] (3.72ns) (root node of TernaryAdder)   --->   "%add_ln58_7 = add i10 %sub_ln58_21, i10 %sext_ln17_10" [firmware/nnet_utils/nnet_dense_latency.h:58]   --->   Operation 157 'add' 'add_ln58_7' <Predicate = true> <Delay = 3.72> <CoreInst = "TAddSub">   --->   Core 10 'TAddSub' <Latency = 0> <II = 1> <Delay = 1.92> <IPBlock> <Opcode : 'add' 'sub'> <InPorts = 3> <OutPorts = 1> <Sync> <CReg>
ST_1 : Operation 158 [1/1] (0.00ns) (grouped into TernaryAdder)   --->   "%sub_ln58_11 = sub i10 %sext_ln17_6, i10 %sext_ln17_10" [firmware/nnet_utils/nnet_dense_latency.h:58]   --->   Operation 158 'sub' 'sub_ln58_11' <Predicate = true> <Delay = 0.00> <CoreInst = "TAddSub">   --->   Core 10 'TAddSub' <Latency = 0> <II = 1> <Delay = 1.92> <IPBlock> <Opcode : 'add' 'sub'> <InPorts = 3> <OutPorts = 1> <Sync> <CReg>
ST_1 : Operation 159 [1/1] (3.72ns) (root node of TernaryAdder)   --->   "%add_ln58_8 = add i10 %sub_ln58_22, i10 %sext_ln17_9" [firmware/nnet_utils/nnet_dense_latency.h:58]   --->   Operation 159 'add' 'add_ln58_8' <Predicate = true> <Delay = 3.72> <CoreInst = "TAddSub">   --->   Core 10 'TAddSub' <Latency = 0> <II = 1> <Delay = 1.92> <IPBlock> <Opcode : 'add' 'sub'> <InPorts = 3> <OutPorts = 1> <Sync> <CReg>
ST_1 : Operation 160 [1/1] (3.72ns) (root node of TernaryAdder)   --->   "%add_ln58_9 = add i10 %sub_ln58_23, i10 %sext_ln17_10" [firmware/nnet_utils/nnet_dense_latency.h:58]   --->   Operation 160 'add' 'add_ln58_9' <Predicate = true> <Delay = 3.72> <CoreInst = "TAddSub">   --->   Core 10 'TAddSub' <Latency = 0> <II = 1> <Delay = 1.92> <IPBlock> <Opcode : 'add' 'sub'> <InPorts = 3> <OutPorts = 1> <Sync> <CReg>
ST_1 : Operation 161 [1/1] (3.72ns) (root node of TernaryAdder)   --->   "%add_ln58_10 = add i10 %sub_ln58_6, i10 %sext_ln17_9" [firmware/nnet_utils/nnet_dense_latency.h:58]   --->   Operation 161 'add' 'add_ln58_10' <Predicate = true> <Delay = 3.72> <CoreInst = "TAddSub">   --->   Core 10 'TAddSub' <Latency = 0> <II = 1> <Delay = 1.92> <IPBlock> <Opcode : 'add' 'sub'> <InPorts = 3> <OutPorts = 1> <Sync> <CReg>
ST_1 : Operation 162 [1/1] (0.00ns)   --->   "%sext_ln58_14 = sext i9 %sub_ln58_7" [firmware/nnet_utils/nnet_dense_latency.h:58]   --->   Operation 162 'sext' 'sext_ln58_14' <Predicate = true> <Delay = 0.00>
ST_1 : Operation 163 [1/1] (0.00ns) (grouped into TernaryAdder)   --->   "%sub_ln58_24 = sub i10 %sext_ln58_14, i10 %sext_ln17_10" [firmware/nnet_utils/nnet_dense_latency.h:58]   --->   Operation 163 'sub' 'sub_ln58_24' <Predicate = true> <Delay = 0.00> <CoreInst = "TAddSub">   --->   Core 10 'TAddSub' <Latency = 0> <II = 1> <Delay = 1.92> <IPBlock> <Opcode : 'add' 'sub'> <InPorts = 3> <OutPorts = 1> <Sync> <CReg>
ST_1 : Operation 164 [1/1] (1.91ns)   --->   "%add_ln58_11 = add i9 %sext_ln70_1, i9 %sext_ln73" [firmware/nnet_utils/nnet_dense_latency.h:58]   --->   Operation 164 'add' 'add_ln58_11' <Predicate = true> <Delay = 1.91> <CoreInst = "Adder">   --->   Core 1 'Adder' <Latency = 0> <II = 1> <Delay = 1.91> <FuncUnit> <Opcode : 'add' 'sub'> <InPorts = 2> <OutPorts = 1>
ST_1 : Operation 165 [1/1] (0.00ns)   --->   "%sext_ln58_15 = sext i9 %add_ln58_11" [firmware/nnet_utils/nnet_dense_latency.h:58]   --->   Operation 165 'sext' 'sext_ln58_15' <Predicate = true> <Delay = 0.00>
ST_1 : Operation 166 [1/1] (0.00ns) (grouped into TernaryAdder)   --->   "%sub_ln58_25 = sub i10 %sext_ln58_2, i10 %sext_ln17_10" [firmware/nnet_utils/nnet_dense_latency.h:58]   --->   Operation 166 'sub' 'sub_ln58_25' <Predicate = true> <Delay = 0.00> <CoreInst = "TAddSub">   --->   Core 10 'TAddSub' <Latency = 0> <II = 1> <Delay = 1.92> <IPBlock> <Opcode : 'add' 'sub'> <InPorts = 3> <OutPorts = 1> <Sync> <CReg>
ST_1 : Operation 167 [1/1] (0.00ns)   --->   "%sext_ln58_16 = sext i9 %sub_ln58_9" [firmware/nnet_utils/nnet_dense_latency.h:58]   --->   Operation 167 'sext' 'sext_ln58_16' <Predicate = true> <Delay = 0.00>
ST_1 : Operation 168 [1/1] (0.00ns) (grouped into TernaryAdder)   --->   "%sub_ln58_26 = sub i10 %sext_ln58_16, i10 %sext_ln17_10" [firmware/nnet_utils/nnet_dense_latency.h:58]   --->   Operation 168 'sub' 'sub_ln58_26' <Predicate = true> <Delay = 0.00> <CoreInst = "TAddSub">   --->   Core 10 'TAddSub' <Latency = 0> <II = 1> <Delay = 1.92> <IPBlock> <Opcode : 'add' 'sub'> <InPorts = 3> <OutPorts = 1> <Sync> <CReg>
ST_1 : Operation 169 [1/1] (0.00ns) (grouped into TernaryAdder)   --->   "%sub_ln58_12 = sub i10 %sext_ln17_9, i10 %sext_ln17_14" [firmware/nnet_utils/nnet_dense_latency.h:58]   --->   Operation 169 'sub' 'sub_ln58_12' <Predicate = true> <Delay = 0.00> <CoreInst = "TAddSub">   --->   Core 10 'TAddSub' <Latency = 0> <II = 1> <Delay = 1.92> <IPBlock> <Opcode : 'add' 'sub'> <InPorts = 3> <OutPorts = 1> <Sync> <CReg>
ST_1 : Operation 170 [1/1] (1.82ns)   --->   "%add_ln58_12 = add i10 %sext_ln58_13, i10 %sext_ln17_14" [firmware/nnet_utils/nnet_dense_latency.h:58]   --->   Operation 170 'add' 'add_ln58_12' <Predicate = true> <Delay = 1.82> <CoreInst = "Adder">   --->   Core 1 'Adder' <Latency = 0> <II = 1> <Delay = 1.82> <FuncUnit> <Opcode : 'add' 'sub'> <InPorts = 2> <OutPorts = 1>
ST_1 : Operation 171 [1/1] (3.72ns) (root node of TernaryAdder)   --->   "%add_ln58_13 = add i10 %sub_ln58_18, i10 %sext_ln17_12" [firmware/nnet_utils/nnet_dense_latency.h:58]   --->   Operation 171 'add' 'add_ln58_13' <Predicate = true> <Delay = 3.72> <CoreInst = "TAddSub">   --->   Core 10 'TAddSub' <Latency = 0> <II = 1> <Delay = 1.92> <IPBlock> <Opcode : 'add' 'sub'> <InPorts = 3> <OutPorts = 1> <Sync> <CReg>
ST_1 : Operation 172 [1/1] (1.91ns)   --->   "%sub_ln58_13 = sub i9 %sext_ln73, i9 %sext_ln70_2" [firmware/nnet_utils/nnet_dense_latency.h:58]   --->   Operation 172 'sub' 'sub_ln58_13' <Predicate = true> <Delay = 1.91> <CoreInst = "Adder">   --->   Core 1 'Adder' <Latency = 0> <II = 1> <Delay = 1.91> <FuncUnit> <Opcode : 'add' 'sub'> <InPorts = 2> <OutPorts = 1>
ST_1 : Operation 173 [1/1] (0.00ns)   --->   "%sext_ln58_17 = sext i9 %sub_ln58_13" [firmware/nnet_utils/nnet_dense_latency.h:58]   --->   Operation 173 'sext' 'sext_ln58_17' <Predicate = true> <Delay = 0.00>
ST_1 : Operation 174 [1/1] (1.91ns)   --->   "%add_ln58_14 = add i9 %sext_ln70_2, i9 %sext_ln70_1" [firmware/nnet_utils/nnet_dense_latency.h:58]   --->   Operation 174 'add' 'add_ln58_14' <Predicate = true> <Delay = 1.91> <CoreInst = "Adder">   --->   Core 1 'Adder' <Latency = 0> <II = 1> <Delay = 1.91> <FuncUnit> <Opcode : 'add' 'sub'> <InPorts = 2> <OutPorts = 1>
ST_1 : Operation 175 [1/1] (0.00ns)   --->   "%sext_ln58_19 = sext i10 %add_ln58_10" [firmware/nnet_utils/nnet_dense_latency.h:58]   --->   Operation 175 'sext' 'sext_ln58_19' <Predicate = true> <Delay = 0.00>
ST_1 : Operation 176 [1/1] (1.73ns)   --->   "%sub_ln58_27 = sub i11 %sext_ln58_19, i11 %sext_ln17_13" [firmware/nnet_utils/nnet_dense_latency.h:58]   --->   Operation 176 'sub' 'sub_ln58_27' <Predicate = true> <Delay = 1.73> <CoreInst = "Adder">   --->   Core 1 'Adder' <Latency = 0> <II = 1> <Delay = 1.73> <FuncUnit> <Opcode : 'add' 'sub'> <InPorts = 2> <OutPorts = 1>
ST_1 : Operation 177 [1/1] (3.72ns) (root node of TernaryAdder)   --->   "%add_ln58_15 = add i10 %sub_ln58_24, i10 %sext_ln17_14" [firmware/nnet_utils/nnet_dense_latency.h:58]   --->   Operation 177 'add' 'add_ln58_15' <Predicate = true> <Delay = 3.72> <CoreInst = "TAddSub">   --->   Core 10 'TAddSub' <Latency = 0> <II = 1> <Delay = 1.92> <IPBlock> <Opcode : 'add' 'sub'> <InPorts = 3> <OutPorts = 1> <Sync> <CReg>
ST_1 : Operation 178 [1/1] (0.00ns)   --->   "%sext_ln58_20 = sext i10 %add_ln58_15" [firmware/nnet_utils/nnet_dense_latency.h:58]   --->   Operation 178 'sext' 'sext_ln58_20' <Predicate = true> <Delay = 0.00>
ST_1 : Operation 179 [1/1] (1.91ns)   --->   "%sub_ln58_28 = sub i9 %sext_ln70_1, i9 %sext_ln70_2" [firmware/nnet_utils/nnet_dense_latency.h:58]   --->   Operation 179 'sub' 'sub_ln58_28' <Predicate = true> <Delay = 1.91> <CoreInst = "Adder">   --->   Core 1 'Adder' <Latency = 0> <II = 1> <Delay = 1.91> <FuncUnit> <Opcode : 'add' 'sub'> <InPorts = 2> <OutPorts = 1>
ST_1 : Operation 180 [1/1] (0.00ns)   --->   "%sext_ln58_21 = sext i9 %sub_ln58_28" [firmware/nnet_utils/nnet_dense_latency.h:58]   --->   Operation 180 'sext' 'sext_ln58_21' <Predicate = true> <Delay = 0.00>
ST_1 : Operation 181 [1/1] (3.72ns) (root node of TernaryAdder)   --->   "%add_ln58_16 = add i10 %sext_ln58_21, i10 %sub_ln58_5" [firmware/nnet_utils/nnet_dense_latency.h:58]   --->   Operation 181 'add' 'add_ln58_16' <Predicate = true> <Delay = 3.72> <CoreInst = "TAddSub">   --->   Core 10 'TAddSub' <Latency = 0> <II = 1> <Delay = 1.92> <IPBlock> <Opcode : 'add' 'sub'> <InPorts = 3> <OutPorts = 1> <Sync> <CReg>
ST_1 : Operation 182 [1/1] (1.91ns)   --->   "%add_ln58_17 = add i9 %sext_ln73_1, i9 %sext_ln70_2" [firmware/nnet_utils/nnet_dense_latency.h:58]   --->   Operation 182 'add' 'add_ln58_17' <Predicate = true> <Delay = 1.91> <CoreInst = "Adder">   --->   Core 1 'Adder' <Latency = 0> <II = 1> <Delay = 1.91> <FuncUnit> <Opcode : 'add' 'sub'> <InPorts = 2> <OutPorts = 1>
ST_1 : Operation 183 [1/1] (0.00ns)   --->   "%sext_ln58_22 = sext i9 %add_ln58_17" [firmware/nnet_utils/nnet_dense_latency.h:58]   --->   Operation 183 'sext' 'sext_ln58_22' <Predicate = true> <Delay = 0.00>
ST_1 : Operation 184 [1/1] (1.82ns)   --->   "%add_ln58_18 = add i10 %sext_ln58_22, i10 %sext_ln58_2" [firmware/nnet_utils/nnet_dense_latency.h:58]   --->   Operation 184 'add' 'add_ln58_18' <Predicate = true> <Delay = 1.82> <CoreInst = "Adder">   --->   Core 1 'Adder' <Latency = 0> <II = 1> <Delay = 1.82> <FuncUnit> <Opcode : 'add' 'sub'> <InPorts = 2> <OutPorts = 1>
ST_1 : Operation 185 [1/1] (0.00ns) (grouped into TernaryAdder)   --->   "%sub_ln58_29 = sub i10 %sext_ln58_1, i10 %sext_ln17_14" [firmware/nnet_utils/nnet_dense_latency.h:58]   --->   Operation 185 'sub' 'sub_ln58_29' <Predicate = true> <Delay = 0.00> <CoreInst = "TAddSub">   --->   Core 10 'TAddSub' <Latency = 0> <II = 1> <Delay = 1.92> <IPBlock> <Opcode : 'add' 'sub'> <InPorts = 3> <OutPorts = 1> <Sync> <CReg>
ST_1 : Operation 186 [1/1] (1.73ns)   --->   "%add_ln58_19 = add i10 %add_ln58_4, i10 %sext_ln17_12" [firmware/nnet_utils/nnet_dense_latency.h:58]   --->   Operation 186 'add' 'add_ln58_19' <Predicate = true> <Delay = 1.73> <CoreInst = "Adder">   --->   Core 1 'Adder' <Latency = 0> <II = 1> <Delay = 1.73> <FuncUnit> <Opcode : 'add' 'sub'> <InPorts = 2> <OutPorts = 1>
ST_1 : Operation 187 [1/1] (0.00ns)   --->   "%sext_ln58_23 = sext i9 %sub_ln58_17" [firmware/nnet_utils/nnet_dense_latency.h:58]   --->   Operation 187 'sext' 'sext_ln58_23' <Predicate = true> <Delay = 0.00>
ST_1 : Operation 188 [1/1] (0.00ns) (grouped into TernaryAdder)   --->   "%sub_ln58_30 = sub i10 %sext_ln58_23, i10 %sext_ln17_14" [firmware/nnet_utils/nnet_dense_latency.h:58]   --->   Operation 188 'sub' 'sub_ln58_30' <Predicate = true> <Delay = 0.00> <CoreInst = "TAddSub">   --->   Core 10 'TAddSub' <Latency = 0> <II = 1> <Delay = 1.92> <IPBlock> <Opcode : 'add' 'sub'> <InPorts = 3> <OutPorts = 1> <Sync> <CReg>
ST_1 : Operation 189 [1/1] (1.91ns)   --->   "%add_ln58_20 = add i9 %sext_ln70_1, i9 %sext_ln70_3" [firmware/nnet_utils/nnet_dense_latency.h:58]   --->   Operation 189 'add' 'add_ln58_20' <Predicate = true> <Delay = 1.91> <CoreInst = "Adder">   --->   Core 1 'Adder' <Latency = 0> <II = 1> <Delay = 1.91> <FuncUnit> <Opcode : 'add' 'sub'> <InPorts = 2> <OutPorts = 1>
ST_1 : Operation 190 [1/1] (0.00ns)   --->   "%sext_ln58_24 = sext i9 %add_ln58_20" [firmware/nnet_utils/nnet_dense_latency.h:58]   --->   Operation 190 'sext' 'sext_ln58_24' <Predicate = true> <Delay = 0.00>
ST_1 : Operation 191 [1/1] (3.72ns) (root node of TernaryAdder)   --->   "%add_ln58_21 = add i10 %sext_ln58_24, i10 %sub_ln58_30" [firmware/nnet_utils/nnet_dense_latency.h:58]   --->   Operation 191 'add' 'add_ln58_21' <Predicate = true> <Delay = 3.72> <CoreInst = "TAddSub">   --->   Core 10 'TAddSub' <Latency = 0> <II = 1> <Delay = 1.92> <IPBlock> <Opcode : 'add' 'sub'> <InPorts = 3> <OutPorts = 1> <Sync> <CReg>
ST_1 : Operation 192 [1/1] (1.73ns)   --->   "%add_ln58_22 = add i10 %add_ln58_12, i10 %sext_ln17_18" [firmware/nnet_utils/nnet_dense_latency.h:58]   --->   Operation 192 'add' 'add_ln58_22' <Predicate = true> <Delay = 1.73> <CoreInst = "Adder">   --->   Core 1 'Adder' <Latency = 0> <II = 1> <Delay = 1.73> <FuncUnit> <Opcode : 'add' 'sub'> <InPorts = 2> <OutPorts = 1>
ST_1 : Operation 193 [1/1] (0.00ns)   --->   "%sext_ln58_25 = sext i10 %add_ln58_6" [firmware/nnet_utils/nnet_dense_latency.h:58]   --->   Operation 193 'sext' 'sext_ln58_25' <Predicate = true> <Delay = 0.00>
ST_1 : Operation 194 [1/1] (1.73ns)   --->   "%sub_ln58_31 = sub i11 %sext_ln58_25, i11 %sext_ln17_15" [firmware/nnet_utils/nnet_dense_latency.h:58]   --->   Operation 194 'sub' 'sub_ln58_31' <Predicate = true> <Delay = 1.73> <CoreInst = "Adder">   --->   Core 1 'Adder' <Latency = 0> <II = 1> <Delay = 1.73> <FuncUnit> <Opcode : 'add' 'sub'> <InPorts = 2> <OutPorts = 1>
ST_1 : Operation 195 [1/1] (1.73ns)   --->   "%add_ln58_23 = add i10 %add_ln58_4, i10 %sext_ln17_16" [firmware/nnet_utils/nnet_dense_latency.h:58]   --->   Operation 195 'add' 'add_ln58_23' <Predicate = true> <Delay = 1.73> <CoreInst = "Adder">   --->   Core 1 'Adder' <Latency = 0> <II = 1> <Delay = 1.73> <FuncUnit> <Opcode : 'add' 'sub'> <InPorts = 2> <OutPorts = 1>
ST_1 : Operation 196 [1/1] (0.00ns)   --->   "%sext_ln58_26 = sext i10 %add_ln58_7" [firmware/nnet_utils/nnet_dense_latency.h:58]   --->   Operation 196 'sext' 'sext_ln58_26' <Predicate = true> <Delay = 0.00>
ST_1 : Operation 197 [1/1] (1.73ns)   --->   "%sub_ln58_32 = sub i11 %sext_ln58_26, i11 %sext_ln17_15" [firmware/nnet_utils/nnet_dense_latency.h:58]   --->   Operation 197 'sub' 'sub_ln58_32' <Predicate = true> <Delay = 1.73> <CoreInst = "Adder">   --->   Core 1 'Adder' <Latency = 0> <II = 1> <Delay = 1.73> <FuncUnit> <Opcode : 'add' 'sub'> <InPorts = 2> <OutPorts = 1>
ST_1 : Operation 198 [1/1] (1.73ns)   --->   "%add_ln58_24 = add i10 %add_ln58_12, i10 %sext_ln17_16" [firmware/nnet_utils/nnet_dense_latency.h:58]   --->   Operation 198 'add' 'add_ln58_24' <Predicate = true> <Delay = 1.73> <CoreInst = "Adder">   --->   Core 1 'Adder' <Latency = 0> <II = 1> <Delay = 1.73> <FuncUnit> <Opcode : 'add' 'sub'> <InPorts = 2> <OutPorts = 1>
ST_1 : Operation 199 [1/1] (0.00ns)   --->   "%sext_ln58_27 = sext i10 %add_ln58_16" [firmware/nnet_utils/nnet_dense_latency.h:58]   --->   Operation 199 'sext' 'sext_ln58_27' <Predicate = true> <Delay = 0.00>
ST_1 : Operation 200 [1/1] (1.73ns)   --->   "%sub_ln58_33 = sub i11 %sext_ln58_27, i11 %sext_ln17_15" [firmware/nnet_utils/nnet_dense_latency.h:58]   --->   Operation 200 'sub' 'sub_ln58_33' <Predicate = true> <Delay = 1.73> <CoreInst = "Adder">   --->   Core 1 'Adder' <Latency = 0> <II = 1> <Delay = 1.73> <FuncUnit> <Opcode : 'add' 'sub'> <InPorts = 2> <OutPorts = 1>
ST_1 : Operation 201 [1/1] (1.91ns)   --->   "%sub_ln58_34 = sub i9 %sext_ln70_2, i9 %sext_ln70_3" [firmware/nnet_utils/nnet_dense_latency.h:58]   --->   Operation 201 'sub' 'sub_ln58_34' <Predicate = true> <Delay = 1.91> <CoreInst = "Adder">   --->   Core 1 'Adder' <Latency = 0> <II = 1> <Delay = 1.91> <FuncUnit> <Opcode : 'add' 'sub'> <InPorts = 2> <OutPorts = 1>
ST_1 : Operation 202 [1/1] (0.00ns)   --->   "%sext_ln58_28 = sext i9 %sub_ln58_34" [firmware/nnet_utils/nnet_dense_latency.h:58]   --->   Operation 202 'sext' 'sext_ln58_28' <Predicate = true> <Delay = 0.00>
ST_1 : Operation 203 [1/1] (1.82ns)   --->   "%add_ln58_25 = add i10 %sext_ln58_28, i10 %sext_ln58_11" [firmware/nnet_utils/nnet_dense_latency.h:58]   --->   Operation 203 'add' 'add_ln58_25' <Predicate = true> <Delay = 1.82> <CoreInst = "Adder">   --->   Core 1 'Adder' <Latency = 0> <II = 1> <Delay = 1.82> <FuncUnit> <Opcode : 'add' 'sub'> <InPorts = 2> <OutPorts = 1>
ST_1 : Operation 204 [1/1] (3.72ns) (root node of TernaryAdder)   --->   "%add_ln58_26 = add i10 %sub_ln58_29, i10 %sext_ln17_18" [firmware/nnet_utils/nnet_dense_latency.h:58]   --->   Operation 204 'add' 'add_ln58_26' <Predicate = true> <Delay = 3.72> <CoreInst = "TAddSub">   --->   Core 10 'TAddSub' <Latency = 0> <II = 1> <Delay = 1.92> <IPBlock> <Opcode : 'add' 'sub'> <InPorts = 3> <OutPorts = 1> <Sync> <CReg>
ST_1 : Operation 205 [1/1] (1.91ns)   --->   "%sub_ln58_35 = sub i9 %sext_ln73_1, i9 %sext_ln70_3" [firmware/nnet_utils/nnet_dense_latency.h:58]   --->   Operation 205 'sub' 'sub_ln58_35' <Predicate = true> <Delay = 1.91> <CoreInst = "Adder">   --->   Core 1 'Adder' <Latency = 0> <II = 1> <Delay = 1.91> <FuncUnit> <Opcode : 'add' 'sub'> <InPorts = 2> <OutPorts = 1>
ST_1 : Operation 206 [1/1] (0.00ns)   --->   "%sext_ln58_29 = sext i9 %sub_ln58_35" [firmware/nnet_utils/nnet_dense_latency.h:58]   --->   Operation 206 'sext' 'sext_ln58_29' <Predicate = true> <Delay = 0.00>
ST_1 : Operation 207 [1/1] (1.82ns)   --->   "%add_ln58_27 = add i10 %sext_ln58_29, i10 %sext_ln58_7" [firmware/nnet_utils/nnet_dense_latency.h:58]   --->   Operation 207 'add' 'add_ln58_27' <Predicate = true> <Delay = 1.82> <CoreInst = "Adder">   --->   Core 1 'Adder' <Latency = 0> <II = 1> <Delay = 1.82> <FuncUnit> <Opcode : 'add' 'sub'> <InPorts = 2> <OutPorts = 1>
ST_1 : Operation 208 [1/1] (1.91ns)   --->   "%sub_ln58_36 = sub i9 %sext_ln70_3, i9 %sext_ln70_4" [firmware/nnet_utils/nnet_dense_latency.h:58]   --->   Operation 208 'sub' 'sub_ln58_36' <Predicate = true> <Delay = 1.91> <CoreInst = "Adder">   --->   Core 1 'Adder' <Latency = 0> <II = 1> <Delay = 1.91> <FuncUnit> <Opcode : 'add' 'sub'> <InPorts = 2> <OutPorts = 1>
ST_1 : Operation 209 [1/1] (0.00ns)   --->   "%sext_ln58_30 = sext i9 %sub_ln58_36" [firmware/nnet_utils/nnet_dense_latency.h:58]   --->   Operation 209 'sext' 'sext_ln58_30' <Predicate = true> <Delay = 0.00>
ST_1 : Operation 210 [1/1] (1.82ns)   --->   "%add_ln58_28 = add i10 %sext_ln58_30, i10 %sext_ln58_17" [firmware/nnet_utils/nnet_dense_latency.h:58]   --->   Operation 210 'add' 'add_ln58_28' <Predicate = true> <Delay = 1.82> <CoreInst = "Adder">   --->   Core 1 'Adder' <Latency = 0> <II = 1> <Delay = 1.82> <FuncUnit> <Opcode : 'add' 'sub'> <InPorts = 2> <OutPorts = 1>
ST_1 : Operation 211 [1/1] (0.00ns) (grouped into TernaryAdder)   --->   "%add_ln58_29 = add i11 %sext_ln58_5, i11 %sext_ln17_8" [firmware/nnet_utils/nnet_dense_latency.h:58]   --->   Operation 211 'add' 'add_ln58_29' <Predicate = true> <Delay = 0.00> <CoreInst = "TAddSub">   --->   Core 10 'TAddSub' <Latency = 0> <II = 1> <Delay = 1.92> <IPBlock> <Opcode : 'add' 'sub'> <InPorts = 3> <OutPorts = 1> <Sync> <CReg>
ST_1 : Operation 212 [1/1] (1.91ns)   --->   "%sub_ln58_37 = sub i9 %sext_ln70_4, i9 %sext_ln70_3" [firmware/nnet_utils/nnet_dense_latency.h:58]   --->   Operation 212 'sub' 'sub_ln58_37' <Predicate = true> <Delay = 1.91> <CoreInst = "Adder">   --->   Core 1 'Adder' <Latency = 0> <II = 1> <Delay = 1.91> <FuncUnit> <Opcode : 'add' 'sub'> <InPorts = 2> <OutPorts = 1>
ST_1 : Operation 213 [1/1] (0.00ns)   --->   "%sext_ln58_31 = sext i9 %sub_ln58_37" [firmware/nnet_utils/nnet_dense_latency.h:58]   --->   Operation 213 'sext' 'sext_ln58_31' <Predicate = true> <Delay = 0.00>
ST_1 : Operation 214 [1/1] (1.82ns)   --->   "%sub_ln58_38 = sub i10 %sext_ln58_31, i10 %sext_ln17_14" [firmware/nnet_utils/nnet_dense_latency.h:58]   --->   Operation 214 'sub' 'sub_ln58_38' <Predicate = true> <Delay = 1.82> <CoreInst = "Adder">   --->   Core 1 'Adder' <Latency = 0> <II = 1> <Delay = 1.82> <FuncUnit> <Opcode : 'add' 'sub'> <InPorts = 2> <OutPorts = 1>
ST_1 : Operation 215 [1/1] (0.00ns)   --->   "%sext_ln58_32 = sext i10 %sub_ln58_38" [firmware/nnet_utils/nnet_dense_latency.h:58]   --->   Operation 215 'sext' 'sext_ln58_32' <Predicate = true> <Delay = 0.00>
ST_1 : Operation 216 [1/1] (3.75ns) (root node of TernaryAdder)   --->   "%add_ln58_30 = add i11 %sext_ln58_32, i11 %add_ln58_29" [firmware/nnet_utils/nnet_dense_latency.h:58]   --->   Operation 216 'add' 'add_ln58_30' <Predicate = true> <Delay = 3.75> <CoreInst = "TAddSub">   --->   Core 10 'TAddSub' <Latency = 0> <II = 1> <Delay = 1.92> <IPBlock> <Opcode : 'add' 'sub'> <InPorts = 3> <OutPorts = 1> <Sync> <CReg>
ST_1 : Operation 217 [1/1] (1.91ns)   --->   "%add_ln58_31 = add i9 %sext_ln70_4, i9 %sext_ln73_1" [firmware/nnet_utils/nnet_dense_latency.h:58]   --->   Operation 217 'add' 'add_ln58_31' <Predicate = true> <Delay = 1.91> <CoreInst = "Adder">   --->   Core 1 'Adder' <Latency = 0> <II = 1> <Delay = 1.91> <FuncUnit> <Opcode : 'add' 'sub'> <InPorts = 2> <OutPorts = 1>
ST_1 : Operation 218 [1/1] (0.00ns)   --->   "%sext_ln58_33 = sext i9 %add_ln58_31" [firmware/nnet_utils/nnet_dense_latency.h:58]   --->   Operation 218 'sext' 'sext_ln58_33' <Predicate = true> <Delay = 0.00>
ST_1 : Operation 219 [1/1] (0.00ns)   --->   "%sext_ln58_34 = sext i10 %add_ln58_25" [firmware/nnet_utils/nnet_dense_latency.h:58]   --->   Operation 219 'sext' 'sext_ln58_34' <Predicate = true> <Delay = 0.00>
ST_1 : Operation 220 [1/1] (1.73ns)   --->   "%sub_ln58_39 = sub i11 %sext_ln58_34, i11 %sext_ln17_20" [firmware/nnet_utils/nnet_dense_latency.h:58]   --->   Operation 220 'sub' 'sub_ln58_39' <Predicate = true> <Delay = 1.73> <CoreInst = "Adder">   --->   Core 1 'Adder' <Latency = 0> <II = 1> <Delay = 1.73> <FuncUnit> <Opcode : 'add' 'sub'> <InPorts = 2> <OutPorts = 1>
ST_1 : Operation 221 [1/1] (3.72ns) (root node of TernaryAdder)   --->   "%add_ln58_32 = add i10 %sub_ln58_25, i10 %sext_ln17_19" [firmware/nnet_utils/nnet_dense_latency.h:58]   --->   Operation 221 'add' 'add_ln58_32' <Predicate = true> <Delay = 3.72> <CoreInst = "TAddSub">   --->   Core 10 'TAddSub' <Latency = 0> <II = 1> <Delay = 1.92> <IPBlock> <Opcode : 'add' 'sub'> <InPorts = 3> <OutPorts = 1> <Sync> <CReg>
ST_1 : Operation 222 [1/1] (3.72ns) (root node of TernaryAdder)   --->   "%add_ln58_33 = add i10 %sub_ln58_26, i10 %sext_ln17_19" [firmware/nnet_utils/nnet_dense_latency.h:58]   --->   Operation 222 'add' 'add_ln58_33' <Predicate = true> <Delay = 3.72> <CoreInst = "TAddSub">   --->   Core 10 'TAddSub' <Latency = 0> <II = 1> <Delay = 1.92> <IPBlock> <Opcode : 'add' 'sub'> <InPorts = 3> <OutPorts = 1> <Sync> <CReg>
ST_1 : Operation 223 [1/1] (0.00ns) (grouped into TernaryAdder)   --->   "%sub_ln58_14 = sub i10 %sext_ln58_6, i10 %sext_ln17_24" [firmware/nnet_utils/nnet_dense_latency.h:58]   --->   Operation 223 'sub' 'sub_ln58_14' <Predicate = true> <Delay = 0.00> <CoreInst = "TAddSub">   --->   Core 10 'TAddSub' <Latency = 0> <II = 1> <Delay = 1.92> <IPBlock> <Opcode : 'add' 'sub'> <InPorts = 3> <OutPorts = 1> <Sync> <CReg>
ST_1 : Operation 224 [1/1] (0.00ns)   --->   "%sext_ln58_35 = sext i8 %data_8_val_read" [firmware/nnet_utils/nnet_dense_latency.h:58]   --->   Operation 224 'sext' 'sext_ln58_35' <Predicate = true> <Delay = 0.00>
ST_1 : Operation 225 [1/1] (0.00ns)   --->   "%sext_ln58_36 = sext i11 %add_ln58_30" [firmware/nnet_utils/nnet_dense_latency.h:58]   --->   Operation 225 'sext' 'sext_ln58_36' <Predicate = true> <Delay = 0.00>
ST_1 : Operation 226 [1/1] (1.63ns)   --->   "%sub_ln58_40 = sub i12 %sext_ln58_36, i12 %sext_ln58_35" [firmware/nnet_utils/nnet_dense_latency.h:58]   --->   Operation 226 'sub' 'sub_ln58_40' <Predicate = true> <Delay = 1.63> <CoreInst = "Adder">   --->   Core 1 'Adder' <Latency = 0> <II = 1> <Delay = 1.63> <FuncUnit> <Opcode : 'add' 'sub'> <InPorts = 2> <OutPorts = 1>
ST_1 : Operation 227 [1/1] (0.00ns) (grouped into TernaryAdder)   --->   "%sub_ln58_15 = sub i10 %sext_ln17_2, i10 %sext_ln17_24" [firmware/nnet_utils/nnet_dense_latency.h:58]   --->   Operation 227 'sub' 'sub_ln58_15' <Predicate = true> <Delay = 0.00> <CoreInst = "TAddSub">   --->   Core 10 'TAddSub' <Latency = 0> <II = 1> <Delay = 1.92> <IPBlock> <Opcode : 'add' 'sub'> <InPorts = 3> <OutPorts = 1> <Sync> <CReg>
ST_1 : Operation 228 [1/1] (1.91ns)   --->   "%sub_ln58_41 = sub i9 %sext_ln70_4, i9 %sext_ln70_5" [firmware/nnet_utils/nnet_dense_latency.h:58]   --->   Operation 228 'sub' 'sub_ln58_41' <Predicate = true> <Delay = 1.91> <CoreInst = "Adder">   --->   Core 1 'Adder' <Latency = 0> <II = 1> <Delay = 1.91> <FuncUnit> <Opcode : 'add' 'sub'> <InPorts = 2> <OutPorts = 1>
ST_1 : Operation 229 [1/1] (0.00ns)   --->   "%sext_ln58_37 = sext i9 %sub_ln58_41" [firmware/nnet_utils/nnet_dense_latency.h:58]   --->   Operation 229 'sext' 'sext_ln58_37' <Predicate = true> <Delay = 0.00>
ST_1 : Operation 230 [1/1] (1.82ns)   --->   "%add_ln58_34 = add i10 %sext_ln58_37, i10 %sext_ln58_15" [firmware/nnet_utils/nnet_dense_latency.h:58]   --->   Operation 230 'add' 'add_ln58_34' <Predicate = true> <Delay = 1.82> <CoreInst = "Adder">   --->   Core 1 'Adder' <Latency = 0> <II = 1> <Delay = 1.82> <FuncUnit> <Opcode : 'add' 'sub'> <InPorts = 2> <OutPorts = 1>
ST_1 : Operation 231 [1/1] (3.72ns) (root node of TernaryAdder)   --->   "%add_ln58_35 = add i10 %sub_ln58_14, i10 %sext_ln17_26" [firmware/nnet_utils/nnet_dense_latency.h:58]   --->   Operation 231 'add' 'add_ln58_35' <Predicate = true> <Delay = 3.72> <CoreInst = "TAddSub">   --->   Core 10 'TAddSub' <Latency = 0> <II = 1> <Delay = 1.92> <IPBlock> <Opcode : 'add' 'sub'> <InPorts = 3> <OutPorts = 1> <Sync> <CReg>
ST_1 : Operation 232 [1/1] (0.00ns) (grouped into TernaryAdder)   --->   "%add_ln58_36 = add i11 %sub_ln58_19, i11 %sext_ln17_11" [firmware/nnet_utils/nnet_dense_latency.h:58]   --->   Operation 232 'add' 'add_ln58_36' <Predicate = true> <Delay = 0.00> <CoreInst = "TAddSub">   --->   Core 10 'TAddSub' <Latency = 0> <II = 1> <Delay = 1.92> <IPBlock> <Opcode : 'add' 'sub'> <InPorts = 3> <OutPorts = 1> <Sync> <CReg>
ST_1 : Operation 233 [1/1] (1.91ns)   --->   "%add_ln58_37 = add i9 %sext_ln70_4, i9 %sext_ln73_3" [firmware/nnet_utils/nnet_dense_latency.h:58]   --->   Operation 233 'add' 'add_ln58_37' <Predicate = true> <Delay = 1.91> <CoreInst = "Adder">   --->   Core 1 'Adder' <Latency = 0> <II = 1> <Delay = 1.91> <FuncUnit> <Opcode : 'add' 'sub'> <InPorts = 2> <OutPorts = 1>
ST_1 : Operation 234 [1/1] (0.00ns)   --->   "%sext_ln58_38 = sext i9 %add_ln58_37" [firmware/nnet_utils/nnet_dense_latency.h:58]   --->   Operation 234 'sext' 'sext_ln58_38' <Predicate = true> <Delay = 0.00>
ST_1 : Operation 235 [1/1] (1.82ns)   --->   "%sub_ln58_42 = sub i10 %sext_ln58_38, i10 %sext_ln17_24" [firmware/nnet_utils/nnet_dense_latency.h:58]   --->   Operation 235 'sub' 'sub_ln58_42' <Predicate = true> <Delay = 1.82> <CoreInst = "Adder">   --->   Core 1 'Adder' <Latency = 0> <II = 1> <Delay = 1.82> <FuncUnit> <Opcode : 'add' 'sub'> <InPorts = 2> <OutPorts = 1>
ST_1 : Operation 236 [1/1] (0.00ns)   --->   "%sext_ln58_39 = sext i10 %sub_ln58_42" [firmware/nnet_utils/nnet_dense_latency.h:58]   --->   Operation 236 'sext' 'sext_ln58_39' <Predicate = true> <Delay = 0.00>
ST_1 : Operation 237 [1/1] (3.75ns) (root node of TernaryAdder)   --->   "%add_ln58_38 = add i11 %sext_ln58_39, i11 %add_ln58_36" [firmware/nnet_utils/nnet_dense_latency.h:58]   --->   Operation 237 'add' 'add_ln58_38' <Predicate = true> <Delay = 3.75> <CoreInst = "TAddSub">   --->   Core 10 'TAddSub' <Latency = 0> <II = 1> <Delay = 1.92> <IPBlock> <Opcode : 'add' 'sub'> <InPorts = 3> <OutPorts = 1> <Sync> <CReg>
ST_1 : Operation 238 [1/1] (0.00ns) (grouped into TernaryAdder)   --->   "%sub_ln58_16 = sub i10 %sext_ln17_3, i10 %sext_ln73_2" [firmware/nnet_utils/nnet_dense_latency.h:58]   --->   Operation 238 'sub' 'sub_ln58_16' <Predicate = true> <Delay = 0.00> <CoreInst = "TAddSub">   --->   Core 10 'TAddSub' <Latency = 0> <II = 1> <Delay = 1.92> <IPBlock> <Opcode : 'add' 'sub'> <InPorts = 3> <OutPorts = 1> <Sync> <CReg>
ST_1 : Operation 239 [1/1] (0.00ns)   --->   "%sext_ln58_41 = sext i10 %add_ln58_28" [firmware/nnet_utils/nnet_dense_latency.h:58]   --->   Operation 239 'sext' 'sext_ln58_41' <Predicate = true> <Delay = 0.00>
ST_1 : Operation 240 [1/1] (1.73ns)   --->   "%sub_ln58_43 = sub i11 %sext_ln58_41, i11 %sext_ln17_27" [firmware/nnet_utils/nnet_dense_latency.h:58]   --->   Operation 240 'sub' 'sub_ln58_43' <Predicate = true> <Delay = 1.73> <CoreInst = "Adder">   --->   Core 1 'Adder' <Latency = 0> <II = 1> <Delay = 1.73> <FuncUnit> <Opcode : 'add' 'sub'> <InPorts = 2> <OutPorts = 1>
ST_1 : Operation 241 [1/1] (3.72ns) (root node of TernaryAdder)   --->   "%add_ln58_39 = add i10 %sub_ln58_11, i10 %sext_ln17_26" [firmware/nnet_utils/nnet_dense_latency.h:58]   --->   Operation 241 'add' 'add_ln58_39' <Predicate = true> <Delay = 3.72> <CoreInst = "TAddSub">   --->   Core 10 'TAddSub' <Latency = 0> <II = 1> <Delay = 1.92> <IPBlock> <Opcode : 'add' 'sub'> <InPorts = 3> <OutPorts = 1> <Sync> <CReg>
ST_1 : Operation 242 [1/1] (0.00ns) (grouped into TernaryAdder)   --->   "%add_ln58_40 = add i11 %sub_ln58_27, i11 %sext_ln17_17" [firmware/nnet_utils/nnet_dense_latency.h:58]   --->   Operation 242 'add' 'add_ln58_40' <Predicate = true> <Delay = 0.00> <CoreInst = "TAddSub">   --->   Core 10 'TAddSub' <Latency = 0> <II = 1> <Delay = 1.92> <IPBlock> <Opcode : 'add' 'sub'> <InPorts = 3> <OutPorts = 1> <Sync> <CReg>
ST_1 : Operation 243 [1/1] (1.91ns)   --->   "%sub_ln58_44 = sub i9 %sext_ln73_3, i9 %sext_ln70_5" [firmware/nnet_utils/nnet_dense_latency.h:58]   --->   Operation 243 'sub' 'sub_ln58_44' <Predicate = true> <Delay = 1.91> <CoreInst = "Adder">   --->   Core 1 'Adder' <Latency = 0> <II = 1> <Delay = 1.91> <FuncUnit> <Opcode : 'add' 'sub'> <InPorts = 2> <OutPorts = 1>
ST_1 : Operation 244 [1/1] (0.00ns)   --->   "%sext_ln58_42 = sext i9 %sub_ln58_44" [firmware/nnet_utils/nnet_dense_latency.h:58]   --->   Operation 244 'sext' 'sext_ln58_42' <Predicate = true> <Delay = 0.00>
ST_1 : Operation 245 [1/1] (1.82ns)   --->   "%sub_ln58_45 = sub i10 %sext_ln58_42, i10 %sext_ln17_19" [firmware/nnet_utils/nnet_dense_latency.h:58]   --->   Operation 245 'sub' 'sub_ln58_45' <Predicate = true> <Delay = 1.82> <CoreInst = "Adder">   --->   Core 1 'Adder' <Latency = 0> <II = 1> <Delay = 1.82> <FuncUnit> <Opcode : 'add' 'sub'> <InPorts = 2> <OutPorts = 1>
ST_1 : Operation 246 [1/1] (0.00ns)   --->   "%sext_ln58_43 = sext i10 %sub_ln58_45" [firmware/nnet_utils/nnet_dense_latency.h:58]   --->   Operation 246 'sext' 'sext_ln58_43' <Predicate = true> <Delay = 0.00>
ST_1 : Operation 247 [1/1] (3.75ns) (root node of TernaryAdder)   --->   "%add_ln58_41 = add i11 %sext_ln58_43, i11 %add_ln58_40" [firmware/nnet_utils/nnet_dense_latency.h:58]   --->   Operation 247 'add' 'add_ln58_41' <Predicate = true> <Delay = 3.75> <CoreInst = "TAddSub">   --->   Core 10 'TAddSub' <Latency = 0> <II = 1> <Delay = 1.92> <IPBlock> <Opcode : 'add' 'sub'> <InPorts = 3> <OutPorts = 1> <Sync> <CReg>
ST_1 : Operation 248 [1/1] (3.72ns) (root node of TernaryAdder)   --->   "%add_ln58_42 = add i10 %sub_ln58_15, i10 %sext_ln17_26" [firmware/nnet_utils/nnet_dense_latency.h:58]   --->   Operation 248 'add' 'add_ln58_42' <Predicate = true> <Delay = 3.72> <CoreInst = "TAddSub">   --->   Core 10 'TAddSub' <Latency = 0> <II = 1> <Delay = 1.92> <IPBlock> <Opcode : 'add' 'sub'> <InPorts = 3> <OutPorts = 1> <Sync> <CReg>
ST_1 : Operation 249 [1/1] (1.82ns)   --->   "%add_ln58_43 = add i10 %sext_ln58_38, i10 %sext_ln58_12" [firmware/nnet_utils/nnet_dense_latency.h:58]   --->   Operation 249 'add' 'add_ln58_43' <Predicate = true> <Delay = 1.82> <CoreInst = "Adder">   --->   Core 1 'Adder' <Latency = 0> <II = 1> <Delay = 1.82> <FuncUnit> <Opcode : 'add' 'sub'> <InPorts = 2> <OutPorts = 1>
ST_1 : Operation 250 [1/1] (0.00ns)   --->   "%sext_ln58_44 = sext i10 %add_ln58_43" [firmware/nnet_utils/nnet_dense_latency.h:58]   --->   Operation 250 'sext' 'sext_ln58_44' <Predicate = true> <Delay = 0.00>
ST_1 : Operation 251 [1/1] (1.91ns)   --->   "%sub_ln58_46 = sub i9 %sext_ln70_3, i9 %sext_ln17_29" [firmware/nnet_utils/nnet_dense_latency.h:58]   --->   Operation 251 'sub' 'sub_ln58_46' <Predicate = true> <Delay = 1.91> <CoreInst = "Adder">   --->   Core 1 'Adder' <Latency = 0> <II = 1> <Delay = 1.91> <FuncUnit> <Opcode : 'add' 'sub'> <InPorts = 2> <OutPorts = 1>
ST_1 : Operation 252 [1/1] (0.00ns)   --->   "%sext_ln58_45 = sext i9 %sub_ln58_46" [firmware/nnet_utils/nnet_dense_latency.h:58]   --->   Operation 252 'sext' 'sext_ln58_45' <Predicate = true> <Delay = 0.00>
ST_1 : Operation 253 [1/1] (3.72ns) (root node of TernaryAdder)   --->   "%add_ln58_44 = add i10 %sext_ln58_45, i10 %sub_ln58_12" [firmware/nnet_utils/nnet_dense_latency.h:58]   --->   Operation 253 'add' 'add_ln58_44' <Predicate = true> <Delay = 3.72> <CoreInst = "TAddSub">   --->   Core 10 'TAddSub' <Latency = 0> <II = 1> <Delay = 1.92> <IPBlock> <Opcode : 'add' 'sub'> <InPorts = 3> <OutPorts = 1> <Sync> <CReg>
ST_1 : Operation 254 [1/1] (0.00ns) (grouped into TernaryAdder)   --->   "%add_ln58_45 = add i11 %sub_ln58_31, i11 %sext_ln17_25" [firmware/nnet_utils/nnet_dense_latency.h:58]   --->   Operation 254 'add' 'add_ln58_45' <Predicate = true> <Delay = 0.00> <CoreInst = "TAddSub">   --->   Core 10 'TAddSub' <Latency = 0> <II = 1> <Delay = 1.92> <IPBlock> <Opcode : 'add' 'sub'> <InPorts = 3> <OutPorts = 1> <Sync> <CReg>
ST_1 : Operation 255 [1/1] (1.91ns)   --->   "%sub_ln58_47 = sub i9 %sext_ln70_5, i9 %sext_ln17_29" [firmware/nnet_utils/nnet_dense_latency.h:58]   --->   Operation 255 'sub' 'sub_ln58_47' <Predicate = true> <Delay = 1.91> <CoreInst = "Adder">   --->   Core 1 'Adder' <Latency = 0> <II = 1> <Delay = 1.91> <FuncUnit> <Opcode : 'add' 'sub'> <InPorts = 2> <OutPorts = 1>
ST_1 : Operation 256 [1/1] (0.00ns)   --->   "%sext_ln58_46 = sext i9 %sub_ln58_47" [firmware/nnet_utils/nnet_dense_latency.h:58]   --->   Operation 256 'sext' 'sext_ln58_46' <Predicate = true> <Delay = 0.00>
ST_1 : Operation 257 [1/1] (3.75ns) (root node of TernaryAdder)   --->   "%add_ln58_46 = add i11 %sext_ln58_46, i11 %add_ln58_45" [firmware/nnet_utils/nnet_dense_latency.h:58]   --->   Operation 257 'add' 'add_ln58_46' <Predicate = true> <Delay = 3.75> <CoreInst = "TAddSub">   --->   Core 10 'TAddSub' <Latency = 0> <II = 1> <Delay = 1.92> <IPBlock> <Opcode : 'add' 'sub'> <InPorts = 3> <OutPorts = 1> <Sync> <CReg>
ST_1 : Operation 258 [1/1] (0.00ns)   --->   "%sext_ln58_47 = sext i10 %add_ln58_13" [firmware/nnet_utils/nnet_dense_latency.h:58]   --->   Operation 258 'sext' 'sext_ln58_47' <Predicate = true> <Delay = 0.00>
ST_1 : Operation 259 [1/1] (0.00ns) (grouped into TernaryAdder)   --->   "%sub_ln58_48 = sub i11 %sext_ln58_47, i11 %sext_ln17_27" [firmware/nnet_utils/nnet_dense_latency.h:58]   --->   Operation 259 'sub' 'sub_ln58_48' <Predicate = true> <Delay = 0.00> <CoreInst = "TAddSub">   --->   Core 10 'TAddSub' <Latency = 0> <II = 1> <Delay = 1.92> <IPBlock> <Opcode : 'add' 'sub'> <InPorts = 3> <OutPorts = 1> <Sync> <CReg>
ST_1 : Operation 260 [1/1] (1.91ns)   --->   "%add_ln58_47 = add i9 %sext_ln70_3, i9 %sext_ln70_4" [firmware/nnet_utils/nnet_dense_latency.h:58]   --->   Operation 260 'add' 'add_ln58_47' <Predicate = true> <Delay = 1.91> <CoreInst = "Adder">   --->   Core 1 'Adder' <Latency = 0> <II = 1> <Delay = 1.91> <FuncUnit> <Opcode : 'add' 'sub'> <InPorts = 2> <OutPorts = 1>
ST_1 : Operation 261 [1/1] (0.00ns)   --->   "%sext_ln58_48 = sext i9 %add_ln58_47" [firmware/nnet_utils/nnet_dense_latency.h:58]   --->   Operation 261 'sext' 'sext_ln58_48' <Predicate = true> <Delay = 0.00>
ST_1 : Operation 262 [1/1] (1.82ns)   --->   "%sub_ln58_49 = sub i10 %sext_ln58_48, i10 %sext_ln17_28" [firmware/nnet_utils/nnet_dense_latency.h:58]   --->   Operation 262 'sub' 'sub_ln58_49' <Predicate = true> <Delay = 1.82> <CoreInst = "Adder">   --->   Core 1 'Adder' <Latency = 0> <II = 1> <Delay = 1.82> <FuncUnit> <Opcode : 'add' 'sub'> <InPorts = 2> <OutPorts = 1>
ST_1 : Operation 263 [1/1] (0.00ns)   --->   "%sext_ln58_49 = sext i10 %sub_ln58_49" [firmware/nnet_utils/nnet_dense_latency.h:58]   --->   Operation 263 'sext' 'sext_ln58_49' <Predicate = true> <Delay = 0.00>
ST_1 : Operation 264 [1/1] (3.75ns) (root node of TernaryAdder)   --->   "%add_ln58_48 = add i11 %sext_ln58_49, i11 %sub_ln58_48" [firmware/nnet_utils/nnet_dense_latency.h:58]   --->   Operation 264 'add' 'add_ln58_48' <Predicate = true> <Delay = 3.75> <CoreInst = "TAddSub">   --->   Core 10 'TAddSub' <Latency = 0> <II = 1> <Delay = 1.92> <IPBlock> <Opcode : 'add' 'sub'> <InPorts = 3> <OutPorts = 1> <Sync> <CReg>
ST_1 : Operation 265 [1/1] (0.00ns)   --->   "%sext_ln58_50 = sext i10 %add_ln58_39" [firmware/nnet_utils/nnet_dense_latency.h:58]   --->   Operation 265 'sext' 'sext_ln58_50' <Predicate = true> <Delay = 0.00>
ST_1 : Operation 266 [1/1] (1.73ns)   --->   "%sub_ln58_50 = sub i11 %sext_ln58_50, i11 %sext_ln17_30" [firmware/nnet_utils/nnet_dense_latency.h:58]   --->   Operation 266 'sub' 'sub_ln58_50' <Predicate = true> <Delay = 1.73> <CoreInst = "Adder">   --->   Core 1 'Adder' <Latency = 0> <II = 1> <Delay = 1.73> <FuncUnit> <Opcode : 'add' 'sub'> <InPorts = 2> <OutPorts = 1>
ST_1 : Operation 267 [1/1] (0.00ns)   --->   "%sext_ln58_51 = sext i10 %add_ln58_8" [firmware/nnet_utils/nnet_dense_latency.h:58]   --->   Operation 267 'sext' 'sext_ln58_51' <Predicate = true> <Delay = 0.00>
ST_1 : Operation 268 [1/1] (1.73ns)   --->   "%sub_ln58_51 = sub i11 %sext_ln58_51, i11 %sext_ln17_30" [firmware/nnet_utils/nnet_dense_latency.h:58]   --->   Operation 268 'sub' 'sub_ln58_51' <Predicate = true> <Delay = 1.73> <CoreInst = "Adder">   --->   Core 1 'Adder' <Latency = 0> <II = 1> <Delay = 1.73> <FuncUnit> <Opcode : 'add' 'sub'> <InPorts = 2> <OutPorts = 1>
ST_1 : Operation 269 [1/1] (0.00ns)   --->   "%sext_ln58_53 = sext i10 %add_ln58_18" [firmware/nnet_utils/nnet_dense_latency.h:58]   --->   Operation 269 'sext' 'sext_ln58_53' <Predicate = true> <Delay = 0.00>
ST_1 : Operation 270 [1/1] (0.00ns) (grouped into TernaryAdder)   --->   "%sub_ln58_53 = sub i11 %sext_ln58_53, i11 %sext_ln17_23" [firmware/nnet_utils/nnet_dense_latency.h:58]   --->   Operation 270 'sub' 'sub_ln58_53' <Predicate = true> <Delay = 0.00> <CoreInst = "TAddSub">   --->   Core 10 'TAddSub' <Latency = 0> <II = 1> <Delay = 1.92> <IPBlock> <Opcode : 'add' 'sub'> <InPorts = 3> <OutPorts = 1> <Sync> <CReg>
ST_1 : Operation 271 [1/1] (1.82ns)   --->   "%sub_ln58_54 = sub i10 %sext_ln58_45, i10 %sext_ln73_2" [firmware/nnet_utils/nnet_dense_latency.h:58]   --->   Operation 271 'sub' 'sub_ln58_54' <Predicate = true> <Delay = 1.82> <CoreInst = "Adder">   --->   Core 1 'Adder' <Latency = 0> <II = 1> <Delay = 1.82> <FuncUnit> <Opcode : 'add' 'sub'> <InPorts = 2> <OutPorts = 1>
ST_1 : Operation 272 [1/1] (0.00ns)   --->   "%sext_ln58_56 = sext i10 %sub_ln58_54" [firmware/nnet_utils/nnet_dense_latency.h:58]   --->   Operation 272 'sext' 'sext_ln58_56' <Predicate = true> <Delay = 0.00>
ST_1 : Operation 273 [1/1] (3.75ns) (root node of TernaryAdder)   --->   "%add_ln58_49 = add i11 %sext_ln58_56, i11 %sub_ln58_53" [firmware/nnet_utils/nnet_dense_latency.h:58]   --->   Operation 273 'add' 'add_ln58_49' <Predicate = true> <Delay = 3.75> <CoreInst = "TAddSub">   --->   Core 10 'TAddSub' <Latency = 0> <II = 1> <Delay = 1.92> <IPBlock> <Opcode : 'add' 'sub'> <InPorts = 3> <OutPorts = 1> <Sync> <CReg>
ST_1 : Operation 274 [1/1] (0.00ns)   --->   "%sext_ln58_57 = sext i10 %add_ln58_33" [firmware/nnet_utils/nnet_dense_latency.h:58]   --->   Operation 274 'sext' 'sext_ln58_57' <Predicate = true> <Delay = 0.00>
ST_1 : Operation 275 [1/1] (1.73ns)   --->   "%sub_ln58_55 = sub i11 %sext_ln58_57, i11 %sext_ln17_30" [firmware/nnet_utils/nnet_dense_latency.h:58]   --->   Operation 275 'sub' 'sub_ln58_55' <Predicate = true> <Delay = 1.73> <CoreInst = "Adder">   --->   Core 1 'Adder' <Latency = 0> <II = 1> <Delay = 1.73> <FuncUnit> <Opcode : 'add' 'sub'> <InPorts = 2> <OutPorts = 1>
ST_1 : Operation 276 [1/1] (0.00ns)   --->   "%sext_ln58_58 = sext i10 %add_ln58_35" [firmware/nnet_utils/nnet_dense_latency.h:58]   --->   Operation 276 'sext' 'sext_ln58_58' <Predicate = true> <Delay = 0.00>
ST_1 : Operation 277 [1/1] (1.73ns)   --->   "%sub_ln58_56 = sub i11 %sext_ln58_58, i11 %sext_ln17_36" [firmware/nnet_utils/nnet_dense_latency.h:58]   --->   Operation 277 'sub' 'sub_ln58_56' <Predicate = true> <Delay = 1.73> <CoreInst = "Adder">   --->   Core 1 'Adder' <Latency = 0> <II = 1> <Delay = 1.73> <FuncUnit> <Opcode : 'add' 'sub'> <InPorts = 2> <OutPorts = 1>
ST_1 : Operation 278 [1/1] (0.00ns)   --->   "%sext_ln58_59 = sext i11 %add_ln58_48" [firmware/nnet_utils/nnet_dense_latency.h:58]   --->   Operation 278 'sext' 'sext_ln58_59' <Predicate = true> <Delay = 0.00>
ST_1 : Operation 279 [1/1] (0.00ns) (grouped into TernaryAdder)   --->   "%sub_ln58_57 = sub i12 %sext_ln58_59, i12 %sext_ln17_35" [firmware/nnet_utils/nnet_dense_latency.h:58]   --->   Operation 279 'sub' 'sub_ln58_57' <Predicate = true> <Delay = 0.00> <CoreInst = "TAddSub">   --->   Core 10 'TAddSub' <Latency = 0> <II = 1> <Delay = 1.92> <IPBlock> <Opcode : 'add' 'sub'> <InPorts = 3> <OutPorts = 1> <Sync> <CReg>
ST_1 : Operation 280 [1/1] (0.00ns)   --->   "%sext_ln58_60 = sext i10 %add_ln58_24" [firmware/nnet_utils/nnet_dense_latency.h:58]   --->   Operation 280 'sext' 'sext_ln58_60' <Predicate = true> <Delay = 0.00>
ST_1 : Operation 281 [1/1] (0.00ns) (grouped into TernaryAdder)   --->   "%sub_ln58_58 = sub i11 %sext_ln58_60, i11 %sext_ln17_27" [firmware/nnet_utils/nnet_dense_latency.h:58]   --->   Operation 281 'sub' 'sub_ln58_58' <Predicate = true> <Delay = 0.00> <CoreInst = "TAddSub">   --->   Core 10 'TAddSub' <Latency = 0> <II = 1> <Delay = 1.92> <IPBlock> <Opcode : 'add' 'sub'> <InPorts = 3> <OutPorts = 1> <Sync> <CReg>
ST_1 : Operation 282 [1/1] (1.91ns)   --->   "%add_ln58_50 = add i9 %sext_ln17_29, i9 %sext_ln70_6" [firmware/nnet_utils/nnet_dense_latency.h:58]   --->   Operation 282 'add' 'add_ln58_50' <Predicate = true> <Delay = 1.91> <CoreInst = "Adder">   --->   Core 1 'Adder' <Latency = 0> <II = 1> <Delay = 1.91> <FuncUnit> <Opcode : 'add' 'sub'> <InPorts = 2> <OutPorts = 1>
ST_1 : Operation 283 [1/1] (0.00ns)   --->   "%sext_ln58_61 = sext i9 %add_ln58_50" [firmware/nnet_utils/nnet_dense_latency.h:58]   --->   Operation 283 'sext' 'sext_ln58_61' <Predicate = true> <Delay = 0.00>
ST_1 : Operation 284 [1/1] (1.82ns)   --->   "%add_ln58_51 = add i10 %sext_ln58_61, i10 %sext_ln17_24" [firmware/nnet_utils/nnet_dense_latency.h:58]   --->   Operation 284 'add' 'add_ln58_51' <Predicate = true> <Delay = 1.82> <CoreInst = "Adder">   --->   Core 1 'Adder' <Latency = 0> <II = 1> <Delay = 1.82> <FuncUnit> <Opcode : 'add' 'sub'> <InPorts = 2> <OutPorts = 1>
ST_1 : Operation 285 [1/1] (0.00ns)   --->   "%sext_ln58_62 = sext i10 %add_ln58_51" [firmware/nnet_utils/nnet_dense_latency.h:58]   --->   Operation 285 'sext' 'sext_ln58_62' <Predicate = true> <Delay = 0.00>
ST_1 : Operation 286 [1/1] (3.75ns) (root node of TernaryAdder)   --->   "%add_ln58_52 = add i11 %sext_ln58_62, i11 %sub_ln58_58" [firmware/nnet_utils/nnet_dense_latency.h:58]   --->   Operation 286 'add' 'add_ln58_52' <Predicate = true> <Delay = 3.75> <CoreInst = "TAddSub">   --->   Core 10 'TAddSub' <Latency = 0> <II = 1> <Delay = 1.92> <IPBlock> <Opcode : 'add' 'sub'> <InPorts = 3> <OutPorts = 1> <Sync> <CReg>
ST_1 : Operation 287 [1/1] (0.00ns)   --->   "%sext_ln58_63 = sext i10 %add_ln58_9" [firmware/nnet_utils/nnet_dense_latency.h:58]   --->   Operation 287 'sext' 'sext_ln58_63' <Predicate = true> <Delay = 0.00>
ST_1 : Operation 288 [1/1] (0.00ns) (grouped into TernaryAdder)   --->   "%sub_ln58_59 = sub i11 %sext_ln58_63, i11 %sext_ln17_30" [firmware/nnet_utils/nnet_dense_latency.h:58]   --->   Operation 288 'sub' 'sub_ln58_59' <Predicate = true> <Delay = 0.00> <CoreInst = "TAddSub">   --->   Core 10 'TAddSub' <Latency = 0> <II = 1> <Delay = 1.92> <IPBlock> <Opcode : 'add' 'sub'> <InPorts = 3> <OutPorts = 1> <Sync> <CReg>
ST_1 : Operation 289 [1/1] (1.91ns)   --->   "%add_ln58_53 = add i9 %sext_ln70_3, i9 %sext_ln70_6" [firmware/nnet_utils/nnet_dense_latency.h:58]   --->   Operation 289 'add' 'add_ln58_53' <Predicate = true> <Delay = 1.91> <CoreInst = "Adder">   --->   Core 1 'Adder' <Latency = 0> <II = 1> <Delay = 1.91> <FuncUnit> <Opcode : 'add' 'sub'> <InPorts = 2> <OutPorts = 1>
ST_1 : Operation 290 [1/1] (0.00ns)   --->   "%sext_ln58_64 = sext i9 %add_ln58_53" [firmware/nnet_utils/nnet_dense_latency.h:58]   --->   Operation 290 'sext' 'sext_ln58_64' <Predicate = true> <Delay = 0.00>
ST_1 : Operation 291 [1/1] (1.82ns)   --->   "%add_ln58_54 = add i10 %sext_ln58_64, i10 %sext_ln17_14" [firmware/nnet_utils/nnet_dense_latency.h:58]   --->   Operation 291 'add' 'add_ln58_54' <Predicate = true> <Delay = 1.82> <CoreInst = "Adder">   --->   Core 1 'Adder' <Latency = 0> <II = 1> <Delay = 1.82> <FuncUnit> <Opcode : 'add' 'sub'> <InPorts = 2> <OutPorts = 1>
ST_1 : Operation 292 [1/1] (0.00ns)   --->   "%sext_ln58_65 = sext i10 %add_ln58_54" [firmware/nnet_utils/nnet_dense_latency.h:58]   --->   Operation 292 'sext' 'sext_ln58_65' <Predicate = true> <Delay = 0.00>
ST_1 : Operation 293 [1/1] (3.75ns) (root node of TernaryAdder)   --->   "%add_ln58_55 = add i11 %sext_ln58_65, i11 %sub_ln58_59" [firmware/nnet_utils/nnet_dense_latency.h:58]   --->   Operation 293 'add' 'add_ln58_55' <Predicate = true> <Delay = 3.75> <CoreInst = "TAddSub">   --->   Core 10 'TAddSub' <Latency = 0> <II = 1> <Delay = 1.92> <IPBlock> <Opcode : 'add' 'sub'> <InPorts = 3> <OutPorts = 1> <Sync> <CReg>
ST_1 : Operation 294 [1/1] (0.00ns)   --->   "%sext_ln58_66 = sext i9 %mult_11" [firmware/nnet_utils/nnet_dense_latency.h:58]   --->   Operation 294 'sext' 'sext_ln58_66' <Predicate = true> <Delay = 0.00>
ST_1 : Operation 295 [1/1] (0.00ns)   --->   "%sext_ln58_67 = sext i10 %add_ln58_23" [firmware/nnet_utils/nnet_dense_latency.h:58]   --->   Operation 295 'sext' 'sext_ln58_67' <Predicate = true> <Delay = 0.00>
ST_1 : Operation 296 [1/1] (0.00ns) (grouped into TernaryAdder)   --->   "%sub_ln58_277 = sub i11 %sext_ln58_67, i11 %sext_ln58_66" [firmware/nnet_utils/nnet_dense_latency.h:58]   --->   Operation 296 'sub' 'sub_ln58_277' <Predicate = true> <Delay = 0.00> <CoreInst = "TAddSub">   --->   Core 10 'TAddSub' <Latency = 0> <II = 1> <Delay = 1.92> <IPBlock> <Opcode : 'add' 'sub'> <InPorts = 3> <OutPorts = 1> <Sync> <CReg>
ST_1 : Operation 297 [1/1] (1.91ns)   --->   "%add_ln58_56 = add i9 %sext_ln70_5, i9 %sext_ln73_4" [firmware/nnet_utils/nnet_dense_latency.h:58]   --->   Operation 297 'add' 'add_ln58_56' <Predicate = true> <Delay = 1.91> <CoreInst = "Adder">   --->   Core 1 'Adder' <Latency = 0> <II = 1> <Delay = 1.91> <FuncUnit> <Opcode : 'add' 'sub'> <InPorts = 2> <OutPorts = 1>
ST_1 : Operation 298 [1/1] (0.00ns)   --->   "%sext_ln58_68 = sext i9 %add_ln58_56" [firmware/nnet_utils/nnet_dense_latency.h:58]   --->   Operation 298 'sext' 'sext_ln58_68' <Predicate = true> <Delay = 0.00>
ST_1 : Operation 299 [1/1] (3.75ns) (root node of TernaryAdder)   --->   "%add_ln58_57 = add i11 %sext_ln58_68, i11 %sub_ln58_277" [firmware/nnet_utils/nnet_dense_latency.h:58]   --->   Operation 299 'add' 'add_ln58_57' <Predicate = true> <Delay = 3.75> <CoreInst = "TAddSub">   --->   Core 10 'TAddSub' <Latency = 0> <II = 1> <Delay = 1.92> <IPBlock> <Opcode : 'add' 'sub'> <InPorts = 3> <OutPorts = 1> <Sync> <CReg>
ST_1 : Operation 300 [1/1] (1.91ns)   --->   "%sub_ln58_60 = sub i9 %sext_ln70_6, i9 %sext_ln73_4" [firmware/nnet_utils/nnet_dense_latency.h:58]   --->   Operation 300 'sub' 'sub_ln58_60' <Predicate = true> <Delay = 1.91> <CoreInst = "Adder">   --->   Core 1 'Adder' <Latency = 0> <II = 1> <Delay = 1.91> <FuncUnit> <Opcode : 'add' 'sub'> <InPorts = 2> <OutPorts = 1>
ST_1 : Operation 301 [1/1] (0.00ns)   --->   "%sext_ln58_69 = sext i9 %sub_ln58_60" [firmware/nnet_utils/nnet_dense_latency.h:58]   --->   Operation 301 'sext' 'sext_ln58_69' <Predicate = true> <Delay = 0.00>
ST_1 : Operation 302 [1/1] (3.72ns) (root node of TernaryAdder)   --->   "%add_ln58_58 = add i10 %sext_ln58_69, i10 %sub_ln58_16" [firmware/nnet_utils/nnet_dense_latency.h:58]   --->   Operation 302 'add' 'add_ln58_58' <Predicate = true> <Delay = 3.72> <CoreInst = "TAddSub">   --->   Core 10 'TAddSub' <Latency = 0> <II = 1> <Delay = 1.92> <IPBlock> <Opcode : 'add' 'sub'> <InPorts = 3> <OutPorts = 1> <Sync> <CReg>
ST_1 : Operation 303 [1/1] (1.91ns)   --->   "%add_ln58_59 = add i9 %sext_ln17_29, i9 %sext_ln73_4" [firmware/nnet_utils/nnet_dense_latency.h:58]   --->   Operation 303 'add' 'add_ln58_59' <Predicate = true> <Delay = 1.91> <CoreInst = "Adder">   --->   Core 1 'Adder' <Latency = 0> <II = 1> <Delay = 1.91> <FuncUnit> <Opcode : 'add' 'sub'> <InPorts = 2> <OutPorts = 1>
ST_1 : Operation 304 [1/1] (0.00ns)   --->   "%sext_ln58_70 = sext i9 %add_ln58_59" [firmware/nnet_utils/nnet_dense_latency.h:58]   --->   Operation 304 'sext' 'sext_ln58_70' <Predicate = true> <Delay = 0.00>
ST_1 : Operation 305 [1/1] (1.82ns)   --->   "%add_ln58_60 = add i10 %sext_ln58_70, i10 %sext_ln58_33" [firmware/nnet_utils/nnet_dense_latency.h:58]   --->   Operation 305 'add' 'add_ln58_60' <Predicate = true> <Delay = 1.82> <CoreInst = "Adder">   --->   Core 1 'Adder' <Latency = 0> <II = 1> <Delay = 1.82> <FuncUnit> <Opcode : 'add' 'sub'> <InPorts = 2> <OutPorts = 1>
ST_1 : Operation 306 [1/1] (0.00ns) (grouped into TernaryAdder)   --->   "%add_ln58_61 = add i11 %sub_ln58_39, i11 %sext_ln17_22" [firmware/nnet_utils/nnet_dense_latency.h:58]   --->   Operation 306 'add' 'add_ln58_61' <Predicate = true> <Delay = 0.00> <CoreInst = "TAddSub">   --->   Core 10 'TAddSub' <Latency = 0> <II = 1> <Delay = 1.92> <IPBlock> <Opcode : 'add' 'sub'> <InPorts = 3> <OutPorts = 1> <Sync> <CReg>
ST_1 : Operation 307 [1/1] (1.91ns)   --->   "%sub_ln58_61 = sub i9 %sext_ln73_4, i9 %sext_ln70_6" [firmware/nnet_utils/nnet_dense_latency.h:58]   --->   Operation 307 'sub' 'sub_ln58_61' <Predicate = true> <Delay = 1.91> <CoreInst = "Adder">   --->   Core 1 'Adder' <Latency = 0> <II = 1> <Delay = 1.91> <FuncUnit> <Opcode : 'add' 'sub'> <InPorts = 2> <OutPorts = 1>
ST_1 : Operation 308 [1/1] (0.00ns)   --->   "%sext_ln58_71 = sext i9 %sub_ln58_61" [firmware/nnet_utils/nnet_dense_latency.h:58]   --->   Operation 308 'sext' 'sext_ln58_71' <Predicate = true> <Delay = 0.00>
ST_1 : Operation 309 [1/1] (3.75ns) (root node of TernaryAdder)   --->   "%add_ln58_62 = add i11 %sext_ln58_71, i11 %add_ln58_61" [firmware/nnet_utils/nnet_dense_latency.h:58]   --->   Operation 309 'add' 'add_ln58_62' <Predicate = true> <Delay = 3.75> <CoreInst = "TAddSub">   --->   Core 10 'TAddSub' <Latency = 0> <II = 1> <Delay = 1.92> <IPBlock> <Opcode : 'add' 'sub'> <InPorts = 3> <OutPorts = 1> <Sync> <CReg>
ST_1 : Operation 310 [1/1] (0.00ns)   --->   "%sext_ln58_72 = sext i10 %add_ln58_42" [firmware/nnet_utils/nnet_dense_latency.h:58]   --->   Operation 310 'sext' 'sext_ln58_72' <Predicate = true> <Delay = 0.00>
ST_1 : Operation 311 [1/1] (0.00ns) (grouped into TernaryAdder)   --->   "%sub_ln58_62 = sub i11 %sext_ln58_72, i11 %sext_ln17_40" [firmware/nnet_utils/nnet_dense_latency.h:58]   --->   Operation 311 'sub' 'sub_ln58_62' <Predicate = true> <Delay = 0.00> <CoreInst = "TAddSub">   --->   Core 10 'TAddSub' <Latency = 0> <II = 1> <Delay = 1.92> <IPBlock> <Opcode : 'add' 'sub'> <InPorts = 3> <OutPorts = 1> <Sync> <CReg>
ST_1 : Operation 312 [1/1] (0.00ns)   --->   "%sext_ln58_73 = sext i10 %add_ln58_26" [firmware/nnet_utils/nnet_dense_latency.h:58]   --->   Operation 312 'sext' 'sext_ln58_73' <Predicate = true> <Delay = 0.00>
ST_1 : Operation 313 [1/1] (0.00ns) (grouped into TernaryAdder)   --->   "%sub_ln58_63 = sub i11 %sext_ln58_73, i11 %sext_ln17_36" [firmware/nnet_utils/nnet_dense_latency.h:58]   --->   Operation 313 'sub' 'sub_ln58_63' <Predicate = true> <Delay = 0.00> <CoreInst = "TAddSub">   --->   Core 10 'TAddSub' <Latency = 0> <II = 1> <Delay = 1.92> <IPBlock> <Opcode : 'add' 'sub'> <InPorts = 3> <OutPorts = 1> <Sync> <CReg>
ST_1 : Operation 314 [1/1] (1.91ns)   --->   "%add_ln58_63 = add i9 %sext_ln70_4, i9 %sext_ln17_29" [firmware/nnet_utils/nnet_dense_latency.h:58]   --->   Operation 314 'add' 'add_ln58_63' <Predicate = true> <Delay = 1.91> <CoreInst = "Adder">   --->   Core 1 'Adder' <Latency = 0> <II = 1> <Delay = 1.91> <FuncUnit> <Opcode : 'add' 'sub'> <InPorts = 2> <OutPorts = 1>
ST_1 : Operation 315 [1/1] (0.00ns)   --->   "%sext_ln58_74 = sext i9 %add_ln58_63" [firmware/nnet_utils/nnet_dense_latency.h:58]   --->   Operation 315 'sext' 'sext_ln58_74' <Predicate = true> <Delay = 0.00>
ST_1 : Operation 316 [1/1] (1.82ns)   --->   "%sub_ln58_64 = sub i10 %sext_ln58_74, i10 %sext_ln17_41" [firmware/nnet_utils/nnet_dense_latency.h:58]   --->   Operation 316 'sub' 'sub_ln58_64' <Predicate = true> <Delay = 1.82> <CoreInst = "Adder">   --->   Core 1 'Adder' <Latency = 0> <II = 1> <Delay = 1.82> <FuncUnit> <Opcode : 'add' 'sub'> <InPorts = 2> <OutPorts = 1>
ST_1 : Operation 317 [1/1] (0.00ns)   --->   "%sext_ln58_75 = sext i10 %sub_ln58_64" [firmware/nnet_utils/nnet_dense_latency.h:58]   --->   Operation 317 'sext' 'sext_ln58_75' <Predicate = true> <Delay = 0.00>
ST_1 : Operation 318 [1/1] (3.75ns) (root node of TernaryAdder)   --->   "%add_ln58_64 = add i11 %sext_ln58_75, i11 %sub_ln58_63" [firmware/nnet_utils/nnet_dense_latency.h:58]   --->   Operation 318 'add' 'add_ln58_64' <Predicate = true> <Delay = 3.75> <CoreInst = "TAddSub">   --->   Core 10 'TAddSub' <Latency = 0> <II = 1> <Delay = 1.92> <IPBlock> <Opcode : 'add' 'sub'> <InPorts = 3> <OutPorts = 1> <Sync> <CReg>
ST_1 : Operation 319 [1/1] (0.00ns)   --->   "%sext_ln58_77 = sext i11 %add_ln58_46" [firmware/nnet_utils/nnet_dense_latency.h:58]   --->   Operation 319 'sext' 'sext_ln58_77' <Predicate = true> <Delay = 0.00>
ST_1 : Operation 320 [1/1] (1.63ns)   --->   "%sub_ln58_65 = sub i12 %sext_ln58_77, i12 %sext_ln17_45" [firmware/nnet_utils/nnet_dense_latency.h:58]   --->   Operation 320 'sub' 'sub_ln58_65' <Predicate = true> <Delay = 1.63> <CoreInst = "Adder">   --->   Core 1 'Adder' <Latency = 0> <II = 1> <Delay = 1.63> <FuncUnit> <Opcode : 'add' 'sub'> <InPorts = 2> <OutPorts = 1>
ST_1 : Operation 321 [1/1] (0.00ns) (grouped into TernaryAdder)   --->   "%add_ln58_65 = add i11 %sub_ln58_43, i11 %sext_ln17_44" [firmware/nnet_utils/nnet_dense_latency.h:58]   --->   Operation 321 'add' 'add_ln58_65' <Predicate = true> <Delay = 0.00> <CoreInst = "TAddSub">   --->   Core 10 'TAddSub' <Latency = 0> <II = 1> <Delay = 1.92> <IPBlock> <Opcode : 'add' 'sub'> <InPorts = 3> <OutPorts = 1> <Sync> <CReg>
ST_1 : Operation 322 [1/1] (0.00ns)   --->   "%sext_ln58_78 = sext i9 %add_ln58_50" [firmware/nnet_utils/nnet_dense_latency.h:58]   --->   Operation 322 'sext' 'sext_ln58_78' <Predicate = true> <Delay = 0.00>
ST_1 : Operation 323 [1/1] (3.75ns) (root node of TernaryAdder)   --->   "%add_ln58_66 = add i11 %sext_ln58_78, i11 %add_ln58_65" [firmware/nnet_utils/nnet_dense_latency.h:58]   --->   Operation 323 'add' 'add_ln58_66' <Predicate = true> <Delay = 3.75> <CoreInst = "TAddSub">   --->   Core 10 'TAddSub' <Latency = 0> <II = 1> <Delay = 1.92> <IPBlock> <Opcode : 'add' 'sub'> <InPorts = 3> <OutPorts = 1> <Sync> <CReg>
ST_1 : Operation 324 [1/1] (0.00ns) (grouped into TernaryAdder)   --->   "%add_ln58_67 = add i11 %sub_ln58_51, i11 %sext_ln17_34" [firmware/nnet_utils/nnet_dense_latency.h:58]   --->   Operation 324 'add' 'add_ln58_67' <Predicate = true> <Delay = 0.00> <CoreInst = "TAddSub">   --->   Core 10 'TAddSub' <Latency = 0> <II = 1> <Delay = 1.92> <IPBlock> <Opcode : 'add' 'sub'> <InPorts = 3> <OutPorts = 1> <Sync> <CReg>
ST_1 : Operation 325 [1/1] (0.00ns)   --->   "%sext_ln58_80 = sext i9 %mult_15" [firmware/nnet_utils/nnet_dense_latency.h:58]   --->   Operation 325 'sext' 'sext_ln58_80' <Predicate = true> <Delay = 0.00>
ST_1 : Operation 326 [1/1] (1.82ns)   --->   "%sub_ln58_66 = sub i10 %sext_ln58_80, i10 %sext_ln17_41" [firmware/nnet_utils/nnet_dense_latency.h:58]   --->   Operation 326 'sub' 'sub_ln58_66' <Predicate = true> <Delay = 1.82> <CoreInst = "Adder">   --->   Core 1 'Adder' <Latency = 0> <II = 1> <Delay = 1.82> <FuncUnit> <Opcode : 'add' 'sub'> <InPorts = 2> <OutPorts = 1>
ST_1 : Operation 327 [1/1] (0.00ns)   --->   "%sext_ln58_83 = sext i10 %sub_ln58_66" [firmware/nnet_utils/nnet_dense_latency.h:58]   --->   Operation 327 'sext' 'sext_ln58_83' <Predicate = true> <Delay = 0.00>
ST_1 : Operation 328 [1/1] (3.75ns) (root node of TernaryAdder)   --->   "%add_ln58_68 = add i11 %sext_ln58_83, i11 %add_ln58_67" [firmware/nnet_utils/nnet_dense_latency.h:58]   --->   Operation 328 'add' 'add_ln58_68' <Predicate = true> <Delay = 3.75> <CoreInst = "TAddSub">   --->   Core 10 'TAddSub' <Latency = 0> <II = 1> <Delay = 1.92> <IPBlock> <Opcode : 'add' 'sub'> <InPorts = 3> <OutPorts = 1> <Sync> <CReg>
ST_1 : Operation 329 [1/1] (0.00ns) (grouped into TernaryAdder)   --->   "%add_ln58_69 = add i11 %sub_ln58_32, i11 %sext_ln17_51" [firmware/nnet_utils/nnet_dense_latency.h:58]   --->   Operation 329 'add' 'add_ln58_69' <Predicate = true> <Delay = 0.00> <CoreInst = "TAddSub">   --->   Core 10 'TAddSub' <Latency = 0> <II = 1> <Delay = 1.92> <IPBlock> <Opcode : 'add' 'sub'> <InPorts = 3> <OutPorts = 1> <Sync> <CReg>
ST_1 : Operation 330 [1/1] (1.91ns)   --->   "%add_ln58_70 = add i9 %sext_ln70_5, i9 %sext_ln73_3" [firmware/nnet_utils/nnet_dense_latency.h:58]   --->   Operation 330 'add' 'add_ln58_70' <Predicate = true> <Delay = 1.91> <CoreInst = "Adder">   --->   Core 1 'Adder' <Latency = 0> <II = 1> <Delay = 1.91> <FuncUnit> <Opcode : 'add' 'sub'> <InPorts = 2> <OutPorts = 1>
ST_1 : Operation 331 [1/1] (0.00ns)   --->   "%sext_ln58_84 = sext i9 %add_ln58_70" [firmware/nnet_utils/nnet_dense_latency.h:58]   --->   Operation 331 'sext' 'sext_ln58_84' <Predicate = true> <Delay = 0.00>
ST_1 : Operation 332 [1/1] (3.75ns) (root node of TernaryAdder)   --->   "%add_ln58_71 = add i11 %sext_ln58_84, i11 %add_ln58_69" [firmware/nnet_utils/nnet_dense_latency.h:58]   --->   Operation 332 'add' 'add_ln58_71' <Predicate = true> <Delay = 3.75> <CoreInst = "TAddSub">   --->   Core 10 'TAddSub' <Latency = 0> <II = 1> <Delay = 1.92> <IPBlock> <Opcode : 'add' 'sub'> <InPorts = 3> <OutPorts = 1> <Sync> <CReg>
ST_1 : Operation 333 [1/1] (0.00ns) (grouped into TernaryAdder)   --->   "%add_ln58_72 = add i11 %sub_ln58_33, i11 %sext_ln17_21" [firmware/nnet_utils/nnet_dense_latency.h:58]   --->   Operation 333 'add' 'add_ln58_72' <Predicate = true> <Delay = 0.00> <CoreInst = "TAddSub">   --->   Core 10 'TAddSub' <Latency = 0> <II = 1> <Delay = 1.92> <IPBlock> <Opcode : 'add' 'sub'> <InPorts = 3> <OutPorts = 1> <Sync> <CReg>
ST_1 : Operation 334 [1/1] (1.91ns)   --->   "%sub_ln58_67 = sub i9 %sext_ln17_47, i9 %sext_ln70_6" [firmware/nnet_utils/nnet_dense_latency.h:58]   --->   Operation 334 'sub' 'sub_ln58_67' <Predicate = true> <Delay = 1.91> <CoreInst = "Adder">   --->   Core 1 'Adder' <Latency = 0> <II = 1> <Delay = 1.91> <FuncUnit> <Opcode : 'add' 'sub'> <InPorts = 2> <OutPorts = 1>
ST_1 : Operation 335 [1/1] (0.00ns)   --->   "%sext_ln58_85 = sext i9 %sub_ln58_67" [firmware/nnet_utils/nnet_dense_latency.h:58]   --->   Operation 335 'sext' 'sext_ln58_85' <Predicate = true> <Delay = 0.00>
ST_1 : Operation 336 [1/1] (3.75ns) (root node of TernaryAdder)   --->   "%add_ln58_73 = add i11 %sext_ln58_85, i11 %add_ln58_72" [firmware/nnet_utils/nnet_dense_latency.h:58]   --->   Operation 336 'add' 'add_ln58_73' <Predicate = true> <Delay = 3.75> <CoreInst = "TAddSub">   --->   Core 10 'TAddSub' <Latency = 0> <II = 1> <Delay = 1.92> <IPBlock> <Opcode : 'add' 'sub'> <InPorts = 3> <OutPorts = 1> <Sync> <CReg>
ST_1 : Operation 337 [1/1] (0.00ns)   --->   "%sext_ln58_87 = sext i9 %mult_17" [firmware/nnet_utils/nnet_dense_latency.h:58]   --->   Operation 337 'sext' 'sext_ln58_87' <Predicate = true> <Delay = 0.00>
ST_1 : Operation 338 [1/1] (1.82ns)   --->   "%sub_ln58_69 = sub i10 %sext_ln58_87, i10 %sext_ln73_5" [firmware/nnet_utils/nnet_dense_latency.h:58]   --->   Operation 338 'sub' 'sub_ln58_69' <Predicate = true> <Delay = 1.82> <CoreInst = "Adder">   --->   Core 1 'Adder' <Latency = 0> <II = 1> <Delay = 1.82> <FuncUnit> <Opcode : 'add' 'sub'> <InPorts = 2> <OutPorts = 1>
ST_1 : Operation 339 [1/1] (0.00ns)   --->   "%sext_ln58_88 = sext i10 %sub_ln58_69" [firmware/nnet_utils/nnet_dense_latency.h:58]   --->   Operation 339 'sext' 'sext_ln58_88' <Predicate = true> <Delay = 0.00>
ST_1 : Operation 340 [1/1] (3.75ns) (root node of TernaryAdder)   --->   "%add_ln58_74 = add i11 %sext_ln58_88, i11 %sub_ln58_62" [firmware/nnet_utils/nnet_dense_latency.h:58]   --->   Operation 340 'add' 'add_ln58_74' <Predicate = true> <Delay = 3.75> <CoreInst = "TAddSub">   --->   Core 10 'TAddSub' <Latency = 0> <II = 1> <Delay = 1.92> <IPBlock> <Opcode : 'add' 'sub'> <InPorts = 3> <OutPorts = 1> <Sync> <CReg>
ST_1 : Operation 341 [1/1] (0.00ns) (grouped into TernaryAdder)   --->   "%add_ln58_75 = add i11 %sext_ln58_44, i11 %sext_ln17_30" [firmware/nnet_utils/nnet_dense_latency.h:58]   --->   Operation 341 'add' 'add_ln58_75' <Predicate = true> <Delay = 0.00> <CoreInst = "TAddSub">   --->   Core 10 'TAddSub' <Latency = 0> <II = 1> <Delay = 1.92> <IPBlock> <Opcode : 'add' 'sub'> <InPorts = 3> <OutPorts = 1> <Sync> <CReg>
ST_1 : Operation 342 [1/1] (1.91ns)   --->   "%add_ln58_76 = add i9 %sext_ln73_4, i9 %sext_ln17_47" [firmware/nnet_utils/nnet_dense_latency.h:58]   --->   Operation 342 'add' 'add_ln58_76' <Predicate = true> <Delay = 1.91> <CoreInst = "Adder">   --->   Core 1 'Adder' <Latency = 0> <II = 1> <Delay = 1.91> <FuncUnit> <Opcode : 'add' 'sub'> <InPorts = 2> <OutPorts = 1>
ST_1 : Operation 343 [1/1] (0.00ns)   --->   "%sext_ln58_90 = sext i9 %add_ln58_76" [firmware/nnet_utils/nnet_dense_latency.h:58]   --->   Operation 343 'sext' 'sext_ln58_90' <Predicate = true> <Delay = 0.00>
ST_1 : Operation 344 [1/1] (1.82ns)   --->   "%add_ln58_77 = add i10 %sext_ln58_90, i10 %sext_ln17_37" [firmware/nnet_utils/nnet_dense_latency.h:58]   --->   Operation 344 'add' 'add_ln58_77' <Predicate = true> <Delay = 1.82> <CoreInst = "Adder">   --->   Core 1 'Adder' <Latency = 0> <II = 1> <Delay = 1.82> <FuncUnit> <Opcode : 'add' 'sub'> <InPorts = 2> <OutPorts = 1>
ST_1 : Operation 345 [1/1] (0.00ns)   --->   "%sext_ln58_91 = sext i10 %add_ln58_77" [firmware/nnet_utils/nnet_dense_latency.h:58]   --->   Operation 345 'sext' 'sext_ln58_91' <Predicate = true> <Delay = 0.00>
ST_1 : Operation 346 [1/1] (3.75ns) (root node of TernaryAdder)   --->   "%add_ln58_78 = add i11 %sext_ln58_91, i11 %add_ln58_75" [firmware/nnet_utils/nnet_dense_latency.h:58]   --->   Operation 346 'add' 'add_ln58_78' <Predicate = true> <Delay = 3.75> <CoreInst = "TAddSub">   --->   Core 10 'TAddSub' <Latency = 0> <II = 1> <Delay = 1.92> <IPBlock> <Opcode : 'add' 'sub'> <InPorts = 3> <OutPorts = 1> <Sync> <CReg>
ST_1 : Operation 347 [1/1] (0.00ns)   --->   "%sext_ln58_92 = sext i10 %add_ln58_27" [firmware/nnet_utils/nnet_dense_latency.h:58]   --->   Operation 347 'sext' 'sext_ln58_92' <Predicate = true> <Delay = 0.00>
ST_1 : Operation 348 [1/1] (0.00ns) (grouped into TernaryAdder)   --->   "%sub_ln58_71 = sub i11 %sext_ln58_92, i11 %sext_ln17_40" [firmware/nnet_utils/nnet_dense_latency.h:58]   --->   Operation 348 'sub' 'sub_ln58_71' <Predicate = true> <Delay = 0.00> <CoreInst = "TAddSub">   --->   Core 10 'TAddSub' <Latency = 0> <II = 1> <Delay = 1.92> <IPBlock> <Opcode : 'add' 'sub'> <InPorts = 3> <OutPorts = 1> <Sync> <CReg>
ST_1 : Operation 349 [1/1] (0.00ns)   --->   "%sext_ln58_93 = sext i9 %add_ln58_70" [firmware/nnet_utils/nnet_dense_latency.h:58]   --->   Operation 349 'sext' 'sext_ln58_93' <Predicate = true> <Delay = 0.00>
ST_1 : Operation 350 [1/1] (1.82ns)   --->   "%sub_ln58_72 = sub i10 %sext_ln58_93, i10 %sext_ln17_49" [firmware/nnet_utils/nnet_dense_latency.h:58]   --->   Operation 350 'sub' 'sub_ln58_72' <Predicate = true> <Delay = 1.82> <CoreInst = "Adder">   --->   Core 1 'Adder' <Latency = 0> <II = 1> <Delay = 1.82> <FuncUnit> <Opcode : 'add' 'sub'> <InPorts = 2> <OutPorts = 1>
ST_1 : Operation 351 [1/1] (0.00ns)   --->   "%sext_ln58_94 = sext i10 %sub_ln58_72" [firmware/nnet_utils/nnet_dense_latency.h:58]   --->   Operation 351 'sext' 'sext_ln58_94' <Predicate = true> <Delay = 0.00>
ST_1 : Operation 352 [1/1] (3.75ns) (root node of TernaryAdder)   --->   "%add_ln58_79 = add i11 %sext_ln58_94, i11 %sub_ln58_71" [firmware/nnet_utils/nnet_dense_latency.h:58]   --->   Operation 352 'add' 'add_ln58_79' <Predicate = true> <Delay = 3.75> <CoreInst = "TAddSub">   --->   Core 10 'TAddSub' <Latency = 0> <II = 1> <Delay = 1.92> <IPBlock> <Opcode : 'add' 'sub'> <InPorts = 3> <OutPorts = 1> <Sync> <CReg>
ST_1 : Operation 353 [1/1] (0.00ns)   --->   "%sext_ln58_95 = sext i10 %add_ln58_19" [firmware/nnet_utils/nnet_dense_latency.h:58]   --->   Operation 353 'sext' 'sext_ln58_95' <Predicate = true> <Delay = 0.00>
ST_1 : Operation 354 [1/1] (0.00ns) (grouped into TernaryAdder)   --->   "%sub_ln58_73 = sub i11 %sext_ln58_95, i11 %sext_ln17_40" [firmware/nnet_utils/nnet_dense_latency.h:58]   --->   Operation 354 'sub' 'sub_ln58_73' <Predicate = true> <Delay = 0.00> <CoreInst = "TAddSub">   --->   Core 10 'TAddSub' <Latency = 0> <II = 1> <Delay = 1.92> <IPBlock> <Opcode : 'add' 'sub'> <InPorts = 3> <OutPorts = 1> <Sync> <CReg>
ST_1 : Operation 355 [1/1] (1.91ns)   --->   "%add_ln58_80 = add i9 %sext_ln17_29, i9 %sext_ln17_47" [firmware/nnet_utils/nnet_dense_latency.h:58]   --->   Operation 355 'add' 'add_ln58_80' <Predicate = true> <Delay = 1.91> <CoreInst = "Adder">   --->   Core 1 'Adder' <Latency = 0> <II = 1> <Delay = 1.91> <FuncUnit> <Opcode : 'add' 'sub'> <InPorts = 2> <OutPorts = 1>
ST_1 : Operation 356 [1/1] (0.00ns)   --->   "%sext_ln58_99 = sext i9 %add_ln58_80" [firmware/nnet_utils/nnet_dense_latency.h:58]   --->   Operation 356 'sext' 'sext_ln58_99' <Predicate = true> <Delay = 0.00>
ST_1 : Operation 357 [1/1] (1.82ns)   --->   "%add_ln58_81 = add i10 %sext_ln58_99, i10 %sext_ln73_2" [firmware/nnet_utils/nnet_dense_latency.h:58]   --->   Operation 357 'add' 'add_ln58_81' <Predicate = true> <Delay = 1.82> <CoreInst = "Adder">   --->   Core 1 'Adder' <Latency = 0> <II = 1> <Delay = 1.82> <FuncUnit> <Opcode : 'add' 'sub'> <InPorts = 2> <OutPorts = 1>
ST_1 : Operation 358 [1/1] (0.00ns)   --->   "%sext_ln58_100 = sext i10 %add_ln58_81" [firmware/nnet_utils/nnet_dense_latency.h:58]   --->   Operation 358 'sext' 'sext_ln58_100' <Predicate = true> <Delay = 0.00>
ST_1 : Operation 359 [1/1] (3.75ns) (root node of TernaryAdder)   --->   "%add_ln58_82 = add i11 %sext_ln58_100, i11 %sub_ln58_73" [firmware/nnet_utils/nnet_dense_latency.h:58]   --->   Operation 359 'add' 'add_ln58_82' <Predicate = true> <Delay = 3.75> <CoreInst = "TAddSub">   --->   Core 10 'TAddSub' <Latency = 0> <II = 1> <Delay = 1.92> <IPBlock> <Opcode : 'add' 'sub'> <InPorts = 3> <OutPorts = 1> <Sync> <CReg>
ST_1 : Operation 360 [1/1] (0.00ns)   --->   "%sext_ln58_101 = sext i10 %add_ln58_22" [firmware/nnet_utils/nnet_dense_latency.h:58]   --->   Operation 360 'sext' 'sext_ln58_101' <Predicate = true> <Delay = 0.00>
ST_1 : Operation 361 [1/1] (0.00ns) (grouped into TernaryAdder)   --->   "%sub_ln58_74 = sub i11 %sext_ln58_101, i11 %sext_ln17_53" [firmware/nnet_utils/nnet_dense_latency.h:58]   --->   Operation 361 'sub' 'sub_ln58_74' <Predicate = true> <Delay = 0.00> <CoreInst = "TAddSub">   --->   Core 10 'TAddSub' <Latency = 0> <II = 1> <Delay = 1.92> <IPBlock> <Opcode : 'add' 'sub'> <InPorts = 3> <OutPorts = 1> <Sync> <CReg>
ST_1 : Operation 362 [1/1] (1.91ns)   --->   "%add_ln58_83 = add i9 %sext_ln73_6, i9 %sext_ln17_47" [firmware/nnet_utils/nnet_dense_latency.h:58]   --->   Operation 362 'add' 'add_ln58_83' <Predicate = true> <Delay = 1.91> <CoreInst = "Adder">   --->   Core 1 'Adder' <Latency = 0> <II = 1> <Delay = 1.91> <FuncUnit> <Opcode : 'add' 'sub'> <InPorts = 2> <OutPorts = 1>
ST_1 : Operation 363 [1/1] (0.00ns)   --->   "%sext_ln58_103 = sext i9 %add_ln58_83" [firmware/nnet_utils/nnet_dense_latency.h:58]   --->   Operation 363 'sext' 'sext_ln58_103' <Predicate = true> <Delay = 0.00>
ST_1 : Operation 364 [1/1] (1.82ns)   --->   "%add_ln58_84 = add i10 %sext_ln58_103, i10 %sext_ln17_41" [firmware/nnet_utils/nnet_dense_latency.h:58]   --->   Operation 364 'add' 'add_ln58_84' <Predicate = true> <Delay = 1.82> <CoreInst = "Adder">   --->   Core 1 'Adder' <Latency = 0> <II = 1> <Delay = 1.82> <FuncUnit> <Opcode : 'add' 'sub'> <InPorts = 2> <OutPorts = 1>
ST_1 : Operation 365 [1/1] (0.00ns)   --->   "%sext_ln58_106 = sext i10 %add_ln58_84" [firmware/nnet_utils/nnet_dense_latency.h:58]   --->   Operation 365 'sext' 'sext_ln58_106' <Predicate = true> <Delay = 0.00>
ST_1 : Operation 366 [1/1] (3.75ns) (root node of TernaryAdder)   --->   "%add_ln58_85 = add i11 %sext_ln58_106, i11 %sub_ln58_74" [firmware/nnet_utils/nnet_dense_latency.h:58]   --->   Operation 366 'add' 'add_ln58_85' <Predicate = true> <Delay = 3.75> <CoreInst = "TAddSub">   --->   Core 10 'TAddSub' <Latency = 0> <II = 1> <Delay = 1.92> <IPBlock> <Opcode : 'add' 'sub'> <InPorts = 3> <OutPorts = 1> <Sync> <CReg>
ST_1 : Operation 367 [1/1] (0.00ns)   --->   "%sext_ln58_107 = sext i10 %add_ln58_60" [firmware/nnet_utils/nnet_dense_latency.h:58]   --->   Operation 367 'sext' 'sext_ln58_107' <Predicate = true> <Delay = 0.00>
ST_1 : Operation 368 [1/1] (1.73ns)   --->   "%sub_ln58_75 = sub i11 %sext_ln58_107, i11 %sext_ln17_53" [firmware/nnet_utils/nnet_dense_latency.h:58]   --->   Operation 368 'sub' 'sub_ln58_75' <Predicate = true> <Delay = 1.73> <CoreInst = "Adder">   --->   Core 1 'Adder' <Latency = 0> <II = 1> <Delay = 1.73> <FuncUnit> <Opcode : 'add' 'sub'> <InPorts = 2> <OutPorts = 1>
ST_1 : Operation 369 [1/1] (0.00ns)   --->   "%sext_ln58_108 = sext i11 %add_ln58_64" [firmware/nnet_utils/nnet_dense_latency.h:58]   --->   Operation 369 'sext' 'sext_ln58_108' <Predicate = true> <Delay = 0.00>
ST_1 : Operation 370 [1/1] (0.00ns) (grouped into TernaryAdder)   --->   "%sub_ln58_76 = sub i12 %sext_ln58_108, i12 %sext_ln17_54" [firmware/nnet_utils/nnet_dense_latency.h:58]   --->   Operation 370 'sub' 'sub_ln58_76' <Predicate = true> <Delay = 0.00> <CoreInst = "TAddSub">   --->   Core 10 'TAddSub' <Latency = 0> <II = 1> <Delay = 1.92> <IPBlock> <Opcode : 'add' 'sub'> <InPorts = 3> <OutPorts = 1> <Sync> <CReg>
ST_1 : Operation 371 [1/1] (0.00ns)   --->   "%sext_ln58_110 = sext i8 %data_16_val_read" [firmware/nnet_utils/nnet_dense_latency.h:58]   --->   Operation 371 'sext' 'sext_ln58_110' <Predicate = true> <Delay = 0.00>
ST_1 : Operation 372 [1/1] (0.00ns)   --->   "%sext_ln58_112 = sext i10 %add_ln58_21" [firmware/nnet_utils/nnet_dense_latency.h:58]   --->   Operation 372 'sext' 'sext_ln58_112' <Predicate = true> <Delay = 0.00>
ST_1 : Operation 373 [1/1] (0.00ns) (grouped into TernaryAdder)   --->   "%sub_ln58_77 = sub i11 %sext_ln58_112, i11 %sext_ln58_110" [firmware/nnet_utils/nnet_dense_latency.h:58]   --->   Operation 373 'sub' 'sub_ln58_77' <Predicate = true> <Delay = 0.00> <CoreInst = "TAddSub">   --->   Core 10 'TAddSub' <Latency = 0> <II = 1> <Delay = 1.92> <IPBlock> <Opcode : 'add' 'sub'> <InPorts = 3> <OutPorts = 1> <Sync> <CReg>
ST_1 : Operation 374 [1/1] (1.91ns)   --->   "%add_ln58_86 = add i9 %sext_ln73_3, i9 %sext_ln73_4" [firmware/nnet_utils/nnet_dense_latency.h:58]   --->   Operation 374 'add' 'add_ln58_86' <Predicate = true> <Delay = 1.91> <CoreInst = "Adder">   --->   Core 1 'Adder' <Latency = 0> <II = 1> <Delay = 1.91> <FuncUnit> <Opcode : 'add' 'sub'> <InPorts = 2> <OutPorts = 1>
ST_1 : Operation 375 [1/1] (0.00ns)   --->   "%sext_ln58_113 = sext i9 %add_ln58_86" [firmware/nnet_utils/nnet_dense_latency.h:58]   --->   Operation 375 'sext' 'sext_ln58_113' <Predicate = true> <Delay = 0.00>
ST_1 : Operation 376 [1/1] (1.82ns)   --->   "%add_ln58_87 = add i10 %sext_ln58_113, i10 %sext_ln17_24" [firmware/nnet_utils/nnet_dense_latency.h:58]   --->   Operation 376 'add' 'add_ln58_87' <Predicate = true> <Delay = 1.82> <CoreInst = "Adder">   --->   Core 1 'Adder' <Latency = 0> <II = 1> <Delay = 1.82> <FuncUnit> <Opcode : 'add' 'sub'> <InPorts = 2> <OutPorts = 1>
ST_1 : Operation 377 [1/1] (0.00ns)   --->   "%sext_ln58_114 = sext i10 %add_ln58_87" [firmware/nnet_utils/nnet_dense_latency.h:58]   --->   Operation 377 'sext' 'sext_ln58_114' <Predicate = true> <Delay = 0.00>
ST_1 : Operation 378 [1/1] (3.75ns) (root node of TernaryAdder)   --->   "%add_ln58_88 = add i11 %sext_ln58_114, i11 %sub_ln58_77" [firmware/nnet_utils/nnet_dense_latency.h:58]   --->   Operation 378 'add' 'add_ln58_88' <Predicate = true> <Delay = 3.75> <CoreInst = "TAddSub">   --->   Core 10 'TAddSub' <Latency = 0> <II = 1> <Delay = 1.92> <IPBlock> <Opcode : 'add' 'sub'> <InPorts = 3> <OutPorts = 1> <Sync> <CReg>
ST_1 : Operation 379 [1/1] (0.00ns) (grouped into TernaryAdder)   --->   "%add_ln58_93 = add i11 %sub_ln58_56, i11 %sext_ln17_38" [firmware/nnet_utils/nnet_dense_latency.h:58]   --->   Operation 379 'add' 'add_ln58_93' <Predicate = true> <Delay = 0.00> <CoreInst = "TAddSub">   --->   Core 10 'TAddSub' <Latency = 0> <II = 1> <Delay = 1.92> <IPBlock> <Opcode : 'add' 'sub'> <InPorts = 3> <OutPorts = 1> <Sync> <CReg>
ST_1 : Operation 380 [1/1] (0.00ns)   --->   "%sext_ln58_119 = sext i9 %mult_20" [firmware/nnet_utils/nnet_dense_latency.h:58]   --->   Operation 380 'sext' 'sext_ln58_119' <Predicate = true> <Delay = 0.00>
ST_1 : Operation 381 [1/1] (1.82ns)   --->   "%sub_ln58_79 = sub i10 %sext_ln58_119, i10 %sext_ln73_5" [firmware/nnet_utils/nnet_dense_latency.h:58]   --->   Operation 381 'sub' 'sub_ln58_79' <Predicate = true> <Delay = 1.82> <CoreInst = "Adder">   --->   Core 1 'Adder' <Latency = 0> <II = 1> <Delay = 1.82> <FuncUnit> <Opcode : 'add' 'sub'> <InPorts = 2> <OutPorts = 1>
ST_1 : Operation 382 [1/1] (0.00ns)   --->   "%sext_ln58_121 = sext i10 %sub_ln58_79" [firmware/nnet_utils/nnet_dense_latency.h:58]   --->   Operation 382 'sext' 'sext_ln58_121' <Predicate = true> <Delay = 0.00>
ST_1 : Operation 383 [1/1] (3.75ns) (root node of TernaryAdder)   --->   "%add_ln58_94 = add i11 %sext_ln58_121, i11 %add_ln58_93" [firmware/nnet_utils/nnet_dense_latency.h:58]   --->   Operation 383 'add' 'add_ln58_94' <Predicate = true> <Delay = 3.75> <CoreInst = "TAddSub">   --->   Core 10 'TAddSub' <Latency = 0> <II = 1> <Delay = 1.92> <IPBlock> <Opcode : 'add' 'sub'> <InPorts = 3> <OutPorts = 1> <Sync> <CReg>
ST_1 : Operation 384 [1/1] (0.00ns) (grouped into TernaryAdder)   --->   "%add_ln58_95 = add i11 %sub_ln58_50, i11 %sext_ln17_42" [firmware/nnet_utils/nnet_dense_latency.h:58]   --->   Operation 384 'add' 'add_ln58_95' <Predicate = true> <Delay = 0.00> <CoreInst = "TAddSub">   --->   Core 10 'TAddSub' <Latency = 0> <II = 1> <Delay = 1.92> <IPBlock> <Opcode : 'add' 'sub'> <InPorts = 3> <OutPorts = 1> <Sync> <CReg>
ST_1 : Operation 385 [1/1] (1.91ns)   --->   "%sub_ln58_81 = sub i9 %sext_ln17_47, i9 %sext_ln73_8" [firmware/nnet_utils/nnet_dense_latency.h:58]   --->   Operation 385 'sub' 'sub_ln58_81' <Predicate = true> <Delay = 1.91> <CoreInst = "Adder">   --->   Core 1 'Adder' <Latency = 0> <II = 1> <Delay = 1.91> <FuncUnit> <Opcode : 'add' 'sub'> <InPorts = 2> <OutPorts = 1>
ST_1 : Operation 386 [1/1] (0.00ns)   --->   "%sext_ln58_128 = sext i9 %sub_ln58_81" [firmware/nnet_utils/nnet_dense_latency.h:58]   --->   Operation 386 'sext' 'sext_ln58_128' <Predicate = true> <Delay = 0.00>
ST_1 : Operation 387 [1/1] (3.75ns) (root node of TernaryAdder)   --->   "%add_ln58_96 = add i11 %sext_ln58_128, i11 %add_ln58_95" [firmware/nnet_utils/nnet_dense_latency.h:58]   --->   Operation 387 'add' 'add_ln58_96' <Predicate = true> <Delay = 3.75> <CoreInst = "TAddSub">   --->   Core 10 'TAddSub' <Latency = 0> <II = 1> <Delay = 1.92> <IPBlock> <Opcode : 'add' 'sub'> <InPorts = 3> <OutPorts = 1> <Sync> <CReg>
ST_1 : Operation 388 [1/1] (1.82ns)   --->   "%sub_ln58_278 = sub i10 %sext_ln17_39, i10 %sext_ln73_14" [firmware/nnet_utils/nnet_dense_latency.h:58]   --->   Operation 388 'sub' 'sub_ln58_278' <Predicate = true> <Delay = 1.82> <CoreInst = "Adder">   --->   Core 1 'Adder' <Latency = 0> <II = 1> <Delay = 1.82> <FuncUnit> <Opcode : 'add' 'sub'> <InPorts = 2> <OutPorts = 1>
ST_1 : Operation 389 [1/1] (0.00ns)   --->   "%sext_ln58_131 = sext i10 %sub_ln58_278" [firmware/nnet_utils/nnet_dense_latency.h:58]   --->   Operation 389 'sext' 'sext_ln58_131' <Predicate = true> <Delay = 0.00>
ST_1 : Operation 390 [1/1] (0.00ns) (grouped into TernaryAdder)   --->   "%add_ln58_97 = add i12 %sext_ln58_131, i12 %sub_ln58_40" [firmware/nnet_utils/nnet_dense_latency.h:58]   --->   Operation 390 'add' 'add_ln58_97' <Predicate = true> <Delay = 0.00> <CoreInst = "TAddSub">   --->   Core 10 'TAddSub' <Latency = 0> <II = 1> <Delay = 1.92> <IPBlock> <Opcode : 'add' 'sub'> <InPorts = 3> <OutPorts = 1> <Sync> <CReg>
ST_1 : Operation 391 [1/1] (1.91ns)   --->   "%add_ln58_98 = add i9 %sext_ln70_6, i9 %sext_ln70_8" [firmware/nnet_utils/nnet_dense_latency.h:58]   --->   Operation 391 'add' 'add_ln58_98' <Predicate = true> <Delay = 1.91> <CoreInst = "Adder">   --->   Core 1 'Adder' <Latency = 0> <II = 1> <Delay = 1.91> <FuncUnit> <Opcode : 'add' 'sub'> <InPorts = 2> <OutPorts = 1>
ST_1 : Operation 392 [1/1] (0.00ns)   --->   "%sext_ln58_134 = sext i9 %add_ln58_98" [firmware/nnet_utils/nnet_dense_latency.h:58]   --->   Operation 392 'sext' 'sext_ln58_134' <Predicate = true> <Delay = 0.00>
ST_1 : Operation 393 [1/1] (1.73ns)   --->   "%add_ln58_99 = add i10 %sext_ln58_134, i10 %sub_ln58_79" [firmware/nnet_utils/nnet_dense_latency.h:58]   --->   Operation 393 'add' 'add_ln58_99' <Predicate = true> <Delay = 1.73> <CoreInst = "Adder">   --->   Core 1 'Adder' <Latency = 0> <II = 1> <Delay = 1.73> <FuncUnit> <Opcode : 'add' 'sub'> <InPorts = 2> <OutPorts = 1>
ST_1 : Operation 394 [1/1] (0.00ns)   --->   "%sext_ln58_139 = sext i10 %add_ln58_99" [firmware/nnet_utils/nnet_dense_latency.h:58]   --->   Operation 394 'sext' 'sext_ln58_139' <Predicate = true> <Delay = 0.00>
ST_1 : Operation 395 [1/1] (3.78ns) (root node of TernaryAdder)   --->   "%add_ln58_100 = add i12 %sext_ln58_139, i12 %add_ln58_97" [firmware/nnet_utils/nnet_dense_latency.h:58]   --->   Operation 395 'add' 'add_ln58_100' <Predicate = true> <Delay = 3.78> <CoreInst = "TAddSub">   --->   Core 10 'TAddSub' <Latency = 0> <II = 1> <Delay = 1.92> <IPBlock> <Opcode : 'add' 'sub'> <InPorts = 3> <OutPorts = 1> <Sync> <CReg>
ST_1 : Operation 396 [1/1] (0.00ns)   --->   "%sext_ln58_166 = sext i10 %add_ln58_34" [firmware/nnet_utils/nnet_dense_latency.h:58]   --->   Operation 396 'sext' 'sext_ln58_166' <Predicate = true> <Delay = 0.00>
ST_1 : Operation 397 [1/1] (0.00ns) (grouped into TernaryAdder)   --->   "%sub_ln58_85 = sub i11 %sext_ln58_166, i11 %sext_ln58_110" [firmware/nnet_utils/nnet_dense_latency.h:58]   --->   Operation 397 'sub' 'sub_ln58_85' <Predicate = true> <Delay = 0.00> <CoreInst = "TAddSub">   --->   Core 10 'TAddSub' <Latency = 0> <II = 1> <Delay = 1.92> <IPBlock> <Opcode : 'add' 'sub'> <InPorts = 3> <OutPorts = 1> <Sync> <CReg>
ST_1 : Operation 398 [1/1] (1.91ns)   --->   "%add_ln58_101 = add i9 %sext_ln73_6, i9 %sext_ln73_10" [firmware/nnet_utils/nnet_dense_latency.h:58]   --->   Operation 398 'add' 'add_ln58_101' <Predicate = true> <Delay = 1.91> <CoreInst = "Adder">   --->   Core 1 'Adder' <Latency = 0> <II = 1> <Delay = 1.91> <FuncUnit> <Opcode : 'add' 'sub'> <InPorts = 2> <OutPorts = 1>
ST_1 : Operation 399 [1/1] (0.00ns)   --->   "%sext_ln58_167 = sext i9 %add_ln58_101" [firmware/nnet_utils/nnet_dense_latency.h:58]   --->   Operation 399 'sext' 'sext_ln58_167' <Predicate = true> <Delay = 0.00>
ST_1 : Operation 400 [1/1] (1.82ns)   --->   "%add_ln58_102 = add i10 %sext_ln58_167, i10 %sext_ln17_37" [firmware/nnet_utils/nnet_dense_latency.h:58]   --->   Operation 400 'add' 'add_ln58_102' <Predicate = true> <Delay = 1.82> <CoreInst = "Adder">   --->   Core 1 'Adder' <Latency = 0> <II = 1> <Delay = 1.82> <FuncUnit> <Opcode : 'add' 'sub'> <InPorts = 2> <OutPorts = 1>
ST_1 : Operation 401 [1/1] (0.00ns)   --->   "%sext_ln58_168 = sext i10 %add_ln58_102" [firmware/nnet_utils/nnet_dense_latency.h:58]   --->   Operation 401 'sext' 'sext_ln58_168' <Predicate = true> <Delay = 0.00>
ST_1 : Operation 402 [1/1] (3.75ns) (root node of TernaryAdder)   --->   "%add_ln58_103 = add i11 %sext_ln58_168, i11 %sub_ln58_85" [firmware/nnet_utils/nnet_dense_latency.h:58]   --->   Operation 402 'add' 'add_ln58_103' <Predicate = true> <Delay = 3.75> <CoreInst = "TAddSub">   --->   Core 10 'TAddSub' <Latency = 0> <II = 1> <Delay = 1.92> <IPBlock> <Opcode : 'add' 'sub'> <InPorts = 3> <OutPorts = 1> <Sync> <CReg>
ST_1 : Operation 403 [1/1] (1.91ns)   --->   "%add_ln58_112 = add i9 %sext_ln17_47, i9 %sext_ln70_8" [firmware/nnet_utils/nnet_dense_latency.h:58]   --->   Operation 403 'add' 'add_ln58_112' <Predicate = true> <Delay = 1.91> <CoreInst = "Adder">   --->   Core 1 'Adder' <Latency = 0> <II = 1> <Delay = 1.91> <FuncUnit> <Opcode : 'add' 'sub'> <InPorts = 2> <OutPorts = 1>
ST_1 : Operation 404 [1/1] (0.00ns)   --->   "%sext_ln58_172 = sext i9 %add_ln58_112" [firmware/nnet_utils/nnet_dense_latency.h:58]   --->   Operation 404 'sext' 'sext_ln58_172' <Predicate = true> <Delay = 0.00>
ST_1 : Operation 405 [1/1] (1.91ns)   --->   "%add_ln58_113 = add i9 %sext_ln73_8, i9 %sext_ln17_67" [firmware/nnet_utils/nnet_dense_latency.h:58]   --->   Operation 405 'add' 'add_ln58_113' <Predicate = true> <Delay = 1.91> <CoreInst = "Adder">   --->   Core 1 'Adder' <Latency = 0> <II = 1> <Delay = 1.91> <FuncUnit> <Opcode : 'add' 'sub'> <InPorts = 2> <OutPorts = 1>
ST_1 : Operation 406 [1/1] (0.00ns)   --->   "%sext_ln58_173 = sext i9 %add_ln58_113" [firmware/nnet_utils/nnet_dense_latency.h:58]   --->   Operation 406 'sext' 'sext_ln58_173' <Predicate = true> <Delay = 0.00>
ST_1 : Operation 407 [1/1] (1.82ns)   --->   "%add_ln58_114 = add i10 %sext_ln58_173, i10 %sext_ln58_172" [firmware/nnet_utils/nnet_dense_latency.h:58]   --->   Operation 407 'add' 'add_ln58_114' <Predicate = true> <Delay = 1.82> <CoreInst = "Adder">   --->   Core 1 'Adder' <Latency = 0> <II = 1> <Delay = 1.82> <FuncUnit> <Opcode : 'add' 'sub'> <InPorts = 2> <OutPorts = 1>
ST_1 : Operation 408 [1/1] (0.00ns)   --->   "%sext_ln58_196 = sext i9 %tmp_289" [firmware/nnet_utils/nnet_dense_latency.h:58]   --->   Operation 408 'sext' 'sext_ln58_196' <Predicate = true> <Delay = 0.00>
ST_1 : Operation 409 [1/1] (0.00ns)   --->   "%sext_ln58_197 = sext i11 %add_ln58_62" [firmware/nnet_utils/nnet_dense_latency.h:58]   --->   Operation 409 'sext' 'sext_ln58_197' <Predicate = true> <Delay = 0.00>
ST_1 : Operation 410 [1/1] (1.63ns)   --->   "%sub_ln58_279 = sub i12 %sext_ln58_197, i12 %sext_ln58_196" [firmware/nnet_utils/nnet_dense_latency.h:58]   --->   Operation 410 'sub' 'sub_ln58_279' <Predicate = true> <Delay = 1.63> <CoreInst = "Adder">   --->   Core 1 'Adder' <Latency = 0> <II = 1> <Delay = 1.63> <FuncUnit> <Opcode : 'add' 'sub'> <InPorts = 2> <OutPorts = 1>
ST_1 : Operation 411 [1/1] (0.00ns)   --->   "%sext_ln58_198 = sext i9 %mult_19" [firmware/nnet_utils/nnet_dense_latency.h:58]   --->   Operation 411 'sext' 'sext_ln58_198' <Predicate = true> <Delay = 0.00>
ST_1 : Operation 412 [1/1] (1.82ns)   --->   "%sub_ln58_95 = sub i10 %sext_ln58_198, i10 %sext_ln17_49" [firmware/nnet_utils/nnet_dense_latency.h:58]   --->   Operation 412 'sub' 'sub_ln58_95' <Predicate = true> <Delay = 1.82> <CoreInst = "Adder">   --->   Core 1 'Adder' <Latency = 0> <II = 1> <Delay = 1.82> <FuncUnit> <Opcode : 'add' 'sub'> <InPorts = 2> <OutPorts = 1>
ST_1 : Operation 413 [1/1] (3.78ns) (root node of TernaryAdder)   --->   "%add_ln58_144 = add i12 %sub_ln58_57, i12 %sext_ln17_57" [firmware/nnet_utils/nnet_dense_latency.h:58]   --->   Operation 413 'add' 'add_ln58_144' <Predicate = true> <Delay = 3.78> <CoreInst = "TAddSub">   --->   Core 10 'TAddSub' <Latency = 0> <II = 1> <Delay = 1.92> <IPBlock> <Opcode : 'add' 'sub'> <InPorts = 3> <OutPorts = 1> <Sync> <CReg>
ST_1 : Operation 414 [1/1] (3.78ns) (root node of TernaryAdder)   --->   "%add_ln58_167 = add i12 %sub_ln58_76, i12 %sext_ln17_55" [firmware/nnet_utils/nnet_dense_latency.h:58]   --->   Operation 414 'add' 'add_ln58_167' <Predicate = true> <Delay = 3.78> <CoreInst = "TAddSub">   --->   Core 10 'TAddSub' <Latency = 0> <II = 1> <Delay = 1.92> <IPBlock> <Opcode : 'add' 'sub'> <InPorts = 3> <OutPorts = 1> <Sync> <CReg>
ST_1 : Operation 415 [1/1] (0.00ns)   --->   "%sext_ln58_305 = sext i11 %add_ln58_78" [firmware/nnet_utils/nnet_dense_latency.h:58]   --->   Operation 415 'sext' 'sext_ln58_305' <Predicate = true> <Delay = 0.00>
ST_1 : Operation 416 [1/1] (1.63ns)   --->   "%sub_ln58_129 = sub i12 %sext_ln58_305, i12 %sext_ln17_55" [firmware/nnet_utils/nnet_dense_latency.h:58]   --->   Operation 416 'sub' 'sub_ln58_129' <Predicate = true> <Delay = 1.63> <CoreInst = "Adder">   --->   Core 1 'Adder' <Latency = 0> <II = 1> <Delay = 1.63> <FuncUnit> <Opcode : 'add' 'sub'> <InPorts = 2> <OutPorts = 1>
ST_1 : Operation 417 [1/1] (1.82ns)   --->   "%add_ln58_426 = add i10 %sext_ln58_3, i10 %sext_ln17_2" [firmware/nnet_utils/nnet_dense_latency.h:58]   --->   Operation 417 'add' 'add_ln58_426' <Predicate = true> <Delay = 1.82> <CoreInst = "Adder">   --->   Core 1 'Adder' <Latency = 0> <II = 1> <Delay = 1.82> <FuncUnit> <Opcode : 'add' 'sub'> <InPorts = 2> <OutPorts = 1>
ST_1 : Operation 418 [1/1] (0.00ns)   --->   "%sext_ln58_559 = sext i10 %add_ln58_426" [firmware/nnet_utils/nnet_dense_latency.h:58]   --->   Operation 418 'sext' 'sext_ln58_559' <Predicate = true> <Delay = 0.00>
ST_1 : Operation 419 [1/1] (0.00ns) (grouped into TernaryAdder)   --->   "%sub_ln58_207 = sub i11 %sext_ln58_559, i11 %sext_ln17_30" [firmware/nnet_utils/nnet_dense_latency.h:58]   --->   Operation 419 'sub' 'sub_ln58_207' <Predicate = true> <Delay = 0.00> <CoreInst = "TAddSub">   --->   Core 10 'TAddSub' <Latency = 0> <II = 1> <Delay = 1.92> <IPBlock> <Opcode : 'add' 'sub'> <InPorts = 3> <OutPorts = 1> <Sync> <CReg>
ST_1 : Operation 420 [1/1] (1.82ns)   --->   "%add_ln58_427 = add i10 %sext_ln58_93, i10 %sext_ln17_10" [firmware/nnet_utils/nnet_dense_latency.h:58]   --->   Operation 420 'add' 'add_ln58_427' <Predicate = true> <Delay = 1.82> <CoreInst = "Adder">   --->   Core 1 'Adder' <Latency = 0> <II = 1> <Delay = 1.82> <FuncUnit> <Opcode : 'add' 'sub'> <InPorts = 2> <OutPorts = 1>
ST_1 : Operation 421 [1/1] (0.00ns)   --->   "%sext_ln58_560 = sext i10 %add_ln58_427" [firmware/nnet_utils/nnet_dense_latency.h:58]   --->   Operation 421 'sext' 'sext_ln58_560' <Predicate = true> <Delay = 0.00>
ST_1 : Operation 422 [1/1] (3.75ns) (root node of TernaryAdder)   --->   "%add_ln58_428 = add i11 %sext_ln58_560, i11 %sub_ln58_207" [firmware/nnet_utils/nnet_dense_latency.h:58]   --->   Operation 422 'add' 'add_ln58_428' <Predicate = true> <Delay = 3.75> <CoreInst = "TAddSub">   --->   Core 10 'TAddSub' <Latency = 0> <II = 1> <Delay = 1.92> <IPBlock> <Opcode : 'add' 'sub'> <InPorts = 3> <OutPorts = 1> <Sync> <CReg>
ST_1 : Operation 423 [1/1] (0.00ns)   --->   "%sext_ln58_561 = sext i11 %add_ln58_428" [firmware/nnet_utils/nnet_dense_latency.h:58]   --->   Operation 423 'sext' 'sext_ln58_561' <Predicate = true> <Delay = 0.00>
ST_1 : Operation 424 [1/1] (0.00ns) (grouped into TernaryAdder)   --->   "%sub_ln58_208 = sub i12 %sext_ln58_561, i12 %sext_ln17_35" [firmware/nnet_utils/nnet_dense_latency.h:58]   --->   Operation 424 'sub' 'sub_ln58_208' <Predicate = true> <Delay = 0.00> <CoreInst = "TAddSub">   --->   Core 10 'TAddSub' <Latency = 0> <II = 1> <Delay = 1.92> <IPBlock> <Opcode : 'add' 'sub'> <InPorts = 3> <OutPorts = 1> <Sync> <CReg>
ST_1 : Operation 425 [1/1] (3.78ns) (root node of TernaryAdder)   --->   "%add_ln58_429 = add i12 %sub_ln58_208, i12 %sext_ln17_43" [firmware/nnet_utils/nnet_dense_latency.h:58]   --->   Operation 425 'add' 'add_ln58_429' <Predicate = true> <Delay = 3.78> <CoreInst = "TAddSub">   --->   Core 10 'TAddSub' <Latency = 0> <II = 1> <Delay = 1.92> <IPBlock> <Opcode : 'add' 'sub'> <InPorts = 3> <OutPorts = 1> <Sync> <CReg>
ST_1 : Operation 426 [1/1] (0.00ns) (grouped into TernaryAdder)   --->   "%add_ln58_597 = add i11 %sext_ln58_20, i11 %sext_ln17_23" [firmware/nnet_utils/nnet_dense_latency.h:58]   --->   Operation 426 'add' 'add_ln58_597' <Predicate = true> <Delay = 0.00> <CoreInst = "TAddSub">   --->   Core 10 'TAddSub' <Latency = 0> <II = 1> <Delay = 1.92> <IPBlock> <Opcode : 'add' 'sub'> <InPorts = 3> <OutPorts = 1> <Sync> <CReg>
ST_1 : Operation 427 [1/1] (1.91ns)   --->   "%add_ln58_598 = add i9 %sext_ln73_3, i9 %sext_ln70_6" [firmware/nnet_utils/nnet_dense_latency.h:58]   --->   Operation 427 'add' 'add_ln58_598' <Predicate = true> <Delay = 1.91> <CoreInst = "Adder">   --->   Core 1 'Adder' <Latency = 0> <II = 1> <Delay = 1.91> <FuncUnit> <Opcode : 'add' 'sub'> <InPorts = 2> <OutPorts = 1>
ST_1 : Operation 428 [1/1] (0.00ns)   --->   "%sext_ln58_734 = sext i9 %add_ln58_598" [firmware/nnet_utils/nnet_dense_latency.h:58]   --->   Operation 428 'sext' 'sext_ln58_734' <Predicate = true> <Delay = 0.00>
ST_1 : Operation 429 [1/1] (3.75ns) (root node of TernaryAdder)   --->   "%add_ln58_599 = add i11 %sext_ln58_734, i11 %add_ln58_597" [firmware/nnet_utils/nnet_dense_latency.h:58]   --->   Operation 429 'add' 'add_ln58_599' <Predicate = true> <Delay = 3.75> <CoreInst = "TAddSub">   --->   Core 10 'TAddSub' <Latency = 0> <II = 1> <Delay = 1.92> <IPBlock> <Opcode : 'add' 'sub'> <InPorts = 3> <OutPorts = 1> <Sync> <CReg>
ST_1 : Operation 430 [1/1] (0.00ns)   --->   "%sext_ln58_156 = sext i11 %add_ln58_599" [firmware/nnet_utils/nnet_dense_latency.h:58]   --->   Operation 430 'sext' 'sext_ln58_156' <Predicate = true> <Delay = 0.00>
ST_1 : Operation 431 [1/1] (1.63ns)   --->   "%add_ln58_600 = add i12 %sext_ln58_156, i12 %sext_ln17_32" [firmware/nnet_utils/nnet_dense_latency.h:58]   --->   Operation 431 'add' 'add_ln58_600' <Predicate = true> <Delay = 1.63> <CoreInst = "Adder">   --->   Core 1 'Adder' <Latency = 0> <II = 1> <Delay = 1.63> <FuncUnit> <Opcode : 'add' 'sub'> <InPorts = 2> <OutPorts = 1>

State 2 <SV = 1> <Delay = 13.2>
ST_2 : Operation 432 [1/1] (0.00ns)   --->   "%data_58_val_read = read i8 @_ssdm_op_Read.ap_auto.i8, i8 %data_58_val" [firmware/nnet_utils/nnet_mult.h:70->firmware/nnet_utils/nnet_dense_latency.h:42]   --->   Operation 432 'read' 'data_58_val_read' <Predicate = true> <Delay = 0.00>
ST_2 : Operation 433 [1/1] (0.00ns)   --->   "%data_57_val_read = read i8 @_ssdm_op_Read.ap_auto.i8, i8 %data_57_val" [firmware/nnet_utils/nnet_mult.h:70->firmware/nnet_utils/nnet_dense_latency.h:42]   --->   Operation 433 'read' 'data_57_val_read' <Predicate = true> <Delay = 0.00>
ST_2 : Operation 434 [1/1] (0.00ns)   --->   "%data_56_val_read = read i8 @_ssdm_op_Read.ap_auto.i8, i8 %data_56_val" [firmware/nnet_utils/nnet_mult.h:70->firmware/nnet_utils/nnet_dense_latency.h:42]   --->   Operation 434 'read' 'data_56_val_read' <Predicate = true> <Delay = 0.00>
ST_2 : Operation 435 [1/1] (0.00ns)   --->   "%data_55_val_read = read i8 @_ssdm_op_Read.ap_auto.i8, i8 %data_55_val" [firmware/nnet_utils/nnet_mult.h:70->firmware/nnet_utils/nnet_dense_latency.h:42]   --->   Operation 435 'read' 'data_55_val_read' <Predicate = true> <Delay = 0.00>
ST_2 : Operation 436 [1/1] (0.00ns)   --->   "%data_54_val_read = read i8 @_ssdm_op_Read.ap_auto.i8, i8 %data_54_val" [firmware/nnet_utils/nnet_mult.h:70->firmware/nnet_utils/nnet_dense_latency.h:42]   --->   Operation 436 'read' 'data_54_val_read' <Predicate = true> <Delay = 0.00>
ST_2 : Operation 437 [1/1] (0.00ns)   --->   "%data_52_val_read = read i8 @_ssdm_op_Read.ap_auto.i8, i8 %data_52_val" [firmware/nnet_utils/nnet_mult.h:70->firmware/nnet_utils/nnet_dense_latency.h:42]   --->   Operation 437 'read' 'data_52_val_read' <Predicate = true> <Delay = 0.00>
ST_2 : Operation 438 [1/1] (0.00ns)   --->   "%data_51_val_read = read i8 @_ssdm_op_Read.ap_auto.i8, i8 %data_51_val" [firmware/nnet_utils/nnet_mult.h:70->firmware/nnet_utils/nnet_dense_latency.h:42]   --->   Operation 438 'read' 'data_51_val_read' <Predicate = true> <Delay = 0.00>
ST_2 : Operation 439 [1/1] (0.00ns)   --->   "%data_50_val_read = read i8 @_ssdm_op_Read.ap_auto.i8, i8 %data_50_val" [firmware/nnet_utils/nnet_mult.h:70->firmware/nnet_utils/nnet_dense_latency.h:42]   --->   Operation 439 'read' 'data_50_val_read' <Predicate = true> <Delay = 0.00>
ST_2 : Operation 440 [1/1] (0.00ns)   --->   "%data_49_val_read = read i8 @_ssdm_op_Read.ap_auto.i8, i8 %data_49_val" [firmware/nnet_utils/nnet_mult.h:70->firmware/nnet_utils/nnet_dense_latency.h:42]   --->   Operation 440 'read' 'data_49_val_read' <Predicate = true> <Delay = 0.00>
ST_2 : Operation 441 [1/1] (0.00ns)   --->   "%data_48_val_read = read i8 @_ssdm_op_Read.ap_auto.i8, i8 %data_48_val" [firmware/nnet_utils/nnet_mult.h:70->firmware/nnet_utils/nnet_dense_latency.h:42]   --->   Operation 441 'read' 'data_48_val_read' <Predicate = true> <Delay = 0.00>
ST_2 : Operation 442 [1/1] (0.00ns)   --->   "%data_47_val_read = read i8 @_ssdm_op_Read.ap_auto.i8, i8 %data_47_val" [firmware/nnet_utils/nnet_mult.h:70->firmware/nnet_utils/nnet_dense_latency.h:42]   --->   Operation 442 'read' 'data_47_val_read' <Predicate = true> <Delay = 0.00>
ST_2 : Operation 443 [1/1] (0.00ns)   --->   "%data_46_val_read = read i8 @_ssdm_op_Read.ap_auto.i8, i8 %data_46_val" [firmware/nnet_utils/nnet_mult.h:70->firmware/nnet_utils/nnet_dense_latency.h:42]   --->   Operation 443 'read' 'data_46_val_read' <Predicate = true> <Delay = 0.00>
ST_2 : Operation 444 [1/1] (0.00ns)   --->   "%data_45_val_read = read i8 @_ssdm_op_Read.ap_auto.i8, i8 %data_45_val" [firmware/nnet_utils/nnet_mult.h:70->firmware/nnet_utils/nnet_dense_latency.h:42]   --->   Operation 444 'read' 'data_45_val_read' <Predicate = true> <Delay = 0.00>
ST_2 : Operation 445 [1/1] (0.00ns)   --->   "%data_44_val_read = read i8 @_ssdm_op_Read.ap_auto.i8, i8 %data_44_val" [firmware/nnet_utils/nnet_mult.h:70->firmware/nnet_utils/nnet_dense_latency.h:42]   --->   Operation 445 'read' 'data_44_val_read' <Predicate = true> <Delay = 0.00>
ST_2 : Operation 446 [1/1] (0.00ns)   --->   "%data_43_val_read = read i8 @_ssdm_op_Read.ap_auto.i8, i8 %data_43_val" [firmware/nnet_utils/nnet_mult.h:70->firmware/nnet_utils/nnet_dense_latency.h:42]   --->   Operation 446 'read' 'data_43_val_read' <Predicate = true> <Delay = 0.00>
ST_2 : Operation 447 [1/1] (0.00ns)   --->   "%data_42_val_read = read i8 @_ssdm_op_Read.ap_auto.i8, i8 %data_42_val" [firmware/nnet_utils/nnet_mult.h:70->firmware/nnet_utils/nnet_dense_latency.h:42]   --->   Operation 447 'read' 'data_42_val_read' <Predicate = true> <Delay = 0.00>
ST_2 : Operation 448 [1/1] (0.00ns)   --->   "%data_41_val_read = read i8 @_ssdm_op_Read.ap_auto.i8, i8 %data_41_val" [firmware/nnet_utils/nnet_mult.h:70->firmware/nnet_utils/nnet_dense_latency.h:42]   --->   Operation 448 'read' 'data_41_val_read' <Predicate = true> <Delay = 0.00>
ST_2 : Operation 449 [1/1] (0.00ns)   --->   "%data_40_val_read = read i8 @_ssdm_op_Read.ap_auto.i8, i8 %data_40_val" [firmware/nnet_utils/nnet_mult.h:70->firmware/nnet_utils/nnet_dense_latency.h:42]   --->   Operation 449 'read' 'data_40_val_read' <Predicate = true> <Delay = 0.00>
ST_2 : Operation 450 [1/1] (0.00ns)   --->   "%data_39_val_read = read i8 @_ssdm_op_Read.ap_auto.i8, i8 %data_39_val" [firmware/nnet_utils/nnet_mult.h:70->firmware/nnet_utils/nnet_dense_latency.h:42]   --->   Operation 450 'read' 'data_39_val_read' <Predicate = true> <Delay = 0.00>
ST_2 : Operation 451 [1/1] (0.00ns)   --->   "%data_38_val_read = read i8 @_ssdm_op_Read.ap_auto.i8, i8 %data_38_val" [firmware/nnet_utils/nnet_mult.h:70->firmware/nnet_utils/nnet_dense_latency.h:42]   --->   Operation 451 'read' 'data_38_val_read' <Predicate = true> <Delay = 0.00>
ST_2 : Operation 452 [1/1] (0.00ns)   --->   "%data_37_val_read = read i8 @_ssdm_op_Read.ap_auto.i8, i8 %data_37_val" [firmware/nnet_utils/nnet_mult.h:70->firmware/nnet_utils/nnet_dense_latency.h:42]   --->   Operation 452 'read' 'data_37_val_read' <Predicate = true> <Delay = 0.00>
ST_2 : Operation 453 [1/1] (0.00ns)   --->   "%data_36_val_read = read i8 @_ssdm_op_Read.ap_auto.i8, i8 %data_36_val" [firmware/nnet_utils/nnet_mult.h:70->firmware/nnet_utils/nnet_dense_latency.h:42]   --->   Operation 453 'read' 'data_36_val_read' <Predicate = true> <Delay = 0.00>
ST_2 : Operation 454 [1/1] (0.00ns)   --->   "%data_35_val_read = read i8 @_ssdm_op_Read.ap_auto.i8, i8 %data_35_val" [firmware/nnet_utils/nnet_mult.h:70->firmware/nnet_utils/nnet_dense_latency.h:42]   --->   Operation 454 'read' 'data_35_val_read' <Predicate = true> <Delay = 0.00>
ST_2 : Operation 455 [1/1] (0.00ns)   --->   "%data_34_val_read = read i8 @_ssdm_op_Read.ap_auto.i8, i8 %data_34_val" [firmware/nnet_utils/nnet_mult.h:70->firmware/nnet_utils/nnet_dense_latency.h:42]   --->   Operation 455 'read' 'data_34_val_read' <Predicate = true> <Delay = 0.00>
ST_2 : Operation 456 [1/1] (0.00ns)   --->   "%data_33_val_read = read i8 @_ssdm_op_Read.ap_auto.i8, i8 %data_33_val" [firmware/nnet_utils/nnet_mult.h:70->firmware/nnet_utils/nnet_dense_latency.h:42]   --->   Operation 456 'read' 'data_33_val_read' <Predicate = true> <Delay = 0.00>
ST_2 : Operation 457 [1/1] (0.00ns)   --->   "%data_32_val_read = read i8 @_ssdm_op_Read.ap_auto.i8, i8 %data_32_val" [firmware/nnet_utils/nnet_mult.h:70->firmware/nnet_utils/nnet_dense_latency.h:42]   --->   Operation 457 'read' 'data_32_val_read' <Predicate = true> <Delay = 0.00>
ST_2 : Operation 458 [1/1] (0.00ns)   --->   "%data_31_val_read = read i8 @_ssdm_op_Read.ap_auto.i8, i8 %data_31_val" [firmware/nnet_utils/nnet_mult.h:70->firmware/nnet_utils/nnet_dense_latency.h:42]   --->   Operation 458 'read' 'data_31_val_read' <Predicate = true> <Delay = 0.00>
ST_2 : Operation 459 [1/1] (0.00ns)   --->   "%data_30_val_read = read i8 @_ssdm_op_Read.ap_auto.i8, i8 %data_30_val" [firmware/nnet_utils/nnet_mult.h:70->firmware/nnet_utils/nnet_dense_latency.h:42]   --->   Operation 459 'read' 'data_30_val_read' <Predicate = true> <Delay = 0.00>
ST_2 : Operation 460 [1/1] (0.00ns)   --->   "%data_29_val_read = read i8 @_ssdm_op_Read.ap_auto.i8, i8 %data_29_val" [firmware/nnet_utils/nnet_mult.h:70->firmware/nnet_utils/nnet_dense_latency.h:42]   --->   Operation 460 'read' 'data_29_val_read' <Predicate = true> <Delay = 0.00>
ST_2 : Operation 461 [1/1] (0.00ns)   --->   "%data_28_val_read = read i8 @_ssdm_op_Read.ap_auto.i8, i8 %data_28_val" [firmware/nnet_utils/nnet_mult.h:70->firmware/nnet_utils/nnet_dense_latency.h:42]   --->   Operation 461 'read' 'data_28_val_read' <Predicate = true> <Delay = 0.00>
ST_2 : Operation 462 [1/1] (0.00ns)   --->   "%data_27_val_read = read i8 @_ssdm_op_Read.ap_auto.i8, i8 %data_27_val" [firmware/nnet_utils/nnet_mult.h:70->firmware/nnet_utils/nnet_dense_latency.h:42]   --->   Operation 462 'read' 'data_27_val_read' <Predicate = true> <Delay = 0.00>
ST_2 : Operation 463 [1/1] (0.00ns)   --->   "%data_26_val_read = read i8 @_ssdm_op_Read.ap_auto.i8, i8 %data_26_val" [firmware/nnet_utils/nnet_mult.h:70->firmware/nnet_utils/nnet_dense_latency.h:42]   --->   Operation 463 'read' 'data_26_val_read' <Predicate = true> <Delay = 0.00>
ST_2 : Operation 464 [1/1] (0.00ns)   --->   "%data_25_val_read = read i8 @_ssdm_op_Read.ap_auto.i8, i8 %data_25_val" [firmware/nnet_utils/nnet_mult.h:70->firmware/nnet_utils/nnet_dense_latency.h:42]   --->   Operation 464 'read' 'data_25_val_read' <Predicate = true> <Delay = 0.00>
ST_2 : Operation 465 [1/1] (0.00ns)   --->   "%data_24_val_read = read i8 @_ssdm_op_Read.ap_auto.i8, i8 %data_24_val" [firmware/nnet_utils/nnet_mult.h:70->firmware/nnet_utils/nnet_dense_latency.h:42]   --->   Operation 465 'read' 'data_24_val_read' <Predicate = true> <Delay = 0.00>
ST_2 : Operation 466 [1/1] (0.00ns)   --->   "%data_23_val_read = read i8 @_ssdm_op_Read.ap_auto.i8, i8 %data_23_val" [firmware/nnet_utils/nnet_mult.h:70->firmware/nnet_utils/nnet_dense_latency.h:42]   --->   Operation 466 'read' 'data_23_val_read' <Predicate = true> <Delay = 0.00>
ST_2 : Operation 467 [1/1] (0.00ns)   --->   "%data_22_val_read = read i8 @_ssdm_op_Read.ap_auto.i8, i8 %data_22_val" [firmware/nnet_utils/nnet_mult.h:70->firmware/nnet_utils/nnet_dense_latency.h:42]   --->   Operation 467 'read' 'data_22_val_read' <Predicate = true> <Delay = 0.00>
ST_2 : Operation 468 [1/1] (0.00ns)   --->   "%data_20_val_read = read i8 @_ssdm_op_Read.ap_auto.i8, i8 %data_20_val" [firmware/nnet_utils/nnet_mult.h:70->firmware/nnet_utils/nnet_dense_latency.h:42]   --->   Operation 468 'read' 'data_20_val_read' <Predicate = true> <Delay = 0.00>
ST_2 : Operation 469 [1/1] (0.00ns)   --->   "%data_19_val_read = read i8 @_ssdm_op_Read.ap_auto.i8, i8 %data_19_val" [firmware/nnet_utils/nnet_mult.h:70->firmware/nnet_utils/nnet_dense_latency.h:42]   --->   Operation 469 'read' 'data_19_val_read' <Predicate = true> <Delay = 0.00>
ST_2 : Operation 470 [1/1] (0.00ns)   --->   "%sext_ln17_31 = sext i8 %data_10_val_read" [firmware/nnet_utils/nnet_dense_latency.h:17]   --->   Operation 470 'sext' 'sext_ln17_31' <Predicate = true> <Delay = 0.00>
ST_2 : Operation 471 [1/1] (0.00ns)   --->   "%sext_ln17_33 = sext i9 %mult_12" [firmware/nnet_utils/nnet_dense_latency.h:17]   --->   Operation 471 'sext' 'sext_ln17_33' <Predicate = true> <Delay = 0.00>
ST_2 : Operation 472 [1/1] (0.00ns)   --->   "%sext_ln17_46 = sext i8 %data_14_val_read" [firmware/nnet_utils/nnet_dense_latency.h:17]   --->   Operation 472 'sext' 'sext_ln17_46' <Predicate = true> <Delay = 0.00>
ST_2 : Operation 473 [1/1] (0.00ns)   --->   "%sext_ln17_48 = sext i8 %data_14_val_read" [firmware/nnet_utils/nnet_dense_latency.h:17]   --->   Operation 473 'sext' 'sext_ln17_48' <Predicate = true> <Delay = 0.00>
ST_2 : Operation 474 [1/1] (0.00ns)   --->   "%mult_16 = bitconcatenate i9 @_ssdm_op_BitConcatenate.i9.i8.i1, i8 %data_14_val_read, i1 0" [firmware/nnet_utils/nnet_mult.h:73->firmware/nnet_utils/nnet_dense_latency.h:42]   --->   Operation 474 'bitconcatenate' 'mult_16' <Predicate = true> <Delay = 0.00>
ST_2 : Operation 475 [1/1] (0.00ns)   --->   "%sext_ln73_19 = sext i9 %mult_16" [firmware/nnet_utils/nnet_mult.h:73->firmware/nnet_utils/nnet_dense_latency.h:42]   --->   Operation 475 'sext' 'sext_ln73_19' <Predicate = true> <Delay = 0.00>
ST_2 : Operation 476 [1/1] (0.00ns)   --->   "%sext_ln17_50 = sext i9 %mult_16" [firmware/nnet_utils/nnet_dense_latency.h:17]   --->   Operation 476 'sext' 'sext_ln17_50' <Predicate = true> <Delay = 0.00>
ST_2 : Operation 477 [1/1] (0.00ns)   --->   "%sext_ln70_7 = sext i8 %data_15_val_read" [firmware/nnet_utils/nnet_mult.h:70->firmware/nnet_utils/nnet_dense_latency.h:42]   --->   Operation 477 'sext' 'sext_ln70_7' <Predicate = true> <Delay = 0.00>
ST_2 : Operation 478 [1/1] (1.91ns)   --->   "%mult_18 = sub i9 0, i9 %sext_ln70_7" [firmware/nnet_utils/nnet_mult.h:73->firmware/nnet_utils/nnet_dense_latency.h:42]   --->   Operation 478 'sub' 'mult_18' <Predicate = true> <Delay = 1.91> <CoreInst = "Adder">   --->   Core 1 'Adder' <Latency = 0> <II = 1> <Delay = 1.91> <FuncUnit> <Opcode : 'add' 'sub'> <InPorts = 2> <OutPorts = 1>
ST_2 : Operation 479 [1/1] (0.00ns)   --->   "%sext_ln17_52 = sext i9 %mult_18" [firmware/nnet_utils/nnet_dense_latency.h:17]   --->   Operation 479 'sext' 'sext_ln17_52' <Predicate = true> <Delay = 0.00>
ST_2 : Operation 480 [1/1] (0.00ns)   --->   "%sext_ln73_7 = sext i8 %data_17_val_read" [firmware/nnet_utils/nnet_mult.h:73->firmware/nnet_utils/nnet_dense_latency.h:42]   --->   Operation 480 'sext' 'sext_ln73_7' <Predicate = true> <Delay = 0.00>
ST_2 : Operation 481 [1/1] (0.00ns)   --->   "%sext_ln17_56 = sext i9 %mult_20" [firmware/nnet_utils/nnet_dense_latency.h:17]   --->   Operation 481 'sext' 'sext_ln17_56' <Predicate = true> <Delay = 0.00>
ST_2 : Operation 482 [1/1] (0.00ns)   --->   "%mult_21 = bitconcatenate i9 @_ssdm_op_BitConcatenate.i9.i8.i1, i8 %data_17_val_read, i1 0" [firmware/nnet_utils/nnet_mult.h:73->firmware/nnet_utils/nnet_dense_latency.h:42]   --->   Operation 482 'bitconcatenate' 'mult_21' <Predicate = true> <Delay = 0.00>
ST_2 : Operation 483 [1/1] (0.00ns)   --->   "%sext_ln73_9 = sext i8 %data_18_val_read" [firmware/nnet_utils/nnet_mult.h:73->firmware/nnet_utils/nnet_dense_latency.h:42]   --->   Operation 483 'sext' 'sext_ln73_9' <Predicate = true> <Delay = 0.00>
ST_2 : Operation 484 [1/1] (0.00ns)   --->   "%sext_ln17_58 = sext i9 %mult_22" [firmware/nnet_utils/nnet_dense_latency.h:17]   --->   Operation 484 'sext' 'sext_ln17_58' <Predicate = true> <Delay = 0.00>
ST_2 : Operation 485 [1/1] (0.00ns)   --->   "%mult_23 = bitconcatenate i9 @_ssdm_op_BitConcatenate.i9.i8.i1, i8 %data_18_val_read, i1 0" [firmware/nnet_utils/nnet_mult.h:73->firmware/nnet_utils/nnet_dense_latency.h:42]   --->   Operation 485 'bitconcatenate' 'mult_23' <Predicate = true> <Delay = 0.00>
ST_2 : Operation 486 [1/1] (0.00ns)   --->   "%sext_ln17_59 = sext i9 %mult_23" [firmware/nnet_utils/nnet_dense_latency.h:17]   --->   Operation 486 'sext' 'sext_ln17_59' <Predicate = true> <Delay = 0.00>
ST_2 : Operation 487 [1/1] (0.00ns)   --->   "%sext_ln17_60 = sext i8 %data_18_val_read" [firmware/nnet_utils/nnet_dense_latency.h:17]   --->   Operation 487 'sext' 'sext_ln17_60' <Predicate = true> <Delay = 0.00>
ST_2 : Operation 488 [1/1] (0.00ns)   --->   "%sext_ln73_20 = sext i9 %mult_23" [firmware/nnet_utils/nnet_mult.h:73->firmware/nnet_utils/nnet_dense_latency.h:42]   --->   Operation 488 'sext' 'sext_ln73_20' <Predicate = true> <Delay = 0.00>
ST_2 : Operation 489 [1/1] (0.00ns)   --->   "%sext_ln70_9 = sext i8 %data_19_val_read" [firmware/nnet_utils/nnet_mult.h:70->firmware/nnet_utils/nnet_dense_latency.h:42]   --->   Operation 489 'sext' 'sext_ln70_9' <Predicate = true> <Delay = 0.00>
ST_2 : Operation 490 [1/1] (1.91ns)   --->   "%mult_24 = sub i9 0, i9 %sext_ln70_9" [firmware/nnet_utils/nnet_mult.h:73->firmware/nnet_utils/nnet_dense_latency.h:42]   --->   Operation 490 'sub' 'mult_24' <Predicate = true> <Delay = 1.91> <CoreInst = "Adder">   --->   Core 1 'Adder' <Latency = 0> <II = 1> <Delay = 1.91> <FuncUnit> <Opcode : 'add' 'sub'> <InPorts = 2> <OutPorts = 1>
ST_2 : Operation 491 [1/1] (0.00ns)   --->   "%sext_ln17_61 = sext i8 %data_20_val_read" [firmware/nnet_utils/nnet_dense_latency.h:17]   --->   Operation 491 'sext' 'sext_ln17_61' <Predicate = true> <Delay = 0.00>
ST_2 : Operation 492 [1/1] (0.00ns)   --->   "%sext_ln17_62 = sext i8 %data_20_val_read" [firmware/nnet_utils/nnet_dense_latency.h:17]   --->   Operation 492 'sext' 'sext_ln17_62' <Predicate = true> <Delay = 0.00>
ST_2 : Operation 493 [1/1] (1.91ns)   --->   "%mult_25 = sub i9 0, i9 %sext_ln17_62" [firmware/nnet_utils/nnet_mult.h:73->firmware/nnet_utils/nnet_dense_latency.h:42]   --->   Operation 493 'sub' 'mult_25' <Predicate = true> <Delay = 1.91> <CoreInst = "Adder">   --->   Core 1 'Adder' <Latency = 0> <II = 1> <Delay = 1.91> <FuncUnit> <Opcode : 'add' 'sub'> <InPorts = 2> <OutPorts = 1>
ST_2 : Operation 494 [1/1] (0.00ns)   --->   "%sext_ln17_63 = sext i9 %mult_25" [firmware/nnet_utils/nnet_dense_latency.h:17]   --->   Operation 494 'sext' 'sext_ln17_63' <Predicate = true> <Delay = 0.00>
ST_2 : Operation 495 [1/1] (0.00ns)   --->   "%mult_26 = bitconcatenate i9 @_ssdm_op_BitConcatenate.i9.i8.i1, i8 %data_20_val_read, i1 0" [firmware/nnet_utils/nnet_mult.h:73->firmware/nnet_utils/nnet_dense_latency.h:42]   --->   Operation 495 'bitconcatenate' 'mult_26' <Predicate = true> <Delay = 0.00>
ST_2 : Operation 496 [1/1] (0.00ns)   --->   "%sext_ln17_64 = sext i9 %mult_26" [firmware/nnet_utils/nnet_dense_latency.h:17]   --->   Operation 496 'sext' 'sext_ln17_64' <Predicate = true> <Delay = 0.00>
ST_2 : Operation 497 [1/1] (0.00ns)   --->   "%sext_ln17_65 = sext i8 %data_21_val_read" [firmware/nnet_utils/nnet_dense_latency.h:17]   --->   Operation 497 'sext' 'sext_ln17_65' <Predicate = true> <Delay = 0.00>
ST_2 : Operation 498 [1/1] (0.00ns)   --->   "%sext_ln17_66 = sext i8 %data_21_val_read" [firmware/nnet_utils/nnet_dense_latency.h:17]   --->   Operation 498 'sext' 'sext_ln17_66' <Predicate = true> <Delay = 0.00>
ST_2 : Operation 499 [1/1] (0.00ns)   --->   "%tmp_291 = bitconcatenate i9 @_ssdm_op_BitConcatenate.i9.i8.i1, i8 %data_21_val_read, i1 0" [firmware/nnet_utils/nnet_mult.h:73->firmware/nnet_utils/nnet_dense_latency.h:42]   --->   Operation 499 'bitconcatenate' 'tmp_291' <Predicate = true> <Delay = 0.00>
ST_2 : Operation 500 [1/1] (0.00ns)   --->   "%sext_ln73_21 = sext i9 %tmp_291" [firmware/nnet_utils/nnet_mult.h:73->firmware/nnet_utils/nnet_dense_latency.h:42]   --->   Operation 500 'sext' 'sext_ln73_21' <Predicate = true> <Delay = 0.00>
ST_2 : Operation 501 [1/1] (0.00ns)   --->   "%sext_ln73_11 = sext i8 %data_22_val_read" [firmware/nnet_utils/nnet_mult.h:73->firmware/nnet_utils/nnet_dense_latency.h:42]   --->   Operation 501 'sext' 'sext_ln73_11' <Predicate = true> <Delay = 0.00>
ST_2 : Operation 502 [1/1] (0.00ns)   --->   "%sext_ln73_12 = sext i8 %data_22_val_read" [firmware/nnet_utils/nnet_mult.h:73->firmware/nnet_utils/nnet_dense_latency.h:42]   --->   Operation 502 'sext' 'sext_ln73_12' <Predicate = true> <Delay = 0.00>
ST_2 : Operation 503 [1/1] (1.91ns)   --->   "%mult_28 = sub i9 0, i9 %sext_ln73_12" [firmware/nnet_utils/nnet_mult.h:73->firmware/nnet_utils/nnet_dense_latency.h:42]   --->   Operation 503 'sub' 'mult_28' <Predicate = true> <Delay = 1.91> <CoreInst = "Adder">   --->   Core 1 'Adder' <Latency = 0> <II = 1> <Delay = 1.91> <FuncUnit> <Opcode : 'add' 'sub'> <InPorts = 2> <OutPorts = 1>
ST_2 : Operation 504 [1/1] (0.00ns)   --->   "%sext_ln17_68 = sext i9 %mult_28" [firmware/nnet_utils/nnet_dense_latency.h:17]   --->   Operation 504 'sext' 'sext_ln17_68' <Predicate = true> <Delay = 0.00>
ST_2 : Operation 505 [1/1] (0.00ns)   --->   "%mult_29 = bitconcatenate i9 @_ssdm_op_BitConcatenate.i9.i8.i1, i8 %data_22_val_read, i1 0" [firmware/nnet_utils/nnet_mult.h:73->firmware/nnet_utils/nnet_dense_latency.h:42]   --->   Operation 505 'bitconcatenate' 'mult_29' <Predicate = true> <Delay = 0.00>
ST_2 : Operation 506 [1/1] (0.00ns)   --->   "%sext_ln73_22 = sext i9 %mult_29" [firmware/nnet_utils/nnet_mult.h:73->firmware/nnet_utils/nnet_dense_latency.h:42]   --->   Operation 506 'sext' 'sext_ln73_22' <Predicate = true> <Delay = 0.00>
ST_2 : Operation 507 [1/1] (0.00ns)   --->   "%sext_ln17_69 = sext i8 %data_23_val_read" [firmware/nnet_utils/nnet_dense_latency.h:17]   --->   Operation 507 'sext' 'sext_ln17_69' <Predicate = true> <Delay = 0.00>
ST_2 : Operation 508 [1/1] (1.91ns)   --->   "%mult_30 = sub i9 0, i9 %sext_ln17_69" [firmware/nnet_utils/nnet_mult.h:73->firmware/nnet_utils/nnet_dense_latency.h:42]   --->   Operation 508 'sub' 'mult_30' <Predicate = true> <Delay = 1.91> <CoreInst = "Adder">   --->   Core 1 'Adder' <Latency = 0> <II = 1> <Delay = 1.91> <FuncUnit> <Opcode : 'add' 'sub'> <InPorts = 2> <OutPorts = 1>
ST_2 : Operation 509 [1/1] (0.00ns)   --->   "%sext_ln17_70 = sext i9 %mult_30" [firmware/nnet_utils/nnet_dense_latency.h:17]   --->   Operation 509 'sext' 'sext_ln17_70' <Predicate = true> <Delay = 0.00>
ST_2 : Operation 510 [1/1] (0.00ns)   --->   "%mult_31 = bitconcatenate i9 @_ssdm_op_BitConcatenate.i9.i8.i1, i8 %data_23_val_read, i1 0" [firmware/nnet_utils/nnet_mult.h:73->firmware/nnet_utils/nnet_dense_latency.h:42]   --->   Operation 510 'bitconcatenate' 'mult_31' <Predicate = true> <Delay = 0.00>
ST_2 : Operation 511 [1/1] (0.00ns)   --->   "%sext_ln17_71 = sext i9 %mult_31" [firmware/nnet_utils/nnet_dense_latency.h:17]   --->   Operation 511 'sext' 'sext_ln17_71' <Predicate = true> <Delay = 0.00>
ST_2 : Operation 512 [1/1] (0.00ns)   --->   "%sext_ln17_72 = sext i8 %data_24_val_read" [firmware/nnet_utils/nnet_dense_latency.h:17]   --->   Operation 512 'sext' 'sext_ln17_72' <Predicate = true> <Delay = 0.00>
ST_2 : Operation 513 [1/1] (0.00ns)   --->   "%sext_ln17_73 = sext i8 %data_24_val_read" [firmware/nnet_utils/nnet_dense_latency.h:17]   --->   Operation 513 'sext' 'sext_ln17_73' <Predicate = true> <Delay = 0.00>
ST_2 : Operation 514 [1/1] (0.00ns)   --->   "%sext_ln17_74 = sext i8 %data_24_val_read" [firmware/nnet_utils/nnet_dense_latency.h:17]   --->   Operation 514 'sext' 'sext_ln17_74' <Predicate = true> <Delay = 0.00>
ST_2 : Operation 515 [1/1] (1.91ns)   --->   "%mult_32 = sub i9 0, i9 %sext_ln17_74" [firmware/nnet_utils/nnet_mult.h:73->firmware/nnet_utils/nnet_dense_latency.h:42]   --->   Operation 515 'sub' 'mult_32' <Predicate = true> <Delay = 1.91> <CoreInst = "Adder">   --->   Core 1 'Adder' <Latency = 0> <II = 1> <Delay = 1.91> <FuncUnit> <Opcode : 'add' 'sub'> <InPorts = 2> <OutPorts = 1>
ST_2 : Operation 516 [1/1] (0.00ns)   --->   "%mult_33 = bitconcatenate i9 @_ssdm_op_BitConcatenate.i9.i8.i1, i8 %data_24_val_read, i1 0" [firmware/nnet_utils/nnet_mult.h:73->firmware/nnet_utils/nnet_dense_latency.h:42]   --->   Operation 516 'bitconcatenate' 'mult_33' <Predicate = true> <Delay = 0.00>
ST_2 : Operation 517 [1/1] (0.00ns)   --->   "%sext_ln17_75 = sext i9 %mult_33" [firmware/nnet_utils/nnet_dense_latency.h:17]   --->   Operation 517 'sext' 'sext_ln17_75' <Predicate = true> <Delay = 0.00>
ST_2 : Operation 518 [1/1] (0.00ns)   --->   "%sext_ln73_13 = sext i8 %data_25_val_read" [firmware/nnet_utils/nnet_mult.h:73->firmware/nnet_utils/nnet_dense_latency.h:42]   --->   Operation 518 'sext' 'sext_ln73_13' <Predicate = true> <Delay = 0.00>
ST_2 : Operation 519 [1/1] (1.91ns)   --->   "%mult_34 = sub i9 0, i9 %sext_ln73_13" [firmware/nnet_utils/nnet_mult.h:73->firmware/nnet_utils/nnet_dense_latency.h:42]   --->   Operation 519 'sub' 'mult_34' <Predicate = true> <Delay = 1.91> <CoreInst = "Adder">   --->   Core 1 'Adder' <Latency = 0> <II = 1> <Delay = 1.91> <FuncUnit> <Opcode : 'add' 'sub'> <InPorts = 2> <OutPorts = 1>
ST_2 : Operation 520 [1/1] (0.00ns)   --->   "%mult_35 = bitconcatenate i9 @_ssdm_op_BitConcatenate.i9.i8.i1, i8 %data_25_val_read, i1 0" [firmware/nnet_utils/nnet_mult.h:73->firmware/nnet_utils/nnet_dense_latency.h:42]   --->   Operation 520 'bitconcatenate' 'mult_35' <Predicate = true> <Delay = 0.00>
ST_2 : Operation 521 [1/1] (0.00ns)   --->   "%sext_ln17_76 = sext i9 %mult_35" [firmware/nnet_utils/nnet_dense_latency.h:17]   --->   Operation 521 'sext' 'sext_ln17_76' <Predicate = true> <Delay = 0.00>
ST_2 : Operation 522 [1/1] (0.00ns)   --->   "%sext_ln70_10 = sext i8 %data_26_val_read" [firmware/nnet_utils/nnet_mult.h:70->firmware/nnet_utils/nnet_dense_latency.h:42]   --->   Operation 522 'sext' 'sext_ln70_10' <Predicate = true> <Delay = 0.00>
ST_2 : Operation 523 [1/1] (0.00ns)   --->   "%sext_ln17_77 = sext i8 %data_26_val_read" [firmware/nnet_utils/nnet_dense_latency.h:17]   --->   Operation 523 'sext' 'sext_ln17_77' <Predicate = true> <Delay = 0.00>
ST_2 : Operation 524 [1/1] (1.91ns)   --->   "%mult_36 = sub i9 0, i9 %sext_ln70_10" [firmware/nnet_utils/nnet_mult.h:73->firmware/nnet_utils/nnet_dense_latency.h:42]   --->   Operation 524 'sub' 'mult_36' <Predicate = true> <Delay = 1.91> <CoreInst = "Adder">   --->   Core 1 'Adder' <Latency = 0> <II = 1> <Delay = 1.91> <FuncUnit> <Opcode : 'add' 'sub'> <InPorts = 2> <OutPorts = 1>
ST_2 : Operation 525 [1/1] (0.00ns)   --->   "%sext_ln17_78 = sext i8 %data_27_val_read" [firmware/nnet_utils/nnet_dense_latency.h:17]   --->   Operation 525 'sext' 'sext_ln17_78' <Predicate = true> <Delay = 0.00>
ST_2 : Operation 526 [1/1] (0.00ns)   --->   "%sext_ln70_11 = sext i8 %data_28_val_read" [firmware/nnet_utils/nnet_mult.h:70->firmware/nnet_utils/nnet_dense_latency.h:42]   --->   Operation 526 'sext' 'sext_ln70_11' <Predicate = true> <Delay = 0.00>
ST_2 : Operation 527 [1/1] (0.00ns)   --->   "%sext_ln17_79 = sext i8 %data_28_val_read" [firmware/nnet_utils/nnet_dense_latency.h:17]   --->   Operation 527 'sext' 'sext_ln17_79' <Predicate = true> <Delay = 0.00>
ST_2 : Operation 528 [1/1] (0.00ns)   --->   "%sext_ln17_80 = sext i8 %data_28_val_read" [firmware/nnet_utils/nnet_dense_latency.h:17]   --->   Operation 528 'sext' 'sext_ln17_80' <Predicate = true> <Delay = 0.00>
ST_2 : Operation 529 [1/1] (1.91ns)   --->   "%mult_37 = sub i9 0, i9 %sext_ln70_11" [firmware/nnet_utils/nnet_mult.h:73->firmware/nnet_utils/nnet_dense_latency.h:42]   --->   Operation 529 'sub' 'mult_37' <Predicate = true> <Delay = 1.91> <CoreInst = "Adder">   --->   Core 1 'Adder' <Latency = 0> <II = 1> <Delay = 1.91> <FuncUnit> <Opcode : 'add' 'sub'> <InPorts = 2> <OutPorts = 1>
ST_2 : Operation 530 [1/1] (0.00ns)   --->   "%sext_ln70_12 = sext i8 %data_29_val_read" [firmware/nnet_utils/nnet_mult.h:70->firmware/nnet_utils/nnet_dense_latency.h:42]   --->   Operation 530 'sext' 'sext_ln70_12' <Predicate = true> <Delay = 0.00>
ST_2 : Operation 531 [1/1] (0.00ns)   --->   "%sext_ln17_81 = sext i8 %data_29_val_read" [firmware/nnet_utils/nnet_dense_latency.h:17]   --->   Operation 531 'sext' 'sext_ln17_81' <Predicate = true> <Delay = 0.00>
ST_2 : Operation 532 [1/1] (1.91ns)   --->   "%mult_38 = sub i9 0, i9 %sext_ln70_12" [firmware/nnet_utils/nnet_mult.h:73->firmware/nnet_utils/nnet_dense_latency.h:42]   --->   Operation 532 'sub' 'mult_38' <Predicate = true> <Delay = 1.91> <CoreInst = "Adder">   --->   Core 1 'Adder' <Latency = 0> <II = 1> <Delay = 1.91> <FuncUnit> <Opcode : 'add' 'sub'> <InPorts = 2> <OutPorts = 1>
ST_2 : Operation 533 [1/1] (0.00ns)   --->   "%sext_ln17_82 = sext i8 %data_30_val_read" [firmware/nnet_utils/nnet_dense_latency.h:17]   --->   Operation 533 'sext' 'sext_ln17_82' <Predicate = true> <Delay = 0.00>
ST_2 : Operation 534 [1/1] (0.00ns)   --->   "%tmp_293 = bitconcatenate i9 @_ssdm_op_BitConcatenate.i9.i8.i1, i8 %data_30_val_read, i1 0" [firmware/nnet_utils/nnet_mult.h:73->firmware/nnet_utils/nnet_dense_latency.h:42]   --->   Operation 534 'bitconcatenate' 'tmp_293' <Predicate = true> <Delay = 0.00>
ST_2 : Operation 535 [1/1] (1.91ns)   --->   "%mult_39 = sub i9 0, i9 %sext_ln17_82" [firmware/nnet_utils/nnet_mult.h:73->firmware/nnet_utils/nnet_dense_latency.h:42]   --->   Operation 535 'sub' 'mult_39' <Predicate = true> <Delay = 1.91> <CoreInst = "Adder">   --->   Core 1 'Adder' <Latency = 0> <II = 1> <Delay = 1.91> <FuncUnit> <Opcode : 'add' 'sub'> <InPorts = 2> <OutPorts = 1>
ST_2 : Operation 536 [1/1] (0.00ns)   --->   "%sext_ln17_83 = sext i9 %mult_39" [firmware/nnet_utils/nnet_dense_latency.h:17]   --->   Operation 536 'sext' 'sext_ln17_83' <Predicate = true> <Delay = 0.00>
ST_2 : Operation 537 [1/1] (0.00ns)   --->   "%sext_ln73_15 = sext i8 %data_31_val_read" [firmware/nnet_utils/nnet_mult.h:73->firmware/nnet_utils/nnet_dense_latency.h:42]   --->   Operation 537 'sext' 'sext_ln73_15' <Predicate = true> <Delay = 0.00>
ST_2 : Operation 538 [1/1] (0.00ns)   --->   "%sext_ln73_16 = sext i8 %data_31_val_read" [firmware/nnet_utils/nnet_mult.h:73->firmware/nnet_utils/nnet_dense_latency.h:42]   --->   Operation 538 'sext' 'sext_ln73_16' <Predicate = true> <Delay = 0.00>
ST_2 : Operation 539 [1/1] (0.00ns)   --->   "%tmp_294 = bitconcatenate i9 @_ssdm_op_BitConcatenate.i9.i8.i1, i8 %data_31_val_read, i1 0" [firmware/nnet_utils/nnet_mult.h:73->firmware/nnet_utils/nnet_dense_latency.h:42]   --->   Operation 539 'bitconcatenate' 'tmp_294' <Predicate = true> <Delay = 0.00>
ST_2 : Operation 540 [1/1] (0.00ns)   --->   "%sext_ln73_23 = sext i9 %tmp_294" [firmware/nnet_utils/nnet_mult.h:73->firmware/nnet_utils/nnet_dense_latency.h:42]   --->   Operation 540 'sext' 'sext_ln73_23' <Predicate = true> <Delay = 0.00>
ST_2 : Operation 541 [1/1] (1.82ns)   --->   "%mult_40 = sub i10 0, i10 %sext_ln73_23" [firmware/nnet_utils/nnet_mult.h:73->firmware/nnet_utils/nnet_dense_latency.h:42]   --->   Operation 541 'sub' 'mult_40' <Predicate = true> <Delay = 1.82> <CoreInst = "Adder">   --->   Core 1 'Adder' <Latency = 0> <II = 1> <Delay = 1.82> <FuncUnit> <Opcode : 'add' 'sub'> <InPorts = 2> <OutPorts = 1>
ST_2 : Operation 542 [1/1] (0.00ns)   --->   "%sext_ln17_84 = sext i10 %mult_40" [firmware/nnet_utils/nnet_dense_latency.h:17]   --->   Operation 542 'sext' 'sext_ln17_84' <Predicate = true> <Delay = 0.00>
ST_2 : Operation 543 [1/1] (1.91ns)   --->   "%mult_41 = sub i9 0, i9 %sext_ln73_15" [firmware/nnet_utils/nnet_mult.h:73->firmware/nnet_utils/nnet_dense_latency.h:42]   --->   Operation 543 'sub' 'mult_41' <Predicate = true> <Delay = 1.91> <CoreInst = "Adder">   --->   Core 1 'Adder' <Latency = 0> <II = 1> <Delay = 1.91> <FuncUnit> <Opcode : 'add' 'sub'> <InPorts = 2> <OutPorts = 1>
ST_2 : Operation 544 [1/1] (0.00ns)   --->   "%sext_ln17_85 = sext i8 %data_31_val_read" [firmware/nnet_utils/nnet_dense_latency.h:17]   --->   Operation 544 'sext' 'sext_ln17_85' <Predicate = true> <Delay = 0.00>
ST_2 : Operation 545 [1/1] (0.00ns)   --->   "%sext_ln70_13 = sext i8 %data_32_val_read" [firmware/nnet_utils/nnet_mult.h:70->firmware/nnet_utils/nnet_dense_latency.h:42]   --->   Operation 545 'sext' 'sext_ln70_13' <Predicate = true> <Delay = 0.00>
ST_2 : Operation 546 [1/1] (1.91ns)   --->   "%mult_42 = sub i9 0, i9 %sext_ln70_13" [firmware/nnet_utils/nnet_mult.h:73->firmware/nnet_utils/nnet_dense_latency.h:42]   --->   Operation 546 'sub' 'mult_42' <Predicate = true> <Delay = 1.91> <CoreInst = "Adder">   --->   Core 1 'Adder' <Latency = 0> <II = 1> <Delay = 1.91> <FuncUnit> <Opcode : 'add' 'sub'> <InPorts = 2> <OutPorts = 1>
ST_2 : Operation 547 [1/1] (0.00ns)   --->   "%sext_ln17_88 = sext i8 %data_33_val_read" [firmware/nnet_utils/nnet_dense_latency.h:17]   --->   Operation 547 'sext' 'sext_ln17_88' <Predicate = true> <Delay = 0.00>
ST_2 : Operation 548 [1/1] (1.91ns)   --->   "%mult_43 = sub i9 0, i9 %sext_ln17_88" [firmware/nnet_utils/nnet_mult.h:73->firmware/nnet_utils/nnet_dense_latency.h:42]   --->   Operation 548 'sub' 'mult_43' <Predicate = true> <Delay = 1.91> <CoreInst = "Adder">   --->   Core 1 'Adder' <Latency = 0> <II = 1> <Delay = 1.91> <FuncUnit> <Opcode : 'add' 'sub'> <InPorts = 2> <OutPorts = 1>
ST_2 : Operation 549 [1/1] (0.00ns)   --->   "%mult_44 = bitconcatenate i9 @_ssdm_op_BitConcatenate.i9.i8.i1, i8 %data_33_val_read, i1 0" [firmware/nnet_utils/nnet_mult.h:73->firmware/nnet_utils/nnet_dense_latency.h:42]   --->   Operation 549 'bitconcatenate' 'mult_44' <Predicate = true> <Delay = 0.00>
ST_2 : Operation 550 [1/1] (0.00ns)   --->   "%sext_ln70_14 = sext i8 %data_34_val_read" [firmware/nnet_utils/nnet_mult.h:70->firmware/nnet_utils/nnet_dense_latency.h:42]   --->   Operation 550 'sext' 'sext_ln70_14' <Predicate = true> <Delay = 0.00>
ST_2 : Operation 551 [1/1] (0.00ns)   --->   "%sext_ln17_89 = sext i8 %data_34_val_read" [firmware/nnet_utils/nnet_dense_latency.h:17]   --->   Operation 551 'sext' 'sext_ln17_89' <Predicate = true> <Delay = 0.00>
ST_2 : Operation 552 [1/1] (1.91ns)   --->   "%mult_45 = sub i9 0, i9 %sext_ln70_14" [firmware/nnet_utils/nnet_mult.h:73->firmware/nnet_utils/nnet_dense_latency.h:42]   --->   Operation 552 'sub' 'mult_45' <Predicate = true> <Delay = 1.91> <CoreInst = "Adder">   --->   Core 1 'Adder' <Latency = 0> <II = 1> <Delay = 1.91> <FuncUnit> <Opcode : 'add' 'sub'> <InPorts = 2> <OutPorts = 1>
ST_2 : Operation 553 [1/1] (0.00ns)   --->   "%sext_ln70_15 = sext i8 %data_35_val_read" [firmware/nnet_utils/nnet_mult.h:70->firmware/nnet_utils/nnet_dense_latency.h:42]   --->   Operation 553 'sext' 'sext_ln70_15' <Predicate = true> <Delay = 0.00>
ST_2 : Operation 554 [1/1] (0.00ns)   --->   "%sext_ln17_90 = sext i8 %data_35_val_read" [firmware/nnet_utils/nnet_dense_latency.h:17]   --->   Operation 554 'sext' 'sext_ln17_90' <Predicate = true> <Delay = 0.00>
ST_2 : Operation 555 [1/1] (1.91ns)   --->   "%mult_46 = sub i9 0, i9 %sext_ln70_15" [firmware/nnet_utils/nnet_mult.h:73->firmware/nnet_utils/nnet_dense_latency.h:42]   --->   Operation 555 'sub' 'mult_46' <Predicate = true> <Delay = 1.91> <CoreInst = "Adder">   --->   Core 1 'Adder' <Latency = 0> <II = 1> <Delay = 1.91> <FuncUnit> <Opcode : 'add' 'sub'> <InPorts = 2> <OutPorts = 1>
ST_2 : Operation 556 [1/1] (0.00ns)   --->   "%sext_ln17_92 = sext i9 %mult_46" [firmware/nnet_utils/nnet_dense_latency.h:17]   --->   Operation 556 'sext' 'sext_ln17_92' <Predicate = true> <Delay = 0.00>
ST_2 : Operation 557 [1/1] (0.00ns)   --->   "%sext_ln17_93 = sext i8 %data_36_val_read" [firmware/nnet_utils/nnet_dense_latency.h:17]   --->   Operation 557 'sext' 'sext_ln17_93' <Predicate = true> <Delay = 0.00>
ST_2 : Operation 558 [1/1] (0.00ns)   --->   "%sext_ln17_94 = sext i8 %data_36_val_read" [firmware/nnet_utils/nnet_dense_latency.h:17]   --->   Operation 558 'sext' 'sext_ln17_94' <Predicate = true> <Delay = 0.00>
ST_2 : Operation 559 [1/1] (0.00ns)   --->   "%sext_ln17_95 = sext i8 %data_37_val_read" [firmware/nnet_utils/nnet_dense_latency.h:17]   --->   Operation 559 'sext' 'sext_ln17_95' <Predicate = true> <Delay = 0.00>
ST_2 : Operation 560 [1/1] (0.00ns)   --->   "%sext_ln73_17 = sext i8 %data_38_val_read" [firmware/nnet_utils/nnet_mult.h:73->firmware/nnet_utils/nnet_dense_latency.h:42]   --->   Operation 560 'sext' 'sext_ln73_17' <Predicate = true> <Delay = 0.00>
ST_2 : Operation 561 [1/1] (1.91ns)   --->   "%mult_47 = sub i9 0, i9 %sext_ln73_17" [firmware/nnet_utils/nnet_mult.h:73->firmware/nnet_utils/nnet_dense_latency.h:42]   --->   Operation 561 'sub' 'mult_47' <Predicate = true> <Delay = 1.91> <CoreInst = "Adder">   --->   Core 1 'Adder' <Latency = 0> <II = 1> <Delay = 1.91> <FuncUnit> <Opcode : 'add' 'sub'> <InPorts = 2> <OutPorts = 1>
ST_2 : Operation 562 [1/1] (0.00ns)   --->   "%sext_ln17_96 = sext i9 %mult_47" [firmware/nnet_utils/nnet_dense_latency.h:17]   --->   Operation 562 'sext' 'sext_ln17_96' <Predicate = true> <Delay = 0.00>
ST_2 : Operation 563 [1/1] (0.00ns)   --->   "%mult_48 = bitconcatenate i9 @_ssdm_op_BitConcatenate.i9.i8.i1, i8 %data_38_val_read, i1 0" [firmware/nnet_utils/nnet_mult.h:73->firmware/nnet_utils/nnet_dense_latency.h:42]   --->   Operation 563 'bitconcatenate' 'mult_48' <Predicate = true> <Delay = 0.00>
ST_2 : Operation 564 [1/1] (0.00ns)   --->   "%sext_ln73_18 = sext i8 %data_39_val_read" [firmware/nnet_utils/nnet_mult.h:73->firmware/nnet_utils/nnet_dense_latency.h:42]   --->   Operation 564 'sext' 'sext_ln73_18' <Predicate = true> <Delay = 0.00>
ST_2 : Operation 565 [1/1] (1.91ns)   --->   "%mult_49 = sub i9 0, i9 %sext_ln73_18" [firmware/nnet_utils/nnet_mult.h:73->firmware/nnet_utils/nnet_dense_latency.h:42]   --->   Operation 565 'sub' 'mult_49' <Predicate = true> <Delay = 1.91> <CoreInst = "Adder">   --->   Core 1 'Adder' <Latency = 0> <II = 1> <Delay = 1.91> <FuncUnit> <Opcode : 'add' 'sub'> <InPorts = 2> <OutPorts = 1>
ST_2 : Operation 566 [1/1] (0.00ns)   --->   "%sext_ln17_97 = sext i8 %data_39_val_read" [firmware/nnet_utils/nnet_dense_latency.h:17]   --->   Operation 566 'sext' 'sext_ln17_97' <Predicate = true> <Delay = 0.00>
ST_2 : Operation 567 [1/1] (0.00ns)   --->   "%mult_50 = bitconcatenate i9 @_ssdm_op_BitConcatenate.i9.i8.i1, i8 %data_39_val_read, i1 0" [firmware/nnet_utils/nnet_mult.h:73->firmware/nnet_utils/nnet_dense_latency.h:42]   --->   Operation 567 'bitconcatenate' 'mult_50' <Predicate = true> <Delay = 0.00>
ST_2 : Operation 568 [1/1] (0.00ns)   --->   "%sext_ln17_98 = sext i9 %mult_50" [firmware/nnet_utils/nnet_dense_latency.h:17]   --->   Operation 568 'sext' 'sext_ln17_98' <Predicate = true> <Delay = 0.00>
ST_2 : Operation 569 [1/1] (0.00ns)   --->   "%sext_ln17_99 = sext i9 %mult_50" [firmware/nnet_utils/nnet_dense_latency.h:17]   --->   Operation 569 'sext' 'sext_ln17_99' <Predicate = true> <Delay = 0.00>
ST_2 : Operation 570 [1/1] (0.00ns)   --->   "%sext_ln17_101 = sext i8 %data_40_val_read" [firmware/nnet_utils/nnet_dense_latency.h:17]   --->   Operation 570 'sext' 'sext_ln17_101' <Predicate = true> <Delay = 0.00>
ST_2 : Operation 571 [1/1] (0.00ns)   --->   "%sext_ln17_102 = sext i8 %data_40_val_read" [firmware/nnet_utils/nnet_dense_latency.h:17]   --->   Operation 571 'sext' 'sext_ln17_102' <Predicate = true> <Delay = 0.00>
ST_2 : Operation 572 [1/1] (1.91ns)   --->   "%mult_51 = sub i9 0, i9 %sext_ln17_102" [firmware/nnet_utils/nnet_mult.h:73->firmware/nnet_utils/nnet_dense_latency.h:42]   --->   Operation 572 'sub' 'mult_51' <Predicate = true> <Delay = 1.91> <CoreInst = "Adder">   --->   Core 1 'Adder' <Latency = 0> <II = 1> <Delay = 1.91> <FuncUnit> <Opcode : 'add' 'sub'> <InPorts = 2> <OutPorts = 1>
ST_2 : Operation 573 [1/1] (0.00ns)   --->   "%tmp_295 = bitconcatenate i9 @_ssdm_op_BitConcatenate.i9.i8.i1, i8 %data_40_val_read, i1 0" [firmware/nnet_utils/nnet_mult.h:73->firmware/nnet_utils/nnet_dense_latency.h:42]   --->   Operation 573 'bitconcatenate' 'tmp_295' <Predicate = true> <Delay = 0.00>
ST_2 : Operation 574 [1/1] (0.00ns)   --->   "%sext_ln73_24 = sext i9 %tmp_295" [firmware/nnet_utils/nnet_mult.h:73->firmware/nnet_utils/nnet_dense_latency.h:42]   --->   Operation 574 'sext' 'sext_ln73_24' <Predicate = true> <Delay = 0.00>
ST_2 : Operation 575 [1/1] (0.00ns)   --->   "%sext_ln17_104 = sext i8 %data_41_val_read" [firmware/nnet_utils/nnet_dense_latency.h:17]   --->   Operation 575 'sext' 'sext_ln17_104' <Predicate = true> <Delay = 0.00>
ST_2 : Operation 576 [1/1] (1.91ns)   --->   "%mult_52 = sub i9 0, i9 %sext_ln17_104" [firmware/nnet_utils/nnet_mult.h:73->firmware/nnet_utils/nnet_dense_latency.h:42]   --->   Operation 576 'sub' 'mult_52' <Predicate = true> <Delay = 1.91> <CoreInst = "Adder">   --->   Core 1 'Adder' <Latency = 0> <II = 1> <Delay = 1.91> <FuncUnit> <Opcode : 'add' 'sub'> <InPorts = 2> <OutPorts = 1>
ST_2 : Operation 577 [1/1] (0.00ns)   --->   "%sext_ln17_105 = sext i8 %data_42_val_read" [firmware/nnet_utils/nnet_dense_latency.h:17]   --->   Operation 577 'sext' 'sext_ln17_105' <Predicate = true> <Delay = 0.00>
ST_2 : Operation 578 [1/1] (1.91ns)   --->   "%mult_54 = sub i9 0, i9 %sext_ln17_105" [firmware/nnet_utils/nnet_mult.h:73->firmware/nnet_utils/nnet_dense_latency.h:42]   --->   Operation 578 'sub' 'mult_54' <Predicate = true> <Delay = 1.91> <CoreInst = "Adder">   --->   Core 1 'Adder' <Latency = 0> <II = 1> <Delay = 1.91> <FuncUnit> <Opcode : 'add' 'sub'> <InPorts = 2> <OutPorts = 1>
ST_2 : Operation 579 [1/1] (0.00ns)   --->   "%sext_ln17_106 = sext i8 %data_43_val_read" [firmware/nnet_utils/nnet_dense_latency.h:17]   --->   Operation 579 'sext' 'sext_ln17_106' <Predicate = true> <Delay = 0.00>
ST_2 : Operation 580 [1/1] (0.00ns)   --->   "%sext_ln17_107 = sext i8 %data_43_val_read" [firmware/nnet_utils/nnet_dense_latency.h:17]   --->   Operation 580 'sext' 'sext_ln17_107' <Predicate = true> <Delay = 0.00>
ST_2 : Operation 581 [1/1] (0.00ns)   --->   "%sext_ln70_16 = sext i8 %data_44_val_read" [firmware/nnet_utils/nnet_mult.h:70->firmware/nnet_utils/nnet_dense_latency.h:42]   --->   Operation 581 'sext' 'sext_ln70_16' <Predicate = true> <Delay = 0.00>
ST_2 : Operation 582 [1/1] (1.91ns)   --->   "%mult_56 = sub i9 0, i9 %sext_ln70_16" [firmware/nnet_utils/nnet_mult.h:73->firmware/nnet_utils/nnet_dense_latency.h:42]   --->   Operation 582 'sub' 'mult_56' <Predicate = true> <Delay = 1.91> <CoreInst = "Adder">   --->   Core 1 'Adder' <Latency = 0> <II = 1> <Delay = 1.91> <FuncUnit> <Opcode : 'add' 'sub'> <InPorts = 2> <OutPorts = 1>
ST_2 : Operation 583 [1/1] (0.00ns)   --->   "%sext_ln70_17 = sext i8 %data_45_val_read" [firmware/nnet_utils/nnet_mult.h:70->firmware/nnet_utils/nnet_dense_latency.h:42]   --->   Operation 583 'sext' 'sext_ln70_17' <Predicate = true> <Delay = 0.00>
ST_2 : Operation 584 [1/1] (1.91ns)   --->   "%mult_57 = sub i9 0, i9 %sext_ln70_17" [firmware/nnet_utils/nnet_mult.h:73->firmware/nnet_utils/nnet_dense_latency.h:42]   --->   Operation 584 'sub' 'mult_57' <Predicate = true> <Delay = 1.91> <CoreInst = "Adder">   --->   Core 1 'Adder' <Latency = 0> <II = 1> <Delay = 1.91> <FuncUnit> <Opcode : 'add' 'sub'> <InPorts = 2> <OutPorts = 1>
ST_2 : Operation 585 [1/1] (0.00ns)   --->   "%sext_ln17_109 = sext i8 %data_46_val_read" [firmware/nnet_utils/nnet_dense_latency.h:17]   --->   Operation 585 'sext' 'sext_ln17_109' <Predicate = true> <Delay = 0.00>
ST_2 : Operation 586 [1/1] (0.00ns)   --->   "%mult_58 = bitconcatenate i9 @_ssdm_op_BitConcatenate.i9.i8.i1, i8 %data_46_val_read, i1 0" [firmware/nnet_utils/nnet_mult.h:73->firmware/nnet_utils/nnet_dense_latency.h:42]   --->   Operation 586 'bitconcatenate' 'mult_58' <Predicate = true> <Delay = 0.00>
ST_2 : Operation 587 [1/1] (0.00ns)   --->   "%sext_ln17_111 = sext i9 %mult_58" [firmware/nnet_utils/nnet_dense_latency.h:17]   --->   Operation 587 'sext' 'sext_ln17_111' <Predicate = true> <Delay = 0.00>
ST_2 : Operation 588 [1/1] (0.00ns)   --->   "%sext_ln70_18 = sext i8 %data_47_val_read" [firmware/nnet_utils/nnet_mult.h:70->firmware/nnet_utils/nnet_dense_latency.h:42]   --->   Operation 588 'sext' 'sext_ln70_18' <Predicate = true> <Delay = 0.00>
ST_2 : Operation 589 [1/1] (0.00ns)   --->   "%sext_ln17_112 = sext i8 %data_47_val_read" [firmware/nnet_utils/nnet_dense_latency.h:17]   --->   Operation 589 'sext' 'sext_ln17_112' <Predicate = true> <Delay = 0.00>
ST_2 : Operation 590 [1/1] (1.91ns)   --->   "%mult_59 = sub i9 0, i9 %sext_ln70_18" [firmware/nnet_utils/nnet_mult.h:73->firmware/nnet_utils/nnet_dense_latency.h:42]   --->   Operation 590 'sub' 'mult_59' <Predicate = true> <Delay = 1.91> <CoreInst = "Adder">   --->   Core 1 'Adder' <Latency = 0> <II = 1> <Delay = 1.91> <FuncUnit> <Opcode : 'add' 'sub'> <InPorts = 2> <OutPorts = 1>
ST_2 : Operation 591 [1/1] (0.00ns)   --->   "%sext_ln70_19 = sext i8 %data_48_val_read" [firmware/nnet_utils/nnet_mult.h:70->firmware/nnet_utils/nnet_dense_latency.h:42]   --->   Operation 591 'sext' 'sext_ln70_19' <Predicate = true> <Delay = 0.00>
ST_2 : Operation 592 [1/1] (1.91ns)   --->   "%mult_60 = sub i9 0, i9 %sext_ln70_19" [firmware/nnet_utils/nnet_mult.h:73->firmware/nnet_utils/nnet_dense_latency.h:42]   --->   Operation 592 'sub' 'mult_60' <Predicate = true> <Delay = 1.91> <CoreInst = "Adder">   --->   Core 1 'Adder' <Latency = 0> <II = 1> <Delay = 1.91> <FuncUnit> <Opcode : 'add' 'sub'> <InPorts = 2> <OutPorts = 1>
ST_2 : Operation 593 [1/1] (0.00ns)   --->   "%sext_ln70_20 = sext i8 %data_49_val_read" [firmware/nnet_utils/nnet_mult.h:70->firmware/nnet_utils/nnet_dense_latency.h:42]   --->   Operation 593 'sext' 'sext_ln70_20' <Predicate = true> <Delay = 0.00>
ST_2 : Operation 594 [1/1] (1.91ns)   --->   "%mult_61 = sub i9 0, i9 %sext_ln70_20" [firmware/nnet_utils/nnet_mult.h:73->firmware/nnet_utils/nnet_dense_latency.h:42]   --->   Operation 594 'sub' 'mult_61' <Predicate = true> <Delay = 1.91> <CoreInst = "Adder">   --->   Core 1 'Adder' <Latency = 0> <II = 1> <Delay = 1.91> <FuncUnit> <Opcode : 'add' 'sub'> <InPorts = 2> <OutPorts = 1>
ST_2 : Operation 595 [1/1] (0.00ns)   --->   "%sext_ln17_114 = sext i8 %data_50_val_read" [firmware/nnet_utils/nnet_dense_latency.h:17]   --->   Operation 595 'sext' 'sext_ln17_114' <Predicate = true> <Delay = 0.00>
ST_2 : Operation 596 [1/1] (1.91ns)   --->   "%mult_62 = sub i9 0, i9 %sext_ln17_114" [firmware/nnet_utils/nnet_mult.h:73->firmware/nnet_utils/nnet_dense_latency.h:42]   --->   Operation 596 'sub' 'mult_62' <Predicate = true> <Delay = 1.91> <CoreInst = "Adder">   --->   Core 1 'Adder' <Latency = 0> <II = 1> <Delay = 1.91> <FuncUnit> <Opcode : 'add' 'sub'> <InPorts = 2> <OutPorts = 1>
ST_2 : Operation 597 [1/1] (0.00ns)   --->   "%sext_ln17_115 = sext i8 %data_51_val_read" [firmware/nnet_utils/nnet_dense_latency.h:17]   --->   Operation 597 'sext' 'sext_ln17_115' <Predicate = true> <Delay = 0.00>
ST_2 : Operation 598 [1/1] (0.00ns)   --->   "%sext_ln17_119 = sext i8 %data_52_val_read" [firmware/nnet_utils/nnet_dense_latency.h:17]   --->   Operation 598 'sext' 'sext_ln17_119' <Predicate = true> <Delay = 0.00>
ST_2 : Operation 599 [1/1] (1.91ns)   --->   "%mult_65 = sub i9 0, i9 %sext_ln17_119" [firmware/nnet_utils/nnet_mult.h:73->firmware/nnet_utils/nnet_dense_latency.h:42]   --->   Operation 599 'sub' 'mult_65' <Predicate = true> <Delay = 1.91> <CoreInst = "Adder">   --->   Core 1 'Adder' <Latency = 0> <II = 1> <Delay = 1.91> <FuncUnit> <Opcode : 'add' 'sub'> <InPorts = 2> <OutPorts = 1>
ST_2 : Operation 600 [1/1] (0.00ns)   --->   "%sext_ln70_22 = sext i8 %data_54_val_read" [firmware/nnet_utils/nnet_mult.h:70->firmware/nnet_utils/nnet_dense_latency.h:42]   --->   Operation 600 'sext' 'sext_ln70_22' <Predicate = true> <Delay = 0.00>
ST_2 : Operation 601 [1/1] (0.00ns)   --->   "%sext_ln17_124 = sext i8 %data_54_val_read" [firmware/nnet_utils/nnet_dense_latency.h:17]   --->   Operation 601 'sext' 'sext_ln17_124' <Predicate = true> <Delay = 0.00>
ST_2 : Operation 602 [1/1] (0.00ns)   --->   "%sext_ln70_23 = sext i8 %data_55_val_read" [firmware/nnet_utils/nnet_mult.h:70->firmware/nnet_utils/nnet_dense_latency.h:42]   --->   Operation 602 'sext' 'sext_ln70_23' <Predicate = true> <Delay = 0.00>
ST_2 : Operation 603 [1/1] (0.00ns)   --->   "%sext_ln70_24 = sext i8 %data_56_val_read" [firmware/nnet_utils/nnet_mult.h:70->firmware/nnet_utils/nnet_dense_latency.h:42]   --->   Operation 603 'sext' 'sext_ln70_24' <Predicate = true> <Delay = 0.00>
ST_2 : Operation 604 [1/1] (1.91ns)   --->   "%mult_70 = sub i9 0, i9 %sext_ln70_24" [firmware/nnet_utils/nnet_mult.h:73->firmware/nnet_utils/nnet_dense_latency.h:42]   --->   Operation 604 'sub' 'mult_70' <Predicate = true> <Delay = 1.91> <CoreInst = "Adder">   --->   Core 1 'Adder' <Latency = 0> <II = 1> <Delay = 1.91> <FuncUnit> <Opcode : 'add' 'sub'> <InPorts = 2> <OutPorts = 1>
ST_2 : Operation 605 [1/1] (0.00ns)   --->   "%sext_ln17_128 = sext i9 %mult_70" [firmware/nnet_utils/nnet_dense_latency.h:17]   --->   Operation 605 'sext' 'sext_ln17_128' <Predicate = true> <Delay = 0.00>
ST_2 : Operation 606 [1/1] (0.00ns)   --->   "%sext_ln70_25 = sext i8 %data_57_val_read" [firmware/nnet_utils/nnet_mult.h:70->firmware/nnet_utils/nnet_dense_latency.h:42]   --->   Operation 606 'sext' 'sext_ln70_25' <Predicate = true> <Delay = 0.00>
ST_2 : Operation 607 [1/1] (0.00ns)   --->   "%sext_ln17_134 = sext i8 %data_58_val_read" [firmware/nnet_utils/nnet_dense_latency.h:17]   --->   Operation 607 'sext' 'sext_ln17_134' <Predicate = true> <Delay = 0.00>
ST_2 : Operation 608 [1/1] (0.00ns)   --->   "%sext_ln58_18 = sext i9 %add_ln58_14" [firmware/nnet_utils/nnet_dense_latency.h:58]   --->   Operation 608 'sext' 'sext_ln58_18' <Predicate = true> <Delay = 0.00>
ST_2 : Operation 609 [1/1] (0.00ns)   --->   "%sext_ln58_40 = sext i11 %add_ln58_38" [firmware/nnet_utils/nnet_dense_latency.h:58]   --->   Operation 609 'sext' 'sext_ln58_40' <Predicate = true> <Delay = 0.00>
ST_2 : Operation 610 [1/1] (0.00ns)   --->   "%sext_ln58_52 = sext i11 %add_ln58_41" [firmware/nnet_utils/nnet_dense_latency.h:58]   --->   Operation 610 'sext' 'sext_ln58_52' <Predicate = true> <Delay = 0.00>
ST_2 : Operation 611 [1/1] (0.00ns) (grouped into TernaryAdder)   --->   "%sub_ln58_52 = sub i12 %sext_ln58_52, i12 %sext_ln17_31" [firmware/nnet_utils/nnet_dense_latency.h:58]   --->   Operation 611 'sub' 'sub_ln58_52' <Predicate = true> <Delay = 0.00> <CoreInst = "TAddSub">   --->   Core 10 'TAddSub' <Latency = 0> <II = 1> <Delay = 1.92> <IPBlock> <Opcode : 'add' 'sub'> <InPorts = 3> <OutPorts = 1> <Sync> <CReg>
ST_2 : Operation 612 [1/1] (0.00ns)   --->   "%sext_ln58_54 = sext i11 %add_ln58_57" [firmware/nnet_utils/nnet_dense_latency.h:58]   --->   Operation 612 'sext' 'sext_ln58_54' <Predicate = true> <Delay = 0.00>
ST_2 : Operation 613 [1/1] (0.00ns)   --->   "%sext_ln58_55 = sext i10 %add_ln58_58" [firmware/nnet_utils/nnet_dense_latency.h:58]   --->   Operation 613 'sext' 'sext_ln58_55' <Predicate = true> <Delay = 0.00>
ST_2 : Operation 614 [1/1] (0.00ns)   --->   "%sext_ln58_86 = sext i11 %add_ln58_49" [firmware/nnet_utils/nnet_dense_latency.h:58]   --->   Operation 614 'sext' 'sext_ln58_86' <Predicate = true> <Delay = 0.00>
ST_2 : Operation 615 [1/1] (1.63ns)   --->   "%sub_ln58_68 = sub i12 %sext_ln58_86, i12 %sext_ln17_46" [firmware/nnet_utils/nnet_dense_latency.h:58]   --->   Operation 615 'sub' 'sub_ln58_68' <Predicate = true> <Delay = 1.63> <CoreInst = "Adder">   --->   Core 1 'Adder' <Latency = 0> <II = 1> <Delay = 1.63> <FuncUnit> <Opcode : 'add' 'sub'> <InPorts = 2> <OutPorts = 1>
ST_2 : Operation 616 [1/1] (0.00ns)   --->   "%sext_ln58_89 = sext i10 %add_ln58_32" [firmware/nnet_utils/nnet_dense_latency.h:58]   --->   Operation 616 'sext' 'sext_ln58_89' <Predicate = true> <Delay = 0.00>
ST_2 : Operation 617 [1/1] (1.73ns)   --->   "%sub_ln58_70 = sub i11 %sext_ln58_89, i11 %sext_ln17_48" [firmware/nnet_utils/nnet_dense_latency.h:58]   --->   Operation 617 'sub' 'sub_ln58_70' <Predicate = true> <Delay = 1.73> <CoreInst = "Adder">   --->   Core 1 'Adder' <Latency = 0> <II = 1> <Delay = 1.73> <FuncUnit> <Opcode : 'add' 'sub'> <InPorts = 2> <OutPorts = 1>
ST_2 : Operation 618 [1/1] (1.91ns)   --->   "%sub_ln58_78 = sub i9 %sext_ln17_47, i9 %sext_ln70_8" [firmware/nnet_utils/nnet_dense_latency.h:58]   --->   Operation 618 'sub' 'sub_ln58_78' <Predicate = true> <Delay = 1.91> <CoreInst = "Adder">   --->   Core 1 'Adder' <Latency = 0> <II = 1> <Delay = 1.91> <FuncUnit> <Opcode : 'add' 'sub'> <InPorts = 2> <OutPorts = 1>
ST_2 : Operation 619 [1/1] (0.00ns)   --->   "%sext_ln58_115 = sext i9 %sub_ln58_78" [firmware/nnet_utils/nnet_dense_latency.h:58]   --->   Operation 619 'sext' 'sext_ln58_115' <Predicate = true> <Delay = 0.00>
ST_2 : Operation 620 [1/1] (1.82ns)   --->   "%add_ln58_89 = add i10 %sext_ln58_115, i10 %sext_ln58_18" [firmware/nnet_utils/nnet_dense_latency.h:58]   --->   Operation 620 'add' 'add_ln58_89' <Predicate = true> <Delay = 1.82> <CoreInst = "Adder">   --->   Core 1 'Adder' <Latency = 0> <II = 1> <Delay = 1.82> <FuncUnit> <Opcode : 'add' 'sub'> <InPorts = 2> <OutPorts = 1>
ST_2 : Operation 621 [1/1] (0.00ns) (grouped into TernaryAdder)   --->   "%add_ln58_90 = add i11 %sub_ln58_55, i11 %sext_ln17_38" [firmware/nnet_utils/nnet_dense_latency.h:58]   --->   Operation 621 'add' 'add_ln58_90' <Predicate = true> <Delay = 0.00> <CoreInst = "TAddSub">   --->   Core 10 'TAddSub' <Latency = 0> <II = 1> <Delay = 1.92> <IPBlock> <Opcode : 'add' 'sub'> <InPorts = 3> <OutPorts = 1> <Sync> <CReg>
ST_2 : Operation 622 [1/1] (1.91ns)   --->   "%add_ln58_91 = add i9 %sext_ln70_7, i9 %sext_ln70_8" [firmware/nnet_utils/nnet_dense_latency.h:58]   --->   Operation 622 'add' 'add_ln58_91' <Predicate = true> <Delay = 1.91> <CoreInst = "Adder">   --->   Core 1 'Adder' <Latency = 0> <II = 1> <Delay = 1.91> <FuncUnit> <Opcode : 'add' 'sub'> <InPorts = 2> <OutPorts = 1>
ST_2 : Operation 623 [1/1] (0.00ns)   --->   "%sext_ln58_117 = sext i9 %add_ln58_91" [firmware/nnet_utils/nnet_dense_latency.h:58]   --->   Operation 623 'sext' 'sext_ln58_117' <Predicate = true> <Delay = 0.00>
ST_2 : Operation 624 [1/1] (3.75ns) (root node of TernaryAdder)   --->   "%add_ln58_92 = add i11 %sext_ln58_117, i11 %add_ln58_90" [firmware/nnet_utils/nnet_dense_latency.h:58]   --->   Operation 624 'add' 'add_ln58_92' <Predicate = true> <Delay = 3.75> <CoreInst = "TAddSub">   --->   Core 10 'TAddSub' <Latency = 0> <II = 1> <Delay = 1.92> <IPBlock> <Opcode : 'add' 'sub'> <InPorts = 3> <OutPorts = 1> <Sync> <CReg>
ST_2 : Operation 625 [1/1] (0.00ns)   --->   "%sext_ln58_126 = sext i8 %data_17_val_read" [firmware/nnet_utils/nnet_dense_latency.h:58]   --->   Operation 625 'sext' 'sext_ln58_126' <Predicate = true> <Delay = 0.00>
ST_2 : Operation 626 [1/1] (0.00ns)   --->   "%sext_ln58_127 = sext i10 %add_ln58_89" [firmware/nnet_utils/nnet_dense_latency.h:58]   --->   Operation 626 'sext' 'sext_ln58_127' <Predicate = true> <Delay = 0.00>
ST_2 : Operation 627 [1/1] (0.00ns) (grouped into TernaryAdder)   --->   "%sub_ln58_80 = sub i11 %sext_ln58_127, i11 %sext_ln58_126" [firmware/nnet_utils/nnet_dense_latency.h:58]   --->   Operation 627 'sub' 'sub_ln58_80' <Predicate = true> <Delay = 0.00> <CoreInst = "TAddSub">   --->   Core 10 'TAddSub' <Latency = 0> <II = 1> <Delay = 1.92> <IPBlock> <Opcode : 'add' 'sub'> <InPorts = 3> <OutPorts = 1> <Sync> <CReg>
ST_2 : Operation 628 [1/1] (0.00ns)   --->   "%sext_ln58_141 = sext i11 %add_ln58_94" [firmware/nnet_utils/nnet_dense_latency.h:58]   --->   Operation 628 'sext' 'sext_ln58_141' <Predicate = true> <Delay = 0.00>
ST_2 : Operation 629 [1/1] (0.00ns) (grouped into TernaryAdder)   --->   "%sub_ln58_82 = sub i12 %sext_ln58_141, i12 %sext_ln17_60" [firmware/nnet_utils/nnet_dense_latency.h:58]   --->   Operation 629 'sub' 'sub_ln58_82' <Predicate = true> <Delay = 0.00> <CoreInst = "TAddSub">   --->   Core 10 'TAddSub' <Latency = 0> <II = 1> <Delay = 1.92> <IPBlock> <Opcode : 'add' 'sub'> <InPorts = 3> <OutPorts = 1> <Sync> <CReg>
ST_2 : Operation 630 [1/1] (0.00ns)   --->   "%sext_ln58_152 = sext i11 %add_ln58_96" [firmware/nnet_utils/nnet_dense_latency.h:58]   --->   Operation 630 'sext' 'sext_ln58_152' <Predicate = true> <Delay = 0.00>
ST_2 : Operation 631 [1/1] (1.63ns)   --->   "%sub_ln58_83 = sub i12 %sext_ln58_152, i12 %sext_ln17_60" [firmware/nnet_utils/nnet_dense_latency.h:58]   --->   Operation 631 'sub' 'sub_ln58_83' <Predicate = true> <Delay = 1.63> <CoreInst = "Adder">   --->   Core 1 'Adder' <Latency = 0> <II = 1> <Delay = 1.63> <FuncUnit> <Opcode : 'add' 'sub'> <InPorts = 2> <OutPorts = 1>
ST_2 : Operation 632 [1/1] (0.00ns)   --->   "%sext_ln58_157 = sext i8 %data_18_val_read" [firmware/nnet_utils/nnet_dense_latency.h:58]   --->   Operation 632 'sext' 'sext_ln58_157' <Predicate = true> <Delay = 0.00>
ST_2 : Operation 633 [1/1] (0.00ns)   --->   "%sext_ln58_165 = sext i12 %add_ln58_100" [firmware/nnet_utils/nnet_dense_latency.h:58]   --->   Operation 633 'sext' 'sext_ln58_165' <Predicate = true> <Delay = 0.00>
ST_2 : Operation 634 [1/1] (0.00ns) (grouped into TernaryAdder)   --->   "%sub_ln58_84 = sub i13 %sext_ln58_165, i13 %sext_ln58_157" [firmware/nnet_utils/nnet_dense_latency.h:58]   --->   Operation 634 'sub' 'sub_ln58_84' <Predicate = true> <Delay = 0.00> <CoreInst = "TAddSub">   --->   Core 10 'TAddSub' <Latency = 0> <II = 1> <Delay = 1.92> <IPBlock> <Opcode : 'add' 'sub'> <InPorts = 3> <OutPorts = 1> <Sync> <CReg>
ST_2 : Operation 635 [1/1] (0.00ns) (grouped into TernaryAdder)   --->   "%add_ln58_104 = add i11 %sext_ln58_55, i11 %sext_ln17_50" [firmware/nnet_utils/nnet_dense_latency.h:58]   --->   Operation 635 'add' 'add_ln58_104' <Predicate = true> <Delay = 0.00> <CoreInst = "TAddSub">   --->   Core 10 'TAddSub' <Latency = 0> <II = 1> <Delay = 1.92> <IPBlock> <Opcode : 'add' 'sub'> <InPorts = 3> <OutPorts = 1> <Sync> <CReg>
ST_2 : Operation 636 [1/1] (1.91ns)   --->   "%add_ln58_105 = add i9 %sext_ln73_10, i9 %sext_ln70_9" [firmware/nnet_utils/nnet_dense_latency.h:58]   --->   Operation 636 'add' 'add_ln58_105' <Predicate = true> <Delay = 1.91> <CoreInst = "Adder">   --->   Core 1 'Adder' <Latency = 0> <II = 1> <Delay = 1.91> <FuncUnit> <Opcode : 'add' 'sub'> <InPorts = 2> <OutPorts = 1>
ST_2 : Operation 637 [1/1] (0.00ns)   --->   "%sext_ln58_169 = sext i9 %add_ln58_105" [firmware/nnet_utils/nnet_dense_latency.h:58]   --->   Operation 637 'sext' 'sext_ln58_169' <Predicate = true> <Delay = 0.00>
ST_2 : Operation 638 [1/1] (3.75ns) (root node of TernaryAdder)   --->   "%add_ln58_106 = add i11 %sext_ln58_169, i11 %add_ln58_104" [firmware/nnet_utils/nnet_dense_latency.h:58]   --->   Operation 638 'add' 'add_ln58_106' <Predicate = true> <Delay = 3.75> <CoreInst = "TAddSub">   --->   Core 10 'TAddSub' <Latency = 0> <II = 1> <Delay = 1.92> <IPBlock> <Opcode : 'add' 'sub'> <InPorts = 3> <OutPorts = 1> <Sync> <CReg>
ST_2 : Operation 639 [1/1] (1.91ns)   --->   "%sub_ln58_86 = sub i9 %sext_ln70_9, i9 %sext_ln73_10" [firmware/nnet_utils/nnet_dense_latency.h:58]   --->   Operation 639 'sub' 'sub_ln58_86' <Predicate = true> <Delay = 1.91> <CoreInst = "Adder">   --->   Core 1 'Adder' <Latency = 0> <II = 1> <Delay = 1.91> <FuncUnit> <Opcode : 'add' 'sub'> <InPorts = 2> <OutPorts = 1>
ST_2 : Operation 640 [1/1] (0.00ns)   --->   "%sext_ln58_170 = sext i9 %sub_ln58_86" [firmware/nnet_utils/nnet_dense_latency.h:58]   --->   Operation 640 'sext' 'sext_ln58_170' <Predicate = true> <Delay = 0.00>
ST_2 : Operation 641 [1/1] (3.75ns) (root node of TernaryAdder)   --->   "%add_ln58_107 = add i11 %sext_ln58_170, i11 %sub_ln58_80" [firmware/nnet_utils/nnet_dense_latency.h:58]   --->   Operation 641 'add' 'add_ln58_107' <Predicate = true> <Delay = 3.75> <CoreInst = "TAddSub">   --->   Core 10 'TAddSub' <Latency = 0> <II = 1> <Delay = 1.92> <IPBlock> <Opcode : 'add' 'sub'> <InPorts = 3> <OutPorts = 1> <Sync> <CReg>
ST_2 : Operation 642 [1/1] (0.00ns)   --->   "%sext_ln58_76 = sext i11 %add_ln58_107" [firmware/nnet_utils/nnet_dense_latency.h:58]   --->   Operation 642 'sext' 'sext_ln58_76' <Predicate = true> <Delay = 0.00>
ST_2 : Operation 643 [1/1] (0.00ns) (grouped into TernaryAdder)   --->   "%add_ln58_108 = add i11 %sub_ln58_75, i11 %sext_ln17_56" [firmware/nnet_utils/nnet_dense_latency.h:58]   --->   Operation 643 'add' 'add_ln58_108' <Predicate = true> <Delay = 0.00> <CoreInst = "TAddSub">   --->   Core 10 'TAddSub' <Latency = 0> <II = 1> <Delay = 1.92> <IPBlock> <Opcode : 'add' 'sub'> <InPorts = 3> <OutPorts = 1> <Sync> <CReg>
ST_2 : Operation 644 [1/1] (3.75ns) (root node of TernaryAdder)   --->   "%add_ln58_109 = add i11 %sext_ln58_169, i11 %add_ln58_108" [firmware/nnet_utils/nnet_dense_latency.h:58]   --->   Operation 644 'add' 'add_ln58_109' <Predicate = true> <Delay = 3.75> <CoreInst = "TAddSub">   --->   Core 10 'TAddSub' <Latency = 0> <II = 1> <Delay = 1.92> <IPBlock> <Opcode : 'add' 'sub'> <InPorts = 3> <OutPorts = 1> <Sync> <CReg>
ST_2 : Operation 645 [1/1] (1.63ns)   --->   "%add_ln58_110 = add i12 %sext_ln58_40, i12 %sext_ln17_59" [firmware/nnet_utils/nnet_dense_latency.h:58]   --->   Operation 645 'add' 'add_ln58_110' <Predicate = true> <Delay = 1.63> <CoreInst = "Adder">   --->   Core 1 'Adder' <Latency = 0> <II = 1> <Delay = 1.63> <FuncUnit> <Opcode : 'add' 'sub'> <InPorts = 2> <OutPorts = 1>
ST_2 : Operation 646 [1/1] (0.00ns)   --->   "%sext_ln58_171 = sext i9 %add_ln58_50" [firmware/nnet_utils/nnet_dense_latency.h:58]   --->   Operation 646 'sext' 'sext_ln58_171' <Predicate = true> <Delay = 0.00>
ST_2 : Operation 647 [1/1] (0.00ns) (grouped into TernaryAdder)   --->   "%add_ln58_111 = add i12 %sext_ln58_171, i12 %add_ln58_110" [firmware/nnet_utils/nnet_dense_latency.h:58]   --->   Operation 647 'add' 'add_ln58_111' <Predicate = true> <Delay = 0.00> <CoreInst = "TAddSub">   --->   Core 10 'TAddSub' <Latency = 0> <II = 1> <Delay = 1.92> <IPBlock> <Opcode : 'add' 'sub'> <InPorts = 3> <OutPorts = 1> <Sync> <CReg>
ST_2 : Operation 648 [1/1] (0.00ns)   --->   "%sext_ln58_174 = sext i10 %add_ln58_114" [firmware/nnet_utils/nnet_dense_latency.h:58]   --->   Operation 648 'sext' 'sext_ln58_174' <Predicate = true> <Delay = 0.00>
ST_2 : Operation 649 [1/1] (3.78ns) (root node of TernaryAdder)   --->   "%add_ln58_115 = add i12 %sext_ln58_174, i12 %add_ln58_111" [firmware/nnet_utils/nnet_dense_latency.h:58]   --->   Operation 649 'add' 'add_ln58_115' <Predicate = true> <Delay = 3.78> <CoreInst = "TAddSub">   --->   Core 10 'TAddSub' <Latency = 0> <II = 1> <Delay = 1.92> <IPBlock> <Opcode : 'add' 'sub'> <InPorts = 3> <OutPorts = 1> <Sync> <CReg>
ST_2 : Operation 650 [1/1] (0.00ns)   --->   "%sext_ln58_175 = sext i8 %data_18_val_read" [firmware/nnet_utils/nnet_dense_latency.h:58]   --->   Operation 650 'sext' 'sext_ln58_175' <Predicate = true> <Delay = 0.00>
ST_2 : Operation 651 [1/1] (0.00ns)   --->   "%sext_ln58_176 = sext i10 %add_ln58_44" [firmware/nnet_utils/nnet_dense_latency.h:58]   --->   Operation 651 'sext' 'sext_ln58_176' <Predicate = true> <Delay = 0.00>
ST_2 : Operation 652 [1/1] (0.00ns) (grouped into TernaryAdder)   --->   "%sub_ln58_87 = sub i11 %sext_ln58_176, i11 %sext_ln58_175" [firmware/nnet_utils/nnet_dense_latency.h:58]   --->   Operation 652 'sub' 'sub_ln58_87' <Predicate = true> <Delay = 0.00> <CoreInst = "TAddSub">   --->   Core 10 'TAddSub' <Latency = 0> <II = 1> <Delay = 1.92> <IPBlock> <Opcode : 'add' 'sub'> <InPorts = 3> <OutPorts = 1> <Sync> <CReg>
ST_2 : Operation 653 [1/1] (1.91ns)   --->   "%add_ln58_116 = add i9 %sext_ln17_62, i9 %sext_ln17_67" [firmware/nnet_utils/nnet_dense_latency.h:58]   --->   Operation 653 'add' 'add_ln58_116' <Predicate = true> <Delay = 1.91> <CoreInst = "Adder">   --->   Core 1 'Adder' <Latency = 0> <II = 1> <Delay = 1.91> <FuncUnit> <Opcode : 'add' 'sub'> <InPorts = 2> <OutPorts = 1>
ST_2 : Operation 654 [1/1] (0.00ns)   --->   "%sext_ln58_177 = sext i9 %add_ln58_116" [firmware/nnet_utils/nnet_dense_latency.h:58]   --->   Operation 654 'sext' 'sext_ln58_177' <Predicate = true> <Delay = 0.00>
ST_2 : Operation 655 [1/1] (1.82ns)   --->   "%add_ln58_117 = add i10 %sext_ln58_177, i10 %sext_ln17_41" [firmware/nnet_utils/nnet_dense_latency.h:58]   --->   Operation 655 'add' 'add_ln58_117' <Predicate = true> <Delay = 1.82> <CoreInst = "Adder">   --->   Core 1 'Adder' <Latency = 0> <II = 1> <Delay = 1.82> <FuncUnit> <Opcode : 'add' 'sub'> <InPorts = 2> <OutPorts = 1>
ST_2 : Operation 656 [1/1] (0.00ns)   --->   "%sext_ln58_178 = sext i10 %add_ln58_117" [firmware/nnet_utils/nnet_dense_latency.h:58]   --->   Operation 656 'sext' 'sext_ln58_178' <Predicate = true> <Delay = 0.00>
ST_2 : Operation 657 [1/1] (3.75ns) (root node of TernaryAdder)   --->   "%add_ln58_118 = add i11 %sext_ln58_178, i11 %sub_ln58_87" [firmware/nnet_utils/nnet_dense_latency.h:58]   --->   Operation 657 'add' 'add_ln58_118' <Predicate = true> <Delay = 3.75> <CoreInst = "TAddSub">   --->   Core 10 'TAddSub' <Latency = 0> <II = 1> <Delay = 1.92> <IPBlock> <Opcode : 'add' 'sub'> <InPorts = 3> <OutPorts = 1> <Sync> <CReg>
ST_2 : Operation 658 [1/1] (0.00ns)   --->   "%sext_ln58_79 = sext i11 %add_ln58_118" [firmware/nnet_utils/nnet_dense_latency.h:58]   --->   Operation 658 'sext' 'sext_ln58_79' <Predicate = true> <Delay = 0.00>
ST_2 : Operation 659 [1/1] (0.00ns)   --->   "%sext_ln58_179 = sext i11 %add_ln58_71" [firmware/nnet_utils/nnet_dense_latency.h:58]   --->   Operation 659 'sext' 'sext_ln58_179' <Predicate = true> <Delay = 0.00>
ST_2 : Operation 660 [1/1] (1.63ns)   --->   "%sub_ln58_88 = sub i12 %sext_ln58_179, i12 %sext_ln17_65" [firmware/nnet_utils/nnet_dense_latency.h:58]   --->   Operation 660 'sub' 'sub_ln58_88' <Predicate = true> <Delay = 1.63> <CoreInst = "Adder">   --->   Core 1 'Adder' <Latency = 0> <II = 1> <Delay = 1.63> <FuncUnit> <Opcode : 'add' 'sub'> <InPorts = 2> <OutPorts = 1>
ST_2 : Operation 661 [1/1] (0.00ns) (grouped into TernaryAdder)   --->   "%add_ln58_119 = add i11 %sub_ln58_70, i11 %sext_ln17_52" [firmware/nnet_utils/nnet_dense_latency.h:58]   --->   Operation 661 'add' 'add_ln58_119' <Predicate = true> <Delay = 0.00> <CoreInst = "TAddSub">   --->   Core 10 'TAddSub' <Latency = 0> <II = 1> <Delay = 1.92> <IPBlock> <Opcode : 'add' 'sub'> <InPorts = 3> <OutPorts = 1> <Sync> <CReg>
ST_2 : Operation 662 [1/1] (0.00ns)   --->   "%sext_ln58_180 = sext i9 %mult_27" [firmware/nnet_utils/nnet_dense_latency.h:58]   --->   Operation 662 'sext' 'sext_ln58_180' <Predicate = true> <Delay = 0.00>
ST_2 : Operation 663 [1/1] (1.82ns)   --->   "%sub_ln58_89 = sub i10 %sext_ln58_180, i10 %sext_ln17_61" [firmware/nnet_utils/nnet_dense_latency.h:58]   --->   Operation 663 'sub' 'sub_ln58_89' <Predicate = true> <Delay = 1.82> <CoreInst = "Adder">   --->   Core 1 'Adder' <Latency = 0> <II = 1> <Delay = 1.82> <FuncUnit> <Opcode : 'add' 'sub'> <InPorts = 2> <OutPorts = 1>
ST_2 : Operation 664 [1/1] (0.00ns)   --->   "%sext_ln58_181 = sext i10 %sub_ln58_89" [firmware/nnet_utils/nnet_dense_latency.h:58]   --->   Operation 664 'sext' 'sext_ln58_181' <Predicate = true> <Delay = 0.00>
ST_2 : Operation 665 [1/1] (3.75ns) (root node of TernaryAdder)   --->   "%add_ln58_120 = add i11 %sext_ln58_181, i11 %add_ln58_119" [firmware/nnet_utils/nnet_dense_latency.h:58]   --->   Operation 665 'add' 'add_ln58_120' <Predicate = true> <Delay = 3.75> <CoreInst = "TAddSub">   --->   Core 10 'TAddSub' <Latency = 0> <II = 1> <Delay = 1.92> <IPBlock> <Opcode : 'add' 'sub'> <InPorts = 3> <OutPorts = 1> <Sync> <CReg>
ST_2 : Operation 666 [1/1] (0.00ns)   --->   "%sext_ln58_182 = sext i9 %mult_21" [firmware/nnet_utils/nnet_dense_latency.h:58]   --->   Operation 666 'sext' 'sext_ln58_182' <Predicate = true> <Delay = 0.00>
ST_2 : Operation 667 [1/1] (1.82ns)   --->   "%sub_ln58_90 = sub i10 %sext_ln58_182, i10 %sext_ln73_9" [firmware/nnet_utils/nnet_dense_latency.h:58]   --->   Operation 667 'sub' 'sub_ln58_90' <Predicate = true> <Delay = 1.82> <CoreInst = "Adder">   --->   Core 1 'Adder' <Latency = 0> <II = 1> <Delay = 1.82> <FuncUnit> <Opcode : 'add' 'sub'> <InPorts = 2> <OutPorts = 1>
ST_2 : Operation 668 [1/1] (0.00ns)   --->   "%sext_ln58_183 = sext i10 %sub_ln58_90" [firmware/nnet_utils/nnet_dense_latency.h:58]   --->   Operation 668 'sext' 'sext_ln58_183' <Predicate = true> <Delay = 0.00>
ST_2 : Operation 669 [1/1] (0.00ns) (grouped into TernaryAdder)   --->   "%add_ln58_121 = add i12 %sext_ln58_183, i12 %sext_ln58_54" [firmware/nnet_utils/nnet_dense_latency.h:58]   --->   Operation 669 'add' 'add_ln58_121' <Predicate = true> <Delay = 0.00> <CoreInst = "TAddSub">   --->   Core 10 'TAddSub' <Latency = 0> <II = 1> <Delay = 1.92> <IPBlock> <Opcode : 'add' 'sub'> <InPorts = 3> <OutPorts = 1> <Sync> <CReg>
ST_2 : Operation 670 [1/1] (1.91ns)   --->   "%add_ln58_122 = add i9 %sext_ln73_6, i9 %sext_ln70_8" [firmware/nnet_utils/nnet_dense_latency.h:58]   --->   Operation 670 'add' 'add_ln58_122' <Predicate = true> <Delay = 1.91> <CoreInst = "Adder">   --->   Core 1 'Adder' <Latency = 0> <II = 1> <Delay = 1.91> <FuncUnit> <Opcode : 'add' 'sub'> <InPorts = 2> <OutPorts = 1>
ST_2 : Operation 671 [1/1] (0.00ns)   --->   "%sext_ln58_184 = sext i9 %add_ln58_122" [firmware/nnet_utils/nnet_dense_latency.h:58]   --->   Operation 671 'sext' 'sext_ln58_184' <Predicate = true> <Delay = 0.00>
ST_2 : Operation 672 [1/1] (1.91ns)   --->   "%add_ln58_123 = add i9 %sext_ln17_62, i9 %sext_ln73_12" [firmware/nnet_utils/nnet_dense_latency.h:58]   --->   Operation 672 'add' 'add_ln58_123' <Predicate = true> <Delay = 1.91> <CoreInst = "Adder">   --->   Core 1 'Adder' <Latency = 0> <II = 1> <Delay = 1.91> <FuncUnit> <Opcode : 'add' 'sub'> <InPorts = 2> <OutPorts = 1>
ST_2 : Operation 673 [1/1] (0.00ns)   --->   "%sext_ln58_185 = sext i9 %add_ln58_123" [firmware/nnet_utils/nnet_dense_latency.h:58]   --->   Operation 673 'sext' 'sext_ln58_185' <Predicate = true> <Delay = 0.00>
ST_2 : Operation 674 [1/1] (1.82ns)   --->   "%add_ln58_124 = add i10 %sext_ln58_185, i10 %sext_ln58_184" [firmware/nnet_utils/nnet_dense_latency.h:58]   --->   Operation 674 'add' 'add_ln58_124' <Predicate = true> <Delay = 1.82> <CoreInst = "Adder">   --->   Core 1 'Adder' <Latency = 0> <II = 1> <Delay = 1.82> <FuncUnit> <Opcode : 'add' 'sub'> <InPorts = 2> <OutPorts = 1>
ST_2 : Operation 675 [1/1] (0.00ns)   --->   "%sext_ln58_186 = sext i10 %add_ln58_124" [firmware/nnet_utils/nnet_dense_latency.h:58]   --->   Operation 675 'sext' 'sext_ln58_186' <Predicate = true> <Delay = 0.00>
ST_2 : Operation 676 [1/1] (3.78ns) (root node of TernaryAdder)   --->   "%add_ln58_125 = add i12 %sext_ln58_186, i12 %add_ln58_121" [firmware/nnet_utils/nnet_dense_latency.h:58]   --->   Operation 676 'add' 'add_ln58_125' <Predicate = true> <Delay = 3.78> <CoreInst = "TAddSub">   --->   Core 10 'TAddSub' <Latency = 0> <II = 1> <Delay = 1.92> <IPBlock> <Opcode : 'add' 'sub'> <InPorts = 3> <OutPorts = 1> <Sync> <CReg>
ST_2 : Operation 677 [1/1] (0.00ns)   --->   "%sext_ln58_81 = sext i12 %add_ln58_125" [firmware/nnet_utils/nnet_dense_latency.h:58]   --->   Operation 677 'sext' 'sext_ln58_81' <Predicate = true> <Delay = 0.00>
ST_2 : Operation 678 [1/1] (0.00ns)   --->   "%sext_ln58_187 = sext i11 %add_ln58_55" [firmware/nnet_utils/nnet_dense_latency.h:58]   --->   Operation 678 'sext' 'sext_ln58_187' <Predicate = true> <Delay = 0.00>
ST_2 : Operation 679 [1/1] (1.63ns)   --->   "%sub_ln58_91 = sub i12 %sext_ln58_187, i12 %sext_ln17_46" [firmware/nnet_utils/nnet_dense_latency.h:58]   --->   Operation 679 'sub' 'sub_ln58_91' <Predicate = true> <Delay = 1.63> <CoreInst = "Adder">   --->   Core 1 'Adder' <Latency = 0> <II = 1> <Delay = 1.63> <FuncUnit> <Opcode : 'add' 'sub'> <InPorts = 2> <OutPorts = 1>
ST_2 : Operation 680 [1/1] (0.00ns)   --->   "%sext_ln58_188 = sext i8 %data_15_val_read" [firmware/nnet_utils/nnet_dense_latency.h:58]   --->   Operation 680 'sext' 'sext_ln58_188' <Predicate = true> <Delay = 0.00>
ST_2 : Operation 681 [1/1] (0.00ns)   --->   "%sext_ln58_189 = sext i9 %mult_24" [firmware/nnet_utils/nnet_dense_latency.h:58]   --->   Operation 681 'sext' 'sext_ln58_189' <Predicate = true> <Delay = 0.00>
ST_2 : Operation 682 [1/1] (1.82ns)   --->   "%sub_ln58_92 = sub i10 %sext_ln58_189, i10 %sext_ln58_188" [firmware/nnet_utils/nnet_dense_latency.h:58]   --->   Operation 682 'sub' 'sub_ln58_92' <Predicate = true> <Delay = 1.82> <CoreInst = "Adder">   --->   Core 1 'Adder' <Latency = 0> <II = 1> <Delay = 1.82> <FuncUnit> <Opcode : 'add' 'sub'> <InPorts = 2> <OutPorts = 1>
ST_2 : Operation 683 [1/1] (0.00ns)   --->   "%sext_ln58_190 = sext i10 %sub_ln58_92" [firmware/nnet_utils/nnet_dense_latency.h:58]   --->   Operation 683 'sext' 'sext_ln58_190' <Predicate = true> <Delay = 0.00>
ST_2 : Operation 684 [1/1] (0.00ns) (grouped into TernaryAdder)   --->   "%add_ln58_126 = add i12 %sext_ln58_190, i12 %sub_ln58_91" [firmware/nnet_utils/nnet_dense_latency.h:58]   --->   Operation 684 'add' 'add_ln58_126' <Predicate = true> <Delay = 0.00> <CoreInst = "TAddSub">   --->   Core 10 'TAddSub' <Latency = 0> <II = 1> <Delay = 1.92> <IPBlock> <Opcode : 'add' 'sub'> <InPorts = 3> <OutPorts = 1> <Sync> <CReg>
ST_2 : Operation 685 [1/1] (0.00ns) (grouped into TernaryAdder)   --->   "%sub_ln58_93 = sub i10 %sext_ln17_68, i10 %sext_ln17_61" [firmware/nnet_utils/nnet_dense_latency.h:58]   --->   Operation 685 'sub' 'sub_ln58_93' <Predicate = true> <Delay = 0.00> <CoreInst = "TAddSub">   --->   Core 10 'TAddSub' <Latency = 0> <II = 1> <Delay = 1.92> <IPBlock> <Opcode : 'add' 'sub'> <InPorts = 3> <OutPorts = 1> <Sync> <CReg>
ST_2 : Operation 686 [1/1] (1.91ns)   --->   "%add_ln58_127 = add i9 %sext_ln73_4, i9 %sext_ln73_6" [firmware/nnet_utils/nnet_dense_latency.h:58]   --->   Operation 686 'add' 'add_ln58_127' <Predicate = true> <Delay = 1.91> <CoreInst = "Adder">   --->   Core 1 'Adder' <Latency = 0> <II = 1> <Delay = 1.91> <FuncUnit> <Opcode : 'add' 'sub'> <InPorts = 2> <OutPorts = 1>
ST_2 : Operation 687 [1/1] (0.00ns)   --->   "%sext_ln58_191 = sext i9 %add_ln58_127" [firmware/nnet_utils/nnet_dense_latency.h:58]   --->   Operation 687 'sext' 'sext_ln58_191' <Predicate = true> <Delay = 0.00>
ST_2 : Operation 688 [1/1] (3.72ns) (root node of TernaryAdder)   --->   "%add_ln58_128 = add i10 %sext_ln58_191, i10 %sub_ln58_93" [firmware/nnet_utils/nnet_dense_latency.h:58]   --->   Operation 688 'add' 'add_ln58_128' <Predicate = true> <Delay = 3.72> <CoreInst = "TAddSub">   --->   Core 10 'TAddSub' <Latency = 0> <II = 1> <Delay = 1.92> <IPBlock> <Opcode : 'add' 'sub'> <InPorts = 3> <OutPorts = 1> <Sync> <CReg>
ST_2 : Operation 689 [1/1] (0.00ns)   --->   "%sext_ln58_192 = sext i10 %add_ln58_128" [firmware/nnet_utils/nnet_dense_latency.h:58]   --->   Operation 689 'sext' 'sext_ln58_192' <Predicate = true> <Delay = 0.00>
ST_2 : Operation 690 [1/1] (3.78ns) (root node of TernaryAdder)   --->   "%add_ln58_129 = add i12 %sext_ln58_192, i12 %add_ln58_126" [firmware/nnet_utils/nnet_dense_latency.h:58]   --->   Operation 690 'add' 'add_ln58_129' <Predicate = true> <Delay = 3.78> <CoreInst = "TAddSub">   --->   Core 10 'TAddSub' <Latency = 0> <II = 1> <Delay = 1.92> <IPBlock> <Opcode : 'add' 'sub'> <InPorts = 3> <OutPorts = 1> <Sync> <CReg>
ST_2 : Operation 691 [1/1] (0.00ns)   --->   "%sext_ln58_82 = sext i12 %add_ln58_129" [firmware/nnet_utils/nnet_dense_latency.h:58]   --->   Operation 691 'sext' 'sext_ln58_82' <Predicate = true> <Delay = 0.00>
ST_2 : Operation 692 [1/1] (3.78ns) (root node of TernaryAdder)   --->   "%add_ln58_130 = add i12 %sub_ln58_52, i12 %sext_ln17_33" [firmware/nnet_utils/nnet_dense_latency.h:58]   --->   Operation 692 'add' 'add_ln58_130' <Predicate = true> <Delay = 3.78> <CoreInst = "TAddSub">   --->   Core 10 'TAddSub' <Latency = 0> <II = 1> <Delay = 1.92> <IPBlock> <Opcode : 'add' 'sub'> <InPorts = 3> <OutPorts = 1> <Sync> <CReg>
ST_2 : Operation 693 [1/1] (0.00ns)   --->   "%sext_ln58_193 = sext i10 %sub_ln58_69" [firmware/nnet_utils/nnet_dense_latency.h:58]   --->   Operation 693 'sext' 'sext_ln58_193' <Predicate = true> <Delay = 0.00>
ST_2 : Operation 694 [1/1] (0.00ns) (grouped into TernaryAdder)   --->   "%add_ln58_131 = add i12 %sext_ln58_193, i12 %add_ln58_130" [firmware/nnet_utils/nnet_dense_latency.h:58]   --->   Operation 694 'add' 'add_ln58_131' <Predicate = true> <Delay = 0.00> <CoreInst = "TAddSub">   --->   Core 10 'TAddSub' <Latency = 0> <II = 1> <Delay = 1.92> <IPBlock> <Opcode : 'add' 'sub'> <InPorts = 3> <OutPorts = 1> <Sync> <CReg>
ST_2 : Operation 695 [1/1] (1.91ns)   --->   "%sub_ln58_94 = sub i9 %sext_ln73_10, i9 %sext_ln73_12" [firmware/nnet_utils/nnet_dense_latency.h:58]   --->   Operation 695 'sub' 'sub_ln58_94' <Predicate = true> <Delay = 1.91> <CoreInst = "Adder">   --->   Core 1 'Adder' <Latency = 0> <II = 1> <Delay = 1.91> <FuncUnit> <Opcode : 'add' 'sub'> <InPorts = 2> <OutPorts = 1>
ST_2 : Operation 696 [1/1] (0.00ns)   --->   "%sext_ln58_194 = sext i9 %sub_ln58_94" [firmware/nnet_utils/nnet_dense_latency.h:58]   --->   Operation 696 'sext' 'sext_ln58_194' <Predicate = true> <Delay = 0.00>
ST_2 : Operation 697 [1/1] (1.73ns)   --->   "%add_ln58_132 = add i10 %sext_ln58_194, i10 %sub_ln58_89" [firmware/nnet_utils/nnet_dense_latency.h:58]   --->   Operation 697 'add' 'add_ln58_132' <Predicate = true> <Delay = 1.73> <CoreInst = "Adder">   --->   Core 1 'Adder' <Latency = 0> <II = 1> <Delay = 1.73> <FuncUnit> <Opcode : 'add' 'sub'> <InPorts = 2> <OutPorts = 1>
ST_2 : Operation 698 [1/1] (0.00ns)   --->   "%sext_ln58_195 = sext i10 %add_ln58_132" [firmware/nnet_utils/nnet_dense_latency.h:58]   --->   Operation 698 'sext' 'sext_ln58_195' <Predicate = true> <Delay = 0.00>
ST_2 : Operation 699 [1/1] (3.78ns) (root node of TernaryAdder)   --->   "%add_ln58_133 = add i12 %sext_ln58_195, i12 %add_ln58_131" [firmware/nnet_utils/nnet_dense_latency.h:58]   --->   Operation 699 'add' 'add_ln58_133' <Predicate = true> <Delay = 3.78> <CoreInst = "TAddSub">   --->   Core 10 'TAddSub' <Latency = 0> <II = 1> <Delay = 1.92> <IPBlock> <Opcode : 'add' 'sub'> <InPorts = 3> <OutPorts = 1> <Sync> <CReg>
ST_2 : Operation 700 [1/1] (0.00ns)   --->   "%sext_ln58_199 = sext i10 %sub_ln58_95" [firmware/nnet_utils/nnet_dense_latency.h:58]   --->   Operation 700 'sext' 'sext_ln58_199' <Predicate = true> <Delay = 0.00>
ST_2 : Operation 701 [1/1] (0.00ns) (grouped into TernaryAdder)   --->   "%add_ln58_134 = add i12 %sext_ln58_199, i12 %sub_ln58_279" [firmware/nnet_utils/nnet_dense_latency.h:58]   --->   Operation 701 'add' 'add_ln58_134' <Predicate = true> <Delay = 0.00> <CoreInst = "TAddSub">   --->   Core 10 'TAddSub' <Latency = 0> <II = 1> <Delay = 1.92> <IPBlock> <Opcode : 'add' 'sub'> <InPorts = 3> <OutPorts = 1> <Sync> <CReg>
ST_2 : Operation 702 [1/1] (1.91ns)   --->   "%sub_ln58_96 = sub i9 %sext_ln73_8, i9 %sext_ln17_67" [firmware/nnet_utils/nnet_dense_latency.h:58]   --->   Operation 702 'sub' 'sub_ln58_96' <Predicate = true> <Delay = 1.91> <CoreInst = "Adder">   --->   Core 1 'Adder' <Latency = 0> <II = 1> <Delay = 1.91> <FuncUnit> <Opcode : 'add' 'sub'> <InPorts = 2> <OutPorts = 1>
ST_2 : Operation 703 [1/1] (0.00ns)   --->   "%sext_ln58_200 = sext i9 %sub_ln58_96" [firmware/nnet_utils/nnet_dense_latency.h:58]   --->   Operation 703 'sext' 'sext_ln58_200' <Predicate = true> <Delay = 0.00>
ST_2 : Operation 704 [1/1] (1.91ns)   --->   "%add_ln58_135 = add i9 %sext_ln73_10, i9 %sext_ln73_12" [firmware/nnet_utils/nnet_dense_latency.h:58]   --->   Operation 704 'add' 'add_ln58_135' <Predicate = true> <Delay = 1.91> <CoreInst = "Adder">   --->   Core 1 'Adder' <Latency = 0> <II = 1> <Delay = 1.91> <FuncUnit> <Opcode : 'add' 'sub'> <InPorts = 2> <OutPorts = 1>
ST_2 : Operation 705 [1/1] (0.00ns)   --->   "%sext_ln58_201 = sext i9 %add_ln58_135" [firmware/nnet_utils/nnet_dense_latency.h:58]   --->   Operation 705 'sext' 'sext_ln58_201' <Predicate = true> <Delay = 0.00>
ST_2 : Operation 706 [1/1] (1.82ns)   --->   "%add_ln58_136 = add i10 %sext_ln58_201, i10 %sext_ln58_200" [firmware/nnet_utils/nnet_dense_latency.h:58]   --->   Operation 706 'add' 'add_ln58_136' <Predicate = true> <Delay = 1.82> <CoreInst = "Adder">   --->   Core 1 'Adder' <Latency = 0> <II = 1> <Delay = 1.82> <FuncUnit> <Opcode : 'add' 'sub'> <InPorts = 2> <OutPorts = 1>
ST_2 : Operation 707 [1/1] (0.00ns)   --->   "%sext_ln58_202 = sext i10 %add_ln58_136" [firmware/nnet_utils/nnet_dense_latency.h:58]   --->   Operation 707 'sext' 'sext_ln58_202' <Predicate = true> <Delay = 0.00>
ST_2 : Operation 708 [1/1] (3.78ns) (root node of TernaryAdder)   --->   "%add_ln58_137 = add i12 %sext_ln58_202, i12 %add_ln58_134" [firmware/nnet_utils/nnet_dense_latency.h:58]   --->   Operation 708 'add' 'add_ln58_137' <Predicate = true> <Delay = 3.78> <CoreInst = "TAddSub">   --->   Core 10 'TAddSub' <Latency = 0> <II = 1> <Delay = 1.92> <IPBlock> <Opcode : 'add' 'sub'> <InPorts = 3> <OutPorts = 1> <Sync> <CReg>
ST_2 : Operation 709 [1/1] (0.00ns)   --->   "%sext_ln58_203 = sext i8 %data_23_val_read" [firmware/nnet_utils/nnet_dense_latency.h:58]   --->   Operation 709 'sext' 'sext_ln58_203' <Predicate = true> <Delay = 0.00>
ST_2 : Operation 710 [1/1] (0.00ns)   --->   "%sext_ln58_204 = sext i12 %add_ln58_133" [firmware/nnet_utils/nnet_dense_latency.h:58]   --->   Operation 710 'sext' 'sext_ln58_204' <Predicate = true> <Delay = 0.00>
ST_2 : Operation 711 [1/1] (0.00ns) (grouped into TernaryAdder)   --->   "%sub_ln58_97 = sub i13 %sext_ln58_204, i13 %sext_ln58_203" [firmware/nnet_utils/nnet_dense_latency.h:58]   --->   Operation 711 'sub' 'sub_ln58_97' <Predicate = true> <Delay = 0.00> <CoreInst = "TAddSub">   --->   Core 10 'TAddSub' <Latency = 0> <II = 1> <Delay = 1.92> <IPBlock> <Opcode : 'add' 'sub'> <InPorts = 3> <OutPorts = 1> <Sync> <CReg>
ST_2 : Operation 712 [1/1] (0.00ns)   --->   "%sext_ln58_205 = sext i11 %add_ln58_120" [firmware/nnet_utils/nnet_dense_latency.h:58]   --->   Operation 712 'sext' 'sext_ln58_205' <Predicate = true> <Delay = 0.00>
ST_2 : Operation 713 [1/1] (0.00ns) (grouped into TernaryAdder)   --->   "%sub_ln58_98 = sub i12 %sext_ln58_205, i12 %sext_ln17_72" [firmware/nnet_utils/nnet_dense_latency.h:58]   --->   Operation 713 'sub' 'sub_ln58_98' <Predicate = true> <Delay = 0.00> <CoreInst = "TAddSub">   --->   Core 10 'TAddSub' <Latency = 0> <II = 1> <Delay = 1.92> <IPBlock> <Opcode : 'add' 'sub'> <InPorts = 3> <OutPorts = 1> <Sync> <CReg>
ST_2 : Operation 714 [1/1] (0.00ns)   --->   "%sext_ln58_206 = sext i8 %data_20_val_read" [firmware/nnet_utils/nnet_dense_latency.h:58]   --->   Operation 714 'sext' 'sext_ln58_206' <Predicate = true> <Delay = 0.00>
ST_2 : Operation 715 [1/1] (0.00ns)   --->   "%sext_ln58_207 = sext i11 %add_ln58_82" [firmware/nnet_utils/nnet_dense_latency.h:58]   --->   Operation 715 'sext' 'sext_ln58_207' <Predicate = true> <Delay = 0.00>
ST_2 : Operation 716 [1/1] (1.63ns)   --->   "%sub_ln58_99 = sub i12 %sext_ln58_207, i12 %sext_ln58_206" [firmware/nnet_utils/nnet_dense_latency.h:58]   --->   Operation 716 'sub' 'sub_ln58_99' <Predicate = true> <Delay = 1.63> <CoreInst = "Adder">   --->   Core 1 'Adder' <Latency = 0> <II = 1> <Delay = 1.63> <FuncUnit> <Opcode : 'add' 'sub'> <InPorts = 2> <OutPorts = 1>
ST_2 : Operation 717 [1/1] (0.00ns)   --->   "%sext_ln58_208 = sext i9 %add_ln58_91" [firmware/nnet_utils/nnet_dense_latency.h:58]   --->   Operation 717 'sext' 'sext_ln58_208' <Predicate = true> <Delay = 0.00>
ST_2 : Operation 718 [1/1] (0.00ns) (grouped into TernaryAdder)   --->   "%add_ln58_138 = add i12 %sext_ln58_208, i12 %sub_ln58_99" [firmware/nnet_utils/nnet_dense_latency.h:58]   --->   Operation 718 'add' 'add_ln58_138' <Predicate = true> <Delay = 0.00> <CoreInst = "TAddSub">   --->   Core 10 'TAddSub' <Latency = 0> <II = 1> <Delay = 1.92> <IPBlock> <Opcode : 'add' 'sub'> <InPorts = 3> <OutPorts = 1> <Sync> <CReg>
ST_2 : Operation 719 [1/1] (1.91ns)   --->   "%add_ln58_139 = add i9 %sext_ln73_8, i9 %sext_ln70_9" [firmware/nnet_utils/nnet_dense_latency.h:58]   --->   Operation 719 'add' 'add_ln58_139' <Predicate = true> <Delay = 1.91> <CoreInst = "Adder">   --->   Core 1 'Adder' <Latency = 0> <II = 1> <Delay = 1.91> <FuncUnit> <Opcode : 'add' 'sub'> <InPorts = 2> <OutPorts = 1>
ST_2 : Operation 720 [1/1] (0.00ns)   --->   "%sext_ln58_209 = sext i9 %add_ln58_139" [firmware/nnet_utils/nnet_dense_latency.h:58]   --->   Operation 720 'sext' 'sext_ln58_209' <Predicate = true> <Delay = 0.00>
ST_2 : Operation 721 [1/1] (1.91ns)   --->   "%add_ln58_140 = add i9 %sext_ln73_12, i9 %sext_ln17_74" [firmware/nnet_utils/nnet_dense_latency.h:58]   --->   Operation 721 'add' 'add_ln58_140' <Predicate = true> <Delay = 1.91> <CoreInst = "Adder">   --->   Core 1 'Adder' <Latency = 0> <II = 1> <Delay = 1.91> <FuncUnit> <Opcode : 'add' 'sub'> <InPorts = 2> <OutPorts = 1>
ST_2 : Operation 722 [1/1] (0.00ns)   --->   "%sext_ln58_210 = sext i9 %add_ln58_140" [firmware/nnet_utils/nnet_dense_latency.h:58]   --->   Operation 722 'sext' 'sext_ln58_210' <Predicate = true> <Delay = 0.00>
ST_2 : Operation 723 [1/1] (1.82ns)   --->   "%add_ln58_141 = add i10 %sext_ln58_210, i10 %sext_ln17_66" [firmware/nnet_utils/nnet_dense_latency.h:58]   --->   Operation 723 'add' 'add_ln58_141' <Predicate = true> <Delay = 1.82> <CoreInst = "Adder">   --->   Core 1 'Adder' <Latency = 0> <II = 1> <Delay = 1.82> <FuncUnit> <Opcode : 'add' 'sub'> <InPorts = 2> <OutPorts = 1>
ST_2 : Operation 724 [1/1] (0.00ns)   --->   "%sext_ln58_211 = sext i10 %add_ln58_141" [firmware/nnet_utils/nnet_dense_latency.h:58]   --->   Operation 724 'sext' 'sext_ln58_211' <Predicate = true> <Delay = 0.00>
ST_2 : Operation 725 [1/1] (1.73ns)   --->   "%add_ln58_142 = add i11 %sext_ln58_211, i11 %sext_ln58_209" [firmware/nnet_utils/nnet_dense_latency.h:58]   --->   Operation 725 'add' 'add_ln58_142' <Predicate = true> <Delay = 1.73> <CoreInst = "Adder">   --->   Core 1 'Adder' <Latency = 0> <II = 1> <Delay = 1.73> <FuncUnit> <Opcode : 'add' 'sub'> <InPorts = 2> <OutPorts = 1>
ST_2 : Operation 726 [1/1] (0.00ns)   --->   "%sext_ln58_212 = sext i11 %add_ln58_142" [firmware/nnet_utils/nnet_dense_latency.h:58]   --->   Operation 726 'sext' 'sext_ln58_212' <Predicate = true> <Delay = 0.00>
ST_2 : Operation 727 [1/1] (3.78ns) (root node of TernaryAdder)   --->   "%add_ln58_143 = add i12 %sext_ln58_212, i12 %add_ln58_138" [firmware/nnet_utils/nnet_dense_latency.h:58]   --->   Operation 727 'add' 'add_ln58_143' <Predicate = true> <Delay = 3.78> <CoreInst = "TAddSub">   --->   Core 10 'TAddSub' <Latency = 0> <II = 1> <Delay = 1.92> <IPBlock> <Opcode : 'add' 'sub'> <InPorts = 3> <OutPorts = 1> <Sync> <CReg>
ST_2 : Operation 728 [1/1] (0.00ns)   --->   "%sext_ln58_213 = sext i8 %data_19_val_read" [firmware/nnet_utils/nnet_dense_latency.h:58]   --->   Operation 728 'sext' 'sext_ln58_213' <Predicate = true> <Delay = 0.00>
ST_2 : Operation 729 [1/1] (1.82ns)   --->   "%sub_ln58_100 = sub i10 %sext_ln17_70, i10 %sext_ln58_213" [firmware/nnet_utils/nnet_dense_latency.h:58]   --->   Operation 729 'sub' 'sub_ln58_100' <Predicate = true> <Delay = 1.82> <CoreInst = "Adder">   --->   Core 1 'Adder' <Latency = 0> <II = 1> <Delay = 1.82> <FuncUnit> <Opcode : 'add' 'sub'> <InPorts = 2> <OutPorts = 1>
ST_2 : Operation 730 [1/1] (0.00ns)   --->   "%sext_ln58_214 = sext i10 %sub_ln58_100" [firmware/nnet_utils/nnet_dense_latency.h:58]   --->   Operation 730 'sext' 'sext_ln58_214' <Predicate = true> <Delay = 0.00>
ST_2 : Operation 731 [1/1] (0.00ns) (grouped into TernaryAdder)   --->   "%add_ln58_145 = add i12 %sext_ln58_214, i12 %add_ln58_144" [firmware/nnet_utils/nnet_dense_latency.h:58]   --->   Operation 731 'add' 'add_ln58_145' <Predicate = true> <Delay = 0.00> <CoreInst = "TAddSub">   --->   Core 10 'TAddSub' <Latency = 0> <II = 1> <Delay = 1.92> <IPBlock> <Opcode : 'add' 'sub'> <InPorts = 3> <OutPorts = 1> <Sync> <CReg>
ST_2 : Operation 732 [1/1] (1.91ns)   --->   "%sub_ln58_101 = sub i9 %sext_ln70_7, i9 %sext_ln17_74" [firmware/nnet_utils/nnet_dense_latency.h:58]   --->   Operation 732 'sub' 'sub_ln58_101' <Predicate = true> <Delay = 1.91> <CoreInst = "Adder">   --->   Core 1 'Adder' <Latency = 0> <II = 1> <Delay = 1.91> <FuncUnit> <Opcode : 'add' 'sub'> <InPorts = 2> <OutPorts = 1>
ST_2 : Operation 733 [1/1] (0.00ns)   --->   "%sext_ln58_215 = sext i9 %sub_ln58_101" [firmware/nnet_utils/nnet_dense_latency.h:58]   --->   Operation 733 'sext' 'sext_ln58_215' <Predicate = true> <Delay = 0.00>
ST_2 : Operation 734 [1/1] (1.91ns)   --->   "%add_ln58_146 = add i9 %sext_ln17_67, i9 %sext_ln73_13" [firmware/nnet_utils/nnet_dense_latency.h:58]   --->   Operation 734 'add' 'add_ln58_146' <Predicate = true> <Delay = 1.91> <CoreInst = "Adder">   --->   Core 1 'Adder' <Latency = 0> <II = 1> <Delay = 1.91> <FuncUnit> <Opcode : 'add' 'sub'> <InPorts = 2> <OutPorts = 1>
ST_2 : Operation 735 [1/1] (0.00ns)   --->   "%sext_ln58_216 = sext i9 %add_ln58_146" [firmware/nnet_utils/nnet_dense_latency.h:58]   --->   Operation 735 'sext' 'sext_ln58_216' <Predicate = true> <Delay = 0.00>
ST_2 : Operation 736 [1/1] (1.82ns)   --->   "%add_ln58_147 = add i10 %sext_ln58_216, i10 %sext_ln58_215" [firmware/nnet_utils/nnet_dense_latency.h:58]   --->   Operation 736 'add' 'add_ln58_147' <Predicate = true> <Delay = 1.82> <CoreInst = "Adder">   --->   Core 1 'Adder' <Latency = 0> <II = 1> <Delay = 1.82> <FuncUnit> <Opcode : 'add' 'sub'> <InPorts = 2> <OutPorts = 1>
ST_2 : Operation 737 [1/1] (0.00ns)   --->   "%sext_ln58_217 = sext i10 %add_ln58_147" [firmware/nnet_utils/nnet_dense_latency.h:58]   --->   Operation 737 'sext' 'sext_ln58_217' <Predicate = true> <Delay = 0.00>
ST_2 : Operation 738 [1/1] (3.78ns) (root node of TernaryAdder)   --->   "%add_ln58_148 = add i12 %sext_ln58_217, i12 %add_ln58_145" [firmware/nnet_utils/nnet_dense_latency.h:58]   --->   Operation 738 'add' 'add_ln58_148' <Predicate = true> <Delay = 3.78> <CoreInst = "TAddSub">   --->   Core 10 'TAddSub' <Latency = 0> <II = 1> <Delay = 1.92> <IPBlock> <Opcode : 'add' 'sub'> <InPorts = 3> <OutPorts = 1> <Sync> <CReg>
ST_2 : Operation 739 [1/1] (0.00ns)   --->   "%sext_ln58_218 = sext i11 %add_ln58_52" [firmware/nnet_utils/nnet_dense_latency.h:58]   --->   Operation 739 'sext' 'sext_ln58_218' <Predicate = true> <Delay = 0.00>
ST_2 : Operation 740 [1/1] (1.63ns)   --->   "%sub_ln58_102 = sub i12 %sext_ln58_218, i12 %sext_ln17_46" [firmware/nnet_utils/nnet_dense_latency.h:58]   --->   Operation 740 'sub' 'sub_ln58_102' <Predicate = true> <Delay = 1.63> <CoreInst = "Adder">   --->   Core 1 'Adder' <Latency = 0> <II = 1> <Delay = 1.63> <FuncUnit> <Opcode : 'add' 'sub'> <InPorts = 2> <OutPorts = 1>
ST_2 : Operation 741 [1/1] (0.00ns)   --->   "%sext_ln58_219 = sext i9 %mult_34" [firmware/nnet_utils/nnet_dense_latency.h:58]   --->   Operation 741 'sext' 'sext_ln58_219' <Predicate = true> <Delay = 0.00>
ST_2 : Operation 742 [1/1] (1.82ns)   --->   "%sub_ln58_103 = sub i10 %sext_ln58_219, i10 %sext_ln17_73" [firmware/nnet_utils/nnet_dense_latency.h:58]   --->   Operation 742 'sub' 'sub_ln58_103' <Predicate = true> <Delay = 1.82> <CoreInst = "Adder">   --->   Core 1 'Adder' <Latency = 0> <II = 1> <Delay = 1.82> <FuncUnit> <Opcode : 'add' 'sub'> <InPorts = 2> <OutPorts = 1>
ST_2 : Operation 743 [1/1] (0.00ns)   --->   "%sext_ln58_220 = sext i10 %sub_ln58_103" [firmware/nnet_utils/nnet_dense_latency.h:58]   --->   Operation 743 'sext' 'sext_ln58_220' <Predicate = true> <Delay = 0.00>
ST_2 : Operation 744 [1/1] (0.00ns) (grouped into TernaryAdder)   --->   "%add_ln58_149 = add i12 %sext_ln58_220, i12 %sub_ln58_102" [firmware/nnet_utils/nnet_dense_latency.h:58]   --->   Operation 744 'add' 'add_ln58_149' <Predicate = true> <Delay = 0.00> <CoreInst = "TAddSub">   --->   Core 10 'TAddSub' <Latency = 0> <II = 1> <Delay = 1.92> <IPBlock> <Opcode : 'add' 'sub'> <InPorts = 3> <OutPorts = 1> <Sync> <CReg>
ST_2 : Operation 745 [1/1] (1.91ns)   --->   "%add_ln58_150 = add i9 %sext_ln73_4, i9 %sext_ln70_7" [firmware/nnet_utils/nnet_dense_latency.h:58]   --->   Operation 745 'add' 'add_ln58_150' <Predicate = true> <Delay = 1.91> <CoreInst = "Adder">   --->   Core 1 'Adder' <Latency = 0> <II = 1> <Delay = 1.91> <FuncUnit> <Opcode : 'add' 'sub'> <InPorts = 2> <OutPorts = 1>
ST_2 : Operation 746 [1/1] (0.00ns)   --->   "%sext_ln58_221 = sext i9 %add_ln58_150" [firmware/nnet_utils/nnet_dense_latency.h:58]   --->   Operation 746 'sext' 'sext_ln58_221' <Predicate = true> <Delay = 0.00>
ST_2 : Operation 747 [1/1] (1.91ns)   --->   "%add_ln58_151 = add i9 %sext_ln73_12, i9 %sext_ln17_69" [firmware/nnet_utils/nnet_dense_latency.h:58]   --->   Operation 747 'add' 'add_ln58_151' <Predicate = true> <Delay = 1.91> <CoreInst = "Adder">   --->   Core 1 'Adder' <Latency = 0> <II = 1> <Delay = 1.91> <FuncUnit> <Opcode : 'add' 'sub'> <InPorts = 2> <OutPorts = 1>
ST_2 : Operation 748 [1/1] (0.00ns)   --->   "%sext_ln58_222 = sext i9 %add_ln58_151" [firmware/nnet_utils/nnet_dense_latency.h:58]   --->   Operation 748 'sext' 'sext_ln58_222' <Predicate = true> <Delay = 0.00>
ST_2 : Operation 749 [1/1] (1.82ns)   --->   "%add_ln58_152 = add i10 %sext_ln58_222, i10 %sext_ln17_66" [firmware/nnet_utils/nnet_dense_latency.h:58]   --->   Operation 749 'add' 'add_ln58_152' <Predicate = true> <Delay = 1.82> <CoreInst = "Adder">   --->   Core 1 'Adder' <Latency = 0> <II = 1> <Delay = 1.82> <FuncUnit> <Opcode : 'add' 'sub'> <InPorts = 2> <OutPorts = 1>
ST_2 : Operation 750 [1/1] (0.00ns)   --->   "%sext_ln58_223 = sext i10 %add_ln58_152" [firmware/nnet_utils/nnet_dense_latency.h:58]   --->   Operation 750 'sext' 'sext_ln58_223' <Predicate = true> <Delay = 0.00>
ST_2 : Operation 751 [1/1] (1.73ns)   --->   "%add_ln58_153 = add i11 %sext_ln58_223, i11 %sext_ln58_221" [firmware/nnet_utils/nnet_dense_latency.h:58]   --->   Operation 751 'add' 'add_ln58_153' <Predicate = true> <Delay = 1.73> <CoreInst = "Adder">   --->   Core 1 'Adder' <Latency = 0> <II = 1> <Delay = 1.73> <FuncUnit> <Opcode : 'add' 'sub'> <InPorts = 2> <OutPorts = 1>
ST_2 : Operation 752 [1/1] (0.00ns)   --->   "%sext_ln58_224 = sext i11 %add_ln58_153" [firmware/nnet_utils/nnet_dense_latency.h:58]   --->   Operation 752 'sext' 'sext_ln58_224' <Predicate = true> <Delay = 0.00>
ST_2 : Operation 753 [1/1] (3.78ns) (root node of TernaryAdder)   --->   "%add_ln58_154 = add i12 %sext_ln58_224, i12 %add_ln58_149" [firmware/nnet_utils/nnet_dense_latency.h:58]   --->   Operation 753 'add' 'add_ln58_154' <Predicate = true> <Delay = 3.78> <CoreInst = "TAddSub">   --->   Core 10 'TAddSub' <Latency = 0> <II = 1> <Delay = 1.92> <IPBlock> <Opcode : 'add' 'sub'> <InPorts = 3> <OutPorts = 1> <Sync> <CReg>
ST_2 : Operation 754 [1/1] (0.00ns)   --->   "%sext_ln58_225 = sext i9 %tmp_291" [firmware/nnet_utils/nnet_dense_latency.h:58]   --->   Operation 754 'sext' 'sext_ln58_225' <Predicate = true> <Delay = 0.00>
ST_2 : Operation 755 [1/1] (0.00ns)   --->   "%sext_ln58_226 = sext i11 %add_ln58_66" [firmware/nnet_utils/nnet_dense_latency.h:58]   --->   Operation 755 'sext' 'sext_ln58_226' <Predicate = true> <Delay = 0.00>
ST_2 : Operation 756 [1/1] (1.63ns)   --->   "%sub_ln58_280 = sub i12 %sext_ln58_226, i12 %sext_ln58_225" [firmware/nnet_utils/nnet_dense_latency.h:58]   --->   Operation 756 'sub' 'sub_ln58_280' <Predicate = true> <Delay = 1.63> <CoreInst = "Adder">   --->   Core 1 'Adder' <Latency = 0> <II = 1> <Delay = 1.63> <FuncUnit> <Opcode : 'add' 'sub'> <InPorts = 2> <OutPorts = 1>
ST_2 : Operation 757 [1/1] (1.82ns)   --->   "%sub_ln58_104 = sub i10 %sext_ln17_58, i10 %sext_ln73_7" [firmware/nnet_utils/nnet_dense_latency.h:58]   --->   Operation 757 'sub' 'sub_ln58_104' <Predicate = true> <Delay = 1.82> <CoreInst = "Adder">   --->   Core 1 'Adder' <Latency = 0> <II = 1> <Delay = 1.82> <FuncUnit> <Opcode : 'add' 'sub'> <InPorts = 2> <OutPorts = 1>
ST_2 : Operation 758 [1/1] (0.00ns)   --->   "%sext_ln58_227 = sext i10 %sub_ln58_104" [firmware/nnet_utils/nnet_dense_latency.h:58]   --->   Operation 758 'sext' 'sext_ln58_227' <Predicate = true> <Delay = 0.00>
ST_2 : Operation 759 [1/1] (0.00ns) (grouped into TernaryAdder)   --->   "%add_ln58_155 = add i12 %sext_ln58_227, i12 %sub_ln58_280" [firmware/nnet_utils/nnet_dense_latency.h:58]   --->   Operation 759 'add' 'add_ln58_155' <Predicate = true> <Delay = 0.00> <CoreInst = "TAddSub">   --->   Core 10 'TAddSub' <Latency = 0> <II = 1> <Delay = 1.92> <IPBlock> <Opcode : 'add' 'sub'> <InPorts = 3> <OutPorts = 1> <Sync> <CReg>
ST_2 : Operation 760 [1/1] (1.91ns)   --->   "%sub_ln58_105 = sub i9 %sext_ln17_47, i9 %sext_ln73_13" [firmware/nnet_utils/nnet_dense_latency.h:58]   --->   Operation 760 'sub' 'sub_ln58_105' <Predicate = true> <Delay = 1.91> <CoreInst = "Adder">   --->   Core 1 'Adder' <Latency = 0> <II = 1> <Delay = 1.91> <FuncUnit> <Opcode : 'add' 'sub'> <InPorts = 2> <OutPorts = 1>
ST_2 : Operation 761 [1/1] (0.00ns)   --->   "%sext_ln58_228 = sext i9 %sub_ln58_105" [firmware/nnet_utils/nnet_dense_latency.h:58]   --->   Operation 761 'sext' 'sext_ln58_228' <Predicate = true> <Delay = 0.00>
ST_2 : Operation 762 [1/1] (1.91ns)   --->   "%add_ln58_156 = add i9 %sext_ln70_9, i9 %sext_ln70_10" [firmware/nnet_utils/nnet_dense_latency.h:58]   --->   Operation 762 'add' 'add_ln58_156' <Predicate = true> <Delay = 1.91> <CoreInst = "Adder">   --->   Core 1 'Adder' <Latency = 0> <II = 1> <Delay = 1.91> <FuncUnit> <Opcode : 'add' 'sub'> <InPorts = 2> <OutPorts = 1>
ST_2 : Operation 763 [1/1] (0.00ns)   --->   "%sext_ln58_229 = sext i9 %add_ln58_156" [firmware/nnet_utils/nnet_dense_latency.h:58]   --->   Operation 763 'sext' 'sext_ln58_229' <Predicate = true> <Delay = 0.00>
ST_2 : Operation 764 [1/1] (1.82ns)   --->   "%add_ln58_157 = add i10 %sext_ln58_229, i10 %sext_ln58_228" [firmware/nnet_utils/nnet_dense_latency.h:58]   --->   Operation 764 'add' 'add_ln58_157' <Predicate = true> <Delay = 1.82> <CoreInst = "Adder">   --->   Core 1 'Adder' <Latency = 0> <II = 1> <Delay = 1.82> <FuncUnit> <Opcode : 'add' 'sub'> <InPorts = 2> <OutPorts = 1>
ST_2 : Operation 765 [1/1] (0.00ns)   --->   "%sext_ln58_230 = sext i10 %add_ln58_157" [firmware/nnet_utils/nnet_dense_latency.h:58]   --->   Operation 765 'sext' 'sext_ln58_230' <Predicate = true> <Delay = 0.00>
ST_2 : Operation 766 [1/1] (3.78ns) (root node of TernaryAdder)   --->   "%add_ln58_158 = add i12 %sext_ln58_230, i12 %add_ln58_155" [firmware/nnet_utils/nnet_dense_latency.h:58]   --->   Operation 766 'add' 'add_ln58_158' <Predicate = true> <Delay = 3.78> <CoreInst = "TAddSub">   --->   Core 10 'TAddSub' <Latency = 0> <II = 1> <Delay = 1.92> <IPBlock> <Opcode : 'add' 'sub'> <InPorts = 3> <OutPorts = 1> <Sync> <CReg>
ST_2 : Operation 767 [1/1] (1.82ns)   --->   "%sub_ln58_281 = sub i10 %sext_ln17_63, i10 %sext_ln73_21" [firmware/nnet_utils/nnet_dense_latency.h:58]   --->   Operation 767 'sub' 'sub_ln58_281' <Predicate = true> <Delay = 1.82> <CoreInst = "Adder">   --->   Core 1 'Adder' <Latency = 0> <II = 1> <Delay = 1.82> <FuncUnit> <Opcode : 'add' 'sub'> <InPorts = 2> <OutPorts = 1>
ST_2 : Operation 768 [1/1] (0.00ns)   --->   "%sext_ln58_231 = sext i10 %sub_ln58_281" [firmware/nnet_utils/nnet_dense_latency.h:58]   --->   Operation 768 'sext' 'sext_ln58_231' <Predicate = true> <Delay = 0.00>
ST_2 : Operation 769 [1/1] (0.00ns) (grouped into TernaryAdder)   --->   "%add_ln58_159 = add i12 %sext_ln58_231, i12 %sub_ln58_68" [firmware/nnet_utils/nnet_dense_latency.h:58]   --->   Operation 769 'add' 'add_ln58_159' <Predicate = true> <Delay = 0.00> <CoreInst = "TAddSub">   --->   Core 10 'TAddSub' <Latency = 0> <II = 1> <Delay = 1.92> <IPBlock> <Opcode : 'add' 'sub'> <InPorts = 3> <OutPorts = 1> <Sync> <CReg>
ST_2 : Operation 770 [1/1] (0.00ns)   --->   "%sext_ln58_232 = sext i9 %mult_32" [firmware/nnet_utils/nnet_dense_latency.h:58]   --->   Operation 770 'sext' 'sext_ln58_232' <Predicate = true> <Delay = 0.00>
ST_2 : Operation 771 [1/1] (1.82ns)   --->   "%sub_ln58_106 = sub i10 %sext_ln58_232, i10 %sext_ln73_11" [firmware/nnet_utils/nnet_dense_latency.h:58]   --->   Operation 771 'sub' 'sub_ln58_106' <Predicate = true> <Delay = 1.82> <CoreInst = "Adder">   --->   Core 1 'Adder' <Latency = 0> <II = 1> <Delay = 1.82> <FuncUnit> <Opcode : 'add' 'sub'> <InPorts = 2> <OutPorts = 1>
ST_2 : Operation 772 [1/1] (1.91ns)   --->   "%add_ln58_160 = add i9 %sext_ln73_10, i9 %sext_ln70_10" [firmware/nnet_utils/nnet_dense_latency.h:58]   --->   Operation 772 'add' 'add_ln58_160' <Predicate = true> <Delay = 1.91> <CoreInst = "Adder">   --->   Core 1 'Adder' <Latency = 0> <II = 1> <Delay = 1.91> <FuncUnit> <Opcode : 'add' 'sub'> <InPorts = 2> <OutPorts = 1>
ST_2 : Operation 773 [1/1] (0.00ns)   --->   "%sext_ln58_233 = sext i9 %add_ln58_160" [firmware/nnet_utils/nnet_dense_latency.h:58]   --->   Operation 773 'sext' 'sext_ln58_233' <Predicate = true> <Delay = 0.00>
ST_2 : Operation 774 [1/1] (1.73ns)   --->   "%add_ln58_161 = add i10 %sext_ln58_233, i10 %sub_ln58_106" [firmware/nnet_utils/nnet_dense_latency.h:58]   --->   Operation 774 'add' 'add_ln58_161' <Predicate = true> <Delay = 1.73> <CoreInst = "Adder">   --->   Core 1 'Adder' <Latency = 0> <II = 1> <Delay = 1.73> <FuncUnit> <Opcode : 'add' 'sub'> <InPorts = 2> <OutPorts = 1>
ST_2 : Operation 775 [1/1] (0.00ns)   --->   "%sext_ln58_234 = sext i10 %add_ln58_161" [firmware/nnet_utils/nnet_dense_latency.h:58]   --->   Operation 775 'sext' 'sext_ln58_234' <Predicate = true> <Delay = 0.00>
ST_2 : Operation 776 [1/1] (3.78ns) (root node of TernaryAdder)   --->   "%add_ln58_162 = add i12 %sext_ln58_234, i12 %add_ln58_159" [firmware/nnet_utils/nnet_dense_latency.h:58]   --->   Operation 776 'add' 'add_ln58_162' <Predicate = true> <Delay = 3.78> <CoreInst = "TAddSub">   --->   Core 10 'TAddSub' <Latency = 0> <II = 1> <Delay = 1.92> <IPBlock> <Opcode : 'add' 'sub'> <InPorts = 3> <OutPorts = 1> <Sync> <CReg>
ST_2 : Operation 777 [1/1] (0.00ns)   --->   "%sext_ln58_235 = sext i8 %data_23_val_read" [firmware/nnet_utils/nnet_dense_latency.h:58]   --->   Operation 777 'sext' 'sext_ln58_235' <Predicate = true> <Delay = 0.00>
ST_2 : Operation 778 [1/1] (1.82ns)   --->   "%sub_ln58_107 = sub i10 %sext_ln58_232, i10 %sext_ln58_235" [firmware/nnet_utils/nnet_dense_latency.h:58]   --->   Operation 778 'sub' 'sub_ln58_107' <Predicate = true> <Delay = 1.82> <CoreInst = "Adder">   --->   Core 1 'Adder' <Latency = 0> <II = 1> <Delay = 1.82> <FuncUnit> <Opcode : 'add' 'sub'> <InPorts = 2> <OutPorts = 1>
ST_2 : Operation 779 [1/1] (0.00ns)   --->   "%sext_ln58_236 = sext i10 %sub_ln58_107" [firmware/nnet_utils/nnet_dense_latency.h:58]   --->   Operation 779 'sext' 'sext_ln58_236' <Predicate = true> <Delay = 0.00>
ST_2 : Operation 780 [1/1] (0.00ns) (grouped into TernaryAdder)   --->   "%add_ln58_163 = add i12 %sext_ln58_236, i12 %sub_ln58_83" [firmware/nnet_utils/nnet_dense_latency.h:58]   --->   Operation 780 'add' 'add_ln58_163' <Predicate = true> <Delay = 0.00> <CoreInst = "TAddSub">   --->   Core 10 'TAddSub' <Latency = 0> <II = 1> <Delay = 1.92> <IPBlock> <Opcode : 'add' 'sub'> <InPorts = 3> <OutPorts = 1> <Sync> <CReg>
ST_2 : Operation 781 [1/1] (0.00ns)   --->   "%sext_ln58_237 = sext i8 %data_25_val_read" [firmware/nnet_utils/nnet_dense_latency.h:58]   --->   Operation 781 'sext' 'sext_ln58_237' <Predicate = true> <Delay = 0.00>
ST_2 : Operation 782 [1/1] (0.00ns)   --->   "%sext_ln58_238 = sext i9 %mult_36" [firmware/nnet_utils/nnet_dense_latency.h:58]   --->   Operation 782 'sext' 'sext_ln58_238' <Predicate = true> <Delay = 0.00>
ST_2 : Operation 783 [1/1] (0.00ns) (grouped into TernaryAdder)   --->   "%sub_ln58_108 = sub i10 %sext_ln58_238, i10 %sext_ln58_237" [firmware/nnet_utils/nnet_dense_latency.h:58]   --->   Operation 783 'sub' 'sub_ln58_108' <Predicate = true> <Delay = 0.00> <CoreInst = "TAddSub">   --->   Core 10 'TAddSub' <Latency = 0> <II = 1> <Delay = 1.92> <IPBlock> <Opcode : 'add' 'sub'> <InPorts = 3> <OutPorts = 1> <Sync> <CReg>
ST_2 : Operation 784 [1/1] (1.91ns)   --->   "%add_ln58_164 = add i9 %sext_ln17_67, i9 %sext_ln70_11" [firmware/nnet_utils/nnet_dense_latency.h:58]   --->   Operation 784 'add' 'add_ln58_164' <Predicate = true> <Delay = 1.91> <CoreInst = "Adder">   --->   Core 1 'Adder' <Latency = 0> <II = 1> <Delay = 1.91> <FuncUnit> <Opcode : 'add' 'sub'> <InPorts = 2> <OutPorts = 1>
ST_2 : Operation 785 [1/1] (0.00ns)   --->   "%sext_ln58_239 = sext i9 %add_ln58_164" [firmware/nnet_utils/nnet_dense_latency.h:58]   --->   Operation 785 'sext' 'sext_ln58_239' <Predicate = true> <Delay = 0.00>
ST_2 : Operation 786 [1/1] (3.72ns) (root node of TernaryAdder)   --->   "%add_ln58_165 = add i10 %sext_ln58_239, i10 %sub_ln58_108" [firmware/nnet_utils/nnet_dense_latency.h:58]   --->   Operation 786 'add' 'add_ln58_165' <Predicate = true> <Delay = 3.72> <CoreInst = "TAddSub">   --->   Core 10 'TAddSub' <Latency = 0> <II = 1> <Delay = 1.92> <IPBlock> <Opcode : 'add' 'sub'> <InPorts = 3> <OutPorts = 1> <Sync> <CReg>
ST_2 : Operation 787 [1/1] (0.00ns)   --->   "%sext_ln58_240 = sext i10 %add_ln58_165" [firmware/nnet_utils/nnet_dense_latency.h:58]   --->   Operation 787 'sext' 'sext_ln58_240' <Predicate = true> <Delay = 0.00>
ST_2 : Operation 788 [1/1] (3.78ns) (root node of TernaryAdder)   --->   "%add_ln58_166 = add i12 %sext_ln58_240, i12 %add_ln58_163" [firmware/nnet_utils/nnet_dense_latency.h:58]   --->   Operation 788 'add' 'add_ln58_166' <Predicate = true> <Delay = 3.78> <CoreInst = "TAddSub">   --->   Core 10 'TAddSub' <Latency = 0> <II = 1> <Delay = 1.92> <IPBlock> <Opcode : 'add' 'sub'> <InPorts = 3> <OutPorts = 1> <Sync> <CReg>
ST_2 : Operation 789 [1/1] (0.00ns)   --->   "%sext_ln58_241 = sext i12 %add_ln58_162" [firmware/nnet_utils/nnet_dense_latency.h:58]   --->   Operation 789 'sext' 'sext_ln58_241' <Predicate = true> <Delay = 0.00>
ST_2 : Operation 790 [1/1] (1.54ns)   --->   "%sub_ln58_109 = sub i13 %sext_ln58_241, i13 %sext_ln17_79" [firmware/nnet_utils/nnet_dense_latency.h:58]   --->   Operation 790 'sub' 'sub_ln58_109' <Predicate = true> <Delay = 1.54> <CoreInst = "Adder">   --->   Core 1 'Adder' <Latency = 0> <II = 1> <Delay = 1.54> <FuncUnit> <Opcode : 'add' 'sub'> <InPorts = 2> <OutPorts = 1>
ST_2 : Operation 791 [1/1] (1.91ns)   --->   "%add_ln58_168 = add i9 %sext_ln73_8, i9 %sext_ln17_62" [firmware/nnet_utils/nnet_dense_latency.h:58]   --->   Operation 791 'add' 'add_ln58_168' <Predicate = true> <Delay = 1.91> <CoreInst = "Adder">   --->   Core 1 'Adder' <Latency = 0> <II = 1> <Delay = 1.91> <FuncUnit> <Opcode : 'add' 'sub'> <InPorts = 2> <OutPorts = 1>
ST_2 : Operation 792 [1/1] (0.00ns)   --->   "%sext_ln58_242 = sext i9 %add_ln58_168" [firmware/nnet_utils/nnet_dense_latency.h:58]   --->   Operation 792 'sext' 'sext_ln58_242' <Predicate = true> <Delay = 0.00>
ST_2 : Operation 793 [1/1] (0.00ns) (grouped into TernaryAdder)   --->   "%add_ln58_169 = add i12 %sext_ln58_242, i12 %add_ln58_167" [firmware/nnet_utils/nnet_dense_latency.h:58]   --->   Operation 793 'add' 'add_ln58_169' <Predicate = true> <Delay = 0.00> <CoreInst = "TAddSub">   --->   Core 10 'TAddSub' <Latency = 0> <II = 1> <Delay = 1.92> <IPBlock> <Opcode : 'add' 'sub'> <InPorts = 3> <OutPorts = 1> <Sync> <CReg>
ST_2 : Operation 794 [1/1] (1.91ns)   --->   "%add_ln58_170 = add i9 %sext_ln17_67, i9 %sext_ln73_12" [firmware/nnet_utils/nnet_dense_latency.h:58]   --->   Operation 794 'add' 'add_ln58_170' <Predicate = true> <Delay = 1.91> <CoreInst = "Adder">   --->   Core 1 'Adder' <Latency = 0> <II = 1> <Delay = 1.91> <FuncUnit> <Opcode : 'add' 'sub'> <InPorts = 2> <OutPorts = 1>
ST_2 : Operation 795 [1/1] (0.00ns)   --->   "%sext_ln58_243 = sext i9 %add_ln58_170" [firmware/nnet_utils/nnet_dense_latency.h:58]   --->   Operation 795 'sext' 'sext_ln58_243' <Predicate = true> <Delay = 0.00>
ST_2 : Operation 796 [1/1] (1.91ns)   --->   "%add_ln58_171 = add i9 %sext_ln17_69, i9 %sext_ln70_11" [firmware/nnet_utils/nnet_dense_latency.h:58]   --->   Operation 796 'add' 'add_ln58_171' <Predicate = true> <Delay = 1.91> <CoreInst = "Adder">   --->   Core 1 'Adder' <Latency = 0> <II = 1> <Delay = 1.91> <FuncUnit> <Opcode : 'add' 'sub'> <InPorts = 2> <OutPorts = 1>
ST_2 : Operation 797 [1/1] (0.00ns)   --->   "%sext_ln58_244 = sext i9 %add_ln58_171" [firmware/nnet_utils/nnet_dense_latency.h:58]   --->   Operation 797 'sext' 'sext_ln58_244' <Predicate = true> <Delay = 0.00>
ST_2 : Operation 798 [1/1] (1.82ns)   --->   "%add_ln58_172 = add i10 %sext_ln58_244, i10 %sext_ln58_243" [firmware/nnet_utils/nnet_dense_latency.h:58]   --->   Operation 798 'add' 'add_ln58_172' <Predicate = true> <Delay = 1.82> <CoreInst = "Adder">   --->   Core 1 'Adder' <Latency = 0> <II = 1> <Delay = 1.82> <FuncUnit> <Opcode : 'add' 'sub'> <InPorts = 2> <OutPorts = 1>
ST_2 : Operation 799 [1/1] (0.00ns)   --->   "%sext_ln58_245 = sext i10 %add_ln58_172" [firmware/nnet_utils/nnet_dense_latency.h:58]   --->   Operation 799 'sext' 'sext_ln58_245' <Predicate = true> <Delay = 0.00>
ST_2 : Operation 800 [1/1] (3.78ns) (root node of TernaryAdder)   --->   "%add_ln58_173 = add i12 %sext_ln58_245, i12 %add_ln58_169" [firmware/nnet_utils/nnet_dense_latency.h:58]   --->   Operation 800 'add' 'add_ln58_173' <Predicate = true> <Delay = 3.78> <CoreInst = "TAddSub">   --->   Core 10 'TAddSub' <Latency = 0> <II = 1> <Delay = 1.92> <IPBlock> <Opcode : 'add' 'sub'> <InPorts = 3> <OutPorts = 1> <Sync> <CReg>
ST_2 : Operation 801 [1/1] (0.00ns)   --->   "%sext_ln58_246 = sext i11 %add_ln58_68" [firmware/nnet_utils/nnet_dense_latency.h:58]   --->   Operation 801 'sext' 'sext_ln58_246' <Predicate = true> <Delay = 0.00>
ST_2 : Operation 802 [1/1] (1.63ns)   --->   "%sub_ln58_110 = sub i12 %sext_ln58_246, i12 %sext_ln17_65" [firmware/nnet_utils/nnet_dense_latency.h:58]   --->   Operation 802 'sub' 'sub_ln58_110' <Predicate = true> <Delay = 1.63> <CoreInst = "Adder">   --->   Core 1 'Adder' <Latency = 0> <II = 1> <Delay = 1.63> <FuncUnit> <Opcode : 'add' 'sub'> <InPorts = 2> <OutPorts = 1>
ST_2 : Operation 803 [1/1] (1.91ns)   --->   "%add_ln58_174 = add i9 %sext_ln70_7, i9 %sext_ln73_8" [firmware/nnet_utils/nnet_dense_latency.h:58]   --->   Operation 803 'add' 'add_ln58_174' <Predicate = true> <Delay = 1.91> <CoreInst = "Adder">   --->   Core 1 'Adder' <Latency = 0> <II = 1> <Delay = 1.91> <FuncUnit> <Opcode : 'add' 'sub'> <InPorts = 2> <OutPorts = 1>
ST_2 : Operation 804 [1/1] (0.00ns)   --->   "%sext_ln58_247 = sext i9 %add_ln58_174" [firmware/nnet_utils/nnet_dense_latency.h:58]   --->   Operation 804 'sext' 'sext_ln58_247' <Predicate = true> <Delay = 0.00>
ST_2 : Operation 805 [1/1] (0.00ns) (grouped into TernaryAdder)   --->   "%add_ln58_175 = add i12 %sext_ln58_247, i12 %sub_ln58_110" [firmware/nnet_utils/nnet_dense_latency.h:58]   --->   Operation 805 'add' 'add_ln58_175' <Predicate = true> <Delay = 0.00> <CoreInst = "TAddSub">   --->   Core 10 'TAddSub' <Latency = 0> <II = 1> <Delay = 1.92> <IPBlock> <Opcode : 'add' 'sub'> <InPorts = 3> <OutPorts = 1> <Sync> <CReg>
ST_2 : Operation 806 [1/1] (0.00ns)   --->   "%sext_ln58_248 = sext i9 %add_ln58_140" [firmware/nnet_utils/nnet_dense_latency.h:58]   --->   Operation 806 'sext' 'sext_ln58_248' <Predicate = true> <Delay = 0.00>
ST_2 : Operation 807 [1/1] (1.91ns)   --->   "%add_ln58_176 = add i9 %sext_ln70_11, i9 %sext_ln70_12" [firmware/nnet_utils/nnet_dense_latency.h:58]   --->   Operation 807 'add' 'add_ln58_176' <Predicate = true> <Delay = 1.91> <CoreInst = "Adder">   --->   Core 1 'Adder' <Latency = 0> <II = 1> <Delay = 1.91> <FuncUnit> <Opcode : 'add' 'sub'> <InPorts = 2> <OutPorts = 1>
ST_2 : Operation 808 [1/1] (0.00ns)   --->   "%sext_ln58_249 = sext i9 %add_ln58_176" [firmware/nnet_utils/nnet_dense_latency.h:58]   --->   Operation 808 'sext' 'sext_ln58_249' <Predicate = true> <Delay = 0.00>
ST_2 : Operation 809 [1/1] (1.82ns)   --->   "%add_ln58_177 = add i10 %sext_ln58_249, i10 %sext_ln17_77" [firmware/nnet_utils/nnet_dense_latency.h:58]   --->   Operation 809 'add' 'add_ln58_177' <Predicate = true> <Delay = 1.82> <CoreInst = "Adder">   --->   Core 1 'Adder' <Latency = 0> <II = 1> <Delay = 1.82> <FuncUnit> <Opcode : 'add' 'sub'> <InPorts = 2> <OutPorts = 1>
ST_2 : Operation 810 [1/1] (0.00ns)   --->   "%sext_ln58_250 = sext i10 %add_ln58_177" [firmware/nnet_utils/nnet_dense_latency.h:58]   --->   Operation 810 'sext' 'sext_ln58_250' <Predicate = true> <Delay = 0.00>
ST_2 : Operation 811 [1/1] (1.73ns)   --->   "%add_ln58_178 = add i11 %sext_ln58_250, i11 %sext_ln58_248" [firmware/nnet_utils/nnet_dense_latency.h:58]   --->   Operation 811 'add' 'add_ln58_178' <Predicate = true> <Delay = 1.73> <CoreInst = "Adder">   --->   Core 1 'Adder' <Latency = 0> <II = 1> <Delay = 1.73> <FuncUnit> <Opcode : 'add' 'sub'> <InPorts = 2> <OutPorts = 1>
ST_2 : Operation 812 [1/1] (0.00ns)   --->   "%sext_ln58_251 = sext i11 %add_ln58_178" [firmware/nnet_utils/nnet_dense_latency.h:58]   --->   Operation 812 'sext' 'sext_ln58_251' <Predicate = true> <Delay = 0.00>
ST_2 : Operation 813 [1/1] (3.78ns) (root node of TernaryAdder)   --->   "%add_ln58_179 = add i12 %sext_ln58_251, i12 %add_ln58_175" [firmware/nnet_utils/nnet_dense_latency.h:58]   --->   Operation 813 'add' 'add_ln58_179' <Predicate = true> <Delay = 3.78> <CoreInst = "TAddSub">   --->   Core 10 'TAddSub' <Latency = 0> <II = 1> <Delay = 1.92> <IPBlock> <Opcode : 'add' 'sub'> <InPorts = 3> <OutPorts = 1> <Sync> <CReg>
ST_2 : Operation 814 [1/1] (0.00ns)   --->   "%sext_ln58_252 = sext i8 %data_19_val_read" [firmware/nnet_utils/nnet_dense_latency.h:58]   --->   Operation 814 'sext' 'sext_ln58_252' <Predicate = true> <Delay = 0.00>
ST_2 : Operation 815 [1/1] (0.00ns)   --->   "%sext_ln58_253 = sext i11 %add_ln58_92" [firmware/nnet_utils/nnet_dense_latency.h:58]   --->   Operation 815 'sext' 'sext_ln58_253' <Predicate = true> <Delay = 0.00>
ST_2 : Operation 816 [1/1] (1.63ns)   --->   "%sub_ln58_111 = sub i12 %sext_ln58_253, i12 %sext_ln58_252" [firmware/nnet_utils/nnet_dense_latency.h:58]   --->   Operation 816 'sub' 'sub_ln58_111' <Predicate = true> <Delay = 1.63> <CoreInst = "Adder">   --->   Core 1 'Adder' <Latency = 0> <II = 1> <Delay = 1.63> <FuncUnit> <Opcode : 'add' 'sub'> <InPorts = 2> <OutPorts = 1>
ST_2 : Operation 817 [1/1] (0.00ns)   --->   "%sext_ln58_254 = sext i10 %sub_ln58_89" [firmware/nnet_utils/nnet_dense_latency.h:58]   --->   Operation 817 'sext' 'sext_ln58_254' <Predicate = true> <Delay = 0.00>
ST_2 : Operation 818 [1/1] (0.00ns) (grouped into TernaryAdder)   --->   "%add_ln58_180 = add i12 %sext_ln58_254, i12 %sub_ln58_111" [firmware/nnet_utils/nnet_dense_latency.h:58]   --->   Operation 818 'add' 'add_ln58_180' <Predicate = true> <Delay = 0.00> <CoreInst = "TAddSub">   --->   Core 10 'TAddSub' <Latency = 0> <II = 1> <Delay = 1.92> <IPBlock> <Opcode : 'add' 'sub'> <InPorts = 3> <OutPorts = 1> <Sync> <CReg>
ST_2 : Operation 819 [1/1] (0.00ns)   --->   "%sext_ln58_255 = sext i8 %data_27_val_read" [firmware/nnet_utils/nnet_dense_latency.h:58]   --->   Operation 819 'sext' 'sext_ln58_255' <Predicate = true> <Delay = 0.00>
ST_2 : Operation 820 [1/1] (0.00ns)   --->   "%sext_ln58_256 = sext i9 %mult_38" [firmware/nnet_utils/nnet_dense_latency.h:58]   --->   Operation 820 'sext' 'sext_ln58_256' <Predicate = true> <Delay = 0.00>
ST_2 : Operation 821 [1/1] (1.82ns)   --->   "%sub_ln58_112 = sub i10 %sext_ln58_256, i10 %sext_ln58_255" [firmware/nnet_utils/nnet_dense_latency.h:58]   --->   Operation 821 'sub' 'sub_ln58_112' <Predicate = true> <Delay = 1.82> <CoreInst = "Adder">   --->   Core 1 'Adder' <Latency = 0> <II = 1> <Delay = 1.82> <FuncUnit> <Opcode : 'add' 'sub'> <InPorts = 2> <OutPorts = 1>
ST_2 : Operation 822 [1/1] (0.00ns)   --->   "%sext_ln58_257 = sext i10 %sub_ln58_112" [firmware/nnet_utils/nnet_dense_latency.h:58]   --->   Operation 822 'sext' 'sext_ln58_257' <Predicate = true> <Delay = 0.00>
ST_2 : Operation 823 [1/1] (1.91ns)   --->   "%add_ln58_181 = add i9 %sext_ln17_74, i9 %sext_ln70_11" [firmware/nnet_utils/nnet_dense_latency.h:58]   --->   Operation 823 'add' 'add_ln58_181' <Predicate = true> <Delay = 1.91> <CoreInst = "Adder">   --->   Core 1 'Adder' <Latency = 0> <II = 1> <Delay = 1.91> <FuncUnit> <Opcode : 'add' 'sub'> <InPorts = 2> <OutPorts = 1>
ST_2 : Operation 824 [1/1] (0.00ns)   --->   "%sext_ln58_258 = sext i9 %add_ln58_181" [firmware/nnet_utils/nnet_dense_latency.h:58]   --->   Operation 824 'sext' 'sext_ln58_258' <Predicate = true> <Delay = 0.00>
ST_2 : Operation 825 [1/1] (1.82ns)   --->   "%add_ln58_182 = add i10 %sext_ln58_258, i10 %sext_ln73_7" [firmware/nnet_utils/nnet_dense_latency.h:58]   --->   Operation 825 'add' 'add_ln58_182' <Predicate = true> <Delay = 1.82> <CoreInst = "Adder">   --->   Core 1 'Adder' <Latency = 0> <II = 1> <Delay = 1.82> <FuncUnit> <Opcode : 'add' 'sub'> <InPorts = 2> <OutPorts = 1>
ST_2 : Operation 826 [1/1] (0.00ns)   --->   "%sext_ln58_259 = sext i10 %add_ln58_182" [firmware/nnet_utils/nnet_dense_latency.h:58]   --->   Operation 826 'sext' 'sext_ln58_259' <Predicate = true> <Delay = 0.00>
ST_2 : Operation 827 [1/1] (1.73ns)   --->   "%add_ln58_183 = add i11 %sext_ln58_259, i11 %sext_ln58_257" [firmware/nnet_utils/nnet_dense_latency.h:58]   --->   Operation 827 'add' 'add_ln58_183' <Predicate = true> <Delay = 1.73> <CoreInst = "Adder">   --->   Core 1 'Adder' <Latency = 0> <II = 1> <Delay = 1.73> <FuncUnit> <Opcode : 'add' 'sub'> <InPorts = 2> <OutPorts = 1>
ST_2 : Operation 828 [1/1] (0.00ns)   --->   "%sext_ln58_260 = sext i11 %add_ln58_183" [firmware/nnet_utils/nnet_dense_latency.h:58]   --->   Operation 828 'sext' 'sext_ln58_260' <Predicate = true> <Delay = 0.00>
ST_2 : Operation 829 [1/1] (3.78ns) (root node of TernaryAdder)   --->   "%add_ln58_184 = add i12 %sext_ln58_260, i12 %add_ln58_180" [firmware/nnet_utils/nnet_dense_latency.h:58]   --->   Operation 829 'add' 'add_ln58_184' <Predicate = true> <Delay = 3.78> <CoreInst = "TAddSub">   --->   Core 10 'TAddSub' <Latency = 0> <II = 1> <Delay = 1.92> <IPBlock> <Opcode : 'add' 'sub'> <InPorts = 3> <OutPorts = 1> <Sync> <CReg>
ST_2 : Operation 830 [1/1] (0.00ns)   --->   "%sext_ln58_261 = sext i11 %add_ln58_73" [firmware/nnet_utils/nnet_dense_latency.h:58]   --->   Operation 830 'sext' 'sext_ln58_261' <Predicate = true> <Delay = 0.00>
ST_2 : Operation 831 [1/1] (1.63ns)   --->   "%sub_ln58_113 = sub i12 %sext_ln58_261, i12 %sext_ln58_206" [firmware/nnet_utils/nnet_dense_latency.h:58]   --->   Operation 831 'sub' 'sub_ln58_113' <Predicate = true> <Delay = 1.63> <CoreInst = "Adder">   --->   Core 1 'Adder' <Latency = 0> <II = 1> <Delay = 1.63> <FuncUnit> <Opcode : 'add' 'sub'> <InPorts = 2> <OutPorts = 1>
ST_2 : Operation 832 [1/1] (1.82ns)   --->   "%sub_ln58_114 = sub i10 %sext_ln58_232, i10 %sext_ln17_66" [firmware/nnet_utils/nnet_dense_latency.h:58]   --->   Operation 832 'sub' 'sub_ln58_114' <Predicate = true> <Delay = 1.82> <CoreInst = "Adder">   --->   Core 1 'Adder' <Latency = 0> <II = 1> <Delay = 1.82> <FuncUnit> <Opcode : 'add' 'sub'> <InPorts = 2> <OutPorts = 1>
ST_2 : Operation 833 [1/1] (0.00ns)   --->   "%sext_ln58_262 = sext i10 %sub_ln58_114" [firmware/nnet_utils/nnet_dense_latency.h:58]   --->   Operation 833 'sext' 'sext_ln58_262' <Predicate = true> <Delay = 0.00>
ST_2 : Operation 834 [1/1] (0.00ns) (grouped into TernaryAdder)   --->   "%add_ln58_185 = add i12 %sext_ln58_262, i12 %sub_ln58_113" [firmware/nnet_utils/nnet_dense_latency.h:58]   --->   Operation 834 'add' 'add_ln58_185' <Predicate = true> <Delay = 0.00> <CoreInst = "TAddSub">   --->   Core 10 'TAddSub' <Latency = 0> <II = 1> <Delay = 1.92> <IPBlock> <Opcode : 'add' 'sub'> <InPorts = 3> <OutPorts = 1> <Sync> <CReg>
ST_2 : Operation 835 [1/1] (0.00ns)   --->   "%sext_ln58_263 = sext i9 %mult_37" [firmware/nnet_utils/nnet_dense_latency.h:58]   --->   Operation 835 'sext' 'sext_ln58_263' <Predicate = true> <Delay = 0.00>
ST_2 : Operation 836 [1/1] (1.82ns)   --->   "%sub_ln58_115 = sub i10 %sext_ln58_263, i10 %sext_ln17_77" [firmware/nnet_utils/nnet_dense_latency.h:58]   --->   Operation 836 'sub' 'sub_ln58_115' <Predicate = true> <Delay = 1.82> <CoreInst = "Adder">   --->   Core 1 'Adder' <Latency = 0> <II = 1> <Delay = 1.82> <FuncUnit> <Opcode : 'add' 'sub'> <InPorts = 2> <OutPorts = 1>
ST_2 : Operation 837 [1/1] (0.00ns)   --->   "%sext_ln58_264 = sext i10 %sub_ln58_115" [firmware/nnet_utils/nnet_dense_latency.h:58]   --->   Operation 837 'sext' 'sext_ln58_264' <Predicate = true> <Delay = 0.00>
ST_2 : Operation 838 [1/1] (1.91ns)   --->   "%sub_ln58_116 = sub i9 %sext_ln73_10, i9 %sext_ln17_82" [firmware/nnet_utils/nnet_dense_latency.h:58]   --->   Operation 838 'sub' 'sub_ln58_116' <Predicate = true> <Delay = 1.91> <CoreInst = "Adder">   --->   Core 1 'Adder' <Latency = 0> <II = 1> <Delay = 1.91> <FuncUnit> <Opcode : 'add' 'sub'> <InPorts = 2> <OutPorts = 1>
ST_2 : Operation 839 [1/1] (0.00ns)   --->   "%sext_ln58_265 = sext i8 %data_29_val_read" [firmware/nnet_utils/nnet_dense_latency.h:58]   --->   Operation 839 'sext' 'sext_ln58_265' <Predicate = true> <Delay = 0.00>
ST_2 : Operation 840 [1/1] (0.00ns)   --->   "%sext_ln58_266 = sext i9 %sub_ln58_116" [firmware/nnet_utils/nnet_dense_latency.h:58]   --->   Operation 840 'sext' 'sext_ln58_266' <Predicate = true> <Delay = 0.00>
ST_2 : Operation 841 [1/1] (1.82ns)   --->   "%sub_ln58_117 = sub i10 %sext_ln58_266, i10 %sext_ln58_265" [firmware/nnet_utils/nnet_dense_latency.h:58]   --->   Operation 841 'sub' 'sub_ln58_117' <Predicate = true> <Delay = 1.82> <CoreInst = "Adder">   --->   Core 1 'Adder' <Latency = 0> <II = 1> <Delay = 1.82> <FuncUnit> <Opcode : 'add' 'sub'> <InPorts = 2> <OutPorts = 1>
ST_2 : Operation 842 [1/1] (0.00ns)   --->   "%sext_ln58_267 = sext i10 %sub_ln58_117" [firmware/nnet_utils/nnet_dense_latency.h:58]   --->   Operation 842 'sext' 'sext_ln58_267' <Predicate = true> <Delay = 0.00>
ST_2 : Operation 843 [1/1] (1.73ns)   --->   "%add_ln58_186 = add i11 %sext_ln58_267, i11 %sext_ln58_264" [firmware/nnet_utils/nnet_dense_latency.h:58]   --->   Operation 843 'add' 'add_ln58_186' <Predicate = true> <Delay = 1.73> <CoreInst = "Adder">   --->   Core 1 'Adder' <Latency = 0> <II = 1> <Delay = 1.73> <FuncUnit> <Opcode : 'add' 'sub'> <InPorts = 2> <OutPorts = 1>
ST_2 : Operation 844 [1/1] (0.00ns)   --->   "%sext_ln58_268 = sext i11 %add_ln58_186" [firmware/nnet_utils/nnet_dense_latency.h:58]   --->   Operation 844 'sext' 'sext_ln58_268' <Predicate = true> <Delay = 0.00>
ST_2 : Operation 845 [1/1] (3.78ns) (root node of TernaryAdder)   --->   "%add_ln58_187 = add i12 %sext_ln58_268, i12 %add_ln58_185" [firmware/nnet_utils/nnet_dense_latency.h:58]   --->   Operation 845 'add' 'add_ln58_187' <Predicate = true> <Delay = 3.78> <CoreInst = "TAddSub">   --->   Core 10 'TAddSub' <Latency = 0> <II = 1> <Delay = 1.92> <IPBlock> <Opcode : 'add' 'sub'> <InPorts = 3> <OutPorts = 1> <Sync> <CReg>
ST_2 : Operation 846 [1/1] (1.63ns)   --->   "%add_ln58_188 = add i12 %sext_ln58_76, i12 %sext_ln17_64" [firmware/nnet_utils/nnet_dense_latency.h:58]   --->   Operation 846 'add' 'add_ln58_188' <Predicate = true> <Delay = 1.63> <CoreInst = "Adder">   --->   Core 1 'Adder' <Latency = 0> <II = 1> <Delay = 1.63> <FuncUnit> <Opcode : 'add' 'sub'> <InPorts = 2> <OutPorts = 1>
ST_2 : Operation 847 [1/1] (0.00ns)   --->   "%sext_ln58_269 = sext i10 %sub_ln58_106" [firmware/nnet_utils/nnet_dense_latency.h:58]   --->   Operation 847 'sext' 'sext_ln58_269' <Predicate = true> <Delay = 0.00>
ST_2 : Operation 848 [1/1] (0.00ns) (grouped into TernaryAdder)   --->   "%add_ln58_189 = add i12 %sext_ln58_269, i12 %add_ln58_188" [firmware/nnet_utils/nnet_dense_latency.h:58]   --->   Operation 848 'add' 'add_ln58_189' <Predicate = true> <Delay = 0.00> <CoreInst = "TAddSub">   --->   Core 10 'TAddSub' <Latency = 0> <II = 1> <Delay = 1.92> <IPBlock> <Opcode : 'add' 'sub'> <InPorts = 3> <OutPorts = 1> <Sync> <CReg>
ST_2 : Operation 849 [1/1] (1.91ns)   --->   "%add_ln58_190 = add i9 %sext_ln70_10, i9 %sext_ln17_78" [firmware/nnet_utils/nnet_dense_latency.h:58]   --->   Operation 849 'add' 'add_ln58_190' <Predicate = true> <Delay = 1.91> <CoreInst = "Adder">   --->   Core 1 'Adder' <Latency = 0> <II = 1> <Delay = 1.91> <FuncUnit> <Opcode : 'add' 'sub'> <InPorts = 2> <OutPorts = 1>
ST_2 : Operation 850 [1/1] (0.00ns)   --->   "%sext_ln58_270 = sext i9 %add_ln58_190" [firmware/nnet_utils/nnet_dense_latency.h:58]   --->   Operation 850 'sext' 'sext_ln58_270' <Predicate = true> <Delay = 0.00>
ST_2 : Operation 851 [1/1] (1.91ns)   --->   "%add_ln58_191 = add i9 %sext_ln70_12, i9 %sext_ln73_15" [firmware/nnet_utils/nnet_dense_latency.h:58]   --->   Operation 851 'add' 'add_ln58_191' <Predicate = true> <Delay = 1.91> <CoreInst = "Adder">   --->   Core 1 'Adder' <Latency = 0> <II = 1> <Delay = 1.91> <FuncUnit> <Opcode : 'add' 'sub'> <InPorts = 2> <OutPorts = 1>
ST_2 : Operation 852 [1/1] (0.00ns)   --->   "%sext_ln58_271 = sext i9 %add_ln58_191" [firmware/nnet_utils/nnet_dense_latency.h:58]   --->   Operation 852 'sext' 'sext_ln58_271' <Predicate = true> <Delay = 0.00>
ST_2 : Operation 853 [1/1] (1.82ns)   --->   "%add_ln58_192 = add i10 %sext_ln58_271, i10 %sext_ln17_80" [firmware/nnet_utils/nnet_dense_latency.h:58]   --->   Operation 853 'add' 'add_ln58_192' <Predicate = true> <Delay = 1.82> <CoreInst = "Adder">   --->   Core 1 'Adder' <Latency = 0> <II = 1> <Delay = 1.82> <FuncUnit> <Opcode : 'add' 'sub'> <InPorts = 2> <OutPorts = 1>
ST_2 : Operation 854 [1/1] (0.00ns)   --->   "%sext_ln58_272 = sext i10 %add_ln58_192" [firmware/nnet_utils/nnet_dense_latency.h:58]   --->   Operation 854 'sext' 'sext_ln58_272' <Predicate = true> <Delay = 0.00>
ST_2 : Operation 855 [1/1] (1.73ns)   --->   "%add_ln58_193 = add i11 %sext_ln58_272, i11 %sext_ln58_270" [firmware/nnet_utils/nnet_dense_latency.h:58]   --->   Operation 855 'add' 'add_ln58_193' <Predicate = true> <Delay = 1.73> <CoreInst = "Adder">   --->   Core 1 'Adder' <Latency = 0> <II = 1> <Delay = 1.73> <FuncUnit> <Opcode : 'add' 'sub'> <InPorts = 2> <OutPorts = 1>
ST_2 : Operation 856 [1/1] (0.00ns)   --->   "%sext_ln58_273 = sext i11 %add_ln58_193" [firmware/nnet_utils/nnet_dense_latency.h:58]   --->   Operation 856 'sext' 'sext_ln58_273' <Predicate = true> <Delay = 0.00>
ST_2 : Operation 857 [1/1] (3.78ns) (root node of TernaryAdder)   --->   "%add_ln58_194 = add i12 %sext_ln58_273, i12 %add_ln58_189" [firmware/nnet_utils/nnet_dense_latency.h:58]   --->   Operation 857 'add' 'add_ln58_194' <Predicate = true> <Delay = 3.78> <CoreInst = "TAddSub">   --->   Core 10 'TAddSub' <Latency = 0> <II = 1> <Delay = 1.92> <IPBlock> <Opcode : 'add' 'sub'> <InPorts = 3> <OutPorts = 1> <Sync> <CReg>
ST_2 : Operation 858 [1/1] (0.00ns)   --->   "%sext_ln58_274 = sext i9 %mult_21" [firmware/nnet_utils/nnet_dense_latency.h:58]   --->   Operation 858 'sext' 'sext_ln58_274' <Predicate = true> <Delay = 0.00>
ST_2 : Operation 859 [1/1] (0.00ns)   --->   "%sext_ln58_275 = sext i11 %add_ln58_74" [firmware/nnet_utils/nnet_dense_latency.h:58]   --->   Operation 859 'sext' 'sext_ln58_275' <Predicate = true> <Delay = 0.00>
ST_2 : Operation 860 [1/1] (1.63ns)   --->   "%sub_ln58_282 = sub i12 %sext_ln58_275, i12 %sext_ln58_274" [firmware/nnet_utils/nnet_dense_latency.h:58]   --->   Operation 860 'sub' 'sub_ln58_282' <Predicate = true> <Delay = 1.63> <CoreInst = "Adder">   --->   Core 1 'Adder' <Latency = 0> <II = 1> <Delay = 1.63> <FuncUnit> <Opcode : 'add' 'sub'> <InPorts = 2> <OutPorts = 1>
ST_2 : Operation 861 [1/1] (1.82ns)   --->   "%sub_ln58_283 = sub i10 %sext_ln17_68, i10 %sext_ln73_20" [firmware/nnet_utils/nnet_dense_latency.h:58]   --->   Operation 861 'sub' 'sub_ln58_283' <Predicate = true> <Delay = 1.82> <CoreInst = "Adder">   --->   Core 1 'Adder' <Latency = 0> <II = 1> <Delay = 1.82> <FuncUnit> <Opcode : 'add' 'sub'> <InPorts = 2> <OutPorts = 1>
ST_2 : Operation 862 [1/1] (0.00ns)   --->   "%sext_ln58_276 = sext i10 %sub_ln58_283" [firmware/nnet_utils/nnet_dense_latency.h:58]   --->   Operation 862 'sext' 'sext_ln58_276' <Predicate = true> <Delay = 0.00>
ST_2 : Operation 863 [1/1] (0.00ns) (grouped into TernaryAdder)   --->   "%add_ln58_195 = add i12 %sext_ln58_276, i12 %sub_ln58_282" [firmware/nnet_utils/nnet_dense_latency.h:58]   --->   Operation 863 'add' 'add_ln58_195' <Predicate = true> <Delay = 0.00> <CoreInst = "TAddSub">   --->   Core 10 'TAddSub' <Latency = 0> <II = 1> <Delay = 1.92> <IPBlock> <Opcode : 'add' 'sub'> <InPorts = 3> <OutPorts = 1> <Sync> <CReg>
ST_2 : Operation 864 [1/1] (0.00ns) (grouped into TernaryAdder)   --->   "%sub_ln58_118 = sub i10 %sext_ln58_238, i10 %sext_ln58_235" [firmware/nnet_utils/nnet_dense_latency.h:58]   --->   Operation 864 'sub' 'sub_ln58_118' <Predicate = true> <Delay = 0.00> <CoreInst = "TAddSub">   --->   Core 10 'TAddSub' <Latency = 0> <II = 1> <Delay = 1.92> <IPBlock> <Opcode : 'add' 'sub'> <InPorts = 3> <OutPorts = 1> <Sync> <CReg>
ST_2 : Operation 865 [1/1] (1.91ns)   --->   "%sub_ln58_119 = sub i9 %sext_ln70_12, i9 %sext_ln73_15" [firmware/nnet_utils/nnet_dense_latency.h:58]   --->   Operation 865 'sub' 'sub_ln58_119' <Predicate = true> <Delay = 1.91> <CoreInst = "Adder">   --->   Core 1 'Adder' <Latency = 0> <II = 1> <Delay = 1.91> <FuncUnit> <Opcode : 'add' 'sub'> <InPorts = 2> <OutPorts = 1>
ST_2 : Operation 866 [1/1] (0.00ns)   --->   "%sext_ln58_277 = sext i9 %sub_ln58_119" [firmware/nnet_utils/nnet_dense_latency.h:58]   --->   Operation 866 'sext' 'sext_ln58_277' <Predicate = true> <Delay = 0.00>
ST_2 : Operation 867 [1/1] (3.72ns) (root node of TernaryAdder)   --->   "%add_ln58_196 = add i10 %sext_ln58_277, i10 %sub_ln58_118" [firmware/nnet_utils/nnet_dense_latency.h:58]   --->   Operation 867 'add' 'add_ln58_196' <Predicate = true> <Delay = 3.72> <CoreInst = "TAddSub">   --->   Core 10 'TAddSub' <Latency = 0> <II = 1> <Delay = 1.92> <IPBlock> <Opcode : 'add' 'sub'> <InPorts = 3> <OutPorts = 1> <Sync> <CReg>
ST_2 : Operation 868 [1/1] (0.00ns)   --->   "%sext_ln58_278 = sext i10 %add_ln58_196" [firmware/nnet_utils/nnet_dense_latency.h:58]   --->   Operation 868 'sext' 'sext_ln58_278' <Predicate = true> <Delay = 0.00>
ST_2 : Operation 869 [1/1] (3.78ns) (root node of TernaryAdder)   --->   "%add_ln58_197 = add i12 %sext_ln58_278, i12 %add_ln58_195" [firmware/nnet_utils/nnet_dense_latency.h:58]   --->   Operation 869 'add' 'add_ln58_197' <Predicate = true> <Delay = 3.78> <CoreInst = "TAddSub">   --->   Core 10 'TAddSub' <Latency = 0> <II = 1> <Delay = 1.92> <IPBlock> <Opcode : 'add' 'sub'> <InPorts = 3> <OutPorts = 1> <Sync> <CReg>
ST_2 : Operation 870 [1/1] (0.00ns)   --->   "%sext_ln58_96 = sext i12 %add_ln58_197" [firmware/nnet_utils/nnet_dense_latency.h:58]   --->   Operation 870 'sext' 'sext_ln58_96' <Predicate = true> <Delay = 0.00>
ST_2 : Operation 871 [1/1] (0.00ns)   --->   "%sext_ln58_279 = sext i12 %add_ln58_184" [firmware/nnet_utils/nnet_dense_latency.h:58]   --->   Operation 871 'sext' 'sext_ln58_279' <Predicate = true> <Delay = 0.00>
ST_2 : Operation 872 [1/1] (1.54ns)   --->   "%sub_ln58_120 = sub i13 %sext_ln58_279, i13 %sext_ln17_85" [firmware/nnet_utils/nnet_dense_latency.h:58]   --->   Operation 872 'sub' 'sub_ln58_120' <Predicate = true> <Delay = 1.54> <CoreInst = "Adder">   --->   Core 1 'Adder' <Latency = 0> <II = 1> <Delay = 1.54> <FuncUnit> <Opcode : 'add' 'sub'> <InPorts = 2> <OutPorts = 1>
ST_2 : Operation 873 [1/1] (0.00ns)   --->   "%sext_ln58_280 = sext i8 %data_26_val_read" [firmware/nnet_utils/nnet_dense_latency.h:58]   --->   Operation 873 'sext' 'sext_ln58_280' <Predicate = true> <Delay = 0.00>
ST_2 : Operation 874 [1/1] (0.00ns)   --->   "%sext_ln58_281 = sext i11 %add_ln58_85" [firmware/nnet_utils/nnet_dense_latency.h:58]   --->   Operation 874 'sext' 'sext_ln58_281' <Predicate = true> <Delay = 0.00>
ST_2 : Operation 875 [1/1] (1.63ns)   --->   "%sub_ln58_121 = sub i12 %sext_ln58_281, i12 %sext_ln58_280" [firmware/nnet_utils/nnet_dense_latency.h:58]   --->   Operation 875 'sub' 'sub_ln58_121' <Predicate = true> <Delay = 1.63> <CoreInst = "Adder">   --->   Core 1 'Adder' <Latency = 0> <II = 1> <Delay = 1.63> <FuncUnit> <Opcode : 'add' 'sub'> <InPorts = 2> <OutPorts = 1>
ST_2 : Operation 876 [1/1] (0.00ns)   --->   "%sext_ln58_282 = sext i10 %sub_ln58_112" [firmware/nnet_utils/nnet_dense_latency.h:58]   --->   Operation 876 'sext' 'sext_ln58_282' <Predicate = true> <Delay = 0.00>
ST_2 : Operation 877 [1/1] (0.00ns) (grouped into TernaryAdder)   --->   "%add_ln58_198 = add i12 %sext_ln58_282, i12 %sub_ln58_121" [firmware/nnet_utils/nnet_dense_latency.h:58]   --->   Operation 877 'add' 'add_ln58_198' <Predicate = true> <Delay = 0.00> <CoreInst = "TAddSub">   --->   Core 10 'TAddSub' <Latency = 0> <II = 1> <Delay = 1.92> <IPBlock> <Opcode : 'add' 'sub'> <InPorts = 3> <OutPorts = 1> <Sync> <CReg>
ST_2 : Operation 878 [1/1] (1.91ns)   --->   "%add_ln58_199 = add i9 %sext_ln73_8, i9 %sext_ln17_69" [firmware/nnet_utils/nnet_dense_latency.h:58]   --->   Operation 878 'add' 'add_ln58_199' <Predicate = true> <Delay = 1.91> <CoreInst = "Adder">   --->   Core 1 'Adder' <Latency = 0> <II = 1> <Delay = 1.91> <FuncUnit> <Opcode : 'add' 'sub'> <InPorts = 2> <OutPorts = 1>
ST_2 : Operation 879 [1/1] (0.00ns)   --->   "%sext_ln58_283 = sext i9 %add_ln58_199" [firmware/nnet_utils/nnet_dense_latency.h:58]   --->   Operation 879 'sext' 'sext_ln58_283' <Predicate = true> <Delay = 0.00>
ST_2 : Operation 880 [1/1] (1.91ns)   --->   "%add_ln58_200 = add i9 %sext_ln70_11, i9 %sext_ln70_13" [firmware/nnet_utils/nnet_dense_latency.h:58]   --->   Operation 880 'add' 'add_ln58_200' <Predicate = true> <Delay = 1.91> <CoreInst = "Adder">   --->   Core 1 'Adder' <Latency = 0> <II = 1> <Delay = 1.91> <FuncUnit> <Opcode : 'add' 'sub'> <InPorts = 2> <OutPorts = 1>
ST_2 : Operation 881 [1/1] (0.00ns)   --->   "%sext_ln58_284 = sext i9 %add_ln58_200" [firmware/nnet_utils/nnet_dense_latency.h:58]   --->   Operation 881 'sext' 'sext_ln58_284' <Predicate = true> <Delay = 0.00>
ST_2 : Operation 882 [1/1] (1.82ns)   --->   "%add_ln58_201 = add i10 %sext_ln58_284, i10 %sext_ln17_73" [firmware/nnet_utils/nnet_dense_latency.h:58]   --->   Operation 882 'add' 'add_ln58_201' <Predicate = true> <Delay = 1.82> <CoreInst = "Adder">   --->   Core 1 'Adder' <Latency = 0> <II = 1> <Delay = 1.82> <FuncUnit> <Opcode : 'add' 'sub'> <InPorts = 2> <OutPorts = 1>
ST_2 : Operation 883 [1/1] (0.00ns)   --->   "%sext_ln58_285 = sext i10 %add_ln58_201" [firmware/nnet_utils/nnet_dense_latency.h:58]   --->   Operation 883 'sext' 'sext_ln58_285' <Predicate = true> <Delay = 0.00>
ST_2 : Operation 884 [1/1] (1.73ns)   --->   "%add_ln58_202 = add i11 %sext_ln58_285, i11 %sext_ln58_283" [firmware/nnet_utils/nnet_dense_latency.h:58]   --->   Operation 884 'add' 'add_ln58_202' <Predicate = true> <Delay = 1.73> <CoreInst = "Adder">   --->   Core 1 'Adder' <Latency = 0> <II = 1> <Delay = 1.73> <FuncUnit> <Opcode : 'add' 'sub'> <InPorts = 2> <OutPorts = 1>
ST_2 : Operation 885 [1/1] (0.00ns)   --->   "%sext_ln58_286 = sext i11 %add_ln58_202" [firmware/nnet_utils/nnet_dense_latency.h:58]   --->   Operation 885 'sext' 'sext_ln58_286' <Predicate = true> <Delay = 0.00>
ST_2 : Operation 886 [1/1] (3.78ns) (root node of TernaryAdder)   --->   "%add_ln58_203 = add i12 %sext_ln58_286, i12 %add_ln58_198" [firmware/nnet_utils/nnet_dense_latency.h:58]   --->   Operation 886 'add' 'add_ln58_203' <Predicate = true> <Delay = 3.78> <CoreInst = "TAddSub">   --->   Core 10 'TAddSub' <Latency = 0> <II = 1> <Delay = 1.92> <IPBlock> <Opcode : 'add' 'sub'> <InPorts = 3> <OutPorts = 1> <Sync> <CReg>
ST_2 : Operation 887 [1/1] (0.00ns)   --->   "%sext_ln58_97 = sext i12 %add_ln58_203" [firmware/nnet_utils/nnet_dense_latency.h:58]   --->   Operation 887 'sext' 'sext_ln58_97' <Predicate = true> <Delay = 0.00>
ST_2 : Operation 888 [1/1] (0.00ns)   --->   "%sext_ln58_288 = sext i8 %data_22_val_read" [firmware/nnet_utils/nnet_dense_latency.h:58]   --->   Operation 888 'sext' 'sext_ln58_288' <Predicate = true> <Delay = 0.00>
ST_2 : Operation 889 [1/1] (0.00ns)   --->   "%sext_ln58_289 = sext i11 %add_ln58_109" [firmware/nnet_utils/nnet_dense_latency.h:58]   --->   Operation 889 'sext' 'sext_ln58_289' <Predicate = true> <Delay = 0.00>
ST_2 : Operation 890 [1/1] (1.63ns)   --->   "%sub_ln58_123 = sub i12 %sext_ln58_289, i12 %sext_ln58_288" [firmware/nnet_utils/nnet_dense_latency.h:58]   --->   Operation 890 'sub' 'sub_ln58_123' <Predicate = true> <Delay = 1.63> <CoreInst = "Adder">   --->   Core 1 'Adder' <Latency = 0> <II = 1> <Delay = 1.63> <FuncUnit> <Opcode : 'add' 'sub'> <InPorts = 2> <OutPorts = 1>
ST_2 : Operation 891 [1/1] (1.82ns)   --->   "%sub_ln58_124 = sub i10 %sext_ln58_219, i10 %sext_ln58_235" [firmware/nnet_utils/nnet_dense_latency.h:58]   --->   Operation 891 'sub' 'sub_ln58_124' <Predicate = true> <Delay = 1.82> <CoreInst = "Adder">   --->   Core 1 'Adder' <Latency = 0> <II = 1> <Delay = 1.82> <FuncUnit> <Opcode : 'add' 'sub'> <InPorts = 2> <OutPorts = 1>
ST_2 : Operation 892 [1/1] (0.00ns)   --->   "%sext_ln58_290 = sext i10 %sub_ln58_124" [firmware/nnet_utils/nnet_dense_latency.h:58]   --->   Operation 892 'sext' 'sext_ln58_290' <Predicate = true> <Delay = 0.00>
ST_2 : Operation 893 [1/1] (0.00ns) (grouped into TernaryAdder)   --->   "%add_ln58_204 = add i12 %sext_ln58_290, i12 %sub_ln58_123" [firmware/nnet_utils/nnet_dense_latency.h:58]   --->   Operation 893 'add' 'add_ln58_204' <Predicate = true> <Delay = 0.00> <CoreInst = "TAddSub">   --->   Core 10 'TAddSub' <Latency = 0> <II = 1> <Delay = 1.92> <IPBlock> <Opcode : 'add' 'sub'> <InPorts = 3> <OutPorts = 1> <Sync> <CReg>
ST_2 : Operation 894 [1/1] (0.00ns)   --->   "%sext_ln58_291 = sext i9 %mult_39" [firmware/nnet_utils/nnet_dense_latency.h:58]   --->   Operation 894 'sext' 'sext_ln58_291' <Predicate = true> <Delay = 0.00>
ST_2 : Operation 895 [1/1] (1.82ns)   --->   "%sub_ln58_125 = sub i10 %sext_ln58_291, i10 %sext_ln58_265" [firmware/nnet_utils/nnet_dense_latency.h:58]   --->   Operation 895 'sub' 'sub_ln58_125' <Predicate = true> <Delay = 1.82> <CoreInst = "Adder">   --->   Core 1 'Adder' <Latency = 0> <II = 1> <Delay = 1.82> <FuncUnit> <Opcode : 'add' 'sub'> <InPorts = 2> <OutPorts = 1>
ST_2 : Operation 896 [1/1] (0.00ns)   --->   "%sext_ln58_292 = sext i10 %sub_ln58_125" [firmware/nnet_utils/nnet_dense_latency.h:58]   --->   Operation 896 'sext' 'sext_ln58_292' <Predicate = true> <Delay = 0.00>
ST_2 : Operation 897 [1/1] (1.91ns)   --->   "%add_ln58_205 = add i9 %sext_ln17_62, i9 %sext_ln17_88" [firmware/nnet_utils/nnet_dense_latency.h:58]   --->   Operation 897 'add' 'add_ln58_205' <Predicate = true> <Delay = 1.91> <CoreInst = "Adder">   --->   Core 1 'Adder' <Latency = 0> <II = 1> <Delay = 1.91> <FuncUnit> <Opcode : 'add' 'sub'> <InPorts = 2> <OutPorts = 1>
ST_2 : Operation 898 [1/1] (0.00ns)   --->   "%sext_ln58_293 = sext i9 %add_ln58_205" [firmware/nnet_utils/nnet_dense_latency.h:58]   --->   Operation 898 'sext' 'sext_ln58_293' <Predicate = true> <Delay = 0.00>
ST_2 : Operation 899 [1/1] (1.82ns)   --->   "%sub_ln58_126 = sub i10 %sext_ln58_293, i10 %sext_ln73_16" [firmware/nnet_utils/nnet_dense_latency.h:58]   --->   Operation 899 'sub' 'sub_ln58_126' <Predicate = true> <Delay = 1.82> <CoreInst = "Adder">   --->   Core 1 'Adder' <Latency = 0> <II = 1> <Delay = 1.82> <FuncUnit> <Opcode : 'add' 'sub'> <InPorts = 2> <OutPorts = 1>
ST_2 : Operation 900 [1/1] (0.00ns)   --->   "%sext_ln58_294 = sext i10 %sub_ln58_126" [firmware/nnet_utils/nnet_dense_latency.h:58]   --->   Operation 900 'sext' 'sext_ln58_294' <Predicate = true> <Delay = 0.00>
ST_2 : Operation 901 [1/1] (1.73ns)   --->   "%add_ln58_206 = add i11 %sext_ln58_294, i11 %sext_ln58_292" [firmware/nnet_utils/nnet_dense_latency.h:58]   --->   Operation 901 'add' 'add_ln58_206' <Predicate = true> <Delay = 1.73> <CoreInst = "Adder">   --->   Core 1 'Adder' <Latency = 0> <II = 1> <Delay = 1.73> <FuncUnit> <Opcode : 'add' 'sub'> <InPorts = 2> <OutPorts = 1>
ST_2 : Operation 902 [1/1] (0.00ns)   --->   "%sext_ln58_295 = sext i11 %add_ln58_206" [firmware/nnet_utils/nnet_dense_latency.h:58]   --->   Operation 902 'sext' 'sext_ln58_295' <Predicate = true> <Delay = 0.00>
ST_2 : Operation 903 [1/1] (3.78ns) (root node of TernaryAdder)   --->   "%add_ln58_207 = add i12 %sext_ln58_295, i12 %add_ln58_204" [firmware/nnet_utils/nnet_dense_latency.h:58]   --->   Operation 903 'add' 'add_ln58_207' <Predicate = true> <Delay = 3.78> <CoreInst = "TAddSub">   --->   Core 10 'TAddSub' <Latency = 0> <II = 1> <Delay = 1.92> <IPBlock> <Opcode : 'add' 'sub'> <InPorts = 3> <OutPorts = 1> <Sync> <CReg>
ST_2 : Operation 904 [1/1] (0.00ns)   --->   "%sext_ln58_98 = sext i12 %add_ln58_207" [firmware/nnet_utils/nnet_dense_latency.h:58]   --->   Operation 904 'sext' 'sext_ln58_98' <Predicate = true> <Delay = 0.00>
ST_2 : Operation 905 [1/1] (0.00ns)   --->   "%sext_ln58_296 = sext i8 %data_25_val_read" [firmware/nnet_utils/nnet_dense_latency.h:58]   --->   Operation 905 'sext' 'sext_ln58_296' <Predicate = true> <Delay = 0.00>
ST_2 : Operation 906 [1/1] (0.00ns)   --->   "%sext_ln58_297 = sext i11 %add_ln58_103" [firmware/nnet_utils/nnet_dense_latency.h:58]   --->   Operation 906 'sext' 'sext_ln58_297' <Predicate = true> <Delay = 0.00>
ST_2 : Operation 907 [1/1] (1.63ns)   --->   "%sub_ln58_127 = sub i12 %sext_ln58_297, i12 %sext_ln58_296" [firmware/nnet_utils/nnet_dense_latency.h:58]   --->   Operation 907 'sub' 'sub_ln58_127' <Predicate = true> <Delay = 1.63> <CoreInst = "Adder">   --->   Core 1 'Adder' <Latency = 0> <II = 1> <Delay = 1.63> <FuncUnit> <Opcode : 'add' 'sub'> <InPorts = 2> <OutPorts = 1>
ST_2 : Operation 908 [1/1] (0.00ns)   --->   "%sext_ln58_298 = sext i10 %sub_ln58_125" [firmware/nnet_utils/nnet_dense_latency.h:58]   --->   Operation 908 'sext' 'sext_ln58_298' <Predicate = true> <Delay = 0.00>
ST_2 : Operation 909 [1/1] (0.00ns) (grouped into TernaryAdder)   --->   "%add_ln58_208 = add i12 %sext_ln58_298, i12 %sub_ln58_127" [firmware/nnet_utils/nnet_dense_latency.h:58]   --->   Operation 909 'add' 'add_ln58_208' <Predicate = true> <Delay = 0.00> <CoreInst = "TAddSub">   --->   Core 10 'TAddSub' <Latency = 0> <II = 1> <Delay = 1.92> <IPBlock> <Opcode : 'add' 'sub'> <InPorts = 3> <OutPorts = 1> <Sync> <CReg>
ST_2 : Operation 910 [1/1] (0.00ns)   --->   "%sext_ln58_299 = sext i8 %data_32_val_read" [firmware/nnet_utils/nnet_dense_latency.h:58]   --->   Operation 910 'sext' 'sext_ln58_299' <Predicate = true> <Delay = 0.00>
ST_2 : Operation 911 [1/1] (0.00ns)   --->   "%sext_ln58_300 = sext i9 %mult_43" [firmware/nnet_utils/nnet_dense_latency.h:58]   --->   Operation 911 'sext' 'sext_ln58_300' <Predicate = true> <Delay = 0.00>
ST_2 : Operation 912 [1/1] (1.82ns)   --->   "%sub_ln58_128 = sub i10 %sext_ln58_300, i10 %sext_ln58_299" [firmware/nnet_utils/nnet_dense_latency.h:58]   --->   Operation 912 'sub' 'sub_ln58_128' <Predicate = true> <Delay = 1.82> <CoreInst = "Adder">   --->   Core 1 'Adder' <Latency = 0> <II = 1> <Delay = 1.82> <FuncUnit> <Opcode : 'add' 'sub'> <InPorts = 2> <OutPorts = 1>
ST_2 : Operation 913 [1/1] (0.00ns)   --->   "%sext_ln58_301 = sext i10 %sub_ln58_128" [firmware/nnet_utils/nnet_dense_latency.h:58]   --->   Operation 913 'sext' 'sext_ln58_301' <Predicate = true> <Delay = 0.00>
ST_2 : Operation 914 [1/1] (1.91ns)   --->   "%add_ln58_209 = add i9 %sext_ln17_69, i9 %sext_ln17_78" [firmware/nnet_utils/nnet_dense_latency.h:58]   --->   Operation 914 'add' 'add_ln58_209' <Predicate = true> <Delay = 1.91> <CoreInst = "Adder">   --->   Core 1 'Adder' <Latency = 0> <II = 1> <Delay = 1.91> <FuncUnit> <Opcode : 'add' 'sub'> <InPorts = 2> <OutPorts = 1>
ST_2 : Operation 915 [1/1] (0.00ns)   --->   "%sext_ln58_302 = sext i9 %add_ln58_209" [firmware/nnet_utils/nnet_dense_latency.h:58]   --->   Operation 915 'sext' 'sext_ln58_302' <Predicate = true> <Delay = 0.00>
ST_2 : Operation 916 [1/1] (1.82ns)   --->   "%add_ln58_210 = add i10 %sext_ln58_302, i10 %sext_ln17_61" [firmware/nnet_utils/nnet_dense_latency.h:58]   --->   Operation 916 'add' 'add_ln58_210' <Predicate = true> <Delay = 1.82> <CoreInst = "Adder">   --->   Core 1 'Adder' <Latency = 0> <II = 1> <Delay = 1.82> <FuncUnit> <Opcode : 'add' 'sub'> <InPorts = 2> <OutPorts = 1>
ST_2 : Operation 917 [1/1] (0.00ns)   --->   "%sext_ln58_303 = sext i10 %add_ln58_210" [firmware/nnet_utils/nnet_dense_latency.h:58]   --->   Operation 917 'sext' 'sext_ln58_303' <Predicate = true> <Delay = 0.00>
ST_2 : Operation 918 [1/1] (1.73ns)   --->   "%add_ln58_211 = add i11 %sext_ln58_303, i11 %sext_ln58_301" [firmware/nnet_utils/nnet_dense_latency.h:58]   --->   Operation 918 'add' 'add_ln58_211' <Predicate = true> <Delay = 1.73> <CoreInst = "Adder">   --->   Core 1 'Adder' <Latency = 0> <II = 1> <Delay = 1.73> <FuncUnit> <Opcode : 'add' 'sub'> <InPorts = 2> <OutPorts = 1>
ST_2 : Operation 919 [1/1] (0.00ns)   --->   "%sext_ln58_304 = sext i11 %add_ln58_211" [firmware/nnet_utils/nnet_dense_latency.h:58]   --->   Operation 919 'sext' 'sext_ln58_304' <Predicate = true> <Delay = 0.00>
ST_2 : Operation 920 [1/1] (3.78ns) (root node of TernaryAdder)   --->   "%add_ln58_212 = add i12 %sext_ln58_304, i12 %add_ln58_208" [firmware/nnet_utils/nnet_dense_latency.h:58]   --->   Operation 920 'add' 'add_ln58_212' <Predicate = true> <Delay = 3.78> <CoreInst = "TAddSub">   --->   Core 10 'TAddSub' <Latency = 0> <II = 1> <Delay = 1.92> <IPBlock> <Opcode : 'add' 'sub'> <InPorts = 3> <OutPorts = 1> <Sync> <CReg>
ST_2 : Operation 921 [1/1] (0.00ns)   --->   "%sext_ln58_306 = sext i9 %mult_41" [firmware/nnet_utils/nnet_dense_latency.h:58]   --->   Operation 921 'sext' 'sext_ln58_306' <Predicate = true> <Delay = 0.00>
ST_2 : Operation 922 [1/1] (1.82ns)   --->   "%sub_ln58_130 = sub i10 %sext_ln58_306, i10 %sext_ln17_73" [firmware/nnet_utils/nnet_dense_latency.h:58]   --->   Operation 922 'sub' 'sub_ln58_130' <Predicate = true> <Delay = 1.82> <CoreInst = "Adder">   --->   Core 1 'Adder' <Latency = 0> <II = 1> <Delay = 1.82> <FuncUnit> <Opcode : 'add' 'sub'> <InPorts = 2> <OutPorts = 1>
ST_2 : Operation 923 [1/1] (0.00ns)   --->   "%sext_ln58_307 = sext i10 %sub_ln58_130" [firmware/nnet_utils/nnet_dense_latency.h:58]   --->   Operation 923 'sext' 'sext_ln58_307' <Predicate = true> <Delay = 0.00>
ST_2 : Operation 924 [1/1] (0.00ns) (grouped into TernaryAdder)   --->   "%add_ln58_213 = add i12 %sext_ln58_307, i12 %sub_ln58_129" [firmware/nnet_utils/nnet_dense_latency.h:58]   --->   Operation 924 'add' 'add_ln58_213' <Predicate = true> <Delay = 0.00> <CoreInst = "TAddSub">   --->   Core 10 'TAddSub' <Latency = 0> <II = 1> <Delay = 1.92> <IPBlock> <Opcode : 'add' 'sub'> <InPorts = 3> <OutPorts = 1> <Sync> <CReg>
ST_2 : Operation 925 [1/1] (1.91ns)   --->   "%sub_ln58_131 = sub i9 %sext_ln70_7, i9 %sext_ln17_88" [firmware/nnet_utils/nnet_dense_latency.h:58]   --->   Operation 925 'sub' 'sub_ln58_131' <Predicate = true> <Delay = 1.91> <CoreInst = "Adder">   --->   Core 1 'Adder' <Latency = 0> <II = 1> <Delay = 1.91> <FuncUnit> <Opcode : 'add' 'sub'> <InPorts = 2> <OutPorts = 1>
ST_2 : Operation 926 [1/1] (0.00ns)   --->   "%sext_ln58_308 = sext i9 %sub_ln58_131" [firmware/nnet_utils/nnet_dense_latency.h:58]   --->   Operation 926 'sext' 'sext_ln58_308' <Predicate = true> <Delay = 0.00>
ST_2 : Operation 927 [1/1] (1.82ns)   --->   "%add_ln58_214 = add i10 %sext_ln58_177, i10 %sext_ln73_9" [firmware/nnet_utils/nnet_dense_latency.h:58]   --->   Operation 927 'add' 'add_ln58_214' <Predicate = true> <Delay = 1.82> <CoreInst = "Adder">   --->   Core 1 'Adder' <Latency = 0> <II = 1> <Delay = 1.82> <FuncUnit> <Opcode : 'add' 'sub'> <InPorts = 2> <OutPorts = 1>
ST_2 : Operation 928 [1/1] (0.00ns)   --->   "%sext_ln58_309 = sext i10 %add_ln58_214" [firmware/nnet_utils/nnet_dense_latency.h:58]   --->   Operation 928 'sext' 'sext_ln58_309' <Predicate = true> <Delay = 0.00>
ST_2 : Operation 929 [1/1] (1.73ns)   --->   "%add_ln58_215 = add i11 %sext_ln58_309, i11 %sext_ln58_308" [firmware/nnet_utils/nnet_dense_latency.h:58]   --->   Operation 929 'add' 'add_ln58_215' <Predicate = true> <Delay = 1.73> <CoreInst = "Adder">   --->   Core 1 'Adder' <Latency = 0> <II = 1> <Delay = 1.73> <FuncUnit> <Opcode : 'add' 'sub'> <InPorts = 2> <OutPorts = 1>
ST_2 : Operation 930 [1/1] (0.00ns)   --->   "%sext_ln58_310 = sext i11 %add_ln58_215" [firmware/nnet_utils/nnet_dense_latency.h:58]   --->   Operation 930 'sext' 'sext_ln58_310' <Predicate = true> <Delay = 0.00>
ST_2 : Operation 931 [1/1] (3.78ns) (root node of TernaryAdder)   --->   "%add_ln58_216 = add i12 %sext_ln58_310, i12 %add_ln58_213" [firmware/nnet_utils/nnet_dense_latency.h:58]   --->   Operation 931 'add' 'add_ln58_216' <Predicate = true> <Delay = 3.78> <CoreInst = "TAddSub">   --->   Core 10 'TAddSub' <Latency = 0> <II = 1> <Delay = 1.92> <IPBlock> <Opcode : 'add' 'sub'> <InPorts = 3> <OutPorts = 1> <Sync> <CReg>
ST_2 : Operation 932 [1/1] (0.00ns)   --->   "%sext_ln58_311 = sext i9 %mult_31" [firmware/nnet_utils/nnet_dense_latency.h:58]   --->   Operation 932 'sext' 'sext_ln58_311' <Predicate = true> <Delay = 0.00>
ST_2 : Operation 933 [1/1] (1.82ns)   --->   "%sub_ln58_132 = sub i10 %sext_ln58_311, i10 %sext_ln58_255" [firmware/nnet_utils/nnet_dense_latency.h:58]   --->   Operation 933 'sub' 'sub_ln58_132' <Predicate = true> <Delay = 1.82> <CoreInst = "Adder">   --->   Core 1 'Adder' <Latency = 0> <II = 1> <Delay = 1.82> <FuncUnit> <Opcode : 'add' 'sub'> <InPorts = 2> <OutPorts = 1>
ST_2 : Operation 934 [1/1] (0.00ns)   --->   "%sext_ln58_312 = sext i10 %sub_ln58_132" [firmware/nnet_utils/nnet_dense_latency.h:58]   --->   Operation 934 'sext' 'sext_ln58_312' <Predicate = true> <Delay = 0.00>
ST_2 : Operation 935 [1/1] (0.00ns) (grouped into TernaryAdder)   --->   "%add_ln58_217 = add i12 %sext_ln58_312, i12 %sub_ln58_88" [firmware/nnet_utils/nnet_dense_latency.h:58]   --->   Operation 935 'add' 'add_ln58_217' <Predicate = true> <Delay = 0.00> <CoreInst = "TAddSub">   --->   Core 10 'TAddSub' <Latency = 0> <II = 1> <Delay = 1.92> <IPBlock> <Opcode : 'add' 'sub'> <InPorts = 3> <OutPorts = 1> <Sync> <CReg>
ST_2 : Operation 936 [1/1] (1.91ns)   --->   "%add_ln58_218 = add i9 %sext_ln17_82, i9 %sext_ln73_15" [firmware/nnet_utils/nnet_dense_latency.h:58]   --->   Operation 936 'add' 'add_ln58_218' <Predicate = true> <Delay = 1.91> <CoreInst = "Adder">   --->   Core 1 'Adder' <Latency = 0> <II = 1> <Delay = 1.91> <FuncUnit> <Opcode : 'add' 'sub'> <InPorts = 2> <OutPorts = 1>
ST_2 : Operation 937 [1/1] (0.00ns)   --->   "%sext_ln58_313 = sext i9 %add_ln58_218" [firmware/nnet_utils/nnet_dense_latency.h:58]   --->   Operation 937 'sext' 'sext_ln58_313' <Predicate = true> <Delay = 0.00>
ST_2 : Operation 938 [1/1] (1.91ns)   --->   "%add_ln58_219 = add i9 %sext_ln17_88, i9 %sext_ln70_14" [firmware/nnet_utils/nnet_dense_latency.h:58]   --->   Operation 938 'add' 'add_ln58_219' <Predicate = true> <Delay = 1.91> <CoreInst = "Adder">   --->   Core 1 'Adder' <Latency = 0> <II = 1> <Delay = 1.91> <FuncUnit> <Opcode : 'add' 'sub'> <InPorts = 2> <OutPorts = 1>
ST_2 : Operation 939 [1/1] (0.00ns)   --->   "%sext_ln58_314 = sext i9 %add_ln58_219" [firmware/nnet_utils/nnet_dense_latency.h:58]   --->   Operation 939 'sext' 'sext_ln58_314' <Predicate = true> <Delay = 0.00>
ST_2 : Operation 940 [1/1] (1.82ns)   --->   "%add_ln58_220 = add i10 %sext_ln58_314, i10 %sext_ln58_313" [firmware/nnet_utils/nnet_dense_latency.h:58]   --->   Operation 940 'add' 'add_ln58_220' <Predicate = true> <Delay = 1.82> <CoreInst = "Adder">   --->   Core 1 'Adder' <Latency = 0> <II = 1> <Delay = 1.82> <FuncUnit> <Opcode : 'add' 'sub'> <InPorts = 2> <OutPorts = 1>
ST_2 : Operation 941 [1/1] (0.00ns)   --->   "%sext_ln58_315 = sext i10 %add_ln58_220" [firmware/nnet_utils/nnet_dense_latency.h:58]   --->   Operation 941 'sext' 'sext_ln58_315' <Predicate = true> <Delay = 0.00>
ST_2 : Operation 942 [1/1] (3.78ns) (root node of TernaryAdder)   --->   "%add_ln58_221 = add i12 %sext_ln58_315, i12 %add_ln58_217" [firmware/nnet_utils/nnet_dense_latency.h:58]   --->   Operation 942 'add' 'add_ln58_221' <Predicate = true> <Delay = 3.78> <CoreInst = "TAddSub">   --->   Core 10 'TAddSub' <Latency = 0> <II = 1> <Delay = 1.92> <IPBlock> <Opcode : 'add' 'sub'> <InPorts = 3> <OutPorts = 1> <Sync> <CReg>
ST_2 : Operation 943 [1/1] (0.00ns)   --->   "%sext_ln58_316 = sext i12 %add_ln58_212" [firmware/nnet_utils/nnet_dense_latency.h:58]   --->   Operation 943 'sext' 'sext_ln58_316' <Predicate = true> <Delay = 0.00>
ST_2 : Operation 944 [1/1] (0.00ns) (grouped into TernaryAdder)   --->   "%sub_ln58_133 = sub i13 %sext_ln58_316, i13 %sext_ln17_89" [firmware/nnet_utils/nnet_dense_latency.h:58]   --->   Operation 944 'sub' 'sub_ln58_133' <Predicate = true> <Delay = 0.00> <CoreInst = "TAddSub">   --->   Core 10 'TAddSub' <Latency = 0> <II = 1> <Delay = 1.92> <IPBlock> <Opcode : 'add' 'sub'> <InPorts = 3> <OutPorts = 1> <Sync> <CReg>
ST_2 : Operation 945 [1/1] (0.00ns)   --->   "%sext_ln58_317 = sext i12 %add_ln58_216" [firmware/nnet_utils/nnet_dense_latency.h:58]   --->   Operation 945 'sext' 'sext_ln58_317' <Predicate = true> <Delay = 0.00>
ST_2 : Operation 946 [1/1] (0.00ns) (grouped into TernaryAdder)   --->   "%sub_ln58_134 = sub i13 %sext_ln58_317, i13 %sext_ln17_89" [firmware/nnet_utils/nnet_dense_latency.h:58]   --->   Operation 946 'sub' 'sub_ln58_134' <Predicate = true> <Delay = 0.00> <CoreInst = "TAddSub">   --->   Core 10 'TAddSub' <Latency = 0> <II = 1> <Delay = 1.92> <IPBlock> <Opcode : 'add' 'sub'> <InPorts = 3> <OutPorts = 1> <Sync> <CReg>
ST_2 : Operation 947 [1/1] (0.00ns)   --->   "%sext_ln58_318 = sext i11 %add_ln58_88" [firmware/nnet_utils/nnet_dense_latency.h:58]   --->   Operation 947 'sext' 'sext_ln58_318' <Predicate = true> <Delay = 0.00>
ST_2 : Operation 948 [1/1] (1.63ns)   --->   "%sub_ln58_135 = sub i12 %sext_ln58_318, i12 %sext_ln17_72" [firmware/nnet_utils/nnet_dense_latency.h:58]   --->   Operation 948 'sub' 'sub_ln58_135' <Predicate = true> <Delay = 1.63> <CoreInst = "Adder">   --->   Core 1 'Adder' <Latency = 0> <II = 1> <Delay = 1.63> <FuncUnit> <Opcode : 'add' 'sub'> <InPorts = 2> <OutPorts = 1>
ST_2 : Operation 949 [1/1] (0.00ns)   --->   "%sext_ln58_319 = sext i9 %mult_42" [firmware/nnet_utils/nnet_dense_latency.h:58]   --->   Operation 949 'sext' 'sext_ln58_319' <Predicate = true> <Delay = 0.00>
ST_2 : Operation 950 [1/1] (1.82ns)   --->   "%sub_ln58_136 = sub i10 %sext_ln58_319, i10 %sext_ln58_255" [firmware/nnet_utils/nnet_dense_latency.h:58]   --->   Operation 950 'sub' 'sub_ln58_136' <Predicate = true> <Delay = 1.82> <CoreInst = "Adder">   --->   Core 1 'Adder' <Latency = 0> <II = 1> <Delay = 1.82> <FuncUnit> <Opcode : 'add' 'sub'> <InPorts = 2> <OutPorts = 1>
ST_2 : Operation 951 [1/1] (0.00ns)   --->   "%sext_ln58_320 = sext i10 %sub_ln58_136" [firmware/nnet_utils/nnet_dense_latency.h:58]   --->   Operation 951 'sext' 'sext_ln58_320' <Predicate = true> <Delay = 0.00>
ST_2 : Operation 952 [1/1] (0.00ns) (grouped into TernaryAdder)   --->   "%add_ln58_222 = add i12 %sext_ln58_320, i12 %sub_ln58_135" [firmware/nnet_utils/nnet_dense_latency.h:58]   --->   Operation 952 'add' 'add_ln58_222' <Predicate = true> <Delay = 0.00> <CoreInst = "TAddSub">   --->   Core 10 'TAddSub' <Latency = 0> <II = 1> <Delay = 1.92> <IPBlock> <Opcode : 'add' 'sub'> <InPorts = 3> <OutPorts = 1> <Sync> <CReg>
ST_2 : Operation 953 [1/1] (1.91ns)   --->   "%sub_ln58_137 = sub i9 %sext_ln73_8, i9 %sext_ln17_88" [firmware/nnet_utils/nnet_dense_latency.h:58]   --->   Operation 953 'sub' 'sub_ln58_137' <Predicate = true> <Delay = 1.91> <CoreInst = "Adder">   --->   Core 1 'Adder' <Latency = 0> <II = 1> <Delay = 1.91> <FuncUnit> <Opcode : 'add' 'sub'> <InPorts = 2> <OutPorts = 1>
ST_2 : Operation 954 [1/1] (0.00ns)   --->   "%sext_ln58_321 = sext i9 %sub_ln58_137" [firmware/nnet_utils/nnet_dense_latency.h:58]   --->   Operation 954 'sext' 'sext_ln58_321' <Predicate = true> <Delay = 0.00>
ST_2 : Operation 955 [1/1] (1.91ns)   --->   "%add_ln58_223 = add i9 %sext_ln70_15, i9 %sext_ln17_95" [firmware/nnet_utils/nnet_dense_latency.h:58]   --->   Operation 955 'add' 'add_ln58_223' <Predicate = true> <Delay = 1.91> <CoreInst = "Adder">   --->   Core 1 'Adder' <Latency = 0> <II = 1> <Delay = 1.91> <FuncUnit> <Opcode : 'add' 'sub'> <InPorts = 2> <OutPorts = 1>
ST_2 : Operation 956 [1/1] (0.00ns)   --->   "%sext_ln58_322 = sext i9 %add_ln58_223" [firmware/nnet_utils/nnet_dense_latency.h:58]   --->   Operation 956 'sext' 'sext_ln58_322' <Predicate = true> <Delay = 0.00>
ST_2 : Operation 957 [1/1] (1.82ns)   --->   "%add_ln58_224 = add i10 %sext_ln58_322, i10 %sext_ln73_11" [firmware/nnet_utils/nnet_dense_latency.h:58]   --->   Operation 957 'add' 'add_ln58_224' <Predicate = true> <Delay = 1.82> <CoreInst = "Adder">   --->   Core 1 'Adder' <Latency = 0> <II = 1> <Delay = 1.82> <FuncUnit> <Opcode : 'add' 'sub'> <InPorts = 2> <OutPorts = 1>
ST_2 : Operation 958 [1/1] (0.00ns)   --->   "%sext_ln58_323 = sext i10 %add_ln58_224" [firmware/nnet_utils/nnet_dense_latency.h:58]   --->   Operation 958 'sext' 'sext_ln58_323' <Predicate = true> <Delay = 0.00>
ST_2 : Operation 959 [1/1] (1.73ns)   --->   "%add_ln58_225 = add i11 %sext_ln58_323, i11 %sext_ln58_321" [firmware/nnet_utils/nnet_dense_latency.h:58]   --->   Operation 959 'add' 'add_ln58_225' <Predicate = true> <Delay = 1.73> <CoreInst = "Adder">   --->   Core 1 'Adder' <Latency = 0> <II = 1> <Delay = 1.73> <FuncUnit> <Opcode : 'add' 'sub'> <InPorts = 2> <OutPorts = 1>
ST_2 : Operation 960 [1/1] (0.00ns)   --->   "%sext_ln58_324 = sext i11 %add_ln58_225" [firmware/nnet_utils/nnet_dense_latency.h:58]   --->   Operation 960 'sext' 'sext_ln58_324' <Predicate = true> <Delay = 0.00>
ST_2 : Operation 961 [1/1] (3.78ns) (root node of TernaryAdder)   --->   "%add_ln58_226 = add i12 %sext_ln58_324, i12 %add_ln58_222" [firmware/nnet_utils/nnet_dense_latency.h:58]   --->   Operation 961 'add' 'add_ln58_226' <Predicate = true> <Delay = 3.78> <CoreInst = "TAddSub">   --->   Core 10 'TAddSub' <Latency = 0> <II = 1> <Delay = 1.92> <IPBlock> <Opcode : 'add' 'sub'> <InPorts = 3> <OutPorts = 1> <Sync> <CReg>
ST_2 : Operation 962 [1/1] (0.00ns)   --->   "%sext_ln58_102 = sext i12 %add_ln58_226" [firmware/nnet_utils/nnet_dense_latency.h:58]   --->   Operation 962 'sext' 'sext_ln58_102' <Predicate = true> <Delay = 0.00>
ST_2 : Operation 963 [1/1] (0.00ns)   --->   "%sext_ln58_759 = sext i9 %mult_33" [firmware/nnet_utils/nnet_dense_latency.h:58]   --->   Operation 963 'sext' 'sext_ln58_759' <Predicate = true> <Delay = 0.00>
ST_2 : Operation 964 [1/1] (0.00ns)   --->   "%sext_ln58_779 = sext i11 %add_ln58_106" [firmware/nnet_utils/nnet_dense_latency.h:58]   --->   Operation 964 'sext' 'sext_ln58_779' <Predicate = true> <Delay = 0.00>
ST_2 : Operation 965 [1/1] (1.63ns)   --->   "%sub_ln58_284 = sub i12 %sext_ln58_779, i12 %sext_ln58_759" [firmware/nnet_utils/nnet_dense_latency.h:58]   --->   Operation 965 'sub' 'sub_ln58_284' <Predicate = true> <Delay = 1.63> <CoreInst = "Adder">   --->   Core 1 'Adder' <Latency = 0> <II = 1> <Delay = 1.63> <FuncUnit> <Opcode : 'add' 'sub'> <InPorts = 2> <OutPorts = 1>
ST_2 : Operation 966 [1/1] (1.82ns)   --->   "%sub_ln58_138 = sub i10 %sext_ln17_92, i10 %sext_ln58_299" [firmware/nnet_utils/nnet_dense_latency.h:58]   --->   Operation 966 'sub' 'sub_ln58_138' <Predicate = true> <Delay = 1.82> <CoreInst = "Adder">   --->   Core 1 'Adder' <Latency = 0> <II = 1> <Delay = 1.82> <FuncUnit> <Opcode : 'add' 'sub'> <InPorts = 2> <OutPorts = 1>
ST_2 : Operation 967 [1/1] (0.00ns)   --->   "%sext_ln58_325 = sext i10 %sub_ln58_138" [firmware/nnet_utils/nnet_dense_latency.h:58]   --->   Operation 967 'sext' 'sext_ln58_325' <Predicate = true> <Delay = 0.00>
ST_2 : Operation 968 [1/1] (0.00ns) (grouped into TernaryAdder)   --->   "%add_ln58_227 = add i12 %sext_ln58_325, i12 %sub_ln58_284" [firmware/nnet_utils/nnet_dense_latency.h:58]   --->   Operation 968 'add' 'add_ln58_227' <Predicate = true> <Delay = 0.00> <CoreInst = "TAddSub">   --->   Core 10 'TAddSub' <Latency = 0> <II = 1> <Delay = 1.92> <IPBlock> <Opcode : 'add' 'sub'> <InPorts = 3> <OutPorts = 1> <Sync> <CReg>
ST_2 : Operation 969 [1/1] (1.91ns)   --->   "%add_ln58_228 = add i9 %sext_ln73_12, i9 %sext_ln70_10" [firmware/nnet_utils/nnet_dense_latency.h:58]   --->   Operation 969 'add' 'add_ln58_228' <Predicate = true> <Delay = 1.91> <CoreInst = "Adder">   --->   Core 1 'Adder' <Latency = 0> <II = 1> <Delay = 1.91> <FuncUnit> <Opcode : 'add' 'sub'> <InPorts = 2> <OutPorts = 1>
ST_2 : Operation 970 [1/1] (0.00ns)   --->   "%sext_ln58_326 = sext i9 %add_ln58_228" [firmware/nnet_utils/nnet_dense_latency.h:58]   --->   Operation 970 'sext' 'sext_ln58_326' <Predicate = true> <Delay = 0.00>
ST_2 : Operation 971 [1/1] (1.91ns)   --->   "%add_ln58_229 = add i9 %sext_ln73_15, i9 %sext_ln73_17" [firmware/nnet_utils/nnet_dense_latency.h:58]   --->   Operation 971 'add' 'add_ln58_229' <Predicate = true> <Delay = 1.91> <CoreInst = "Adder">   --->   Core 1 'Adder' <Latency = 0> <II = 1> <Delay = 1.91> <FuncUnit> <Opcode : 'add' 'sub'> <InPorts = 2> <OutPorts = 1>
ST_2 : Operation 972 [1/1] (0.00ns)   --->   "%sext_ln58_327 = sext i9 %add_ln58_229" [firmware/nnet_utils/nnet_dense_latency.h:58]   --->   Operation 972 'sext' 'sext_ln58_327' <Predicate = true> <Delay = 0.00>
ST_2 : Operation 973 [1/1] (1.82ns)   --->   "%add_ln58_230 = add i10 %sext_ln58_327, i10 %sext_ln58_326" [firmware/nnet_utils/nnet_dense_latency.h:58]   --->   Operation 973 'add' 'add_ln58_230' <Predicate = true> <Delay = 1.82> <CoreInst = "Adder">   --->   Core 1 'Adder' <Latency = 0> <II = 1> <Delay = 1.82> <FuncUnit> <Opcode : 'add' 'sub'> <InPorts = 2> <OutPorts = 1>
ST_2 : Operation 974 [1/1] (0.00ns)   --->   "%sext_ln58_328 = sext i10 %add_ln58_230" [firmware/nnet_utils/nnet_dense_latency.h:58]   --->   Operation 974 'sext' 'sext_ln58_328' <Predicate = true> <Delay = 0.00>
ST_2 : Operation 975 [1/1] (3.78ns) (root node of TernaryAdder)   --->   "%add_ln58_231 = add i12 %sext_ln58_328, i12 %add_ln58_227" [firmware/nnet_utils/nnet_dense_latency.h:58]   --->   Operation 975 'add' 'add_ln58_231' <Predicate = true> <Delay = 3.78> <CoreInst = "TAddSub">   --->   Core 10 'TAddSub' <Latency = 0> <II = 1> <Delay = 1.92> <IPBlock> <Opcode : 'add' 'sub'> <InPorts = 3> <OutPorts = 1> <Sync> <CReg>
ST_2 : Operation 976 [1/1] (3.78ns) (root node of TernaryAdder)   --->   "%add_ln58_232 = add i12 %sub_ln58_98, i12 %sext_ln17_83" [firmware/nnet_utils/nnet_dense_latency.h:58]   --->   Operation 976 'add' 'add_ln58_232' <Predicate = true> <Delay = 3.78> <CoreInst = "TAddSub">   --->   Core 10 'TAddSub' <Latency = 0> <II = 1> <Delay = 1.92> <IPBlock> <Opcode : 'add' 'sub'> <InPorts = 3> <OutPorts = 1> <Sync> <CReg>
ST_2 : Operation 977 [1/1] (0.00ns)   --->   "%sext_ln58_329 = sext i10 %sub_ln58_128" [firmware/nnet_utils/nnet_dense_latency.h:58]   --->   Operation 977 'sext' 'sext_ln58_329' <Predicate = true> <Delay = 0.00>
ST_2 : Operation 978 [1/1] (0.00ns) (grouped into TernaryAdder)   --->   "%add_ln58_233 = add i12 %sext_ln58_329, i12 %add_ln58_232" [firmware/nnet_utils/nnet_dense_latency.h:58]   --->   Operation 978 'add' 'add_ln58_233' <Predicate = true> <Delay = 0.00> <CoreInst = "TAddSub">   --->   Core 10 'TAddSub' <Latency = 0> <II = 1> <Delay = 1.92> <IPBlock> <Opcode : 'add' 'sub'> <InPorts = 3> <OutPorts = 1> <Sync> <CReg>
ST_2 : Operation 979 [1/1] (0.00ns)   --->   "%sext_ln58_330 = sext i8 %data_38_val_read" [firmware/nnet_utils/nnet_dense_latency.h:58]   --->   Operation 979 'sext' 'sext_ln58_330' <Predicate = true> <Delay = 0.00>
ST_2 : Operation 980 [1/1] (0.00ns)   --->   "%sext_ln58_331 = sext i9 %mult_51" [firmware/nnet_utils/nnet_dense_latency.h:58]   --->   Operation 980 'sext' 'sext_ln58_331' <Predicate = true> <Delay = 0.00>
ST_2 : Operation 981 [1/1] (0.00ns) (grouped into TernaryAdder)   --->   "%sub_ln58_139 = sub i10 %sext_ln58_331, i10 %sext_ln58_330" [firmware/nnet_utils/nnet_dense_latency.h:58]   --->   Operation 981 'sub' 'sub_ln58_139' <Predicate = true> <Delay = 0.00> <CoreInst = "TAddSub">   --->   Core 10 'TAddSub' <Latency = 0> <II = 1> <Delay = 1.92> <IPBlock> <Opcode : 'add' 'sub'> <InPorts = 3> <OutPorts = 1> <Sync> <CReg>
ST_2 : Operation 982 [1/1] (1.91ns)   --->   "%sub_ln58_140 = sub i9 %sext_ln17_106, i9 %sext_ln17_104" [firmware/nnet_utils/nnet_dense_latency.h:58]   --->   Operation 982 'sub' 'sub_ln58_140' <Predicate = true> <Delay = 1.91> <CoreInst = "Adder">   --->   Core 1 'Adder' <Latency = 0> <II = 1> <Delay = 1.91> <FuncUnit> <Opcode : 'add' 'sub'> <InPorts = 2> <OutPorts = 1>
ST_2 : Operation 983 [1/1] (0.00ns)   --->   "%sext_ln58_332 = sext i9 %sub_ln58_140" [firmware/nnet_utils/nnet_dense_latency.h:58]   --->   Operation 983 'sext' 'sext_ln58_332' <Predicate = true> <Delay = 0.00>
ST_2 : Operation 984 [1/1] (3.72ns) (root node of TernaryAdder)   --->   "%add_ln58_234 = add i10 %sext_ln58_332, i10 %sub_ln58_139" [firmware/nnet_utils/nnet_dense_latency.h:58]   --->   Operation 984 'add' 'add_ln58_234' <Predicate = true> <Delay = 3.72> <CoreInst = "TAddSub">   --->   Core 10 'TAddSub' <Latency = 0> <II = 1> <Delay = 1.92> <IPBlock> <Opcode : 'add' 'sub'> <InPorts = 3> <OutPorts = 1> <Sync> <CReg>
ST_2 : Operation 985 [1/1] (0.00ns)   --->   "%sext_ln58_333 = sext i10 %add_ln58_234" [firmware/nnet_utils/nnet_dense_latency.h:58]   --->   Operation 985 'sext' 'sext_ln58_333' <Predicate = true> <Delay = 0.00>
ST_2 : Operation 986 [1/1] (3.78ns) (root node of TernaryAdder)   --->   "%add_ln58_235 = add i12 %sext_ln58_333, i12 %add_ln58_233" [firmware/nnet_utils/nnet_dense_latency.h:58]   --->   Operation 986 'add' 'add_ln58_235' <Predicate = true> <Delay = 3.78> <CoreInst = "TAddSub">   --->   Core 10 'TAddSub' <Latency = 0> <II = 1> <Delay = 1.92> <IPBlock> <Opcode : 'add' 'sub'> <InPorts = 3> <OutPorts = 1> <Sync> <CReg>
ST_2 : Operation 987 [1/1] (0.00ns) (grouped into TernaryAdder)   --->   "%add_ln58_236 = add i13 %sext_ln58_81, i13 %sext_ln17_75" [firmware/nnet_utils/nnet_dense_latency.h:58]   --->   Operation 987 'add' 'add_ln58_236' <Predicate = true> <Delay = 0.00> <CoreInst = "TAddSub">   --->   Core 10 'TAddSub' <Latency = 0> <II = 1> <Delay = 1.92> <IPBlock> <Opcode : 'add' 'sub'> <InPorts = 3> <OutPorts = 1> <Sync> <CReg>
ST_2 : Operation 988 [1/1] (0.00ns)   --->   "%sext_ln58_334 = sext i9 %mult_35" [firmware/nnet_utils/nnet_dense_latency.h:58]   --->   Operation 988 'sext' 'sext_ln58_334' <Predicate = true> <Delay = 0.00>
ST_2 : Operation 989 [1/1] (1.82ns)   --->   "%sub_ln58_141 = sub i10 %sext_ln58_334, i10 %sext_ln17_80" [firmware/nnet_utils/nnet_dense_latency.h:58]   --->   Operation 989 'sub' 'sub_ln58_141' <Predicate = true> <Delay = 1.82> <CoreInst = "Adder">   --->   Core 1 'Adder' <Latency = 0> <II = 1> <Delay = 1.82> <FuncUnit> <Opcode : 'add' 'sub'> <InPorts = 2> <OutPorts = 1>
ST_2 : Operation 990 [1/1] (0.00ns)   --->   "%sext_ln58_335 = sext i10 %sub_ln58_141" [firmware/nnet_utils/nnet_dense_latency.h:58]   --->   Operation 990 'sext' 'sext_ln58_335' <Predicate = true> <Delay = 0.00>
ST_2 : Operation 991 [1/1] (3.81ns) (root node of TernaryAdder)   --->   "%add_ln58_237 = add i13 %sext_ln58_335, i13 %add_ln58_236" [firmware/nnet_utils/nnet_dense_latency.h:58]   --->   Operation 991 'add' 'add_ln58_237' <Predicate = true> <Delay = 3.81> <CoreInst = "TAddSub">   --->   Core 10 'TAddSub' <Latency = 0> <II = 1> <Delay = 1.92> <IPBlock> <Opcode : 'add' 'sub'> <InPorts = 3> <OutPorts = 1> <Sync> <CReg>
ST_2 : Operation 992 [1/1] (0.00ns)   --->   "%sext_ln58_336 = sext i8 %data_34_val_read" [firmware/nnet_utils/nnet_dense_latency.h:58]   --->   Operation 992 'sext' 'sext_ln58_336' <Predicate = true> <Delay = 0.00>
ST_2 : Operation 993 [1/1] (0.00ns)   --->   "%sext_ln58_337 = sext i9 %mult_49" [firmware/nnet_utils/nnet_dense_latency.h:58]   --->   Operation 993 'sext' 'sext_ln58_337' <Predicate = true> <Delay = 0.00>
ST_2 : Operation 994 [1/1] (1.82ns)   --->   "%sub_ln58_142 = sub i10 %sext_ln58_337, i10 %sext_ln58_336" [firmware/nnet_utils/nnet_dense_latency.h:58]   --->   Operation 994 'sub' 'sub_ln58_142' <Predicate = true> <Delay = 1.82> <CoreInst = "Adder">   --->   Core 1 'Adder' <Latency = 0> <II = 1> <Delay = 1.82> <FuncUnit> <Opcode : 'add' 'sub'> <InPorts = 2> <OutPorts = 1>
ST_2 : Operation 995 [1/1] (0.00ns)   --->   "%sext_ln58_339 = sext i9 %mult_62" [firmware/nnet_utils/nnet_dense_latency.h:58]   --->   Operation 995 'sext' 'sext_ln58_339' <Predicate = true> <Delay = 0.00>
ST_2 : Operation 996 [1/1] (0.00ns)   --->   "%sext_ln58_349 = sext i12 %add_ln58_148" [firmware/nnet_utils/nnet_dense_latency.h:58]   --->   Operation 996 'sext' 'sext_ln58_349' <Predicate = true> <Delay = 0.00>
ST_2 : Operation 997 [1/1] (0.00ns) (grouped into TernaryAdder)   --->   "%sub_ln58_144 = sub i13 %sext_ln58_349, i13 %sext_ln17_79" [firmware/nnet_utils/nnet_dense_latency.h:58]   --->   Operation 997 'sub' 'sub_ln58_144' <Predicate = true> <Delay = 0.00> <CoreInst = "TAddSub">   --->   Core 10 'TAddSub' <Latency = 0> <II = 1> <Delay = 1.92> <IPBlock> <Opcode : 'add' 'sub'> <InPorts = 3> <OutPorts = 1> <Sync> <CReg>
ST_2 : Operation 998 [1/1] (0.00ns)   --->   "%sext_ln58_350 = sext i9 %mult_54" [firmware/nnet_utils/nnet_dense_latency.h:58]   --->   Operation 998 'sext' 'sext_ln58_350' <Predicate = true> <Delay = 0.00>
ST_2 : Operation 999 [1/1] (1.82ns)   --->   "%sub_ln58_145 = sub i10 %sext_ln58_350, i10 %sext_ln58_299" [firmware/nnet_utils/nnet_dense_latency.h:58]   --->   Operation 999 'sub' 'sub_ln58_145' <Predicate = true> <Delay = 1.82> <CoreInst = "Adder">   --->   Core 1 'Adder' <Latency = 0> <II = 1> <Delay = 1.82> <FuncUnit> <Opcode : 'add' 'sub'> <InPorts = 2> <OutPorts = 1>
ST_2 : Operation 1000 [1/1] (0.00ns)   --->   "%sext_ln58_351 = sext i10 %sub_ln58_145" [firmware/nnet_utils/nnet_dense_latency.h:58]   --->   Operation 1000 'sext' 'sext_ln58_351' <Predicate = true> <Delay = 0.00>
ST_2 : Operation 1001 [1/1] (3.81ns) (root node of TernaryAdder)   --->   "%add_ln58_248 = add i13 %sext_ln58_351, i13 %sub_ln58_144" [firmware/nnet_utils/nnet_dense_latency.h:58]   --->   Operation 1001 'add' 'add_ln58_248' <Predicate = true> <Delay = 3.81> <CoreInst = "TAddSub">   --->   Core 10 'TAddSub' <Latency = 0> <II = 1> <Delay = 1.92> <IPBlock> <Opcode : 'add' 'sub'> <InPorts = 3> <OutPorts = 1> <Sync> <CReg>
ST_2 : Operation 1002 [1/1] (0.00ns)   --->   "%sext_ln58_352 = sext i9 %mult_60" [firmware/nnet_utils/nnet_dense_latency.h:58]   --->   Operation 1002 'sext' 'sext_ln58_352' <Predicate = true> <Delay = 0.00>
ST_2 : Operation 1003 [1/1] (0.00ns) (grouped into TernaryAdder)   --->   "%sub_ln58_146 = sub i10 %sext_ln58_352, i10 %sext_ln17_107" [firmware/nnet_utils/nnet_dense_latency.h:58]   --->   Operation 1003 'sub' 'sub_ln58_146' <Predicate = true> <Delay = 0.00> <CoreInst = "TAddSub">   --->   Core 10 'TAddSub' <Latency = 0> <II = 1> <Delay = 1.92> <IPBlock> <Opcode : 'add' 'sub'> <InPorts = 3> <OutPorts = 1> <Sync> <CReg>
ST_2 : Operation 1004 [1/1] (1.91ns)   --->   "%sub_ln58_147 = sub i9 %sext_ln17_78, i9 %sext_ln17_114" [firmware/nnet_utils/nnet_dense_latency.h:58]   --->   Operation 1004 'sub' 'sub_ln58_147' <Predicate = true> <Delay = 1.91> <CoreInst = "Adder">   --->   Core 1 'Adder' <Latency = 0> <II = 1> <Delay = 1.91> <FuncUnit> <Opcode : 'add' 'sub'> <InPorts = 2> <OutPorts = 1>
ST_2 : Operation 1005 [1/1] (0.00ns)   --->   "%sext_ln58_353 = sext i9 %sub_ln58_147" [firmware/nnet_utils/nnet_dense_latency.h:58]   --->   Operation 1005 'sext' 'sext_ln58_353' <Predicate = true> <Delay = 0.00>
ST_2 : Operation 1006 [1/1] (3.72ns) (root node of TernaryAdder)   --->   "%add_ln58_249 = add i10 %sext_ln58_353, i10 %sub_ln58_146" [firmware/nnet_utils/nnet_dense_latency.h:58]   --->   Operation 1006 'add' 'add_ln58_249' <Predicate = true> <Delay = 3.72> <CoreInst = "TAddSub">   --->   Core 10 'TAddSub' <Latency = 0> <II = 1> <Delay = 1.92> <IPBlock> <Opcode : 'add' 'sub'> <InPorts = 3> <OutPorts = 1> <Sync> <CReg>
ST_2 : Operation 1007 [1/1] (1.91ns)   --->   "%add_ln58_251 = add i9 %sext_ln17_88, i9 %sext_ln17_95" [firmware/nnet_utils/nnet_dense_latency.h:58]   --->   Operation 1007 'add' 'add_ln58_251' <Predicate = true> <Delay = 1.91> <CoreInst = "Adder">   --->   Core 1 'Adder' <Latency = 0> <II = 1> <Delay = 1.91> <FuncUnit> <Opcode : 'add' 'sub'> <InPorts = 2> <OutPorts = 1>
ST_2 : Operation 1008 [1/1] (1.91ns)   --->   "%add_ln58_253 = add i9 %sext_ln73_17, i9 %sext_ln73_18" [firmware/nnet_utils/nnet_dense_latency.h:58]   --->   Operation 1008 'add' 'add_ln58_253' <Predicate = true> <Delay = 1.91> <CoreInst = "Adder">   --->   Core 1 'Adder' <Latency = 0> <II = 1> <Delay = 1.91> <FuncUnit> <Opcode : 'add' 'sub'> <InPorts = 2> <OutPorts = 1>
ST_2 : Operation 1009 [1/1] (1.91ns)   --->   "%add_ln58_254 = add i9 %sext_ln17_102, i9 %sext_ln70_17" [firmware/nnet_utils/nnet_dense_latency.h:58]   --->   Operation 1009 'add' 'add_ln58_254' <Predicate = true> <Delay = 1.91> <CoreInst = "Adder">   --->   Core 1 'Adder' <Latency = 0> <II = 1> <Delay = 1.91> <FuncUnit> <Opcode : 'add' 'sub'> <InPorts = 2> <OutPorts = 1>
ST_2 : Operation 1010 [1/1] (0.00ns)   --->   "%sext_ln58_361 = sext i12 %add_ln58_115" [firmware/nnet_utils/nnet_dense_latency.h:58]   --->   Operation 1010 'sext' 'sext_ln58_361' <Predicate = true> <Delay = 0.00>
ST_2 : Operation 1011 [1/1] (0.00ns) (grouped into TernaryAdder)   --->   "%sub_ln58_148 = sub i13 %sext_ln58_361, i13 %sext_ln17_85" [firmware/nnet_utils/nnet_dense_latency.h:58]   --->   Operation 1011 'sub' 'sub_ln58_148' <Predicate = true> <Delay = 0.00> <CoreInst = "TAddSub">   --->   Core 10 'TAddSub' <Latency = 0> <II = 1> <Delay = 1.92> <IPBlock> <Opcode : 'add' 'sub'> <InPorts = 3> <OutPorts = 1> <Sync> <CReg>
ST_2 : Operation 1012 [1/1] (1.82ns)   --->   "%sub_ln58_149 = sub i10 %sext_ln58_337, i10 %sext_ln17_90" [firmware/nnet_utils/nnet_dense_latency.h:58]   --->   Operation 1012 'sub' 'sub_ln58_149' <Predicate = true> <Delay = 1.82> <CoreInst = "Adder">   --->   Core 1 'Adder' <Latency = 0> <II = 1> <Delay = 1.82> <FuncUnit> <Opcode : 'add' 'sub'> <InPorts = 2> <OutPorts = 1>
ST_2 : Operation 1013 [1/1] (0.00ns)   --->   "%sext_ln58_362 = sext i10 %sub_ln58_149" [firmware/nnet_utils/nnet_dense_latency.h:58]   --->   Operation 1013 'sext' 'sext_ln58_362' <Predicate = true> <Delay = 0.00>
ST_2 : Operation 1014 [1/1] (3.81ns) (root node of TernaryAdder)   --->   "%add_ln58_258 = add i13 %sext_ln58_362, i13 %sub_ln58_148" [firmware/nnet_utils/nnet_dense_latency.h:58]   --->   Operation 1014 'add' 'add_ln58_258' <Predicate = true> <Delay = 3.81> <CoreInst = "TAddSub">   --->   Core 10 'TAddSub' <Latency = 0> <II = 1> <Delay = 1.92> <IPBlock> <Opcode : 'add' 'sub'> <InPorts = 3> <OutPorts = 1> <Sync> <CReg>
ST_2 : Operation 1015 [1/1] (1.91ns)   --->   "%sub_ln58_150 = sub i9 %sext_ln17_74, i9 %sext_ln70_19" [firmware/nnet_utils/nnet_dense_latency.h:58]   --->   Operation 1015 'sub' 'sub_ln58_150' <Predicate = true> <Delay = 1.91> <CoreInst = "Adder">   --->   Core 1 'Adder' <Latency = 0> <II = 1> <Delay = 1.91> <FuncUnit> <Opcode : 'add' 'sub'> <InPorts = 2> <OutPorts = 1>
ST_2 : Operation 1016 [1/1] (0.00ns)   --->   "%sext_ln58_363 = sext i9 %sub_ln58_150" [firmware/nnet_utils/nnet_dense_latency.h:58]   --->   Operation 1016 'sext' 'sext_ln58_363' <Predicate = true> <Delay = 0.00>
ST_2 : Operation 1017 [1/1] (1.91ns)   --->   "%add_ln58_259 = add i9 %sext_ln73_13, i9 %sext_ln17_78" [firmware/nnet_utils/nnet_dense_latency.h:58]   --->   Operation 1017 'add' 'add_ln58_259' <Predicate = true> <Delay = 1.91> <CoreInst = "Adder">   --->   Core 1 'Adder' <Latency = 0> <II = 1> <Delay = 1.91> <FuncUnit> <Opcode : 'add' 'sub'> <InPorts = 2> <OutPorts = 1>
ST_2 : Operation 1018 [1/1] (0.00ns)   --->   "%sext_ln58_364 = sext i9 %add_ln58_259" [firmware/nnet_utils/nnet_dense_latency.h:58]   --->   Operation 1018 'sext' 'sext_ln58_364' <Predicate = true> <Delay = 0.00>
ST_2 : Operation 1019 [1/1] (1.82ns)   --->   "%add_ln58_260 = add i10 %sext_ln58_364, i10 %sext_ln58_363" [firmware/nnet_utils/nnet_dense_latency.h:58]   --->   Operation 1019 'add' 'add_ln58_260' <Predicate = true> <Delay = 1.82> <CoreInst = "Adder">   --->   Core 1 'Adder' <Latency = 0> <II = 1> <Delay = 1.82> <FuncUnit> <Opcode : 'add' 'sub'> <InPorts = 2> <OutPorts = 1>
ST_2 : Operation 1020 [1/1] (0.00ns)   --->   "%sext_ln58_365 = sext i10 %add_ln58_260" [firmware/nnet_utils/nnet_dense_latency.h:58]   --->   Operation 1020 'sext' 'sext_ln58_365' <Predicate = true> <Delay = 0.00>
ST_2 : Operation 1021 [1/1] (0.00ns) (grouped into TernaryAdder)   --->   "%add_ln58_261 = add i13 %sext_ln58_365, i13 %add_ln58_258" [firmware/nnet_utils/nnet_dense_latency.h:58]   --->   Operation 1021 'add' 'add_ln58_261' <Predicate = true> <Delay = 0.00> <CoreInst = "TAddSub">   --->   Core 10 'TAddSub' <Latency = 0> <II = 1> <Delay = 1.92> <IPBlock> <Opcode : 'add' 'sub'> <InPorts = 3> <OutPorts = 1> <Sync> <CReg>
ST_2 : Operation 1022 [1/1] (1.91ns)   --->   "%add_ln58_262 = add i9 %sext_ln70_11, i9 %sext_ln17_82" [firmware/nnet_utils/nnet_dense_latency.h:58]   --->   Operation 1022 'add' 'add_ln58_262' <Predicate = true> <Delay = 1.91> <CoreInst = "Adder">   --->   Core 1 'Adder' <Latency = 0> <II = 1> <Delay = 1.91> <FuncUnit> <Opcode : 'add' 'sub'> <InPorts = 2> <OutPorts = 1>
ST_2 : Operation 1023 [1/1] (0.00ns)   --->   "%sext_ln58_366 = sext i9 %add_ln58_262" [firmware/nnet_utils/nnet_dense_latency.h:58]   --->   Operation 1023 'sext' 'sext_ln58_366' <Predicate = true> <Delay = 0.00>
ST_2 : Operation 1024 [1/1] (1.82ns)   --->   "%add_ln58_263 = add i10 %sext_ln58_314, i10 %sext_ln58_366" [firmware/nnet_utils/nnet_dense_latency.h:58]   --->   Operation 1024 'add' 'add_ln58_263' <Predicate = true> <Delay = 1.82> <CoreInst = "Adder">   --->   Core 1 'Adder' <Latency = 0> <II = 1> <Delay = 1.82> <FuncUnit> <Opcode : 'add' 'sub'> <InPorts = 2> <OutPorts = 1>
ST_2 : Operation 1025 [1/1] (0.00ns)   --->   "%sext_ln58_367 = sext i10 %add_ln58_263" [firmware/nnet_utils/nnet_dense_latency.h:58]   --->   Operation 1025 'sext' 'sext_ln58_367' <Predicate = true> <Delay = 0.00>
ST_2 : Operation 1026 [1/1] (1.91ns)   --->   "%add_ln58_264 = add i9 %sext_ln17_102, i9 %sext_ln17_104" [firmware/nnet_utils/nnet_dense_latency.h:58]   --->   Operation 1026 'add' 'add_ln58_264' <Predicate = true> <Delay = 1.91> <CoreInst = "Adder">   --->   Core 1 'Adder' <Latency = 0> <II = 1> <Delay = 1.91> <FuncUnit> <Opcode : 'add' 'sub'> <InPorts = 2> <OutPorts = 1>
ST_2 : Operation 1027 [1/1] (0.00ns)   --->   "%sext_ln58_368 = sext i9 %add_ln58_264" [firmware/nnet_utils/nnet_dense_latency.h:58]   --->   Operation 1027 'sext' 'sext_ln58_368' <Predicate = true> <Delay = 0.00>
ST_2 : Operation 1028 [1/1] (1.91ns)   --->   "%add_ln58_265 = add i9 %sext_ln17_114, i9 %sext_ln17_115" [firmware/nnet_utils/nnet_dense_latency.h:58]   --->   Operation 1028 'add' 'add_ln58_265' <Predicate = true> <Delay = 1.91> <CoreInst = "Adder">   --->   Core 1 'Adder' <Latency = 0> <II = 1> <Delay = 1.91> <FuncUnit> <Opcode : 'add' 'sub'> <InPorts = 2> <OutPorts = 1>
ST_2 : Operation 1029 [1/1] (0.00ns)   --->   "%sext_ln58_369 = sext i9 %add_ln58_265" [firmware/nnet_utils/nnet_dense_latency.h:58]   --->   Operation 1029 'sext' 'sext_ln58_369' <Predicate = true> <Delay = 0.00>
ST_2 : Operation 1030 [1/1] (1.82ns)   --->   "%add_ln58_266 = add i10 %sext_ln58_369, i10 %sext_ln17_107" [firmware/nnet_utils/nnet_dense_latency.h:58]   --->   Operation 1030 'add' 'add_ln58_266' <Predicate = true> <Delay = 1.82> <CoreInst = "Adder">   --->   Core 1 'Adder' <Latency = 0> <II = 1> <Delay = 1.82> <FuncUnit> <Opcode : 'add' 'sub'> <InPorts = 2> <OutPorts = 1>
ST_2 : Operation 1031 [1/1] (0.00ns)   --->   "%sext_ln58_370 = sext i10 %add_ln58_266" [firmware/nnet_utils/nnet_dense_latency.h:58]   --->   Operation 1031 'sext' 'sext_ln58_370' <Predicate = true> <Delay = 0.00>
ST_2 : Operation 1032 [1/1] (1.73ns)   --->   "%add_ln58_267 = add i11 %sext_ln58_370, i11 %sext_ln58_368" [firmware/nnet_utils/nnet_dense_latency.h:58]   --->   Operation 1032 'add' 'add_ln58_267' <Predicate = true> <Delay = 1.73> <CoreInst = "Adder">   --->   Core 1 'Adder' <Latency = 0> <II = 1> <Delay = 1.73> <FuncUnit> <Opcode : 'add' 'sub'> <InPorts = 2> <OutPorts = 1>
ST_2 : Operation 1033 [1/1] (0.00ns)   --->   "%sext_ln58_371 = sext i11 %add_ln58_267" [firmware/nnet_utils/nnet_dense_latency.h:58]   --->   Operation 1033 'sext' 'sext_ln58_371' <Predicate = true> <Delay = 0.00>
ST_2 : Operation 1034 [1/1] (1.63ns)   --->   "%add_ln58_268 = add i12 %sext_ln58_371, i12 %sext_ln58_367" [firmware/nnet_utils/nnet_dense_latency.h:58]   --->   Operation 1034 'add' 'add_ln58_268' <Predicate = true> <Delay = 1.63> <CoreInst = "Adder">   --->   Core 1 'Adder' <Latency = 0> <II = 1> <Delay = 1.63> <FuncUnit> <Opcode : 'add' 'sub'> <InPorts = 2> <OutPorts = 1>
ST_2 : Operation 1035 [1/1] (0.00ns)   --->   "%sext_ln58_372 = sext i12 %add_ln58_268" [firmware/nnet_utils/nnet_dense_latency.h:58]   --->   Operation 1035 'sext' 'sext_ln58_372' <Predicate = true> <Delay = 0.00>
ST_2 : Operation 1036 [1/1] (3.81ns) (root node of TernaryAdder)   --->   "%add_ln58_269 = add i13 %sext_ln58_372, i13 %add_ln58_261" [firmware/nnet_utils/nnet_dense_latency.h:58]   --->   Operation 1036 'add' 'add_ln58_269' <Predicate = true> <Delay = 3.81> <CoreInst = "TAddSub">   --->   Core 10 'TAddSub' <Latency = 0> <II = 1> <Delay = 1.92> <IPBlock> <Opcode : 'add' 'sub'> <InPorts = 3> <OutPorts = 1> <Sync> <CReg>
ST_2 : Operation 1037 [1/1] (0.00ns)   --->   "%sext_ln58_373 = sext i8 %data_35_val_read" [firmware/nnet_utils/nnet_dense_latency.h:58]   --->   Operation 1037 'sext' 'sext_ln58_373' <Predicate = true> <Delay = 0.00>
ST_2 : Operation 1038 [1/1] (0.00ns)   --->   "%sext_ln58_374 = sext i12 %add_ln58_143" [firmware/nnet_utils/nnet_dense_latency.h:58]   --->   Operation 1038 'sext' 'sext_ln58_374' <Predicate = true> <Delay = 0.00>
ST_2 : Operation 1039 [1/1] (0.00ns) (grouped into TernaryAdder)   --->   "%sub_ln58_151 = sub i13 %sext_ln58_374, i13 %sext_ln58_373" [firmware/nnet_utils/nnet_dense_latency.h:58]   --->   Operation 1039 'sub' 'sub_ln58_151' <Predicate = true> <Delay = 0.00> <CoreInst = "TAddSub">   --->   Core 10 'TAddSub' <Latency = 0> <II = 1> <Delay = 1.92> <IPBlock> <Opcode : 'add' 'sub'> <InPorts = 3> <OutPorts = 1> <Sync> <CReg>
ST_2 : Operation 1040 [1/1] (0.00ns)   --->   "%sext_ln58_375 = sext i9 %mult_56" [firmware/nnet_utils/nnet_dense_latency.h:58]   --->   Operation 1040 'sext' 'sext_ln58_375' <Predicate = true> <Delay = 0.00>
ST_2 : Operation 1041 [1/1] (1.82ns)   --->   "%sub_ln58_152 = sub i10 %sext_ln58_375, i10 %sext_ln17_93" [firmware/nnet_utils/nnet_dense_latency.h:58]   --->   Operation 1041 'sub' 'sub_ln58_152' <Predicate = true> <Delay = 1.82> <CoreInst = "Adder">   --->   Core 1 'Adder' <Latency = 0> <II = 1> <Delay = 1.82> <FuncUnit> <Opcode : 'add' 'sub'> <InPorts = 2> <OutPorts = 1>
ST_2 : Operation 1042 [1/1] (0.00ns)   --->   "%sext_ln58_376 = sext i10 %sub_ln58_152" [firmware/nnet_utils/nnet_dense_latency.h:58]   --->   Operation 1042 'sext' 'sext_ln58_376' <Predicate = true> <Delay = 0.00>
ST_2 : Operation 1043 [1/1] (3.81ns) (root node of TernaryAdder)   --->   "%add_ln58_270 = add i13 %sext_ln58_376, i13 %sub_ln58_151" [firmware/nnet_utils/nnet_dense_latency.h:58]   --->   Operation 1043 'add' 'add_ln58_270' <Predicate = true> <Delay = 3.81> <CoreInst = "TAddSub">   --->   Core 10 'TAddSub' <Latency = 0> <II = 1> <Delay = 1.92> <IPBlock> <Opcode : 'add' 'sub'> <InPorts = 3> <OutPorts = 1> <Sync> <CReg>
ST_2 : Operation 1044 [1/1] (1.91ns)   --->   "%add_ln58_271 = add i9 %sext_ln73_13, i9 %sext_ln70_11" [firmware/nnet_utils/nnet_dense_latency.h:58]   --->   Operation 1044 'add' 'add_ln58_271' <Predicate = true> <Delay = 1.91> <CoreInst = "Adder">   --->   Core 1 'Adder' <Latency = 0> <II = 1> <Delay = 1.91> <FuncUnit> <Opcode : 'add' 'sub'> <InPorts = 2> <OutPorts = 1>
ST_2 : Operation 1045 [1/1] (1.91ns)   --->   "%add_ln58_274 = add i9 %sext_ln70_12, i9 %sext_ln17_82" [firmware/nnet_utils/nnet_dense_latency.h:58]   --->   Operation 1045 'add' 'add_ln58_274' <Predicate = true> <Delay = 1.91> <CoreInst = "Adder">   --->   Core 1 'Adder' <Latency = 0> <II = 1> <Delay = 1.91> <FuncUnit> <Opcode : 'add' 'sub'> <InPorts = 2> <OutPorts = 1>
ST_2 : Operation 1046 [1/1] (0.00ns)   --->   "%sext_ln58_380 = sext i9 %add_ln58_274" [firmware/nnet_utils/nnet_dense_latency.h:58]   --->   Operation 1046 'sext' 'sext_ln58_380' <Predicate = true> <Delay = 0.00>
ST_2 : Operation 1047 [1/1] (1.91ns)   --->   "%add_ln58_275 = add i9 %sext_ln73_15, i9 %sext_ln17_88" [firmware/nnet_utils/nnet_dense_latency.h:58]   --->   Operation 1047 'add' 'add_ln58_275' <Predicate = true> <Delay = 1.91> <CoreInst = "Adder">   --->   Core 1 'Adder' <Latency = 0> <II = 1> <Delay = 1.91> <FuncUnit> <Opcode : 'add' 'sub'> <InPorts = 2> <OutPorts = 1>
ST_2 : Operation 1048 [1/1] (0.00ns)   --->   "%sext_ln58_381 = sext i9 %add_ln58_275" [firmware/nnet_utils/nnet_dense_latency.h:58]   --->   Operation 1048 'sext' 'sext_ln58_381' <Predicate = true> <Delay = 0.00>
ST_2 : Operation 1049 [1/1] (1.82ns)   --->   "%add_ln58_276 = add i10 %sext_ln58_381, i10 %sext_ln58_380" [firmware/nnet_utils/nnet_dense_latency.h:58]   --->   Operation 1049 'add' 'add_ln58_276' <Predicate = true> <Delay = 1.82> <CoreInst = "Adder">   --->   Core 1 'Adder' <Latency = 0> <II = 1> <Delay = 1.82> <FuncUnit> <Opcode : 'add' 'sub'> <InPorts = 2> <OutPorts = 1>
ST_2 : Operation 1050 [1/1] (0.00ns)   --->   "%sext_ln58_382 = sext i10 %add_ln58_276" [firmware/nnet_utils/nnet_dense_latency.h:58]   --->   Operation 1050 'sext' 'sext_ln58_382' <Predicate = true> <Delay = 0.00>
ST_2 : Operation 1051 [1/1] (1.91ns)   --->   "%add_ln58_277 = add i9 %sext_ln70_14, i9 %sext_ln73_18" [firmware/nnet_utils/nnet_dense_latency.h:58]   --->   Operation 1051 'add' 'add_ln58_277' <Predicate = true> <Delay = 1.91> <CoreInst = "Adder">   --->   Core 1 'Adder' <Latency = 0> <II = 1> <Delay = 1.91> <FuncUnit> <Opcode : 'add' 'sub'> <InPorts = 2> <OutPorts = 1>
ST_2 : Operation 1052 [1/1] (0.00ns)   --->   "%sext_ln58_383 = sext i9 %add_ln58_277" [firmware/nnet_utils/nnet_dense_latency.h:58]   --->   Operation 1052 'sext' 'sext_ln58_383' <Predicate = true> <Delay = 0.00>
ST_2 : Operation 1053 [1/1] (1.91ns)   --->   "%add_ln58_278 = add i9 %sext_ln17_115, i9 %sext_ln17_119" [firmware/nnet_utils/nnet_dense_latency.h:58]   --->   Operation 1053 'add' 'add_ln58_278' <Predicate = true> <Delay = 1.91> <CoreInst = "Adder">   --->   Core 1 'Adder' <Latency = 0> <II = 1> <Delay = 1.91> <FuncUnit> <Opcode : 'add' 'sub'> <InPorts = 2> <OutPorts = 1>
ST_2 : Operation 1054 [1/1] (0.00ns)   --->   "%sext_ln58_384 = sext i9 %add_ln58_278" [firmware/nnet_utils/nnet_dense_latency.h:58]   --->   Operation 1054 'sext' 'sext_ln58_384' <Predicate = true> <Delay = 0.00>
ST_2 : Operation 1055 [1/1] (1.82ns)   --->   "%add_ln58_279 = add i10 %sext_ln58_384, i10 %sext_ln17_101" [firmware/nnet_utils/nnet_dense_latency.h:58]   --->   Operation 1055 'add' 'add_ln58_279' <Predicate = true> <Delay = 1.82> <CoreInst = "Adder">   --->   Core 1 'Adder' <Latency = 0> <II = 1> <Delay = 1.82> <FuncUnit> <Opcode : 'add' 'sub'> <InPorts = 2> <OutPorts = 1>
ST_2 : Operation 1056 [1/1] (0.00ns)   --->   "%sext_ln58_385 = sext i10 %add_ln58_279" [firmware/nnet_utils/nnet_dense_latency.h:58]   --->   Operation 1056 'sext' 'sext_ln58_385' <Predicate = true> <Delay = 0.00>
ST_2 : Operation 1057 [1/1] (1.73ns)   --->   "%add_ln58_280 = add i11 %sext_ln58_385, i11 %sext_ln58_383" [firmware/nnet_utils/nnet_dense_latency.h:58]   --->   Operation 1057 'add' 'add_ln58_280' <Predicate = true> <Delay = 1.73> <CoreInst = "Adder">   --->   Core 1 'Adder' <Latency = 0> <II = 1> <Delay = 1.73> <FuncUnit> <Opcode : 'add' 'sub'> <InPorts = 2> <OutPorts = 1>
ST_2 : Operation 1058 [1/1] (0.00ns)   --->   "%sext_ln58_386 = sext i11 %add_ln58_280" [firmware/nnet_utils/nnet_dense_latency.h:58]   --->   Operation 1058 'sext' 'sext_ln58_386' <Predicate = true> <Delay = 0.00>
ST_2 : Operation 1059 [1/1] (1.63ns)   --->   "%add_ln58_281 = add i12 %sext_ln58_386, i12 %sext_ln58_382" [firmware/nnet_utils/nnet_dense_latency.h:58]   --->   Operation 1059 'add' 'add_ln58_281' <Predicate = true> <Delay = 1.63> <CoreInst = "Adder">   --->   Core 1 'Adder' <Latency = 0> <II = 1> <Delay = 1.63> <FuncUnit> <Opcode : 'add' 'sub'> <InPorts = 2> <OutPorts = 1>
ST_2 : Operation 1060 [1/1] (0.00ns)   --->   "%sext_ln58_780 = sext i9 %tmp_294" [firmware/nnet_utils/nnet_dense_latency.h:58]   --->   Operation 1060 'sext' 'sext_ln58_780' <Predicate = true> <Delay = 0.00>
ST_2 : Operation 1061 [1/1] (0.00ns)   --->   "%sext_ln58_781 = sext i12 %add_ln58_158" [firmware/nnet_utils/nnet_dense_latency.h:58]   --->   Operation 1061 'sext' 'sext_ln58_781' <Predicate = true> <Delay = 0.00>
ST_2 : Operation 1062 [1/1] (0.00ns) (grouped into TernaryAdder)   --->   "%sub_ln58_285 = sub i13 %sext_ln58_781, i13 %sext_ln58_780" [firmware/nnet_utils/nnet_dense_latency.h:58]   --->   Operation 1062 'sub' 'sub_ln58_285' <Predicate = true> <Delay = 0.00> <CoreInst = "TAddSub">   --->   Core 10 'TAddSub' <Latency = 0> <II = 1> <Delay = 1.92> <IPBlock> <Opcode : 'add' 'sub'> <InPorts = 3> <OutPorts = 1> <Sync> <CReg>
ST_2 : Operation 1063 [1/1] (0.00ns)   --->   "%sext_ln58_389 = sext i9 %mult_45" [firmware/nnet_utils/nnet_dense_latency.h:58]   --->   Operation 1063 'sext' 'sext_ln58_389' <Predicate = true> <Delay = 0.00>
ST_2 : Operation 1064 [1/1] (1.82ns)   --->   "%sub_ln58_155 = sub i10 %sext_ln58_389, i10 %sext_ln17_80" [firmware/nnet_utils/nnet_dense_latency.h:58]   --->   Operation 1064 'sub' 'sub_ln58_155' <Predicate = true> <Delay = 1.82> <CoreInst = "Adder">   --->   Core 1 'Adder' <Latency = 0> <II = 1> <Delay = 1.82> <FuncUnit> <Opcode : 'add' 'sub'> <InPorts = 2> <OutPorts = 1>
ST_2 : Operation 1065 [1/1] (0.00ns)   --->   "%sext_ln58_390 = sext i10 %sub_ln58_155" [firmware/nnet_utils/nnet_dense_latency.h:58]   --->   Operation 1065 'sext' 'sext_ln58_390' <Predicate = true> <Delay = 0.00>
ST_2 : Operation 1066 [1/1] (3.81ns) (root node of TernaryAdder)   --->   "%add_ln58_283 = add i13 %sext_ln58_390, i13 %sub_ln58_285" [firmware/nnet_utils/nnet_dense_latency.h:58]   --->   Operation 1066 'add' 'add_ln58_283' <Predicate = true> <Delay = 3.81> <CoreInst = "TAddSub">   --->   Core 10 'TAddSub' <Latency = 0> <II = 1> <Delay = 1.92> <IPBlock> <Opcode : 'add' 'sub'> <InPorts = 3> <OutPorts = 1> <Sync> <CReg>
ST_2 : Operation 1067 [1/1] (1.82ns)   --->   "%sub_ln58_156 = sub i10 %sext_ln58_337, i10 %sext_ln58_330" [firmware/nnet_utils/nnet_dense_latency.h:58]   --->   Operation 1067 'sub' 'sub_ln58_156' <Predicate = true> <Delay = 1.82> <CoreInst = "Adder">   --->   Core 1 'Adder' <Latency = 0> <II = 1> <Delay = 1.82> <FuncUnit> <Opcode : 'add' 'sub'> <InPorts = 2> <OutPorts = 1>
ST_2 : Operation 1068 [1/1] (0.00ns)   --->   "%sext_ln58_401 = sext i12 %add_ln58_154" [firmware/nnet_utils/nnet_dense_latency.h:58]   --->   Operation 1068 'sext' 'sext_ln58_401' <Predicate = true> <Delay = 0.00>
ST_2 : Operation 1069 [1/1] (0.00ns) (grouped into TernaryAdder)   --->   "%sub_ln58_159 = sub i13 %sext_ln58_401, i13 %sext_ln17_81" [firmware/nnet_utils/nnet_dense_latency.h:58]   --->   Operation 1069 'sub' 'sub_ln58_159' <Predicate = true> <Delay = 0.00> <CoreInst = "TAddSub">   --->   Core 10 'TAddSub' <Latency = 0> <II = 1> <Delay = 1.92> <IPBlock> <Opcode : 'add' 'sub'> <InPorts = 3> <OutPorts = 1> <Sync> <CReg>
ST_2 : Operation 1070 [1/1] (0.00ns)   --->   "%sext_ln58_402 = sext i10 %sub_ln58_128" [firmware/nnet_utils/nnet_dense_latency.h:58]   --->   Operation 1070 'sext' 'sext_ln58_402' <Predicate = true> <Delay = 0.00>
ST_2 : Operation 1071 [1/1] (3.81ns) (root node of TernaryAdder)   --->   "%add_ln58_293 = add i13 %sext_ln58_402, i13 %sub_ln58_159" [firmware/nnet_utils/nnet_dense_latency.h:58]   --->   Operation 1071 'add' 'add_ln58_293' <Predicate = true> <Delay = 3.81> <CoreInst = "TAddSub">   --->   Core 10 'TAddSub' <Latency = 0> <II = 1> <Delay = 1.92> <IPBlock> <Opcode : 'add' 'sub'> <InPorts = 3> <OutPorts = 1> <Sync> <CReg>
ST_2 : Operation 1072 [1/1] (0.00ns)   --->   "%sext_ln58_403 = sext i8 %data_37_val_read" [firmware/nnet_utils/nnet_dense_latency.h:58]   --->   Operation 1072 'sext' 'sext_ln58_403' <Predicate = true> <Delay = 0.00>
ST_2 : Operation 1073 [1/1] (0.00ns)   --->   "%sext_ln58_404 = sext i9 %mult_59" [firmware/nnet_utils/nnet_dense_latency.h:58]   --->   Operation 1073 'sext' 'sext_ln58_404' <Predicate = true> <Delay = 0.00>
ST_2 : Operation 1074 [1/1] (0.00ns) (grouped into TernaryAdder)   --->   "%sub_ln58_160 = sub i10 %sext_ln58_404, i10 %sext_ln58_403" [firmware/nnet_utils/nnet_dense_latency.h:58]   --->   Operation 1074 'sub' 'sub_ln58_160' <Predicate = true> <Delay = 0.00> <CoreInst = "TAddSub">   --->   Core 10 'TAddSub' <Latency = 0> <II = 1> <Delay = 1.92> <IPBlock> <Opcode : 'add' 'sub'> <InPorts = 3> <OutPorts = 1> <Sync> <CReg>
ST_2 : Operation 1075 [1/1] (1.91ns)   --->   "%sub_ln58_161 = sub i9 %sext_ln70_10, i9 %sext_ln70_23" [firmware/nnet_utils/nnet_dense_latency.h:58]   --->   Operation 1075 'sub' 'sub_ln58_161' <Predicate = true> <Delay = 1.91> <CoreInst = "Adder">   --->   Core 1 'Adder' <Latency = 0> <II = 1> <Delay = 1.91> <FuncUnit> <Opcode : 'add' 'sub'> <InPorts = 2> <OutPorts = 1>
ST_2 : Operation 1076 [1/1] (0.00ns)   --->   "%sext_ln58_405 = sext i9 %sub_ln58_161" [firmware/nnet_utils/nnet_dense_latency.h:58]   --->   Operation 1076 'sext' 'sext_ln58_405' <Predicate = true> <Delay = 0.00>
ST_2 : Operation 1077 [1/1] (3.72ns) (root node of TernaryAdder)   --->   "%add_ln58_294 = add i10 %sext_ln58_405, i10 %sub_ln58_160" [firmware/nnet_utils/nnet_dense_latency.h:58]   --->   Operation 1077 'add' 'add_ln58_294' <Predicate = true> <Delay = 3.72> <CoreInst = "TAddSub">   --->   Core 10 'TAddSub' <Latency = 0> <II = 1> <Delay = 1.92> <IPBlock> <Opcode : 'add' 'sub'> <InPorts = 3> <OutPorts = 1> <Sync> <CReg>
ST_2 : Operation 1078 [1/1] (0.00ns)   --->   "%sext_ln58_416 = sext i9 %mult_48" [firmware/nnet_utils/nnet_dense_latency.h:58]   --->   Operation 1078 'sext' 'sext_ln58_416' <Predicate = true> <Delay = 0.00>
ST_2 : Operation 1079 [1/1] (1.82ns)   --->   "%sub_ln58_163 = sub i10 %sext_ln58_416, i10 %sext_ln17_90" [firmware/nnet_utils/nnet_dense_latency.h:58]   --->   Operation 1079 'sub' 'sub_ln58_163' <Predicate = true> <Delay = 1.82> <CoreInst = "Adder">   --->   Core 1 'Adder' <Latency = 0> <II = 1> <Delay = 1.82> <FuncUnit> <Opcode : 'add' 'sub'> <InPorts = 2> <OutPorts = 1>
ST_2 : Operation 1080 [1/1] (0.00ns)   --->   "%sext_ln58_417 = sext i10 %sub_ln58_163" [firmware/nnet_utils/nnet_dense_latency.h:58]   --->   Operation 1080 'sext' 'sext_ln58_417' <Predicate = true> <Delay = 0.00>
ST_2 : Operation 1081 [1/1] (3.81ns) (root node of TernaryAdder)   --->   "%add_ln58_305 = add i13 %sext_ln58_417, i13 %sub_ln58_97" [firmware/nnet_utils/nnet_dense_latency.h:58]   --->   Operation 1081 'add' 'add_ln58_305' <Predicate = true> <Delay = 3.81> <CoreInst = "TAddSub">   --->   Core 10 'TAddSub' <Latency = 0> <II = 1> <Delay = 1.92> <IPBlock> <Opcode : 'add' 'sub'> <InPorts = 3> <OutPorts = 1> <Sync> <CReg>
ST_2 : Operation 1082 [1/1] (1.91ns)   --->   "%add_ln58_306 = add i9 %sext_ln17_74, i9 %sext_ln73_13" [firmware/nnet_utils/nnet_dense_latency.h:58]   --->   Operation 1082 'add' 'add_ln58_306' <Predicate = true> <Delay = 1.91> <CoreInst = "Adder">   --->   Core 1 'Adder' <Latency = 0> <II = 1> <Delay = 1.91> <FuncUnit> <Opcode : 'add' 'sub'> <InPorts = 2> <OutPorts = 1>
ST_2 : Operation 1083 [1/1] (1.82ns)   --->   "%sub_ln58_286 = sub i10 %sext_ln17_92, i10 %sext_ln73_24" [firmware/nnet_utils/nnet_dense_latency.h:58]   --->   Operation 1083 'sub' 'sub_ln58_286' <Predicate = true> <Delay = 1.82> <CoreInst = "Adder">   --->   Core 1 'Adder' <Latency = 0> <II = 1> <Delay = 1.82> <FuncUnit> <Opcode : 'add' 'sub'> <InPorts = 2> <OutPorts = 1>
ST_2 : Operation 1084 [1/1] (0.00ns)   --->   "%sext_ln58_429 = sext i10 %sub_ln58_286" [firmware/nnet_utils/nnet_dense_latency.h:58]   --->   Operation 1084 'sext' 'sext_ln58_429' <Predicate = true> <Delay = 0.00>
ST_2 : Operation 1085 [1/1] (3.81ns) (root node of TernaryAdder)   --->   "%add_ln58_317 = add i13 %sext_ln58_429, i13 %sub_ln58_134" [firmware/nnet_utils/nnet_dense_latency.h:58]   --->   Operation 1085 'add' 'add_ln58_317' <Predicate = true> <Delay = 3.81> <CoreInst = "TAddSub">   --->   Core 10 'TAddSub' <Latency = 0> <II = 1> <Delay = 1.92> <IPBlock> <Opcode : 'add' 'sub'> <InPorts = 3> <OutPorts = 1> <Sync> <CReg>
ST_2 : Operation 1086 [1/1] (0.00ns)   --->   "%sext_ln58_430 = sext i9 %mult_47" [firmware/nnet_utils/nnet_dense_latency.h:58]   --->   Operation 1086 'sext' 'sext_ln58_430' <Predicate = true> <Delay = 0.00>
ST_2 : Operation 1087 [1/1] (1.82ns)   --->   "%sub_ln58_165 = sub i10 %sext_ln58_430, i10 %sext_ln58_403" [firmware/nnet_utils/nnet_dense_latency.h:58]   --->   Operation 1087 'sub' 'sub_ln58_165' <Predicate = true> <Delay = 1.82> <CoreInst = "Adder">   --->   Core 1 'Adder' <Latency = 0> <II = 1> <Delay = 1.82> <FuncUnit> <Opcode : 'add' 'sub'> <InPorts = 2> <OutPorts = 1>
ST_2 : Operation 1088 [1/1] (1.82ns)   --->   "%sub_ln58_167 = sub i10 %sext_ln58_404, i10 %sext_ln17_109" [firmware/nnet_utils/nnet_dense_latency.h:58]   --->   Operation 1088 'sub' 'sub_ln58_167' <Predicate = true> <Delay = 1.82> <CoreInst = "Adder">   --->   Core 1 'Adder' <Latency = 0> <II = 1> <Delay = 1.82> <FuncUnit> <Opcode : 'add' 'sub'> <InPorts = 2> <OutPorts = 1>
ST_2 : Operation 1089 [1/1] (0.00ns)   --->   "%sext_ln58_434 = sext i10 %sub_ln58_167" [firmware/nnet_utils/nnet_dense_latency.h:58]   --->   Operation 1089 'sext' 'sext_ln58_434' <Predicate = true> <Delay = 0.00>
ST_2 : Operation 1090 [1/1] (0.00ns)   --->   "%sext_ln58_435 = sext i8 %data_48_val_read" [firmware/nnet_utils/nnet_dense_latency.h:58]   --->   Operation 1090 'sext' 'sext_ln58_435' <Predicate = true> <Delay = 0.00>
ST_2 : Operation 1091 [1/1] (1.82ns)   --->   "%sub_ln58_168 = sub i10 %sext_ln58_339, i10 %sext_ln58_435" [firmware/nnet_utils/nnet_dense_latency.h:58]   --->   Operation 1091 'sub' 'sub_ln58_168' <Predicate = true> <Delay = 1.82> <CoreInst = "Adder">   --->   Core 1 'Adder' <Latency = 0> <II = 1> <Delay = 1.82> <FuncUnit> <Opcode : 'add' 'sub'> <InPorts = 2> <OutPorts = 1>
ST_2 : Operation 1092 [1/1] (0.00ns)   --->   "%sext_ln58_436 = sext i10 %sub_ln58_168" [firmware/nnet_utils/nnet_dense_latency.h:58]   --->   Operation 1092 'sext' 'sext_ln58_436' <Predicate = true> <Delay = 0.00>
ST_2 : Operation 1093 [1/1] (0.00ns) (grouped into TernaryAdder)   --->   "%add_ln58_320 = add i11 %sext_ln58_436, i11 %sext_ln58_434" [firmware/nnet_utils/nnet_dense_latency.h:58]   --->   Operation 1093 'add' 'add_ln58_320' <Predicate = true> <Delay = 0.00> <CoreInst = "TAddSub">   --->   Core 10 'TAddSub' <Latency = 0> <II = 1> <Delay = 1.92> <IPBlock> <Opcode : 'add' 'sub'> <InPorts = 3> <OutPorts = 1> <Sync> <CReg>
ST_2 : Operation 1094 [1/1] (0.00ns) (grouped into TernaryAdder)   --->   "%sub_ln58_169 = sub i10 %sext_ln17_128, i10 %sext_ln17_124" [firmware/nnet_utils/nnet_dense_latency.h:58]   --->   Operation 1094 'sub' 'sub_ln58_169' <Predicate = true> <Delay = 0.00> <CoreInst = "TAddSub">   --->   Core 10 'TAddSub' <Latency = 0> <II = 1> <Delay = 1.92> <IPBlock> <Opcode : 'add' 'sub'> <InPorts = 3> <OutPorts = 1> <Sync> <CReg>
ST_2 : Operation 1095 [1/1] (3.72ns) (root node of TernaryAdder)   --->   "%add_ln58_321 = add i10 %sext_ln58_384, i10 %sub_ln58_169" [firmware/nnet_utils/nnet_dense_latency.h:58]   --->   Operation 1095 'add' 'add_ln58_321' <Predicate = true> <Delay = 3.72> <CoreInst = "TAddSub">   --->   Core 10 'TAddSub' <Latency = 0> <II = 1> <Delay = 1.92> <IPBlock> <Opcode : 'add' 'sub'> <InPorts = 3> <OutPorts = 1> <Sync> <CReg>
ST_2 : Operation 1096 [1/1] (0.00ns)   --->   "%sext_ln58_437 = sext i10 %add_ln58_321" [firmware/nnet_utils/nnet_dense_latency.h:58]   --->   Operation 1096 'sext' 'sext_ln58_437' <Predicate = true> <Delay = 0.00>
ST_2 : Operation 1097 [1/1] (3.75ns) (root node of TernaryAdder)   --->   "%add_ln58_322 = add i11 %sext_ln58_437, i11 %add_ln58_320" [firmware/nnet_utils/nnet_dense_latency.h:58]   --->   Operation 1097 'add' 'add_ln58_322' <Predicate = true> <Delay = 3.75> <CoreInst = "TAddSub">   --->   Core 10 'TAddSub' <Latency = 0> <II = 1> <Delay = 1.92> <IPBlock> <Opcode : 'add' 'sub'> <InPorts = 3> <OutPorts = 1> <Sync> <CReg>
ST_2 : Operation 1098 [1/1] (0.00ns) (grouped into TernaryAdder)   --->   "%add_ln58_324 = add i13 %sext_ln58_97, i13 %sext_ln17_111" [firmware/nnet_utils/nnet_dense_latency.h:58]   --->   Operation 1098 'add' 'add_ln58_324' <Predicate = true> <Delay = 0.00> <CoreInst = "TAddSub">   --->   Core 10 'TAddSub' <Latency = 0> <II = 1> <Delay = 1.92> <IPBlock> <Opcode : 'add' 'sub'> <InPorts = 3> <OutPorts = 1> <Sync> <CReg>
ST_2 : Operation 1099 [1/1] (0.00ns)   --->   "%sext_ln58_439 = sext i9 %mult_65" [firmware/nnet_utils/nnet_dense_latency.h:58]   --->   Operation 1099 'sext' 'sext_ln58_439' <Predicate = true> <Delay = 0.00>
ST_2 : Operation 1100 [1/1] (1.82ns)   --->   "%sub_ln58_170 = sub i10 %sext_ln58_439, i10 %sext_ln17_112" [firmware/nnet_utils/nnet_dense_latency.h:58]   --->   Operation 1100 'sub' 'sub_ln58_170' <Predicate = true> <Delay = 1.82> <CoreInst = "Adder">   --->   Core 1 'Adder' <Latency = 0> <II = 1> <Delay = 1.82> <FuncUnit> <Opcode : 'add' 'sub'> <InPorts = 2> <OutPorts = 1>
ST_2 : Operation 1101 [1/1] (0.00ns)   --->   "%sext_ln58_440 = sext i10 %sub_ln58_170" [firmware/nnet_utils/nnet_dense_latency.h:58]   --->   Operation 1101 'sext' 'sext_ln58_440' <Predicate = true> <Delay = 0.00>
ST_2 : Operation 1102 [1/1] (3.81ns) (root node of TernaryAdder)   --->   "%add_ln58_325 = add i13 %sext_ln58_440, i13 %add_ln58_324" [firmware/nnet_utils/nnet_dense_latency.h:58]   --->   Operation 1102 'add' 'add_ln58_325' <Predicate = true> <Delay = 3.81> <CoreInst = "TAddSub">   --->   Core 10 'TAddSub' <Latency = 0> <II = 1> <Delay = 1.92> <IPBlock> <Opcode : 'add' 'sub'> <InPorts = 3> <OutPorts = 1> <Sync> <CReg>
ST_2 : Operation 1103 [1/1] (1.91ns)   --->   "%add_ln58_329 = add i9 %sext_ln73_18, i9 %sext_ln17_102" [firmware/nnet_utils/nnet_dense_latency.h:58]   --->   Operation 1103 'add' 'add_ln58_329' <Predicate = true> <Delay = 1.91> <CoreInst = "Adder">   --->   Core 1 'Adder' <Latency = 0> <II = 1> <Delay = 1.91> <FuncUnit> <Opcode : 'add' 'sub'> <InPorts = 2> <OutPorts = 1>
ST_2 : Operation 1104 [1/1] (0.00ns)   --->   "%sext_ln58_444 = sext i9 %add_ln58_329" [firmware/nnet_utils/nnet_dense_latency.h:58]   --->   Operation 1104 'sext' 'sext_ln58_444' <Predicate = true> <Delay = 0.00>
ST_2 : Operation 1105 [1/1] (1.91ns)   --->   "%add_ln58_330 = add i9 %sext_ln17_105, i9 %sext_ln17_106" [firmware/nnet_utils/nnet_dense_latency.h:58]   --->   Operation 1105 'add' 'add_ln58_330' <Predicate = true> <Delay = 1.91> <CoreInst = "Adder">   --->   Core 1 'Adder' <Latency = 0> <II = 1> <Delay = 1.91> <FuncUnit> <Opcode : 'add' 'sub'> <InPorts = 2> <OutPorts = 1>
ST_2 : Operation 1106 [1/1] (0.00ns)   --->   "%sext_ln58_445 = sext i9 %add_ln58_330" [firmware/nnet_utils/nnet_dense_latency.h:58]   --->   Operation 1106 'sext' 'sext_ln58_445' <Predicate = true> <Delay = 0.00>
ST_2 : Operation 1107 [1/1] (1.82ns)   --->   "%add_ln58_331 = add i10 %sext_ln58_445, i10 %sext_ln58_444" [firmware/nnet_utils/nnet_dense_latency.h:58]   --->   Operation 1107 'add' 'add_ln58_331' <Predicate = true> <Delay = 1.82> <CoreInst = "Adder">   --->   Core 1 'Adder' <Latency = 0> <II = 1> <Delay = 1.82> <FuncUnit> <Opcode : 'add' 'sub'> <InPorts = 2> <OutPorts = 1>
ST_2 : Operation 1108 [1/1] (0.00ns)   --->   "%sext_ln58_446 = sext i10 %add_ln58_331" [firmware/nnet_utils/nnet_dense_latency.h:58]   --->   Operation 1108 'sext' 'sext_ln58_446' <Predicate = true> <Delay = 0.00>
ST_2 : Operation 1109 [1/1] (1.91ns)   --->   "%add_ln58_332 = add i9 %sext_ln70_16, i9 %sext_ln17_114" [firmware/nnet_utils/nnet_dense_latency.h:58]   --->   Operation 1109 'add' 'add_ln58_332' <Predicate = true> <Delay = 1.91> <CoreInst = "Adder">   --->   Core 1 'Adder' <Latency = 0> <II = 1> <Delay = 1.91> <FuncUnit> <Opcode : 'add' 'sub'> <InPorts = 2> <OutPorts = 1>
ST_2 : Operation 1110 [1/1] (0.00ns)   --->   "%sext_ln58_447 = sext i9 %add_ln58_332" [firmware/nnet_utils/nnet_dense_latency.h:58]   --->   Operation 1110 'sext' 'sext_ln58_447' <Predicate = true> <Delay = 0.00>
ST_2 : Operation 1111 [1/1] (1.91ns)   --->   "%add_ln58_333 = add i9 %sext_ln70_22, i9 %sext_ln70_23" [firmware/nnet_utils/nnet_dense_latency.h:58]   --->   Operation 1111 'add' 'add_ln58_333' <Predicate = true> <Delay = 1.91> <CoreInst = "Adder">   --->   Core 1 'Adder' <Latency = 0> <II = 1> <Delay = 1.91> <FuncUnit> <Opcode : 'add' 'sub'> <InPorts = 2> <OutPorts = 1>
ST_2 : Operation 1112 [1/1] (0.00ns)   --->   "%sext_ln58_448 = sext i9 %add_ln58_333" [firmware/nnet_utils/nnet_dense_latency.h:58]   --->   Operation 1112 'sext' 'sext_ln58_448' <Predicate = true> <Delay = 0.00>
ST_2 : Operation 1113 [1/1] (1.82ns)   --->   "%add_ln58_334 = add i10 %sext_ln58_448, i10 %sext_ln58_447" [firmware/nnet_utils/nnet_dense_latency.h:58]   --->   Operation 1113 'add' 'add_ln58_334' <Predicate = true> <Delay = 1.82> <CoreInst = "Adder">   --->   Core 1 'Adder' <Latency = 0> <II = 1> <Delay = 1.82> <FuncUnit> <Opcode : 'add' 'sub'> <InPorts = 2> <OutPorts = 1>
ST_2 : Operation 1114 [1/1] (0.00ns)   --->   "%sext_ln58_449 = sext i10 %add_ln58_334" [firmware/nnet_utils/nnet_dense_latency.h:58]   --->   Operation 1114 'sext' 'sext_ln58_449' <Predicate = true> <Delay = 0.00>
ST_2 : Operation 1115 [1/1] (1.73ns)   --->   "%add_ln58_335 = add i11 %sext_ln58_449, i11 %sext_ln58_446" [firmware/nnet_utils/nnet_dense_latency.h:58]   --->   Operation 1115 'add' 'add_ln58_335' <Predicate = true> <Delay = 1.73> <CoreInst = "Adder">   --->   Core 1 'Adder' <Latency = 0> <II = 1> <Delay = 1.73> <FuncUnit> <Opcode : 'add' 'sub'> <InPorts = 2> <OutPorts = 1>
ST_2 : Operation 1116 [1/1] (0.00ns)   --->   "%sext_ln58_451 = sext i8 %data_25_val_read" [firmware/nnet_utils/nnet_dense_latency.h:58]   --->   Operation 1116 'sext' 'sext_ln58_451' <Predicate = true> <Delay = 0.00>
ST_2 : Operation 1117 [1/1] (0.00ns)   --->   "%sext_ln58_452 = sext i12 %add_ln58_137" [firmware/nnet_utils/nnet_dense_latency.h:58]   --->   Operation 1117 'sext' 'sext_ln58_452' <Predicate = true> <Delay = 0.00>
ST_2 : Operation 1118 [1/1] (0.00ns) (grouped into TernaryAdder)   --->   "%sub_ln58_172 = sub i13 %sext_ln58_452, i13 %sext_ln58_451" [firmware/nnet_utils/nnet_dense_latency.h:58]   --->   Operation 1118 'sub' 'sub_ln58_172' <Predicate = true> <Delay = 0.00> <CoreInst = "TAddSub">   --->   Core 10 'TAddSub' <Latency = 0> <II = 1> <Delay = 1.92> <IPBlock> <Opcode : 'add' 'sub'> <InPorts = 3> <OutPorts = 1> <Sync> <CReg>
ST_2 : Operation 1119 [1/1] (0.00ns)   --->   "%sext_ln58_453 = sext i9 %mult_57" [firmware/nnet_utils/nnet_dense_latency.h:58]   --->   Operation 1119 'sext' 'sext_ln58_453' <Predicate = true> <Delay = 0.00>
ST_2 : Operation 1120 [1/1] (1.82ns)   --->   "%sub_ln58_173 = sub i10 %sext_ln58_453, i10 %sext_ln17_90" [firmware/nnet_utils/nnet_dense_latency.h:58]   --->   Operation 1120 'sub' 'sub_ln58_173' <Predicate = true> <Delay = 1.82> <CoreInst = "Adder">   --->   Core 1 'Adder' <Latency = 0> <II = 1> <Delay = 1.82> <FuncUnit> <Opcode : 'add' 'sub'> <InPorts = 2> <OutPorts = 1>
ST_2 : Operation 1121 [1/1] (0.00ns)   --->   "%sext_ln58_454 = sext i10 %sub_ln58_173" [firmware/nnet_utils/nnet_dense_latency.h:58]   --->   Operation 1121 'sext' 'sext_ln58_454' <Predicate = true> <Delay = 0.00>
ST_2 : Operation 1122 [1/1] (3.81ns) (root node of TernaryAdder)   --->   "%add_ln58_337 = add i13 %sext_ln58_454, i13 %sub_ln58_172" [firmware/nnet_utils/nnet_dense_latency.h:58]   --->   Operation 1122 'add' 'add_ln58_337' <Predicate = true> <Delay = 3.81> <CoreInst = "TAddSub">   --->   Core 10 'TAddSub' <Latency = 0> <II = 1> <Delay = 1.92> <IPBlock> <Opcode : 'add' 'sub'> <InPorts = 3> <OutPorts = 1> <Sync> <CReg>
ST_2 : Operation 1123 [1/1] (1.91ns)   --->   "%add_ln58_340 = add i9 %sext_ln17_74, i9 %sext_ln70_10" [firmware/nnet_utils/nnet_dense_latency.h:58]   --->   Operation 1123 'add' 'add_ln58_340' <Predicate = true> <Delay = 1.91> <CoreInst = "Adder">   --->   Core 1 'Adder' <Latency = 0> <II = 1> <Delay = 1.91> <FuncUnit> <Opcode : 'add' 'sub'> <InPorts = 2> <OutPorts = 1>
ST_2 : Operation 1124 [1/1] (0.00ns)   --->   "%sext_ln58_458 = sext i9 %add_ln58_340" [firmware/nnet_utils/nnet_dense_latency.h:58]   --->   Operation 1124 'sext' 'sext_ln58_458' <Predicate = true> <Delay = 0.00>
ST_2 : Operation 1125 [1/1] (1.91ns)   --->   "%add_ln58_343 = add i9 %sext_ln70_20, i9 %sext_ln70_25" [firmware/nnet_utils/nnet_dense_latency.h:58]   --->   Operation 1125 'add' 'add_ln58_343' <Predicate = true> <Delay = 1.91> <CoreInst = "Adder">   --->   Core 1 'Adder' <Latency = 0> <II = 1> <Delay = 1.91> <FuncUnit> <Opcode : 'add' 'sub'> <InPorts = 2> <OutPorts = 1>
ST_2 : Operation 1126 [1/1] (0.00ns)   --->   "%sext_ln58_782 = sext i9 %tmp_293" [firmware/nnet_utils/nnet_dense_latency.h:58]   --->   Operation 1126 'sext' 'sext_ln58_782' <Predicate = true> <Delay = 0.00>
ST_2 : Operation 1127 [1/1] (0.00ns)   --->   "%sext_ln58_783 = sext i12 %add_ln58_166" [firmware/nnet_utils/nnet_dense_latency.h:58]   --->   Operation 1127 'sext' 'sext_ln58_783' <Predicate = true> <Delay = 0.00>
ST_2 : Operation 1128 [1/1] (0.00ns) (grouped into TernaryAdder)   --->   "%sub_ln58_287 = sub i13 %sext_ln58_783, i13 %sext_ln58_782" [firmware/nnet_utils/nnet_dense_latency.h:58]   --->   Operation 1128 'sub' 'sub_ln58_287' <Predicate = true> <Delay = 0.00> <CoreInst = "TAddSub">   --->   Core 10 'TAddSub' <Latency = 0> <II = 1> <Delay = 1.92> <IPBlock> <Opcode : 'add' 'sub'> <InPorts = 3> <OutPorts = 1> <Sync> <CReg>
ST_2 : Operation 1129 [1/1] (1.82ns)   --->   "%sub_ln58_178 = sub i10 %sext_ln58_389, i10 %sext_ln58_299" [firmware/nnet_utils/nnet_dense_latency.h:58]   --->   Operation 1129 'sub' 'sub_ln58_178' <Predicate = true> <Delay = 1.82> <CoreInst = "Adder">   --->   Core 1 'Adder' <Latency = 0> <II = 1> <Delay = 1.82> <FuncUnit> <Opcode : 'add' 'sub'> <InPorts = 2> <OutPorts = 1>
ST_2 : Operation 1130 [1/1] (0.00ns)   --->   "%sext_ln58_467 = sext i10 %sub_ln58_178" [firmware/nnet_utils/nnet_dense_latency.h:58]   --->   Operation 1130 'sext' 'sext_ln58_467' <Predicate = true> <Delay = 0.00>
ST_2 : Operation 1131 [1/1] (3.81ns) (root node of TernaryAdder)   --->   "%add_ln58_348 = add i13 %sext_ln58_467, i13 %sub_ln58_287" [firmware/nnet_utils/nnet_dense_latency.h:58]   --->   Operation 1131 'add' 'add_ln58_348' <Predicate = true> <Delay = 3.81> <CoreInst = "TAddSub">   --->   Core 10 'TAddSub' <Latency = 0> <II = 1> <Delay = 1.92> <IPBlock> <Opcode : 'add' 'sub'> <InPorts = 3> <OutPorts = 1> <Sync> <CReg>
ST_2 : Operation 1132 [1/1] (0.00ns)   --->   "%sext_ln58_468 = sext i10 %sub_ln58_149" [firmware/nnet_utils/nnet_dense_latency.h:58]   --->   Operation 1132 'sext' 'sext_ln58_468' <Predicate = true> <Delay = 0.00>
ST_2 : Operation 1133 [1/1] (1.82ns)   --->   "%sub_ln58_179 = sub i10 %sext_ln58_350, i10 %sext_ln17_101" [firmware/nnet_utils/nnet_dense_latency.h:58]   --->   Operation 1133 'sub' 'sub_ln58_179' <Predicate = true> <Delay = 1.82> <CoreInst = "Adder">   --->   Core 1 'Adder' <Latency = 0> <II = 1> <Delay = 1.82> <FuncUnit> <Opcode : 'add' 'sub'> <InPorts = 2> <OutPorts = 1>
ST_2 : Operation 1134 [1/1] (0.00ns)   --->   "%sext_ln58_469 = sext i10 %sub_ln58_179" [firmware/nnet_utils/nnet_dense_latency.h:58]   --->   Operation 1134 'sext' 'sext_ln58_469' <Predicate = true> <Delay = 0.00>
ST_2 : Operation 1135 [1/1] (1.73ns)   --->   "%add_ln58_349 = add i11 %sext_ln58_469, i11 %sext_ln58_468" [firmware/nnet_utils/nnet_dense_latency.h:58]   --->   Operation 1135 'add' 'add_ln58_349' <Predicate = true> <Delay = 1.73> <CoreInst = "Adder">   --->   Core 1 'Adder' <Latency = 0> <II = 1> <Delay = 1.73> <FuncUnit> <Opcode : 'add' 'sub'> <InPorts = 2> <OutPorts = 1>
ST_2 : Operation 1136 [1/1] (0.00ns) (grouped into TernaryAdder)   --->   "%add_ln58_359 = add i13 %sext_ln58_82, i13 %sext_ln17_71" [firmware/nnet_utils/nnet_dense_latency.h:58]   --->   Operation 1136 'add' 'add_ln58_359' <Predicate = true> <Delay = 0.00> <CoreInst = "TAddSub">   --->   Core 10 'TAddSub' <Latency = 0> <II = 1> <Delay = 1.92> <IPBlock> <Opcode : 'add' 'sub'> <InPorts = 3> <OutPorts = 1> <Sync> <CReg>
ST_2 : Operation 1137 [1/1] (1.82ns)   --->   "%sub_ln58_181 = sub i10 %sext_ln58_416, i10 %sext_ln17_80" [firmware/nnet_utils/nnet_dense_latency.h:58]   --->   Operation 1137 'sub' 'sub_ln58_181' <Predicate = true> <Delay = 1.82> <CoreInst = "Adder">   --->   Core 1 'Adder' <Latency = 0> <II = 1> <Delay = 1.82> <FuncUnit> <Opcode : 'add' 'sub'> <InPorts = 2> <OutPorts = 1>
ST_2 : Operation 1138 [1/1] (0.00ns)   --->   "%sext_ln58_479 = sext i10 %sub_ln58_181" [firmware/nnet_utils/nnet_dense_latency.h:58]   --->   Operation 1138 'sext' 'sext_ln58_479' <Predicate = true> <Delay = 0.00>
ST_2 : Operation 1139 [1/1] (3.81ns) (root node of TernaryAdder)   --->   "%add_ln58_360 = add i13 %sext_ln58_479, i13 %add_ln58_359" [firmware/nnet_utils/nnet_dense_latency.h:58]   --->   Operation 1139 'add' 'add_ln58_360' <Predicate = true> <Delay = 3.81> <CoreInst = "TAddSub">   --->   Core 10 'TAddSub' <Latency = 0> <II = 1> <Delay = 1.92> <IPBlock> <Opcode : 'add' 'sub'> <InPorts = 3> <OutPorts = 1> <Sync> <CReg>
ST_2 : Operation 1140 [1/1] (0.00ns)   --->   "%sext_ln58_493 = sext i8 %data_39_val_read" [firmware/nnet_utils/nnet_dense_latency.h:58]   --->   Operation 1140 'sext' 'sext_ln58_493' <Predicate = true> <Delay = 0.00>
ST_2 : Operation 1141 [1/1] (0.00ns)   --->   "%sext_ln58_494 = sext i12 %add_ln58_187" [firmware/nnet_utils/nnet_dense_latency.h:58]   --->   Operation 1141 'sext' 'sext_ln58_494' <Predicate = true> <Delay = 0.00>
ST_2 : Operation 1142 [1/1] (0.00ns) (grouped into TernaryAdder)   --->   "%sub_ln58_185 = sub i13 %sext_ln58_494, i13 %sext_ln58_493" [firmware/nnet_utils/nnet_dense_latency.h:58]   --->   Operation 1142 'sub' 'sub_ln58_185' <Predicate = true> <Delay = 0.00> <CoreInst = "TAddSub">   --->   Core 10 'TAddSub' <Latency = 0> <II = 1> <Delay = 1.92> <IPBlock> <Opcode : 'add' 'sub'> <InPorts = 3> <OutPorts = 1> <Sync> <CReg>
ST_2 : Operation 1143 [1/1] (0.00ns)   --->   "%sext_ln58_495 = sext i9 %mult_52" [firmware/nnet_utils/nnet_dense_latency.h:58]   --->   Operation 1143 'sext' 'sext_ln58_495' <Predicate = true> <Delay = 0.00>
ST_2 : Operation 1144 [1/1] (1.82ns)   --->   "%sub_ln58_186 = sub i10 %sext_ln58_495, i10 %sext_ln17_101" [firmware/nnet_utils/nnet_dense_latency.h:58]   --->   Operation 1144 'sub' 'sub_ln58_186' <Predicate = true> <Delay = 1.82> <CoreInst = "Adder">   --->   Core 1 'Adder' <Latency = 0> <II = 1> <Delay = 1.82> <FuncUnit> <Opcode : 'add' 'sub'> <InPorts = 2> <OutPorts = 1>
ST_2 : Operation 1145 [1/1] (0.00ns)   --->   "%sext_ln58_496 = sext i10 %sub_ln58_186" [firmware/nnet_utils/nnet_dense_latency.h:58]   --->   Operation 1145 'sext' 'sext_ln58_496' <Predicate = true> <Delay = 0.00>
ST_2 : Operation 1146 [1/1] (3.81ns) (root node of TernaryAdder)   --->   "%add_ln58_374 = add i13 %sext_ln58_496, i13 %sub_ln58_185" [firmware/nnet_utils/nnet_dense_latency.h:58]   --->   Operation 1146 'add' 'add_ln58_374' <Predicate = true> <Delay = 3.81> <CoreInst = "TAddSub">   --->   Core 10 'TAddSub' <Latency = 0> <II = 1> <Delay = 1.92> <IPBlock> <Opcode : 'add' 'sub'> <InPorts = 3> <OutPorts = 1> <Sync> <CReg>
ST_2 : Operation 1147 [1/1] (1.91ns)   --->   "%add_ln58_379 = add i9 %sext_ln17_119, i9 %sext_ln17_134" [firmware/nnet_utils/nnet_dense_latency.h:58]   --->   Operation 1147 'add' 'add_ln58_379' <Predicate = true> <Delay = 1.91> <CoreInst = "Adder">   --->   Core 1 'Adder' <Latency = 0> <II = 1> <Delay = 1.91> <FuncUnit> <Opcode : 'add' 'sub'> <InPorts = 2> <OutPorts = 1>
ST_2 : Operation 1148 [1/1] (0.00ns) (grouped into TernaryAdder)   --->   "%add_ln58_390 = add i13 %sext_ln58_102, i13 %sext_ln17_98" [firmware/nnet_utils/nnet_dense_latency.h:58]   --->   Operation 1148 'add' 'add_ln58_390' <Predicate = true> <Delay = 0.00> <CoreInst = "TAddSub">   --->   Core 10 'TAddSub' <Latency = 0> <II = 1> <Delay = 1.92> <IPBlock> <Opcode : 'add' 'sub'> <InPorts = 3> <OutPorts = 1> <Sync> <CReg>
ST_2 : Operation 1149 [1/1] (1.82ns)   --->   "%sub_ln58_194 = sub i10 %sext_ln58_375, i10 %sext_ln17_101" [firmware/nnet_utils/nnet_dense_latency.h:58]   --->   Operation 1149 'sub' 'sub_ln58_194' <Predicate = true> <Delay = 1.82> <CoreInst = "Adder">   --->   Core 1 'Adder' <Latency = 0> <II = 1> <Delay = 1.82> <FuncUnit> <Opcode : 'add' 'sub'> <InPorts = 2> <OutPorts = 1>
ST_2 : Operation 1150 [1/1] (0.00ns)   --->   "%sext_ln58_516 = sext i10 %sub_ln58_194" [firmware/nnet_utils/nnet_dense_latency.h:58]   --->   Operation 1150 'sext' 'sext_ln58_516' <Predicate = true> <Delay = 0.00>
ST_2 : Operation 1151 [1/1] (3.81ns) (root node of TernaryAdder)   --->   "%add_ln58_391 = add i13 %sext_ln58_516, i13 %add_ln58_390" [firmware/nnet_utils/nnet_dense_latency.h:58]   --->   Operation 1151 'add' 'add_ln58_391' <Predicate = true> <Delay = 3.81> <CoreInst = "TAddSub">   --->   Core 10 'TAddSub' <Latency = 0> <II = 1> <Delay = 1.92> <IPBlock> <Opcode : 'add' 'sub'> <InPorts = 3> <OutPorts = 1> <Sync> <CReg>
ST_2 : Operation 1152 [1/1] (0.00ns)   --->   "%sext_ln58_538 = sext i8 %data_37_val_read" [firmware/nnet_utils/nnet_dense_latency.h:58]   --->   Operation 1152 'sext' 'sext_ln58_538' <Predicate = true> <Delay = 0.00>
ST_2 : Operation 1153 [1/1] (0.00ns)   --->   "%sext_ln58_539 = sext i12 %add_ln58_221" [firmware/nnet_utils/nnet_dense_latency.h:58]   --->   Operation 1153 'sext' 'sext_ln58_539' <Predicate = true> <Delay = 0.00>
ST_2 : Operation 1154 [1/1] (0.00ns) (grouped into TernaryAdder)   --->   "%sub_ln58_200 = sub i13 %sext_ln58_539, i13 %sext_ln58_538" [firmware/nnet_utils/nnet_dense_latency.h:58]   --->   Operation 1154 'sub' 'sub_ln58_200' <Predicate = true> <Delay = 0.00> <CoreInst = "TAddSub">   --->   Core 10 'TAddSub' <Latency = 0> <II = 1> <Delay = 1.92> <IPBlock> <Opcode : 'add' 'sub'> <InPorts = 3> <OutPorts = 1> <Sync> <CReg>
ST_2 : Operation 1155 [1/1] (1.82ns)   --->   "%sub_ln58_201 = sub i10 %sext_ln58_453, i10 %sext_ln17_101" [firmware/nnet_utils/nnet_dense_latency.h:58]   --->   Operation 1155 'sub' 'sub_ln58_201' <Predicate = true> <Delay = 1.82> <CoreInst = "Adder">   --->   Core 1 'Adder' <Latency = 0> <II = 1> <Delay = 1.82> <FuncUnit> <Opcode : 'add' 'sub'> <InPorts = 2> <OutPorts = 1>
ST_2 : Operation 1156 [1/1] (0.00ns)   --->   "%sext_ln58_540 = sext i10 %sub_ln58_201" [firmware/nnet_utils/nnet_dense_latency.h:58]   --->   Operation 1156 'sext' 'sext_ln58_540' <Predicate = true> <Delay = 0.00>
ST_2 : Operation 1157 [1/1] (3.81ns) (root node of TernaryAdder)   --->   "%add_ln58_410 = add i13 %sext_ln58_540, i13 %sub_ln58_200" [firmware/nnet_utils/nnet_dense_latency.h:58]   --->   Operation 1157 'add' 'add_ln58_410' <Predicate = true> <Delay = 3.81> <CoreInst = "TAddSub">   --->   Core 10 'TAddSub' <Latency = 0> <II = 1> <Delay = 1.92> <IPBlock> <Opcode : 'add' 'sub'> <InPorts = 3> <OutPorts = 1> <Sync> <CReg>
ST_2 : Operation 1158 [1/1] (0.00ns)   --->   "%sext_ln58_548 = sext i8 %data_33_val_read" [firmware/nnet_utils/nnet_dense_latency.h:58]   --->   Operation 1158 'sext' 'sext_ln58_548' <Predicate = true> <Delay = 0.00>
ST_2 : Operation 1159 [1/1] (1.82ns)   --->   "%sub_ln58_204 = sub i10 %sext_ln17_92, i10 %sext_ln58_548" [firmware/nnet_utils/nnet_dense_latency.h:58]   --->   Operation 1159 'sub' 'sub_ln58_204' <Predicate = true> <Delay = 1.82> <CoreInst = "Adder">   --->   Core 1 'Adder' <Latency = 0> <II = 1> <Delay = 1.82> <FuncUnit> <Opcode : 'add' 'sub'> <InPorts = 2> <OutPorts = 1>
ST_2 : Operation 1160 [1/1] (1.82ns)   --->   "%sub_ln58_209 = sub i10 %sext_ln58_263, i10 %sext_ln58_237" [firmware/nnet_utils/nnet_dense_latency.h:58]   --->   Operation 1160 'sub' 'sub_ln58_209' <Predicate = true> <Delay = 1.82> <CoreInst = "Adder">   --->   Core 1 'Adder' <Latency = 0> <II = 1> <Delay = 1.82> <FuncUnit> <Opcode : 'add' 'sub'> <InPorts = 2> <OutPorts = 1>
ST_2 : Operation 1161 [1/1] (0.00ns)   --->   "%sext_ln58_562 = sext i10 %sub_ln58_209" [firmware/nnet_utils/nnet_dense_latency.h:58]   --->   Operation 1161 'sext' 'sext_ln58_562' <Predicate = true> <Delay = 0.00>
ST_2 : Operation 1162 [1/1] (0.00ns) (grouped into TernaryAdder)   --->   "%add_ln58_430 = add i12 %sext_ln58_562, i12 %add_ln58_429" [firmware/nnet_utils/nnet_dense_latency.h:58]   --->   Operation 1162 'add' 'add_ln58_430' <Predicate = true> <Delay = 0.00> <CoreInst = "TAddSub">   --->   Core 10 'TAddSub' <Latency = 0> <II = 1> <Delay = 1.92> <IPBlock> <Opcode : 'add' 'sub'> <InPorts = 3> <OutPorts = 1> <Sync> <CReg>
ST_2 : Operation 1163 [1/1] (1.91ns)   --->   "%add_ln58_431 = add i9 %sext_ln70_8, i9 %sext_ln17_62" [firmware/nnet_utils/nnet_dense_latency.h:58]   --->   Operation 1163 'add' 'add_ln58_431' <Predicate = true> <Delay = 1.91> <CoreInst = "Adder">   --->   Core 1 'Adder' <Latency = 0> <II = 1> <Delay = 1.91> <FuncUnit> <Opcode : 'add' 'sub'> <InPorts = 2> <OutPorts = 1>
ST_2 : Operation 1164 [1/1] (0.00ns)   --->   "%sext_ln58_563 = sext i9 %add_ln58_431" [firmware/nnet_utils/nnet_dense_latency.h:58]   --->   Operation 1164 'sext' 'sext_ln58_563' <Predicate = true> <Delay = 0.00>
ST_2 : Operation 1165 [1/1] (1.82ns)   --->   "%add_ln58_432 = add i10 %sext_ln58_243, i10 %sext_ln58_563" [firmware/nnet_utils/nnet_dense_latency.h:58]   --->   Operation 1165 'add' 'add_ln58_432' <Predicate = true> <Delay = 1.82> <CoreInst = "Adder">   --->   Core 1 'Adder' <Latency = 0> <II = 1> <Delay = 1.82> <FuncUnit> <Opcode : 'add' 'sub'> <InPorts = 2> <OutPorts = 1>
ST_2 : Operation 1166 [1/1] (0.00ns)   --->   "%sext_ln58_564 = sext i10 %add_ln58_432" [firmware/nnet_utils/nnet_dense_latency.h:58]   --->   Operation 1166 'sext' 'sext_ln58_564' <Predicate = true> <Delay = 0.00>
ST_2 : Operation 1167 [1/1] (3.78ns) (root node of TernaryAdder)   --->   "%add_ln58_433 = add i12 %sext_ln58_564, i12 %add_ln58_430" [firmware/nnet_utils/nnet_dense_latency.h:58]   --->   Operation 1167 'add' 'add_ln58_433' <Predicate = true> <Delay = 3.78> <CoreInst = "TAddSub">   --->   Core 10 'TAddSub' <Latency = 0> <II = 1> <Delay = 1.92> <IPBlock> <Opcode : 'add' 'sub'> <InPorts = 3> <OutPorts = 1> <Sync> <CReg>
ST_2 : Operation 1168 [1/1] (0.00ns)   --->   "%sext_ln58_565 = sext i12 %add_ln58_433" [firmware/nnet_utils/nnet_dense_latency.h:58]   --->   Operation 1168 'sext' 'sext_ln58_565' <Predicate = true> <Delay = 0.00>
ST_2 : Operation 1169 [1/1] (0.00ns) (grouped into TernaryAdder)   --->   "%sub_ln58_210 = sub i13 %sext_ln58_565, i13 %sext_ln17_81" [firmware/nnet_utils/nnet_dense_latency.h:58]   --->   Operation 1169 'sub' 'sub_ln58_210' <Predicate = true> <Delay = 0.00> <CoreInst = "TAddSub">   --->   Core 10 'TAddSub' <Latency = 0> <II = 1> <Delay = 1.92> <IPBlock> <Opcode : 'add' 'sub'> <InPorts = 3> <OutPorts = 1> <Sync> <CReg>
ST_2 : Operation 1170 [1/1] (1.82ns)   --->   "%sub_ln58_211 = sub i10 %sext_ln58_337, i10 %sext_ln73_16" [firmware/nnet_utils/nnet_dense_latency.h:58]   --->   Operation 1170 'sub' 'sub_ln58_211' <Predicate = true> <Delay = 1.82> <CoreInst = "Adder">   --->   Core 1 'Adder' <Latency = 0> <II = 1> <Delay = 1.82> <FuncUnit> <Opcode : 'add' 'sub'> <InPorts = 2> <OutPorts = 1>
ST_2 : Operation 1171 [1/1] (0.00ns)   --->   "%sext_ln58_566 = sext i10 %sub_ln58_211" [firmware/nnet_utils/nnet_dense_latency.h:58]   --->   Operation 1171 'sext' 'sext_ln58_566' <Predicate = true> <Delay = 0.00>
ST_2 : Operation 1172 [1/1] (3.81ns) (root node of TernaryAdder)   --->   "%add_ln58_434 = add i13 %sext_ln58_566, i13 %sub_ln58_210" [firmware/nnet_utils/nnet_dense_latency.h:58]   --->   Operation 1172 'add' 'add_ln58_434' <Predicate = true> <Delay = 3.81> <CoreInst = "TAddSub">   --->   Core 10 'TAddSub' <Latency = 0> <II = 1> <Delay = 1.92> <IPBlock> <Opcode : 'add' 'sub'> <InPorts = 3> <OutPorts = 1> <Sync> <CReg>
ST_2 : Operation 1173 [1/1] (1.82ns)   --->   "%sub_ln58_214 = sub i10 %sext_ln58_404, i10 %sext_ln17_93" [firmware/nnet_utils/nnet_dense_latency.h:58]   --->   Operation 1173 'sub' 'sub_ln58_214' <Predicate = true> <Delay = 1.82> <CoreInst = "Adder">   --->   Core 1 'Adder' <Latency = 0> <II = 1> <Delay = 1.82> <FuncUnit> <Opcode : 'add' 'sub'> <InPorts = 2> <OutPorts = 1>
ST_2 : Operation 1174 [1/1] (0.00ns)   --->   "%sext_ln58_576 = sext i10 %sub_ln58_214" [firmware/nnet_utils/nnet_dense_latency.h:58]   --->   Operation 1174 'sext' 'sext_ln58_576' <Predicate = true> <Delay = 0.00>
ST_2 : Operation 1175 [1/1] (1.54ns)   --->   "%add_ln58_444 = add i13 %sext_ln58_576, i13 %sext_ln58_98" [firmware/nnet_utils/nnet_dense_latency.h:58]   --->   Operation 1175 'add' 'add_ln58_444' <Predicate = true> <Delay = 1.54> <CoreInst = "Adder">   --->   Core 1 'Adder' <Latency = 0> <II = 1> <Delay = 1.54> <FuncUnit> <Opcode : 'add' 'sub'> <InPorts = 2> <OutPorts = 1>
ST_2 : Operation 1176 [1/1] (3.81ns) (root node of TernaryAdder)   --->   "%add_ln58_455 = add i13 %sub_ln58_133, i13 %sext_ln17_96" [firmware/nnet_utils/nnet_dense_latency.h:58]   --->   Operation 1176 'add' 'add_ln58_455' <Predicate = true> <Delay = 3.81> <CoreInst = "TAddSub">   --->   Core 10 'TAddSub' <Latency = 0> <II = 1> <Delay = 1.92> <IPBlock> <Opcode : 'add' 'sub'> <InPorts = 3> <OutPorts = 1> <Sync> <CReg>
ST_2 : Operation 1177 [1/1] (1.63ns)   --->   "%add_ln58_471 = add i12 %sext_ln58_79, i12 %sext_ln17_76" [firmware/nnet_utils/nnet_dense_latency.h:58]   --->   Operation 1177 'add' 'add_ln58_471' <Predicate = true> <Delay = 1.63> <CoreInst = "Adder">   --->   Core 1 'Adder' <Latency = 0> <II = 1> <Delay = 1.63> <FuncUnit> <Opcode : 'add' 'sub'> <InPorts = 2> <OutPorts = 1>
ST_2 : Operation 1178 [1/1] (1.82ns)   --->   "%sub_ln58_218 = sub i10 %sext_ln58_306, i10 %sext_ln58_255" [firmware/nnet_utils/nnet_dense_latency.h:58]   --->   Operation 1178 'sub' 'sub_ln58_218' <Predicate = true> <Delay = 1.82> <CoreInst = "Adder">   --->   Core 1 'Adder' <Latency = 0> <II = 1> <Delay = 1.82> <FuncUnit> <Opcode : 'add' 'sub'> <InPorts = 2> <OutPorts = 1>
ST_2 : Operation 1179 [1/1] (0.00ns)   --->   "%sext_ln58_600 = sext i10 %sub_ln58_218" [firmware/nnet_utils/nnet_dense_latency.h:58]   --->   Operation 1179 'sext' 'sext_ln58_600' <Predicate = true> <Delay = 0.00>
ST_2 : Operation 1180 [1/1] (0.00ns) (grouped into TernaryAdder)   --->   "%add_ln58_472 = add i12 %sext_ln58_600, i12 %add_ln58_471" [firmware/nnet_utils/nnet_dense_latency.h:58]   --->   Operation 1180 'add' 'add_ln58_472' <Predicate = true> <Delay = 0.00> <CoreInst = "TAddSub">   --->   Core 10 'TAddSub' <Latency = 0> <II = 1> <Delay = 1.92> <IPBlock> <Opcode : 'add' 'sub'> <InPorts = 3> <OutPorts = 1> <Sync> <CReg>
ST_2 : Operation 1181 [1/1] (1.91ns)   --->   "%add_ln58_473 = add i9 %sext_ln17_82, i9 %sext_ln73_18" [firmware/nnet_utils/nnet_dense_latency.h:58]   --->   Operation 1181 'add' 'add_ln58_473' <Predicate = true> <Delay = 1.91> <CoreInst = "Adder">   --->   Core 1 'Adder' <Latency = 0> <II = 1> <Delay = 1.91> <FuncUnit> <Opcode : 'add' 'sub'> <InPorts = 2> <OutPorts = 1>
ST_2 : Operation 1182 [1/1] (0.00ns)   --->   "%sext_ln58_601 = sext i9 %add_ln58_473" [firmware/nnet_utils/nnet_dense_latency.h:58]   --->   Operation 1182 'sext' 'sext_ln58_601' <Predicate = true> <Delay = 0.00>
ST_2 : Operation 1183 [1/1] (1.82ns)   --->   "%add_ln58_474 = add i10 %sext_ln58_601, i10 %sext_ln58_458" [firmware/nnet_utils/nnet_dense_latency.h:58]   --->   Operation 1183 'add' 'add_ln58_474' <Predicate = true> <Delay = 1.82> <CoreInst = "Adder">   --->   Core 1 'Adder' <Latency = 0> <II = 1> <Delay = 1.82> <FuncUnit> <Opcode : 'add' 'sub'> <InPorts = 2> <OutPorts = 1>
ST_2 : Operation 1184 [1/1] (0.00ns)   --->   "%sext_ln58_602 = sext i10 %add_ln58_474" [firmware/nnet_utils/nnet_dense_latency.h:58]   --->   Operation 1184 'sext' 'sext_ln58_602' <Predicate = true> <Delay = 0.00>
ST_2 : Operation 1185 [1/1] (3.78ns) (root node of TernaryAdder)   --->   "%add_ln58_475 = add i12 %sext_ln58_602, i12 %add_ln58_472" [firmware/nnet_utils/nnet_dense_latency.h:58]   --->   Operation 1185 'add' 'add_ln58_475' <Predicate = true> <Delay = 3.78> <CoreInst = "TAddSub">   --->   Core 10 'TAddSub' <Latency = 0> <II = 1> <Delay = 1.92> <IPBlock> <Opcode : 'add' 'sub'> <InPorts = 3> <OutPorts = 1> <Sync> <CReg>
ST_2 : Operation 1186 [1/1] (1.82ns)   --->   "%sub_ln58_229 = sub i10 %sext_ln58_339, i10 %sext_ln58_336" [firmware/nnet_utils/nnet_dense_latency.h:58]   --->   Operation 1186 'sub' 'sub_ln58_229' <Predicate = true> <Delay = 1.82> <CoreInst = "Adder">   --->   Core 1 'Adder' <Latency = 0> <II = 1> <Delay = 1.82> <FuncUnit> <Opcode : 'add' 'sub'> <InPorts = 2> <OutPorts = 1>
ST_2 : Operation 1187 [1/1] (0.00ns)   --->   "%sext_ln58_627 = sext i10 %sub_ln58_229" [firmware/nnet_utils/nnet_dense_latency.h:58]   --->   Operation 1187 'sext' 'sext_ln58_627' <Predicate = true> <Delay = 0.00>
ST_2 : Operation 1188 [1/1] (1.54ns)   --->   "%add_ln58_495 = add i13 %sext_ln58_627, i13 %sext_ln58_96" [firmware/nnet_utils/nnet_dense_latency.h:58]   --->   Operation 1188 'add' 'add_ln58_495' <Predicate = true> <Delay = 1.54> <CoreInst = "Adder">   --->   Core 1 'Adder' <Latency = 0> <II = 1> <Delay = 1.54> <FuncUnit> <Opcode : 'add' 'sub'> <InPorts = 2> <OutPorts = 1>
ST_2 : Operation 1189 [1/1] (0.00ns)   --->   "%sext_ln58_631 = sext i9 %add_ln58_264" [firmware/nnet_utils/nnet_dense_latency.h:58]   --->   Operation 1189 'sext' 'sext_ln58_631' <Predicate = true> <Delay = 0.00>
ST_2 : Operation 1190 [1/1] (1.82ns)   --->   "%add_ln58_499 = add i10 %sext_ln58_631, i10 %sext_ln17_93" [firmware/nnet_utils/nnet_dense_latency.h:58]   --->   Operation 1190 'add' 'add_ln58_499' <Predicate = true> <Delay = 1.82> <CoreInst = "Adder">   --->   Core 1 'Adder' <Latency = 0> <II = 1> <Delay = 1.82> <FuncUnit> <Opcode : 'add' 'sub'> <InPorts = 2> <OutPorts = 1>
ST_2 : Operation 1191 [1/1] (0.00ns)   --->   "%sext_ln58_636 = sext i12 %add_ln58_173" [firmware/nnet_utils/nnet_dense_latency.h:58]   --->   Operation 1191 'sext' 'sext_ln58_636' <Predicate = true> <Delay = 0.00>
ST_2 : Operation 1192 [1/1] (0.00ns) (grouped into TernaryAdder)   --->   "%sub_ln58_230 = sub i13 %sext_ln58_636, i13 %sext_ln17_89" [firmware/nnet_utils/nnet_dense_latency.h:58]   --->   Operation 1192 'sub' 'sub_ln58_230' <Predicate = true> <Delay = 0.00> <CoreInst = "TAddSub">   --->   Core 10 'TAddSub' <Latency = 0> <II = 1> <Delay = 1.92> <IPBlock> <Opcode : 'add' 'sub'> <InPorts = 3> <OutPorts = 1> <Sync> <CReg>
ST_2 : Operation 1193 [1/1] (1.82ns)   --->   "%sub_ln58_231 = sub i10 %sext_ln58_453, i10 %sext_ln58_403" [firmware/nnet_utils/nnet_dense_latency.h:58]   --->   Operation 1193 'sub' 'sub_ln58_231' <Predicate = true> <Delay = 1.82> <CoreInst = "Adder">   --->   Core 1 'Adder' <Latency = 0> <II = 1> <Delay = 1.82> <FuncUnit> <Opcode : 'add' 'sub'> <InPorts = 2> <OutPorts = 1>
ST_2 : Operation 1194 [1/1] (0.00ns)   --->   "%sext_ln58_637 = sext i10 %sub_ln58_231" [firmware/nnet_utils/nnet_dense_latency.h:58]   --->   Operation 1194 'sext' 'sext_ln58_637' <Predicate = true> <Delay = 0.00>
ST_2 : Operation 1195 [1/1] (3.81ns) (root node of TernaryAdder)   --->   "%add_ln58_504 = add i13 %sext_ln58_637, i13 %sub_ln58_230" [firmware/nnet_utils/nnet_dense_latency.h:58]   --->   Operation 1195 'add' 'add_ln58_504' <Predicate = true> <Delay = 3.81> <CoreInst = "TAddSub">   --->   Core 10 'TAddSub' <Latency = 0> <II = 1> <Delay = 1.92> <IPBlock> <Opcode : 'add' 'sub'> <InPorts = 3> <OutPorts = 1> <Sync> <CReg>
ST_2 : Operation 1196 [1/1] (3.78ns) (root node of TernaryAdder)   --->   "%add_ln58_518 = add i12 %sub_ln58_82, i12 %sext_ln17_84" [firmware/nnet_utils/nnet_dense_latency.h:58]   --->   Operation 1196 'add' 'add_ln58_518' <Predicate = true> <Delay = 3.78> <CoreInst = "TAddSub">   --->   Core 10 'TAddSub' <Latency = 0> <II = 1> <Delay = 1.92> <IPBlock> <Opcode : 'add' 'sub'> <InPorts = 3> <OutPorts = 1> <Sync> <CReg>
ST_2 : Operation 1197 [1/1] (1.82ns)   --->   "%sub_ln58_234 = sub i10 %sext_ln58_219, i10 %sext_ln73_11" [firmware/nnet_utils/nnet_dense_latency.h:58]   --->   Operation 1197 'sub' 'sub_ln58_234' <Predicate = true> <Delay = 1.82> <CoreInst = "Adder">   --->   Core 1 'Adder' <Latency = 0> <II = 1> <Delay = 1.82> <FuncUnit> <Opcode : 'add' 'sub'> <InPorts = 2> <OutPorts = 1>
ST_2 : Operation 1198 [1/1] (0.00ns)   --->   "%sext_ln58_649 = sext i10 %sub_ln58_234" [firmware/nnet_utils/nnet_dense_latency.h:58]   --->   Operation 1198 'sext' 'sext_ln58_649' <Predicate = true> <Delay = 0.00>
ST_2 : Operation 1199 [1/1] (0.00ns) (grouped into TernaryAdder)   --->   "%add_ln58_519 = add i12 %sext_ln58_649, i12 %add_ln58_518" [firmware/nnet_utils/nnet_dense_latency.h:58]   --->   Operation 1199 'add' 'add_ln58_519' <Predicate = true> <Delay = 0.00> <CoreInst = "TAddSub">   --->   Core 10 'TAddSub' <Latency = 0> <II = 1> <Delay = 1.92> <IPBlock> <Opcode : 'add' 'sub'> <InPorts = 3> <OutPorts = 1> <Sync> <CReg>
ST_2 : Operation 1200 [1/1] (1.91ns)   --->   "%add_ln58_520 = add i9 %sext_ln70_13, i9 %sext_ln70_14" [firmware/nnet_utils/nnet_dense_latency.h:58]   --->   Operation 1200 'add' 'add_ln58_520' <Predicate = true> <Delay = 1.91> <CoreInst = "Adder">   --->   Core 1 'Adder' <Latency = 0> <II = 1> <Delay = 1.91> <FuncUnit> <Opcode : 'add' 'sub'> <InPorts = 2> <OutPorts = 1>
ST_2 : Operation 1201 [1/1] (0.00ns)   --->   "%sext_ln58_650 = sext i9 %add_ln58_520" [firmware/nnet_utils/nnet_dense_latency.h:58]   --->   Operation 1201 'sext' 'sext_ln58_650' <Predicate = true> <Delay = 0.00>
ST_2 : Operation 1202 [1/1] (1.82ns)   --->   "%add_ln58_521 = add i10 %sext_ln58_650, i10 %sext_ln58_249" [firmware/nnet_utils/nnet_dense_latency.h:58]   --->   Operation 1202 'add' 'add_ln58_521' <Predicate = true> <Delay = 1.82> <CoreInst = "Adder">   --->   Core 1 'Adder' <Latency = 0> <II = 1> <Delay = 1.82> <FuncUnit> <Opcode : 'add' 'sub'> <InPorts = 2> <OutPorts = 1>
ST_2 : Operation 1203 [1/1] (0.00ns)   --->   "%sext_ln58_651 = sext i10 %add_ln58_521" [firmware/nnet_utils/nnet_dense_latency.h:58]   --->   Operation 1203 'sext' 'sext_ln58_651' <Predicate = true> <Delay = 0.00>
ST_2 : Operation 1204 [1/1] (3.78ns) (root node of TernaryAdder)   --->   "%add_ln58_522 = add i12 %sext_ln58_651, i12 %add_ln58_519" [firmware/nnet_utils/nnet_dense_latency.h:58]   --->   Operation 1204 'add' 'add_ln58_522' <Predicate = true> <Delay = 3.78> <CoreInst = "TAddSub">   --->   Core 10 'TAddSub' <Latency = 0> <II = 1> <Delay = 1.92> <IPBlock> <Opcode : 'add' 'sub'> <InPorts = 3> <OutPorts = 1> <Sync> <CReg>
ST_2 : Operation 1205 [1/1] (0.00ns)   --->   "%sext_ln58_652 = sext i8 %data_38_val_read" [firmware/nnet_utils/nnet_dense_latency.h:58]   --->   Operation 1205 'sext' 'sext_ln58_652' <Predicate = true> <Delay = 0.00>
ST_2 : Operation 1206 [1/1] (0.00ns)   --->   "%sext_ln58_653 = sext i12 %add_ln58_522" [firmware/nnet_utils/nnet_dense_latency.h:58]   --->   Operation 1206 'sext' 'sext_ln58_653' <Predicate = true> <Delay = 0.00>
ST_2 : Operation 1207 [1/1] (0.00ns) (grouped into TernaryAdder)   --->   "%sub_ln58_235 = sub i13 %sext_ln58_653, i13 %sext_ln58_652" [firmware/nnet_utils/nnet_dense_latency.h:58]   --->   Operation 1207 'sub' 'sub_ln58_235' <Predicate = true> <Delay = 0.00> <CoreInst = "TAddSub">   --->   Core 10 'TAddSub' <Latency = 0> <II = 1> <Delay = 1.92> <IPBlock> <Opcode : 'add' 'sub'> <InPorts = 3> <OutPorts = 1> <Sync> <CReg>
ST_2 : Operation 1208 [1/1] (1.91ns)   --->   "%sub_ln58_236 = sub i9 %sext_ln70_15, i9 %sext_ln70_23" [firmware/nnet_utils/nnet_dense_latency.h:58]   --->   Operation 1208 'sub' 'sub_ln58_236' <Predicate = true> <Delay = 1.91> <CoreInst = "Adder">   --->   Core 1 'Adder' <Latency = 0> <II = 1> <Delay = 1.91> <FuncUnit> <Opcode : 'add' 'sub'> <InPorts = 2> <OutPorts = 1>
ST_2 : Operation 1209 [1/1] (0.00ns)   --->   "%sext_ln58_654 = sext i9 %sub_ln58_236" [firmware/nnet_utils/nnet_dense_latency.h:58]   --->   Operation 1209 'sext' 'sext_ln58_654' <Predicate = true> <Delay = 0.00>
ST_2 : Operation 1210 [1/1] (3.81ns) (root node of TernaryAdder)   --->   "%add_ln58_523 = add i13 %sext_ln58_654, i13 %sub_ln58_235" [firmware/nnet_utils/nnet_dense_latency.h:58]   --->   Operation 1210 'add' 'add_ln58_523' <Predicate = true> <Delay = 3.81> <CoreInst = "TAddSub">   --->   Core 10 'TAddSub' <Latency = 0> <II = 1> <Delay = 1.92> <IPBlock> <Opcode : 'add' 'sub'> <InPorts = 3> <OutPorts = 1> <Sync> <CReg>
ST_2 : Operation 1211 [1/1] (1.82ns)   --->   "%add_ln58_524 = add i10 %sext_ln58_445, i10 %sext_ln58_631" [firmware/nnet_utils/nnet_dense_latency.h:58]   --->   Operation 1211 'add' 'add_ln58_524' <Predicate = true> <Delay = 1.82> <CoreInst = "Adder">   --->   Core 1 'Adder' <Latency = 0> <II = 1> <Delay = 1.82> <FuncUnit> <Opcode : 'add' 'sub'> <InPorts = 2> <OutPorts = 1>
ST_2 : Operation 1212 [1/1] (1.82ns)   --->   "%sub_ln58_290 = sub i10 %sext_ln17_58, i10 %sext_ln73_19" [firmware/nnet_utils/nnet_dense_latency.h:58]   --->   Operation 1212 'sub' 'sub_ln58_290' <Predicate = true> <Delay = 1.82> <CoreInst = "Adder">   --->   Core 1 'Adder' <Latency = 0> <II = 1> <Delay = 1.82> <FuncUnit> <Opcode : 'add' 'sub'> <InPorts = 2> <OutPorts = 1>
ST_2 : Operation 1213 [1/1] (0.00ns)   --->   "%sext_ln58_666 = sext i10 %sub_ln58_290" [firmware/nnet_utils/nnet_dense_latency.h:58]   --->   Operation 1213 'sext' 'sext_ln58_666' <Predicate = true> <Delay = 0.00>
ST_2 : Operation 1214 [1/1] (0.00ns) (grouped into TernaryAdder)   --->   "%add_ln58_537 = add i12 %sext_ln58_666, i12 %sub_ln58_65" [firmware/nnet_utils/nnet_dense_latency.h:58]   --->   Operation 1214 'add' 'add_ln58_537' <Predicate = true> <Delay = 0.00> <CoreInst = "TAddSub">   --->   Core 10 'TAddSub' <Latency = 0> <II = 1> <Delay = 1.92> <IPBlock> <Opcode : 'add' 'sub'> <InPorts = 3> <OutPorts = 1> <Sync> <CReg>
ST_2 : Operation 1215 [1/1] (1.91ns)   --->   "%add_ln58_538 = add i9 %sext_ln70_7, i9 %sext_ln70_9" [firmware/nnet_utils/nnet_dense_latency.h:58]   --->   Operation 1215 'add' 'add_ln58_538' <Predicate = true> <Delay = 1.91> <CoreInst = "Adder">   --->   Core 1 'Adder' <Latency = 0> <II = 1> <Delay = 1.91> <FuncUnit> <Opcode : 'add' 'sub'> <InPorts = 2> <OutPorts = 1>
ST_2 : Operation 1216 [1/1] (0.00ns)   --->   "%sext_ln58_667 = sext i9 %add_ln58_538" [firmware/nnet_utils/nnet_dense_latency.h:58]   --->   Operation 1216 'sext' 'sext_ln58_667' <Predicate = true> <Delay = 0.00>
ST_2 : Operation 1217 [1/1] (1.82ns)   --->   "%sub_ln58_239 = sub i10 %sext_ln58_667, i10 %sext_ln17_61" [firmware/nnet_utils/nnet_dense_latency.h:58]   --->   Operation 1217 'sub' 'sub_ln58_239' <Predicate = true> <Delay = 1.82> <CoreInst = "Adder">   --->   Core 1 'Adder' <Latency = 0> <II = 1> <Delay = 1.82> <FuncUnit> <Opcode : 'add' 'sub'> <InPorts = 2> <OutPorts = 1>
ST_2 : Operation 1218 [1/1] (0.00ns)   --->   "%sext_ln58_668 = sext i10 %sub_ln58_239" [firmware/nnet_utils/nnet_dense_latency.h:58]   --->   Operation 1218 'sext' 'sext_ln58_668' <Predicate = true> <Delay = 0.00>
ST_2 : Operation 1219 [1/1] (3.78ns) (root node of TernaryAdder)   --->   "%add_ln58_539 = add i12 %sext_ln58_668, i12 %add_ln58_537" [firmware/nnet_utils/nnet_dense_latency.h:58]   --->   Operation 1219 'add' 'add_ln58_539' <Predicate = true> <Delay = 3.78> <CoreInst = "TAddSub">   --->   Core 10 'TAddSub' <Latency = 0> <II = 1> <Delay = 1.92> <IPBlock> <Opcode : 'add' 'sub'> <InPorts = 3> <OutPorts = 1> <Sync> <CReg>
ST_2 : Operation 1220 [1/1] (0.00ns)   --->   "%sext_ln58_146 = sext i12 %add_ln58_539" [firmware/nnet_utils/nnet_dense_latency.h:58]   --->   Operation 1220 'sext' 'sext_ln58_146' <Predicate = true> <Delay = 0.00>
ST_2 : Operation 1221 [1/1] (1.82ns)   --->   "%sub_ln58_291 = sub i10 %sext_ln17_70, i10 %sext_ln73_22" [firmware/nnet_utils/nnet_dense_latency.h:58]   --->   Operation 1221 'sub' 'sub_ln58_291' <Predicate = true> <Delay = 1.82> <CoreInst = "Adder">   --->   Core 1 'Adder' <Latency = 0> <II = 1> <Delay = 1.82> <FuncUnit> <Opcode : 'add' 'sub'> <InPorts = 2> <OutPorts = 1>
ST_2 : Operation 1222 [1/1] (0.00ns)   --->   "%sext_ln58_669 = sext i10 %sub_ln58_291" [firmware/nnet_utils/nnet_dense_latency.h:58]   --->   Operation 1222 'sext' 'sext_ln58_669' <Predicate = true> <Delay = 0.00>
ST_2 : Operation 1223 [1/1] (1.54ns)   --->   "%add_ln58_540 = add i13 %sext_ln58_669, i13 %sext_ln58_146" [firmware/nnet_utils/nnet_dense_latency.h:58]   --->   Operation 1223 'add' 'add_ln58_540' <Predicate = true> <Delay = 1.54> <CoreInst = "Adder">   --->   Core 1 'Adder' <Latency = 0> <II = 1> <Delay = 1.54> <FuncUnit> <Opcode : 'add' 'sub'> <InPorts = 2> <OutPorts = 1>
ST_2 : Operation 1224 [1/1] (1.82ns)   --->   "%sub_ln58_240 = sub i10 %sext_ln58_256, i10 %sext_ln17_80" [firmware/nnet_utils/nnet_dense_latency.h:58]   --->   Operation 1224 'sub' 'sub_ln58_240' <Predicate = true> <Delay = 1.82> <CoreInst = "Adder">   --->   Core 1 'Adder' <Latency = 0> <II = 1> <Delay = 1.82> <FuncUnit> <Opcode : 'add' 'sub'> <InPorts = 2> <OutPorts = 1>
ST_2 : Operation 1225 [1/1] (0.00ns)   --->   "%sext_ln58_670 = sext i10 %sub_ln58_240" [firmware/nnet_utils/nnet_dense_latency.h:58]   --->   Operation 1225 'sext' 'sext_ln58_670' <Predicate = true> <Delay = 0.00>
ST_2 : Operation 1226 [1/1] (1.82ns)   --->   "%sub_ln58_241 = sub i10 %sext_ln58_416, i10 %sext_ln58_299" [firmware/nnet_utils/nnet_dense_latency.h:58]   --->   Operation 1226 'sub' 'sub_ln58_241' <Predicate = true> <Delay = 1.82> <CoreInst = "Adder">   --->   Core 1 'Adder' <Latency = 0> <II = 1> <Delay = 1.82> <FuncUnit> <Opcode : 'add' 'sub'> <InPorts = 2> <OutPorts = 1>
ST_2 : Operation 1227 [1/1] (0.00ns)   --->   "%sext_ln58_671 = sext i10 %sub_ln58_241" [firmware/nnet_utils/nnet_dense_latency.h:58]   --->   Operation 1227 'sext' 'sext_ln58_671' <Predicate = true> <Delay = 0.00>
ST_2 : Operation 1228 [1/1] (1.73ns)   --->   "%add_ln58_541 = add i11 %sext_ln58_671, i11 %sext_ln58_670" [firmware/nnet_utils/nnet_dense_latency.h:58]   --->   Operation 1228 'add' 'add_ln58_541' <Predicate = true> <Delay = 1.73> <CoreInst = "Adder">   --->   Core 1 'Adder' <Latency = 0> <II = 1> <Delay = 1.73> <FuncUnit> <Opcode : 'add' 'sub'> <InPorts = 2> <OutPorts = 1>
ST_2 : Operation 1229 [1/1] (0.00ns)   --->   "%sext_ln58_672 = sext i11 %add_ln58_541" [firmware/nnet_utils/nnet_dense_latency.h:58]   --->   Operation 1229 'sext' 'sext_ln58_672' <Predicate = true> <Delay = 0.00>
ST_2 : Operation 1230 [1/1] (0.00ns) (grouped into TernaryAdder)   --->   "%add_ln58_542 = add i13 %sext_ln58_672, i13 %add_ln58_540" [firmware/nnet_utils/nnet_dense_latency.h:58]   --->   Operation 1230 'add' 'add_ln58_542' <Predicate = true> <Delay = 0.00> <CoreInst = "TAddSub">   --->   Core 10 'TAddSub' <Latency = 0> <II = 1> <Delay = 1.92> <IPBlock> <Opcode : 'add' 'sub'> <InPorts = 3> <OutPorts = 1> <Sync> <CReg>
ST_2 : Operation 1231 [1/1] (1.91ns)   --->   "%sub_ln58_242 = sub i9 %sext_ln17_74, i9 %sext_ln17_104" [firmware/nnet_utils/nnet_dense_latency.h:58]   --->   Operation 1231 'sub' 'sub_ln58_242' <Predicate = true> <Delay = 1.91> <CoreInst = "Adder">   --->   Core 1 'Adder' <Latency = 0> <II = 1> <Delay = 1.91> <FuncUnit> <Opcode : 'add' 'sub'> <InPorts = 2> <OutPorts = 1>
ST_2 : Operation 1232 [1/1] (0.00ns)   --->   "%sext_ln58_673 = sext i9 %sub_ln58_242" [firmware/nnet_utils/nnet_dense_latency.h:58]   --->   Operation 1232 'sext' 'sext_ln58_673' <Predicate = true> <Delay = 0.00>
ST_2 : Operation 1233 [1/1] (1.82ns)   --->   "%add_ln58_543 = add i10 %sext_ln58_673, i10 %sext_ln17_99" [firmware/nnet_utils/nnet_dense_latency.h:58]   --->   Operation 1233 'add' 'add_ln58_543' <Predicate = true> <Delay = 1.82> <CoreInst = "Adder">   --->   Core 1 'Adder' <Latency = 0> <II = 1> <Delay = 1.82> <FuncUnit> <Opcode : 'add' 'sub'> <InPorts = 2> <OutPorts = 1>
ST_2 : Operation 1234 [1/1] (0.00ns)   --->   "%sext_ln58_674 = sext i10 %add_ln58_543" [firmware/nnet_utils/nnet_dense_latency.h:58]   --->   Operation 1234 'sext' 'sext_ln58_674' <Predicate = true> <Delay = 0.00>
ST_2 : Operation 1235 [1/1] (1.91ns)   --->   "%add_ln58_544 = add i9 %sext_ln17_78, i9 %sext_ln73_15" [firmware/nnet_utils/nnet_dense_latency.h:58]   --->   Operation 1235 'add' 'add_ln58_544' <Predicate = true> <Delay = 1.91> <CoreInst = "Adder">   --->   Core 1 'Adder' <Latency = 0> <II = 1> <Delay = 1.91> <FuncUnit> <Opcode : 'add' 'sub'> <InPorts = 2> <OutPorts = 1>
ST_2 : Operation 1236 [1/1] (0.00ns)   --->   "%sext_ln58_675 = sext i9 %add_ln58_544" [firmware/nnet_utils/nnet_dense_latency.h:58]   --->   Operation 1236 'sext' 'sext_ln58_675' <Predicate = true> <Delay = 0.00>
ST_2 : Operation 1237 [1/1] (1.91ns)   --->   "%add_ln58_545 = add i9 %sext_ln70_14, i9 %sext_ln17_94" [firmware/nnet_utils/nnet_dense_latency.h:58]   --->   Operation 1237 'add' 'add_ln58_545' <Predicate = true> <Delay = 1.91> <CoreInst = "Adder">   --->   Core 1 'Adder' <Latency = 0> <II = 1> <Delay = 1.91> <FuncUnit> <Opcode : 'add' 'sub'> <InPorts = 2> <OutPorts = 1>
ST_2 : Operation 1238 [1/1] (0.00ns)   --->   "%sext_ln58_676 = sext i9 %add_ln58_545" [firmware/nnet_utils/nnet_dense_latency.h:58]   --->   Operation 1238 'sext' 'sext_ln58_676' <Predicate = true> <Delay = 0.00>
ST_2 : Operation 1239 [1/1] (1.82ns)   --->   "%add_ln58_546 = add i10 %sext_ln58_676, i10 %sext_ln58_675" [firmware/nnet_utils/nnet_dense_latency.h:58]   --->   Operation 1239 'add' 'add_ln58_546' <Predicate = true> <Delay = 1.82> <CoreInst = "Adder">   --->   Core 1 'Adder' <Latency = 0> <II = 1> <Delay = 1.82> <FuncUnit> <Opcode : 'add' 'sub'> <InPorts = 2> <OutPorts = 1>
ST_2 : Operation 1240 [1/1] (0.00ns)   --->   "%sext_ln58_677 = sext i10 %add_ln58_546" [firmware/nnet_utils/nnet_dense_latency.h:58]   --->   Operation 1240 'sext' 'sext_ln58_677' <Predicate = true> <Delay = 0.00>
ST_2 : Operation 1241 [1/1] (1.73ns)   --->   "%add_ln58_547 = add i11 %sext_ln58_677, i11 %sext_ln58_674" [firmware/nnet_utils/nnet_dense_latency.h:58]   --->   Operation 1241 'add' 'add_ln58_547' <Predicate = true> <Delay = 1.73> <CoreInst = "Adder">   --->   Core 1 'Adder' <Latency = 0> <II = 1> <Delay = 1.73> <FuncUnit> <Opcode : 'add' 'sub'> <InPorts = 2> <OutPorts = 1>
ST_2 : Operation 1242 [1/1] (0.00ns)   --->   "%sext_ln58_678 = sext i11 %add_ln58_547" [firmware/nnet_utils/nnet_dense_latency.h:58]   --->   Operation 1242 'sext' 'sext_ln58_678' <Predicate = true> <Delay = 0.00>
ST_2 : Operation 1243 [1/1] (3.81ns) (root node of TernaryAdder)   --->   "%add_ln58_548 = add i13 %sext_ln58_678, i13 %add_ln58_542" [firmware/nnet_utils/nnet_dense_latency.h:58]   --->   Operation 1243 'add' 'add_ln58_548' <Predicate = true> <Delay = 3.81> <CoreInst = "TAddSub">   --->   Core 10 'TAddSub' <Latency = 0> <II = 1> <Delay = 1.92> <IPBlock> <Opcode : 'add' 'sub'> <InPorts = 3> <OutPorts = 1> <Sync> <CReg>
ST_2 : Operation 1244 [1/1] (1.82ns)   --->   "%sub_ln58_250 = sub i10 %sext_ln17_70, i10 %sext_ln17_61" [firmware/nnet_utils/nnet_dense_latency.h:58]   --->   Operation 1244 'sub' 'sub_ln58_250' <Predicate = true> <Delay = 1.82> <CoreInst = "Adder">   --->   Core 1 'Adder' <Latency = 0> <II = 1> <Delay = 1.82> <FuncUnit> <Opcode : 'add' 'sub'> <InPorts = 2> <OutPorts = 1>
ST_2 : Operation 1245 [1/1] (0.00ns)   --->   "%sext_ln58_701 = sext i10 %sub_ln58_250" [firmware/nnet_utils/nnet_dense_latency.h:58]   --->   Operation 1245 'sext' 'sext_ln58_701' <Predicate = true> <Delay = 0.00>
ST_2 : Operation 1246 [1/1] (3.81ns) (root node of TernaryAdder)   --->   "%add_ln58_569 = add i13 %sext_ln58_701, i13 %sub_ln58_84" [firmware/nnet_utils/nnet_dense_latency.h:58]   --->   Operation 1246 'add' 'add_ln58_569' <Predicate = true> <Delay = 3.81> <CoreInst = "TAddSub">   --->   Core 10 'TAddSub' <Latency = 0> <II = 1> <Delay = 1.92> <IPBlock> <Opcode : 'add' 'sub'> <InPorts = 3> <OutPorts = 1> <Sync> <CReg>
ST_2 : Operation 1247 [1/1] (1.82ns)   --->   "%sub_ln58_251 = sub i10 %sext_ln58_291, i10 %sext_ln17_77" [firmware/nnet_utils/nnet_dense_latency.h:58]   --->   Operation 1247 'sub' 'sub_ln58_251' <Predicate = true> <Delay = 1.82> <CoreInst = "Adder">   --->   Core 1 'Adder' <Latency = 0> <II = 1> <Delay = 1.82> <FuncUnit> <Opcode : 'add' 'sub'> <InPorts = 2> <OutPorts = 1>
ST_2 : Operation 1248 [1/1] (0.00ns)   --->   "%sext_ln58_702 = sext i10 %sub_ln58_251" [firmware/nnet_utils/nnet_dense_latency.h:58]   --->   Operation 1248 'sext' 'sext_ln58_702' <Predicate = true> <Delay = 0.00>
ST_2 : Operation 1249 [1/1] (0.00ns)   --->   "%sext_ln58_703 = sext i9 %mult_44" [firmware/nnet_utils/nnet_dense_latency.h:58]   --->   Operation 1249 'sext' 'sext_ln58_703' <Predicate = true> <Delay = 0.00>
ST_2 : Operation 1250 [1/1] (1.82ns)   --->   "%sub_ln58_252 = sub i10 %sext_ln58_703, i10 %sext_ln73_16" [firmware/nnet_utils/nnet_dense_latency.h:58]   --->   Operation 1250 'sub' 'sub_ln58_252' <Predicate = true> <Delay = 1.82> <CoreInst = "Adder">   --->   Core 1 'Adder' <Latency = 0> <II = 1> <Delay = 1.82> <FuncUnit> <Opcode : 'add' 'sub'> <InPorts = 2> <OutPorts = 1>
ST_2 : Operation 1251 [1/1] (0.00ns)   --->   "%sext_ln58_704 = sext i10 %sub_ln58_252" [firmware/nnet_utils/nnet_dense_latency.h:58]   --->   Operation 1251 'sext' 'sext_ln58_704' <Predicate = true> <Delay = 0.00>
ST_2 : Operation 1252 [1/1] (1.73ns)   --->   "%add_ln58_570 = add i11 %sext_ln58_704, i11 %sext_ln58_702" [firmware/nnet_utils/nnet_dense_latency.h:58]   --->   Operation 1252 'add' 'add_ln58_570' <Predicate = true> <Delay = 1.73> <CoreInst = "Adder">   --->   Core 1 'Adder' <Latency = 0> <II = 1> <Delay = 1.73> <FuncUnit> <Opcode : 'add' 'sub'> <InPorts = 2> <OutPorts = 1>
ST_2 : Operation 1253 [1/1] (0.00ns)   --->   "%sext_ln58_705 = sext i11 %add_ln58_570" [firmware/nnet_utils/nnet_dense_latency.h:58]   --->   Operation 1253 'sext' 'sext_ln58_705' <Predicate = true> <Delay = 0.00>
ST_2 : Operation 1254 [1/1] (0.00ns) (grouped into TernaryAdder)   --->   "%add_ln58_571 = add i13 %sext_ln58_705, i13 %add_ln58_569" [firmware/nnet_utils/nnet_dense_latency.h:58]   --->   Operation 1254 'add' 'add_ln58_571' <Predicate = true> <Delay = 0.00> <CoreInst = "TAddSub">   --->   Core 10 'TAddSub' <Latency = 0> <II = 1> <Delay = 1.92> <IPBlock> <Opcode : 'add' 'sub'> <InPorts = 3> <OutPorts = 1> <Sync> <CReg>
ST_2 : Operation 1255 [1/1] (1.82ns)   --->   "%sub_ln58_253 = sub i10 %sext_ln58_337, i10 %sext_ln58_403" [firmware/nnet_utils/nnet_dense_latency.h:58]   --->   Operation 1255 'sub' 'sub_ln58_253' <Predicate = true> <Delay = 1.82> <CoreInst = "Adder">   --->   Core 1 'Adder' <Latency = 0> <II = 1> <Delay = 1.82> <FuncUnit> <Opcode : 'add' 'sub'> <InPorts = 2> <OutPorts = 1>
ST_2 : Operation 1256 [1/1] (1.91ns)   --->   "%sub_ln58_254 = sub i9 %sext_ln73_12, i9 %sext_ln17_102" [firmware/nnet_utils/nnet_dense_latency.h:58]   --->   Operation 1256 'sub' 'sub_ln58_254' <Predicate = true> <Delay = 1.91> <CoreInst = "Adder">   --->   Core 1 'Adder' <Latency = 0> <II = 1> <Delay = 1.91> <FuncUnit> <Opcode : 'add' 'sub'> <InPorts = 2> <OutPorts = 1>
ST_2 : Operation 1257 [1/1] (0.00ns)   --->   "%sext_ln58_706 = sext i9 %sub_ln58_254" [firmware/nnet_utils/nnet_dense_latency.h:58]   --->   Operation 1257 'sext' 'sext_ln58_706' <Predicate = true> <Delay = 0.00>
ST_2 : Operation 1258 [1/1] (1.73ns)   --->   "%add_ln58_572 = add i10 %sext_ln58_706, i10 %sub_ln58_253" [firmware/nnet_utils/nnet_dense_latency.h:58]   --->   Operation 1258 'add' 'add_ln58_572' <Predicate = true> <Delay = 1.73> <CoreInst = "Adder">   --->   Core 1 'Adder' <Latency = 0> <II = 1> <Delay = 1.73> <FuncUnit> <Opcode : 'add' 'sub'> <InPorts = 2> <OutPorts = 1>
ST_2 : Operation 1259 [1/1] (0.00ns)   --->   "%sext_ln58_707 = sext i10 %add_ln58_572" [firmware/nnet_utils/nnet_dense_latency.h:58]   --->   Operation 1259 'sext' 'sext_ln58_707' <Predicate = true> <Delay = 0.00>
ST_2 : Operation 1260 [1/1] (1.91ns)   --->   "%add_ln58_573 = add i9 %sext_ln17_74, i9 %sext_ln70_12" [firmware/nnet_utils/nnet_dense_latency.h:58]   --->   Operation 1260 'add' 'add_ln58_573' <Predicate = true> <Delay = 1.91> <CoreInst = "Adder">   --->   Core 1 'Adder' <Latency = 0> <II = 1> <Delay = 1.91> <FuncUnit> <Opcode : 'add' 'sub'> <InPorts = 2> <OutPorts = 1>
ST_2 : Operation 1261 [1/1] (0.00ns)   --->   "%sext_ln58_708 = sext i9 %add_ln58_573" [firmware/nnet_utils/nnet_dense_latency.h:58]   --->   Operation 1261 'sext' 'sext_ln58_708' <Predicate = true> <Delay = 0.00>
ST_2 : Operation 1262 [1/1] (1.82ns)   --->   "%add_ln58_574 = add i10 %sext_ln58_650, i10 %sext_ln58_708" [firmware/nnet_utils/nnet_dense_latency.h:58]   --->   Operation 1262 'add' 'add_ln58_574' <Predicate = true> <Delay = 1.82> <CoreInst = "Adder">   --->   Core 1 'Adder' <Latency = 0> <II = 1> <Delay = 1.82> <FuncUnit> <Opcode : 'add' 'sub'> <InPorts = 2> <OutPorts = 1>
ST_2 : Operation 1263 [1/1] (0.00ns)   --->   "%sext_ln58_709 = sext i10 %add_ln58_574" [firmware/nnet_utils/nnet_dense_latency.h:58]   --->   Operation 1263 'sext' 'sext_ln58_709' <Predicate = true> <Delay = 0.00>
ST_2 : Operation 1264 [1/1] (1.73ns)   --->   "%add_ln58_575 = add i11 %sext_ln58_709, i11 %sext_ln58_707" [firmware/nnet_utils/nnet_dense_latency.h:58]   --->   Operation 1264 'add' 'add_ln58_575' <Predicate = true> <Delay = 1.73> <CoreInst = "Adder">   --->   Core 1 'Adder' <Latency = 0> <II = 1> <Delay = 1.73> <FuncUnit> <Opcode : 'add' 'sub'> <InPorts = 2> <OutPorts = 1>
ST_2 : Operation 1265 [1/1] (0.00ns)   --->   "%sext_ln58_710 = sext i11 %add_ln58_575" [firmware/nnet_utils/nnet_dense_latency.h:58]   --->   Operation 1265 'sext' 'sext_ln58_710' <Predicate = true> <Delay = 0.00>
ST_2 : Operation 1266 [1/1] (3.81ns) (root node of TernaryAdder)   --->   "%add_ln58_576 = add i13 %sext_ln58_710, i13 %add_ln58_571" [firmware/nnet_utils/nnet_dense_latency.h:58]   --->   Operation 1266 'add' 'add_ln58_576' <Predicate = true> <Delay = 3.81> <CoreInst = "TAddSub">   --->   Core 10 'TAddSub' <Latency = 0> <II = 1> <Delay = 1.92> <IPBlock> <Opcode : 'add' 'sub'> <InPorts = 3> <OutPorts = 1> <Sync> <CReg>
ST_2 : Operation 1267 [1/1] (1.82ns)   --->   "%sub_ln58_256 = sub i10 %sext_ln58_352, i10 %sext_ln17_112" [firmware/nnet_utils/nnet_dense_latency.h:58]   --->   Operation 1267 'sub' 'sub_ln58_256' <Predicate = true> <Delay = 1.82> <CoreInst = "Adder">   --->   Core 1 'Adder' <Latency = 0> <II = 1> <Delay = 1.82> <FuncUnit> <Opcode : 'add' 'sub'> <InPorts = 2> <OutPorts = 1>
ST_2 : Operation 1268 [1/1] (1.82ns)   --->   "%add_ln58_590 = add i10 %sext_ln58_631, i10 %sext_ln17_97" [firmware/nnet_utils/nnet_dense_latency.h:58]   --->   Operation 1268 'add' 'add_ln58_590' <Predicate = true> <Delay = 1.82> <CoreInst = "Adder">   --->   Core 1 'Adder' <Latency = 0> <II = 1> <Delay = 1.82> <FuncUnit> <Opcode : 'add' 'sub'> <InPorts = 2> <OutPorts = 1>
ST_2 : Operation 1269 [1/1] (0.00ns)   --->   "%sext_ln58_735 = sext i9 %sub_ln58_105" [firmware/nnet_utils/nnet_dense_latency.h:58]   --->   Operation 1269 'sext' 'sext_ln58_735' <Predicate = true> <Delay = 0.00>
ST_2 : Operation 1270 [1/1] (0.00ns) (grouped into TernaryAdder)   --->   "%add_ln58_601 = add i12 %sext_ln58_735, i12 %add_ln58_600" [firmware/nnet_utils/nnet_dense_latency.h:58]   --->   Operation 1270 'add' 'add_ln58_601' <Predicate = true> <Delay = 0.00> <CoreInst = "TAddSub">   --->   Core 10 'TAddSub' <Latency = 0> <II = 1> <Delay = 1.92> <IPBlock> <Opcode : 'add' 'sub'> <InPorts = 3> <OutPorts = 1> <Sync> <CReg>
ST_2 : Operation 1271 [1/1] (0.00ns)   --->   "%sext_ln58_736 = sext i9 %add_ln58_116" [firmware/nnet_utils/nnet_dense_latency.h:58]   --->   Operation 1271 'sext' 'sext_ln58_736' <Predicate = true> <Delay = 0.00>
ST_2 : Operation 1272 [1/1] (1.82ns)   --->   "%add_ln58_602 = add i10 %sext_ln58_258, i10 %sext_ln73_11" [firmware/nnet_utils/nnet_dense_latency.h:58]   --->   Operation 1272 'add' 'add_ln58_602' <Predicate = true> <Delay = 1.82> <CoreInst = "Adder">   --->   Core 1 'Adder' <Latency = 0> <II = 1> <Delay = 1.82> <FuncUnit> <Opcode : 'add' 'sub'> <InPorts = 2> <OutPorts = 1>
ST_2 : Operation 1273 [1/1] (0.00ns)   --->   "%sext_ln58_737 = sext i10 %add_ln58_602" [firmware/nnet_utils/nnet_dense_latency.h:58]   --->   Operation 1273 'sext' 'sext_ln58_737' <Predicate = true> <Delay = 0.00>
ST_2 : Operation 1274 [1/1] (1.73ns)   --->   "%add_ln58_603 = add i11 %sext_ln58_737, i11 %sext_ln58_736" [firmware/nnet_utils/nnet_dense_latency.h:58]   --->   Operation 1274 'add' 'add_ln58_603' <Predicate = true> <Delay = 1.73> <CoreInst = "Adder">   --->   Core 1 'Adder' <Latency = 0> <II = 1> <Delay = 1.73> <FuncUnit> <Opcode : 'add' 'sub'> <InPorts = 2> <OutPorts = 1>
ST_2 : Operation 1275 [1/1] (0.00ns)   --->   "%sext_ln58_738 = sext i11 %add_ln58_603" [firmware/nnet_utils/nnet_dense_latency.h:58]   --->   Operation 1275 'sext' 'sext_ln58_738' <Predicate = true> <Delay = 0.00>
ST_2 : Operation 1276 [1/1] (3.78ns) (root node of TernaryAdder)   --->   "%add_ln58_604 = add i12 %sext_ln58_738, i12 %add_ln58_601" [firmware/nnet_utils/nnet_dense_latency.h:58]   --->   Operation 1276 'add' 'add_ln58_604' <Predicate = true> <Delay = 3.78> <CoreInst = "TAddSub">   --->   Core 10 'TAddSub' <Latency = 0> <II = 1> <Delay = 1.92> <IPBlock> <Opcode : 'add' 'sub'> <InPorts = 3> <OutPorts = 1> <Sync> <CReg>
ST_2 : Operation 1277 [1/1] (0.00ns)   --->   "%sext_ln58_758 = sext i11 %add_ln58_79" [firmware/nnet_utils/nnet_dense_latency.h:58]   --->   Operation 1277 'sext' 'sext_ln58_758' <Predicate = true> <Delay = 0.00>
ST_2 : Operation 1278 [1/1] (1.63ns)   --->   "%sub_ln58_270 = sub i12 %sext_ln58_758, i12 %sext_ln58_252" [firmware/nnet_utils/nnet_dense_latency.h:58]   --->   Operation 1278 'sub' 'sub_ln58_270' <Predicate = true> <Delay = 1.63> <CoreInst = "Adder">   --->   Core 1 'Adder' <Latency = 0> <II = 1> <Delay = 1.63> <FuncUnit> <Opcode : 'add' 'sub'> <InPorts = 2> <OutPorts = 1>
ST_2 : Operation 1279 [1/1] (1.82ns)   --->   "%sub_ln58_271 = sub i10 %sext_ln73_22, i10 %sext_ln17_80" [firmware/nnet_utils/nnet_dense_latency.h:58]   --->   Operation 1279 'sub' 'sub_ln58_271' <Predicate = true> <Delay = 1.82> <CoreInst = "Adder">   --->   Core 1 'Adder' <Latency = 0> <II = 1> <Delay = 1.82> <FuncUnit> <Opcode : 'add' 'sub'> <InPorts = 2> <OutPorts = 1>
ST_2 : Operation 1280 [1/1] (0.00ns)   --->   "%sext_ln58_760 = sext i10 %sub_ln58_271" [firmware/nnet_utils/nnet_dense_latency.h:58]   --->   Operation 1280 'sext' 'sext_ln58_760' <Predicate = true> <Delay = 0.00>
ST_2 : Operation 1281 [1/1] (0.00ns) (grouped into TernaryAdder)   --->   "%add_ln58_628 = add i12 %sext_ln58_760, i12 %sub_ln58_270" [firmware/nnet_utils/nnet_dense_latency.h:58]   --->   Operation 1281 'add' 'add_ln58_628' <Predicate = true> <Delay = 0.00> <CoreInst = "TAddSub">   --->   Core 10 'TAddSub' <Latency = 0> <II = 1> <Delay = 1.92> <IPBlock> <Opcode : 'add' 'sub'> <InPorts = 3> <OutPorts = 1> <Sync> <CReg>
ST_2 : Operation 1282 [1/1] (1.91ns)   --->   "%add_ln58_629 = add i9 %sext_ln73_10, i9 %sext_ln17_62" [firmware/nnet_utils/nnet_dense_latency.h:58]   --->   Operation 1282 'add' 'add_ln58_629' <Predicate = true> <Delay = 1.91> <CoreInst = "Adder">   --->   Core 1 'Adder' <Latency = 0> <II = 1> <Delay = 1.91> <FuncUnit> <Opcode : 'add' 'sub'> <InPorts = 2> <OutPorts = 1>
ST_2 : Operation 1283 [1/1] (0.00ns)   --->   "%sext_ln58_761 = sext i9 %add_ln58_629" [firmware/nnet_utils/nnet_dense_latency.h:58]   --->   Operation 1283 'sext' 'sext_ln58_761' <Predicate = true> <Delay = 0.00>
ST_2 : Operation 1284 [1/1] (1.91ns)   --->   "%add_ln58_630 = add i9 %sext_ln17_69, i9 %sext_ln17_74" [firmware/nnet_utils/nnet_dense_latency.h:58]   --->   Operation 1284 'add' 'add_ln58_630' <Predicate = true> <Delay = 1.91> <CoreInst = "Adder">   --->   Core 1 'Adder' <Latency = 0> <II = 1> <Delay = 1.91> <FuncUnit> <Opcode : 'add' 'sub'> <InPorts = 2> <OutPorts = 1>
ST_2 : Operation 1285 [1/1] (0.00ns)   --->   "%sext_ln58_762 = sext i9 %add_ln58_630" [firmware/nnet_utils/nnet_dense_latency.h:58]   --->   Operation 1285 'sext' 'sext_ln58_762' <Predicate = true> <Delay = 0.00>
ST_2 : Operation 1286 [1/1] (1.82ns)   --->   "%add_ln58_631 = add i10 %sext_ln58_762, i10 %sext_ln58_761" [firmware/nnet_utils/nnet_dense_latency.h:58]   --->   Operation 1286 'add' 'add_ln58_631' <Predicate = true> <Delay = 1.82> <CoreInst = "Adder">   --->   Core 1 'Adder' <Latency = 0> <II = 1> <Delay = 1.82> <FuncUnit> <Opcode : 'add' 'sub'> <InPorts = 2> <OutPorts = 1>
ST_2 : Operation 1287 [1/1] (0.00ns)   --->   "%sext_ln58_763 = sext i10 %add_ln58_631" [firmware/nnet_utils/nnet_dense_latency.h:58]   --->   Operation 1287 'sext' 'sext_ln58_763' <Predicate = true> <Delay = 0.00>
ST_2 : Operation 1288 [1/1] (3.78ns) (root node of TernaryAdder)   --->   "%add_ln58_632 = add i12 %sext_ln58_763, i12 %add_ln58_628" [firmware/nnet_utils/nnet_dense_latency.h:58]   --->   Operation 1288 'add' 'add_ln58_632' <Predicate = true> <Delay = 3.78> <CoreInst = "TAddSub">   --->   Core 10 'TAddSub' <Latency = 0> <II = 1> <Delay = 1.92> <IPBlock> <Opcode : 'add' 'sub'> <InPorts = 3> <OutPorts = 1> <Sync> <CReg>
ST_2 : Operation 1289 [1/1] (0.00ns)   --->   "%sext_ln58_764 = sext i8 %data_36_val_read" [firmware/nnet_utils/nnet_dense_latency.h:58]   --->   Operation 1289 'sext' 'sext_ln58_764' <Predicate = true> <Delay = 0.00>
ST_2 : Operation 1290 [1/1] (0.00ns)   --->   "%sext_ln58_765 = sext i12 %add_ln58_632" [firmware/nnet_utils/nnet_dense_latency.h:58]   --->   Operation 1290 'sext' 'sext_ln58_765' <Predicate = true> <Delay = 0.00>
ST_2 : Operation 1291 [1/1] (0.00ns) (grouped into TernaryAdder)   --->   "%sub_ln58_272 = sub i13 %sext_ln58_765, i13 %sext_ln58_764" [firmware/nnet_utils/nnet_dense_latency.h:58]   --->   Operation 1291 'sub' 'sub_ln58_272' <Predicate = true> <Delay = 0.00> <CoreInst = "TAddSub">   --->   Core 10 'TAddSub' <Latency = 0> <II = 1> <Delay = 1.92> <IPBlock> <Opcode : 'add' 'sub'> <InPorts = 3> <OutPorts = 1> <Sync> <CReg>
ST_2 : Operation 1292 [1/1] (0.00ns)   --->   "%sext_ln58_766 = sext i10 %sub_ln58_253" [firmware/nnet_utils/nnet_dense_latency.h:58]   --->   Operation 1292 'sext' 'sext_ln58_766' <Predicate = true> <Delay = 0.00>
ST_2 : Operation 1293 [1/1] (3.81ns) (root node of TernaryAdder)   --->   "%add_ln58_633 = add i13 %sext_ln58_766, i13 %sub_ln58_272" [firmware/nnet_utils/nnet_dense_latency.h:58]   --->   Operation 1293 'add' 'add_ln58_633' <Predicate = true> <Delay = 3.81> <CoreInst = "TAddSub">   --->   Core 10 'TAddSub' <Latency = 0> <II = 1> <Delay = 1.92> <IPBlock> <Opcode : 'add' 'sub'> <InPorts = 3> <OutPorts = 1> <Sync> <CReg>
ST_2 : Operation 1294 [1/1] (1.91ns)   --->   "%add_ln58_638 = add i9 %sext_ln70_20, i9 %sext_ln70_23" [firmware/nnet_utils/nnet_dense_latency.h:58]   --->   Operation 1294 'add' 'add_ln58_638' <Predicate = true> <Delay = 1.91> <CoreInst = "Adder">   --->   Core 1 'Adder' <Latency = 0> <II = 1> <Delay = 1.91> <FuncUnit> <Opcode : 'add' 'sub'> <InPorts = 2> <OutPorts = 1>

State 3 <SV = 2> <Delay = 13.3>
ST_3 : Operation 1295 [1/1] (0.00ns)   --->   "%specpipeline_ln13 = specpipeline void @_ssdm_op_SpecPipeline, i32 2048, i32 0, i32 0, i32 0, void @empty_1" [firmware/nnet_utils/nnet_dense_latency.h:13]   --->   Operation 1295 'specpipeline' 'specpipeline_ln13' <Predicate = true> <Delay = 0.00>
ST_3 : Operation 1296 [1/1] (0.00ns)   --->   "%specresourcelimit_ln33 = specresourcelimit void @_ssdm_op_SpecResourceLimit, i64 1, void @empty_3, void @empty_1, void @empty_1, void @empty_1" [firmware/nnet_utils/nnet_dense_latency.h:33]   --->   Operation 1296 'specresourcelimit' 'specresourcelimit_ln33' <Predicate = true> <Delay = 0.00>
ST_3 : Operation 1297 [1/1] (0.00ns)   --->   "%data_63_val_read = read i8 @_ssdm_op_Read.ap_auto.i8, i8 %data_63_val" [firmware/nnet_utils/nnet_mult.h:70->firmware/nnet_utils/nnet_dense_latency.h:42]   --->   Operation 1297 'read' 'data_63_val_read' <Predicate = true> <Delay = 0.00>
ST_3 : Operation 1298 [1/1] (0.00ns)   --->   "%data_62_val_read = read i8 @_ssdm_op_Read.ap_auto.i8, i8 %data_62_val" [firmware/nnet_utils/nnet_mult.h:70->firmware/nnet_utils/nnet_dense_latency.h:42]   --->   Operation 1298 'read' 'data_62_val_read' <Predicate = true> <Delay = 0.00>
ST_3 : Operation 1299 [1/1] (0.00ns)   --->   "%data_61_val_read = read i8 @_ssdm_op_Read.ap_auto.i8, i8 %data_61_val" [firmware/nnet_utils/nnet_mult.h:70->firmware/nnet_utils/nnet_dense_latency.h:42]   --->   Operation 1299 'read' 'data_61_val_read' <Predicate = true> <Delay = 0.00>
ST_3 : Operation 1300 [1/1] (0.00ns)   --->   "%data_60_val_read = read i8 @_ssdm_op_Read.ap_auto.i8, i8 %data_60_val" [firmware/nnet_utils/nnet_mult.h:70->firmware/nnet_utils/nnet_dense_latency.h:42]   --->   Operation 1300 'read' 'data_60_val_read' <Predicate = true> <Delay = 0.00>
ST_3 : Operation 1301 [1/1] (0.00ns)   --->   "%data_59_val_read = read i8 @_ssdm_op_Read.ap_auto.i8, i8 %data_59_val" [firmware/nnet_utils/nnet_mult.h:70->firmware/nnet_utils/nnet_dense_latency.h:42]   --->   Operation 1301 'read' 'data_59_val_read' <Predicate = true> <Delay = 0.00>
ST_3 : Operation 1302 [1/1] (0.00ns)   --->   "%data_53_val_read = read i8 @_ssdm_op_Read.ap_auto.i8, i8 %data_53_val" [firmware/nnet_utils/nnet_mult.h:70->firmware/nnet_utils/nnet_dense_latency.h:42]   --->   Operation 1302 'read' 'data_53_val_read' <Predicate = true> <Delay = 0.00>
ST_3 : Operation 1303 [1/1] (0.00ns)   --->   "%sext_ln17_86 = sext i8 %data_32_val_read" [firmware/nnet_utils/nnet_dense_latency.h:17]   --->   Operation 1303 'sext' 'sext_ln17_86' <Predicate = true> <Delay = 0.00>
ST_3 : Operation 1304 [1/1] (0.00ns)   --->   "%sext_ln17_87 = sext i9 %mult_42" [firmware/nnet_utils/nnet_dense_latency.h:17]   --->   Operation 1304 'sext' 'sext_ln17_87' <Predicate = true> <Delay = 0.00>
ST_3 : Operation 1305 [1/1] (0.00ns)   --->   "%sext_ln17_91 = sext i9 %mult_46" [firmware/nnet_utils/nnet_dense_latency.h:17]   --->   Operation 1305 'sext' 'sext_ln17_91' <Predicate = true> <Delay = 0.00>
ST_3 : Operation 1306 [1/1] (0.00ns)   --->   "%sext_ln17_100 = sext i8 %data_40_val_read" [firmware/nnet_utils/nnet_dense_latency.h:17]   --->   Operation 1306 'sext' 'sext_ln17_100' <Predicate = true> <Delay = 0.00>
ST_3 : Operation 1307 [1/1] (0.00ns)   --->   "%sext_ln17_103 = sext i8 %data_41_val_read" [firmware/nnet_utils/nnet_dense_latency.h:17]   --->   Operation 1307 'sext' 'sext_ln17_103' <Predicate = true> <Delay = 0.00>
ST_3 : Operation 1308 [1/1] (0.00ns)   --->   "%mult_53 = bitconcatenate i9 @_ssdm_op_BitConcatenate.i9.i8.i1, i8 %data_41_val_read, i1 0" [firmware/nnet_utils/nnet_mult.h:73->firmware/nnet_utils/nnet_dense_latency.h:42]   --->   Operation 1308 'bitconcatenate' 'mult_53' <Predicate = true> <Delay = 0.00>
ST_3 : Operation 1309 [1/1] (0.00ns)   --->   "%mult_55 = bitconcatenate i9 @_ssdm_op_BitConcatenate.i9.i8.i1, i8 %data_42_val_read, i1 0" [firmware/nnet_utils/nnet_mult.h:73->firmware/nnet_utils/nnet_dense_latency.h:42]   --->   Operation 1309 'bitconcatenate' 'mult_55' <Predicate = true> <Delay = 0.00>
ST_3 : Operation 1310 [1/1] (0.00ns)   --->   "%sext_ln17_108 = sext i8 %data_45_val_read" [firmware/nnet_utils/nnet_dense_latency.h:17]   --->   Operation 1310 'sext' 'sext_ln17_108' <Predicate = true> <Delay = 0.00>
ST_3 : Operation 1311 [1/1] (0.00ns)   --->   "%sext_ln17_110 = sext i8 %data_46_val_read" [firmware/nnet_utils/nnet_dense_latency.h:17]   --->   Operation 1311 'sext' 'sext_ln17_110' <Predicate = true> <Delay = 0.00>
ST_3 : Operation 1312 [1/1] (0.00ns)   --->   "%sext_ln17_113 = sext i8 %data_49_val_read" [firmware/nnet_utils/nnet_dense_latency.h:17]   --->   Operation 1312 'sext' 'sext_ln17_113' <Predicate = true> <Delay = 0.00>
ST_3 : Operation 1313 [1/1] (0.00ns)   --->   "%mult_63 = bitconcatenate i9 @_ssdm_op_BitConcatenate.i9.i8.i1, i8 %data_50_val_read, i1 0" [firmware/nnet_utils/nnet_mult.h:73->firmware/nnet_utils/nnet_dense_latency.h:42]   --->   Operation 1313 'bitconcatenate' 'mult_63' <Predicate = true> <Delay = 0.00>
ST_3 : Operation 1314 [1/1] (0.00ns)   --->   "%sext_ln17_116 = sext i8 %data_51_val_read" [firmware/nnet_utils/nnet_dense_latency.h:17]   --->   Operation 1314 'sext' 'sext_ln17_116' <Predicate = true> <Delay = 0.00>
ST_3 : Operation 1315 [1/1] (1.91ns)   --->   "%mult_64 = sub i9 0, i9 %sext_ln17_115" [firmware/nnet_utils/nnet_mult.h:73->firmware/nnet_utils/nnet_dense_latency.h:42]   --->   Operation 1315 'sub' 'mult_64' <Predicate = true> <Delay = 1.91> <CoreInst = "Adder">   --->   Core 1 'Adder' <Latency = 0> <II = 1> <Delay = 1.91> <FuncUnit> <Opcode : 'add' 'sub'> <InPorts = 2> <OutPorts = 1>
ST_3 : Operation 1316 [1/1] (0.00ns)   --->   "%sext_ln17_117 = sext i9 %mult_64" [firmware/nnet_utils/nnet_dense_latency.h:17]   --->   Operation 1316 'sext' 'sext_ln17_117' <Predicate = true> <Delay = 0.00>
ST_3 : Operation 1317 [1/1] (0.00ns)   --->   "%tmp_296 = bitconcatenate i9 @_ssdm_op_BitConcatenate.i9.i8.i1, i8 %data_51_val_read, i1 0" [firmware/nnet_utils/nnet_mult.h:73->firmware/nnet_utils/nnet_dense_latency.h:42]   --->   Operation 1317 'bitconcatenate' 'tmp_296' <Predicate = true> <Delay = 0.00>
ST_3 : Operation 1318 [1/1] (0.00ns)   --->   "%sext_ln17_118 = sext i8 %data_52_val_read" [firmware/nnet_utils/nnet_dense_latency.h:17]   --->   Operation 1318 'sext' 'sext_ln17_118' <Predicate = true> <Delay = 0.00>
ST_3 : Operation 1319 [1/1] (0.00ns)   --->   "%sext_ln17_120 = sext i9 %mult_65" [firmware/nnet_utils/nnet_dense_latency.h:17]   --->   Operation 1319 'sext' 'sext_ln17_120' <Predicate = true> <Delay = 0.00>
ST_3 : Operation 1320 [1/1] (0.00ns)   --->   "%mult_66 = bitconcatenate i9 @_ssdm_op_BitConcatenate.i9.i8.i1, i8 %data_52_val_read, i1 0" [firmware/nnet_utils/nnet_mult.h:73->firmware/nnet_utils/nnet_dense_latency.h:42]   --->   Operation 1320 'bitconcatenate' 'mult_66' <Predicate = true> <Delay = 0.00>
ST_3 : Operation 1321 [1/1] (0.00ns)   --->   "%sext_ln73_25 = sext i9 %mult_66" [firmware/nnet_utils/nnet_mult.h:73->firmware/nnet_utils/nnet_dense_latency.h:42]   --->   Operation 1321 'sext' 'sext_ln73_25' <Predicate = true> <Delay = 0.00>
ST_3 : Operation 1322 [1/1] (0.00ns)   --->   "%sext_ln70_21 = sext i8 %data_53_val_read" [firmware/nnet_utils/nnet_mult.h:70->firmware/nnet_utils/nnet_dense_latency.h:42]   --->   Operation 1322 'sext' 'sext_ln70_21' <Predicate = true> <Delay = 0.00>
ST_3 : Operation 1323 [1/1] (0.00ns)   --->   "%sext_ln17_121 = sext i8 %data_53_val_read" [firmware/nnet_utils/nnet_dense_latency.h:17]   --->   Operation 1323 'sext' 'sext_ln17_121' <Predicate = true> <Delay = 0.00>
ST_3 : Operation 1324 [1/1] (0.00ns)   --->   "%sext_ln17_122 = sext i8 %data_53_val_read" [firmware/nnet_utils/nnet_dense_latency.h:17]   --->   Operation 1324 'sext' 'sext_ln17_122' <Predicate = true> <Delay = 0.00>
ST_3 : Operation 1325 [1/1] (1.91ns)   --->   "%mult_67 = sub i9 0, i9 %sext_ln70_21" [firmware/nnet_utils/nnet_mult.h:73->firmware/nnet_utils/nnet_dense_latency.h:42]   --->   Operation 1325 'sub' 'mult_67' <Predicate = true> <Delay = 1.91> <CoreInst = "Adder">   --->   Core 1 'Adder' <Latency = 0> <II = 1> <Delay = 1.91> <FuncUnit> <Opcode : 'add' 'sub'> <InPorts = 2> <OutPorts = 1>
ST_3 : Operation 1326 [1/1] (0.00ns)   --->   "%sext_ln17_123 = sext i9 %mult_67" [firmware/nnet_utils/nnet_dense_latency.h:17]   --->   Operation 1326 'sext' 'sext_ln17_123' <Predicate = true> <Delay = 0.00>
ST_3 : Operation 1327 [1/1] (1.91ns)   --->   "%mult_68 = sub i9 0, i9 %sext_ln70_22" [firmware/nnet_utils/nnet_mult.h:73->firmware/nnet_utils/nnet_dense_latency.h:42]   --->   Operation 1327 'sub' 'mult_68' <Predicate = true> <Delay = 1.91> <CoreInst = "Adder">   --->   Core 1 'Adder' <Latency = 0> <II = 1> <Delay = 1.91> <FuncUnit> <Opcode : 'add' 'sub'> <InPorts = 2> <OutPorts = 1>
ST_3 : Operation 1328 [1/1] (0.00ns)   --->   "%sext_ln17_125 = sext i9 %mult_68" [firmware/nnet_utils/nnet_dense_latency.h:17]   --->   Operation 1328 'sext' 'sext_ln17_125' <Predicate = true> <Delay = 0.00>
ST_3 : Operation 1329 [1/1] (1.91ns)   --->   "%mult_69 = sub i9 0, i9 %sext_ln70_23" [firmware/nnet_utils/nnet_mult.h:73->firmware/nnet_utils/nnet_dense_latency.h:42]   --->   Operation 1329 'sub' 'mult_69' <Predicate = true> <Delay = 1.91> <CoreInst = "Adder">   --->   Core 1 'Adder' <Latency = 0> <II = 1> <Delay = 1.91> <FuncUnit> <Opcode : 'add' 'sub'> <InPorts = 2> <OutPorts = 1>
ST_3 : Operation 1330 [1/1] (0.00ns)   --->   "%sext_ln17_126 = sext i9 %mult_69" [firmware/nnet_utils/nnet_dense_latency.h:17]   --->   Operation 1330 'sext' 'sext_ln17_126' <Predicate = true> <Delay = 0.00>
ST_3 : Operation 1331 [1/1] (0.00ns)   --->   "%sext_ln17_127 = sext i8 %data_55_val_read" [firmware/nnet_utils/nnet_dense_latency.h:17]   --->   Operation 1331 'sext' 'sext_ln17_127' <Predicate = true> <Delay = 0.00>
ST_3 : Operation 1332 [1/1] (0.00ns)   --->   "%sext_ln17_129 = sext i8 %data_56_val_read" [firmware/nnet_utils/nnet_dense_latency.h:17]   --->   Operation 1332 'sext' 'sext_ln17_129' <Predicate = true> <Delay = 0.00>
ST_3 : Operation 1333 [1/1] (1.91ns)   --->   "%mult_71 = sub i9 0, i9 %sext_ln70_25" [firmware/nnet_utils/nnet_mult.h:73->firmware/nnet_utils/nnet_dense_latency.h:42]   --->   Operation 1333 'sub' 'mult_71' <Predicate = true> <Delay = 1.91> <CoreInst = "Adder">   --->   Core 1 'Adder' <Latency = 0> <II = 1> <Delay = 1.91> <FuncUnit> <Opcode : 'add' 'sub'> <InPorts = 2> <OutPorts = 1>
ST_3 : Operation 1334 [1/1] (0.00ns)   --->   "%sext_ln17_130 = sext i9 %mult_71" [firmware/nnet_utils/nnet_dense_latency.h:17]   --->   Operation 1334 'sext' 'sext_ln17_130' <Predicate = true> <Delay = 0.00>
ST_3 : Operation 1335 [1/1] (0.00ns)   --->   "%sext_ln17_131 = sext i8 %data_57_val_read" [firmware/nnet_utils/nnet_dense_latency.h:17]   --->   Operation 1335 'sext' 'sext_ln17_131' <Predicate = true> <Delay = 0.00>
ST_3 : Operation 1336 [1/1] (0.00ns)   --->   "%sext_ln17_132 = sext i8 %data_57_val_read" [firmware/nnet_utils/nnet_dense_latency.h:17]   --->   Operation 1336 'sext' 'sext_ln17_132' <Predicate = true> <Delay = 0.00>
ST_3 : Operation 1337 [1/1] (0.00ns)   --->   "%sext_ln17_133 = sext i8 %data_58_val_read" [firmware/nnet_utils/nnet_dense_latency.h:17]   --->   Operation 1337 'sext' 'sext_ln17_133' <Predicate = true> <Delay = 0.00>
ST_3 : Operation 1338 [1/1] (0.00ns)   --->   "%sext_ln17_135 = sext i8 %data_58_val_read" [firmware/nnet_utils/nnet_dense_latency.h:17]   --->   Operation 1338 'sext' 'sext_ln17_135' <Predicate = true> <Delay = 0.00>
ST_3 : Operation 1339 [1/1] (1.91ns)   --->   "%mult_72 = sub i9 0, i9 %sext_ln17_134" [firmware/nnet_utils/nnet_mult.h:73->firmware/nnet_utils/nnet_dense_latency.h:42]   --->   Operation 1339 'sub' 'mult_72' <Predicate = true> <Delay = 1.91> <CoreInst = "Adder">   --->   Core 1 'Adder' <Latency = 0> <II = 1> <Delay = 1.91> <FuncUnit> <Opcode : 'add' 'sub'> <InPorts = 2> <OutPorts = 1>
ST_3 : Operation 1340 [1/1] (0.00ns)   --->   "%tmp_298 = bitconcatenate i9 @_ssdm_op_BitConcatenate.i9.i8.i1, i8 %data_58_val_read, i1 0" [firmware/nnet_utils/nnet_mult.h:73->firmware/nnet_utils/nnet_dense_latency.h:42]   --->   Operation 1340 'bitconcatenate' 'tmp_298' <Predicate = true> <Delay = 0.00>
ST_3 : Operation 1341 [1/1] (0.00ns)   --->   "%sext_ln73_26 = sext i9 %tmp_298" [firmware/nnet_utils/nnet_mult.h:73->firmware/nnet_utils/nnet_dense_latency.h:42]   --->   Operation 1341 'sext' 'sext_ln73_26' <Predicate = true> <Delay = 0.00>
ST_3 : Operation 1342 [1/1] (1.82ns)   --->   "%mult_73 = sub i10 0, i10 %sext_ln73_26" [firmware/nnet_utils/nnet_mult.h:73->firmware/nnet_utils/nnet_dense_latency.h:42]   --->   Operation 1342 'sub' 'mult_73' <Predicate = true> <Delay = 1.82> <CoreInst = "Adder">   --->   Core 1 'Adder' <Latency = 0> <II = 1> <Delay = 1.82> <FuncUnit> <Opcode : 'add' 'sub'> <InPorts = 2> <OutPorts = 1>
ST_3 : Operation 1343 [1/1] (0.00ns)   --->   "%sext_ln17_136 = sext i10 %mult_73" [firmware/nnet_utils/nnet_dense_latency.h:17]   --->   Operation 1343 'sext' 'sext_ln17_136' <Predicate = true> <Delay = 0.00>
ST_3 : Operation 1344 [1/1] (0.00ns)   --->   "%sext_ln17_137 = sext i8 %data_59_val_read" [firmware/nnet_utils/nnet_dense_latency.h:17]   --->   Operation 1344 'sext' 'sext_ln17_137' <Predicate = true> <Delay = 0.00>
ST_3 : Operation 1345 [1/1] (0.00ns)   --->   "%sext_ln17_138 = sext i8 %data_59_val_read" [firmware/nnet_utils/nnet_dense_latency.h:17]   --->   Operation 1345 'sext' 'sext_ln17_138' <Predicate = true> <Delay = 0.00>
ST_3 : Operation 1346 [1/1] (1.91ns)   --->   "%mult_74 = sub i9 0, i9 %sext_ln17_137" [firmware/nnet_utils/nnet_mult.h:73->firmware/nnet_utils/nnet_dense_latency.h:42]   --->   Operation 1346 'sub' 'mult_74' <Predicate = true> <Delay = 1.91> <CoreInst = "Adder">   --->   Core 1 'Adder' <Latency = 0> <II = 1> <Delay = 1.91> <FuncUnit> <Opcode : 'add' 'sub'> <InPorts = 2> <OutPorts = 1>
ST_3 : Operation 1347 [1/1] (0.00ns)   --->   "%mult_75 = bitconcatenate i9 @_ssdm_op_BitConcatenate.i9.i8.i1, i8 %data_59_val_read, i1 0" [firmware/nnet_utils/nnet_mult.h:73->firmware/nnet_utils/nnet_dense_latency.h:42]   --->   Operation 1347 'bitconcatenate' 'mult_75' <Predicate = true> <Delay = 0.00>
ST_3 : Operation 1348 [1/1] (0.00ns)   --->   "%sext_ln17_139 = sext i9 %mult_75" [firmware/nnet_utils/nnet_dense_latency.h:17]   --->   Operation 1348 'sext' 'sext_ln17_139' <Predicate = true> <Delay = 0.00>
ST_3 : Operation 1349 [1/1] (0.00ns)   --->   "%sext_ln70_26 = sext i8 %data_60_val_read" [firmware/nnet_utils/nnet_mult.h:70->firmware/nnet_utils/nnet_dense_latency.h:42]   --->   Operation 1349 'sext' 'sext_ln70_26' <Predicate = true> <Delay = 0.00>
ST_3 : Operation 1350 [1/1] (0.00ns)   --->   "%sext_ln17_140 = sext i8 %data_60_val_read" [firmware/nnet_utils/nnet_dense_latency.h:17]   --->   Operation 1350 'sext' 'sext_ln17_140' <Predicate = true> <Delay = 0.00>
ST_3 : Operation 1351 [1/1] (0.00ns)   --->   "%sext_ln17_141 = sext i8 %data_60_val_read" [firmware/nnet_utils/nnet_dense_latency.h:17]   --->   Operation 1351 'sext' 'sext_ln17_141' <Predicate = true> <Delay = 0.00>
ST_3 : Operation 1352 [1/1] (1.91ns)   --->   "%mult_76 = sub i9 0, i9 %sext_ln70_26" [firmware/nnet_utils/nnet_mult.h:73->firmware/nnet_utils/nnet_dense_latency.h:42]   --->   Operation 1352 'sub' 'mult_76' <Predicate = true> <Delay = 1.91> <CoreInst = "Adder">   --->   Core 1 'Adder' <Latency = 0> <II = 1> <Delay = 1.91> <FuncUnit> <Opcode : 'add' 'sub'> <InPorts = 2> <OutPorts = 1>
ST_3 : Operation 1353 [1/1] (0.00ns)   --->   "%sext_ln17_142 = sext i9 %mult_76" [firmware/nnet_utils/nnet_dense_latency.h:17]   --->   Operation 1353 'sext' 'sext_ln17_142' <Predicate = true> <Delay = 0.00>
ST_3 : Operation 1354 [1/1] (0.00ns)   --->   "%sext_ln17_143 = sext i9 %mult_76" [firmware/nnet_utils/nnet_dense_latency.h:17]   --->   Operation 1354 'sext' 'sext_ln17_143' <Predicate = true> <Delay = 0.00>
ST_3 : Operation 1355 [1/1] (0.00ns)   --->   "%sext_ln70_27 = sext i8 %data_61_val_read" [firmware/nnet_utils/nnet_mult.h:70->firmware/nnet_utils/nnet_dense_latency.h:42]   --->   Operation 1355 'sext' 'sext_ln70_27' <Predicate = true> <Delay = 0.00>
ST_3 : Operation 1356 [1/1] (1.91ns)   --->   "%mult_77 = sub i9 0, i9 %sext_ln70_27" [firmware/nnet_utils/nnet_mult.h:73->firmware/nnet_utils/nnet_dense_latency.h:42]   --->   Operation 1356 'sub' 'mult_77' <Predicate = true> <Delay = 1.91> <CoreInst = "Adder">   --->   Core 1 'Adder' <Latency = 0> <II = 1> <Delay = 1.91> <FuncUnit> <Opcode : 'add' 'sub'> <InPorts = 2> <OutPorts = 1>
ST_3 : Operation 1357 [1/1] (0.00ns)   --->   "%sext_ln17_144 = sext i8 %data_61_val_read" [firmware/nnet_utils/nnet_dense_latency.h:17]   --->   Operation 1357 'sext' 'sext_ln17_144' <Predicate = true> <Delay = 0.00>
ST_3 : Operation 1358 [1/1] (0.00ns)   --->   "%sext_ln17_145 = sext i8 %data_61_val_read" [firmware/nnet_utils/nnet_dense_latency.h:17]   --->   Operation 1358 'sext' 'sext_ln17_145' <Predicate = true> <Delay = 0.00>
ST_3 : Operation 1359 [1/1] (0.00ns)   --->   "%sext_ln17_146 = sext i8 %data_62_val_read" [firmware/nnet_utils/nnet_dense_latency.h:17]   --->   Operation 1359 'sext' 'sext_ln17_146' <Predicate = true> <Delay = 0.00>
ST_3 : Operation 1360 [1/1] (0.00ns)   --->   "%sext_ln17_147 = sext i8 %data_62_val_read" [firmware/nnet_utils/nnet_dense_latency.h:17]   --->   Operation 1360 'sext' 'sext_ln17_147' <Predicate = true> <Delay = 0.00>
ST_3 : Operation 1361 [1/1] (1.91ns)   --->   "%mult_78 = sub i9 0, i9 %sext_ln17_147" [firmware/nnet_utils/nnet_mult.h:73->firmware/nnet_utils/nnet_dense_latency.h:42]   --->   Operation 1361 'sub' 'mult_78' <Predicate = true> <Delay = 1.91> <CoreInst = "Adder">   --->   Core 1 'Adder' <Latency = 0> <II = 1> <Delay = 1.91> <FuncUnit> <Opcode : 'add' 'sub'> <InPorts = 2> <OutPorts = 1>
ST_3 : Operation 1362 [1/1] (0.00ns)   --->   "%mult_79 = bitconcatenate i9 @_ssdm_op_BitConcatenate.i9.i8.i1, i8 %data_62_val_read, i1 0" [firmware/nnet_utils/nnet_mult.h:73->firmware/nnet_utils/nnet_dense_latency.h:42]   --->   Operation 1362 'bitconcatenate' 'mult_79' <Predicate = true> <Delay = 0.00>
ST_3 : Operation 1363 [1/1] (0.00ns)   --->   "%sext_ln17_148 = sext i9 %mult_79" [firmware/nnet_utils/nnet_dense_latency.h:17]   --->   Operation 1363 'sext' 'sext_ln17_148' <Predicate = true> <Delay = 0.00>
ST_3 : Operation 1364 [1/1] (0.00ns)   --->   "%sext_ln70_28 = sext i8 %data_63_val_read" [firmware/nnet_utils/nnet_mult.h:70->firmware/nnet_utils/nnet_dense_latency.h:42]   --->   Operation 1364 'sext' 'sext_ln70_28' <Predicate = true> <Delay = 0.00>
ST_3 : Operation 1365 [1/1] (1.91ns)   --->   "%mult_80 = sub i9 0, i9 %sext_ln70_28" [firmware/nnet_utils/nnet_mult.h:73->firmware/nnet_utils/nnet_dense_latency.h:42]   --->   Operation 1365 'sub' 'mult_80' <Predicate = true> <Delay = 1.91> <CoreInst = "Adder">   --->   Core 1 'Adder' <Latency = 0> <II = 1> <Delay = 1.91> <FuncUnit> <Opcode : 'add' 'sub'> <InPorts = 2> <OutPorts = 1>
ST_3 : Operation 1366 [1/1] (0.00ns)   --->   "%sext_ln17_149 = sext i9 %mult_80" [firmware/nnet_utils/nnet_dense_latency.h:17]   --->   Operation 1366 'sext' 'sext_ln17_149' <Predicate = true> <Delay = 0.00>
ST_3 : Operation 1367 [1/1] (0.00ns)   --->   "%sext_ln17_150 = sext i8 %data_63_val_read" [firmware/nnet_utils/nnet_dense_latency.h:17]   --->   Operation 1367 'sext' 'sext_ln17_150' <Predicate = true> <Delay = 0.00>
ST_3 : Operation 1368 [1/1] (0.00ns)   --->   "%sext_ln58_287 = sext i12 %add_ln58_194" [firmware/nnet_utils/nnet_dense_latency.h:58]   --->   Operation 1368 'sext' 'sext_ln58_287' <Predicate = true> <Delay = 0.00>
ST_3 : Operation 1369 [1/1] (0.00ns) (grouped into TernaryAdder)   --->   "%sub_ln58_122 = sub i13 %sext_ln58_287, i13 %sext_ln17_86" [firmware/nnet_utils/nnet_dense_latency.h:58]   --->   Operation 1369 'sub' 'sub_ln58_122' <Predicate = true> <Delay = 0.00> <CoreInst = "TAddSub">   --->   Core 10 'TAddSub' <Latency = 0> <II = 1> <Delay = 1.92> <IPBlock> <Opcode : 'add' 'sub'> <InPorts = 3> <OutPorts = 1> <Sync> <CReg>
ST_3 : Operation 1370 [1/1] (0.00ns)   --->   "%sext_ln58_104 = sext i12 %add_ln58_235" [firmware/nnet_utils/nnet_dense_latency.h:58]   --->   Operation 1370 'sext' 'sext_ln58_104' <Predicate = true> <Delay = 0.00>
ST_3 : Operation 1371 [1/1] (0.00ns)   --->   "%sext_ln58_338 = sext i10 %sub_ln58_142" [firmware/nnet_utils/nnet_dense_latency.h:58]   --->   Operation 1371 'sext' 'sext_ln58_338' <Predicate = true> <Delay = 0.00>
ST_3 : Operation 1372 [1/1] (1.82ns)   --->   "%sub_ln58_143 = sub i10 %sext_ln58_339, i10 %sext_ln17_103" [firmware/nnet_utils/nnet_dense_latency.h:58]   --->   Operation 1372 'sub' 'sub_ln58_143' <Predicate = true> <Delay = 1.82> <CoreInst = "Adder">   --->   Core 1 'Adder' <Latency = 0> <II = 1> <Delay = 1.82> <FuncUnit> <Opcode : 'add' 'sub'> <InPorts = 2> <OutPorts = 1>
ST_3 : Operation 1373 [1/1] (0.00ns)   --->   "%sext_ln58_340 = sext i10 %sub_ln58_143" [firmware/nnet_utils/nnet_dense_latency.h:58]   --->   Operation 1373 'sext' 'sext_ln58_340' <Predicate = true> <Delay = 0.00>
ST_3 : Operation 1374 [1/1] (1.73ns)   --->   "%add_ln58_238 = add i11 %sext_ln58_340, i11 %sext_ln58_338" [firmware/nnet_utils/nnet_dense_latency.h:58]   --->   Operation 1374 'add' 'add_ln58_238' <Predicate = true> <Delay = 1.73> <CoreInst = "Adder">   --->   Core 1 'Adder' <Latency = 0> <II = 1> <Delay = 1.73> <FuncUnit> <Opcode : 'add' 'sub'> <InPorts = 2> <OutPorts = 1>
ST_3 : Operation 1375 [1/1] (0.00ns)   --->   "%sext_ln58_341 = sext i11 %add_ln58_238" [firmware/nnet_utils/nnet_dense_latency.h:58]   --->   Operation 1375 'sext' 'sext_ln58_341' <Predicate = true> <Delay = 0.00>
ST_3 : Operation 1376 [1/1] (0.00ns) (grouped into TernaryAdder)   --->   "%add_ln58_239 = add i13 %sext_ln58_341, i13 %add_ln58_237" [firmware/nnet_utils/nnet_dense_latency.h:58]   --->   Operation 1376 'add' 'add_ln58_239' <Predicate = true> <Delay = 0.00> <CoreInst = "TAddSub">   --->   Core 10 'TAddSub' <Latency = 0> <II = 1> <Delay = 1.92> <IPBlock> <Opcode : 'add' 'sub'> <InPorts = 3> <OutPorts = 1> <Sync> <CReg>
ST_3 : Operation 1377 [1/1] (1.91ns)   --->   "%add_ln58_240 = add i9 %sext_ln17_78, i9 %sext_ln17_82" [firmware/nnet_utils/nnet_dense_latency.h:58]   --->   Operation 1377 'add' 'add_ln58_240' <Predicate = true> <Delay = 1.91> <CoreInst = "Adder">   --->   Core 1 'Adder' <Latency = 0> <II = 1> <Delay = 1.91> <FuncUnit> <Opcode : 'add' 'sub'> <InPorts = 2> <OutPorts = 1>
ST_3 : Operation 1378 [1/1] (0.00ns)   --->   "%sext_ln58_342 = sext i9 %add_ln58_240" [firmware/nnet_utils/nnet_dense_latency.h:58]   --->   Operation 1378 'sext' 'sext_ln58_342' <Predicate = true> <Delay = 0.00>
ST_3 : Operation 1379 [1/1] (1.91ns)   --->   "%add_ln58_241 = add i9 %sext_ln17_88, i9 %sext_ln70_15" [firmware/nnet_utils/nnet_dense_latency.h:58]   --->   Operation 1379 'add' 'add_ln58_241' <Predicate = true> <Delay = 1.91> <CoreInst = "Adder">   --->   Core 1 'Adder' <Latency = 0> <II = 1> <Delay = 1.91> <FuncUnit> <Opcode : 'add' 'sub'> <InPorts = 2> <OutPorts = 1>
ST_3 : Operation 1380 [1/1] (0.00ns)   --->   "%sext_ln58_343 = sext i9 %add_ln58_241" [firmware/nnet_utils/nnet_dense_latency.h:58]   --->   Operation 1380 'sext' 'sext_ln58_343' <Predicate = true> <Delay = 0.00>
ST_3 : Operation 1381 [1/1] (1.82ns)   --->   "%add_ln58_242 = add i10 %sext_ln58_343, i10 %sext_ln58_342" [firmware/nnet_utils/nnet_dense_latency.h:58]   --->   Operation 1381 'add' 'add_ln58_242' <Predicate = true> <Delay = 1.82> <CoreInst = "Adder">   --->   Core 1 'Adder' <Latency = 0> <II = 1> <Delay = 1.82> <FuncUnit> <Opcode : 'add' 'sub'> <InPorts = 2> <OutPorts = 1>
ST_3 : Operation 1382 [1/1] (0.00ns)   --->   "%sext_ln58_344 = sext i10 %add_ln58_242" [firmware/nnet_utils/nnet_dense_latency.h:58]   --->   Operation 1382 'sext' 'sext_ln58_344' <Predicate = true> <Delay = 0.00>
ST_3 : Operation 1383 [1/1] (1.91ns)   --->   "%add_ln58_243 = add i9 %sext_ln17_95, i9 %sext_ln73_17" [firmware/nnet_utils/nnet_dense_latency.h:58]   --->   Operation 1383 'add' 'add_ln58_243' <Predicate = true> <Delay = 1.91> <CoreInst = "Adder">   --->   Core 1 'Adder' <Latency = 0> <II = 1> <Delay = 1.91> <FuncUnit> <Opcode : 'add' 'sub'> <InPorts = 2> <OutPorts = 1>
ST_3 : Operation 1384 [1/1] (0.00ns)   --->   "%sext_ln58_345 = sext i9 %add_ln58_243" [firmware/nnet_utils/nnet_dense_latency.h:58]   --->   Operation 1384 'sext' 'sext_ln58_345' <Predicate = true> <Delay = 0.00>
ST_3 : Operation 1385 [1/1] (1.91ns)   --->   "%add_ln58_244 = add i9 %sext_ln70_17, i9 %sext_ln70_18" [firmware/nnet_utils/nnet_dense_latency.h:58]   --->   Operation 1385 'add' 'add_ln58_244' <Predicate = true> <Delay = 1.91> <CoreInst = "Adder">   --->   Core 1 'Adder' <Latency = 0> <II = 1> <Delay = 1.91> <FuncUnit> <Opcode : 'add' 'sub'> <InPorts = 2> <OutPorts = 1>
ST_3 : Operation 1386 [1/1] (0.00ns)   --->   "%sext_ln58_346 = sext i9 %add_ln58_244" [firmware/nnet_utils/nnet_dense_latency.h:58]   --->   Operation 1386 'sext' 'sext_ln58_346' <Predicate = true> <Delay = 0.00>
ST_3 : Operation 1387 [1/1] (1.82ns)   --->   "%add_ln58_245 = add i10 %sext_ln58_346, i10 %sext_ln58_345" [firmware/nnet_utils/nnet_dense_latency.h:58]   --->   Operation 1387 'add' 'add_ln58_245' <Predicate = true> <Delay = 1.82> <CoreInst = "Adder">   --->   Core 1 'Adder' <Latency = 0> <II = 1> <Delay = 1.82> <FuncUnit> <Opcode : 'add' 'sub'> <InPorts = 2> <OutPorts = 1>
ST_3 : Operation 1388 [1/1] (0.00ns)   --->   "%sext_ln58_347 = sext i10 %add_ln58_245" [firmware/nnet_utils/nnet_dense_latency.h:58]   --->   Operation 1388 'sext' 'sext_ln58_347' <Predicate = true> <Delay = 0.00>
ST_3 : Operation 1389 [1/1] (1.73ns)   --->   "%add_ln58_246 = add i11 %sext_ln58_347, i11 %sext_ln58_344" [firmware/nnet_utils/nnet_dense_latency.h:58]   --->   Operation 1389 'add' 'add_ln58_246' <Predicate = true> <Delay = 1.73> <CoreInst = "Adder">   --->   Core 1 'Adder' <Latency = 0> <II = 1> <Delay = 1.73> <FuncUnit> <Opcode : 'add' 'sub'> <InPorts = 2> <OutPorts = 1>
ST_3 : Operation 1390 [1/1] (0.00ns)   --->   "%sext_ln58_348 = sext i11 %add_ln58_246" [firmware/nnet_utils/nnet_dense_latency.h:58]   --->   Operation 1390 'sext' 'sext_ln58_348' <Predicate = true> <Delay = 0.00>
ST_3 : Operation 1391 [1/1] (3.81ns) (root node of TernaryAdder)   --->   "%add_ln58_247 = add i13 %sext_ln58_348, i13 %add_ln58_239" [firmware/nnet_utils/nnet_dense_latency.h:58]   --->   Operation 1391 'add' 'add_ln58_247' <Predicate = true> <Delay = 3.81> <CoreInst = "TAddSub">   --->   Core 10 'TAddSub' <Latency = 0> <II = 1> <Delay = 1.92> <IPBlock> <Opcode : 'add' 'sub'> <InPorts = 3> <OutPorts = 1> <Sync> <CReg>
ST_3 : Operation 1392 [1/1] (0.00ns)   --->   "%sext_ln58_105 = sext i13 %add_ln58_247" [firmware/nnet_utils/nnet_dense_latency.h:58]   --->   Operation 1392 'sext' 'sext_ln58_105' <Predicate = true> <Delay = 0.00>
ST_3 : Operation 1393 [1/1] (0.00ns)   --->   "%sext_ln58_354 = sext i10 %add_ln58_249" [firmware/nnet_utils/nnet_dense_latency.h:58]   --->   Operation 1393 'sext' 'sext_ln58_354' <Predicate = true> <Delay = 0.00>
ST_3 : Operation 1394 [1/1] (0.00ns) (grouped into TernaryAdder)   --->   "%add_ln58_250 = add i13 %sext_ln58_354, i13 %add_ln58_248" [firmware/nnet_utils/nnet_dense_latency.h:58]   --->   Operation 1394 'add' 'add_ln58_250' <Predicate = true> <Delay = 0.00> <CoreInst = "TAddSub">   --->   Core 10 'TAddSub' <Latency = 0> <II = 1> <Delay = 1.92> <IPBlock> <Opcode : 'add' 'sub'> <InPorts = 3> <OutPorts = 1> <Sync> <CReg>
ST_3 : Operation 1395 [1/1] (0.00ns)   --->   "%sext_ln58_355 = sext i9 %add_ln58_251" [firmware/nnet_utils/nnet_dense_latency.h:58]   --->   Operation 1395 'sext' 'sext_ln58_355' <Predicate = true> <Delay = 0.00>
ST_3 : Operation 1396 [1/1] (1.82ns)   --->   "%add_ln58_252 = add i10 %sext_ln58_355, i10 %sext_ln58_271" [firmware/nnet_utils/nnet_dense_latency.h:58]   --->   Operation 1396 'add' 'add_ln58_252' <Predicate = true> <Delay = 1.82> <CoreInst = "Adder">   --->   Core 1 'Adder' <Latency = 0> <II = 1> <Delay = 1.82> <FuncUnit> <Opcode : 'add' 'sub'> <InPorts = 2> <OutPorts = 1>
ST_3 : Operation 1397 [1/1] (0.00ns)   --->   "%sext_ln58_356 = sext i10 %add_ln58_252" [firmware/nnet_utils/nnet_dense_latency.h:58]   --->   Operation 1397 'sext' 'sext_ln58_356' <Predicate = true> <Delay = 0.00>
ST_3 : Operation 1398 [1/1] (0.00ns)   --->   "%sext_ln58_357 = sext i9 %add_ln58_253" [firmware/nnet_utils/nnet_dense_latency.h:58]   --->   Operation 1398 'sext' 'sext_ln58_357' <Predicate = true> <Delay = 0.00>
ST_3 : Operation 1399 [1/1] (0.00ns)   --->   "%sext_ln58_358 = sext i9 %add_ln58_254" [firmware/nnet_utils/nnet_dense_latency.h:58]   --->   Operation 1399 'sext' 'sext_ln58_358' <Predicate = true> <Delay = 0.00>
ST_3 : Operation 1400 [1/1] (1.82ns)   --->   "%add_ln58_255 = add i10 %sext_ln58_358, i10 %sext_ln58_357" [firmware/nnet_utils/nnet_dense_latency.h:58]   --->   Operation 1400 'add' 'add_ln58_255' <Predicate = true> <Delay = 1.82> <CoreInst = "Adder">   --->   Core 1 'Adder' <Latency = 0> <II = 1> <Delay = 1.82> <FuncUnit> <Opcode : 'add' 'sub'> <InPorts = 2> <OutPorts = 1>
ST_3 : Operation 1401 [1/1] (0.00ns)   --->   "%sext_ln58_359 = sext i10 %add_ln58_255" [firmware/nnet_utils/nnet_dense_latency.h:58]   --->   Operation 1401 'sext' 'sext_ln58_359' <Predicate = true> <Delay = 0.00>
ST_3 : Operation 1402 [1/1] (1.73ns)   --->   "%add_ln58_256 = add i11 %sext_ln58_359, i11 %sext_ln58_356" [firmware/nnet_utils/nnet_dense_latency.h:58]   --->   Operation 1402 'add' 'add_ln58_256' <Predicate = true> <Delay = 1.73> <CoreInst = "Adder">   --->   Core 1 'Adder' <Latency = 0> <II = 1> <Delay = 1.73> <FuncUnit> <Opcode : 'add' 'sub'> <InPorts = 2> <OutPorts = 1>
ST_3 : Operation 1403 [1/1] (0.00ns)   --->   "%sext_ln58_360 = sext i11 %add_ln58_256" [firmware/nnet_utils/nnet_dense_latency.h:58]   --->   Operation 1403 'sext' 'sext_ln58_360' <Predicate = true> <Delay = 0.00>
ST_3 : Operation 1404 [1/1] (3.81ns) (root node of TernaryAdder)   --->   "%add_ln58_257 = add i13 %sext_ln58_360, i13 %add_ln58_250" [firmware/nnet_utils/nnet_dense_latency.h:58]   --->   Operation 1404 'add' 'add_ln58_257' <Predicate = true> <Delay = 3.81> <CoreInst = "TAddSub">   --->   Core 10 'TAddSub' <Latency = 0> <II = 1> <Delay = 1.92> <IPBlock> <Opcode : 'add' 'sub'> <InPorts = 3> <OutPorts = 1> <Sync> <CReg>
ST_3 : Operation 1405 [1/1] (0.00ns)   --->   "%sext_ln58_377 = sext i9 %mult_61" [firmware/nnet_utils/nnet_dense_latency.h:58]   --->   Operation 1405 'sext' 'sext_ln58_377' <Predicate = true> <Delay = 0.00>
ST_3 : Operation 1406 [1/1] (0.00ns) (grouped into TernaryAdder)   --->   "%sub_ln58_153 = sub i10 %sext_ln58_377, i10 %sext_ln17_108" [firmware/nnet_utils/nnet_dense_latency.h:58]   --->   Operation 1406 'sub' 'sub_ln58_153' <Predicate = true> <Delay = 0.00> <CoreInst = "TAddSub">   --->   Core 10 'TAddSub' <Latency = 0> <II = 1> <Delay = 1.92> <IPBlock> <Opcode : 'add' 'sub'> <InPorts = 3> <OutPorts = 1> <Sync> <CReg>
ST_3 : Operation 1407 [1/1] (0.00ns)   --->   "%sext_ln58_378 = sext i9 %add_ln58_271" [firmware/nnet_utils/nnet_dense_latency.h:58]   --->   Operation 1407 'sext' 'sext_ln58_378' <Predicate = true> <Delay = 0.00>
ST_3 : Operation 1408 [1/1] (3.72ns) (root node of TernaryAdder)   --->   "%add_ln58_272 = add i10 %sext_ln58_378, i10 %sub_ln58_153" [firmware/nnet_utils/nnet_dense_latency.h:58]   --->   Operation 1408 'add' 'add_ln58_272' <Predicate = true> <Delay = 3.72> <CoreInst = "TAddSub">   --->   Core 10 'TAddSub' <Latency = 0> <II = 1> <Delay = 1.92> <IPBlock> <Opcode : 'add' 'sub'> <InPorts = 3> <OutPorts = 1> <Sync> <CReg>
ST_3 : Operation 1409 [1/1] (0.00ns)   --->   "%sext_ln58_379 = sext i10 %add_ln58_272" [firmware/nnet_utils/nnet_dense_latency.h:58]   --->   Operation 1409 'sext' 'sext_ln58_379' <Predicate = true> <Delay = 0.00>
ST_3 : Operation 1410 [1/1] (0.00ns) (grouped into TernaryAdder)   --->   "%add_ln58_273 = add i13 %sext_ln58_379, i13 %add_ln58_270" [firmware/nnet_utils/nnet_dense_latency.h:58]   --->   Operation 1410 'add' 'add_ln58_273' <Predicate = true> <Delay = 0.00> <CoreInst = "TAddSub">   --->   Core 10 'TAddSub' <Latency = 0> <II = 1> <Delay = 1.92> <IPBlock> <Opcode : 'add' 'sub'> <InPorts = 3> <OutPorts = 1> <Sync> <CReg>
ST_3 : Operation 1411 [1/1] (0.00ns)   --->   "%sext_ln58_387 = sext i12 %add_ln58_281" [firmware/nnet_utils/nnet_dense_latency.h:58]   --->   Operation 1411 'sext' 'sext_ln58_387' <Predicate = true> <Delay = 0.00>
ST_3 : Operation 1412 [1/1] (3.81ns) (root node of TernaryAdder)   --->   "%add_ln58_282 = add i13 %sext_ln58_387, i13 %add_ln58_273" [firmware/nnet_utils/nnet_dense_latency.h:58]   --->   Operation 1412 'add' 'add_ln58_282' <Predicate = true> <Delay = 3.81> <CoreInst = "TAddSub">   --->   Core 10 'TAddSub' <Latency = 0> <II = 1> <Delay = 1.92> <IPBlock> <Opcode : 'add' 'sub'> <InPorts = 3> <OutPorts = 1> <Sync> <CReg>
ST_3 : Operation 1413 [1/1] (0.00ns)   --->   "%sext_ln58_388 = sext i13 %add_ln58_282" [firmware/nnet_utils/nnet_dense_latency.h:58]   --->   Operation 1413 'sext' 'sext_ln58_388' <Predicate = true> <Delay = 0.00>
ST_3 : Operation 1414 [1/1] (1.67ns)   --->   "%sub_ln58_154 = sub i14 %sext_ln58_388, i14 %sext_ln17_121" [firmware/nnet_utils/nnet_dense_latency.h:58]   --->   Operation 1414 'sub' 'sub_ln58_154' <Predicate = true> <Delay = 1.67> <CoreInst = "Adder">   --->   Core 1 'Adder' <Latency = 0> <II = 1> <Delay = 1.67> <FuncUnit> <Opcode : 'add' 'sub'> <InPorts = 2> <OutPorts = 1>
ST_3 : Operation 1415 [1/1] (0.00ns)   --->   "%sext_ln58_391 = sext i10 %sub_ln58_156" [firmware/nnet_utils/nnet_dense_latency.h:58]   --->   Operation 1415 'sext' 'sext_ln58_391' <Predicate = true> <Delay = 0.00>
ST_3 : Operation 1416 [1/1] (1.82ns)   --->   "%sub_ln58_157 = sub i10 %sext_ln17_117, i10 %sext_ln17_109" [firmware/nnet_utils/nnet_dense_latency.h:58]   --->   Operation 1416 'sub' 'sub_ln58_157' <Predicate = true> <Delay = 1.82> <CoreInst = "Adder">   --->   Core 1 'Adder' <Latency = 0> <II = 1> <Delay = 1.82> <FuncUnit> <Opcode : 'add' 'sub'> <InPorts = 2> <OutPorts = 1>
ST_3 : Operation 1417 [1/1] (0.00ns)   --->   "%sext_ln58_392 = sext i10 %sub_ln58_157" [firmware/nnet_utils/nnet_dense_latency.h:58]   --->   Operation 1417 'sext' 'sext_ln58_392' <Predicate = true> <Delay = 0.00>
ST_3 : Operation 1418 [1/1] (1.73ns)   --->   "%add_ln58_284 = add i11 %sext_ln58_392, i11 %sext_ln58_391" [firmware/nnet_utils/nnet_dense_latency.h:58]   --->   Operation 1418 'add' 'add_ln58_284' <Predicate = true> <Delay = 1.73> <CoreInst = "Adder">   --->   Core 1 'Adder' <Latency = 0> <II = 1> <Delay = 1.73> <FuncUnit> <Opcode : 'add' 'sub'> <InPorts = 2> <OutPorts = 1>
ST_3 : Operation 1419 [1/1] (0.00ns)   --->   "%sext_ln58_393 = sext i11 %add_ln58_284" [firmware/nnet_utils/nnet_dense_latency.h:58]   --->   Operation 1419 'sext' 'sext_ln58_393' <Predicate = true> <Delay = 0.00>
ST_3 : Operation 1420 [1/1] (0.00ns) (grouped into TernaryAdder)   --->   "%add_ln58_285 = add i13 %sext_ln58_393, i13 %add_ln58_283" [firmware/nnet_utils/nnet_dense_latency.h:58]   --->   Operation 1420 'add' 'add_ln58_285' <Predicate = true> <Delay = 0.00> <CoreInst = "TAddSub">   --->   Core 10 'TAddSub' <Latency = 0> <II = 1> <Delay = 1.92> <IPBlock> <Opcode : 'add' 'sub'> <InPorts = 3> <OutPorts = 1> <Sync> <CReg>
ST_3 : Operation 1421 [1/1] (1.91ns)   --->   "%sub_ln58_158 = sub i9 %sext_ln17_78, i9 %sext_ln70_22" [firmware/nnet_utils/nnet_dense_latency.h:58]   --->   Operation 1421 'sub' 'sub_ln58_158' <Predicate = true> <Delay = 1.91> <CoreInst = "Adder">   --->   Core 1 'Adder' <Latency = 0> <II = 1> <Delay = 1.91> <FuncUnit> <Opcode : 'add' 'sub'> <InPorts = 2> <OutPorts = 1>
ST_3 : Operation 1422 [1/1] (0.00ns)   --->   "%sext_ln58_394 = sext i9 %sub_ln58_158" [firmware/nnet_utils/nnet_dense_latency.h:58]   --->   Operation 1422 'sext' 'sext_ln58_394' <Predicate = true> <Delay = 0.00>
ST_3 : Operation 1423 [1/1] (1.91ns)   --->   "%add_ln58_286 = add i9 %sext_ln17_102, i9 %sext_ln17_105" [firmware/nnet_utils/nnet_dense_latency.h:58]   --->   Operation 1423 'add' 'add_ln58_286' <Predicate = true> <Delay = 1.91> <CoreInst = "Adder">   --->   Core 1 'Adder' <Latency = 0> <II = 1> <Delay = 1.91> <FuncUnit> <Opcode : 'add' 'sub'> <InPorts = 2> <OutPorts = 1>
ST_3 : Operation 1424 [1/1] (0.00ns)   --->   "%sext_ln58_395 = sext i9 %add_ln58_286" [firmware/nnet_utils/nnet_dense_latency.h:58]   --->   Operation 1424 'sext' 'sext_ln58_395' <Predicate = true> <Delay = 0.00>
ST_3 : Operation 1425 [1/1] (1.82ns)   --->   "%add_ln58_287 = add i10 %sext_ln58_395, i10 %sext_ln58_394" [firmware/nnet_utils/nnet_dense_latency.h:58]   --->   Operation 1425 'add' 'add_ln58_287' <Predicate = true> <Delay = 1.82> <CoreInst = "Adder">   --->   Core 1 'Adder' <Latency = 0> <II = 1> <Delay = 1.82> <FuncUnit> <Opcode : 'add' 'sub'> <InPorts = 2> <OutPorts = 1>
ST_3 : Operation 1426 [1/1] (0.00ns)   --->   "%sext_ln58_396 = sext i10 %add_ln58_287" [firmware/nnet_utils/nnet_dense_latency.h:58]   --->   Operation 1426 'sext' 'sext_ln58_396' <Predicate = true> <Delay = 0.00>
ST_3 : Operation 1427 [1/1] (1.91ns)   --->   "%add_ln58_288 = add i9 %sext_ln17_106, i9 %sext_ln70_19" [firmware/nnet_utils/nnet_dense_latency.h:58]   --->   Operation 1427 'add' 'add_ln58_288' <Predicate = true> <Delay = 1.91> <CoreInst = "Adder">   --->   Core 1 'Adder' <Latency = 0> <II = 1> <Delay = 1.91> <FuncUnit> <Opcode : 'add' 'sub'> <InPorts = 2> <OutPorts = 1>
ST_3 : Operation 1428 [1/1] (0.00ns)   --->   "%sext_ln58_397 = sext i9 %add_ln58_288" [firmware/nnet_utils/nnet_dense_latency.h:58]   --->   Operation 1428 'sext' 'sext_ln58_397' <Predicate = true> <Delay = 0.00>
ST_3 : Operation 1429 [1/1] (1.91ns)   --->   "%add_ln58_289 = add i9 %sext_ln17_114, i9 %sext_ln17_119" [firmware/nnet_utils/nnet_dense_latency.h:58]   --->   Operation 1429 'add' 'add_ln58_289' <Predicate = true> <Delay = 1.91> <CoreInst = "Adder">   --->   Core 1 'Adder' <Latency = 0> <II = 1> <Delay = 1.91> <FuncUnit> <Opcode : 'add' 'sub'> <InPorts = 2> <OutPorts = 1>
ST_3 : Operation 1430 [1/1] (0.00ns)   --->   "%sext_ln58_398 = sext i9 %add_ln58_289" [firmware/nnet_utils/nnet_dense_latency.h:58]   --->   Operation 1430 'sext' 'sext_ln58_398' <Predicate = true> <Delay = 0.00>
ST_3 : Operation 1431 [1/1] (1.82ns)   --->   "%add_ln58_290 = add i10 %sext_ln58_398, i10 %sext_ln58_397" [firmware/nnet_utils/nnet_dense_latency.h:58]   --->   Operation 1431 'add' 'add_ln58_290' <Predicate = true> <Delay = 1.82> <CoreInst = "Adder">   --->   Core 1 'Adder' <Latency = 0> <II = 1> <Delay = 1.82> <FuncUnit> <Opcode : 'add' 'sub'> <InPorts = 2> <OutPorts = 1>
ST_3 : Operation 1432 [1/1] (0.00ns)   --->   "%sext_ln58_399 = sext i10 %add_ln58_290" [firmware/nnet_utils/nnet_dense_latency.h:58]   --->   Operation 1432 'sext' 'sext_ln58_399' <Predicate = true> <Delay = 0.00>
ST_3 : Operation 1433 [1/1] (1.73ns)   --->   "%add_ln58_291 = add i11 %sext_ln58_399, i11 %sext_ln58_396" [firmware/nnet_utils/nnet_dense_latency.h:58]   --->   Operation 1433 'add' 'add_ln58_291' <Predicate = true> <Delay = 1.73> <CoreInst = "Adder">   --->   Core 1 'Adder' <Latency = 0> <II = 1> <Delay = 1.73> <FuncUnit> <Opcode : 'add' 'sub'> <InPorts = 2> <OutPorts = 1>
ST_3 : Operation 1434 [1/1] (0.00ns)   --->   "%sext_ln58_400 = sext i11 %add_ln58_291" [firmware/nnet_utils/nnet_dense_latency.h:58]   --->   Operation 1434 'sext' 'sext_ln58_400' <Predicate = true> <Delay = 0.00>
ST_3 : Operation 1435 [1/1] (3.81ns) (root node of TernaryAdder)   --->   "%add_ln58_292 = add i13 %sext_ln58_400, i13 %add_ln58_285" [firmware/nnet_utils/nnet_dense_latency.h:58]   --->   Operation 1435 'add' 'add_ln58_292' <Predicate = true> <Delay = 3.81> <CoreInst = "TAddSub">   --->   Core 10 'TAddSub' <Latency = 0> <II = 1> <Delay = 1.92> <IPBlock> <Opcode : 'add' 'sub'> <InPorts = 3> <OutPorts = 1> <Sync> <CReg>
ST_3 : Operation 1436 [1/1] (0.00ns)   --->   "%sext_ln58_109 = sext i13 %add_ln58_292" [firmware/nnet_utils/nnet_dense_latency.h:58]   --->   Operation 1436 'sext' 'sext_ln58_109' <Predicate = true> <Delay = 0.00>
ST_3 : Operation 1437 [1/1] (0.00ns)   --->   "%sext_ln58_406 = sext i10 %add_ln58_294" [firmware/nnet_utils/nnet_dense_latency.h:58]   --->   Operation 1437 'sext' 'sext_ln58_406' <Predicate = true> <Delay = 0.00>
ST_3 : Operation 1438 [1/1] (0.00ns) (grouped into TernaryAdder)   --->   "%add_ln58_295 = add i13 %sext_ln58_406, i13 %add_ln58_293" [firmware/nnet_utils/nnet_dense_latency.h:58]   --->   Operation 1438 'add' 'add_ln58_295' <Predicate = true> <Delay = 0.00> <CoreInst = "TAddSub">   --->   Core 10 'TAddSub' <Latency = 0> <II = 1> <Delay = 1.92> <IPBlock> <Opcode : 'add' 'sub'> <InPorts = 3> <OutPorts = 1> <Sync> <CReg>
ST_3 : Operation 1439 [1/1] (1.91ns)   --->   "%add_ln58_296 = add i9 %sext_ln17_82, i9 %sext_ln70_14" [firmware/nnet_utils/nnet_dense_latency.h:58]   --->   Operation 1439 'add' 'add_ln58_296' <Predicate = true> <Delay = 1.91> <CoreInst = "Adder">   --->   Core 1 'Adder' <Latency = 0> <II = 1> <Delay = 1.91> <FuncUnit> <Opcode : 'add' 'sub'> <InPorts = 2> <OutPorts = 1>
ST_3 : Operation 1440 [1/1] (0.00ns)   --->   "%sext_ln58_407 = sext i9 %add_ln58_296" [firmware/nnet_utils/nnet_dense_latency.h:58]   --->   Operation 1440 'sext' 'sext_ln58_407' <Predicate = true> <Delay = 0.00>
ST_3 : Operation 1441 [1/1] (1.91ns)   --->   "%add_ln58_297 = add i9 %sext_ln70_15, i9 %sext_ln17_105" [firmware/nnet_utils/nnet_dense_latency.h:58]   --->   Operation 1441 'add' 'add_ln58_297' <Predicate = true> <Delay = 1.91> <CoreInst = "Adder">   --->   Core 1 'Adder' <Latency = 0> <II = 1> <Delay = 1.91> <FuncUnit> <Opcode : 'add' 'sub'> <InPorts = 2> <OutPorts = 1>
ST_3 : Operation 1442 [1/1] (0.00ns)   --->   "%sext_ln58_408 = sext i9 %add_ln58_297" [firmware/nnet_utils/nnet_dense_latency.h:58]   --->   Operation 1442 'sext' 'sext_ln58_408' <Predicate = true> <Delay = 0.00>
ST_3 : Operation 1443 [1/1] (1.82ns)   --->   "%add_ln58_298 = add i10 %sext_ln58_408, i10 %sext_ln58_407" [firmware/nnet_utils/nnet_dense_latency.h:58]   --->   Operation 1443 'add' 'add_ln58_298' <Predicate = true> <Delay = 1.82> <CoreInst = "Adder">   --->   Core 1 'Adder' <Latency = 0> <II = 1> <Delay = 1.82> <FuncUnit> <Opcode : 'add' 'sub'> <InPorts = 2> <OutPorts = 1>
ST_3 : Operation 1444 [1/1] (0.00ns)   --->   "%sext_ln58_409 = sext i10 %add_ln58_298" [firmware/nnet_utils/nnet_dense_latency.h:58]   --->   Operation 1444 'sext' 'sext_ln58_409' <Predicate = true> <Delay = 0.00>
ST_3 : Operation 1445 [1/1] (1.91ns)   --->   "%add_ln58_299 = add i9 %sext_ln17_106, i9 %sext_ln70_17" [firmware/nnet_utils/nnet_dense_latency.h:58]   --->   Operation 1445 'add' 'add_ln58_299' <Predicate = true> <Delay = 1.91> <CoreInst = "Adder">   --->   Core 1 'Adder' <Latency = 0> <II = 1> <Delay = 1.91> <FuncUnit> <Opcode : 'add' 'sub'> <InPorts = 2> <OutPorts = 1>
ST_3 : Operation 1446 [1/1] (0.00ns)   --->   "%sext_ln58_410 = sext i9 %add_ln58_299" [firmware/nnet_utils/nnet_dense_latency.h:58]   --->   Operation 1446 'sext' 'sext_ln58_410' <Predicate = true> <Delay = 0.00>
ST_3 : Operation 1447 [1/1] (1.91ns)   --->   "%add_ln58_300 = add i9 %sext_ln70_21, i9 %sext_ln70_22" [firmware/nnet_utils/nnet_dense_latency.h:58]   --->   Operation 1447 'add' 'add_ln58_300' <Predicate = true> <Delay = 1.91> <CoreInst = "Adder">   --->   Core 1 'Adder' <Latency = 0> <II = 1> <Delay = 1.91> <FuncUnit> <Opcode : 'add' 'sub'> <InPorts = 2> <OutPorts = 1>
ST_3 : Operation 1448 [1/1] (0.00ns)   --->   "%sext_ln58_411 = sext i9 %add_ln58_300" [firmware/nnet_utils/nnet_dense_latency.h:58]   --->   Operation 1448 'sext' 'sext_ln58_411' <Predicate = true> <Delay = 0.00>
ST_3 : Operation 1449 [1/1] (1.82ns)   --->   "%add_ln58_301 = add i10 %sext_ln58_411, i10 %sext_ln17_116" [firmware/nnet_utils/nnet_dense_latency.h:58]   --->   Operation 1449 'add' 'add_ln58_301' <Predicate = true> <Delay = 1.82> <CoreInst = "Adder">   --->   Core 1 'Adder' <Latency = 0> <II = 1> <Delay = 1.82> <FuncUnit> <Opcode : 'add' 'sub'> <InPorts = 2> <OutPorts = 1>
ST_3 : Operation 1450 [1/1] (0.00ns)   --->   "%sext_ln58_412 = sext i10 %add_ln58_301" [firmware/nnet_utils/nnet_dense_latency.h:58]   --->   Operation 1450 'sext' 'sext_ln58_412' <Predicate = true> <Delay = 0.00>
ST_3 : Operation 1451 [1/1] (1.73ns)   --->   "%add_ln58_302 = add i11 %sext_ln58_412, i11 %sext_ln58_410" [firmware/nnet_utils/nnet_dense_latency.h:58]   --->   Operation 1451 'add' 'add_ln58_302' <Predicate = true> <Delay = 1.73> <CoreInst = "Adder">   --->   Core 1 'Adder' <Latency = 0> <II = 1> <Delay = 1.73> <FuncUnit> <Opcode : 'add' 'sub'> <InPorts = 2> <OutPorts = 1>
ST_3 : Operation 1452 [1/1] (0.00ns)   --->   "%sext_ln58_413 = sext i11 %add_ln58_302" [firmware/nnet_utils/nnet_dense_latency.h:58]   --->   Operation 1452 'sext' 'sext_ln58_413' <Predicate = true> <Delay = 0.00>
ST_3 : Operation 1453 [1/1] (1.63ns)   --->   "%add_ln58_303 = add i12 %sext_ln58_413, i12 %sext_ln58_409" [firmware/nnet_utils/nnet_dense_latency.h:58]   --->   Operation 1453 'add' 'add_ln58_303' <Predicate = true> <Delay = 1.63> <CoreInst = "Adder">   --->   Core 1 'Adder' <Latency = 0> <II = 1> <Delay = 1.63> <FuncUnit> <Opcode : 'add' 'sub'> <InPorts = 2> <OutPorts = 1>
ST_3 : Operation 1454 [1/1] (0.00ns)   --->   "%sext_ln58_414 = sext i12 %add_ln58_303" [firmware/nnet_utils/nnet_dense_latency.h:58]   --->   Operation 1454 'sext' 'sext_ln58_414' <Predicate = true> <Delay = 0.00>
ST_3 : Operation 1455 [1/1] (3.81ns) (root node of TernaryAdder)   --->   "%add_ln58_304 = add i13 %sext_ln58_414, i13 %add_ln58_295" [firmware/nnet_utils/nnet_dense_latency.h:58]   --->   Operation 1455 'add' 'add_ln58_304' <Predicate = true> <Delay = 3.81> <CoreInst = "TAddSub">   --->   Core 10 'TAddSub' <Latency = 0> <II = 1> <Delay = 1.92> <IPBlock> <Opcode : 'add' 'sub'> <InPorts = 3> <OutPorts = 1> <Sync> <CReg>
ST_3 : Operation 1456 [1/1] (0.00ns)   --->   "%sext_ln58_415 = sext i13 %add_ln58_304" [firmware/nnet_utils/nnet_dense_latency.h:58]   --->   Operation 1456 'sext' 'sext_ln58_415' <Predicate = true> <Delay = 0.00>
ST_3 : Operation 1457 [1/1] (1.67ns)   --->   "%sub_ln58_162 = sub i14 %sext_ln58_415, i14 %sext_ln17_129" [firmware/nnet_utils/nnet_dense_latency.h:58]   --->   Operation 1457 'sub' 'sub_ln58_162' <Predicate = true> <Delay = 1.67> <CoreInst = "Adder">   --->   Core 1 'Adder' <Latency = 0> <II = 1> <Delay = 1.67> <FuncUnit> <Opcode : 'add' 'sub'> <InPorts = 2> <OutPorts = 1>
ST_3 : Operation 1458 [1/1] (0.00ns)   --->   "%sext_ln58_111 = sext i14 %sub_ln58_162" [firmware/nnet_utils/nnet_dense_latency.h:58]   --->   Operation 1458 'sext' 'sext_ln58_111' <Predicate = true> <Delay = 0.00>
ST_3 : Operation 1459 [1/1] (0.00ns)   --->   "%sext_ln58_418 = sext i8 %data_44_val_read" [firmware/nnet_utils/nnet_dense_latency.h:58]   --->   Operation 1459 'sext' 'sext_ln58_418' <Predicate = true> <Delay = 0.00>
ST_3 : Operation 1460 [1/1] (0.00ns)   --->   "%sext_ln58_419 = sext i9 %mult_68" [firmware/nnet_utils/nnet_dense_latency.h:58]   --->   Operation 1460 'sext' 'sext_ln58_419' <Predicate = true> <Delay = 0.00>
ST_3 : Operation 1461 [1/1] (0.00ns) (grouped into TernaryAdder)   --->   "%sub_ln58_164 = sub i10 %sext_ln58_419, i10 %sext_ln58_418" [firmware/nnet_utils/nnet_dense_latency.h:58]   --->   Operation 1461 'sub' 'sub_ln58_164' <Predicate = true> <Delay = 0.00> <CoreInst = "TAddSub">   --->   Core 10 'TAddSub' <Latency = 0> <II = 1> <Delay = 1.92> <IPBlock> <Opcode : 'add' 'sub'> <InPorts = 3> <OutPorts = 1> <Sync> <CReg>
ST_3 : Operation 1462 [1/1] (0.00ns)   --->   "%sext_ln58_420 = sext i9 %add_ln58_306" [firmware/nnet_utils/nnet_dense_latency.h:58]   --->   Operation 1462 'sext' 'sext_ln58_420' <Predicate = true> <Delay = 0.00>
ST_3 : Operation 1463 [1/1] (3.72ns) (root node of TernaryAdder)   --->   "%add_ln58_307 = add i10 %sext_ln58_420, i10 %sub_ln58_164" [firmware/nnet_utils/nnet_dense_latency.h:58]   --->   Operation 1463 'add' 'add_ln58_307' <Predicate = true> <Delay = 3.72> <CoreInst = "TAddSub">   --->   Core 10 'TAddSub' <Latency = 0> <II = 1> <Delay = 1.92> <IPBlock> <Opcode : 'add' 'sub'> <InPorts = 3> <OutPorts = 1> <Sync> <CReg>
ST_3 : Operation 1464 [1/1] (0.00ns)   --->   "%sext_ln58_421 = sext i10 %add_ln58_307" [firmware/nnet_utils/nnet_dense_latency.h:58]   --->   Operation 1464 'sext' 'sext_ln58_421' <Predicate = true> <Delay = 0.00>
ST_3 : Operation 1465 [1/1] (0.00ns) (grouped into TernaryAdder)   --->   "%add_ln58_308 = add i13 %sext_ln58_421, i13 %add_ln58_305" [firmware/nnet_utils/nnet_dense_latency.h:58]   --->   Operation 1465 'add' 'add_ln58_308' <Predicate = true> <Delay = 0.00> <CoreInst = "TAddSub">   --->   Core 10 'TAddSub' <Latency = 0> <II = 1> <Delay = 1.92> <IPBlock> <Opcode : 'add' 'sub'> <InPorts = 3> <OutPorts = 1> <Sync> <CReg>
ST_3 : Operation 1466 [1/1] (1.91ns)   --->   "%add_ln58_309 = add i9 %sext_ln70_13, i9 %sext_ln17_88" [firmware/nnet_utils/nnet_dense_latency.h:58]   --->   Operation 1466 'add' 'add_ln58_309' <Predicate = true> <Delay = 1.91> <CoreInst = "Adder">   --->   Core 1 'Adder' <Latency = 0> <II = 1> <Delay = 1.91> <FuncUnit> <Opcode : 'add' 'sub'> <InPorts = 2> <OutPorts = 1>
ST_3 : Operation 1467 [1/1] (0.00ns)   --->   "%sext_ln58_422 = sext i9 %add_ln58_309" [firmware/nnet_utils/nnet_dense_latency.h:58]   --->   Operation 1467 'sext' 'sext_ln58_422' <Predicate = true> <Delay = 0.00>
ST_3 : Operation 1468 [1/1] (1.91ns)   --->   "%add_ln58_310 = add i9 %sext_ln70_14, i9 %sext_ln17_95" [firmware/nnet_utils/nnet_dense_latency.h:58]   --->   Operation 1468 'add' 'add_ln58_310' <Predicate = true> <Delay = 1.91> <CoreInst = "Adder">   --->   Core 1 'Adder' <Latency = 0> <II = 1> <Delay = 1.91> <FuncUnit> <Opcode : 'add' 'sub'> <InPorts = 2> <OutPorts = 1>
ST_3 : Operation 1469 [1/1] (0.00ns)   --->   "%sext_ln58_423 = sext i9 %add_ln58_310" [firmware/nnet_utils/nnet_dense_latency.h:58]   --->   Operation 1469 'sext' 'sext_ln58_423' <Predicate = true> <Delay = 0.00>
ST_3 : Operation 1470 [1/1] (1.82ns)   --->   "%add_ln58_311 = add i10 %sext_ln58_423, i10 %sext_ln58_422" [firmware/nnet_utils/nnet_dense_latency.h:58]   --->   Operation 1470 'add' 'add_ln58_311' <Predicate = true> <Delay = 1.82> <CoreInst = "Adder">   --->   Core 1 'Adder' <Latency = 0> <II = 1> <Delay = 1.82> <FuncUnit> <Opcode : 'add' 'sub'> <InPorts = 2> <OutPorts = 1>
ST_3 : Operation 1471 [1/1] (0.00ns)   --->   "%sext_ln58_424 = sext i10 %add_ln58_311" [firmware/nnet_utils/nnet_dense_latency.h:58]   --->   Operation 1471 'sext' 'sext_ln58_424' <Predicate = true> <Delay = 0.00>
ST_3 : Operation 1472 [1/1] (1.91ns)   --->   "%add_ln58_312 = add i9 %sext_ln17_102, i9 %sext_ln70_21" [firmware/nnet_utils/nnet_dense_latency.h:58]   --->   Operation 1472 'add' 'add_ln58_312' <Predicate = true> <Delay = 1.91> <CoreInst = "Adder">   --->   Core 1 'Adder' <Latency = 0> <II = 1> <Delay = 1.91> <FuncUnit> <Opcode : 'add' 'sub'> <InPorts = 2> <OutPorts = 1>
ST_3 : Operation 1473 [1/1] (0.00ns)   --->   "%sext_ln58_425 = sext i9 %add_ln58_312" [firmware/nnet_utils/nnet_dense_latency.h:58]   --->   Operation 1473 'sext' 'sext_ln58_425' <Predicate = true> <Delay = 0.00>
ST_3 : Operation 1474 [1/1] (1.91ns)   --->   "%add_ln58_313 = add i9 %sext_ln70_23, i9 %sext_ln70_24" [firmware/nnet_utils/nnet_dense_latency.h:58]   --->   Operation 1474 'add' 'add_ln58_313' <Predicate = true> <Delay = 1.91> <CoreInst = "Adder">   --->   Core 1 'Adder' <Latency = 0> <II = 1> <Delay = 1.91> <FuncUnit> <Opcode : 'add' 'sub'> <InPorts = 2> <OutPorts = 1>
ST_3 : Operation 1475 [1/1] (0.00ns)   --->   "%sext_ln58_426 = sext i9 %add_ln58_313" [firmware/nnet_utils/nnet_dense_latency.h:58]   --->   Operation 1475 'sext' 'sext_ln58_426' <Predicate = true> <Delay = 0.00>
ST_3 : Operation 1476 [1/1] (1.82ns)   --->   "%add_ln58_314 = add i10 %sext_ln58_426, i10 %sext_ln58_425" [firmware/nnet_utils/nnet_dense_latency.h:58]   --->   Operation 1476 'add' 'add_ln58_314' <Predicate = true> <Delay = 1.82> <CoreInst = "Adder">   --->   Core 1 'Adder' <Latency = 0> <II = 1> <Delay = 1.82> <FuncUnit> <Opcode : 'add' 'sub'> <InPorts = 2> <OutPorts = 1>
ST_3 : Operation 1477 [1/1] (0.00ns)   --->   "%sext_ln58_427 = sext i10 %add_ln58_314" [firmware/nnet_utils/nnet_dense_latency.h:58]   --->   Operation 1477 'sext' 'sext_ln58_427' <Predicate = true> <Delay = 0.00>
ST_3 : Operation 1478 [1/1] (1.73ns)   --->   "%add_ln58_315 = add i11 %sext_ln58_427, i11 %sext_ln58_424" [firmware/nnet_utils/nnet_dense_latency.h:58]   --->   Operation 1478 'add' 'add_ln58_315' <Predicate = true> <Delay = 1.73> <CoreInst = "Adder">   --->   Core 1 'Adder' <Latency = 0> <II = 1> <Delay = 1.73> <FuncUnit> <Opcode : 'add' 'sub'> <InPorts = 2> <OutPorts = 1>
ST_3 : Operation 1479 [1/1] (0.00ns)   --->   "%sext_ln58_428 = sext i11 %add_ln58_315" [firmware/nnet_utils/nnet_dense_latency.h:58]   --->   Operation 1479 'sext' 'sext_ln58_428' <Predicate = true> <Delay = 0.00>
ST_3 : Operation 1480 [1/1] (3.81ns) (root node of TernaryAdder)   --->   "%add_ln58_316 = add i13 %sext_ln58_428, i13 %add_ln58_308" [firmware/nnet_utils/nnet_dense_latency.h:58]   --->   Operation 1480 'add' 'add_ln58_316' <Predicate = true> <Delay = 3.81> <CoreInst = "TAddSub">   --->   Core 10 'TAddSub' <Latency = 0> <II = 1> <Delay = 1.92> <IPBlock> <Opcode : 'add' 'sub'> <InPorts = 3> <OutPorts = 1> <Sync> <CReg>
ST_3 : Operation 1481 [1/1] (0.00ns)   --->   "%sext_ln58_431 = sext i10 %sub_ln58_165" [firmware/nnet_utils/nnet_dense_latency.h:58]   --->   Operation 1481 'sext' 'sext_ln58_431' <Predicate = true> <Delay = 0.00>
ST_3 : Operation 1482 [1/1] (1.82ns)   --->   "%sub_ln58_166 = sub i10 %sext_ln58_350, i10 %sext_ln17_103" [firmware/nnet_utils/nnet_dense_latency.h:58]   --->   Operation 1482 'sub' 'sub_ln58_166' <Predicate = true> <Delay = 1.82> <CoreInst = "Adder">   --->   Core 1 'Adder' <Latency = 0> <II = 1> <Delay = 1.82> <FuncUnit> <Opcode : 'add' 'sub'> <InPorts = 2> <OutPorts = 1>
ST_3 : Operation 1483 [1/1] (0.00ns)   --->   "%sext_ln58_432 = sext i10 %sub_ln58_166" [firmware/nnet_utils/nnet_dense_latency.h:58]   --->   Operation 1483 'sext' 'sext_ln58_432' <Predicate = true> <Delay = 0.00>
ST_3 : Operation 1484 [1/1] (1.73ns)   --->   "%add_ln58_318 = add i11 %sext_ln58_432, i11 %sext_ln58_431" [firmware/nnet_utils/nnet_dense_latency.h:58]   --->   Operation 1484 'add' 'add_ln58_318' <Predicate = true> <Delay = 1.73> <CoreInst = "Adder">   --->   Core 1 'Adder' <Latency = 0> <II = 1> <Delay = 1.73> <FuncUnit> <Opcode : 'add' 'sub'> <InPorts = 2> <OutPorts = 1>
ST_3 : Operation 1485 [1/1] (0.00ns)   --->   "%sext_ln58_433 = sext i11 %add_ln58_318" [firmware/nnet_utils/nnet_dense_latency.h:58]   --->   Operation 1485 'sext' 'sext_ln58_433' <Predicate = true> <Delay = 0.00>
ST_3 : Operation 1486 [1/1] (0.00ns) (grouped into TernaryAdder)   --->   "%add_ln58_319 = add i13 %sext_ln58_433, i13 %add_ln58_317" [firmware/nnet_utils/nnet_dense_latency.h:58]   --->   Operation 1486 'add' 'add_ln58_319' <Predicate = true> <Delay = 0.00> <CoreInst = "TAddSub">   --->   Core 10 'TAddSub' <Latency = 0> <II = 1> <Delay = 1.92> <IPBlock> <Opcode : 'add' 'sub'> <InPorts = 3> <OutPorts = 1> <Sync> <CReg>
ST_3 : Operation 1487 [1/1] (0.00ns)   --->   "%sext_ln58_438 = sext i11 %add_ln58_322" [firmware/nnet_utils/nnet_dense_latency.h:58]   --->   Operation 1487 'sext' 'sext_ln58_438' <Predicate = true> <Delay = 0.00>
ST_3 : Operation 1488 [1/1] (3.81ns) (root node of TernaryAdder)   --->   "%add_ln58_323 = add i13 %sext_ln58_438, i13 %add_ln58_319" [firmware/nnet_utils/nnet_dense_latency.h:58]   --->   Operation 1488 'add' 'add_ln58_323' <Predicate = true> <Delay = 3.81> <CoreInst = "TAddSub">   --->   Core 10 'TAddSub' <Latency = 0> <II = 1> <Delay = 1.92> <IPBlock> <Opcode : 'add' 'sub'> <InPorts = 3> <OutPorts = 1> <Sync> <CReg>
ST_3 : Operation 1489 [1/1] (1.91ns)   --->   "%sub_ln58_171 = sub i9 %sext_ln70_15, i9 %sext_ln70_25" [firmware/nnet_utils/nnet_dense_latency.h:58]   --->   Operation 1489 'sub' 'sub_ln58_171' <Predicate = true> <Delay = 1.91> <CoreInst = "Adder">   --->   Core 1 'Adder' <Latency = 0> <II = 1> <Delay = 1.91> <FuncUnit> <Opcode : 'add' 'sub'> <InPorts = 2> <OutPorts = 1>
ST_3 : Operation 1490 [1/1] (0.00ns)   --->   "%sext_ln58_441 = sext i9 %sub_ln58_171" [firmware/nnet_utils/nnet_dense_latency.h:58]   --->   Operation 1490 'sext' 'sext_ln58_441' <Predicate = true> <Delay = 0.00>
ST_3 : Operation 1491 [1/1] (1.91ns)   --->   "%add_ln58_326 = add i9 %sext_ln17_94, i9 %sext_ln73_17" [firmware/nnet_utils/nnet_dense_latency.h:58]   --->   Operation 1491 'add' 'add_ln58_326' <Predicate = true> <Delay = 1.91> <CoreInst = "Adder">   --->   Core 1 'Adder' <Latency = 0> <II = 1> <Delay = 1.91> <FuncUnit> <Opcode : 'add' 'sub'> <InPorts = 2> <OutPorts = 1>
ST_3 : Operation 1492 [1/1] (0.00ns)   --->   "%sext_ln58_442 = sext i9 %add_ln58_326" [firmware/nnet_utils/nnet_dense_latency.h:58]   --->   Operation 1492 'sext' 'sext_ln58_442' <Predicate = true> <Delay = 0.00>
ST_3 : Operation 1493 [1/1] (1.82ns)   --->   "%add_ln58_327 = add i10 %sext_ln58_442, i10 %sext_ln58_441" [firmware/nnet_utils/nnet_dense_latency.h:58]   --->   Operation 1493 'add' 'add_ln58_327' <Predicate = true> <Delay = 1.82> <CoreInst = "Adder">   --->   Core 1 'Adder' <Latency = 0> <II = 1> <Delay = 1.82> <FuncUnit> <Opcode : 'add' 'sub'> <InPorts = 2> <OutPorts = 1>
ST_3 : Operation 1494 [1/1] (0.00ns)   --->   "%sext_ln58_443 = sext i10 %add_ln58_327" [firmware/nnet_utils/nnet_dense_latency.h:58]   --->   Operation 1494 'sext' 'sext_ln58_443' <Predicate = true> <Delay = 0.00>
ST_3 : Operation 1495 [1/1] (0.00ns) (grouped into TernaryAdder)   --->   "%add_ln58_328 = add i13 %sext_ln58_443, i13 %add_ln58_325" [firmware/nnet_utils/nnet_dense_latency.h:58]   --->   Operation 1495 'add' 'add_ln58_328' <Predicate = true> <Delay = 0.00> <CoreInst = "TAddSub">   --->   Core 10 'TAddSub' <Latency = 0> <II = 1> <Delay = 1.92> <IPBlock> <Opcode : 'add' 'sub'> <InPorts = 3> <OutPorts = 1> <Sync> <CReg>
ST_3 : Operation 1496 [1/1] (0.00ns)   --->   "%sext_ln58_450 = sext i11 %add_ln58_335" [firmware/nnet_utils/nnet_dense_latency.h:58]   --->   Operation 1496 'sext' 'sext_ln58_450' <Predicate = true> <Delay = 0.00>
ST_3 : Operation 1497 [1/1] (3.81ns) (root node of TernaryAdder)   --->   "%add_ln58_336 = add i13 %sext_ln58_450, i13 %add_ln58_328" [firmware/nnet_utils/nnet_dense_latency.h:58]   --->   Operation 1497 'add' 'add_ln58_336' <Predicate = true> <Delay = 3.81> <CoreInst = "TAddSub">   --->   Core 10 'TAddSub' <Latency = 0> <II = 1> <Delay = 1.92> <IPBlock> <Opcode : 'add' 'sub'> <InPorts = 3> <OutPorts = 1> <Sync> <CReg>
ST_3 : Operation 1498 [1/1] (1.82ns)   --->   "%sub_ln58_174 = sub i10 %sext_ln17_117, i10 %sext_ln17_112" [firmware/nnet_utils/nnet_dense_latency.h:58]   --->   Operation 1498 'sub' 'sub_ln58_174' <Predicate = true> <Delay = 1.82> <CoreInst = "Adder">   --->   Core 1 'Adder' <Latency = 0> <II = 1> <Delay = 1.82> <FuncUnit> <Opcode : 'add' 'sub'> <InPorts = 2> <OutPorts = 1>
ST_3 : Operation 1499 [1/1] (0.00ns)   --->   "%sext_ln58_455 = sext i10 %sub_ln58_174" [firmware/nnet_utils/nnet_dense_latency.h:58]   --->   Operation 1499 'sext' 'sext_ln58_455' <Predicate = true> <Delay = 0.00>
ST_3 : Operation 1500 [1/1] (1.82ns)   --->   "%sub_ln58_175 = sub i10 %sext_ln58_419, i10 %sext_ln17_118" [firmware/nnet_utils/nnet_dense_latency.h:58]   --->   Operation 1500 'sub' 'sub_ln58_175' <Predicate = true> <Delay = 1.82> <CoreInst = "Adder">   --->   Core 1 'Adder' <Latency = 0> <II = 1> <Delay = 1.82> <FuncUnit> <Opcode : 'add' 'sub'> <InPorts = 2> <OutPorts = 1>
ST_3 : Operation 1501 [1/1] (0.00ns)   --->   "%sext_ln58_456 = sext i10 %sub_ln58_175" [firmware/nnet_utils/nnet_dense_latency.h:58]   --->   Operation 1501 'sext' 'sext_ln58_456' <Predicate = true> <Delay = 0.00>
ST_3 : Operation 1502 [1/1] (1.73ns)   --->   "%add_ln58_338 = add i11 %sext_ln58_456, i11 %sext_ln58_455" [firmware/nnet_utils/nnet_dense_latency.h:58]   --->   Operation 1502 'add' 'add_ln58_338' <Predicate = true> <Delay = 1.73> <CoreInst = "Adder">   --->   Core 1 'Adder' <Latency = 0> <II = 1> <Delay = 1.73> <FuncUnit> <Opcode : 'add' 'sub'> <InPorts = 2> <OutPorts = 1>
ST_3 : Operation 1503 [1/1] (0.00ns)   --->   "%sext_ln58_457 = sext i11 %add_ln58_338" [firmware/nnet_utils/nnet_dense_latency.h:58]   --->   Operation 1503 'sext' 'sext_ln58_457' <Predicate = true> <Delay = 0.00>
ST_3 : Operation 1504 [1/1] (0.00ns) (grouped into TernaryAdder)   --->   "%add_ln58_339 = add i13 %sext_ln58_457, i13 %add_ln58_337" [firmware/nnet_utils/nnet_dense_latency.h:58]   --->   Operation 1504 'add' 'add_ln58_339' <Predicate = true> <Delay = 0.00> <CoreInst = "TAddSub">   --->   Core 10 'TAddSub' <Latency = 0> <II = 1> <Delay = 1.92> <IPBlock> <Opcode : 'add' 'sub'> <InPorts = 3> <OutPorts = 1> <Sync> <CReg>
ST_3 : Operation 1505 [1/1] (1.82ns)   --->   "%add_ln58_341 = add i10 %sext_ln58_342, i10 %sext_ln58_458" [firmware/nnet_utils/nnet_dense_latency.h:58]   --->   Operation 1505 'add' 'add_ln58_341' <Predicate = true> <Delay = 1.82> <CoreInst = "Adder">   --->   Core 1 'Adder' <Latency = 0> <II = 1> <Delay = 1.82> <FuncUnit> <Opcode : 'add' 'sub'> <InPorts = 2> <OutPorts = 1>
ST_3 : Operation 1506 [1/1] (0.00ns)   --->   "%sext_ln58_459 = sext i10 %add_ln58_341" [firmware/nnet_utils/nnet_dense_latency.h:58]   --->   Operation 1506 'sext' 'sext_ln58_459' <Predicate = true> <Delay = 0.00>
ST_3 : Operation 1507 [1/1] (1.91ns)   --->   "%add_ln58_342 = add i9 %sext_ln70_13, i9 %sext_ln17_94" [firmware/nnet_utils/nnet_dense_latency.h:58]   --->   Operation 1507 'add' 'add_ln58_342' <Predicate = true> <Delay = 1.91> <CoreInst = "Adder">   --->   Core 1 'Adder' <Latency = 0> <II = 1> <Delay = 1.91> <FuncUnit> <Opcode : 'add' 'sub'> <InPorts = 2> <OutPorts = 1>
ST_3 : Operation 1508 [1/1] (0.00ns)   --->   "%sext_ln58_460 = sext i9 %add_ln58_342" [firmware/nnet_utils/nnet_dense_latency.h:58]   --->   Operation 1508 'sext' 'sext_ln58_460' <Predicate = true> <Delay = 0.00>
ST_3 : Operation 1509 [1/1] (0.00ns)   --->   "%sext_ln58_461 = sext i9 %add_ln58_343" [firmware/nnet_utils/nnet_dense_latency.h:58]   --->   Operation 1509 'sext' 'sext_ln58_461' <Predicate = true> <Delay = 0.00>
ST_3 : Operation 1510 [1/1] (1.82ns)   --->   "%add_ln58_344 = add i10 %sext_ln58_461, i10 %sext_ln17_103" [firmware/nnet_utils/nnet_dense_latency.h:58]   --->   Operation 1510 'add' 'add_ln58_344' <Predicate = true> <Delay = 1.82> <CoreInst = "Adder">   --->   Core 1 'Adder' <Latency = 0> <II = 1> <Delay = 1.82> <FuncUnit> <Opcode : 'add' 'sub'> <InPorts = 2> <OutPorts = 1>
ST_3 : Operation 1511 [1/1] (0.00ns)   --->   "%sext_ln58_462 = sext i10 %add_ln58_344" [firmware/nnet_utils/nnet_dense_latency.h:58]   --->   Operation 1511 'sext' 'sext_ln58_462' <Predicate = true> <Delay = 0.00>
ST_3 : Operation 1512 [1/1] (1.73ns)   --->   "%add_ln58_345 = add i11 %sext_ln58_462, i11 %sext_ln58_460" [firmware/nnet_utils/nnet_dense_latency.h:58]   --->   Operation 1512 'add' 'add_ln58_345' <Predicate = true> <Delay = 1.73> <CoreInst = "Adder">   --->   Core 1 'Adder' <Latency = 0> <II = 1> <Delay = 1.73> <FuncUnit> <Opcode : 'add' 'sub'> <InPorts = 2> <OutPorts = 1>
ST_3 : Operation 1513 [1/1] (0.00ns)   --->   "%sext_ln58_463 = sext i11 %add_ln58_345" [firmware/nnet_utils/nnet_dense_latency.h:58]   --->   Operation 1513 'sext' 'sext_ln58_463' <Predicate = true> <Delay = 0.00>
ST_3 : Operation 1514 [1/1] (1.63ns)   --->   "%add_ln58_346 = add i12 %sext_ln58_463, i12 %sext_ln58_459" [firmware/nnet_utils/nnet_dense_latency.h:58]   --->   Operation 1514 'add' 'add_ln58_346' <Predicate = true> <Delay = 1.63> <CoreInst = "Adder">   --->   Core 1 'Adder' <Latency = 0> <II = 1> <Delay = 1.63> <FuncUnit> <Opcode : 'add' 'sub'> <InPorts = 2> <OutPorts = 1>
ST_3 : Operation 1515 [1/1] (0.00ns)   --->   "%sext_ln58_464 = sext i12 %add_ln58_346" [firmware/nnet_utils/nnet_dense_latency.h:58]   --->   Operation 1515 'sext' 'sext_ln58_464' <Predicate = true> <Delay = 0.00>
ST_3 : Operation 1516 [1/1] (3.81ns) (root node of TernaryAdder)   --->   "%add_ln58_347 = add i13 %sext_ln58_464, i13 %add_ln58_339" [firmware/nnet_utils/nnet_dense_latency.h:58]   --->   Operation 1516 'add' 'add_ln58_347' <Predicate = true> <Delay = 3.81> <CoreInst = "TAddSub">   --->   Core 10 'TAddSub' <Latency = 0> <II = 1> <Delay = 1.92> <IPBlock> <Opcode : 'add' 'sub'> <InPorts = 3> <OutPorts = 1> <Sync> <CReg>
ST_3 : Operation 1517 [1/1] (0.00ns)   --->   "%sext_ln58_465 = sext i13 %add_ln58_323" [firmware/nnet_utils/nnet_dense_latency.h:58]   --->   Operation 1517 'sext' 'sext_ln58_465' <Predicate = true> <Delay = 0.00>
ST_3 : Operation 1518 [1/1] (1.67ns)   --->   "%sub_ln58_176 = sub i14 %sext_ln58_465, i14 %sext_ln17_131" [firmware/nnet_utils/nnet_dense_latency.h:58]   --->   Operation 1518 'sub' 'sub_ln58_176' <Predicate = true> <Delay = 1.67> <CoreInst = "Adder">   --->   Core 1 'Adder' <Latency = 0> <II = 1> <Delay = 1.67> <FuncUnit> <Opcode : 'add' 'sub'> <InPorts = 2> <OutPorts = 1>
ST_3 : Operation 1519 [1/1] (0.00ns)   --->   "%sext_ln58_466 = sext i13 %add_ln58_336" [firmware/nnet_utils/nnet_dense_latency.h:58]   --->   Operation 1519 'sext' 'sext_ln58_466' <Predicate = true> <Delay = 0.00>
ST_3 : Operation 1520 [1/1] (1.67ns)   --->   "%sub_ln58_177 = sub i14 %sext_ln58_466, i14 %sext_ln17_135" [firmware/nnet_utils/nnet_dense_latency.h:58]   --->   Operation 1520 'sub' 'sub_ln58_177' <Predicate = true> <Delay = 1.67> <CoreInst = "Adder">   --->   Core 1 'Adder' <Latency = 0> <II = 1> <Delay = 1.67> <FuncUnit> <Opcode : 'add' 'sub'> <InPorts = 2> <OutPorts = 1>
ST_3 : Operation 1521 [1/1] (0.00ns)   --->   "%sext_ln58_470 = sext i11 %add_ln58_349" [firmware/nnet_utils/nnet_dense_latency.h:58]   --->   Operation 1521 'sext' 'sext_ln58_470' <Predicate = true> <Delay = 0.00>
ST_3 : Operation 1522 [1/1] (0.00ns) (grouped into TernaryAdder)   --->   "%add_ln58_350 = add i13 %sext_ln58_470, i13 %add_ln58_348" [firmware/nnet_utils/nnet_dense_latency.h:58]   --->   Operation 1522 'add' 'add_ln58_350' <Predicate = true> <Delay = 0.00> <CoreInst = "TAddSub">   --->   Core 10 'TAddSub' <Latency = 0> <II = 1> <Delay = 1.92> <IPBlock> <Opcode : 'add' 'sub'> <InPorts = 3> <OutPorts = 1> <Sync> <CReg>
ST_3 : Operation 1523 [1/1] (1.91ns)   --->   "%sub_ln58_180 = sub i9 %sext_ln17_88, i9 %sext_ln70_20" [firmware/nnet_utils/nnet_dense_latency.h:58]   --->   Operation 1523 'sub' 'sub_ln58_180' <Predicate = true> <Delay = 1.91> <CoreInst = "Adder">   --->   Core 1 'Adder' <Latency = 0> <II = 1> <Delay = 1.91> <FuncUnit> <Opcode : 'add' 'sub'> <InPorts = 2> <OutPorts = 1>
ST_3 : Operation 1524 [1/1] (0.00ns)   --->   "%sext_ln58_471 = sext i9 %sub_ln58_180" [firmware/nnet_utils/nnet_dense_latency.h:58]   --->   Operation 1524 'sext' 'sext_ln58_471' <Predicate = true> <Delay = 0.00>
ST_3 : Operation 1525 [1/1] (1.91ns)   --->   "%add_ln58_351 = add i9 %sext_ln73_17, i9 %sext_ln70_16" [firmware/nnet_utils/nnet_dense_latency.h:58]   --->   Operation 1525 'add' 'add_ln58_351' <Predicate = true> <Delay = 1.91> <CoreInst = "Adder">   --->   Core 1 'Adder' <Latency = 0> <II = 1> <Delay = 1.91> <FuncUnit> <Opcode : 'add' 'sub'> <InPorts = 2> <OutPorts = 1>
ST_3 : Operation 1526 [1/1] (0.00ns)   --->   "%sext_ln58_472 = sext i9 %add_ln58_351" [firmware/nnet_utils/nnet_dense_latency.h:58]   --->   Operation 1526 'sext' 'sext_ln58_472' <Predicate = true> <Delay = 0.00>
ST_3 : Operation 1527 [1/1] (1.82ns)   --->   "%add_ln58_352 = add i10 %sext_ln58_472, i10 %sext_ln58_471" [firmware/nnet_utils/nnet_dense_latency.h:58]   --->   Operation 1527 'add' 'add_ln58_352' <Predicate = true> <Delay = 1.82> <CoreInst = "Adder">   --->   Core 1 'Adder' <Latency = 0> <II = 1> <Delay = 1.82> <FuncUnit> <Opcode : 'add' 'sub'> <InPorts = 2> <OutPorts = 1>
ST_3 : Operation 1528 [1/1] (0.00ns)   --->   "%sext_ln58_473 = sext i10 %add_ln58_352" [firmware/nnet_utils/nnet_dense_latency.h:58]   --->   Operation 1528 'sext' 'sext_ln58_473' <Predicate = true> <Delay = 0.00>
ST_3 : Operation 1529 [1/1] (1.91ns)   --->   "%add_ln58_353 = add i9 %sext_ln17_115, i9 %sext_ln70_21" [firmware/nnet_utils/nnet_dense_latency.h:58]   --->   Operation 1529 'add' 'add_ln58_353' <Predicate = true> <Delay = 1.91> <CoreInst = "Adder">   --->   Core 1 'Adder' <Latency = 0> <II = 1> <Delay = 1.91> <FuncUnit> <Opcode : 'add' 'sub'> <InPorts = 2> <OutPorts = 1>
ST_3 : Operation 1530 [1/1] (0.00ns)   --->   "%sext_ln58_474 = sext i9 %add_ln58_353" [firmware/nnet_utils/nnet_dense_latency.h:58]   --->   Operation 1530 'sext' 'sext_ln58_474' <Predicate = true> <Delay = 0.00>
ST_3 : Operation 1531 [1/1] (1.91ns)   --->   "%add_ln58_354 = add i9 %sext_ln70_24, i9 %sext_ln17_137" [firmware/nnet_utils/nnet_dense_latency.h:58]   --->   Operation 1531 'add' 'add_ln58_354' <Predicate = true> <Delay = 1.91> <CoreInst = "Adder">   --->   Core 1 'Adder' <Latency = 0> <II = 1> <Delay = 1.91> <FuncUnit> <Opcode : 'add' 'sub'> <InPorts = 2> <OutPorts = 1>
ST_3 : Operation 1532 [1/1] (0.00ns)   --->   "%sext_ln58_475 = sext i9 %add_ln58_354" [firmware/nnet_utils/nnet_dense_latency.h:58]   --->   Operation 1532 'sext' 'sext_ln58_475' <Predicate = true> <Delay = 0.00>
ST_3 : Operation 1533 [1/1] (1.82ns)   --->   "%add_ln58_355 = add i10 %sext_ln58_475, i10 %sext_ln17_124" [firmware/nnet_utils/nnet_dense_latency.h:58]   --->   Operation 1533 'add' 'add_ln58_355' <Predicate = true> <Delay = 1.82> <CoreInst = "Adder">   --->   Core 1 'Adder' <Latency = 0> <II = 1> <Delay = 1.82> <FuncUnit> <Opcode : 'add' 'sub'> <InPorts = 2> <OutPorts = 1>
ST_3 : Operation 1534 [1/1] (0.00ns)   --->   "%sext_ln58_476 = sext i10 %add_ln58_355" [firmware/nnet_utils/nnet_dense_latency.h:58]   --->   Operation 1534 'sext' 'sext_ln58_476' <Predicate = true> <Delay = 0.00>
ST_3 : Operation 1535 [1/1] (1.73ns)   --->   "%add_ln58_356 = add i11 %sext_ln58_476, i11 %sext_ln58_474" [firmware/nnet_utils/nnet_dense_latency.h:58]   --->   Operation 1535 'add' 'add_ln58_356' <Predicate = true> <Delay = 1.73> <CoreInst = "Adder">   --->   Core 1 'Adder' <Latency = 0> <II = 1> <Delay = 1.73> <FuncUnit> <Opcode : 'add' 'sub'> <InPorts = 2> <OutPorts = 1>
ST_3 : Operation 1536 [1/1] (0.00ns)   --->   "%sext_ln58_477 = sext i11 %add_ln58_356" [firmware/nnet_utils/nnet_dense_latency.h:58]   --->   Operation 1536 'sext' 'sext_ln58_477' <Predicate = true> <Delay = 0.00>
ST_3 : Operation 1537 [1/1] (1.63ns)   --->   "%add_ln58_357 = add i12 %sext_ln58_477, i12 %sext_ln58_473" [firmware/nnet_utils/nnet_dense_latency.h:58]   --->   Operation 1537 'add' 'add_ln58_357' <Predicate = true> <Delay = 1.63> <CoreInst = "Adder">   --->   Core 1 'Adder' <Latency = 0> <II = 1> <Delay = 1.63> <FuncUnit> <Opcode : 'add' 'sub'> <InPorts = 2> <OutPorts = 1>
ST_3 : Operation 1538 [1/1] (0.00ns)   --->   "%sext_ln58_478 = sext i12 %add_ln58_357" [firmware/nnet_utils/nnet_dense_latency.h:58]   --->   Operation 1538 'sext' 'sext_ln58_478' <Predicate = true> <Delay = 0.00>
ST_3 : Operation 1539 [1/1] (3.81ns) (root node of TernaryAdder)   --->   "%add_ln58_358 = add i13 %sext_ln58_478, i13 %add_ln58_350" [firmware/nnet_utils/nnet_dense_latency.h:58]   --->   Operation 1539 'add' 'add_ln58_358' <Predicate = true> <Delay = 3.81> <CoreInst = "TAddSub">   --->   Core 10 'TAddSub' <Latency = 0> <II = 1> <Delay = 1.92> <IPBlock> <Opcode : 'add' 'sub'> <InPorts = 3> <OutPorts = 1> <Sync> <CReg>
ST_3 : Operation 1540 [1/1] (0.00ns)   --->   "%sext_ln58_116 = sext i13 %add_ln58_358" [firmware/nnet_utils/nnet_dense_latency.h:58]   --->   Operation 1540 'sext' 'sext_ln58_116' <Predicate = true> <Delay = 0.00>
ST_3 : Operation 1541 [1/1] (1.91ns)   --->   "%sub_ln58_182 = sub i9 %sext_ln17_82, i9 %sext_ln70_19" [firmware/nnet_utils/nnet_dense_latency.h:58]   --->   Operation 1541 'sub' 'sub_ln58_182' <Predicate = true> <Delay = 1.91> <CoreInst = "Adder">   --->   Core 1 'Adder' <Latency = 0> <II = 1> <Delay = 1.91> <FuncUnit> <Opcode : 'add' 'sub'> <InPorts = 2> <OutPorts = 1>
ST_3 : Operation 1542 [1/1] (0.00ns)   --->   "%sext_ln58_480 = sext i9 %sub_ln58_182" [firmware/nnet_utils/nnet_dense_latency.h:58]   --->   Operation 1542 'sext' 'sext_ln58_480' <Predicate = true> <Delay = 0.00>
ST_3 : Operation 1543 [1/1] (1.91ns)   --->   "%add_ln58_361 = add i9 %sext_ln73_15, i9 %sext_ln70_15" [firmware/nnet_utils/nnet_dense_latency.h:58]   --->   Operation 1543 'add' 'add_ln58_361' <Predicate = true> <Delay = 1.91> <CoreInst = "Adder">   --->   Core 1 'Adder' <Latency = 0> <II = 1> <Delay = 1.91> <FuncUnit> <Opcode : 'add' 'sub'> <InPorts = 2> <OutPorts = 1>
ST_3 : Operation 1544 [1/1] (0.00ns)   --->   "%sext_ln58_481 = sext i9 %add_ln58_361" [firmware/nnet_utils/nnet_dense_latency.h:58]   --->   Operation 1544 'sext' 'sext_ln58_481' <Predicate = true> <Delay = 0.00>
ST_3 : Operation 1545 [1/1] (1.82ns)   --->   "%add_ln58_362 = add i10 %sext_ln58_481, i10 %sext_ln58_480" [firmware/nnet_utils/nnet_dense_latency.h:58]   --->   Operation 1545 'add' 'add_ln58_362' <Predicate = true> <Delay = 1.82> <CoreInst = "Adder">   --->   Core 1 'Adder' <Latency = 0> <II = 1> <Delay = 1.82> <FuncUnit> <Opcode : 'add' 'sub'> <InPorts = 2> <OutPorts = 1>
ST_3 : Operation 1546 [1/1] (0.00ns)   --->   "%sext_ln58_482 = sext i10 %add_ln58_362" [firmware/nnet_utils/nnet_dense_latency.h:58]   --->   Operation 1546 'sext' 'sext_ln58_482' <Predicate = true> <Delay = 0.00>
ST_3 : Operation 1547 [1/1] (0.00ns) (grouped into TernaryAdder)   --->   "%add_ln58_363 = add i13 %sext_ln58_482, i13 %add_ln58_360" [firmware/nnet_utils/nnet_dense_latency.h:58]   --->   Operation 1547 'add' 'add_ln58_363' <Predicate = true> <Delay = 0.00> <CoreInst = "TAddSub">   --->   Core 10 'TAddSub' <Latency = 0> <II = 1> <Delay = 1.92> <IPBlock> <Opcode : 'add' 'sub'> <InPorts = 3> <OutPorts = 1> <Sync> <CReg>
ST_3 : Operation 1548 [1/1] (1.91ns)   --->   "%add_ln58_364 = add i9 %sext_ln17_95, i9 %sext_ln73_18" [firmware/nnet_utils/nnet_dense_latency.h:58]   --->   Operation 1548 'add' 'add_ln58_364' <Predicate = true> <Delay = 1.91> <CoreInst = "Adder">   --->   Core 1 'Adder' <Latency = 0> <II = 1> <Delay = 1.91> <FuncUnit> <Opcode : 'add' 'sub'> <InPorts = 2> <OutPorts = 1>
ST_3 : Operation 1549 [1/1] (0.00ns)   --->   "%sext_ln58_483 = sext i9 %add_ln58_364" [firmware/nnet_utils/nnet_dense_latency.h:58]   --->   Operation 1549 'sext' 'sext_ln58_483' <Predicate = true> <Delay = 0.00>
ST_3 : Operation 1550 [1/1] (1.91ns)   --->   "%add_ln58_365 = add i9 %sext_ln17_106, i9 %sext_ln70_16" [firmware/nnet_utils/nnet_dense_latency.h:58]   --->   Operation 1550 'add' 'add_ln58_365' <Predicate = true> <Delay = 1.91> <CoreInst = "Adder">   --->   Core 1 'Adder' <Latency = 0> <II = 1> <Delay = 1.91> <FuncUnit> <Opcode : 'add' 'sub'> <InPorts = 2> <OutPorts = 1>
ST_3 : Operation 1551 [1/1] (0.00ns)   --->   "%sext_ln58_484 = sext i9 %add_ln58_365" [firmware/nnet_utils/nnet_dense_latency.h:58]   --->   Operation 1551 'sext' 'sext_ln58_484' <Predicate = true> <Delay = 0.00>
ST_3 : Operation 1552 [1/1] (1.82ns)   --->   "%add_ln58_366 = add i10 %sext_ln58_484, i10 %sext_ln58_483" [firmware/nnet_utils/nnet_dense_latency.h:58]   --->   Operation 1552 'add' 'add_ln58_366' <Predicate = true> <Delay = 1.82> <CoreInst = "Adder">   --->   Core 1 'Adder' <Latency = 0> <II = 1> <Delay = 1.82> <FuncUnit> <Opcode : 'add' 'sub'> <InPorts = 2> <OutPorts = 1>
ST_3 : Operation 1553 [1/1] (0.00ns)   --->   "%sext_ln58_485 = sext i10 %add_ln58_366" [firmware/nnet_utils/nnet_dense_latency.h:58]   --->   Operation 1553 'sext' 'sext_ln58_485' <Predicate = true> <Delay = 0.00>
ST_3 : Operation 1554 [1/1] (1.91ns)   --->   "%add_ln58_367 = add i9 %sext_ln70_17, i9 %sext_ln17_110" [firmware/nnet_utils/nnet_dense_latency.h:58]   --->   Operation 1554 'add' 'add_ln58_367' <Predicate = true> <Delay = 1.91> <CoreInst = "Adder">   --->   Core 1 'Adder' <Latency = 0> <II = 1> <Delay = 1.91> <FuncUnit> <Opcode : 'add' 'sub'> <InPorts = 2> <OutPorts = 1>
ST_3 : Operation 1555 [1/1] (0.00ns)   --->   "%sext_ln58_486 = sext i9 %add_ln58_367" [firmware/nnet_utils/nnet_dense_latency.h:58]   --->   Operation 1555 'sext' 'sext_ln58_486' <Predicate = true> <Delay = 0.00>
ST_3 : Operation 1556 [1/1] (1.91ns)   --->   "%add_ln58_368 = add i9 %sext_ln70_18, i9 %sext_ln17_115" [firmware/nnet_utils/nnet_dense_latency.h:58]   --->   Operation 1556 'add' 'add_ln58_368' <Predicate = true> <Delay = 1.91> <CoreInst = "Adder">   --->   Core 1 'Adder' <Latency = 0> <II = 1> <Delay = 1.91> <FuncUnit> <Opcode : 'add' 'sub'> <InPorts = 2> <OutPorts = 1>
ST_3 : Operation 1557 [1/1] (0.00ns)   --->   "%sext_ln58_487 = sext i9 %add_ln58_368" [firmware/nnet_utils/nnet_dense_latency.h:58]   --->   Operation 1557 'sext' 'sext_ln58_487' <Predicate = true> <Delay = 0.00>
ST_3 : Operation 1558 [1/1] (1.82ns)   --->   "%add_ln58_369 = add i10 %sext_ln58_487, i10 %sext_ln58_486" [firmware/nnet_utils/nnet_dense_latency.h:58]   --->   Operation 1558 'add' 'add_ln58_369' <Predicate = true> <Delay = 1.82> <CoreInst = "Adder">   --->   Core 1 'Adder' <Latency = 0> <II = 1> <Delay = 1.82> <FuncUnit> <Opcode : 'add' 'sub'> <InPorts = 2> <OutPorts = 1>
ST_3 : Operation 1559 [1/1] (0.00ns)   --->   "%sext_ln58_488 = sext i10 %add_ln58_369" [firmware/nnet_utils/nnet_dense_latency.h:58]   --->   Operation 1559 'sext' 'sext_ln58_488' <Predicate = true> <Delay = 0.00>
ST_3 : Operation 1560 [1/1] (1.73ns)   --->   "%add_ln58_370 = add i11 %sext_ln58_488, i11 %sext_ln58_485" [firmware/nnet_utils/nnet_dense_latency.h:58]   --->   Operation 1560 'add' 'add_ln58_370' <Predicate = true> <Delay = 1.73> <CoreInst = "Adder">   --->   Core 1 'Adder' <Latency = 0> <II = 1> <Delay = 1.73> <FuncUnit> <Opcode : 'add' 'sub'> <InPorts = 2> <OutPorts = 1>
ST_3 : Operation 1561 [1/1] (0.00ns)   --->   "%sext_ln58_489 = sext i11 %add_ln58_370" [firmware/nnet_utils/nnet_dense_latency.h:58]   --->   Operation 1561 'sext' 'sext_ln58_489' <Predicate = true> <Delay = 0.00>
ST_3 : Operation 1562 [1/1] (3.81ns) (root node of TernaryAdder)   --->   "%add_ln58_371 = add i13 %sext_ln58_489, i13 %add_ln58_363" [firmware/nnet_utils/nnet_dense_latency.h:58]   --->   Operation 1562 'add' 'add_ln58_371' <Predicate = true> <Delay = 3.81> <CoreInst = "TAddSub">   --->   Core 10 'TAddSub' <Latency = 0> <II = 1> <Delay = 1.92> <IPBlock> <Opcode : 'add' 'sub'> <InPorts = 3> <OutPorts = 1> <Sync> <CReg>
ST_3 : Operation 1563 [1/1] (0.00ns)   --->   "%sext_ln58_490 = sext i13 %add_ln58_371" [firmware/nnet_utils/nnet_dense_latency.h:58]   --->   Operation 1563 'sext' 'sext_ln58_490' <Predicate = true> <Delay = 0.00>
ST_3 : Operation 1564 [1/1] (0.00ns) (grouped into TernaryAdder)   --->   "%sub_ln58_183 = sub i14 %sext_ln58_490, i14 %sext_ln17_138" [firmware/nnet_utils/nnet_dense_latency.h:58]   --->   Operation 1564 'sub' 'sub_ln58_183' <Predicate = true> <Delay = 0.00> <CoreInst = "TAddSub">   --->   Core 10 'TAddSub' <Latency = 0> <II = 1> <Delay = 1.92> <IPBlock> <Opcode : 'add' 'sub'> <InPorts = 3> <OutPorts = 1> <Sync> <CReg>
ST_3 : Operation 1565 [1/1] (1.91ns)   --->   "%add_ln58_372 = add i9 %sext_ln70_22, i9 %sext_ln70_24" [firmware/nnet_utils/nnet_dense_latency.h:58]   --->   Operation 1565 'add' 'add_ln58_372' <Predicate = true> <Delay = 1.91> <CoreInst = "Adder">   --->   Core 1 'Adder' <Latency = 0> <II = 1> <Delay = 1.91> <FuncUnit> <Opcode : 'add' 'sub'> <InPorts = 2> <OutPorts = 1>
ST_3 : Operation 1566 [1/1] (0.00ns)   --->   "%sext_ln58_491 = sext i9 %add_ln58_372" [firmware/nnet_utils/nnet_dense_latency.h:58]   --->   Operation 1566 'sext' 'sext_ln58_491' <Predicate = true> <Delay = 0.00>
ST_3 : Operation 1567 [1/1] (3.84ns) (root node of TernaryAdder)   --->   "%add_ln58_373 = add i14 %sext_ln58_491, i14 %sub_ln58_183" [firmware/nnet_utils/nnet_dense_latency.h:58]   --->   Operation 1567 'add' 'add_ln58_373' <Predicate = true> <Delay = 3.84> <CoreInst = "TAddSub">   --->   Core 10 'TAddSub' <Latency = 0> <II = 1> <Delay = 1.92> <IPBlock> <Opcode : 'add' 'sub'> <InPorts = 3> <OutPorts = 1> <Sync> <CReg>
ST_3 : Operation 1568 [1/1] (0.00ns)   --->   "%sext_ln58_118 = sext i14 %add_ln58_373" [firmware/nnet_utils/nnet_dense_latency.h:58]   --->   Operation 1568 'sext' 'sext_ln58_118' <Predicate = true> <Delay = 0.00>
ST_3 : Operation 1569 [1/1] (0.00ns)   --->   "%sext_ln58_492 = sext i13 %add_ln58_347" [firmware/nnet_utils/nnet_dense_latency.h:58]   --->   Operation 1569 'sext' 'sext_ln58_492' <Predicate = true> <Delay = 0.00>
ST_3 : Operation 1570 [1/1] (0.00ns) (grouped into TernaryAdder)   --->   "%sub_ln58_184 = sub i14 %sext_ln58_492, i14 %sext_ln17_138" [firmware/nnet_utils/nnet_dense_latency.h:58]   --->   Operation 1570 'sub' 'sub_ln58_184' <Predicate = true> <Delay = 0.00> <CoreInst = "TAddSub">   --->   Core 10 'TAddSub' <Latency = 0> <II = 1> <Delay = 1.92> <IPBlock> <Opcode : 'add' 'sub'> <InPorts = 3> <OutPorts = 1> <Sync> <CReg>
ST_3 : Operation 1571 [1/1] (0.00ns)   --->   "%sext_ln58_497 = sext i8 %data_42_val_read" [firmware/nnet_utils/nnet_dense_latency.h:58]   --->   Operation 1571 'sext' 'sext_ln58_497' <Predicate = true> <Delay = 0.00>
ST_3 : Operation 1572 [1/1] (1.82ns)   --->   "%sub_ln58_187 = sub i10 %sext_ln58_453, i10 %sext_ln58_497" [firmware/nnet_utils/nnet_dense_latency.h:58]   --->   Operation 1572 'sub' 'sub_ln58_187' <Predicate = true> <Delay = 1.82> <CoreInst = "Adder">   --->   Core 1 'Adder' <Latency = 0> <II = 1> <Delay = 1.82> <FuncUnit> <Opcode : 'add' 'sub'> <InPorts = 2> <OutPorts = 1>
ST_3 : Operation 1573 [1/1] (0.00ns)   --->   "%sext_ln58_498 = sext i10 %sub_ln58_187" [firmware/nnet_utils/nnet_dense_latency.h:58]   --->   Operation 1573 'sext' 'sext_ln58_498' <Predicate = true> <Delay = 0.00>
ST_3 : Operation 1574 [1/1] (1.82ns)   --->   "%sub_ln58_188 = sub i10 %sext_ln17_123, i10 %sext_ln58_435" [firmware/nnet_utils/nnet_dense_latency.h:58]   --->   Operation 1574 'sub' 'sub_ln58_188' <Predicate = true> <Delay = 1.82> <CoreInst = "Adder">   --->   Core 1 'Adder' <Latency = 0> <II = 1> <Delay = 1.82> <FuncUnit> <Opcode : 'add' 'sub'> <InPorts = 2> <OutPorts = 1>
ST_3 : Operation 1575 [1/1] (0.00ns)   --->   "%sext_ln58_499 = sext i10 %sub_ln58_188" [firmware/nnet_utils/nnet_dense_latency.h:58]   --->   Operation 1575 'sext' 'sext_ln58_499' <Predicate = true> <Delay = 0.00>
ST_3 : Operation 1576 [1/1] (1.73ns)   --->   "%add_ln58_375 = add i11 %sext_ln58_499, i11 %sext_ln58_498" [firmware/nnet_utils/nnet_dense_latency.h:58]   --->   Operation 1576 'add' 'add_ln58_375' <Predicate = true> <Delay = 1.73> <CoreInst = "Adder">   --->   Core 1 'Adder' <Latency = 0> <II = 1> <Delay = 1.73> <FuncUnit> <Opcode : 'add' 'sub'> <InPorts = 2> <OutPorts = 1>
ST_3 : Operation 1577 [1/1] (0.00ns)   --->   "%sext_ln58_500 = sext i11 %add_ln58_375" [firmware/nnet_utils/nnet_dense_latency.h:58]   --->   Operation 1577 'sext' 'sext_ln58_500' <Predicate = true> <Delay = 0.00>
ST_3 : Operation 1578 [1/1] (0.00ns) (grouped into TernaryAdder)   --->   "%add_ln58_376 = add i13 %sext_ln58_500, i13 %add_ln58_374" [firmware/nnet_utils/nnet_dense_latency.h:58]   --->   Operation 1578 'add' 'add_ln58_376' <Predicate = true> <Delay = 0.00> <CoreInst = "TAddSub">   --->   Core 10 'TAddSub' <Latency = 0> <II = 1> <Delay = 1.92> <IPBlock> <Opcode : 'add' 'sub'> <InPorts = 3> <OutPorts = 1> <Sync> <CReg>
ST_3 : Operation 1579 [1/1] (1.82ns)   --->   "%sub_ln58_189 = sub i10 %sext_ln17_128, i10 %sext_ln17_127" [firmware/nnet_utils/nnet_dense_latency.h:58]   --->   Operation 1579 'sub' 'sub_ln58_189' <Predicate = true> <Delay = 1.82> <CoreInst = "Adder">   --->   Core 1 'Adder' <Latency = 0> <II = 1> <Delay = 1.82> <FuncUnit> <Opcode : 'add' 'sub'> <InPorts = 2> <OutPorts = 1>
ST_3 : Operation 1580 [1/1] (1.91ns)   --->   "%sub_ln58_190 = sub i9 %sext_ln73_17, i9 %sext_ln70_26" [firmware/nnet_utils/nnet_dense_latency.h:58]   --->   Operation 1580 'sub' 'sub_ln58_190' <Predicate = true> <Delay = 1.91> <CoreInst = "Adder">   --->   Core 1 'Adder' <Latency = 0> <II = 1> <Delay = 1.91> <FuncUnit> <Opcode : 'add' 'sub'> <InPorts = 2> <OutPorts = 1>
ST_3 : Operation 1581 [1/1] (0.00ns)   --->   "%sext_ln58_501 = sext i9 %sub_ln58_190" [firmware/nnet_utils/nnet_dense_latency.h:58]   --->   Operation 1581 'sext' 'sext_ln58_501' <Predicate = true> <Delay = 0.00>
ST_3 : Operation 1582 [1/1] (1.73ns)   --->   "%add_ln58_377 = add i10 %sext_ln58_501, i10 %sub_ln58_189" [firmware/nnet_utils/nnet_dense_latency.h:58]   --->   Operation 1582 'add' 'add_ln58_377' <Predicate = true> <Delay = 1.73> <CoreInst = "Adder">   --->   Core 1 'Adder' <Latency = 0> <II = 1> <Delay = 1.73> <FuncUnit> <Opcode : 'add' 'sub'> <InPorts = 2> <OutPorts = 1>
ST_3 : Operation 1583 [1/1] (0.00ns)   --->   "%sext_ln58_502 = sext i10 %add_ln58_377" [firmware/nnet_utils/nnet_dense_latency.h:58]   --->   Operation 1583 'sext' 'sext_ln58_502' <Predicate = true> <Delay = 0.00>
ST_3 : Operation 1584 [1/1] (1.91ns)   --->   "%add_ln58_378 = add i9 %sext_ln70_16, i9 %sext_ln17_110" [firmware/nnet_utils/nnet_dense_latency.h:58]   --->   Operation 1584 'add' 'add_ln58_378' <Predicate = true> <Delay = 1.91> <CoreInst = "Adder">   --->   Core 1 'Adder' <Latency = 0> <II = 1> <Delay = 1.91> <FuncUnit> <Opcode : 'add' 'sub'> <InPorts = 2> <OutPorts = 1>
ST_3 : Operation 1585 [1/1] (0.00ns)   --->   "%sext_ln58_503 = sext i9 %add_ln58_378" [firmware/nnet_utils/nnet_dense_latency.h:58]   --->   Operation 1585 'sext' 'sext_ln58_503' <Predicate = true> <Delay = 0.00>
ST_3 : Operation 1586 [1/1] (0.00ns)   --->   "%sext_ln58_504 = sext i9 %add_ln58_379" [firmware/nnet_utils/nnet_dense_latency.h:58]   --->   Operation 1586 'sext' 'sext_ln58_504' <Predicate = true> <Delay = 0.00>
ST_3 : Operation 1587 [1/1] (1.82ns)   --->   "%add_ln58_380 = add i10 %sext_ln58_504, i10 %sext_ln17_113" [firmware/nnet_utils/nnet_dense_latency.h:58]   --->   Operation 1587 'add' 'add_ln58_380' <Predicate = true> <Delay = 1.82> <CoreInst = "Adder">   --->   Core 1 'Adder' <Latency = 0> <II = 1> <Delay = 1.82> <FuncUnit> <Opcode : 'add' 'sub'> <InPorts = 2> <OutPorts = 1>
ST_3 : Operation 1588 [1/1] (0.00ns)   --->   "%sext_ln58_505 = sext i10 %add_ln58_380" [firmware/nnet_utils/nnet_dense_latency.h:58]   --->   Operation 1588 'sext' 'sext_ln58_505' <Predicate = true> <Delay = 0.00>
ST_3 : Operation 1589 [1/1] (1.73ns)   --->   "%add_ln58_381 = add i11 %sext_ln58_505, i11 %sext_ln58_503" [firmware/nnet_utils/nnet_dense_latency.h:58]   --->   Operation 1589 'add' 'add_ln58_381' <Predicate = true> <Delay = 1.73> <CoreInst = "Adder">   --->   Core 1 'Adder' <Latency = 0> <II = 1> <Delay = 1.73> <FuncUnit> <Opcode : 'add' 'sub'> <InPorts = 2> <OutPorts = 1>
ST_3 : Operation 1590 [1/1] (0.00ns)   --->   "%sext_ln58_506 = sext i11 %add_ln58_381" [firmware/nnet_utils/nnet_dense_latency.h:58]   --->   Operation 1590 'sext' 'sext_ln58_506' <Predicate = true> <Delay = 0.00>
ST_3 : Operation 1591 [1/1] (1.63ns)   --->   "%add_ln58_382 = add i12 %sext_ln58_506, i12 %sext_ln58_502" [firmware/nnet_utils/nnet_dense_latency.h:58]   --->   Operation 1591 'add' 'add_ln58_382' <Predicate = true> <Delay = 1.63> <CoreInst = "Adder">   --->   Core 1 'Adder' <Latency = 0> <II = 1> <Delay = 1.63> <FuncUnit> <Opcode : 'add' 'sub'> <InPorts = 2> <OutPorts = 1>
ST_3 : Operation 1592 [1/1] (0.00ns)   --->   "%sext_ln58_507 = sext i12 %add_ln58_382" [firmware/nnet_utils/nnet_dense_latency.h:58]   --->   Operation 1592 'sext' 'sext_ln58_507' <Predicate = true> <Delay = 0.00>
ST_3 : Operation 1593 [1/1] (3.81ns) (root node of TernaryAdder)   --->   "%add_ln58_383 = add i13 %sext_ln58_507, i13 %add_ln58_376" [firmware/nnet_utils/nnet_dense_latency.h:58]   --->   Operation 1593 'add' 'add_ln58_383' <Predicate = true> <Delay = 3.81> <CoreInst = "TAddSub">   --->   Core 10 'TAddSub' <Latency = 0> <II = 1> <Delay = 1.92> <IPBlock> <Opcode : 'add' 'sub'> <InPorts = 3> <OutPorts = 1> <Sync> <CReg>
ST_3 : Operation 1594 [1/1] (0.00ns)   --->   "%sext_ln58_508 = sext i8 %data_54_val_read" [firmware/nnet_utils/nnet_dense_latency.h:58]   --->   Operation 1594 'sext' 'sext_ln58_508' <Predicate = true> <Delay = 0.00>
ST_3 : Operation 1595 [1/1] (0.00ns)   --->   "%sext_ln58_509 = sext i13 %add_ln58_269" [firmware/nnet_utils/nnet_dense_latency.h:58]   --->   Operation 1595 'sext' 'sext_ln58_509' <Predicate = true> <Delay = 0.00>
ST_3 : Operation 1596 [1/1] (1.67ns)   --->   "%sub_ln58_191 = sub i14 %sext_ln58_509, i14 %sext_ln58_508" [firmware/nnet_utils/nnet_dense_latency.h:58]   --->   Operation 1596 'sub' 'sub_ln58_191' <Predicate = true> <Delay = 1.67> <CoreInst = "Adder">   --->   Core 1 'Adder' <Latency = 0> <II = 1> <Delay = 1.67> <FuncUnit> <Opcode : 'add' 'sub'> <InPorts = 2> <OutPorts = 1>
ST_3 : Operation 1597 [1/1] (0.00ns)   --->   "%sext_ln58_510 = sext i8 %data_56_val_read" [firmware/nnet_utils/nnet_dense_latency.h:58]   --->   Operation 1597 'sext' 'sext_ln58_510' <Predicate = true> <Delay = 0.00>
ST_3 : Operation 1598 [1/1] (1.82ns)   --->   "%sub_ln58_192 = sub i10 %sext_ln17_130, i10 %sext_ln58_510" [firmware/nnet_utils/nnet_dense_latency.h:58]   --->   Operation 1598 'sub' 'sub_ln58_192' <Predicate = true> <Delay = 1.82> <CoreInst = "Adder">   --->   Core 1 'Adder' <Latency = 0> <II = 1> <Delay = 1.82> <FuncUnit> <Opcode : 'add' 'sub'> <InPorts = 2> <OutPorts = 1>
ST_3 : Operation 1599 [1/1] (1.73ns)   --->   "%add_ln58_384 = add i10 %sub_ln58_192, i10 %sext_ln17_126" [firmware/nnet_utils/nnet_dense_latency.h:58]   --->   Operation 1599 'add' 'add_ln58_384' <Predicate = true> <Delay = 1.73> <CoreInst = "Adder">   --->   Core 1 'Adder' <Latency = 0> <II = 1> <Delay = 1.73> <FuncUnit> <Opcode : 'add' 'sub'> <InPorts = 2> <OutPorts = 1>
ST_3 : Operation 1600 [1/1] (0.00ns)   --->   "%sext_ln58_511 = sext i10 %add_ln58_384" [firmware/nnet_utils/nnet_dense_latency.h:58]   --->   Operation 1600 'sext' 'sext_ln58_511' <Predicate = true> <Delay = 0.00>
ST_3 : Operation 1601 [1/1] (0.00ns) (grouped into TernaryAdder)   --->   "%add_ln58_385 = add i14 %sext_ln58_511, i14 %sub_ln58_191" [firmware/nnet_utils/nnet_dense_latency.h:58]   --->   Operation 1601 'add' 'add_ln58_385' <Predicate = true> <Delay = 0.00> <CoreInst = "TAddSub">   --->   Core 10 'TAddSub' <Latency = 0> <II = 1> <Delay = 1.92> <IPBlock> <Opcode : 'add' 'sub'> <InPorts = 3> <OutPorts = 1> <Sync> <CReg>
ST_3 : Operation 1602 [1/1] (1.91ns)   --->   "%sub_ln58_193 = sub i9 %sext_ln17_119, i9 %sext_ln70_27" [firmware/nnet_utils/nnet_dense_latency.h:58]   --->   Operation 1602 'sub' 'sub_ln58_193' <Predicate = true> <Delay = 1.91> <CoreInst = "Adder">   --->   Core 1 'Adder' <Latency = 0> <II = 1> <Delay = 1.91> <FuncUnit> <Opcode : 'add' 'sub'> <InPorts = 2> <OutPorts = 1>
ST_3 : Operation 1603 [1/1] (0.00ns)   --->   "%sext_ln58_512 = sext i9 %sub_ln58_193" [firmware/nnet_utils/nnet_dense_latency.h:58]   --->   Operation 1603 'sext' 'sext_ln58_512' <Predicate = true> <Delay = 0.00>
ST_3 : Operation 1604 [1/1] (1.91ns)   --->   "%add_ln58_386 = add i9 %sext_ln17_134, i9 %sext_ln70_26" [firmware/nnet_utils/nnet_dense_latency.h:58]   --->   Operation 1604 'add' 'add_ln58_386' <Predicate = true> <Delay = 1.91> <CoreInst = "Adder">   --->   Core 1 'Adder' <Latency = 0> <II = 1> <Delay = 1.91> <FuncUnit> <Opcode : 'add' 'sub'> <InPorts = 2> <OutPorts = 1>
ST_3 : Operation 1605 [1/1] (0.00ns)   --->   "%sext_ln58_513 = sext i9 %add_ln58_386" [firmware/nnet_utils/nnet_dense_latency.h:58]   --->   Operation 1605 'sext' 'sext_ln58_513' <Predicate = true> <Delay = 0.00>
ST_3 : Operation 1606 [1/1] (1.82ns)   --->   "%add_ln58_387 = add i10 %sext_ln58_513, i10 %sext_ln17_122" [firmware/nnet_utils/nnet_dense_latency.h:58]   --->   Operation 1606 'add' 'add_ln58_387' <Predicate = true> <Delay = 1.82> <CoreInst = "Adder">   --->   Core 1 'Adder' <Latency = 0> <II = 1> <Delay = 1.82> <FuncUnit> <Opcode : 'add' 'sub'> <InPorts = 2> <OutPorts = 1>
ST_3 : Operation 1607 [1/1] (0.00ns)   --->   "%sext_ln58_514 = sext i10 %add_ln58_387" [firmware/nnet_utils/nnet_dense_latency.h:58]   --->   Operation 1607 'sext' 'sext_ln58_514' <Predicate = true> <Delay = 0.00>
ST_3 : Operation 1608 [1/1] (1.73ns)   --->   "%add_ln58_388 = add i11 %sext_ln58_514, i11 %sext_ln58_512" [firmware/nnet_utils/nnet_dense_latency.h:58]   --->   Operation 1608 'add' 'add_ln58_388' <Predicate = true> <Delay = 1.73> <CoreInst = "Adder">   --->   Core 1 'Adder' <Latency = 0> <II = 1> <Delay = 1.73> <FuncUnit> <Opcode : 'add' 'sub'> <InPorts = 2> <OutPorts = 1>
ST_3 : Operation 1609 [1/1] (0.00ns)   --->   "%sext_ln58_515 = sext i11 %add_ln58_388" [firmware/nnet_utils/nnet_dense_latency.h:58]   --->   Operation 1609 'sext' 'sext_ln58_515' <Predicate = true> <Delay = 0.00>
ST_3 : Operation 1610 [1/1] (3.84ns) (root node of TernaryAdder)   --->   "%add_ln58_389 = add i14 %sext_ln58_515, i14 %add_ln58_385" [firmware/nnet_utils/nnet_dense_latency.h:58]   --->   Operation 1610 'add' 'add_ln58_389' <Predicate = true> <Delay = 3.84> <CoreInst = "TAddSub">   --->   Core 10 'TAddSub' <Latency = 0> <II = 1> <Delay = 1.92> <IPBlock> <Opcode : 'add' 'sub'> <InPorts = 3> <OutPorts = 1> <Sync> <CReg>
ST_3 : Operation 1611 [1/1] (0.00ns)   --->   "%sext_ln58_120 = sext i14 %add_ln58_389" [firmware/nnet_utils/nnet_dense_latency.h:58]   --->   Operation 1611 'sext' 'sext_ln58_120' <Predicate = true> <Delay = 0.00>
ST_3 : Operation 1612 [1/1] (0.00ns)   --->   "%sext_ln58_517 = sext i8 %data_50_val_read" [firmware/nnet_utils/nnet_dense_latency.h:58]   --->   Operation 1612 'sext' 'sext_ln58_517' <Predicate = true> <Delay = 0.00>
ST_3 : Operation 1613 [1/1] (1.82ns)   --->   "%sub_ln58_195 = sub i10 %sext_ln17_117, i10 %sext_ln58_517" [firmware/nnet_utils/nnet_dense_latency.h:58]   --->   Operation 1613 'sub' 'sub_ln58_195' <Predicate = true> <Delay = 1.82> <CoreInst = "Adder">   --->   Core 1 'Adder' <Latency = 0> <II = 1> <Delay = 1.82> <FuncUnit> <Opcode : 'add' 'sub'> <InPorts = 2> <OutPorts = 1>
ST_3 : Operation 1614 [1/1] (0.00ns)   --->   "%sext_ln58_518 = sext i10 %sub_ln58_195" [firmware/nnet_utils/nnet_dense_latency.h:58]   --->   Operation 1614 'sext' 'sext_ln58_518' <Predicate = true> <Delay = 0.00>
ST_3 : Operation 1615 [1/1] (1.82ns)   --->   "%sub_ln58_196 = sub i10 %sext_ln17_128, i10 %sext_ln17_118" [firmware/nnet_utils/nnet_dense_latency.h:58]   --->   Operation 1615 'sub' 'sub_ln58_196' <Predicate = true> <Delay = 1.82> <CoreInst = "Adder">   --->   Core 1 'Adder' <Latency = 0> <II = 1> <Delay = 1.82> <FuncUnit> <Opcode : 'add' 'sub'> <InPorts = 2> <OutPorts = 1>
ST_3 : Operation 1616 [1/1] (0.00ns)   --->   "%sext_ln58_519 = sext i10 %sub_ln58_196" [firmware/nnet_utils/nnet_dense_latency.h:58]   --->   Operation 1616 'sext' 'sext_ln58_519' <Predicate = true> <Delay = 0.00>
ST_3 : Operation 1617 [1/1] (1.73ns)   --->   "%add_ln58_392 = add i11 %sext_ln58_519, i11 %sext_ln58_518" [firmware/nnet_utils/nnet_dense_latency.h:58]   --->   Operation 1617 'add' 'add_ln58_392' <Predicate = true> <Delay = 1.73> <CoreInst = "Adder">   --->   Core 1 'Adder' <Latency = 0> <II = 1> <Delay = 1.73> <FuncUnit> <Opcode : 'add' 'sub'> <InPorts = 2> <OutPorts = 1>
ST_3 : Operation 1618 [1/1] (0.00ns)   --->   "%sext_ln58_520 = sext i11 %add_ln58_392" [firmware/nnet_utils/nnet_dense_latency.h:58]   --->   Operation 1618 'sext' 'sext_ln58_520' <Predicate = true> <Delay = 0.00>
ST_3 : Operation 1619 [1/1] (0.00ns) (grouped into TernaryAdder)   --->   "%add_ln58_393 = add i13 %sext_ln58_520, i13 %add_ln58_391" [firmware/nnet_utils/nnet_dense_latency.h:58]   --->   Operation 1619 'add' 'add_ln58_393' <Predicate = true> <Delay = 0.00> <CoreInst = "TAddSub">   --->   Core 10 'TAddSub' <Latency = 0> <II = 1> <Delay = 1.92> <IPBlock> <Opcode : 'add' 'sub'> <InPorts = 3> <OutPorts = 1> <Sync> <CReg>
ST_3 : Operation 1620 [1/1] (1.91ns)   --->   "%sub_ln58_197 = sub i9 %sext_ln17_104, i9 %sext_ln70_25" [firmware/nnet_utils/nnet_dense_latency.h:58]   --->   Operation 1620 'sub' 'sub_ln58_197' <Predicate = true> <Delay = 1.91> <CoreInst = "Adder">   --->   Core 1 'Adder' <Latency = 0> <II = 1> <Delay = 1.91> <FuncUnit> <Opcode : 'add' 'sub'> <InPorts = 2> <OutPorts = 1>
ST_3 : Operation 1621 [1/1] (0.00ns)   --->   "%sext_ln58_521 = sext i9 %sub_ln58_197" [firmware/nnet_utils/nnet_dense_latency.h:58]   --->   Operation 1621 'sext' 'sext_ln58_521' <Predicate = true> <Delay = 0.00>
ST_3 : Operation 1622 [1/1] (1.91ns)   --->   "%add_ln58_394 = add i9 %sext_ln17_110, i9 %sext_ln70_18" [firmware/nnet_utils/nnet_dense_latency.h:58]   --->   Operation 1622 'add' 'add_ln58_394' <Predicate = true> <Delay = 1.91> <CoreInst = "Adder">   --->   Core 1 'Adder' <Latency = 0> <II = 1> <Delay = 1.91> <FuncUnit> <Opcode : 'add' 'sub'> <InPorts = 2> <OutPorts = 1>
ST_3 : Operation 1623 [1/1] (0.00ns)   --->   "%sext_ln58_522 = sext i9 %add_ln58_394" [firmware/nnet_utils/nnet_dense_latency.h:58]   --->   Operation 1623 'sext' 'sext_ln58_522' <Predicate = true> <Delay = 0.00>
ST_3 : Operation 1624 [1/1] (1.82ns)   --->   "%add_ln58_395 = add i10 %sext_ln58_522, i10 %sext_ln58_521" [firmware/nnet_utils/nnet_dense_latency.h:58]   --->   Operation 1624 'add' 'add_ln58_395' <Predicate = true> <Delay = 1.82> <CoreInst = "Adder">   --->   Core 1 'Adder' <Latency = 0> <II = 1> <Delay = 1.82> <FuncUnit> <Opcode : 'add' 'sub'> <InPorts = 2> <OutPorts = 1>
ST_3 : Operation 1625 [1/1] (0.00ns)   --->   "%sext_ln58_523 = sext i10 %add_ln58_395" [firmware/nnet_utils/nnet_dense_latency.h:58]   --->   Operation 1625 'sext' 'sext_ln58_523' <Predicate = true> <Delay = 0.00>
ST_3 : Operation 1626 [1/1] (1.91ns)   --->   "%add_ln58_396 = add i9 %sext_ln70_19, i9 %sext_ln70_22" [firmware/nnet_utils/nnet_dense_latency.h:58]   --->   Operation 1626 'add' 'add_ln58_396' <Predicate = true> <Delay = 1.91> <CoreInst = "Adder">   --->   Core 1 'Adder' <Latency = 0> <II = 1> <Delay = 1.91> <FuncUnit> <Opcode : 'add' 'sub'> <InPorts = 2> <OutPorts = 1>
ST_3 : Operation 1627 [1/1] (0.00ns)   --->   "%sext_ln58_524 = sext i9 %add_ln58_396" [firmware/nnet_utils/nnet_dense_latency.h:58]   --->   Operation 1627 'sext' 'sext_ln58_524' <Predicate = true> <Delay = 0.00>
ST_3 : Operation 1628 [1/1] (1.91ns)   --->   "%add_ln58_397 = add i9 %sext_ln70_26, i9 %sext_ln70_27" [firmware/nnet_utils/nnet_dense_latency.h:58]   --->   Operation 1628 'add' 'add_ln58_397' <Predicate = true> <Delay = 1.91> <CoreInst = "Adder">   --->   Core 1 'Adder' <Latency = 0> <II = 1> <Delay = 1.91> <FuncUnit> <Opcode : 'add' 'sub'> <InPorts = 2> <OutPorts = 1>
ST_3 : Operation 1629 [1/1] (0.00ns)   --->   "%sext_ln58_525 = sext i9 %add_ln58_397" [firmware/nnet_utils/nnet_dense_latency.h:58]   --->   Operation 1629 'sext' 'sext_ln58_525' <Predicate = true> <Delay = 0.00>
ST_3 : Operation 1630 [1/1] (1.82ns)   --->   "%add_ln58_398 = add i10 %sext_ln58_525, i10 %sext_ln58_524" [firmware/nnet_utils/nnet_dense_latency.h:58]   --->   Operation 1630 'add' 'add_ln58_398' <Predicate = true> <Delay = 1.82> <CoreInst = "Adder">   --->   Core 1 'Adder' <Latency = 0> <II = 1> <Delay = 1.82> <FuncUnit> <Opcode : 'add' 'sub'> <InPorts = 2> <OutPorts = 1>
ST_3 : Operation 1631 [1/1] (0.00ns)   --->   "%sext_ln58_526 = sext i10 %add_ln58_398" [firmware/nnet_utils/nnet_dense_latency.h:58]   --->   Operation 1631 'sext' 'sext_ln58_526' <Predicate = true> <Delay = 0.00>
ST_3 : Operation 1632 [1/1] (1.73ns)   --->   "%add_ln58_399 = add i11 %sext_ln58_526, i11 %sext_ln58_523" [firmware/nnet_utils/nnet_dense_latency.h:58]   --->   Operation 1632 'add' 'add_ln58_399' <Predicate = true> <Delay = 1.73> <CoreInst = "Adder">   --->   Core 1 'Adder' <Latency = 0> <II = 1> <Delay = 1.73> <FuncUnit> <Opcode : 'add' 'sub'> <InPorts = 2> <OutPorts = 1>
ST_3 : Operation 1633 [1/1] (0.00ns)   --->   "%sext_ln58_527 = sext i11 %add_ln58_399" [firmware/nnet_utils/nnet_dense_latency.h:58]   --->   Operation 1633 'sext' 'sext_ln58_527' <Predicate = true> <Delay = 0.00>
ST_3 : Operation 1634 [1/1] (3.81ns) (root node of TernaryAdder)   --->   "%add_ln58_400 = add i13 %sext_ln58_527, i13 %add_ln58_393" [firmware/nnet_utils/nnet_dense_latency.h:58]   --->   Operation 1634 'add' 'add_ln58_400' <Predicate = true> <Delay = 3.81> <CoreInst = "TAddSub">   --->   Core 10 'TAddSub' <Latency = 0> <II = 1> <Delay = 1.92> <IPBlock> <Opcode : 'add' 'sub'> <InPorts = 3> <OutPorts = 1> <Sync> <CReg>
ST_3 : Operation 1635 [1/1] (1.82ns)   --->   "%sub_ln58_288 = sub i10 %sext_ln17_143, i10 %sext_ln73_25" [firmware/nnet_utils/nnet_dense_latency.h:58]   --->   Operation 1635 'sub' 'sub_ln58_288' <Predicate = true> <Delay = 1.82> <CoreInst = "Adder">   --->   Core 1 'Adder' <Latency = 0> <II = 1> <Delay = 1.82> <FuncUnit> <Opcode : 'add' 'sub'> <InPorts = 2> <OutPorts = 1>
ST_3 : Operation 1636 [1/1] (0.00ns)   --->   "%sext_ln58_528 = sext i10 %sub_ln58_288" [firmware/nnet_utils/nnet_dense_latency.h:58]   --->   Operation 1636 'sext' 'sext_ln58_528' <Predicate = true> <Delay = 0.00>
ST_3 : Operation 1637 [1/1] (0.00ns) (grouped into TernaryAdder)   --->   "%add_ln58_401 = add i14 %sext_ln58_528, i14 %sext_ln58_105" [firmware/nnet_utils/nnet_dense_latency.h:58]   --->   Operation 1637 'add' 'add_ln58_401' <Predicate = true> <Delay = 0.00> <CoreInst = "TAddSub">   --->   Core 10 'TAddSub' <Latency = 0> <II = 1> <Delay = 1.92> <IPBlock> <Opcode : 'add' 'sub'> <InPorts = 3> <OutPorts = 1> <Sync> <CReg>
ST_3 : Operation 1638 [1/1] (1.91ns)   --->   "%sub_ln58_198 = sub i9 %sext_ln70_22, i9 %sext_ln70_27" [firmware/nnet_utils/nnet_dense_latency.h:58]   --->   Operation 1638 'sub' 'sub_ln58_198' <Predicate = true> <Delay = 1.91> <CoreInst = "Adder">   --->   Core 1 'Adder' <Latency = 0> <II = 1> <Delay = 1.91> <FuncUnit> <Opcode : 'add' 'sub'> <InPorts = 2> <OutPorts = 1>
ST_3 : Operation 1639 [1/1] (0.00ns)   --->   "%sext_ln58_529 = sext i9 %sub_ln58_198" [firmware/nnet_utils/nnet_dense_latency.h:58]   --->   Operation 1639 'sext' 'sext_ln58_529' <Predicate = true> <Delay = 0.00>
ST_3 : Operation 1640 [1/1] (1.91ns)   --->   "%add_ln58_402 = add i9 %sext_ln70_24, i9 %sext_ln17_134" [firmware/nnet_utils/nnet_dense_latency.h:58]   --->   Operation 1640 'add' 'add_ln58_402' <Predicate = true> <Delay = 1.91> <CoreInst = "Adder">   --->   Core 1 'Adder' <Latency = 0> <II = 1> <Delay = 1.91> <FuncUnit> <Opcode : 'add' 'sub'> <InPorts = 2> <OutPorts = 1>
ST_3 : Operation 1641 [1/1] (0.00ns)   --->   "%sext_ln58_530 = sext i9 %add_ln58_402" [firmware/nnet_utils/nnet_dense_latency.h:58]   --->   Operation 1641 'sext' 'sext_ln58_530' <Predicate = true> <Delay = 0.00>
ST_3 : Operation 1642 [1/1] (1.82ns)   --->   "%add_ln58_403 = add i10 %sext_ln58_530, i10 %sext_ln58_529" [firmware/nnet_utils/nnet_dense_latency.h:58]   --->   Operation 1642 'add' 'add_ln58_403' <Predicate = true> <Delay = 1.82> <CoreInst = "Adder">   --->   Core 1 'Adder' <Latency = 0> <II = 1> <Delay = 1.82> <FuncUnit> <Opcode : 'add' 'sub'> <InPorts = 2> <OutPorts = 1>
ST_3 : Operation 1643 [1/1] (0.00ns)   --->   "%sext_ln58_531 = sext i10 %add_ln58_403" [firmware/nnet_utils/nnet_dense_latency.h:58]   --->   Operation 1643 'sext' 'sext_ln58_531' <Predicate = true> <Delay = 0.00>
ST_3 : Operation 1644 [1/1] (3.84ns) (root node of TernaryAdder)   --->   "%add_ln58_404 = add i14 %sext_ln58_531, i14 %add_ln58_401" [firmware/nnet_utils/nnet_dense_latency.h:58]   --->   Operation 1644 'add' 'add_ln58_404' <Predicate = true> <Delay = 3.84> <CoreInst = "TAddSub">   --->   Core 10 'TAddSub' <Latency = 0> <II = 1> <Delay = 1.92> <IPBlock> <Opcode : 'add' 'sub'> <InPorts = 3> <OutPorts = 1> <Sync> <CReg>
ST_3 : Operation 1645 [1/1] (0.00ns)   --->   "%sext_ln58_122 = sext i14 %add_ln58_404" [firmware/nnet_utils/nnet_dense_latency.h:58]   --->   Operation 1645 'sext' 'sext_ln58_122' <Predicate = true> <Delay = 0.00>
ST_3 : Operation 1646 [1/1] (0.00ns)   --->   "%sext_ln58_784 = sext i9 %tmp_296" [firmware/nnet_utils/nnet_dense_latency.h:58]   --->   Operation 1646 'sext' 'sext_ln58_784' <Predicate = true> <Delay = 0.00>
ST_3 : Operation 1647 [1/1] (0.00ns)   --->   "%sext_ln58_785 = sext i13 %add_ln58_257" [firmware/nnet_utils/nnet_dense_latency.h:58]   --->   Operation 1647 'sext' 'sext_ln58_785' <Predicate = true> <Delay = 0.00>
ST_3 : Operation 1648 [1/1] (1.67ns)   --->   "%sub_ln58_289 = sub i14 %sext_ln58_785, i14 %sext_ln58_784" [firmware/nnet_utils/nnet_dense_latency.h:58]   --->   Operation 1648 'sub' 'sub_ln58_289' <Predicate = true> <Delay = 1.67> <CoreInst = "Adder">   --->   Core 1 'Adder' <Latency = 0> <II = 1> <Delay = 1.67> <FuncUnit> <Opcode : 'add' 'sub'> <InPorts = 2> <OutPorts = 1>
ST_3 : Operation 1649 [1/1] (0.00ns)   --->   "%sext_ln58_532 = sext i10 %sub_ln58_192" [firmware/nnet_utils/nnet_dense_latency.h:58]   --->   Operation 1649 'sext' 'sext_ln58_532' <Predicate = true> <Delay = 0.00>
ST_3 : Operation 1650 [1/1] (0.00ns) (grouped into TernaryAdder)   --->   "%add_ln58_405 = add i14 %sext_ln58_532, i14 %sub_ln58_289" [firmware/nnet_utils/nnet_dense_latency.h:58]   --->   Operation 1650 'add' 'add_ln58_405' <Predicate = true> <Delay = 0.00> <CoreInst = "TAddSub">   --->   Core 10 'TAddSub' <Latency = 0> <II = 1> <Delay = 1.92> <IPBlock> <Opcode : 'add' 'sub'> <InPorts = 3> <OutPorts = 1> <Sync> <CReg>
ST_3 : Operation 1651 [1/1] (0.00ns)   --->   "%sext_ln58_533 = sext i9 %mult_77" [firmware/nnet_utils/nnet_dense_latency.h:58]   --->   Operation 1651 'sext' 'sext_ln58_533' <Predicate = true> <Delay = 0.00>
ST_3 : Operation 1652 [1/1] (1.82ns)   --->   "%sub_ln58_199 = sub i10 %sext_ln58_533, i10 %sext_ln17_133" [firmware/nnet_utils/nnet_dense_latency.h:58]   --->   Operation 1652 'sub' 'sub_ln58_199' <Predicate = true> <Delay = 1.82> <CoreInst = "Adder">   --->   Core 1 'Adder' <Latency = 0> <II = 1> <Delay = 1.82> <FuncUnit> <Opcode : 'add' 'sub'> <InPorts = 2> <OutPorts = 1>
ST_3 : Operation 1653 [1/1] (0.00ns)   --->   "%sext_ln58_534 = sext i10 %sub_ln58_199" [firmware/nnet_utils/nnet_dense_latency.h:58]   --->   Operation 1653 'sext' 'sext_ln58_534' <Predicate = true> <Delay = 0.00>
ST_3 : Operation 1654 [1/1] (1.91ns)   --->   "%add_ln58_406 = add i9 %sext_ln70_22, i9 %sext_ln70_26" [firmware/nnet_utils/nnet_dense_latency.h:58]   --->   Operation 1654 'add' 'add_ln58_406' <Predicate = true> <Delay = 1.91> <CoreInst = "Adder">   --->   Core 1 'Adder' <Latency = 0> <II = 1> <Delay = 1.91> <FuncUnit> <Opcode : 'add' 'sub'> <InPorts = 2> <OutPorts = 1>
ST_3 : Operation 1655 [1/1] (0.00ns)   --->   "%sext_ln58_535 = sext i9 %add_ln58_406" [firmware/nnet_utils/nnet_dense_latency.h:58]   --->   Operation 1655 'sext' 'sext_ln58_535' <Predicate = true> <Delay = 0.00>
ST_3 : Operation 1656 [1/1] (1.82ns)   --->   "%add_ln58_407 = add i10 %sext_ln58_535, i10 %sext_ln17_122" [firmware/nnet_utils/nnet_dense_latency.h:58]   --->   Operation 1656 'add' 'add_ln58_407' <Predicate = true> <Delay = 1.82> <CoreInst = "Adder">   --->   Core 1 'Adder' <Latency = 0> <II = 1> <Delay = 1.82> <FuncUnit> <Opcode : 'add' 'sub'> <InPorts = 2> <OutPorts = 1>
ST_3 : Operation 1657 [1/1] (0.00ns)   --->   "%sext_ln58_536 = sext i10 %add_ln58_407" [firmware/nnet_utils/nnet_dense_latency.h:58]   --->   Operation 1657 'sext' 'sext_ln58_536' <Predicate = true> <Delay = 0.00>
ST_3 : Operation 1658 [1/1] (1.73ns)   --->   "%add_ln58_408 = add i11 %sext_ln58_536, i11 %sext_ln58_534" [firmware/nnet_utils/nnet_dense_latency.h:58]   --->   Operation 1658 'add' 'add_ln58_408' <Predicate = true> <Delay = 1.73> <CoreInst = "Adder">   --->   Core 1 'Adder' <Latency = 0> <II = 1> <Delay = 1.73> <FuncUnit> <Opcode : 'add' 'sub'> <InPorts = 2> <OutPorts = 1>
ST_3 : Operation 1659 [1/1] (0.00ns)   --->   "%sext_ln58_537 = sext i11 %add_ln58_408" [firmware/nnet_utils/nnet_dense_latency.h:58]   --->   Operation 1659 'sext' 'sext_ln58_537' <Predicate = true> <Delay = 0.00>
ST_3 : Operation 1660 [1/1] (3.84ns) (root node of TernaryAdder)   --->   "%add_ln58_409 = add i14 %sext_ln58_537, i14 %add_ln58_405" [firmware/nnet_utils/nnet_dense_latency.h:58]   --->   Operation 1660 'add' 'add_ln58_409' <Predicate = true> <Delay = 3.84> <CoreInst = "TAddSub">   --->   Core 10 'TAddSub' <Latency = 0> <II = 1> <Delay = 1.92> <IPBlock> <Opcode : 'add' 'sub'> <InPorts = 3> <OutPorts = 1> <Sync> <CReg>
ST_3 : Operation 1661 [1/1] (0.00ns)   --->   "%sext_ln58_123 = sext i14 %add_ln58_409" [firmware/nnet_utils/nnet_dense_latency.h:58]   --->   Operation 1661 'sext' 'sext_ln58_123' <Predicate = true> <Delay = 0.00>
ST_3 : Operation 1662 [1/1] (0.00ns)   --->   "%sext_ln58_541 = sext i10 %sub_ln58_189" [firmware/nnet_utils/nnet_dense_latency.h:58]   --->   Operation 1662 'sext' 'sext_ln58_541' <Predicate = true> <Delay = 0.00>
ST_3 : Operation 1663 [1/1] (1.73ns)   --->   "%add_ln58_411 = add i11 %sext_ln58_541, i11 %sext_ln58_499" [firmware/nnet_utils/nnet_dense_latency.h:58]   --->   Operation 1663 'add' 'add_ln58_411' <Predicate = true> <Delay = 1.73> <CoreInst = "Adder">   --->   Core 1 'Adder' <Latency = 0> <II = 1> <Delay = 1.73> <FuncUnit> <Opcode : 'add' 'sub'> <InPorts = 2> <OutPorts = 1>
ST_3 : Operation 1664 [1/1] (0.00ns)   --->   "%sext_ln58_542 = sext i11 %add_ln58_411" [firmware/nnet_utils/nnet_dense_latency.h:58]   --->   Operation 1664 'sext' 'sext_ln58_542' <Predicate = true> <Delay = 0.00>
ST_3 : Operation 1665 [1/1] (0.00ns) (grouped into TernaryAdder)   --->   "%add_ln58_412 = add i13 %sext_ln58_542, i13 %add_ln58_410" [firmware/nnet_utils/nnet_dense_latency.h:58]   --->   Operation 1665 'add' 'add_ln58_412' <Predicate = true> <Delay = 0.00> <CoreInst = "TAddSub">   --->   Core 10 'TAddSub' <Latency = 0> <II = 1> <Delay = 1.92> <IPBlock> <Opcode : 'add' 'sub'> <InPorts = 3> <OutPorts = 1> <Sync> <CReg>
ST_3 : Operation 1666 [1/1] (0.00ns)   --->   "%sext_ln58_543 = sext i9 %mult_74" [firmware/nnet_utils/nnet_dense_latency.h:58]   --->   Operation 1666 'sext' 'sext_ln58_543' <Predicate = true> <Delay = 0.00>
ST_3 : Operation 1667 [1/1] (0.00ns) (grouped into TernaryAdder)   --->   "%sub_ln58_202 = sub i10 %sext_ln58_543, i10 %sext_ln17_133" [firmware/nnet_utils/nnet_dense_latency.h:58]   --->   Operation 1667 'sub' 'sub_ln58_202' <Predicate = true> <Delay = 0.00> <CoreInst = "TAddSub">   --->   Core 10 'TAddSub' <Latency = 0> <II = 1> <Delay = 1.92> <IPBlock> <Opcode : 'add' 'sub'> <InPorts = 3> <OutPorts = 1> <Sync> <CReg>
ST_3 : Operation 1668 [1/1] (1.91ns)   --->   "%sub_ln58_203 = sub i9 %sext_ln70_15, i9 %sext_ln70_27" [firmware/nnet_utils/nnet_dense_latency.h:58]   --->   Operation 1668 'sub' 'sub_ln58_203' <Predicate = true> <Delay = 1.91> <CoreInst = "Adder">   --->   Core 1 'Adder' <Latency = 0> <II = 1> <Delay = 1.91> <FuncUnit> <Opcode : 'add' 'sub'> <InPorts = 2> <OutPorts = 1>
ST_3 : Operation 1669 [1/1] (0.00ns)   --->   "%sext_ln58_544 = sext i9 %sub_ln58_203" [firmware/nnet_utils/nnet_dense_latency.h:58]   --->   Operation 1669 'sext' 'sext_ln58_544' <Predicate = true> <Delay = 0.00>
ST_3 : Operation 1670 [1/1] (3.72ns) (root node of TernaryAdder)   --->   "%add_ln58_413 = add i10 %sext_ln58_544, i10 %sub_ln58_202" [firmware/nnet_utils/nnet_dense_latency.h:58]   --->   Operation 1670 'add' 'add_ln58_413' <Predicate = true> <Delay = 3.72> <CoreInst = "TAddSub">   --->   Core 10 'TAddSub' <Latency = 0> <II = 1> <Delay = 1.92> <IPBlock> <Opcode : 'add' 'sub'> <InPorts = 3> <OutPorts = 1> <Sync> <CReg>
ST_3 : Operation 1671 [1/1] (0.00ns)   --->   "%sext_ln58_545 = sext i10 %add_ln58_413" [firmware/nnet_utils/nnet_dense_latency.h:58]   --->   Operation 1671 'sext' 'sext_ln58_545' <Predicate = true> <Delay = 0.00>
ST_3 : Operation 1672 [1/1] (1.82ns)   --->   "%add_ln58_414 = add i10 %sext_ln58_484, i10 %sext_ln58_357" [firmware/nnet_utils/nnet_dense_latency.h:58]   --->   Operation 1672 'add' 'add_ln58_414' <Predicate = true> <Delay = 1.82> <CoreInst = "Adder">   --->   Core 1 'Adder' <Latency = 0> <II = 1> <Delay = 1.82> <FuncUnit> <Opcode : 'add' 'sub'> <InPorts = 2> <OutPorts = 1>
ST_3 : Operation 1673 [1/1] (0.00ns)   --->   "%sext_ln58_546 = sext i10 %add_ln58_414" [firmware/nnet_utils/nnet_dense_latency.h:58]   --->   Operation 1673 'sext' 'sext_ln58_546' <Predicate = true> <Delay = 0.00>
ST_3 : Operation 1674 [1/1] (1.73ns)   --->   "%add_ln58_415 = add i11 %sext_ln58_546, i11 %sext_ln58_545" [firmware/nnet_utils/nnet_dense_latency.h:58]   --->   Operation 1674 'add' 'add_ln58_415' <Predicate = true> <Delay = 1.73> <CoreInst = "Adder">   --->   Core 1 'Adder' <Latency = 0> <II = 1> <Delay = 1.73> <FuncUnit> <Opcode : 'add' 'sub'> <InPorts = 2> <OutPorts = 1>
ST_3 : Operation 1675 [1/1] (0.00ns)   --->   "%sext_ln58_547 = sext i11 %add_ln58_415" [firmware/nnet_utils/nnet_dense_latency.h:58]   --->   Operation 1675 'sext' 'sext_ln58_547' <Predicate = true> <Delay = 0.00>
ST_3 : Operation 1676 [1/1] (3.81ns) (root node of TernaryAdder)   --->   "%add_ln58_416 = add i13 %sext_ln58_547, i13 %add_ln58_412" [firmware/nnet_utils/nnet_dense_latency.h:58]   --->   Operation 1676 'add' 'add_ln58_416' <Predicate = true> <Delay = 3.81> <CoreInst = "TAddSub">   --->   Core 10 'TAddSub' <Latency = 0> <II = 1> <Delay = 1.92> <IPBlock> <Opcode : 'add' 'sub'> <InPorts = 3> <OutPorts = 1> <Sync> <CReg>
ST_3 : Operation 1677 [1/1] (0.00ns)   --->   "%sext_ln58_124 = sext i13 %add_ln58_416" [firmware/nnet_utils/nnet_dense_latency.h:58]   --->   Operation 1677 'sext' 'sext_ln58_124' <Predicate = true> <Delay = 0.00>
ST_3 : Operation 1678 [1/1] (0.00ns)   --->   "%sext_ln58_549 = sext i10 %sub_ln58_204" [firmware/nnet_utils/nnet_dense_latency.h:58]   --->   Operation 1678 'sext' 'sext_ln58_549' <Predicate = true> <Delay = 0.00>
ST_3 : Operation 1679 [1/1] (3.81ns) (root node of TernaryAdder)   --->   "%add_ln58_417 = add i13 %sext_ln58_549, i13 %sub_ln58_122" [firmware/nnet_utils/nnet_dense_latency.h:58]   --->   Operation 1679 'add' 'add_ln58_417' <Predicate = true> <Delay = 3.81> <CoreInst = "TAddSub">   --->   Core 10 'TAddSub' <Latency = 0> <II = 1> <Delay = 1.92> <IPBlock> <Opcode : 'add' 'sub'> <InPorts = 3> <OutPorts = 1> <Sync> <CReg>
ST_3 : Operation 1680 [1/1] (0.00ns)   --->   "%sext_ln58_550 = sext i10 %sub_ln58_186" [firmware/nnet_utils/nnet_dense_latency.h:58]   --->   Operation 1680 'sext' 'sext_ln58_550' <Predicate = true> <Delay = 0.00>
ST_3 : Operation 1681 [1/1] (1.82ns)   --->   "%sub_ln58_205 = sub i10 %sext_ln58_377, i10 %sext_ln58_435" [firmware/nnet_utils/nnet_dense_latency.h:58]   --->   Operation 1681 'sub' 'sub_ln58_205' <Predicate = true> <Delay = 1.82> <CoreInst = "Adder">   --->   Core 1 'Adder' <Latency = 0> <II = 1> <Delay = 1.82> <FuncUnit> <Opcode : 'add' 'sub'> <InPorts = 2> <OutPorts = 1>
ST_3 : Operation 1682 [1/1] (0.00ns)   --->   "%sext_ln58_551 = sext i10 %sub_ln58_205" [firmware/nnet_utils/nnet_dense_latency.h:58]   --->   Operation 1682 'sext' 'sext_ln58_551' <Predicate = true> <Delay = 0.00>
ST_3 : Operation 1683 [1/1] (1.73ns)   --->   "%add_ln58_418 = add i11 %sext_ln58_551, i11 %sext_ln58_550" [firmware/nnet_utils/nnet_dense_latency.h:58]   --->   Operation 1683 'add' 'add_ln58_418' <Predicate = true> <Delay = 1.73> <CoreInst = "Adder">   --->   Core 1 'Adder' <Latency = 0> <II = 1> <Delay = 1.73> <FuncUnit> <Opcode : 'add' 'sub'> <InPorts = 2> <OutPorts = 1>
ST_3 : Operation 1684 [1/1] (0.00ns)   --->   "%sext_ln58_552 = sext i11 %add_ln58_418" [firmware/nnet_utils/nnet_dense_latency.h:58]   --->   Operation 1684 'sext' 'sext_ln58_552' <Predicate = true> <Delay = 0.00>
ST_3 : Operation 1685 [1/1] (0.00ns) (grouped into TernaryAdder)   --->   "%add_ln58_419 = add i13 %sext_ln58_552, i13 %add_ln58_417" [firmware/nnet_utils/nnet_dense_latency.h:58]   --->   Operation 1685 'add' 'add_ln58_419' <Predicate = true> <Delay = 0.00> <CoreInst = "TAddSub">   --->   Core 10 'TAddSub' <Latency = 0> <II = 1> <Delay = 1.92> <IPBlock> <Opcode : 'add' 'sub'> <InPorts = 3> <OutPorts = 1> <Sync> <CReg>
ST_3 : Operation 1686 [1/1] (1.91ns)   --->   "%sub_ln58_206 = sub i9 %sext_ln73_18, i9 %sext_ln70_22" [firmware/nnet_utils/nnet_dense_latency.h:58]   --->   Operation 1686 'sub' 'sub_ln58_206' <Predicate = true> <Delay = 1.91> <CoreInst = "Adder">   --->   Core 1 'Adder' <Latency = 0> <II = 1> <Delay = 1.91> <FuncUnit> <Opcode : 'add' 'sub'> <InPorts = 2> <OutPorts = 1>
ST_3 : Operation 1687 [1/1] (0.00ns)   --->   "%sext_ln58_553 = sext i9 %sub_ln58_206" [firmware/nnet_utils/nnet_dense_latency.h:58]   --->   Operation 1687 'sext' 'sext_ln58_553' <Predicate = true> <Delay = 0.00>
ST_3 : Operation 1688 [1/1] (1.91ns)   --->   "%add_ln58_420 = add i9 %sext_ln70_16, i9 %sext_ln70_18" [firmware/nnet_utils/nnet_dense_latency.h:58]   --->   Operation 1688 'add' 'add_ln58_420' <Predicate = true> <Delay = 1.91> <CoreInst = "Adder">   --->   Core 1 'Adder' <Latency = 0> <II = 1> <Delay = 1.91> <FuncUnit> <Opcode : 'add' 'sub'> <InPorts = 2> <OutPorts = 1>
ST_3 : Operation 1689 [1/1] (0.00ns)   --->   "%sext_ln58_554 = sext i9 %add_ln58_420" [firmware/nnet_utils/nnet_dense_latency.h:58]   --->   Operation 1689 'sext' 'sext_ln58_554' <Predicate = true> <Delay = 0.00>
ST_3 : Operation 1690 [1/1] (1.82ns)   --->   "%add_ln58_421 = add i10 %sext_ln58_554, i10 %sext_ln58_553" [firmware/nnet_utils/nnet_dense_latency.h:58]   --->   Operation 1690 'add' 'add_ln58_421' <Predicate = true> <Delay = 1.82> <CoreInst = "Adder">   --->   Core 1 'Adder' <Latency = 0> <II = 1> <Delay = 1.82> <FuncUnit> <Opcode : 'add' 'sub'> <InPorts = 2> <OutPorts = 1>
ST_3 : Operation 1691 [1/1] (0.00ns)   --->   "%sext_ln58_555 = sext i10 %add_ln58_421" [firmware/nnet_utils/nnet_dense_latency.h:58]   --->   Operation 1691 'sext' 'sext_ln58_555' <Predicate = true> <Delay = 0.00>
ST_3 : Operation 1692 [1/1] (1.91ns)   --->   "%add_ln58_422 = add i9 %sext_ln70_24, i9 %sext_ln70_27" [firmware/nnet_utils/nnet_dense_latency.h:58]   --->   Operation 1692 'add' 'add_ln58_422' <Predicate = true> <Delay = 1.91> <CoreInst = "Adder">   --->   Core 1 'Adder' <Latency = 0> <II = 1> <Delay = 1.91> <FuncUnit> <Opcode : 'add' 'sub'> <InPorts = 2> <OutPorts = 1>
ST_3 : Operation 1693 [1/1] (0.00ns)   --->   "%sext_ln58_556 = sext i9 %add_ln58_422" [firmware/nnet_utils/nnet_dense_latency.h:58]   --->   Operation 1693 'sext' 'sext_ln58_556' <Predicate = true> <Delay = 0.00>
ST_3 : Operation 1694 [1/1] (1.82ns)   --->   "%add_ln58_423 = add i10 %sext_ln58_556, i10 %sext_ln58_369" [firmware/nnet_utils/nnet_dense_latency.h:58]   --->   Operation 1694 'add' 'add_ln58_423' <Predicate = true> <Delay = 1.82> <CoreInst = "Adder">   --->   Core 1 'Adder' <Latency = 0> <II = 1> <Delay = 1.82> <FuncUnit> <Opcode : 'add' 'sub'> <InPorts = 2> <OutPorts = 1>
ST_3 : Operation 1695 [1/1] (0.00ns)   --->   "%sext_ln58_557 = sext i10 %add_ln58_423" [firmware/nnet_utils/nnet_dense_latency.h:58]   --->   Operation 1695 'sext' 'sext_ln58_557' <Predicate = true> <Delay = 0.00>
ST_3 : Operation 1696 [1/1] (1.73ns)   --->   "%add_ln58_424 = add i11 %sext_ln58_557, i11 %sext_ln58_555" [firmware/nnet_utils/nnet_dense_latency.h:58]   --->   Operation 1696 'add' 'add_ln58_424' <Predicate = true> <Delay = 1.73> <CoreInst = "Adder">   --->   Core 1 'Adder' <Latency = 0> <II = 1> <Delay = 1.73> <FuncUnit> <Opcode : 'add' 'sub'> <InPorts = 2> <OutPorts = 1>
ST_3 : Operation 1697 [1/1] (0.00ns)   --->   "%sext_ln58_558 = sext i11 %add_ln58_424" [firmware/nnet_utils/nnet_dense_latency.h:58]   --->   Operation 1697 'sext' 'sext_ln58_558' <Predicate = true> <Delay = 0.00>
ST_3 : Operation 1698 [1/1] (3.81ns) (root node of TernaryAdder)   --->   "%add_ln58_425 = add i13 %sext_ln58_558, i13 %add_ln58_419" [firmware/nnet_utils/nnet_dense_latency.h:58]   --->   Operation 1698 'add' 'add_ln58_425' <Predicate = true> <Delay = 3.81> <CoreInst = "TAddSub">   --->   Core 10 'TAddSub' <Latency = 0> <II = 1> <Delay = 1.92> <IPBlock> <Opcode : 'add' 'sub'> <InPorts = 3> <OutPorts = 1> <Sync> <CReg>
ST_3 : Operation 1699 [1/1] (0.00ns)   --->   "%sext_ln58_125 = sext i13 %add_ln58_425" [firmware/nnet_utils/nnet_dense_latency.h:58]   --->   Operation 1699 'sext' 'sext_ln58_125' <Predicate = true> <Delay = 0.00>
ST_3 : Operation 1700 [1/1] (0.00ns)   --->   "%sext_ln58_567 = sext i9 %mult_53" [firmware/nnet_utils/nnet_dense_latency.h:58]   --->   Operation 1700 'sext' 'sext_ln58_567' <Predicate = true> <Delay = 0.00>
ST_3 : Operation 1701 [1/1] (1.82ns)   --->   "%sub_ln58_212 = sub i10 %sext_ln58_567, i10 %sext_ln58_517" [firmware/nnet_utils/nnet_dense_latency.h:58]   --->   Operation 1701 'sub' 'sub_ln58_212' <Predicate = true> <Delay = 1.82> <CoreInst = "Adder">   --->   Core 1 'Adder' <Latency = 0> <II = 1> <Delay = 1.82> <FuncUnit> <Opcode : 'add' 'sub'> <InPorts = 2> <OutPorts = 1>
ST_3 : Operation 1702 [1/1] (0.00ns)   --->   "%sext_ln58_568 = sext i10 %sub_ln58_212" [firmware/nnet_utils/nnet_dense_latency.h:58]   --->   Operation 1702 'sext' 'sext_ln58_568' <Predicate = true> <Delay = 0.00>
ST_3 : Operation 1703 [1/1] (1.82ns)   --->   "%sub_ln58_213 = sub i10 %sext_ln17_143, i10 %sext_ln17_116" [firmware/nnet_utils/nnet_dense_latency.h:58]   --->   Operation 1703 'sub' 'sub_ln58_213' <Predicate = true> <Delay = 1.82> <CoreInst = "Adder">   --->   Core 1 'Adder' <Latency = 0> <II = 1> <Delay = 1.82> <FuncUnit> <Opcode : 'add' 'sub'> <InPorts = 2> <OutPorts = 1>
ST_3 : Operation 1704 [1/1] (0.00ns)   --->   "%sext_ln58_569 = sext i10 %sub_ln58_213" [firmware/nnet_utils/nnet_dense_latency.h:58]   --->   Operation 1704 'sext' 'sext_ln58_569' <Predicate = true> <Delay = 0.00>
ST_3 : Operation 1705 [1/1] (1.73ns)   --->   "%add_ln58_435 = add i11 %sext_ln58_569, i11 %sext_ln58_568" [firmware/nnet_utils/nnet_dense_latency.h:58]   --->   Operation 1705 'add' 'add_ln58_435' <Predicate = true> <Delay = 1.73> <CoreInst = "Adder">   --->   Core 1 'Adder' <Latency = 0> <II = 1> <Delay = 1.73> <FuncUnit> <Opcode : 'add' 'sub'> <InPorts = 2> <OutPorts = 1>
ST_3 : Operation 1706 [1/1] (0.00ns)   --->   "%sext_ln58_570 = sext i11 %add_ln58_435" [firmware/nnet_utils/nnet_dense_latency.h:58]   --->   Operation 1706 'sext' 'sext_ln58_570' <Predicate = true> <Delay = 0.00>
ST_3 : Operation 1707 [1/1] (0.00ns) (grouped into TernaryAdder)   --->   "%add_ln58_436 = add i13 %sext_ln58_570, i13 %add_ln58_434" [firmware/nnet_utils/nnet_dense_latency.h:58]   --->   Operation 1707 'add' 'add_ln58_436' <Predicate = true> <Delay = 0.00> <CoreInst = "TAddSub">   --->   Core 10 'TAddSub' <Latency = 0> <II = 1> <Delay = 1.92> <IPBlock> <Opcode : 'add' 'sub'> <InPorts = 3> <OutPorts = 1> <Sync> <CReg>
ST_3 : Operation 1708 [1/1] (1.82ns)   --->   "%add_ln58_437 = add i10 %sext_ln58_486, i10 %sext_ln58_484" [firmware/nnet_utils/nnet_dense_latency.h:58]   --->   Operation 1708 'add' 'add_ln58_437' <Predicate = true> <Delay = 1.82> <CoreInst = "Adder">   --->   Core 1 'Adder' <Latency = 0> <II = 1> <Delay = 1.82> <FuncUnit> <Opcode : 'add' 'sub'> <InPorts = 2> <OutPorts = 1>
ST_3 : Operation 1709 [1/1] (0.00ns)   --->   "%sext_ln58_571 = sext i10 %add_ln58_437" [firmware/nnet_utils/nnet_dense_latency.h:58]   --->   Operation 1709 'sext' 'sext_ln58_571' <Predicate = true> <Delay = 0.00>
ST_3 : Operation 1710 [1/1] (1.91ns)   --->   "%add_ln58_438 = add i9 %sext_ln70_24, i9 %sext_ln70_25" [firmware/nnet_utils/nnet_dense_latency.h:58]   --->   Operation 1710 'add' 'add_ln58_438' <Predicate = true> <Delay = 1.91> <CoreInst = "Adder">   --->   Core 1 'Adder' <Latency = 0> <II = 1> <Delay = 1.91> <FuncUnit> <Opcode : 'add' 'sub'> <InPorts = 2> <OutPorts = 1>
ST_3 : Operation 1711 [1/1] (0.00ns)   --->   "%sext_ln58_572 = sext i9 %add_ln58_438" [firmware/nnet_utils/nnet_dense_latency.h:58]   --->   Operation 1711 'sext' 'sext_ln58_572' <Predicate = true> <Delay = 0.00>
ST_3 : Operation 1712 [1/1] (1.91ns)   --->   "%add_ln58_439 = add i9 %sext_ln17_134, i9 %sext_ln17_137" [firmware/nnet_utils/nnet_dense_latency.h:58]   --->   Operation 1712 'add' 'add_ln58_439' <Predicate = true> <Delay = 1.91> <CoreInst = "Adder">   --->   Core 1 'Adder' <Latency = 0> <II = 1> <Delay = 1.91> <FuncUnit> <Opcode : 'add' 'sub'> <InPorts = 2> <OutPorts = 1>
ST_3 : Operation 1713 [1/1] (0.00ns)   --->   "%sext_ln58_573 = sext i9 %add_ln58_439" [firmware/nnet_utils/nnet_dense_latency.h:58]   --->   Operation 1713 'sext' 'sext_ln58_573' <Predicate = true> <Delay = 0.00>
ST_3 : Operation 1714 [1/1] (1.82ns)   --->   "%add_ln58_440 = add i10 %sext_ln58_573, i10 %sext_ln58_572" [firmware/nnet_utils/nnet_dense_latency.h:58]   --->   Operation 1714 'add' 'add_ln58_440' <Predicate = true> <Delay = 1.82> <CoreInst = "Adder">   --->   Core 1 'Adder' <Latency = 0> <II = 1> <Delay = 1.82> <FuncUnit> <Opcode : 'add' 'sub'> <InPorts = 2> <OutPorts = 1>
ST_3 : Operation 1715 [1/1] (0.00ns)   --->   "%sext_ln58_574 = sext i10 %add_ln58_440" [firmware/nnet_utils/nnet_dense_latency.h:58]   --->   Operation 1715 'sext' 'sext_ln58_574' <Predicate = true> <Delay = 0.00>
ST_3 : Operation 1716 [1/1] (1.73ns)   --->   "%add_ln58_441 = add i11 %sext_ln58_574, i11 %sext_ln58_571" [firmware/nnet_utils/nnet_dense_latency.h:58]   --->   Operation 1716 'add' 'add_ln58_441' <Predicate = true> <Delay = 1.73> <CoreInst = "Adder">   --->   Core 1 'Adder' <Latency = 0> <II = 1> <Delay = 1.73> <FuncUnit> <Opcode : 'add' 'sub'> <InPorts = 2> <OutPorts = 1>
ST_3 : Operation 1717 [1/1] (0.00ns)   --->   "%sext_ln58_575 = sext i11 %add_ln58_441" [firmware/nnet_utils/nnet_dense_latency.h:58]   --->   Operation 1717 'sext' 'sext_ln58_575' <Predicate = true> <Delay = 0.00>
ST_3 : Operation 1718 [1/1] (3.81ns) (root node of TernaryAdder)   --->   "%add_ln58_442 = add i13 %sext_ln58_575, i13 %add_ln58_436" [firmware/nnet_utils/nnet_dense_latency.h:58]   --->   Operation 1718 'add' 'add_ln58_442' <Predicate = true> <Delay = 3.81> <CoreInst = "TAddSub">   --->   Core 10 'TAddSub' <Latency = 0> <II = 1> <Delay = 1.92> <IPBlock> <Opcode : 'add' 'sub'> <InPorts = 3> <OutPorts = 1> <Sync> <CReg>
ST_3 : Operation 1719 [1/1] (0.00ns)   --->   "%sext_ln58_129 = sext i13 %add_ln58_442" [firmware/nnet_utils/nnet_dense_latency.h:58]   --->   Operation 1719 'sext' 'sext_ln58_129' <Predicate = true> <Delay = 0.00>
ST_3 : Operation 1720 [1/1] (1.67ns)   --->   "%add_ln58_443 = add i14 %sext_ln58_129, i14 %sext_ln17_144" [firmware/nnet_utils/nnet_dense_latency.h:58]   --->   Operation 1720 'add' 'add_ln58_443' <Predicate = true> <Delay = 1.67> <CoreInst = "Adder">   --->   Core 1 'Adder' <Latency = 0> <II = 1> <Delay = 1.67> <FuncUnit> <Opcode : 'add' 'sub'> <InPorts = 2> <OutPorts = 1>
ST_3 : Operation 1721 [1/1] (0.00ns)   --->   "%sext_ln58_130 = sext i14 %add_ln58_443" [firmware/nnet_utils/nnet_dense_latency.h:58]   --->   Operation 1721 'sext' 'sext_ln58_130' <Predicate = true> <Delay = 0.00>
ST_3 : Operation 1722 [1/1] (0.00ns)   --->   "%sext_ln58_577 = sext i9 %mult_63" [firmware/nnet_utils/nnet_dense_latency.h:58]   --->   Operation 1722 'sext' 'sext_ln58_577' <Predicate = true> <Delay = 0.00>
ST_3 : Operation 1723 [1/1] (1.82ns)   --->   "%sub_ln58_215 = sub i10 %sext_ln58_577, i10 %sext_ln17_127" [firmware/nnet_utils/nnet_dense_latency.h:58]   --->   Operation 1723 'sub' 'sub_ln58_215' <Predicate = true> <Delay = 1.82> <CoreInst = "Adder">   --->   Core 1 'Adder' <Latency = 0> <II = 1> <Delay = 1.82> <FuncUnit> <Opcode : 'add' 'sub'> <InPorts = 2> <OutPorts = 1>
ST_3 : Operation 1724 [1/1] (0.00ns)   --->   "%sext_ln58_578 = sext i10 %sub_ln58_215" [firmware/nnet_utils/nnet_dense_latency.h:58]   --->   Operation 1724 'sext' 'sext_ln58_578' <Predicate = true> <Delay = 0.00>
ST_3 : Operation 1725 [1/1] (1.82ns)   --->   "%add_ln58_445 = add i10 %sext_ln17_139, i10 %sext_ln17_90" [firmware/nnet_utils/nnet_dense_latency.h:58]   --->   Operation 1725 'add' 'add_ln58_445' <Predicate = true> <Delay = 1.82> <CoreInst = "Adder">   --->   Core 1 'Adder' <Latency = 0> <II = 1> <Delay = 1.82> <FuncUnit> <Opcode : 'add' 'sub'> <InPorts = 2> <OutPorts = 1>
ST_3 : Operation 1726 [1/1] (0.00ns)   --->   "%sext_ln58_579 = sext i10 %add_ln58_445" [firmware/nnet_utils/nnet_dense_latency.h:58]   --->   Operation 1726 'sext' 'sext_ln58_579' <Predicate = true> <Delay = 0.00>
ST_3 : Operation 1727 [1/1] (1.73ns)   --->   "%add_ln58_446 = add i11 %sext_ln58_579, i11 %sext_ln58_578" [firmware/nnet_utils/nnet_dense_latency.h:58]   --->   Operation 1727 'add' 'add_ln58_446' <Predicate = true> <Delay = 1.73> <CoreInst = "Adder">   --->   Core 1 'Adder' <Latency = 0> <II = 1> <Delay = 1.73> <FuncUnit> <Opcode : 'add' 'sub'> <InPorts = 2> <OutPorts = 1>
ST_3 : Operation 1728 [1/1] (0.00ns)   --->   "%sext_ln58_580 = sext i11 %add_ln58_446" [firmware/nnet_utils/nnet_dense_latency.h:58]   --->   Operation 1728 'sext' 'sext_ln58_580' <Predicate = true> <Delay = 0.00>
ST_3 : Operation 1729 [1/1] (0.00ns) (grouped into TernaryAdder)   --->   "%add_ln58_447 = add i13 %sext_ln58_580, i13 %add_ln58_444" [firmware/nnet_utils/nnet_dense_latency.h:58]   --->   Operation 1729 'add' 'add_ln58_447' <Predicate = true> <Delay = 0.00> <CoreInst = "TAddSub">   --->   Core 10 'TAddSub' <Latency = 0> <II = 1> <Delay = 1.92> <IPBlock> <Opcode : 'add' 'sub'> <InPorts = 3> <OutPorts = 1> <Sync> <CReg>
ST_3 : Operation 1730 [1/1] (1.91ns)   --->   "%add_ln58_448 = add i9 %sext_ln17_104, i9 %sext_ln17_105" [firmware/nnet_utils/nnet_dense_latency.h:58]   --->   Operation 1730 'add' 'add_ln58_448' <Predicate = true> <Delay = 1.91> <CoreInst = "Adder">   --->   Core 1 'Adder' <Latency = 0> <II = 1> <Delay = 1.91> <FuncUnit> <Opcode : 'add' 'sub'> <InPorts = 2> <OutPorts = 1>
ST_3 : Operation 1731 [1/1] (0.00ns)   --->   "%sext_ln58_581 = sext i9 %add_ln58_448" [firmware/nnet_utils/nnet_dense_latency.h:58]   --->   Operation 1731 'sext' 'sext_ln58_581' <Predicate = true> <Delay = 0.00>
ST_3 : Operation 1732 [1/1] (1.91ns)   --->   "%add_ln58_449 = add i9 %sext_ln17_106, i9 %sext_ln17_119" [firmware/nnet_utils/nnet_dense_latency.h:58]   --->   Operation 1732 'add' 'add_ln58_449' <Predicate = true> <Delay = 1.91> <CoreInst = "Adder">   --->   Core 1 'Adder' <Latency = 0> <II = 1> <Delay = 1.91> <FuncUnit> <Opcode : 'add' 'sub'> <InPorts = 2> <OutPorts = 1>
ST_3 : Operation 1733 [1/1] (0.00ns)   --->   "%sext_ln58_582 = sext i9 %add_ln58_449" [firmware/nnet_utils/nnet_dense_latency.h:58]   --->   Operation 1733 'sext' 'sext_ln58_582' <Predicate = true> <Delay = 0.00>
ST_3 : Operation 1734 [1/1] (1.82ns)   --->   "%add_ln58_450 = add i10 %sext_ln58_582, i10 %sext_ln58_581" [firmware/nnet_utils/nnet_dense_latency.h:58]   --->   Operation 1734 'add' 'add_ln58_450' <Predicate = true> <Delay = 1.82> <CoreInst = "Adder">   --->   Core 1 'Adder' <Latency = 0> <II = 1> <Delay = 1.82> <FuncUnit> <Opcode : 'add' 'sub'> <InPorts = 2> <OutPorts = 1>
ST_3 : Operation 1735 [1/1] (0.00ns)   --->   "%sext_ln58_583 = sext i10 %add_ln58_450" [firmware/nnet_utils/nnet_dense_latency.h:58]   --->   Operation 1735 'sext' 'sext_ln58_583' <Predicate = true> <Delay = 0.00>
ST_3 : Operation 1736 [1/1] (1.91ns)   --->   "%add_ln58_451 = add i9 %sext_ln17_134, i9 %sext_ln70_27" [firmware/nnet_utils/nnet_dense_latency.h:58]   --->   Operation 1736 'add' 'add_ln58_451' <Predicate = true> <Delay = 1.91> <CoreInst = "Adder">   --->   Core 1 'Adder' <Latency = 0> <II = 1> <Delay = 1.91> <FuncUnit> <Opcode : 'add' 'sub'> <InPorts = 2> <OutPorts = 1>
ST_3 : Operation 1737 [1/1] (0.00ns)   --->   "%sext_ln58_584 = sext i9 %add_ln58_451" [firmware/nnet_utils/nnet_dense_latency.h:58]   --->   Operation 1737 'sext' 'sext_ln58_584' <Predicate = true> <Delay = 0.00>
ST_3 : Operation 1738 [1/1] (1.82ns)   --->   "%add_ln58_452 = add i10 %sext_ln58_584, i10 %sext_ln58_411" [firmware/nnet_utils/nnet_dense_latency.h:58]   --->   Operation 1738 'add' 'add_ln58_452' <Predicate = true> <Delay = 1.82> <CoreInst = "Adder">   --->   Core 1 'Adder' <Latency = 0> <II = 1> <Delay = 1.82> <FuncUnit> <Opcode : 'add' 'sub'> <InPorts = 2> <OutPorts = 1>
ST_3 : Operation 1739 [1/1] (0.00ns)   --->   "%sext_ln58_585 = sext i10 %add_ln58_452" [firmware/nnet_utils/nnet_dense_latency.h:58]   --->   Operation 1739 'sext' 'sext_ln58_585' <Predicate = true> <Delay = 0.00>
ST_3 : Operation 1740 [1/1] (1.73ns)   --->   "%add_ln58_453 = add i11 %sext_ln58_585, i11 %sext_ln58_583" [firmware/nnet_utils/nnet_dense_latency.h:58]   --->   Operation 1740 'add' 'add_ln58_453' <Predicate = true> <Delay = 1.73> <CoreInst = "Adder">   --->   Core 1 'Adder' <Latency = 0> <II = 1> <Delay = 1.73> <FuncUnit> <Opcode : 'add' 'sub'> <InPorts = 2> <OutPorts = 1>
ST_3 : Operation 1741 [1/1] (0.00ns)   --->   "%sext_ln58_586 = sext i11 %add_ln58_453" [firmware/nnet_utils/nnet_dense_latency.h:58]   --->   Operation 1741 'sext' 'sext_ln58_586' <Predicate = true> <Delay = 0.00>
ST_3 : Operation 1742 [1/1] (3.81ns) (root node of TernaryAdder)   --->   "%add_ln58_454 = add i13 %sext_ln58_586, i13 %add_ln58_447" [firmware/nnet_utils/nnet_dense_latency.h:58]   --->   Operation 1742 'add' 'add_ln58_454' <Predicate = true> <Delay = 3.81> <CoreInst = "TAddSub">   --->   Core 10 'TAddSub' <Latency = 0> <II = 1> <Delay = 1.92> <IPBlock> <Opcode : 'add' 'sub'> <InPorts = 3> <OutPorts = 1> <Sync> <CReg>
ST_3 : Operation 1743 [1/1] (1.91ns)   --->   "%add_ln58_456 = add i9 %sext_ln70_16, i9 %sext_ln70_17" [firmware/nnet_utils/nnet_dense_latency.h:58]   --->   Operation 1743 'add' 'add_ln58_456' <Predicate = true> <Delay = 1.91> <CoreInst = "Adder">   --->   Core 1 'Adder' <Latency = 0> <II = 1> <Delay = 1.91> <FuncUnit> <Opcode : 'add' 'sub'> <InPorts = 2> <OutPorts = 1>
ST_3 : Operation 1744 [1/1] (0.00ns)   --->   "%sext_ln58_587 = sext i9 %add_ln58_456" [firmware/nnet_utils/nnet_dense_latency.h:58]   --->   Operation 1744 'sext' 'sext_ln58_587' <Predicate = true> <Delay = 0.00>
ST_3 : Operation 1745 [1/1] (1.82ns)   --->   "%sub_ln58_216 = sub i10 %sext_ln58_587, i10 %sext_ln17_109" [firmware/nnet_utils/nnet_dense_latency.h:58]   --->   Operation 1745 'sub' 'sub_ln58_216' <Predicate = true> <Delay = 1.82> <CoreInst = "Adder">   --->   Core 1 'Adder' <Latency = 0> <II = 1> <Delay = 1.82> <FuncUnit> <Opcode : 'add' 'sub'> <InPorts = 2> <OutPorts = 1>
ST_3 : Operation 1746 [1/1] (0.00ns)   --->   "%sext_ln58_588 = sext i10 %sub_ln58_216" [firmware/nnet_utils/nnet_dense_latency.h:58]   --->   Operation 1746 'sext' 'sext_ln58_588' <Predicate = true> <Delay = 0.00>
ST_3 : Operation 1747 [1/1] (0.00ns) (grouped into TernaryAdder)   --->   "%add_ln58_457 = add i13 %sext_ln58_588, i13 %add_ln58_455" [firmware/nnet_utils/nnet_dense_latency.h:58]   --->   Operation 1747 'add' 'add_ln58_457' <Predicate = true> <Delay = 0.00> <CoreInst = "TAddSub">   --->   Core 10 'TAddSub' <Latency = 0> <II = 1> <Delay = 1.92> <IPBlock> <Opcode : 'add' 'sub'> <InPorts = 3> <OutPorts = 1> <Sync> <CReg>
ST_3 : Operation 1748 [1/1] (0.00ns)   --->   "%sext_ln58_589 = sext i9 %add_ln58_368" [firmware/nnet_utils/nnet_dense_latency.h:58]   --->   Operation 1748 'sext' 'sext_ln58_589' <Predicate = true> <Delay = 0.00>
ST_3 : Operation 1749 [1/1] (1.91ns)   --->   "%add_ln58_458 = add i9 %sext_ln70_21, i9 %sext_ln70_27" [firmware/nnet_utils/nnet_dense_latency.h:58]   --->   Operation 1749 'add' 'add_ln58_458' <Predicate = true> <Delay = 1.91> <CoreInst = "Adder">   --->   Core 1 'Adder' <Latency = 0> <II = 1> <Delay = 1.91> <FuncUnit> <Opcode : 'add' 'sub'> <InPorts = 2> <OutPorts = 1>
ST_3 : Operation 1750 [1/1] (0.00ns)   --->   "%sext_ln58_590 = sext i9 %add_ln58_458" [firmware/nnet_utils/nnet_dense_latency.h:58]   --->   Operation 1750 'sext' 'sext_ln58_590' <Predicate = true> <Delay = 0.00>
ST_3 : Operation 1751 [1/1] (1.82ns)   --->   "%add_ln58_459 = add i10 %sext_ln58_590, i10 %sext_ln17_118" [firmware/nnet_utils/nnet_dense_latency.h:58]   --->   Operation 1751 'add' 'add_ln58_459' <Predicate = true> <Delay = 1.82> <CoreInst = "Adder">   --->   Core 1 'Adder' <Latency = 0> <II = 1> <Delay = 1.82> <FuncUnit> <Opcode : 'add' 'sub'> <InPorts = 2> <OutPorts = 1>
ST_3 : Operation 1752 [1/1] (0.00ns)   --->   "%sext_ln58_591 = sext i10 %add_ln58_459" [firmware/nnet_utils/nnet_dense_latency.h:58]   --->   Operation 1752 'sext' 'sext_ln58_591' <Predicate = true> <Delay = 0.00>
ST_3 : Operation 1753 [1/1] (1.73ns)   --->   "%add_ln58_460 = add i11 %sext_ln58_591, i11 %sext_ln58_589" [firmware/nnet_utils/nnet_dense_latency.h:58]   --->   Operation 1753 'add' 'add_ln58_460' <Predicate = true> <Delay = 1.73> <CoreInst = "Adder">   --->   Core 1 'Adder' <Latency = 0> <II = 1> <Delay = 1.73> <FuncUnit> <Opcode : 'add' 'sub'> <InPorts = 2> <OutPorts = 1>
ST_3 : Operation 1754 [1/1] (0.00ns)   --->   "%sext_ln58_592 = sext i11 %add_ln58_460" [firmware/nnet_utils/nnet_dense_latency.h:58]   --->   Operation 1754 'sext' 'sext_ln58_592' <Predicate = true> <Delay = 0.00>
ST_3 : Operation 1755 [1/1] (3.81ns) (root node of TernaryAdder)   --->   "%add_ln58_461 = add i13 %sext_ln58_592, i13 %add_ln58_457" [firmware/nnet_utils/nnet_dense_latency.h:58]   --->   Operation 1755 'add' 'add_ln58_461' <Predicate = true> <Delay = 3.81> <CoreInst = "TAddSub">   --->   Core 10 'TAddSub' <Latency = 0> <II = 1> <Delay = 1.92> <IPBlock> <Opcode : 'add' 'sub'> <InPorts = 3> <OutPorts = 1> <Sync> <CReg>
ST_3 : Operation 1756 [1/1] (0.00ns)   --->   "%sext_ln58_132 = sext i13 %add_ln58_461" [firmware/nnet_utils/nnet_dense_latency.h:58]   --->   Operation 1756 'sext' 'sext_ln58_132' <Predicate = true> <Delay = 0.00>
ST_3 : Operation 1757 [1/1] (0.00ns) (grouped into TernaryAdder)   --->   "%add_ln58_462 = add i13 %sub_ln58_120, i13 %sext_ln17_120" [firmware/nnet_utils/nnet_dense_latency.h:58]   --->   Operation 1757 'add' 'add_ln58_462' <Predicate = true> <Delay = 0.00> <CoreInst = "TAddSub">   --->   Core 10 'TAddSub' <Latency = 0> <II = 1> <Delay = 1.92> <IPBlock> <Opcode : 'add' 'sub'> <InPorts = 3> <OutPorts = 1> <Sync> <CReg>
ST_3 : Operation 1758 [1/1] (1.82ns)   --->   "%sub_ln58_217 = sub i10 %sext_ln58_419, i10 %sext_ln17_122" [firmware/nnet_utils/nnet_dense_latency.h:58]   --->   Operation 1758 'sub' 'sub_ln58_217' <Predicate = true> <Delay = 1.82> <CoreInst = "Adder">   --->   Core 1 'Adder' <Latency = 0> <II = 1> <Delay = 1.82> <FuncUnit> <Opcode : 'add' 'sub'> <InPorts = 2> <OutPorts = 1>
ST_3 : Operation 1759 [1/1] (0.00ns)   --->   "%sext_ln58_593 = sext i10 %sub_ln58_217" [firmware/nnet_utils/nnet_dense_latency.h:58]   --->   Operation 1759 'sext' 'sext_ln58_593' <Predicate = true> <Delay = 0.00>
ST_3 : Operation 1760 [1/1] (3.81ns) (root node of TernaryAdder)   --->   "%add_ln58_463 = add i13 %sext_ln58_593, i13 %add_ln58_462" [firmware/nnet_utils/nnet_dense_latency.h:58]   --->   Operation 1760 'add' 'add_ln58_463' <Predicate = true> <Delay = 3.81> <CoreInst = "TAddSub">   --->   Core 10 'TAddSub' <Latency = 0> <II = 1> <Delay = 1.92> <IPBlock> <Opcode : 'add' 'sub'> <InPorts = 3> <OutPorts = 1> <Sync> <CReg>
ST_3 : Operation 1761 [1/1] (0.00ns)   --->   "%sext_ln58_594 = sext i10 %add_ln58_311" [firmware/nnet_utils/nnet_dense_latency.h:58]   --->   Operation 1761 'sext' 'sext_ln58_594' <Predicate = true> <Delay = 0.00>
ST_3 : Operation 1762 [1/1] (0.00ns) (grouped into TernaryAdder)   --->   "%add_ln58_464 = add i13 %sext_ln58_594, i13 %add_ln58_463" [firmware/nnet_utils/nnet_dense_latency.h:58]   --->   Operation 1762 'add' 'add_ln58_464' <Predicate = true> <Delay = 0.00> <CoreInst = "TAddSub">   --->   Core 10 'TAddSub' <Latency = 0> <II = 1> <Delay = 1.92> <IPBlock> <Opcode : 'add' 'sub'> <InPorts = 3> <OutPorts = 1> <Sync> <CReg>
ST_3 : Operation 1763 [1/1] (1.82ns)   --->   "%add_ln58_465 = add i10 %sext_ln58_554, i10 %sext_ln58_581" [firmware/nnet_utils/nnet_dense_latency.h:58]   --->   Operation 1763 'add' 'add_ln58_465' <Predicate = true> <Delay = 1.82> <CoreInst = "Adder">   --->   Core 1 'Adder' <Latency = 0> <II = 1> <Delay = 1.82> <FuncUnit> <Opcode : 'add' 'sub'> <InPorts = 2> <OutPorts = 1>
ST_3 : Operation 1764 [1/1] (0.00ns)   --->   "%sext_ln58_595 = sext i10 %add_ln58_465" [firmware/nnet_utils/nnet_dense_latency.h:58]   --->   Operation 1764 'sext' 'sext_ln58_595' <Predicate = true> <Delay = 0.00>
ST_3 : Operation 1765 [1/1] (1.91ns)   --->   "%add_ln58_466 = add i9 %sext_ln70_19, i9 %sext_ln70_20" [firmware/nnet_utils/nnet_dense_latency.h:58]   --->   Operation 1765 'add' 'add_ln58_466' <Predicate = true> <Delay = 1.91> <CoreInst = "Adder">   --->   Core 1 'Adder' <Latency = 0> <II = 1> <Delay = 1.91> <FuncUnit> <Opcode : 'add' 'sub'> <InPorts = 2> <OutPorts = 1>
ST_3 : Operation 1766 [1/1] (0.00ns)   --->   "%sext_ln58_596 = sext i9 %add_ln58_466" [firmware/nnet_utils/nnet_dense_latency.h:58]   --->   Operation 1766 'sext' 'sext_ln58_596' <Predicate = true> <Delay = 0.00>
ST_3 : Operation 1767 [1/1] (1.91ns)   --->   "%add_ln58_467 = add i9 %sext_ln17_114, i9 %sext_ln70_27" [firmware/nnet_utils/nnet_dense_latency.h:58]   --->   Operation 1767 'add' 'add_ln58_467' <Predicate = true> <Delay = 1.91> <CoreInst = "Adder">   --->   Core 1 'Adder' <Latency = 0> <II = 1> <Delay = 1.91> <FuncUnit> <Opcode : 'add' 'sub'> <InPorts = 2> <OutPorts = 1>
ST_3 : Operation 1768 [1/1] (0.00ns)   --->   "%sext_ln58_597 = sext i9 %add_ln58_467" [firmware/nnet_utils/nnet_dense_latency.h:58]   --->   Operation 1768 'sext' 'sext_ln58_597' <Predicate = true> <Delay = 0.00>
ST_3 : Operation 1769 [1/1] (1.82ns)   --->   "%add_ln58_468 = add i10 %sext_ln58_597, i10 %sext_ln58_596" [firmware/nnet_utils/nnet_dense_latency.h:58]   --->   Operation 1769 'add' 'add_ln58_468' <Predicate = true> <Delay = 1.82> <CoreInst = "Adder">   --->   Core 1 'Adder' <Latency = 0> <II = 1> <Delay = 1.82> <FuncUnit> <Opcode : 'add' 'sub'> <InPorts = 2> <OutPorts = 1>
ST_3 : Operation 1770 [1/1] (0.00ns)   --->   "%sext_ln58_598 = sext i10 %add_ln58_468" [firmware/nnet_utils/nnet_dense_latency.h:58]   --->   Operation 1770 'sext' 'sext_ln58_598' <Predicate = true> <Delay = 0.00>
ST_3 : Operation 1771 [1/1] (1.73ns)   --->   "%add_ln58_469 = add i11 %sext_ln58_598, i11 %sext_ln58_595" [firmware/nnet_utils/nnet_dense_latency.h:58]   --->   Operation 1771 'add' 'add_ln58_469' <Predicate = true> <Delay = 1.73> <CoreInst = "Adder">   --->   Core 1 'Adder' <Latency = 0> <II = 1> <Delay = 1.73> <FuncUnit> <Opcode : 'add' 'sub'> <InPorts = 2> <OutPorts = 1>
ST_3 : Operation 1772 [1/1] (0.00ns)   --->   "%sext_ln58_599 = sext i11 %add_ln58_469" [firmware/nnet_utils/nnet_dense_latency.h:58]   --->   Operation 1772 'sext' 'sext_ln58_599' <Predicate = true> <Delay = 0.00>
ST_3 : Operation 1773 [1/1] (3.81ns) (root node of TernaryAdder)   --->   "%add_ln58_470 = add i13 %sext_ln58_599, i13 %add_ln58_464" [firmware/nnet_utils/nnet_dense_latency.h:58]   --->   Operation 1773 'add' 'add_ln58_470' <Predicate = true> <Delay = 3.81> <CoreInst = "TAddSub">   --->   Core 10 'TAddSub' <Latency = 0> <II = 1> <Delay = 1.92> <IPBlock> <Opcode : 'add' 'sub'> <InPorts = 3> <OutPorts = 1> <Sync> <CReg>
ST_3 : Operation 1774 [1/1] (0.00ns)   --->   "%sext_ln58_133 = sext i13 %add_ln58_470" [firmware/nnet_utils/nnet_dense_latency.h:58]   --->   Operation 1774 'sext' 'sext_ln58_133' <Predicate = true> <Delay = 0.00>
ST_3 : Operation 1775 [1/1] (0.00ns)   --->   "%sext_ln58_603 = sext i12 %add_ln58_475" [firmware/nnet_utils/nnet_dense_latency.h:58]   --->   Operation 1775 'sext' 'sext_ln58_603' <Predicate = true> <Delay = 0.00>
ST_3 : Operation 1776 [1/1] (0.00ns) (grouped into TernaryAdder)   --->   "%sub_ln58_219 = sub i13 %sext_ln58_603, i13 %sext_ln17_100" [firmware/nnet_utils/nnet_dense_latency.h:58]   --->   Operation 1776 'sub' 'sub_ln58_219' <Predicate = true> <Delay = 0.00> <CoreInst = "TAddSub">   --->   Core 10 'TAddSub' <Latency = 0> <II = 1> <Delay = 1.92> <IPBlock> <Opcode : 'add' 'sub'> <InPorts = 3> <OutPorts = 1> <Sync> <CReg>
ST_3 : Operation 1777 [1/1] (1.82ns)   --->   "%sub_ln58_220 = sub i10 %sext_ln58_377, i10 %sext_ln58_497" [firmware/nnet_utils/nnet_dense_latency.h:58]   --->   Operation 1777 'sub' 'sub_ln58_220' <Predicate = true> <Delay = 1.82> <CoreInst = "Adder">   --->   Core 1 'Adder' <Latency = 0> <II = 1> <Delay = 1.82> <FuncUnit> <Opcode : 'add' 'sub'> <InPorts = 2> <OutPorts = 1>
ST_3 : Operation 1778 [1/1] (0.00ns)   --->   "%sext_ln58_604 = sext i10 %sub_ln58_220" [firmware/nnet_utils/nnet_dense_latency.h:58]   --->   Operation 1778 'sext' 'sext_ln58_604' <Predicate = true> <Delay = 0.00>
ST_3 : Operation 1779 [1/1] (3.81ns) (root node of TernaryAdder)   --->   "%add_ln58_476 = add i13 %sext_ln58_604, i13 %sub_ln58_219" [firmware/nnet_utils/nnet_dense_latency.h:58]   --->   Operation 1779 'add' 'add_ln58_476' <Predicate = true> <Delay = 3.81> <CoreInst = "TAddSub">   --->   Core 10 'TAddSub' <Latency = 0> <II = 1> <Delay = 1.92> <IPBlock> <Opcode : 'add' 'sub'> <InPorts = 3> <OutPorts = 1> <Sync> <CReg>
ST_3 : Operation 1780 [1/1] (0.00ns) (grouped into TernaryAdder)   --->   "%sub_ln58_221 = sub i10 %sext_ln17_126, i10 %sext_ln17_118" [firmware/nnet_utils/nnet_dense_latency.h:58]   --->   Operation 1780 'sub' 'sub_ln58_221' <Predicate = true> <Delay = 0.00> <CoreInst = "TAddSub">   --->   Core 10 'TAddSub' <Latency = 0> <II = 1> <Delay = 1.92> <IPBlock> <Opcode : 'add' 'sub'> <InPorts = 3> <OutPorts = 1> <Sync> <CReg>
ST_3 : Operation 1781 [1/1] (3.72ns) (root node of TernaryAdder)   --->   "%add_ln58_477 = add i10 %sub_ln58_221, i10 %sext_ln17_117" [firmware/nnet_utils/nnet_dense_latency.h:58]   --->   Operation 1781 'add' 'add_ln58_477' <Predicate = true> <Delay = 3.72> <CoreInst = "TAddSub">   --->   Core 10 'TAddSub' <Latency = 0> <II = 1> <Delay = 1.92> <IPBlock> <Opcode : 'add' 'sub'> <InPorts = 3> <OutPorts = 1> <Sync> <CReg>
ST_3 : Operation 1782 [1/1] (0.00ns)   --->   "%sext_ln58_605 = sext i10 %add_ln58_477" [firmware/nnet_utils/nnet_dense_latency.h:58]   --->   Operation 1782 'sext' 'sext_ln58_605' <Predicate = true> <Delay = 0.00>
ST_3 : Operation 1783 [1/1] (0.00ns) (grouped into TernaryAdder)   --->   "%add_ln58_478 = add i13 %sext_ln58_605, i13 %add_ln58_476" [firmware/nnet_utils/nnet_dense_latency.h:58]   --->   Operation 1783 'add' 'add_ln58_478' <Predicate = true> <Delay = 0.00> <CoreInst = "TAddSub">   --->   Core 10 'TAddSub' <Latency = 0> <II = 1> <Delay = 1.92> <IPBlock> <Opcode : 'add' 'sub'> <InPorts = 3> <OutPorts = 1> <Sync> <CReg>
ST_3 : Operation 1784 [1/1] (0.00ns)   --->   "%sext_ln58_606 = sext i8 %data_59_val_read" [firmware/nnet_utils/nnet_dense_latency.h:58]   --->   Operation 1784 'sext' 'sext_ln58_606' <Predicate = true> <Delay = 0.00>
ST_3 : Operation 1785 [1/1] (0.00ns)   --->   "%sext_ln58_607 = sext i9 %mult_78" [firmware/nnet_utils/nnet_dense_latency.h:58]   --->   Operation 1785 'sext' 'sext_ln58_607' <Predicate = true> <Delay = 0.00>
ST_3 : Operation 1786 [1/1] (0.00ns) (grouped into TernaryAdder)   --->   "%sub_ln58_222 = sub i10 %sext_ln58_607, i10 %sext_ln58_606" [firmware/nnet_utils/nnet_dense_latency.h:58]   --->   Operation 1786 'sub' 'sub_ln58_222' <Predicate = true> <Delay = 0.00> <CoreInst = "TAddSub">   --->   Core 10 'TAddSub' <Latency = 0> <II = 1> <Delay = 1.92> <IPBlock> <Opcode : 'add' 'sub'> <InPorts = 3> <OutPorts = 1> <Sync> <CReg>
ST_3 : Operation 1787 [1/1] (3.72ns) (root node of TernaryAdder)   --->   "%add_ln58_479 = add i10 %sub_ln58_222, i10 %sext_ln17_130" [firmware/nnet_utils/nnet_dense_latency.h:58]   --->   Operation 1787 'add' 'add_ln58_479' <Predicate = true> <Delay = 3.72> <CoreInst = "TAddSub">   --->   Core 10 'TAddSub' <Latency = 0> <II = 1> <Delay = 1.92> <IPBlock> <Opcode : 'add' 'sub'> <InPorts = 3> <OutPorts = 1> <Sync> <CReg>
ST_3 : Operation 1788 [1/1] (0.00ns)   --->   "%sext_ln58_608 = sext i10 %add_ln58_479" [firmware/nnet_utils/nnet_dense_latency.h:58]   --->   Operation 1788 'sext' 'sext_ln58_608' <Predicate = true> <Delay = 0.00>
ST_3 : Operation 1789 [1/1] (0.00ns)   --->   "%sext_ln58_609 = sext i9 %add_ln58_378" [firmware/nnet_utils/nnet_dense_latency.h:58]   --->   Operation 1789 'sext' 'sext_ln58_609' <Predicate = true> <Delay = 0.00>
ST_3 : Operation 1790 [1/1] (0.00ns)   --->   "%sext_ln58_610 = sext i9 %add_ln58_372" [firmware/nnet_utils/nnet_dense_latency.h:58]   --->   Operation 1790 'sext' 'sext_ln58_610' <Predicate = true> <Delay = 0.00>
ST_3 : Operation 1791 [1/1] (1.82ns)   --->   "%add_ln58_480 = add i10 %sext_ln58_610, i10 %sext_ln58_609" [firmware/nnet_utils/nnet_dense_latency.h:58]   --->   Operation 1791 'add' 'add_ln58_480' <Predicate = true> <Delay = 1.82> <CoreInst = "Adder">   --->   Core 1 'Adder' <Latency = 0> <II = 1> <Delay = 1.82> <FuncUnit> <Opcode : 'add' 'sub'> <InPorts = 2> <OutPorts = 1>
ST_3 : Operation 1792 [1/1] (0.00ns)   --->   "%sext_ln58_611 = sext i10 %add_ln58_480" [firmware/nnet_utils/nnet_dense_latency.h:58]   --->   Operation 1792 'sext' 'sext_ln58_611' <Predicate = true> <Delay = 0.00>
ST_3 : Operation 1793 [1/1] (1.73ns)   --->   "%add_ln58_481 = add i11 %sext_ln58_611, i11 %sext_ln58_608" [firmware/nnet_utils/nnet_dense_latency.h:58]   --->   Operation 1793 'add' 'add_ln58_481' <Predicate = true> <Delay = 1.73> <CoreInst = "Adder">   --->   Core 1 'Adder' <Latency = 0> <II = 1> <Delay = 1.73> <FuncUnit> <Opcode : 'add' 'sub'> <InPorts = 2> <OutPorts = 1>
ST_3 : Operation 1794 [1/1] (0.00ns)   --->   "%sext_ln58_612 = sext i11 %add_ln58_481" [firmware/nnet_utils/nnet_dense_latency.h:58]   --->   Operation 1794 'sext' 'sext_ln58_612' <Predicate = true> <Delay = 0.00>
ST_3 : Operation 1795 [1/1] (3.81ns) (root node of TernaryAdder)   --->   "%add_ln58_482 = add i13 %sext_ln58_612, i13 %add_ln58_478" [firmware/nnet_utils/nnet_dense_latency.h:58]   --->   Operation 1795 'add' 'add_ln58_482' <Predicate = true> <Delay = 3.81> <CoreInst = "TAddSub">   --->   Core 10 'TAddSub' <Latency = 0> <II = 1> <Delay = 1.92> <IPBlock> <Opcode : 'add' 'sub'> <InPorts = 3> <OutPorts = 1> <Sync> <CReg>
ST_3 : Operation 1796 [1/1] (0.00ns)   --->   "%sext_ln58_135 = sext i13 %add_ln58_482" [firmware/nnet_utils/nnet_dense_latency.h:58]   --->   Operation 1796 'sext' 'sext_ln58_135' <Predicate = true> <Delay = 0.00>
ST_3 : Operation 1797 [1/1] (0.00ns)   --->   "%sext_ln58_613 = sext i13 %add_ln58_383" [firmware/nnet_utils/nnet_dense_latency.h:58]   --->   Operation 1797 'sext' 'sext_ln58_613' <Predicate = true> <Delay = 0.00>
ST_3 : Operation 1798 [1/1] (0.00ns) (grouped into TernaryAdder)   --->   "%sub_ln58_223 = sub i14 %sext_ln58_613, i14 %sext_ln17_146" [firmware/nnet_utils/nnet_dense_latency.h:58]   --->   Operation 1798 'sub' 'sub_ln58_223' <Predicate = true> <Delay = 0.00> <CoreInst = "TAddSub">   --->   Core 10 'TAddSub' <Latency = 0> <II = 1> <Delay = 1.92> <IPBlock> <Opcode : 'add' 'sub'> <InPorts = 3> <OutPorts = 1> <Sync> <CReg>
ST_3 : Operation 1799 [1/1] (0.00ns)   --->   "%sext_ln58_614 = sext i13 %add_ln58_454" [firmware/nnet_utils/nnet_dense_latency.h:58]   --->   Operation 1799 'sext' 'sext_ln58_614' <Predicate = true> <Delay = 0.00>
ST_3 : Operation 1800 [1/1] (0.00ns) (grouped into TernaryAdder)   --->   "%sub_ln58_224 = sub i14 %sext_ln58_614, i14 %sext_ln17_146" [firmware/nnet_utils/nnet_dense_latency.h:58]   --->   Operation 1800 'sub' 'sub_ln58_224' <Predicate = true> <Delay = 0.00> <CoreInst = "TAddSub">   --->   Core 10 'TAddSub' <Latency = 0> <II = 1> <Delay = 1.92> <IPBlock> <Opcode : 'add' 'sub'> <InPorts = 3> <OutPorts = 1> <Sync> <CReg>
ST_3 : Operation 1801 [1/1] (1.82ns)   --->   "%sub_ln58_225 = sub i10 %sext_ln58_607, i10 %sext_ln17_141" [firmware/nnet_utils/nnet_dense_latency.h:58]   --->   Operation 1801 'sub' 'sub_ln58_225' <Predicate = true> <Delay = 1.82> <CoreInst = "Adder">   --->   Core 1 'Adder' <Latency = 0> <II = 1> <Delay = 1.82> <FuncUnit> <Opcode : 'add' 'sub'> <InPorts = 2> <OutPorts = 1>
ST_3 : Operation 1802 [1/1] (0.00ns)   --->   "%sext_ln58_615 = sext i10 %sub_ln58_225" [firmware/nnet_utils/nnet_dense_latency.h:58]   --->   Operation 1802 'sext' 'sext_ln58_615' <Predicate = true> <Delay = 0.00>
ST_3 : Operation 1803 [1/1] (3.84ns) (root node of TernaryAdder)   --->   "%add_ln58_483 = add i14 %sext_ln58_615, i14 %sub_ln58_184" [firmware/nnet_utils/nnet_dense_latency.h:58]   --->   Operation 1803 'add' 'add_ln58_483' <Predicate = true> <Delay = 3.84> <CoreInst = "TAddSub">   --->   Core 10 'TAddSub' <Latency = 0> <II = 1> <Delay = 1.92> <IPBlock> <Opcode : 'add' 'sub'> <InPorts = 3> <OutPorts = 1> <Sync> <CReg>
ST_3 : Operation 1804 [1/1] (0.00ns)   --->   "%sext_ln58_136 = sext i14 %add_ln58_483" [firmware/nnet_utils/nnet_dense_latency.h:58]   --->   Operation 1804 'sext' 'sext_ln58_136' <Predicate = true> <Delay = 0.00>
ST_3 : Operation 1805 [1/1] (0.00ns) (grouped into TernaryAdder)   --->   "%add_ln58_484 = add i13 %sub_ln58_109, i13 %sext_ln17_87" [firmware/nnet_utils/nnet_dense_latency.h:58]   --->   Operation 1805 'add' 'add_ln58_484' <Predicate = true> <Delay = 0.00> <CoreInst = "TAddSub">   --->   Core 10 'TAddSub' <Latency = 0> <II = 1> <Delay = 1.92> <IPBlock> <Opcode : 'add' 'sub'> <InPorts = 3> <OutPorts = 1> <Sync> <CReg>
ST_3 : Operation 1806 [1/1] (1.82ns)   --->   "%sub_ln58_226 = sub i10 %sext_ln58_339, i10 %sext_ln17_109" [firmware/nnet_utils/nnet_dense_latency.h:58]   --->   Operation 1806 'sub' 'sub_ln58_226' <Predicate = true> <Delay = 1.82> <CoreInst = "Adder">   --->   Core 1 'Adder' <Latency = 0> <II = 1> <Delay = 1.82> <FuncUnit> <Opcode : 'add' 'sub'> <InPorts = 2> <OutPorts = 1>
ST_3 : Operation 1807 [1/1] (0.00ns)   --->   "%sext_ln58_616 = sext i10 %sub_ln58_226" [firmware/nnet_utils/nnet_dense_latency.h:58]   --->   Operation 1807 'sext' 'sext_ln58_616' <Predicate = true> <Delay = 0.00>
ST_3 : Operation 1808 [1/1] (3.81ns) (root node of TernaryAdder)   --->   "%add_ln58_485 = add i13 %sext_ln58_616, i13 %add_ln58_484" [firmware/nnet_utils/nnet_dense_latency.h:58]   --->   Operation 1808 'add' 'add_ln58_485' <Predicate = true> <Delay = 3.81> <CoreInst = "TAddSub">   --->   Core 10 'TAddSub' <Latency = 0> <II = 1> <Delay = 1.92> <IPBlock> <Opcode : 'add' 'sub'> <InPorts = 3> <OutPorts = 1> <Sync> <CReg>
ST_3 : Operation 1809 [1/1] (0.00ns)   --->   "%sext_ln58_617 = sext i9 %mult_72" [firmware/nnet_utils/nnet_dense_latency.h:58]   --->   Operation 1809 'sext' 'sext_ln58_617' <Predicate = true> <Delay = 0.00>
ST_3 : Operation 1810 [1/1] (1.82ns)   --->   "%sub_ln58_227 = sub i10 %sext_ln58_617, i10 %sext_ln17_122" [firmware/nnet_utils/nnet_dense_latency.h:58]   --->   Operation 1810 'sub' 'sub_ln58_227' <Predicate = true> <Delay = 1.82> <CoreInst = "Adder">   --->   Core 1 'Adder' <Latency = 0> <II = 1> <Delay = 1.82> <FuncUnit> <Opcode : 'add' 'sub'> <InPorts = 2> <OutPorts = 1>
ST_3 : Operation 1811 [1/1] (0.00ns)   --->   "%sext_ln58_618 = sext i10 %sub_ln58_227" [firmware/nnet_utils/nnet_dense_latency.h:58]   --->   Operation 1811 'sext' 'sext_ln58_618' <Predicate = true> <Delay = 0.00>
ST_3 : Operation 1812 [1/1] (1.82ns)   --->   "%sub_ln58_228 = sub i10 %sext_ln58_607, i10 %sext_ln17_145" [firmware/nnet_utils/nnet_dense_latency.h:58]   --->   Operation 1812 'sub' 'sub_ln58_228' <Predicate = true> <Delay = 1.82> <CoreInst = "Adder">   --->   Core 1 'Adder' <Latency = 0> <II = 1> <Delay = 1.82> <FuncUnit> <Opcode : 'add' 'sub'> <InPorts = 2> <OutPorts = 1>
ST_3 : Operation 1813 [1/1] (0.00ns)   --->   "%sext_ln58_619 = sext i10 %sub_ln58_228" [firmware/nnet_utils/nnet_dense_latency.h:58]   --->   Operation 1813 'sext' 'sext_ln58_619' <Predicate = true> <Delay = 0.00>
ST_3 : Operation 1814 [1/1] (1.73ns)   --->   "%add_ln58_486 = add i11 %sext_ln58_619, i11 %sext_ln58_618" [firmware/nnet_utils/nnet_dense_latency.h:58]   --->   Operation 1814 'add' 'add_ln58_486' <Predicate = true> <Delay = 1.73> <CoreInst = "Adder">   --->   Core 1 'Adder' <Latency = 0> <II = 1> <Delay = 1.73> <FuncUnit> <Opcode : 'add' 'sub'> <InPorts = 2> <OutPorts = 1>
ST_3 : Operation 1815 [1/1] (0.00ns)   --->   "%sext_ln58_620 = sext i11 %add_ln58_486" [firmware/nnet_utils/nnet_dense_latency.h:58]   --->   Operation 1815 'sext' 'sext_ln58_620' <Predicate = true> <Delay = 0.00>
ST_3 : Operation 1816 [1/1] (0.00ns) (grouped into TernaryAdder)   --->   "%add_ln58_487 = add i13 %sext_ln58_620, i13 %add_ln58_485" [firmware/nnet_utils/nnet_dense_latency.h:58]   --->   Operation 1816 'add' 'add_ln58_487' <Predicate = true> <Delay = 0.00> <CoreInst = "TAddSub">   --->   Core 10 'TAddSub' <Latency = 0> <II = 1> <Delay = 1.92> <IPBlock> <Opcode : 'add' 'sub'> <InPorts = 3> <OutPorts = 1> <Sync> <CReg>
ST_3 : Operation 1817 [1/1] (1.91ns)   --->   "%add_ln58_488 = add i9 %sext_ln70_15, i9 %sext_ln17_94" [firmware/nnet_utils/nnet_dense_latency.h:58]   --->   Operation 1817 'add' 'add_ln58_488' <Predicate = true> <Delay = 1.91> <CoreInst = "Adder">   --->   Core 1 'Adder' <Latency = 0> <II = 1> <Delay = 1.91> <FuncUnit> <Opcode : 'add' 'sub'> <InPorts = 2> <OutPorts = 1>
ST_3 : Operation 1818 [1/1] (0.00ns)   --->   "%sext_ln58_621 = sext i9 %add_ln58_488" [firmware/nnet_utils/nnet_dense_latency.h:58]   --->   Operation 1818 'sext' 'sext_ln58_621' <Predicate = true> <Delay = 0.00>
ST_3 : Operation 1819 [1/1] (1.82ns)   --->   "%add_ln58_489 = add i10 %sext_ln58_621, i10 %sext_ln58_407" [firmware/nnet_utils/nnet_dense_latency.h:58]   --->   Operation 1819 'add' 'add_ln58_489' <Predicate = true> <Delay = 1.82> <CoreInst = "Adder">   --->   Core 1 'Adder' <Latency = 0> <II = 1> <Delay = 1.82> <FuncUnit> <Opcode : 'add' 'sub'> <InPorts = 2> <OutPorts = 1>
ST_3 : Operation 1820 [1/1] (0.00ns)   --->   "%sext_ln58_622 = sext i10 %add_ln58_489" [firmware/nnet_utils/nnet_dense_latency.h:58]   --->   Operation 1820 'sext' 'sext_ln58_622' <Predicate = true> <Delay = 0.00>
ST_3 : Operation 1821 [1/1] (1.91ns)   --->   "%add_ln58_490 = add i9 %sext_ln73_17, i9 %sext_ln17_106" [firmware/nnet_utils/nnet_dense_latency.h:58]   --->   Operation 1821 'add' 'add_ln58_490' <Predicate = true> <Delay = 1.91> <CoreInst = "Adder">   --->   Core 1 'Adder' <Latency = 0> <II = 1> <Delay = 1.91> <FuncUnit> <Opcode : 'add' 'sub'> <InPorts = 2> <OutPorts = 1>
ST_3 : Operation 1822 [1/1] (0.00ns)   --->   "%sext_ln58_623 = sext i9 %add_ln58_490" [firmware/nnet_utils/nnet_dense_latency.h:58]   --->   Operation 1822 'sext' 'sext_ln58_623' <Predicate = true> <Delay = 0.00>
ST_3 : Operation 1823 [1/1] (1.91ns)   --->   "%add_ln58_491 = add i9 %sext_ln70_16, i9 %sext_ln70_20" [firmware/nnet_utils/nnet_dense_latency.h:58]   --->   Operation 1823 'add' 'add_ln58_491' <Predicate = true> <Delay = 1.91> <CoreInst = "Adder">   --->   Core 1 'Adder' <Latency = 0> <II = 1> <Delay = 1.91> <FuncUnit> <Opcode : 'add' 'sub'> <InPorts = 2> <OutPorts = 1>
ST_3 : Operation 1824 [1/1] (0.00ns)   --->   "%sext_ln58_624 = sext i9 %add_ln58_491" [firmware/nnet_utils/nnet_dense_latency.h:58]   --->   Operation 1824 'sext' 'sext_ln58_624' <Predicate = true> <Delay = 0.00>
ST_3 : Operation 1825 [1/1] (1.82ns)   --->   "%add_ln58_492 = add i10 %sext_ln58_624, i10 %sext_ln58_623" [firmware/nnet_utils/nnet_dense_latency.h:58]   --->   Operation 1825 'add' 'add_ln58_492' <Predicate = true> <Delay = 1.82> <CoreInst = "Adder">   --->   Core 1 'Adder' <Latency = 0> <II = 1> <Delay = 1.82> <FuncUnit> <Opcode : 'add' 'sub'> <InPorts = 2> <OutPorts = 1>
ST_3 : Operation 1826 [1/1] (0.00ns)   --->   "%sext_ln58_625 = sext i10 %add_ln58_492" [firmware/nnet_utils/nnet_dense_latency.h:58]   --->   Operation 1826 'sext' 'sext_ln58_625' <Predicate = true> <Delay = 0.00>
ST_3 : Operation 1827 [1/1] (1.73ns)   --->   "%add_ln58_493 = add i11 %sext_ln58_625, i11 %sext_ln58_622" [firmware/nnet_utils/nnet_dense_latency.h:58]   --->   Operation 1827 'add' 'add_ln58_493' <Predicate = true> <Delay = 1.73> <CoreInst = "Adder">   --->   Core 1 'Adder' <Latency = 0> <II = 1> <Delay = 1.73> <FuncUnit> <Opcode : 'add' 'sub'> <InPorts = 2> <OutPorts = 1>
ST_3 : Operation 1828 [1/1] (0.00ns)   --->   "%sext_ln58_626 = sext i11 %add_ln58_493" [firmware/nnet_utils/nnet_dense_latency.h:58]   --->   Operation 1828 'sext' 'sext_ln58_626' <Predicate = true> <Delay = 0.00>
ST_3 : Operation 1829 [1/1] (3.81ns) (root node of TernaryAdder)   --->   "%add_ln58_494 = add i13 %sext_ln58_626, i13 %add_ln58_487" [firmware/nnet_utils/nnet_dense_latency.h:58]   --->   Operation 1829 'add' 'add_ln58_494' <Predicate = true> <Delay = 3.81> <CoreInst = "TAddSub">   --->   Core 10 'TAddSub' <Latency = 0> <II = 1> <Delay = 1.92> <IPBlock> <Opcode : 'add' 'sub'> <InPorts = 3> <OutPorts = 1> <Sync> <CReg>
ST_3 : Operation 1830 [1/1] (0.00ns)   --->   "%sext_ln58_137 = sext i13 %add_ln58_494" [firmware/nnet_utils/nnet_dense_latency.h:58]   --->   Operation 1830 'sext' 'sext_ln58_137' <Predicate = true> <Delay = 0.00>
ST_3 : Operation 1831 [1/1] (1.82ns)   --->   "%add_ln58_496 = add i10 %sext_ln73_25, i10 %sext_ln17_148" [firmware/nnet_utils/nnet_dense_latency.h:58]   --->   Operation 1831 'add' 'add_ln58_496' <Predicate = true> <Delay = 1.82> <CoreInst = "Adder">   --->   Core 1 'Adder' <Latency = 0> <II = 1> <Delay = 1.82> <FuncUnit> <Opcode : 'add' 'sub'> <InPorts = 2> <OutPorts = 1>
ST_3 : Operation 1832 [1/1] (0.00ns)   --->   "%sext_ln58_628 = sext i10 %add_ln58_496" [firmware/nnet_utils/nnet_dense_latency.h:58]   --->   Operation 1832 'sext' 'sext_ln58_628' <Predicate = true> <Delay = 0.00>
ST_3 : Operation 1833 [1/1] (0.00ns)   --->   "%sext_ln58_629 = sext i9 %add_ln58_309" [firmware/nnet_utils/nnet_dense_latency.h:58]   --->   Operation 1833 'sext' 'sext_ln58_629' <Predicate = true> <Delay = 0.00>
ST_3 : Operation 1834 [1/1] (1.73ns)   --->   "%add_ln58_497 = add i11 %sext_ln58_629, i11 %sext_ln58_628" [firmware/nnet_utils/nnet_dense_latency.h:58]   --->   Operation 1834 'add' 'add_ln58_497' <Predicate = true> <Delay = 1.73> <CoreInst = "Adder">   --->   Core 1 'Adder' <Latency = 0> <II = 1> <Delay = 1.73> <FuncUnit> <Opcode : 'add' 'sub'> <InPorts = 2> <OutPorts = 1>
ST_3 : Operation 1835 [1/1] (0.00ns)   --->   "%sext_ln58_630 = sext i11 %add_ln58_497" [firmware/nnet_utils/nnet_dense_latency.h:58]   --->   Operation 1835 'sext' 'sext_ln58_630' <Predicate = true> <Delay = 0.00>
ST_3 : Operation 1836 [1/1] (0.00ns) (grouped into TernaryAdder)   --->   "%add_ln58_498 = add i13 %sext_ln58_630, i13 %add_ln58_495" [firmware/nnet_utils/nnet_dense_latency.h:58]   --->   Operation 1836 'add' 'add_ln58_498' <Predicate = true> <Delay = 0.00> <CoreInst = "TAddSub">   --->   Core 10 'TAddSub' <Latency = 0> <II = 1> <Delay = 1.92> <IPBlock> <Opcode : 'add' 'sub'> <InPorts = 3> <OutPorts = 1> <Sync> <CReg>
ST_3 : Operation 1837 [1/1] (0.00ns)   --->   "%sext_ln58_632 = sext i10 %add_ln58_499" [firmware/nnet_utils/nnet_dense_latency.h:58]   --->   Operation 1837 'sext' 'sext_ln58_632' <Predicate = true> <Delay = 0.00>
ST_3 : Operation 1838 [1/1] (1.91ns)   --->   "%add_ln58_500 = add i9 %sext_ln70_16, i9 %sext_ln17_115" [firmware/nnet_utils/nnet_dense_latency.h:58]   --->   Operation 1838 'add' 'add_ln58_500' <Predicate = true> <Delay = 1.91> <CoreInst = "Adder">   --->   Core 1 'Adder' <Latency = 0> <II = 1> <Delay = 1.91> <FuncUnit> <Opcode : 'add' 'sub'> <InPorts = 2> <OutPorts = 1>
ST_3 : Operation 1839 [1/1] (0.00ns)   --->   "%sext_ln58_633 = sext i9 %add_ln58_500" [firmware/nnet_utils/nnet_dense_latency.h:58]   --->   Operation 1839 'sext' 'sext_ln58_633' <Predicate = true> <Delay = 0.00>
ST_3 : Operation 1840 [1/1] (1.82ns)   --->   "%add_ln58_501 = add i10 %sext_ln58_535, i10 %sext_ln58_633" [firmware/nnet_utils/nnet_dense_latency.h:58]   --->   Operation 1840 'add' 'add_ln58_501' <Predicate = true> <Delay = 1.82> <CoreInst = "Adder">   --->   Core 1 'Adder' <Latency = 0> <II = 1> <Delay = 1.82> <FuncUnit> <Opcode : 'add' 'sub'> <InPorts = 2> <OutPorts = 1>
ST_3 : Operation 1841 [1/1] (0.00ns)   --->   "%sext_ln58_634 = sext i10 %add_ln58_501" [firmware/nnet_utils/nnet_dense_latency.h:58]   --->   Operation 1841 'sext' 'sext_ln58_634' <Predicate = true> <Delay = 0.00>
ST_3 : Operation 1842 [1/1] (1.73ns)   --->   "%add_ln58_502 = add i11 %sext_ln58_634, i11 %sext_ln58_632" [firmware/nnet_utils/nnet_dense_latency.h:58]   --->   Operation 1842 'add' 'add_ln58_502' <Predicate = true> <Delay = 1.73> <CoreInst = "Adder">   --->   Core 1 'Adder' <Latency = 0> <II = 1> <Delay = 1.73> <FuncUnit> <Opcode : 'add' 'sub'> <InPorts = 2> <OutPorts = 1>
ST_3 : Operation 1843 [1/1] (0.00ns)   --->   "%sext_ln58_635 = sext i11 %add_ln58_502" [firmware/nnet_utils/nnet_dense_latency.h:58]   --->   Operation 1843 'sext' 'sext_ln58_635' <Predicate = true> <Delay = 0.00>
ST_3 : Operation 1844 [1/1] (3.81ns) (root node of TernaryAdder)   --->   "%add_ln58_503 = add i13 %sext_ln58_635, i13 %add_ln58_498" [firmware/nnet_utils/nnet_dense_latency.h:58]   --->   Operation 1844 'add' 'add_ln58_503' <Predicate = true> <Delay = 3.81> <CoreInst = "TAddSub">   --->   Core 10 'TAddSub' <Latency = 0> <II = 1> <Delay = 1.92> <IPBlock> <Opcode : 'add' 'sub'> <InPorts = 3> <OutPorts = 1> <Sync> <CReg>
ST_3 : Operation 1845 [1/1] (0.00ns)   --->   "%sext_ln58_138 = sext i13 %add_ln58_503" [firmware/nnet_utils/nnet_dense_latency.h:58]   --->   Operation 1845 'sext' 'sext_ln58_138' <Predicate = true> <Delay = 0.00>
ST_3 : Operation 1846 [1/1] (1.82ns)   --->   "%sub_ln58_232 = sub i10 %sext_ln17_123, i10 %sext_ln17_113" [firmware/nnet_utils/nnet_dense_latency.h:58]   --->   Operation 1846 'sub' 'sub_ln58_232' <Predicate = true> <Delay = 1.82> <CoreInst = "Adder">   --->   Core 1 'Adder' <Latency = 0> <II = 1> <Delay = 1.82> <FuncUnit> <Opcode : 'add' 'sub'> <InPorts = 2> <OutPorts = 1>
ST_3 : Operation 1847 [1/1] (0.00ns)   --->   "%sext_ln58_638 = sext i10 %sub_ln58_232" [firmware/nnet_utils/nnet_dense_latency.h:58]   --->   Operation 1847 'sext' 'sext_ln58_638' <Predicate = true> <Delay = 0.00>
ST_3 : Operation 1848 [1/1] (1.82ns)   --->   "%sub_ln58_233 = sub i10 %sext_ln58_607, i10 %sext_ln58_510" [firmware/nnet_utils/nnet_dense_latency.h:58]   --->   Operation 1848 'sub' 'sub_ln58_233' <Predicate = true> <Delay = 1.82> <CoreInst = "Adder">   --->   Core 1 'Adder' <Latency = 0> <II = 1> <Delay = 1.82> <FuncUnit> <Opcode : 'add' 'sub'> <InPorts = 2> <OutPorts = 1>
ST_3 : Operation 1849 [1/1] (0.00ns)   --->   "%sext_ln58_639 = sext i10 %sub_ln58_233" [firmware/nnet_utils/nnet_dense_latency.h:58]   --->   Operation 1849 'sext' 'sext_ln58_639' <Predicate = true> <Delay = 0.00>
ST_3 : Operation 1850 [1/1] (1.73ns)   --->   "%add_ln58_505 = add i11 %sext_ln58_639, i11 %sext_ln58_638" [firmware/nnet_utils/nnet_dense_latency.h:58]   --->   Operation 1850 'add' 'add_ln58_505' <Predicate = true> <Delay = 1.73> <CoreInst = "Adder">   --->   Core 1 'Adder' <Latency = 0> <II = 1> <Delay = 1.73> <FuncUnit> <Opcode : 'add' 'sub'> <InPorts = 2> <OutPorts = 1>
ST_3 : Operation 1851 [1/1] (0.00ns)   --->   "%sext_ln58_640 = sext i11 %add_ln58_505" [firmware/nnet_utils/nnet_dense_latency.h:58]   --->   Operation 1851 'sext' 'sext_ln58_640' <Predicate = true> <Delay = 0.00>
ST_3 : Operation 1852 [1/1] (0.00ns) (grouped into TernaryAdder)   --->   "%add_ln58_506 = add i13 %sext_ln58_640, i13 %add_ln58_504" [firmware/nnet_utils/nnet_dense_latency.h:58]   --->   Operation 1852 'add' 'add_ln58_506' <Predicate = true> <Delay = 0.00> <CoreInst = "TAddSub">   --->   Core 10 'TAddSub' <Latency = 0> <II = 1> <Delay = 1.92> <IPBlock> <Opcode : 'add' 'sub'> <InPorts = 3> <OutPorts = 1> <Sync> <CReg>
ST_3 : Operation 1853 [1/1] (1.82ns)   --->   "%add_ln58_507 = add i10 %sext_ln58_422, i10 %sext_ln58_271" [firmware/nnet_utils/nnet_dense_latency.h:58]   --->   Operation 1853 'add' 'add_ln58_507' <Predicate = true> <Delay = 1.82> <CoreInst = "Adder">   --->   Core 1 'Adder' <Latency = 0> <II = 1> <Delay = 1.82> <FuncUnit> <Opcode : 'add' 'sub'> <InPorts = 2> <OutPorts = 1>
ST_3 : Operation 1854 [1/1] (0.00ns)   --->   "%sext_ln58_641 = sext i10 %add_ln58_507" [firmware/nnet_utils/nnet_dense_latency.h:58]   --->   Operation 1854 'sext' 'sext_ln58_641' <Predicate = true> <Delay = 0.00>
ST_3 : Operation 1855 [1/1] (1.91ns)   --->   "%add_ln58_508 = add i9 %sext_ln70_15, i9 %sext_ln73_17" [firmware/nnet_utils/nnet_dense_latency.h:58]   --->   Operation 1855 'add' 'add_ln58_508' <Predicate = true> <Delay = 1.91> <CoreInst = "Adder">   --->   Core 1 'Adder' <Latency = 0> <II = 1> <Delay = 1.91> <FuncUnit> <Opcode : 'add' 'sub'> <InPorts = 2> <OutPorts = 1>
ST_3 : Operation 1856 [1/1] (0.00ns)   --->   "%sext_ln58_642 = sext i9 %add_ln58_508" [firmware/nnet_utils/nnet_dense_latency.h:58]   --->   Operation 1856 'sext' 'sext_ln58_642' <Predicate = true> <Delay = 0.00>
ST_3 : Operation 1857 [1/1] (1.91ns)   --->   "%add_ln58_509 = add i9 %sext_ln17_114, i9 %sext_ln17_134" [firmware/nnet_utils/nnet_dense_latency.h:58]   --->   Operation 1857 'add' 'add_ln58_509' <Predicate = true> <Delay = 1.91> <CoreInst = "Adder">   --->   Core 1 'Adder' <Latency = 0> <II = 1> <Delay = 1.91> <FuncUnit> <Opcode : 'add' 'sub'> <InPorts = 2> <OutPorts = 1>
ST_3 : Operation 1858 [1/1] (0.00ns)   --->   "%sext_ln58_643 = sext i9 %add_ln58_509" [firmware/nnet_utils/nnet_dense_latency.h:58]   --->   Operation 1858 'sext' 'sext_ln58_643' <Predicate = true> <Delay = 0.00>
ST_3 : Operation 1859 [1/1] (1.82ns)   --->   "%add_ln58_510 = add i10 %sext_ln58_643, i10 %sext_ln17_112" [firmware/nnet_utils/nnet_dense_latency.h:58]   --->   Operation 1859 'add' 'add_ln58_510' <Predicate = true> <Delay = 1.82> <CoreInst = "Adder">   --->   Core 1 'Adder' <Latency = 0> <II = 1> <Delay = 1.82> <FuncUnit> <Opcode : 'add' 'sub'> <InPorts = 2> <OutPorts = 1>
ST_3 : Operation 1860 [1/1] (0.00ns)   --->   "%sext_ln58_644 = sext i10 %add_ln58_510" [firmware/nnet_utils/nnet_dense_latency.h:58]   --->   Operation 1860 'sext' 'sext_ln58_644' <Predicate = true> <Delay = 0.00>
ST_3 : Operation 1861 [1/1] (1.73ns)   --->   "%add_ln58_511 = add i11 %sext_ln58_644, i11 %sext_ln58_642" [firmware/nnet_utils/nnet_dense_latency.h:58]   --->   Operation 1861 'add' 'add_ln58_511' <Predicate = true> <Delay = 1.73> <CoreInst = "Adder">   --->   Core 1 'Adder' <Latency = 0> <II = 1> <Delay = 1.73> <FuncUnit> <Opcode : 'add' 'sub'> <InPorts = 2> <OutPorts = 1>
ST_3 : Operation 1862 [1/1] (0.00ns)   --->   "%sext_ln58_645 = sext i11 %add_ln58_511" [firmware/nnet_utils/nnet_dense_latency.h:58]   --->   Operation 1862 'sext' 'sext_ln58_645' <Predicate = true> <Delay = 0.00>
ST_3 : Operation 1863 [1/1] (1.63ns)   --->   "%add_ln58_512 = add i12 %sext_ln58_645, i12 %sext_ln58_641" [firmware/nnet_utils/nnet_dense_latency.h:58]   --->   Operation 1863 'add' 'add_ln58_512' <Predicate = true> <Delay = 1.63> <CoreInst = "Adder">   --->   Core 1 'Adder' <Latency = 0> <II = 1> <Delay = 1.63> <FuncUnit> <Opcode : 'add' 'sub'> <InPorts = 2> <OutPorts = 1>
ST_3 : Operation 1864 [1/1] (0.00ns)   --->   "%sext_ln58_646 = sext i12 %add_ln58_512" [firmware/nnet_utils/nnet_dense_latency.h:58]   --->   Operation 1864 'sext' 'sext_ln58_646' <Predicate = true> <Delay = 0.00>
ST_3 : Operation 1865 [1/1] (3.81ns) (root node of TernaryAdder)   --->   "%add_ln58_513 = add i13 %sext_ln58_646, i13 %add_ln58_506" [firmware/nnet_utils/nnet_dense_latency.h:58]   --->   Operation 1865 'add' 'add_ln58_513' <Predicate = true> <Delay = 3.81> <CoreInst = "TAddSub">   --->   Core 10 'TAddSub' <Latency = 0> <II = 1> <Delay = 1.92> <IPBlock> <Opcode : 'add' 'sub'> <InPorts = 3> <OutPorts = 1> <Sync> <CReg>
ST_3 : Operation 1866 [1/1] (0.00ns) (grouped into TernaryAdder)   --->   "%add_ln58_514 = add i14 %sub_ln58_154, i14 %sext_ln17_125" [firmware/nnet_utils/nnet_dense_latency.h:58]   --->   Operation 1866 'add' 'add_ln58_514' <Predicate = true> <Delay = 0.00> <CoreInst = "TAddSub">   --->   Core 10 'TAddSub' <Latency = 0> <II = 1> <Delay = 1.92> <IPBlock> <Opcode : 'add' 'sub'> <InPorts = 3> <OutPorts = 1> <Sync> <CReg>
ST_3 : Operation 1867 [1/1] (1.91ns)   --->   "%add_ln58_515 = add i9 %sext_ln17_137, i9 %sext_ln17_147" [firmware/nnet_utils/nnet_dense_latency.h:58]   --->   Operation 1867 'add' 'add_ln58_515' <Predicate = true> <Delay = 1.91> <CoreInst = "Adder">   --->   Core 1 'Adder' <Latency = 0> <II = 1> <Delay = 1.91> <FuncUnit> <Opcode : 'add' 'sub'> <InPorts = 2> <OutPorts = 1>
ST_3 : Operation 1868 [1/1] (0.00ns)   --->   "%sext_ln58_647 = sext i9 %add_ln58_515" [firmware/nnet_utils/nnet_dense_latency.h:58]   --->   Operation 1868 'sext' 'sext_ln58_647' <Predicate = true> <Delay = 0.00>
ST_3 : Operation 1869 [1/1] (1.82ns)   --->   "%add_ln58_516 = add i10 %sext_ln58_647, i10 %sext_ln17_132" [firmware/nnet_utils/nnet_dense_latency.h:58]   --->   Operation 1869 'add' 'add_ln58_516' <Predicate = true> <Delay = 1.82> <CoreInst = "Adder">   --->   Core 1 'Adder' <Latency = 0> <II = 1> <Delay = 1.82> <FuncUnit> <Opcode : 'add' 'sub'> <InPorts = 2> <OutPorts = 1>
ST_3 : Operation 1870 [1/1] (0.00ns)   --->   "%sext_ln58_648 = sext i10 %add_ln58_516" [firmware/nnet_utils/nnet_dense_latency.h:58]   --->   Operation 1870 'sext' 'sext_ln58_648' <Predicate = true> <Delay = 0.00>
ST_3 : Operation 1871 [1/1] (3.84ns) (root node of TernaryAdder)   --->   "%add_ln58_517 = add i14 %sext_ln58_648, i14 %add_ln58_514" [firmware/nnet_utils/nnet_dense_latency.h:58]   --->   Operation 1871 'add' 'add_ln58_517' <Predicate = true> <Delay = 3.84> <CoreInst = "TAddSub">   --->   Core 10 'TAddSub' <Latency = 0> <II = 1> <Delay = 1.92> <IPBlock> <Opcode : 'add' 'sub'> <InPorts = 3> <OutPorts = 1> <Sync> <CReg>
ST_3 : Operation 1872 [1/1] (0.00ns)   --->   "%sext_ln58_140 = sext i14 %add_ln58_517" [firmware/nnet_utils/nnet_dense_latency.h:58]   --->   Operation 1872 'sext' 'sext_ln58_140' <Predicate = true> <Delay = 0.00>
ST_3 : Operation 1873 [1/1] (0.00ns)   --->   "%sext_ln58_655 = sext i10 %add_ln58_524" [firmware/nnet_utils/nnet_dense_latency.h:58]   --->   Operation 1873 'sext' 'sext_ln58_655' <Predicate = true> <Delay = 0.00>
ST_3 : Operation 1874 [1/1] (0.00ns) (grouped into TernaryAdder)   --->   "%add_ln58_525 = add i13 %sext_ln58_655, i13 %add_ln58_523" [firmware/nnet_utils/nnet_dense_latency.h:58]   --->   Operation 1874 'add' 'add_ln58_525' <Predicate = true> <Delay = 0.00> <CoreInst = "TAddSub">   --->   Core 10 'TAddSub' <Latency = 0> <II = 1> <Delay = 1.92> <IPBlock> <Opcode : 'add' 'sub'> <InPorts = 3> <OutPorts = 1> <Sync> <CReg>
ST_3 : Operation 1875 [1/1] (1.82ns)   --->   "%add_ln58_526 = add i10 %sext_ln58_369, i10 %sext_ln58_587" [firmware/nnet_utils/nnet_dense_latency.h:58]   --->   Operation 1875 'add' 'add_ln58_526' <Predicate = true> <Delay = 1.82> <CoreInst = "Adder">   --->   Core 1 'Adder' <Latency = 0> <II = 1> <Delay = 1.82> <FuncUnit> <Opcode : 'add' 'sub'> <InPorts = 2> <OutPorts = 1>
ST_3 : Operation 1876 [1/1] (0.00ns)   --->   "%sext_ln58_656 = sext i10 %add_ln58_526" [firmware/nnet_utils/nnet_dense_latency.h:58]   --->   Operation 1876 'sext' 'sext_ln58_656' <Predicate = true> <Delay = 0.00>
ST_3 : Operation 1877 [1/1] (0.00ns)   --->   "%sext_ln58_657 = sext i9 %add_ln58_300" [firmware/nnet_utils/nnet_dense_latency.h:58]   --->   Operation 1877 'sext' 'sext_ln58_657' <Predicate = true> <Delay = 0.00>
ST_3 : Operation 1878 [1/1] (1.91ns)   --->   "%add_ln58_527 = add i9 %sext_ln17_137, i9 %sext_ln70_26" [firmware/nnet_utils/nnet_dense_latency.h:58]   --->   Operation 1878 'add' 'add_ln58_527' <Predicate = true> <Delay = 1.91> <CoreInst = "Adder">   --->   Core 1 'Adder' <Latency = 0> <II = 1> <Delay = 1.91> <FuncUnit> <Opcode : 'add' 'sub'> <InPorts = 2> <OutPorts = 1>
ST_3 : Operation 1879 [1/1] (0.00ns)   --->   "%sext_ln58_658 = sext i9 %add_ln58_527" [firmware/nnet_utils/nnet_dense_latency.h:58]   --->   Operation 1879 'sext' 'sext_ln58_658' <Predicate = true> <Delay = 0.00>
ST_3 : Operation 1880 [1/1] (1.82ns)   --->   "%add_ln58_528 = add i10 %sext_ln58_658, i10 %sext_ln17_133" [firmware/nnet_utils/nnet_dense_latency.h:58]   --->   Operation 1880 'add' 'add_ln58_528' <Predicate = true> <Delay = 1.82> <CoreInst = "Adder">   --->   Core 1 'Adder' <Latency = 0> <II = 1> <Delay = 1.82> <FuncUnit> <Opcode : 'add' 'sub'> <InPorts = 2> <OutPorts = 1>
ST_3 : Operation 1881 [1/1] (0.00ns)   --->   "%sext_ln58_659 = sext i10 %add_ln58_528" [firmware/nnet_utils/nnet_dense_latency.h:58]   --->   Operation 1881 'sext' 'sext_ln58_659' <Predicate = true> <Delay = 0.00>
ST_3 : Operation 1882 [1/1] (1.73ns)   --->   "%add_ln58_529 = add i11 %sext_ln58_659, i11 %sext_ln58_657" [firmware/nnet_utils/nnet_dense_latency.h:58]   --->   Operation 1882 'add' 'add_ln58_529' <Predicate = true> <Delay = 1.73> <CoreInst = "Adder">   --->   Core 1 'Adder' <Latency = 0> <II = 1> <Delay = 1.73> <FuncUnit> <Opcode : 'add' 'sub'> <InPorts = 2> <OutPorts = 1>
ST_3 : Operation 1883 [1/1] (0.00ns)   --->   "%sext_ln58_660 = sext i11 %add_ln58_529" [firmware/nnet_utils/nnet_dense_latency.h:58]   --->   Operation 1883 'sext' 'sext_ln58_660' <Predicate = true> <Delay = 0.00>
ST_3 : Operation 1884 [1/1] (1.63ns)   --->   "%add_ln58_530 = add i12 %sext_ln58_660, i12 %sext_ln58_656" [firmware/nnet_utils/nnet_dense_latency.h:58]   --->   Operation 1884 'add' 'add_ln58_530' <Predicate = true> <Delay = 1.63> <CoreInst = "Adder">   --->   Core 1 'Adder' <Latency = 0> <II = 1> <Delay = 1.63> <FuncUnit> <Opcode : 'add' 'sub'> <InPorts = 2> <OutPorts = 1>
ST_3 : Operation 1885 [1/1] (0.00ns)   --->   "%sext_ln58_661 = sext i12 %add_ln58_530" [firmware/nnet_utils/nnet_dense_latency.h:58]   --->   Operation 1885 'sext' 'sext_ln58_661' <Predicate = true> <Delay = 0.00>
ST_3 : Operation 1886 [1/1] (3.81ns) (root node of TernaryAdder)   --->   "%add_ln58_531 = add i13 %sext_ln58_661, i13 %add_ln58_525" [firmware/nnet_utils/nnet_dense_latency.h:58]   --->   Operation 1886 'add' 'add_ln58_531' <Predicate = true> <Delay = 3.81> <CoreInst = "TAddSub">   --->   Core 10 'TAddSub' <Latency = 0> <II = 1> <Delay = 1.92> <IPBlock> <Opcode : 'add' 'sub'> <InPorts = 3> <OutPorts = 1> <Sync> <CReg>
ST_3 : Operation 1887 [1/1] (0.00ns)   --->   "%sext_ln58_142 = sext i13 %add_ln58_531" [firmware/nnet_utils/nnet_dense_latency.h:58]   --->   Operation 1887 'sext' 'sext_ln58_142' <Predicate = true> <Delay = 0.00>
ST_3 : Operation 1888 [1/1] (1.91ns)   --->   "%sub_ln58_237 = sub i9 %sext_ln17_147, i9 %sext_ln70_28" [firmware/nnet_utils/nnet_dense_latency.h:58]   --->   Operation 1888 'sub' 'sub_ln58_237' <Predicate = true> <Delay = 1.91> <CoreInst = "Adder">   --->   Core 1 'Adder' <Latency = 0> <II = 1> <Delay = 1.91> <FuncUnit> <Opcode : 'add' 'sub'> <InPorts = 2> <OutPorts = 1>
ST_3 : Operation 1889 [1/1] (0.00ns)   --->   "%sext_ln58_662 = sext i9 %sub_ln58_237" [firmware/nnet_utils/nnet_dense_latency.h:58]   --->   Operation 1889 'sext' 'sext_ln58_662' <Predicate = true> <Delay = 0.00>
ST_3 : Operation 1890 [1/1] (1.67ns)   --->   "%add_ln58_532 = add i14 %sext_ln58_662, i14 %sext_ln58_142" [firmware/nnet_utils/nnet_dense_latency.h:58]   --->   Operation 1890 'add' 'add_ln58_532' <Predicate = true> <Delay = 1.67> <CoreInst = "Adder">   --->   Core 1 'Adder' <Latency = 0> <II = 1> <Delay = 1.67> <FuncUnit> <Opcode : 'add' 'sub'> <InPorts = 2> <OutPorts = 1>
ST_3 : Operation 1891 [1/1] (0.00ns)   --->   "%sext_ln58_143 = sext i14 %add_ln58_532" [firmware/nnet_utils/nnet_dense_latency.h:58]   --->   Operation 1891 'sext' 'sext_ln58_143' <Predicate = true> <Delay = 0.00>
ST_3 : Operation 1892 [1/1] (0.00ns)   --->   "%sext_ln58_663 = sext i13 %add_ln58_400" [firmware/nnet_utils/nnet_dense_latency.h:58]   --->   Operation 1892 'sext' 'sext_ln58_663' <Predicate = true> <Delay = 0.00>
ST_3 : Operation 1893 [1/1] (1.67ns)   --->   "%sub_ln58_238 = sub i14 %sext_ln58_663, i14 %sext_ln17_150" [firmware/nnet_utils/nnet_dense_latency.h:58]   --->   Operation 1893 'sub' 'sub_ln58_238' <Predicate = true> <Delay = 1.67> <CoreInst = "Adder">   --->   Core 1 'Adder' <Latency = 0> <II = 1> <Delay = 1.67> <FuncUnit> <Opcode : 'add' 'sub'> <InPorts = 2> <OutPorts = 1>
ST_3 : Operation 1894 [1/1] (0.00ns)   --->   "%sext_ln58_144 = sext i14 %sub_ln58_238" [firmware/nnet_utils/nnet_dense_latency.h:58]   --->   Operation 1894 'sext' 'sext_ln58_144' <Predicate = true> <Delay = 0.00>
ST_3 : Operation 1895 [1/1] (0.00ns) (grouped into TernaryAdder)   --->   "%add_ln58_533 = add i14 %sub_ln58_177, i14 %sext_ln17_142" [firmware/nnet_utils/nnet_dense_latency.h:58]   --->   Operation 1895 'add' 'add_ln58_533' <Predicate = true> <Delay = 0.00> <CoreInst = "TAddSub">   --->   Core 10 'TAddSub' <Latency = 0> <II = 1> <Delay = 1.92> <IPBlock> <Opcode : 'add' 'sub'> <InPorts = 3> <OutPorts = 1> <Sync> <CReg>
ST_3 : Operation 1896 [1/1] (1.91ns)   --->   "%add_ln58_534 = add i9 %sext_ln17_147, i9 %sext_ln70_28" [firmware/nnet_utils/nnet_dense_latency.h:58]   --->   Operation 1896 'add' 'add_ln58_534' <Predicate = true> <Delay = 1.91> <CoreInst = "Adder">   --->   Core 1 'Adder' <Latency = 0> <II = 1> <Delay = 1.91> <FuncUnit> <Opcode : 'add' 'sub'> <InPorts = 2> <OutPorts = 1>
ST_3 : Operation 1897 [1/1] (0.00ns)   --->   "%sext_ln58_664 = sext i9 %add_ln58_534" [firmware/nnet_utils/nnet_dense_latency.h:58]   --->   Operation 1897 'sext' 'sext_ln58_664' <Predicate = true> <Delay = 0.00>
ST_3 : Operation 1898 [1/1] (1.82ns)   --->   "%add_ln58_535 = add i10 %sext_ln58_664, i10 %sext_ln17_145" [firmware/nnet_utils/nnet_dense_latency.h:58]   --->   Operation 1898 'add' 'add_ln58_535' <Predicate = true> <Delay = 1.82> <CoreInst = "Adder">   --->   Core 1 'Adder' <Latency = 0> <II = 1> <Delay = 1.82> <FuncUnit> <Opcode : 'add' 'sub'> <InPorts = 2> <OutPorts = 1>
ST_3 : Operation 1899 [1/1] (0.00ns)   --->   "%sext_ln58_665 = sext i10 %add_ln58_535" [firmware/nnet_utils/nnet_dense_latency.h:58]   --->   Operation 1899 'sext' 'sext_ln58_665' <Predicate = true> <Delay = 0.00>
ST_3 : Operation 1900 [1/1] (3.84ns) (root node of TernaryAdder)   --->   "%add_ln58_536 = add i14 %sext_ln58_665, i14 %add_ln58_533" [firmware/nnet_utils/nnet_dense_latency.h:58]   --->   Operation 1900 'add' 'add_ln58_536' <Predicate = true> <Delay = 3.84> <CoreInst = "TAddSub">   --->   Core 10 'TAddSub' <Latency = 0> <II = 1> <Delay = 1.92> <IPBlock> <Opcode : 'add' 'sub'> <InPorts = 3> <OutPorts = 1> <Sync> <CReg>
ST_3 : Operation 1901 [1/1] (0.00ns)   --->   "%sext_ln58_145 = sext i14 %add_ln58_536" [firmware/nnet_utils/nnet_dense_latency.h:58]   --->   Operation 1901 'sext' 'sext_ln58_145' <Predicate = true> <Delay = 0.00>
ST_3 : Operation 1902 [1/1] (0.00ns)   --->   "%sext_ln58_147 = sext i13 %add_ln58_548" [firmware/nnet_utils/nnet_dense_latency.h:58]   --->   Operation 1902 'sext' 'sext_ln58_147' <Predicate = true> <Delay = 0.00>
ST_3 : Operation 1903 [1/1] (0.00ns)   --->   "%sext_ln58_679 = sext i9 %mult_55" [firmware/nnet_utils/nnet_dense_latency.h:58]   --->   Operation 1903 'sext' 'sext_ln58_679' <Predicate = true> <Delay = 0.00>
ST_3 : Operation 1904 [1/1] (1.82ns)   --->   "%sub_ln58_243 = sub i10 %sext_ln58_679, i10 %sext_ln58_435" [firmware/nnet_utils/nnet_dense_latency.h:58]   --->   Operation 1904 'sub' 'sub_ln58_243' <Predicate = true> <Delay = 1.82> <CoreInst = "Adder">   --->   Core 1 'Adder' <Latency = 0> <II = 1> <Delay = 1.82> <FuncUnit> <Opcode : 'add' 'sub'> <InPorts = 2> <OutPorts = 1>
ST_3 : Operation 1905 [1/1] (0.00ns)   --->   "%sext_ln58_680 = sext i10 %sub_ln58_243" [firmware/nnet_utils/nnet_dense_latency.h:58]   --->   Operation 1905 'sext' 'sext_ln58_680' <Predicate = true> <Delay = 0.00>
ST_3 : Operation 1906 [1/1] (1.67ns)   --->   "%add_ln58_549 = add i14 %sext_ln58_680, i14 %sext_ln58_147" [firmware/nnet_utils/nnet_dense_latency.h:58]   --->   Operation 1906 'add' 'add_ln58_549' <Predicate = true> <Delay = 1.67> <CoreInst = "Adder">   --->   Core 1 'Adder' <Latency = 0> <II = 1> <Delay = 1.67> <FuncUnit> <Opcode : 'add' 'sub'> <InPorts = 2> <OutPorts = 1>
ST_3 : Operation 1907 [1/1] (0.00ns)   --->   "%sext_ln58_681 = sext i8 %data_62_val_read" [firmware/nnet_utils/nnet_dense_latency.h:58]   --->   Operation 1907 'sext' 'sext_ln58_681' <Predicate = true> <Delay = 0.00>
ST_3 : Operation 1908 [1/1] (0.00ns)   --->   "%sext_ln58_682 = sext i9 %mult_80" [firmware/nnet_utils/nnet_dense_latency.h:58]   --->   Operation 1908 'sext' 'sext_ln58_682' <Predicate = true> <Delay = 0.00>
ST_3 : Operation 1909 [1/1] (0.00ns) (grouped into TernaryAdder)   --->   "%sub_ln58_244 = sub i10 %sext_ln58_682, i10 %sext_ln58_681" [firmware/nnet_utils/nnet_dense_latency.h:58]   --->   Operation 1909 'sub' 'sub_ln58_244' <Predicate = true> <Delay = 0.00> <CoreInst = "TAddSub">   --->   Core 10 'TAddSub' <Latency = 0> <II = 1> <Delay = 1.92> <IPBlock> <Opcode : 'add' 'sub'> <InPorts = 3> <OutPorts = 1> <Sync> <CReg>
ST_3 : Operation 1910 [1/1] (3.72ns) (root node of TernaryAdder)   --->   "%add_ln58_550 = add i10 %sub_ln58_244, i10 %sext_ln17_128" [firmware/nnet_utils/nnet_dense_latency.h:58]   --->   Operation 1910 'add' 'add_ln58_550' <Predicate = true> <Delay = 3.72> <CoreInst = "TAddSub">   --->   Core 10 'TAddSub' <Latency = 0> <II = 1> <Delay = 1.92> <IPBlock> <Opcode : 'add' 'sub'> <InPorts = 3> <OutPorts = 1> <Sync> <CReg>
ST_3 : Operation 1911 [1/1] (0.00ns)   --->   "%sext_ln58_683 = sext i10 %add_ln58_550" [firmware/nnet_utils/nnet_dense_latency.h:58]   --->   Operation 1911 'sext' 'sext_ln58_683' <Predicate = true> <Delay = 0.00>
ST_3 : Operation 1912 [1/1] (0.00ns) (grouped into TernaryAdder)   --->   "%add_ln58_551 = add i14 %sext_ln58_683, i14 %add_ln58_549" [firmware/nnet_utils/nnet_dense_latency.h:58]   --->   Operation 1912 'add' 'add_ln58_551' <Predicate = true> <Delay = 0.00> <CoreInst = "TAddSub">   --->   Core 10 'TAddSub' <Latency = 0> <II = 1> <Delay = 1.92> <IPBlock> <Opcode : 'add' 'sub'> <InPorts = 3> <OutPorts = 1> <Sync> <CReg>
ST_3 : Operation 1913 [1/1] (1.82ns)   --->   "%add_ln58_552 = add i10 %sext_ln58_487, i10 %sext_ln17_109" [firmware/nnet_utils/nnet_dense_latency.h:58]   --->   Operation 1913 'add' 'add_ln58_552' <Predicate = true> <Delay = 1.82> <CoreInst = "Adder">   --->   Core 1 'Adder' <Latency = 0> <II = 1> <Delay = 1.82> <FuncUnit> <Opcode : 'add' 'sub'> <InPorts = 2> <OutPorts = 1>
ST_3 : Operation 1914 [1/1] (0.00ns)   --->   "%sext_ln58_684 = sext i10 %add_ln58_552" [firmware/nnet_utils/nnet_dense_latency.h:58]   --->   Operation 1914 'sext' 'sext_ln58_684' <Predicate = true> <Delay = 0.00>
ST_3 : Operation 1915 [1/1] (1.82ns)   --->   "%add_ln58_553 = add i10 %sext_ln58_513, i10 %sext_ln17_118" [firmware/nnet_utils/nnet_dense_latency.h:58]   --->   Operation 1915 'add' 'add_ln58_553' <Predicate = true> <Delay = 1.82> <CoreInst = "Adder">   --->   Core 1 'Adder' <Latency = 0> <II = 1> <Delay = 1.82> <FuncUnit> <Opcode : 'add' 'sub'> <InPorts = 2> <OutPorts = 1>
ST_3 : Operation 1916 [1/1] (0.00ns)   --->   "%sext_ln58_685 = sext i10 %add_ln58_553" [firmware/nnet_utils/nnet_dense_latency.h:58]   --->   Operation 1916 'sext' 'sext_ln58_685' <Predicate = true> <Delay = 0.00>
ST_3 : Operation 1917 [1/1] (1.73ns)   --->   "%add_ln58_554 = add i11 %sext_ln58_685, i11 %sext_ln58_684" [firmware/nnet_utils/nnet_dense_latency.h:58]   --->   Operation 1917 'add' 'add_ln58_554' <Predicate = true> <Delay = 1.73> <CoreInst = "Adder">   --->   Core 1 'Adder' <Latency = 0> <II = 1> <Delay = 1.73> <FuncUnit> <Opcode : 'add' 'sub'> <InPorts = 2> <OutPorts = 1>
ST_3 : Operation 1918 [1/1] (0.00ns)   --->   "%sext_ln58_686 = sext i11 %add_ln58_554" [firmware/nnet_utils/nnet_dense_latency.h:58]   --->   Operation 1918 'sext' 'sext_ln58_686' <Predicate = true> <Delay = 0.00>
ST_3 : Operation 1919 [1/1] (3.84ns) (root node of TernaryAdder)   --->   "%add_ln58_555 = add i14 %sext_ln58_686, i14 %add_ln58_551" [firmware/nnet_utils/nnet_dense_latency.h:58]   --->   Operation 1919 'add' 'add_ln58_555' <Predicate = true> <Delay = 3.84> <CoreInst = "TAddSub">   --->   Core 10 'TAddSub' <Latency = 0> <II = 1> <Delay = 1.92> <IPBlock> <Opcode : 'add' 'sub'> <InPorts = 3> <OutPorts = 1> <Sync> <CReg>
ST_3 : Operation 1920 [1/1] (0.00ns)   --->   "%sext_ln58_148 = sext i14 %add_ln58_555" [firmware/nnet_utils/nnet_dense_latency.h:58]   --->   Operation 1920 'sext' 'sext_ln58_148' <Predicate = true> <Delay = 0.00>
ST_3 : Operation 1921 [1/1] (0.00ns)   --->   "%sext_ln58_687 = sext i8 %data_43_val_read" [firmware/nnet_utils/nnet_dense_latency.h:58]   --->   Operation 1921 'sext' 'sext_ln58_687' <Predicate = true> <Delay = 0.00>
ST_3 : Operation 1922 [1/1] (0.00ns)   --->   "%sext_ln58_688 = sext i12 %add_ln58_231" [firmware/nnet_utils/nnet_dense_latency.h:58]   --->   Operation 1922 'sext' 'sext_ln58_688' <Predicate = true> <Delay = 0.00>
ST_3 : Operation 1923 [1/1] (0.00ns) (grouped into TernaryAdder)   --->   "%sub_ln58_245 = sub i13 %sext_ln58_688, i13 %sext_ln58_687" [firmware/nnet_utils/nnet_dense_latency.h:58]   --->   Operation 1923 'sub' 'sub_ln58_245' <Predicate = true> <Delay = 0.00> <CoreInst = "TAddSub">   --->   Core 10 'TAddSub' <Latency = 0> <II = 1> <Delay = 1.92> <IPBlock> <Opcode : 'add' 'sub'> <InPorts = 3> <OutPorts = 1> <Sync> <CReg>
ST_3 : Operation 1924 [1/1] (1.82ns)   --->   "%sub_ln58_246 = sub i10 %sext_ln58_453, i10 %sext_ln58_418" [firmware/nnet_utils/nnet_dense_latency.h:58]   --->   Operation 1924 'sub' 'sub_ln58_246' <Predicate = true> <Delay = 1.82> <CoreInst = "Adder">   --->   Core 1 'Adder' <Latency = 0> <II = 1> <Delay = 1.82> <FuncUnit> <Opcode : 'add' 'sub'> <InPorts = 2> <OutPorts = 1>
ST_3 : Operation 1925 [1/1] (0.00ns)   --->   "%sext_ln58_689 = sext i10 %sub_ln58_246" [firmware/nnet_utils/nnet_dense_latency.h:58]   --->   Operation 1925 'sext' 'sext_ln58_689' <Predicate = true> <Delay = 0.00>
ST_3 : Operation 1926 [1/1] (3.81ns) (root node of TernaryAdder)   --->   "%add_ln58_556 = add i13 %sext_ln58_689, i13 %sub_ln58_245" [firmware/nnet_utils/nnet_dense_latency.h:58]   --->   Operation 1926 'add' 'add_ln58_556' <Predicate = true> <Delay = 3.81> <CoreInst = "TAddSub">   --->   Core 10 'TAddSub' <Latency = 0> <II = 1> <Delay = 1.92> <IPBlock> <Opcode : 'add' 'sub'> <InPorts = 3> <OutPorts = 1> <Sync> <CReg>
ST_3 : Operation 1927 [1/1] (1.82ns)   --->   "%sub_ln58_247 = sub i10 %sext_ln17_117, i10 %sext_ln17_113" [firmware/nnet_utils/nnet_dense_latency.h:58]   --->   Operation 1927 'sub' 'sub_ln58_247' <Predicate = true> <Delay = 1.82> <CoreInst = "Adder">   --->   Core 1 'Adder' <Latency = 0> <II = 1> <Delay = 1.82> <FuncUnit> <Opcode : 'add' 'sub'> <InPorts = 2> <OutPorts = 1>
ST_3 : Operation 1928 [1/1] (0.00ns)   --->   "%sext_ln58_690 = sext i10 %sub_ln58_247" [firmware/nnet_utils/nnet_dense_latency.h:58]   --->   Operation 1928 'sext' 'sext_ln58_690' <Predicate = true> <Delay = 0.00>
ST_3 : Operation 1929 [1/1] (1.82ns)   --->   "%sub_ln58_248 = sub i10 %sext_ln58_617, i10 %sext_ln17_127" [firmware/nnet_utils/nnet_dense_latency.h:58]   --->   Operation 1929 'sub' 'sub_ln58_248' <Predicate = true> <Delay = 1.82> <CoreInst = "Adder">   --->   Core 1 'Adder' <Latency = 0> <II = 1> <Delay = 1.82> <FuncUnit> <Opcode : 'add' 'sub'> <InPorts = 2> <OutPorts = 1>
ST_3 : Operation 1930 [1/1] (0.00ns)   --->   "%sext_ln58_691 = sext i10 %sub_ln58_248" [firmware/nnet_utils/nnet_dense_latency.h:58]   --->   Operation 1930 'sext' 'sext_ln58_691' <Predicate = true> <Delay = 0.00>
ST_3 : Operation 1931 [1/1] (1.73ns)   --->   "%add_ln58_557 = add i11 %sext_ln58_691, i11 %sext_ln58_690" [firmware/nnet_utils/nnet_dense_latency.h:58]   --->   Operation 1931 'add' 'add_ln58_557' <Predicate = true> <Delay = 1.73> <CoreInst = "Adder">   --->   Core 1 'Adder' <Latency = 0> <II = 1> <Delay = 1.73> <FuncUnit> <Opcode : 'add' 'sub'> <InPorts = 2> <OutPorts = 1>
ST_3 : Operation 1932 [1/1] (0.00ns)   --->   "%sext_ln58_692 = sext i11 %add_ln58_557" [firmware/nnet_utils/nnet_dense_latency.h:58]   --->   Operation 1932 'sext' 'sext_ln58_692' <Predicate = true> <Delay = 0.00>
ST_3 : Operation 1933 [1/1] (0.00ns) (grouped into TernaryAdder)   --->   "%add_ln58_558 = add i13 %sext_ln58_692, i13 %add_ln58_556" [firmware/nnet_utils/nnet_dense_latency.h:58]   --->   Operation 1933 'add' 'add_ln58_558' <Predicate = true> <Delay = 0.00> <CoreInst = "TAddSub">   --->   Core 10 'TAddSub' <Latency = 0> <II = 1> <Delay = 1.92> <IPBlock> <Opcode : 'add' 'sub'> <InPorts = 3> <OutPorts = 1> <Sync> <CReg>
ST_3 : Operation 1934 [1/1] (1.91ns)   --->   "%sub_ln58_249 = sub i9 %sext_ln17_102, i9 %sext_ln70_28" [firmware/nnet_utils/nnet_dense_latency.h:58]   --->   Operation 1934 'sub' 'sub_ln58_249' <Predicate = true> <Delay = 1.91> <CoreInst = "Adder">   --->   Core 1 'Adder' <Latency = 0> <II = 1> <Delay = 1.91> <FuncUnit> <Opcode : 'add' 'sub'> <InPorts = 2> <OutPorts = 1>
ST_3 : Operation 1935 [1/1] (0.00ns)   --->   "%sext_ln58_693 = sext i9 %sub_ln58_249" [firmware/nnet_utils/nnet_dense_latency.h:58]   --->   Operation 1935 'sext' 'sext_ln58_693' <Predicate = true> <Delay = 0.00>
ST_3 : Operation 1936 [1/1] (1.73ns)   --->   "%add_ln58_559 = add i10 %sext_ln58_693, i10 %sub_ln58_225" [firmware/nnet_utils/nnet_dense_latency.h:58]   --->   Operation 1936 'add' 'add_ln58_559' <Predicate = true> <Delay = 1.73> <CoreInst = "Adder">   --->   Core 1 'Adder' <Latency = 0> <II = 1> <Delay = 1.73> <FuncUnit> <Opcode : 'add' 'sub'> <InPorts = 2> <OutPorts = 1>
ST_3 : Operation 1937 [1/1] (0.00ns)   --->   "%sext_ln58_694 = sext i10 %add_ln58_559" [firmware/nnet_utils/nnet_dense_latency.h:58]   --->   Operation 1937 'sext' 'sext_ln58_694' <Predicate = true> <Delay = 0.00>
ST_3 : Operation 1938 [1/1] (1.91ns)   --->   "%add_ln58_560 = add i9 %sext_ln17_119, i9 %sext_ln70_21" [firmware/nnet_utils/nnet_dense_latency.h:58]   --->   Operation 1938 'add' 'add_ln58_560' <Predicate = true> <Delay = 1.91> <CoreInst = "Adder">   --->   Core 1 'Adder' <Latency = 0> <II = 1> <Delay = 1.91> <FuncUnit> <Opcode : 'add' 'sub'> <InPorts = 2> <OutPorts = 1>
ST_3 : Operation 1939 [1/1] (0.00ns)   --->   "%sext_ln58_695 = sext i9 %add_ln58_560" [firmware/nnet_utils/nnet_dense_latency.h:58]   --->   Operation 1939 'sext' 'sext_ln58_695' <Predicate = true> <Delay = 0.00>
ST_3 : Operation 1940 [1/1] (1.82ns)   --->   "%add_ln58_561 = add i10 %sext_ln58_695, i10 %sext_ln58_522" [firmware/nnet_utils/nnet_dense_latency.h:58]   --->   Operation 1940 'add' 'add_ln58_561' <Predicate = true> <Delay = 1.82> <CoreInst = "Adder">   --->   Core 1 'Adder' <Latency = 0> <II = 1> <Delay = 1.82> <FuncUnit> <Opcode : 'add' 'sub'> <InPorts = 2> <OutPorts = 1>
ST_3 : Operation 1941 [1/1] (0.00ns)   --->   "%sext_ln58_696 = sext i10 %add_ln58_561" [firmware/nnet_utils/nnet_dense_latency.h:58]   --->   Operation 1941 'sext' 'sext_ln58_696' <Predicate = true> <Delay = 0.00>
ST_3 : Operation 1942 [1/1] (1.73ns)   --->   "%add_ln58_562 = add i11 %sext_ln58_696, i11 %sext_ln58_694" [firmware/nnet_utils/nnet_dense_latency.h:58]   --->   Operation 1942 'add' 'add_ln58_562' <Predicate = true> <Delay = 1.73> <CoreInst = "Adder">   --->   Core 1 'Adder' <Latency = 0> <II = 1> <Delay = 1.73> <FuncUnit> <Opcode : 'add' 'sub'> <InPorts = 2> <OutPorts = 1>
ST_3 : Operation 1943 [1/1] (0.00ns)   --->   "%sext_ln58_697 = sext i11 %add_ln58_562" [firmware/nnet_utils/nnet_dense_latency.h:58]   --->   Operation 1943 'sext' 'sext_ln58_697' <Predicate = true> <Delay = 0.00>
ST_3 : Operation 1944 [1/1] (3.81ns) (root node of TernaryAdder)   --->   "%add_ln58_563 = add i13 %sext_ln58_697, i13 %add_ln58_558" [firmware/nnet_utils/nnet_dense_latency.h:58]   --->   Operation 1944 'add' 'add_ln58_563' <Predicate = true> <Delay = 3.81> <CoreInst = "TAddSub">   --->   Core 10 'TAddSub' <Latency = 0> <II = 1> <Delay = 1.92> <IPBlock> <Opcode : 'add' 'sub'> <InPorts = 3> <OutPorts = 1> <Sync> <CReg>
ST_3 : Operation 1945 [1/1] (0.00ns)   --->   "%sext_ln58_149 = sext i13 %add_ln58_563" [firmware/nnet_utils/nnet_dense_latency.h:58]   --->   Operation 1945 'sext' 'sext_ln58_149' <Predicate = true> <Delay = 0.00>
ST_3 : Operation 1946 [1/1] (0.00ns)   --->   "%sext_ln58_698 = sext i9 %add_ln58_354" [firmware/nnet_utils/nnet_dense_latency.h:58]   --->   Operation 1946 'sext' 'sext_ln58_698' <Predicate = true> <Delay = 0.00>
ST_3 : Operation 1947 [1/1] (0.00ns) (grouped into TernaryAdder)   --->   "%add_ln58_564 = add i14 %sext_ln58_698, i14 %sext_ln58_109" [firmware/nnet_utils/nnet_dense_latency.h:58]   --->   Operation 1947 'add' 'add_ln58_564' <Predicate = true> <Delay = 0.00> <CoreInst = "TAddSub">   --->   Core 10 'TAddSub' <Latency = 0> <II = 1> <Delay = 1.92> <IPBlock> <Opcode : 'add' 'sub'> <InPorts = 3> <OutPorts = 1> <Sync> <CReg>
ST_3 : Operation 1948 [1/1] (1.91ns)   --->   "%add_ln58_565 = add i9 %sext_ln70_27, i9 %sext_ln70_28" [firmware/nnet_utils/nnet_dense_latency.h:58]   --->   Operation 1948 'add' 'add_ln58_565' <Predicate = true> <Delay = 1.91> <CoreInst = "Adder">   --->   Core 1 'Adder' <Latency = 0> <II = 1> <Delay = 1.91> <FuncUnit> <Opcode : 'add' 'sub'> <InPorts = 2> <OutPorts = 1>
ST_3 : Operation 1949 [1/1] (0.00ns)   --->   "%sext_ln58_699 = sext i9 %add_ln58_565" [firmware/nnet_utils/nnet_dense_latency.h:58]   --->   Operation 1949 'sext' 'sext_ln58_699' <Predicate = true> <Delay = 0.00>
ST_3 : Operation 1950 [1/1] (1.82ns)   --->   "%add_ln58_566 = add i10 %sext_ln58_699, i10 %sext_ln17_141" [firmware/nnet_utils/nnet_dense_latency.h:58]   --->   Operation 1950 'add' 'add_ln58_566' <Predicate = true> <Delay = 1.82> <CoreInst = "Adder">   --->   Core 1 'Adder' <Latency = 0> <II = 1> <Delay = 1.82> <FuncUnit> <Opcode : 'add' 'sub'> <InPorts = 2> <OutPorts = 1>
ST_3 : Operation 1951 [1/1] (0.00ns)   --->   "%sext_ln58_700 = sext i10 %add_ln58_566" [firmware/nnet_utils/nnet_dense_latency.h:58]   --->   Operation 1951 'sext' 'sext_ln58_700' <Predicate = true> <Delay = 0.00>
ST_3 : Operation 1952 [1/1] (3.84ns) (root node of TernaryAdder)   --->   "%add_ln58_567 = add i14 %sext_ln58_700, i14 %add_ln58_564" [firmware/nnet_utils/nnet_dense_latency.h:58]   --->   Operation 1952 'add' 'add_ln58_567' <Predicate = true> <Delay = 3.84> <CoreInst = "TAddSub">   --->   Core 10 'TAddSub' <Latency = 0> <II = 1> <Delay = 1.92> <IPBlock> <Opcode : 'add' 'sub'> <InPorts = 3> <OutPorts = 1> <Sync> <CReg>
ST_3 : Operation 1953 [1/1] (0.00ns)   --->   "%sext_ln58_150 = sext i14 %add_ln58_567" [firmware/nnet_utils/nnet_dense_latency.h:58]   --->   Operation 1953 'sext' 'sext_ln58_150' <Predicate = true> <Delay = 0.00>
ST_3 : Operation 1954 [1/1] (1.67ns)   --->   "%add_ln58_568 = add i14 %sext_ln58_662, i14 %sext_ln58_116" [firmware/nnet_utils/nnet_dense_latency.h:58]   --->   Operation 1954 'add' 'add_ln58_568' <Predicate = true> <Delay = 1.67> <CoreInst = "Adder">   --->   Core 1 'Adder' <Latency = 0> <II = 1> <Delay = 1.67> <FuncUnit> <Opcode : 'add' 'sub'> <InPorts = 2> <OutPorts = 1>
ST_3 : Operation 1955 [1/1] (0.00ns)   --->   "%sext_ln58_151 = sext i14 %add_ln58_568" [firmware/nnet_utils/nnet_dense_latency.h:58]   --->   Operation 1955 'sext' 'sext_ln58_151' <Predicate = true> <Delay = 0.00>
ST_3 : Operation 1956 [1/1] (0.00ns)   --->   "%sext_ln58_711 = sext i8 %data_46_val_read" [firmware/nnet_utils/nnet_dense_latency.h:58]   --->   Operation 1956 'sext' 'sext_ln58_711' <Predicate = true> <Delay = 0.00>
ST_3 : Operation 1957 [1/1] (0.00ns)   --->   "%sext_ln58_712 = sext i13 %add_ln58_576" [firmware/nnet_utils/nnet_dense_latency.h:58]   --->   Operation 1957 'sext' 'sext_ln58_712' <Predicate = true> <Delay = 0.00>
ST_3 : Operation 1958 [1/1] (0.00ns) (grouped into TernaryAdder)   --->   "%sub_ln58_255 = sub i14 %sext_ln58_712, i14 %sext_ln58_711" [firmware/nnet_utils/nnet_dense_latency.h:58]   --->   Operation 1958 'sub' 'sub_ln58_255' <Predicate = true> <Delay = 0.00> <CoreInst = "TAddSub">   --->   Core 10 'TAddSub' <Latency = 0> <II = 1> <Delay = 1.92> <IPBlock> <Opcode : 'add' 'sub'> <InPorts = 3> <OutPorts = 1> <Sync> <CReg>
ST_3 : Operation 1959 [1/1] (0.00ns)   --->   "%sext_ln58_713 = sext i10 %sub_ln58_256" [firmware/nnet_utils/nnet_dense_latency.h:58]   --->   Operation 1959 'sext' 'sext_ln58_713' <Predicate = true> <Delay = 0.00>
ST_3 : Operation 1960 [1/1] (3.84ns) (root node of TernaryAdder)   --->   "%add_ln58_577 = add i14 %sext_ln58_713, i14 %sub_ln58_255" [firmware/nnet_utils/nnet_dense_latency.h:58]   --->   Operation 1960 'add' 'add_ln58_577' <Predicate = true> <Delay = 3.84> <CoreInst = "TAddSub">   --->   Core 10 'TAddSub' <Latency = 0> <II = 1> <Delay = 1.92> <IPBlock> <Opcode : 'add' 'sub'> <InPorts = 3> <OutPorts = 1> <Sync> <CReg>
ST_3 : Operation 1961 [1/1] (1.82ns)   --->   "%sub_ln58_257 = sub i10 %sext_ln58_339, i10 %sext_ln17_113" [firmware/nnet_utils/nnet_dense_latency.h:58]   --->   Operation 1961 'sub' 'sub_ln58_257' <Predicate = true> <Delay = 1.82> <CoreInst = "Adder">   --->   Core 1 'Adder' <Latency = 0> <II = 1> <Delay = 1.82> <FuncUnit> <Opcode : 'add' 'sub'> <InPorts = 2> <OutPorts = 1>
ST_3 : Operation 1962 [1/1] (0.00ns)   --->   "%sext_ln58_714 = sext i10 %sub_ln58_257" [firmware/nnet_utils/nnet_dense_latency.h:58]   --->   Operation 1962 'sext' 'sext_ln58_714' <Predicate = true> <Delay = 0.00>
ST_3 : Operation 1963 [1/1] (0.00ns) (grouped into TernaryAdder)   --->   "%sub_ln58_258 = sub i10 %sext_ln58_543, i10 %sext_ln17_132" [firmware/nnet_utils/nnet_dense_latency.h:58]   --->   Operation 1963 'sub' 'sub_ln58_258' <Predicate = true> <Delay = 0.00> <CoreInst = "TAddSub">   --->   Core 10 'TAddSub' <Latency = 0> <II = 1> <Delay = 1.92> <IPBlock> <Opcode : 'add' 'sub'> <InPorts = 3> <OutPorts = 1> <Sync> <CReg>
ST_3 : Operation 1964 [1/1] (3.72ns) (root node of TernaryAdder)   --->   "%add_ln58_578 = add i10 %sub_ln58_258, i10 %sext_ln17_123" [firmware/nnet_utils/nnet_dense_latency.h:58]   --->   Operation 1964 'add' 'add_ln58_578' <Predicate = true> <Delay = 3.72> <CoreInst = "TAddSub">   --->   Core 10 'TAddSub' <Latency = 0> <II = 1> <Delay = 1.92> <IPBlock> <Opcode : 'add' 'sub'> <InPorts = 3> <OutPorts = 1> <Sync> <CReg>
ST_3 : Operation 1965 [1/1] (0.00ns)   --->   "%sext_ln58_715 = sext i10 %add_ln58_578" [firmware/nnet_utils/nnet_dense_latency.h:58]   --->   Operation 1965 'sext' 'sext_ln58_715' <Predicate = true> <Delay = 0.00>
ST_3 : Operation 1966 [1/1] (1.73ns)   --->   "%add_ln58_579 = add i11 %sext_ln58_715, i11 %sext_ln58_714" [firmware/nnet_utils/nnet_dense_latency.h:58]   --->   Operation 1966 'add' 'add_ln58_579' <Predicate = true> <Delay = 1.73> <CoreInst = "Adder">   --->   Core 1 'Adder' <Latency = 0> <II = 1> <Delay = 1.73> <FuncUnit> <Opcode : 'add' 'sub'> <InPorts = 2> <OutPorts = 1>
ST_3 : Operation 1967 [1/1] (0.00ns)   --->   "%sext_ln58_716 = sext i11 %add_ln58_579" [firmware/nnet_utils/nnet_dense_latency.h:58]   --->   Operation 1967 'sext' 'sext_ln58_716' <Predicate = true> <Delay = 0.00>
ST_3 : Operation 1968 [1/1] (0.00ns) (grouped into TernaryAdder)   --->   "%add_ln58_580 = add i14 %sext_ln58_716, i14 %add_ln58_577" [firmware/nnet_utils/nnet_dense_latency.h:58]   --->   Operation 1968 'add' 'add_ln58_580' <Predicate = true> <Delay = 0.00> <CoreInst = "TAddSub">   --->   Core 10 'TAddSub' <Latency = 0> <II = 1> <Delay = 1.92> <IPBlock> <Opcode : 'add' 'sub'> <InPorts = 3> <OutPorts = 1> <Sync> <CReg>
ST_3 : Operation 1969 [1/1] (1.82ns)   --->   "%sub_ln58_259 = sub i10 %sext_ln58_533, i10 %sext_ln17_141" [firmware/nnet_utils/nnet_dense_latency.h:58]   --->   Operation 1969 'sub' 'sub_ln58_259' <Predicate = true> <Delay = 1.82> <CoreInst = "Adder">   --->   Core 1 'Adder' <Latency = 0> <II = 1> <Delay = 1.82> <FuncUnit> <Opcode : 'add' 'sub'> <InPorts = 2> <OutPorts = 1>
ST_3 : Operation 1970 [1/1] (0.00ns)   --->   "%sext_ln58_717 = sext i10 %sub_ln58_259" [firmware/nnet_utils/nnet_dense_latency.h:58]   --->   Operation 1970 'sext' 'sext_ln58_717' <Predicate = true> <Delay = 0.00>
ST_3 : Operation 1971 [1/1] (1.91ns)   --->   "%add_ln58_581 = add i9 %sext_ln17_105, i9 %sext_ln70_16" [firmware/nnet_utils/nnet_dense_latency.h:58]   --->   Operation 1971 'add' 'add_ln58_581' <Predicate = true> <Delay = 1.91> <CoreInst = "Adder">   --->   Core 1 'Adder' <Latency = 0> <II = 1> <Delay = 1.91> <FuncUnit> <Opcode : 'add' 'sub'> <InPorts = 2> <OutPorts = 1>
ST_3 : Operation 1972 [1/1] (0.00ns)   --->   "%sext_ln58_718 = sext i9 %add_ln58_581" [firmware/nnet_utils/nnet_dense_latency.h:58]   --->   Operation 1972 'sext' 'sext_ln58_718' <Predicate = true> <Delay = 0.00>
ST_3 : Operation 1973 [1/1] (1.82ns)   --->   "%add_ln58_582 = add i10 %sext_ln58_718, i10 %sext_ln17_103" [firmware/nnet_utils/nnet_dense_latency.h:58]   --->   Operation 1973 'add' 'add_ln58_582' <Predicate = true> <Delay = 1.82> <CoreInst = "Adder">   --->   Core 1 'Adder' <Latency = 0> <II = 1> <Delay = 1.82> <FuncUnit> <Opcode : 'add' 'sub'> <InPorts = 2> <OutPorts = 1>
ST_3 : Operation 1974 [1/1] (0.00ns)   --->   "%sext_ln58_719 = sext i10 %add_ln58_582" [firmware/nnet_utils/nnet_dense_latency.h:58]   --->   Operation 1974 'sext' 'sext_ln58_719' <Predicate = true> <Delay = 0.00>
ST_3 : Operation 1975 [1/1] (1.73ns)   --->   "%add_ln58_583 = add i11 %sext_ln58_719, i11 %sext_ln58_717" [firmware/nnet_utils/nnet_dense_latency.h:58]   --->   Operation 1975 'add' 'add_ln58_583' <Predicate = true> <Delay = 1.73> <CoreInst = "Adder">   --->   Core 1 'Adder' <Latency = 0> <II = 1> <Delay = 1.73> <FuncUnit> <Opcode : 'add' 'sub'> <InPorts = 2> <OutPorts = 1>
ST_3 : Operation 1976 [1/1] (0.00ns)   --->   "%sext_ln58_720 = sext i11 %add_ln58_583" [firmware/nnet_utils/nnet_dense_latency.h:58]   --->   Operation 1976 'sext' 'sext_ln58_720' <Predicate = true> <Delay = 0.00>
ST_3 : Operation 1977 [1/1] (1.91ns)   --->   "%add_ln58_584 = add i9 %sext_ln70_17, i9 %sext_ln17_119" [firmware/nnet_utils/nnet_dense_latency.h:58]   --->   Operation 1977 'add' 'add_ln58_584' <Predicate = true> <Delay = 1.91> <CoreInst = "Adder">   --->   Core 1 'Adder' <Latency = 0> <II = 1> <Delay = 1.91> <FuncUnit> <Opcode : 'add' 'sub'> <InPorts = 2> <OutPorts = 1>
ST_3 : Operation 1978 [1/1] (0.00ns)   --->   "%sext_ln58_721 = sext i9 %add_ln58_584" [firmware/nnet_utils/nnet_dense_latency.h:58]   --->   Operation 1978 'sext' 'sext_ln58_721' <Predicate = true> <Delay = 0.00>
ST_3 : Operation 1979 [1/1] (1.82ns)   --->   "%add_ln58_585 = add i10 %sext_ln58_664, i10 %sext_ln17_127" [firmware/nnet_utils/nnet_dense_latency.h:58]   --->   Operation 1979 'add' 'add_ln58_585' <Predicate = true> <Delay = 1.82> <CoreInst = "Adder">   --->   Core 1 'Adder' <Latency = 0> <II = 1> <Delay = 1.82> <FuncUnit> <Opcode : 'add' 'sub'> <InPorts = 2> <OutPorts = 1>
ST_3 : Operation 1980 [1/1] (0.00ns)   --->   "%sext_ln58_722 = sext i10 %add_ln58_585" [firmware/nnet_utils/nnet_dense_latency.h:58]   --->   Operation 1980 'sext' 'sext_ln58_722' <Predicate = true> <Delay = 0.00>
ST_3 : Operation 1981 [1/1] (1.73ns)   --->   "%add_ln58_586 = add i11 %sext_ln58_722, i11 %sext_ln58_721" [firmware/nnet_utils/nnet_dense_latency.h:58]   --->   Operation 1981 'add' 'add_ln58_586' <Predicate = true> <Delay = 1.73> <CoreInst = "Adder">   --->   Core 1 'Adder' <Latency = 0> <II = 1> <Delay = 1.73> <FuncUnit> <Opcode : 'add' 'sub'> <InPorts = 2> <OutPorts = 1>
ST_3 : Operation 1982 [1/1] (0.00ns)   --->   "%sext_ln58_723 = sext i11 %add_ln58_586" [firmware/nnet_utils/nnet_dense_latency.h:58]   --->   Operation 1982 'sext' 'sext_ln58_723' <Predicate = true> <Delay = 0.00>
ST_3 : Operation 1983 [1/1] (1.63ns)   --->   "%add_ln58_587 = add i12 %sext_ln58_723, i12 %sext_ln58_720" [firmware/nnet_utils/nnet_dense_latency.h:58]   --->   Operation 1983 'add' 'add_ln58_587' <Predicate = true> <Delay = 1.63> <CoreInst = "Adder">   --->   Core 1 'Adder' <Latency = 0> <II = 1> <Delay = 1.63> <FuncUnit> <Opcode : 'add' 'sub'> <InPorts = 2> <OutPorts = 1>
ST_3 : Operation 1984 [1/1] (0.00ns)   --->   "%sext_ln58_724 = sext i12 %add_ln58_587" [firmware/nnet_utils/nnet_dense_latency.h:58]   --->   Operation 1984 'sext' 'sext_ln58_724' <Predicate = true> <Delay = 0.00>
ST_3 : Operation 1985 [1/1] (3.84ns) (root node of TernaryAdder)   --->   "%add_ln58_588 = add i14 %sext_ln58_724, i14 %add_ln58_580" [firmware/nnet_utils/nnet_dense_latency.h:58]   --->   Operation 1985 'add' 'add_ln58_588' <Predicate = true> <Delay = 3.84> <CoreInst = "TAddSub">   --->   Core 10 'TAddSub' <Latency = 0> <II = 1> <Delay = 1.92> <IPBlock> <Opcode : 'add' 'sub'> <InPorts = 3> <OutPorts = 1> <Sync> <CReg>
ST_3 : Operation 1986 [1/1] (0.00ns)   --->   "%sext_ln58_153 = sext i14 %add_ln58_588" [firmware/nnet_utils/nnet_dense_latency.h:58]   --->   Operation 1986 'sext' 'sext_ln58_153' <Predicate = true> <Delay = 0.00>
ST_3 : Operation 1987 [1/1] (0.00ns)   --->   "%sext_ln58_725 = sext i8 %data_50_val_read" [firmware/nnet_utils/nnet_dense_latency.h:58]   --->   Operation 1987 'sext' 'sext_ln58_725' <Predicate = true> <Delay = 0.00>
ST_3 : Operation 1988 [1/1] (0.00ns)   --->   "%sext_ln58_726 = sext i12 %add_ln58_179" [firmware/nnet_utils/nnet_dense_latency.h:58]   --->   Operation 1988 'sext' 'sext_ln58_726' <Predicate = true> <Delay = 0.00>
ST_3 : Operation 1989 [1/1] (1.54ns)   --->   "%sub_ln58_260 = sub i13 %sext_ln58_726, i13 %sext_ln58_725" [firmware/nnet_utils/nnet_dense_latency.h:58]   --->   Operation 1989 'sub' 'sub_ln58_260' <Predicate = true> <Delay = 1.54> <CoreInst = "Adder">   --->   Core 1 'Adder' <Latency = 0> <II = 1> <Delay = 1.54> <FuncUnit> <Opcode : 'add' 'sub'> <InPorts = 2> <OutPorts = 1>
ST_3 : Operation 1990 [1/1] (1.82ns)   --->   "%sub_ln58_261 = sub i10 %sext_ln58_407, i10 %sext_ln58_681" [firmware/nnet_utils/nnet_dense_latency.h:58]   --->   Operation 1990 'sub' 'sub_ln58_261' <Predicate = true> <Delay = 1.82> <CoreInst = "Adder">   --->   Core 1 'Adder' <Latency = 0> <II = 1> <Delay = 1.82> <FuncUnit> <Opcode : 'add' 'sub'> <InPorts = 2> <OutPorts = 1>
ST_3 : Operation 1991 [1/1] (0.00ns)   --->   "%sext_ln58_727 = sext i10 %sub_ln58_261" [firmware/nnet_utils/nnet_dense_latency.h:58]   --->   Operation 1991 'sext' 'sext_ln58_727' <Predicate = true> <Delay = 0.00>
ST_3 : Operation 1992 [1/1] (0.00ns) (grouped into TernaryAdder)   --->   "%add_ln58_589 = add i13 %sext_ln58_727, i13 %sub_ln58_260" [firmware/nnet_utils/nnet_dense_latency.h:58]   --->   Operation 1992 'add' 'add_ln58_589' <Predicate = true> <Delay = 0.00> <CoreInst = "TAddSub">   --->   Core 10 'TAddSub' <Latency = 0> <II = 1> <Delay = 1.92> <IPBlock> <Opcode : 'add' 'sub'> <InPorts = 3> <OutPorts = 1> <Sync> <CReg>
ST_3 : Operation 1993 [1/1] (0.00ns)   --->   "%sext_ln58_728 = sext i10 %add_ln58_590" [firmware/nnet_utils/nnet_dense_latency.h:58]   --->   Operation 1993 'sext' 'sext_ln58_728' <Predicate = true> <Delay = 0.00>
ST_3 : Operation 1994 [1/1] (1.91ns)   --->   "%add_ln58_591 = add i9 %sext_ln70_24, i9 %sext_ln70_28" [firmware/nnet_utils/nnet_dense_latency.h:58]   --->   Operation 1994 'add' 'add_ln58_591' <Predicate = true> <Delay = 1.91> <CoreInst = "Adder">   --->   Core 1 'Adder' <Latency = 0> <II = 1> <Delay = 1.91> <FuncUnit> <Opcode : 'add' 'sub'> <InPorts = 2> <OutPorts = 1>
ST_3 : Operation 1995 [1/1] (0.00ns)   --->   "%sext_ln58_729 = sext i9 %add_ln58_591" [firmware/nnet_utils/nnet_dense_latency.h:58]   --->   Operation 1995 'sext' 'sext_ln58_729' <Predicate = true> <Delay = 0.00>
ST_3 : Operation 1996 [1/1] (1.82ns)   --->   "%add_ln58_592 = add i10 %sext_ln58_729, i10 %sext_ln17_108" [firmware/nnet_utils/nnet_dense_latency.h:58]   --->   Operation 1996 'add' 'add_ln58_592' <Predicate = true> <Delay = 1.82> <CoreInst = "Adder">   --->   Core 1 'Adder' <Latency = 0> <II = 1> <Delay = 1.82> <FuncUnit> <Opcode : 'add' 'sub'> <InPorts = 2> <OutPorts = 1>
ST_3 : Operation 1997 [1/1] (0.00ns)   --->   "%sext_ln58_730 = sext i10 %add_ln58_592" [firmware/nnet_utils/nnet_dense_latency.h:58]   --->   Operation 1997 'sext' 'sext_ln58_730' <Predicate = true> <Delay = 0.00>
ST_3 : Operation 1998 [1/1] (1.73ns)   --->   "%add_ln58_593 = add i11 %sext_ln58_730, i11 %sext_ln58_728" [firmware/nnet_utils/nnet_dense_latency.h:58]   --->   Operation 1998 'add' 'add_ln58_593' <Predicate = true> <Delay = 1.73> <CoreInst = "Adder">   --->   Core 1 'Adder' <Latency = 0> <II = 1> <Delay = 1.73> <FuncUnit> <Opcode : 'add' 'sub'> <InPorts = 2> <OutPorts = 1>
ST_3 : Operation 1999 [1/1] (0.00ns)   --->   "%sext_ln58_731 = sext i11 %add_ln58_593" [firmware/nnet_utils/nnet_dense_latency.h:58]   --->   Operation 1999 'sext' 'sext_ln58_731' <Predicate = true> <Delay = 0.00>
ST_3 : Operation 2000 [1/1] (3.81ns) (root node of TernaryAdder)   --->   "%add_ln58_594 = add i13 %sext_ln58_731, i13 %add_ln58_589" [firmware/nnet_utils/nnet_dense_latency.h:58]   --->   Operation 2000 'add' 'add_ln58_594' <Predicate = true> <Delay = 3.81> <CoreInst = "TAddSub">   --->   Core 10 'TAddSub' <Latency = 0> <II = 1> <Delay = 1.92> <IPBlock> <Opcode : 'add' 'sub'> <InPorts = 3> <OutPorts = 1> <Sync> <CReg>
ST_3 : Operation 2001 [1/1] (0.00ns)   --->   "%sext_ln58_154 = sext i13 %add_ln58_594" [firmware/nnet_utils/nnet_dense_latency.h:58]   --->   Operation 2001 'sext' 'sext_ln58_154' <Predicate = true> <Delay = 0.00>
ST_3 : Operation 2002 [1/1] (0.00ns)   --->   "%sext_ln58_732 = sext i13 %add_ln58_316" [firmware/nnet_utils/nnet_dense_latency.h:58]   --->   Operation 2002 'sext' 'sext_ln58_732' <Predicate = true> <Delay = 0.00>
ST_3 : Operation 2003 [1/1] (0.00ns) (grouped into TernaryAdder)   --->   "%sub_ln58_262 = sub i14 %sext_ln58_732, i14 %sext_ln17_150" [firmware/nnet_utils/nnet_dense_latency.h:58]   --->   Operation 2003 'sub' 'sub_ln58_262' <Predicate = true> <Delay = 0.00> <CoreInst = "TAddSub">   --->   Core 10 'TAddSub' <Latency = 0> <II = 1> <Delay = 1.92> <IPBlock> <Opcode : 'add' 'sub'> <InPorts = 3> <OutPorts = 1> <Sync> <CReg>
ST_3 : Operation 2004 [1/1] (1.91ns)   --->   "%add_ln58_595 = add i9 %sext_ln17_137, i9 %sext_ln70_27" [firmware/nnet_utils/nnet_dense_latency.h:58]   --->   Operation 2004 'add' 'add_ln58_595' <Predicate = true> <Delay = 1.91> <CoreInst = "Adder">   --->   Core 1 'Adder' <Latency = 0> <II = 1> <Delay = 1.91> <FuncUnit> <Opcode : 'add' 'sub'> <InPorts = 2> <OutPorts = 1>
ST_3 : Operation 2005 [1/1] (0.00ns)   --->   "%sext_ln58_733 = sext i9 %add_ln58_595" [firmware/nnet_utils/nnet_dense_latency.h:58]   --->   Operation 2005 'sext' 'sext_ln58_733' <Predicate = true> <Delay = 0.00>
ST_3 : Operation 2006 [1/1] (3.84ns) (root node of TernaryAdder)   --->   "%add_ln58_596 = add i14 %sext_ln58_733, i14 %sub_ln58_262" [firmware/nnet_utils/nnet_dense_latency.h:58]   --->   Operation 2006 'add' 'add_ln58_596' <Predicate = true> <Delay = 3.84> <CoreInst = "TAddSub">   --->   Core 10 'TAddSub' <Latency = 0> <II = 1> <Delay = 1.92> <IPBlock> <Opcode : 'add' 'sub'> <InPorts = 3> <OutPorts = 1> <Sync> <CReg>
ST_3 : Operation 2007 [1/1] (0.00ns)   --->   "%sext_ln58_155 = sext i14 %add_ln58_596" [firmware/nnet_utils/nnet_dense_latency.h:58]   --->   Operation 2007 'sext' 'sext_ln58_155' <Predicate = true> <Delay = 0.00>
ST_3 : Operation 2008 [1/1] (0.00ns)   --->   "%sext_ln58_739 = sext i12 %add_ln58_604" [firmware/nnet_utils/nnet_dense_latency.h:58]   --->   Operation 2008 'sext' 'sext_ln58_739' <Predicate = true> <Delay = 0.00>
ST_3 : Operation 2009 [1/1] (1.54ns)   --->   "%sub_ln58_263 = sub i13 %sext_ln58_739, i13 %sext_ln17_86" [firmware/nnet_utils/nnet_dense_latency.h:58]   --->   Operation 2009 'sub' 'sub_ln58_263' <Predicate = true> <Delay = 1.54> <CoreInst = "Adder">   --->   Core 1 'Adder' <Latency = 0> <II = 1> <Delay = 1.54> <FuncUnit> <Opcode : 'add' 'sub'> <InPorts = 2> <OutPorts = 1>
ST_3 : Operation 2010 [1/1] (0.00ns) (grouped into TernaryAdder)   --->   "%add_ln58_605 = add i13 %sub_ln58_263, i13 %sext_ln17_91" [firmware/nnet_utils/nnet_dense_latency.h:58]   --->   Operation 2010 'add' 'add_ln58_605' <Predicate = true> <Delay = 0.00> <CoreInst = "TAddSub">   --->   Core 10 'TAddSub' <Latency = 0> <II = 1> <Delay = 1.92> <IPBlock> <Opcode : 'add' 'sub'> <InPorts = 3> <OutPorts = 1> <Sync> <CReg>
ST_3 : Operation 2011 [1/1] (0.00ns)   --->   "%sext_ln58_740 = sext i10 %sub_ln58_166" [firmware/nnet_utils/nnet_dense_latency.h:58]   --->   Operation 2011 'sext' 'sext_ln58_740' <Predicate = true> <Delay = 0.00>
ST_3 : Operation 2012 [1/1] (3.81ns) (root node of TernaryAdder)   --->   "%add_ln58_606 = add i13 %sext_ln58_740, i13 %add_ln58_605" [firmware/nnet_utils/nnet_dense_latency.h:58]   --->   Operation 2012 'add' 'add_ln58_606' <Predicate = true> <Delay = 3.81> <CoreInst = "TAddSub">   --->   Core 10 'TAddSub' <Latency = 0> <II = 1> <Delay = 1.92> <IPBlock> <Opcode : 'add' 'sub'> <InPorts = 3> <OutPorts = 1> <Sync> <CReg>
ST_3 : Operation 2013 [1/1] (0.00ns) (grouped into TernaryAdder)   --->   "%sub_ln58_264 = sub i10 %sext_ln17_130, i10 %sext_ln17_109" [firmware/nnet_utils/nnet_dense_latency.h:58]   --->   Operation 2013 'sub' 'sub_ln58_264' <Predicate = true> <Delay = 0.00> <CoreInst = "TAddSub">   --->   Core 10 'TAddSub' <Latency = 0> <II = 1> <Delay = 1.92> <IPBlock> <Opcode : 'add' 'sub'> <InPorts = 3> <OutPorts = 1> <Sync> <CReg>
ST_3 : Operation 2014 [1/1] (3.72ns) (root node of TernaryAdder)   --->   "%add_ln58_607 = add i10 %sext_ln58_314, i10 %sub_ln58_264" [firmware/nnet_utils/nnet_dense_latency.h:58]   --->   Operation 2014 'add' 'add_ln58_607' <Predicate = true> <Delay = 3.72> <CoreInst = "TAddSub">   --->   Core 10 'TAddSub' <Latency = 0> <II = 1> <Delay = 1.92> <IPBlock> <Opcode : 'add' 'sub'> <InPorts = 3> <OutPorts = 1> <Sync> <CReg>
ST_3 : Operation 2015 [1/1] (0.00ns)   --->   "%sext_ln58_741 = sext i10 %add_ln58_607" [firmware/nnet_utils/nnet_dense_latency.h:58]   --->   Operation 2015 'sext' 'sext_ln58_741' <Predicate = true> <Delay = 0.00>
ST_3 : Operation 2016 [1/1] (0.00ns) (grouped into TernaryAdder)   --->   "%add_ln58_608 = add i13 %sext_ln58_741, i13 %add_ln58_606" [firmware/nnet_utils/nnet_dense_latency.h:58]   --->   Operation 2016 'add' 'add_ln58_608' <Predicate = true> <Delay = 0.00> <CoreInst = "TAddSub">   --->   Core 10 'TAddSub' <Latency = 0> <II = 1> <Delay = 1.92> <IPBlock> <Opcode : 'add' 'sub'> <InPorts = 3> <OutPorts = 1> <Sync> <CReg>
ST_3 : Operation 2017 [1/1] (1.91ns)   --->   "%add_ln58_609 = add i9 %sext_ln17_94, i9 %sext_ln73_18" [firmware/nnet_utils/nnet_dense_latency.h:58]   --->   Operation 2017 'add' 'add_ln58_609' <Predicate = true> <Delay = 1.91> <CoreInst = "Adder">   --->   Core 1 'Adder' <Latency = 0> <II = 1> <Delay = 1.91> <FuncUnit> <Opcode : 'add' 'sub'> <InPorts = 2> <OutPorts = 1>
ST_3 : Operation 2018 [1/1] (0.00ns)   --->   "%sext_ln58_742 = sext i9 %add_ln58_609" [firmware/nnet_utils/nnet_dense_latency.h:58]   --->   Operation 2018 'sext' 'sext_ln58_742' <Predicate = true> <Delay = 0.00>
ST_3 : Operation 2019 [1/1] (1.82ns)   --->   "%add_ln58_610 = add i10 %sext_ln58_358, i10 %sext_ln58_742" [firmware/nnet_utils/nnet_dense_latency.h:58]   --->   Operation 2019 'add' 'add_ln58_610' <Predicate = true> <Delay = 1.82> <CoreInst = "Adder">   --->   Core 1 'Adder' <Latency = 0> <II = 1> <Delay = 1.82> <FuncUnit> <Opcode : 'add' 'sub'> <InPorts = 2> <OutPorts = 1>
ST_3 : Operation 2020 [1/1] (0.00ns)   --->   "%sext_ln58_743 = sext i10 %add_ln58_610" [firmware/nnet_utils/nnet_dense_latency.h:58]   --->   Operation 2020 'sext' 'sext_ln58_743' <Predicate = true> <Delay = 0.00>
ST_3 : Operation 2021 [1/1] (1.91ns)   --->   "%add_ln58_611 = add i9 %sext_ln70_20, i9 %sext_ln17_115" [firmware/nnet_utils/nnet_dense_latency.h:58]   --->   Operation 2021 'add' 'add_ln58_611' <Predicate = true> <Delay = 1.91> <CoreInst = "Adder">   --->   Core 1 'Adder' <Latency = 0> <II = 1> <Delay = 1.91> <FuncUnit> <Opcode : 'add' 'sub'> <InPorts = 2> <OutPorts = 1>
ST_3 : Operation 2022 [1/1] (0.00ns)   --->   "%sext_ln58_744 = sext i9 %add_ln58_611" [firmware/nnet_utils/nnet_dense_latency.h:58]   --->   Operation 2022 'sext' 'sext_ln58_744' <Predicate = true> <Delay = 0.00>
ST_3 : Operation 2023 [1/1] (1.82ns)   --->   "%add_ln58_612 = add i10 %sext_ln58_695, i10 %sext_ln58_744" [firmware/nnet_utils/nnet_dense_latency.h:58]   --->   Operation 2023 'add' 'add_ln58_612' <Predicate = true> <Delay = 1.82> <CoreInst = "Adder">   --->   Core 1 'Adder' <Latency = 0> <II = 1> <Delay = 1.82> <FuncUnit> <Opcode : 'add' 'sub'> <InPorts = 2> <OutPorts = 1>
ST_3 : Operation 2024 [1/1] (0.00ns)   --->   "%sext_ln58_745 = sext i10 %add_ln58_612" [firmware/nnet_utils/nnet_dense_latency.h:58]   --->   Operation 2024 'sext' 'sext_ln58_745' <Predicate = true> <Delay = 0.00>
ST_3 : Operation 2025 [1/1] (1.73ns)   --->   "%add_ln58_613 = add i11 %sext_ln58_745, i11 %sext_ln58_743" [firmware/nnet_utils/nnet_dense_latency.h:58]   --->   Operation 2025 'add' 'add_ln58_613' <Predicate = true> <Delay = 1.73> <CoreInst = "Adder">   --->   Core 1 'Adder' <Latency = 0> <II = 1> <Delay = 1.73> <FuncUnit> <Opcode : 'add' 'sub'> <InPorts = 2> <OutPorts = 1>
ST_3 : Operation 2026 [1/1] (0.00ns)   --->   "%sext_ln58_746 = sext i11 %add_ln58_613" [firmware/nnet_utils/nnet_dense_latency.h:58]   --->   Operation 2026 'sext' 'sext_ln58_746' <Predicate = true> <Delay = 0.00>
ST_3 : Operation 2027 [1/1] (3.81ns) (root node of TernaryAdder)   --->   "%add_ln58_614 = add i13 %sext_ln58_746, i13 %add_ln58_608" [firmware/nnet_utils/nnet_dense_latency.h:58]   --->   Operation 2027 'add' 'add_ln58_614' <Predicate = true> <Delay = 3.81> <CoreInst = "TAddSub">   --->   Core 10 'TAddSub' <Latency = 0> <II = 1> <Delay = 1.92> <IPBlock> <Opcode : 'add' 'sub'> <InPorts = 3> <OutPorts = 1> <Sync> <CReg>
ST_3 : Operation 2028 [1/1] (0.00ns)   --->   "%sext_ln58_158 = sext i13 %add_ln58_614" [firmware/nnet_utils/nnet_dense_latency.h:58]   --->   Operation 2028 'sext' 'sext_ln58_158' <Predicate = true> <Delay = 0.00>
ST_3 : Operation 2029 [1/1] (0.00ns) (grouped into TernaryAdder)   --->   "%add_ln58_615 = add i14 %sext_ln58_158, i14 %sext_ln17_140" [firmware/nnet_utils/nnet_dense_latency.h:58]   --->   Operation 2029 'add' 'add_ln58_615' <Predicate = true> <Delay = 0.00> <CoreInst = "TAddSub">   --->   Core 10 'TAddSub' <Latency = 0> <II = 1> <Delay = 1.92> <IPBlock> <Opcode : 'add' 'sub'> <InPorts = 3> <OutPorts = 1> <Sync> <CReg>
ST_3 : Operation 2030 [1/1] (0.00ns)   --->   "%sext_ln58_747 = sext i9 %add_ln58_534" [firmware/nnet_utils/nnet_dense_latency.h:58]   --->   Operation 2030 'sext' 'sext_ln58_747' <Predicate = true> <Delay = 0.00>
ST_3 : Operation 2031 [1/1] (3.84ns) (root node of TernaryAdder)   --->   "%add_ln58_616 = add i14 %sext_ln58_747, i14 %add_ln58_615" [firmware/nnet_utils/nnet_dense_latency.h:58]   --->   Operation 2031 'add' 'add_ln58_616' <Predicate = true> <Delay = 3.84> <CoreInst = "TAddSub">   --->   Core 10 'TAddSub' <Latency = 0> <II = 1> <Delay = 1.92> <IPBlock> <Opcode : 'add' 'sub'> <InPorts = 3> <OutPorts = 1> <Sync> <CReg>
ST_3 : Operation 2032 [1/1] (0.00ns)   --->   "%sext_ln58_159 = sext i14 %add_ln58_616" [firmware/nnet_utils/nnet_dense_latency.h:58]   --->   Operation 2032 'sext' 'sext_ln58_159' <Predicate = true> <Delay = 0.00>
ST_3 : Operation 2033 [1/1] (3.84ns) (root node of TernaryAdder)   --->   "%add_ln58_617 = add i14 %sub_ln58_223, i14 %sext_ln17_149" [firmware/nnet_utils/nnet_dense_latency.h:58]   --->   Operation 2033 'add' 'add_ln58_617' <Predicate = true> <Delay = 3.84> <CoreInst = "TAddSub">   --->   Core 10 'TAddSub' <Latency = 0> <II = 1> <Delay = 1.92> <IPBlock> <Opcode : 'add' 'sub'> <InPorts = 3> <OutPorts = 1> <Sync> <CReg>
ST_3 : Operation 2034 [1/1] (0.00ns)   --->   "%sext_ln58_160 = sext i14 %add_ln58_617" [firmware/nnet_utils/nnet_dense_latency.h:58]   --->   Operation 2034 'sext' 'sext_ln58_160' <Predicate = true> <Delay = 0.00>
ST_3 : Operation 2035 [1/1] (3.84ns) (root node of TernaryAdder)   --->   "%add_ln58_618 = add i14 %sub_ln58_224, i14 %sext_ln17_150" [firmware/nnet_utils/nnet_dense_latency.h:58]   --->   Operation 2035 'add' 'add_ln58_618' <Predicate = true> <Delay = 3.84> <CoreInst = "TAddSub">   --->   Core 10 'TAddSub' <Latency = 0> <II = 1> <Delay = 1.92> <IPBlock> <Opcode : 'add' 'sub'> <InPorts = 3> <OutPorts = 1> <Sync> <CReg>
ST_3 : Operation 2036 [1/1] (0.00ns)   --->   "%sext_ln58_161 = sext i14 %add_ln58_618" [firmware/nnet_utils/nnet_dense_latency.h:58]   --->   Operation 2036 'sext' 'sext_ln58_161' <Predicate = true> <Delay = 0.00>
ST_3 : Operation 2037 [1/1] (1.82ns)   --->   "%sub_ln58_265 = sub i10 %sext_ln17_117, i10 %sext_ln17_108" [firmware/nnet_utils/nnet_dense_latency.h:58]   --->   Operation 2037 'sub' 'sub_ln58_265' <Predicate = true> <Delay = 1.82> <CoreInst = "Adder">   --->   Core 1 'Adder' <Latency = 0> <II = 1> <Delay = 1.82> <FuncUnit> <Opcode : 'add' 'sub'> <InPorts = 2> <OutPorts = 1>
ST_3 : Operation 2038 [1/1] (0.00ns)   --->   "%sext_ln58_748 = sext i10 %sub_ln58_265" [firmware/nnet_utils/nnet_dense_latency.h:58]   --->   Operation 2038 'sext' 'sext_ln58_748' <Predicate = true> <Delay = 0.00>
ST_3 : Operation 2039 [1/1] (1.54ns)   --->   "%add_ln58_619 = add i13 %sext_ln58_748, i13 %sext_ln58_104" [firmware/nnet_utils/nnet_dense_latency.h:58]   --->   Operation 2039 'add' 'add_ln58_619' <Predicate = true> <Delay = 1.54> <CoreInst = "Adder">   --->   Core 1 'Adder' <Latency = 0> <II = 1> <Delay = 1.54> <FuncUnit> <Opcode : 'add' 'sub'> <InPorts = 2> <OutPorts = 1>
ST_3 : Operation 2040 [1/1] (0.00ns)   --->   "%sext_ln58_749 = sext i8 %data_63_val_read" [firmware/nnet_utils/nnet_dense_latency.h:58]   --->   Operation 2040 'sext' 'sext_ln58_749' <Predicate = true> <Delay = 0.00>
ST_3 : Operation 2041 [1/1] (1.82ns)   --->   "%sub_ln58_266 = sub i10 %sext_ln58_609, i10 %sext_ln58_749" [firmware/nnet_utils/nnet_dense_latency.h:58]   --->   Operation 2041 'sub' 'sub_ln58_266' <Predicate = true> <Delay = 1.82> <CoreInst = "Adder">   --->   Core 1 'Adder' <Latency = 0> <II = 1> <Delay = 1.82> <FuncUnit> <Opcode : 'add' 'sub'> <InPorts = 2> <OutPorts = 1>
ST_3 : Operation 2042 [1/1] (0.00ns)   --->   "%sext_ln58_750 = sext i10 %sub_ln58_266" [firmware/nnet_utils/nnet_dense_latency.h:58]   --->   Operation 2042 'sext' 'sext_ln58_750' <Predicate = true> <Delay = 0.00>
ST_3 : Operation 2043 [1/1] (0.00ns) (grouped into TernaryAdder)   --->   "%add_ln58_620 = add i13 %sext_ln58_750, i13 %add_ln58_619" [firmware/nnet_utils/nnet_dense_latency.h:58]   --->   Operation 2043 'add' 'add_ln58_620' <Predicate = true> <Delay = 0.00> <CoreInst = "TAddSub">   --->   Core 10 'TAddSub' <Latency = 0> <II = 1> <Delay = 1.92> <IPBlock> <Opcode : 'add' 'sub'> <InPorts = 3> <OutPorts = 1> <Sync> <CReg>
ST_3 : Operation 2044 [1/1] (1.91ns)   --->   "%add_ln58_621 = add i9 %sext_ln70_20, i9 %sext_ln17_119" [firmware/nnet_utils/nnet_dense_latency.h:58]   --->   Operation 2044 'add' 'add_ln58_621' <Predicate = true> <Delay = 1.91> <CoreInst = "Adder">   --->   Core 1 'Adder' <Latency = 0> <II = 1> <Delay = 1.91> <FuncUnit> <Opcode : 'add' 'sub'> <InPorts = 2> <OutPorts = 1>
ST_3 : Operation 2045 [1/1] (0.00ns)   --->   "%sext_ln58_751 = sext i9 %add_ln58_621" [firmware/nnet_utils/nnet_dense_latency.h:58]   --->   Operation 2045 'sext' 'sext_ln58_751' <Predicate = true> <Delay = 0.00>
ST_3 : Operation 2046 [1/1] (1.82ns)   --->   "%add_ln58_622 = add i10 %sext_ln58_751, i10 %sext_ln17_112" [firmware/nnet_utils/nnet_dense_latency.h:58]   --->   Operation 2046 'add' 'add_ln58_622' <Predicate = true> <Delay = 1.82> <CoreInst = "Adder">   --->   Core 1 'Adder' <Latency = 0> <II = 1> <Delay = 1.82> <FuncUnit> <Opcode : 'add' 'sub'> <InPorts = 2> <OutPorts = 1>
ST_3 : Operation 2047 [1/1] (0.00ns)   --->   "%sext_ln58_752 = sext i10 %add_ln58_622" [firmware/nnet_utils/nnet_dense_latency.h:58]   --->   Operation 2047 'sext' 'sext_ln58_752' <Predicate = true> <Delay = 0.00>
ST_3 : Operation 2048 [1/1] (1.82ns)   --->   "%add_ln58_623 = add i10 %sext_ln58_658, i10 %sext_ln58_411" [firmware/nnet_utils/nnet_dense_latency.h:58]   --->   Operation 2048 'add' 'add_ln58_623' <Predicate = true> <Delay = 1.82> <CoreInst = "Adder">   --->   Core 1 'Adder' <Latency = 0> <II = 1> <Delay = 1.82> <FuncUnit> <Opcode : 'add' 'sub'> <InPorts = 2> <OutPorts = 1>
ST_3 : Operation 2049 [1/1] (0.00ns)   --->   "%sext_ln58_753 = sext i10 %add_ln58_623" [firmware/nnet_utils/nnet_dense_latency.h:58]   --->   Operation 2049 'sext' 'sext_ln58_753' <Predicate = true> <Delay = 0.00>
ST_3 : Operation 2050 [1/1] (1.73ns)   --->   "%add_ln58_624 = add i11 %sext_ln58_753, i11 %sext_ln58_752" [firmware/nnet_utils/nnet_dense_latency.h:58]   --->   Operation 2050 'add' 'add_ln58_624' <Predicate = true> <Delay = 1.73> <CoreInst = "Adder">   --->   Core 1 'Adder' <Latency = 0> <II = 1> <Delay = 1.73> <FuncUnit> <Opcode : 'add' 'sub'> <InPorts = 2> <OutPorts = 1>
ST_3 : Operation 2051 [1/1] (0.00ns)   --->   "%sext_ln58_754 = sext i11 %add_ln58_624" [firmware/nnet_utils/nnet_dense_latency.h:58]   --->   Operation 2051 'sext' 'sext_ln58_754' <Predicate = true> <Delay = 0.00>
ST_3 : Operation 2052 [1/1] (3.81ns) (root node of TernaryAdder)   --->   "%add_ln58_625 = add i13 %sext_ln58_754, i13 %add_ln58_620" [firmware/nnet_utils/nnet_dense_latency.h:58]   --->   Operation 2052 'add' 'add_ln58_625' <Predicate = true> <Delay = 3.81> <CoreInst = "TAddSub">   --->   Core 10 'TAddSub' <Latency = 0> <II = 1> <Delay = 1.92> <IPBlock> <Opcode : 'add' 'sub'> <InPorts = 3> <OutPorts = 1> <Sync> <CReg>
ST_3 : Operation 2053 [1/1] (0.00ns)   --->   "%sext_ln58_162 = sext i13 %add_ln58_625" [firmware/nnet_utils/nnet_dense_latency.h:58]   --->   Operation 2053 'sext' 'sext_ln58_162' <Predicate = true> <Delay = 0.00>
ST_3 : Operation 2054 [1/1] (0.00ns)   --->   "%sext_ln58_755 = sext i13 %add_ln58_513" [firmware/nnet_utils/nnet_dense_latency.h:58]   --->   Operation 2054 'sext' 'sext_ln58_755' <Predicate = true> <Delay = 0.00>
ST_3 : Operation 2055 [1/1] (1.67ns)   --->   "%sub_ln58_267 = sub i14 %sext_ln58_755, i14 %sext_ln17_150" [firmware/nnet_utils/nnet_dense_latency.h:58]   --->   Operation 2055 'sub' 'sub_ln58_267' <Predicate = true> <Delay = 1.67> <CoreInst = "Adder">   --->   Core 1 'Adder' <Latency = 0> <II = 1> <Delay = 1.67> <FuncUnit> <Opcode : 'add' 'sub'> <InPorts = 2> <OutPorts = 1>
ST_3 : Operation 2056 [1/1] (0.00ns)   --->   "%sext_ln58_163 = sext i14 %sub_ln58_267" [firmware/nnet_utils/nnet_dense_latency.h:58]   --->   Operation 2056 'sext' 'sext_ln58_163' <Predicate = true> <Delay = 0.00>
ST_3 : Operation 2057 [1/1] (0.00ns) (grouped into TernaryAdder)   --->   "%add_ln58_626 = add i14 %sub_ln58_176, i14 %sext_ln17_136" [firmware/nnet_utils/nnet_dense_latency.h:58]   --->   Operation 2057 'add' 'add_ln58_626' <Predicate = true> <Delay = 0.00> <CoreInst = "TAddSub">   --->   Core 10 'TAddSub' <Latency = 0> <II = 1> <Delay = 1.92> <IPBlock> <Opcode : 'add' 'sub'> <InPorts = 3> <OutPorts = 1> <Sync> <CReg>
ST_3 : Operation 2058 [1/1] (1.91ns)   --->   "%sub_ln58_268 = sub i9 %sext_ln17_137, i9 %sext_ln70_28" [firmware/nnet_utils/nnet_dense_latency.h:58]   --->   Operation 2058 'sub' 'sub_ln58_268' <Predicate = true> <Delay = 1.91> <CoreInst = "Adder">   --->   Core 1 'Adder' <Latency = 0> <II = 1> <Delay = 1.91> <FuncUnit> <Opcode : 'add' 'sub'> <InPorts = 2> <OutPorts = 1>
ST_3 : Operation 2059 [1/1] (0.00ns)   --->   "%sext_ln58_756 = sext i9 %sub_ln58_268" [firmware/nnet_utils/nnet_dense_latency.h:58]   --->   Operation 2059 'sext' 'sext_ln58_756' <Predicate = true> <Delay = 0.00>
ST_3 : Operation 2060 [1/1] (1.82ns)   --->   "%sub_ln58_269 = sub i10 %sext_ln58_756, i10 %sext_ln58_681" [firmware/nnet_utils/nnet_dense_latency.h:58]   --->   Operation 2060 'sub' 'sub_ln58_269' <Predicate = true> <Delay = 1.82> <CoreInst = "Adder">   --->   Core 1 'Adder' <Latency = 0> <II = 1> <Delay = 1.82> <FuncUnit> <Opcode : 'add' 'sub'> <InPorts = 2> <OutPorts = 1>
ST_3 : Operation 2061 [1/1] (0.00ns)   --->   "%sext_ln58_757 = sext i10 %sub_ln58_269" [firmware/nnet_utils/nnet_dense_latency.h:58]   --->   Operation 2061 'sext' 'sext_ln58_757' <Predicate = true> <Delay = 0.00>
ST_3 : Operation 2062 [1/1] (3.84ns) (root node of TernaryAdder)   --->   "%add_ln58_627 = add i14 %sext_ln58_757, i14 %add_ln58_626" [firmware/nnet_utils/nnet_dense_latency.h:58]   --->   Operation 2062 'add' 'add_ln58_627' <Predicate = true> <Delay = 3.84> <CoreInst = "TAddSub">   --->   Core 10 'TAddSub' <Latency = 0> <II = 1> <Delay = 1.92> <IPBlock> <Opcode : 'add' 'sub'> <InPorts = 3> <OutPorts = 1> <Sync> <CReg>
ST_3 : Operation 2063 [1/1] (0.00ns)   --->   "%sext_ln58_164 = sext i14 %add_ln58_627" [firmware/nnet_utils/nnet_dense_latency.h:58]   --->   Operation 2063 'sext' 'sext_ln58_164' <Predicate = true> <Delay = 0.00>
ST_3 : Operation 2064 [1/1] (0.00ns)   --->   "%sext_ln58_767 = sext i10 %sub_ln58_246" [firmware/nnet_utils/nnet_dense_latency.h:58]   --->   Operation 2064 'sext' 'sext_ln58_767' <Predicate = true> <Delay = 0.00>
ST_3 : Operation 2065 [1/1] (1.82ns)   --->   "%sub_ln58_273 = sub i10 %sext_ln58_339, i10 %sext_ln17_112" [firmware/nnet_utils/nnet_dense_latency.h:58]   --->   Operation 2065 'sub' 'sub_ln58_273' <Predicate = true> <Delay = 1.82> <CoreInst = "Adder">   --->   Core 1 'Adder' <Latency = 0> <II = 1> <Delay = 1.82> <FuncUnit> <Opcode : 'add' 'sub'> <InPorts = 2> <OutPorts = 1>
ST_3 : Operation 2066 [1/1] (0.00ns)   --->   "%sext_ln58_768 = sext i10 %sub_ln58_273" [firmware/nnet_utils/nnet_dense_latency.h:58]   --->   Operation 2066 'sext' 'sext_ln58_768' <Predicate = true> <Delay = 0.00>
ST_3 : Operation 2067 [1/1] (1.73ns)   --->   "%add_ln58_634 = add i11 %sext_ln58_768, i11 %sext_ln58_767" [firmware/nnet_utils/nnet_dense_latency.h:58]   --->   Operation 2067 'add' 'add_ln58_634' <Predicate = true> <Delay = 1.73> <CoreInst = "Adder">   --->   Core 1 'Adder' <Latency = 0> <II = 1> <Delay = 1.73> <FuncUnit> <Opcode : 'add' 'sub'> <InPorts = 2> <OutPorts = 1>
ST_3 : Operation 2068 [1/1] (0.00ns)   --->   "%sext_ln58_769 = sext i11 %add_ln58_634" [firmware/nnet_utils/nnet_dense_latency.h:58]   --->   Operation 2068 'sext' 'sext_ln58_769' <Predicate = true> <Delay = 0.00>
ST_3 : Operation 2069 [1/1] (0.00ns) (grouped into TernaryAdder)   --->   "%add_ln58_635 = add i13 %sext_ln58_769, i13 %add_ln58_633" [firmware/nnet_utils/nnet_dense_latency.h:58]   --->   Operation 2069 'add' 'add_ln58_635' <Predicate = true> <Delay = 0.00> <CoreInst = "TAddSub">   --->   Core 10 'TAddSub' <Latency = 0> <II = 1> <Delay = 1.92> <IPBlock> <Opcode : 'add' 'sub'> <InPorts = 3> <OutPorts = 1> <Sync> <CReg>
ST_3 : Operation 2070 [1/1] (1.91ns)   --->   "%sub_ln58_274 = sub i9 %sext_ln17_82, i9 %sext_ln70_21" [firmware/nnet_utils/nnet_dense_latency.h:58]   --->   Operation 2070 'sub' 'sub_ln58_274' <Predicate = true> <Delay = 1.91> <CoreInst = "Adder">   --->   Core 1 'Adder' <Latency = 0> <II = 1> <Delay = 1.91> <FuncUnit> <Opcode : 'add' 'sub'> <InPorts = 2> <OutPorts = 1>
ST_3 : Operation 2071 [1/1] (0.00ns)   --->   "%sext_ln58_770 = sext i9 %sub_ln58_274" [firmware/nnet_utils/nnet_dense_latency.h:58]   --->   Operation 2071 'sext' 'sext_ln58_770' <Predicate = true> <Delay = 0.00>
ST_3 : Operation 2072 [1/1] (1.82ns)   --->   "%add_ln58_636 = add i10 %sext_ln58_314, i10 %sext_ln58_770" [firmware/nnet_utils/nnet_dense_latency.h:58]   --->   Operation 2072 'add' 'add_ln58_636' <Predicate = true> <Delay = 1.82> <CoreInst = "Adder">   --->   Core 1 'Adder' <Latency = 0> <II = 1> <Delay = 1.82> <FuncUnit> <Opcode : 'add' 'sub'> <InPorts = 2> <OutPorts = 1>
ST_3 : Operation 2073 [1/1] (0.00ns)   --->   "%sext_ln58_771 = sext i10 %add_ln58_636" [firmware/nnet_utils/nnet_dense_latency.h:58]   --->   Operation 2073 'sext' 'sext_ln58_771' <Predicate = true> <Delay = 0.00>
ST_3 : Operation 2074 [1/1] (1.91ns)   --->   "%add_ln58_637 = add i9 %sext_ln17_102, i9 %sext_ln17_106" [firmware/nnet_utils/nnet_dense_latency.h:58]   --->   Operation 2074 'add' 'add_ln58_637' <Predicate = true> <Delay = 1.91> <CoreInst = "Adder">   --->   Core 1 'Adder' <Latency = 0> <II = 1> <Delay = 1.91> <FuncUnit> <Opcode : 'add' 'sub'> <InPorts = 2> <OutPorts = 1>
ST_3 : Operation 2075 [1/1] (0.00ns)   --->   "%sext_ln58_772 = sext i9 %add_ln58_637" [firmware/nnet_utils/nnet_dense_latency.h:58]   --->   Operation 2075 'sext' 'sext_ln58_772' <Predicate = true> <Delay = 0.00>
ST_3 : Operation 2076 [1/1] (0.00ns)   --->   "%sext_ln58_773 = sext i9 %add_ln58_638" [firmware/nnet_utils/nnet_dense_latency.h:58]   --->   Operation 2076 'sext' 'sext_ln58_773' <Predicate = true> <Delay = 0.00>
ST_3 : Operation 2077 [1/1] (1.82ns)   --->   "%add_ln58_639 = add i10 %sext_ln58_773, i10 %sext_ln17_109" [firmware/nnet_utils/nnet_dense_latency.h:58]   --->   Operation 2077 'add' 'add_ln58_639' <Predicate = true> <Delay = 1.82> <CoreInst = "Adder">   --->   Core 1 'Adder' <Latency = 0> <II = 1> <Delay = 1.82> <FuncUnit> <Opcode : 'add' 'sub'> <InPorts = 2> <OutPorts = 1>
ST_3 : Operation 2078 [1/1] (0.00ns)   --->   "%sext_ln58_774 = sext i10 %add_ln58_639" [firmware/nnet_utils/nnet_dense_latency.h:58]   --->   Operation 2078 'sext' 'sext_ln58_774' <Predicate = true> <Delay = 0.00>
ST_3 : Operation 2079 [1/1] (1.73ns)   --->   "%add_ln58_640 = add i11 %sext_ln58_774, i11 %sext_ln58_772" [firmware/nnet_utils/nnet_dense_latency.h:58]   --->   Operation 2079 'add' 'add_ln58_640' <Predicate = true> <Delay = 1.73> <CoreInst = "Adder">   --->   Core 1 'Adder' <Latency = 0> <II = 1> <Delay = 1.73> <FuncUnit> <Opcode : 'add' 'sub'> <InPorts = 2> <OutPorts = 1>
ST_3 : Operation 2080 [1/1] (0.00ns)   --->   "%sext_ln58_775 = sext i11 %add_ln58_640" [firmware/nnet_utils/nnet_dense_latency.h:58]   --->   Operation 2080 'sext' 'sext_ln58_775' <Predicate = true> <Delay = 0.00>
ST_3 : Operation 2081 [1/1] (1.63ns)   --->   "%add_ln58_641 = add i12 %sext_ln58_775, i12 %sext_ln58_771" [firmware/nnet_utils/nnet_dense_latency.h:58]   --->   Operation 2081 'add' 'add_ln58_641' <Predicate = true> <Delay = 1.63> <CoreInst = "Adder">   --->   Core 1 'Adder' <Latency = 0> <II = 1> <Delay = 1.63> <FuncUnit> <Opcode : 'add' 'sub'> <InPorts = 2> <OutPorts = 1>
ST_3 : Operation 2082 [1/1] (0.00ns)   --->   "%sext_ln58_776 = sext i12 %add_ln58_641" [firmware/nnet_utils/nnet_dense_latency.h:58]   --->   Operation 2082 'sext' 'sext_ln58_776' <Predicate = true> <Delay = 0.00>
ST_3 : Operation 2083 [1/1] (3.81ns) (root node of TernaryAdder)   --->   "%add_ln58_642 = add i13 %sext_ln58_776, i13 %add_ln58_635" [firmware/nnet_utils/nnet_dense_latency.h:58]   --->   Operation 2083 'add' 'add_ln58_642' <Predicate = true> <Delay = 3.81> <CoreInst = "TAddSub">   --->   Core 10 'TAddSub' <Latency = 0> <II = 1> <Delay = 1.92> <IPBlock> <Opcode : 'add' 'sub'> <InPorts = 3> <OutPorts = 1> <Sync> <CReg>
ST_3 : Operation 2084 [1/1] (0.00ns)   --->   "%sext_ln58_777 = sext i13 %add_ln58_642" [firmware/nnet_utils/nnet_dense_latency.h:58]   --->   Operation 2084 'sext' 'sext_ln58_777' <Predicate = true> <Delay = 0.00>
ST_3 : Operation 2085 [1/1] (0.00ns) (grouped into TernaryAdder)   --->   "%sub_ln58_275 = sub i14 %sext_ln58_777, i14 %sext_ln17_138" [firmware/nnet_utils/nnet_dense_latency.h:58]   --->   Operation 2085 'sub' 'sub_ln58_275' <Predicate = true> <Delay = 0.00> <CoreInst = "TAddSub">   --->   Core 10 'TAddSub' <Latency = 0> <II = 1> <Delay = 1.92> <IPBlock> <Opcode : 'add' 'sub'> <InPorts = 3> <OutPorts = 1> <Sync> <CReg>
ST_3 : Operation 2086 [1/1] (1.91ns)   --->   "%sub_ln58_276 = sub i9 %sext_ln70_28, i9 %sext_ln70_26" [firmware/nnet_utils/nnet_dense_latency.h:58]   --->   Operation 2086 'sub' 'sub_ln58_276' <Predicate = true> <Delay = 1.91> <CoreInst = "Adder">   --->   Core 1 'Adder' <Latency = 0> <II = 1> <Delay = 1.91> <FuncUnit> <Opcode : 'add' 'sub'> <InPorts = 2> <OutPorts = 1>
ST_3 : Operation 2087 [1/1] (0.00ns)   --->   "%sext_ln58_778 = sext i9 %sub_ln58_276" [firmware/nnet_utils/nnet_dense_latency.h:58]   --->   Operation 2087 'sext' 'sext_ln58_778' <Predicate = true> <Delay = 0.00>
ST_3 : Operation 2088 [1/1] (3.84ns) (root node of TernaryAdder)   --->   "%add_ln58_643 = add i14 %sext_ln58_778, i14 %sub_ln58_275" [firmware/nnet_utils/nnet_dense_latency.h:58]   --->   Operation 2088 'add' 'add_ln58_643' <Predicate = true> <Delay = 3.84> <CoreInst = "TAddSub">   --->   Core 10 'TAddSub' <Latency = 0> <II = 1> <Delay = 1.92> <IPBlock> <Opcode : 'add' 'sub'> <InPorts = 3> <OutPorts = 1> <Sync> <CReg>
ST_3 : Operation 2089 [1/1] (0.00ns)   --->   "%sext_ln68 = sext i14 %add_ln58_643" [firmware/nnet_utils/nnet_dense_latency.h:68]   --->   Operation 2089 'sext' 'sext_ln68' <Predicate = true> <Delay = 0.00>
ST_3 : Operation 2090 [1/1] (0.00ns)   --->   "%mrv = insertvalue i672 <undef>, i21 %sext_ln58_143" [firmware/nnet_utils/nnet_dense_latency.h:68]   --->   Operation 2090 'insertvalue' 'mrv' <Predicate = true> <Delay = 0.00>
ST_3 : Operation 2091 [1/1] (0.00ns)   --->   "%mrv_1 = insertvalue i672 %mrv, i21 %sext_ln58_120" [firmware/nnet_utils/nnet_dense_latency.h:68]   --->   Operation 2091 'insertvalue' 'mrv_1' <Predicate = true> <Delay = 0.00>
ST_3 : Operation 2092 [1/1] (0.00ns)   --->   "%mrv_2 = insertvalue i672 %mrv_1, i21 %sext_ln58_135" [firmware/nnet_utils/nnet_dense_latency.h:68]   --->   Operation 2092 'insertvalue' 'mrv_2' <Predicate = true> <Delay = 0.00>
ST_3 : Operation 2093 [1/1] (0.00ns)   --->   "%mrv_3 = insertvalue i672 %mrv_2, i21 %sext_ln58_144" [firmware/nnet_utils/nnet_dense_latency.h:68]   --->   Operation 2093 'insertvalue' 'mrv_3' <Predicate = true> <Delay = 0.00>
ST_3 : Operation 2094 [1/1] (0.00ns)   --->   "%mrv_4 = insertvalue i672 %mrv_3, i21 %sext_ln58_145" [firmware/nnet_utils/nnet_dense_latency.h:68]   --->   Operation 2094 'insertvalue' 'mrv_4' <Predicate = true> <Delay = 0.00>
ST_3 : Operation 2095 [1/1] (0.00ns)   --->   "%mrv_5 = insertvalue i672 %mrv_4, i21 %sext_ln58_148" [firmware/nnet_utils/nnet_dense_latency.h:68]   --->   Operation 2095 'insertvalue' 'mrv_5' <Predicate = true> <Delay = 0.00>
ST_3 : Operation 2096 [1/1] (0.00ns)   --->   "%mrv_6 = insertvalue i672 %mrv_5, i21 %sext_ln58_122" [firmware/nnet_utils/nnet_dense_latency.h:68]   --->   Operation 2096 'insertvalue' 'mrv_6' <Predicate = true> <Delay = 0.00>
ST_3 : Operation 2097 [1/1] (0.00ns)   --->   "%mrv_7 = insertvalue i672 %mrv_6, i21 %sext_ln58_123" [firmware/nnet_utils/nnet_dense_latency.h:68]   --->   Operation 2097 'insertvalue' 'mrv_7' <Predicate = true> <Delay = 0.00>
ST_3 : Operation 2098 [1/1] (0.00ns)   --->   "%mrv_8 = insertvalue i672 %mrv_7, i21 %sext_ln58_149" [firmware/nnet_utils/nnet_dense_latency.h:68]   --->   Operation 2098 'insertvalue' 'mrv_8' <Predicate = true> <Delay = 0.00>
ST_3 : Operation 2099 [1/1] (0.00ns)   --->   "%mrv_9 = insertvalue i672 %mrv_8, i21 %sext_ln58_150" [firmware/nnet_utils/nnet_dense_latency.h:68]   --->   Operation 2099 'insertvalue' 'mrv_9' <Predicate = true> <Delay = 0.00>
ST_3 : Operation 2100 [1/1] (0.00ns)   --->   "%mrv_s = insertvalue i672 %mrv_9, i21 %sext_ln58_124" [firmware/nnet_utils/nnet_dense_latency.h:68]   --->   Operation 2100 'insertvalue' 'mrv_s' <Predicate = true> <Delay = 0.00>
ST_3 : Operation 2101 [1/1] (0.00ns)   --->   "%mrv_10 = insertvalue i672 %mrv_s, i21 %sext_ln58_111" [firmware/nnet_utils/nnet_dense_latency.h:68]   --->   Operation 2101 'insertvalue' 'mrv_10' <Predicate = true> <Delay = 0.00>
ST_3 : Operation 2102 [1/1] (0.00ns)   --->   "%mrv_11 = insertvalue i672 %mrv_10, i21 %sext_ln58_125" [firmware/nnet_utils/nnet_dense_latency.h:68]   --->   Operation 2102 'insertvalue' 'mrv_11' <Predicate = true> <Delay = 0.00>
ST_3 : Operation 2103 [1/1] (0.00ns)   --->   "%mrv_12 = insertvalue i672 %mrv_11, i21 %sext_ln58_151" [firmware/nnet_utils/nnet_dense_latency.h:68]   --->   Operation 2103 'insertvalue' 'mrv_12' <Predicate = true> <Delay = 0.00>
ST_3 : Operation 2104 [1/1] (0.00ns)   --->   "%mrv_13 = insertvalue i672 %mrv_12, i21 %sext_ln58_153" [firmware/nnet_utils/nnet_dense_latency.h:68]   --->   Operation 2104 'insertvalue' 'mrv_13' <Predicate = true> <Delay = 0.00>
ST_3 : Operation 2105 [1/1] (0.00ns)   --->   "%mrv_14 = insertvalue i672 %mrv_13, i21 %sext_ln58_154" [firmware/nnet_utils/nnet_dense_latency.h:68]   --->   Operation 2105 'insertvalue' 'mrv_14' <Predicate = true> <Delay = 0.00>
ST_3 : Operation 2106 [1/1] (0.00ns)   --->   "%mrv_15 = insertvalue i672 %mrv_14, i21 %sext_ln58_118" [firmware/nnet_utils/nnet_dense_latency.h:68]   --->   Operation 2106 'insertvalue' 'mrv_15' <Predicate = true> <Delay = 0.00>
ST_3 : Operation 2107 [1/1] (0.00ns)   --->   "%mrv_16 = insertvalue i672 %mrv_15, i21 %sext_ln58_155" [firmware/nnet_utils/nnet_dense_latency.h:68]   --->   Operation 2107 'insertvalue' 'mrv_16' <Predicate = true> <Delay = 0.00>
ST_3 : Operation 2108 [1/1] (0.00ns)   --->   "%mrv_17 = insertvalue i672 %mrv_16, i21 %sext_ln58_130" [firmware/nnet_utils/nnet_dense_latency.h:68]   --->   Operation 2108 'insertvalue' 'mrv_17' <Predicate = true> <Delay = 0.00>
ST_3 : Operation 2109 [1/1] (0.00ns)   --->   "%mrv_18 = insertvalue i672 %mrv_17, i21 %sext_ln58_159" [firmware/nnet_utils/nnet_dense_latency.h:68]   --->   Operation 2109 'insertvalue' 'mrv_18' <Predicate = true> <Delay = 0.00>
ST_3 : Operation 2110 [1/1] (0.00ns)   --->   "%mrv_19 = insertvalue i672 %mrv_18, i21 %sext_ln58_160" [firmware/nnet_utils/nnet_dense_latency.h:68]   --->   Operation 2110 'insertvalue' 'mrv_19' <Predicate = true> <Delay = 0.00>
ST_3 : Operation 2111 [1/1] (0.00ns)   --->   "%mrv_20 = insertvalue i672 %mrv_19, i21 %sext_ln58_161" [firmware/nnet_utils/nnet_dense_latency.h:68]   --->   Operation 2111 'insertvalue' 'mrv_20' <Predicate = true> <Delay = 0.00>
ST_3 : Operation 2112 [1/1] (0.00ns)   --->   "%mrv_21 = insertvalue i672 %mrv_20, i21 %sext_ln58_136" [firmware/nnet_utils/nnet_dense_latency.h:68]   --->   Operation 2112 'insertvalue' 'mrv_21' <Predicate = true> <Delay = 0.00>
ST_3 : Operation 2113 [1/1] (0.00ns)   --->   "%mrv_22 = insertvalue i672 %mrv_21, i21 %sext_ln58_137" [firmware/nnet_utils/nnet_dense_latency.h:68]   --->   Operation 2113 'insertvalue' 'mrv_22' <Predicate = true> <Delay = 0.00>
ST_3 : Operation 2114 [1/1] (0.00ns)   --->   "%mrv_23 = insertvalue i672 %mrv_22, i21 %sext_ln58_138" [firmware/nnet_utils/nnet_dense_latency.h:68]   --->   Operation 2114 'insertvalue' 'mrv_23' <Predicate = true> <Delay = 0.00>
ST_3 : Operation 2115 [1/1] (0.00ns)   --->   "%mrv_24 = insertvalue i672 %mrv_23, i21 %sext_ln58_132" [firmware/nnet_utils/nnet_dense_latency.h:68]   --->   Operation 2115 'insertvalue' 'mrv_24' <Predicate = true> <Delay = 0.00>
ST_3 : Operation 2116 [1/1] (0.00ns)   --->   "%mrv_25 = insertvalue i672 %mrv_24, i21 %sext_ln58_162" [firmware/nnet_utils/nnet_dense_latency.h:68]   --->   Operation 2116 'insertvalue' 'mrv_25' <Predicate = true> <Delay = 0.00>
ST_3 : Operation 2117 [1/1] (0.00ns)   --->   "%mrv_26 = insertvalue i672 %mrv_25, i21 %sext_ln58_163" [firmware/nnet_utils/nnet_dense_latency.h:68]   --->   Operation 2117 'insertvalue' 'mrv_26' <Predicate = true> <Delay = 0.00>
ST_3 : Operation 2118 [1/1] (0.00ns)   --->   "%mrv_27 = insertvalue i672 %mrv_26, i21 %sext_ln58_133" [firmware/nnet_utils/nnet_dense_latency.h:68]   --->   Operation 2118 'insertvalue' 'mrv_27' <Predicate = true> <Delay = 0.00>
ST_3 : Operation 2119 [1/1] (0.00ns)   --->   "%mrv_28 = insertvalue i672 %mrv_27, i21 %sext_ln58_164" [firmware/nnet_utils/nnet_dense_latency.h:68]   --->   Operation 2119 'insertvalue' 'mrv_28' <Predicate = true> <Delay = 0.00>
ST_3 : Operation 2120 [1/1] (0.00ns)   --->   "%mrv_29 = insertvalue i672 %mrv_28, i21 %sext_ln68" [firmware/nnet_utils/nnet_dense_latency.h:68]   --->   Operation 2120 'insertvalue' 'mrv_29' <Predicate = true> <Delay = 0.00>
ST_3 : Operation 2121 [1/1] (0.00ns)   --->   "%mrv_30 = insertvalue i672 %mrv_29, i21 %sext_ln58_140" [firmware/nnet_utils/nnet_dense_latency.h:68]   --->   Operation 2121 'insertvalue' 'mrv_30' <Predicate = true> <Delay = 0.00>
ST_3 : Operation 2122 [1/1] (0.00ns)   --->   "%ret_ln68 = ret i672 %mrv_30" [firmware/nnet_utils/nnet_dense_latency.h:68]   --->   Operation 2122 'ret' 'ret_ln68' <Predicate = true> <Delay = 0.00>


============================================================
+ Verbose Summary: Timing violations
============================================================
Target clock period: 20.000ns, clock uncertainty: 5.400ns.

 <State 1>: 13.185ns
The critical path consists of the following:
	wire read operation ('data_5_val_read', firmware/nnet_utils/nnet_mult.h:70->firmware/nnet_utils/nnet_dense_latency.h:42) on port 'data_5_val' (firmware/nnet_utils/nnet_mult.h:70->firmware/nnet_utils/nnet_dense_latency.h:42) [125]  (0.000 ns)
	'sub' operation 9 bit ('mult', firmware/nnet_utils/nnet_mult.h:73->firmware/nnet_utils/nnet_dense_latency.h:42) [154]  (1.915 ns)
	'add' operation 10 bit ('add_ln58_13', firmware/nnet_utils/nnet_dense_latency.h:58) [481]  (3.728 ns)
	'sub' operation 11 bit ('sub_ln58_48', firmware/nnet_utils/nnet_dense_latency.h:58) [571]  (0.000 ns)
	'add' operation 11 bit ('add_ln58_48', firmware/nnet_utils/nnet_dense_latency.h:58) [576]  (3.757 ns)
	'sub' operation 12 bit ('sub_ln58_57', firmware/nnet_utils/nnet_dense_latency.h:58) [593]  (0.000 ns)
	'add' operation 12 bit ('add_ln58_144', firmware/nnet_utils/nnet_dense_latency.h:58) [843]  (3.786 ns)

 <State 2>: 13.244ns
The critical path consists of the following:
	'sub' operation 9 bit ('mult', firmware/nnet_utils/nnet_mult.h:73->firmware/nnet_utils/nnet_dense_latency.h:42) [221]  (1.915 ns)
	'add' operation 11 bit ('add_ln58_119', firmware/nnet_utils/nnet_dense_latency.h:58) [771]  (0.000 ns)
	'add' operation 11 bit ('add_ln58_120', firmware/nnet_utils/nnet_dense_latency.h:58) [775]  (3.757 ns)
	'sub' operation 12 bit ('sub_ln58_98', firmware/nnet_utils/nnet_dense_latency.h:58) [828]  (0.000 ns)
	'add' operation 12 bit ('add_ln58_232', firmware/nnet_utils/nnet_dense_latency.h:58) [1097]  (3.786 ns)
	'add' operation 12 bit ('add_ln58_233', firmware/nnet_utils/nnet_dense_latency.h:58) [1099]  (0.000 ns)
	'add' operation 12 bit ('add_ln58_235', firmware/nnet_utils/nnet_dense_latency.h:58) [1107]  (3.786 ns)

 <State 3>: 13.302ns
The critical path consists of the following:
	'sub' operation 9 bit ('mult', firmware/nnet_utils/nnet_mult.h:73->firmware/nnet_utils/nnet_dense_latency.h:42) [381]  (1.915 ns)
	'sub' operation 10 bit ('sub_ln58_164', firmware/nnet_utils/nnet_dense_latency.h:58) [1294]  (0.000 ns)
	'add' operation 10 bit ('add_ln58_307', firmware/nnet_utils/nnet_dense_latency.h:58) [1297]  (3.728 ns)
	'add' operation 13 bit ('add_ln58_308', firmware/nnet_utils/nnet_dense_latency.h:58) [1299]  (0.000 ns)
	'add' operation 13 bit ('add_ln58_316', firmware/nnet_utils/nnet_dense_latency.h:58) [1314]  (3.815 ns)
	'sub' operation 14 bit ('sub_ln58_262', firmware/nnet_utils/nnet_dense_latency.h:58) [2032]  (0.000 ns)
	'add' operation 14 bit ('add_ln58_596', firmware/nnet_utils/nnet_dense_latency.h:58) [2035]  (3.845 ns)


============================================================
+ Verbose Summary: Binding
============================================================
N/A
* FSMD analyzer results:
  - Output states:
 - Input state : 
  - Chain level:
	State 1
	State 2
	State 3


============================================================
+ Verbose Summary: Datapath Resource usage 
============================================================
N/A
