

================================================================
== Vitis HLS Report for 'relu_array_ap_fixed_32u_array_ap_fixed_6_4_0_0_0_32u_relu_config6_s'
================================================================
* Date:           Sun May 17 14:56:14 2026

* Version:        2025.1 (Build 6135595 on May 21 2025)
* Project:        wedrowiec_hls_prj
* Solution:       solution1 (Vivado IP Flow Target)
* Product family: zynq
* Target device:  xc7z020-clg400-1


================================================================
== Performance Estimates
================================================================
+ Timing: 
    * Summary: 
    +--------+----------+-----------+------------+
    |  Clock |  Target  | Estimated | Uncertainty|
    +--------+----------+-----------+------------+
    |ap_clk  |  20.00 ns|  11.259 ns|     5.40 ns|
    +--------+----------+-----------+------------+

+ Latency: 
    * Summary: 
    +---------+---------+----------+----------+-----+-----+---------+
    |  Latency (cycles) |  Latency (absolute) |  Interval | Pipeline|
    |   min   |   max   |    min   |    max   | min | max |   Type  |
    +---------+---------+----------+----------+-----+-----+---------+
    |        0|        0|      0 ns|      0 ns|    0|    0|       no|
    +---------+---------+----------+----------+-----+-----+---------+

    + Detail: 
        * Instance: 
        N/A

        * Loop: 
        N/A



================================================================
== Utilization Estimates
================================================================
* Summary: 
+-----------------+---------+-----+--------+-------+-----+
|       Name      | BRAM_18K| DSP |   FF   |  LUT  | URAM|
+-----------------+---------+-----+--------+-------+-----+
|DSP              |        -|    -|       -|      -|    -|
|Expression       |        -|    -|       0|   2786|    -|
|FIFO             |        -|    -|       -|      -|    -|
|Instance         |        -|    -|       -|      -|    -|
|Memory           |        -|    -|       -|      -|    -|
|Multiplexer      |        -|    -|       0|     36|    -|
|Register         |        -|    -|       3|      -|    -|
+-----------------+---------+-----+--------+-------+-----+
|Total            |        0|    0|       3|   2822|    0|
+-----------------+---------+-----+--------+-------+-----+
|Available        |      280|  220|  106400|  53200|    0|
+-----------------+---------+-----+--------+-------+-----+
|Utilization (%)  |        0|    0|      ~0|      5|    0|
+-----------------+---------+-----+--------+-------+-----+

+ Detail: 
    * Instance: 
    N/A

    * DSP: 
    N/A

    * Memory: 
    N/A

    * FIFO: 
    N/A

    * Expression: 
    +-------------------------------------+----------+----+---+----+------------+------------+
    |            Variable Name            | Operation| DSP| FF| LUT| Bitwidth P0| Bitwidth P1|
    +-------------------------------------+----------+----+---+----+------------+------------+
    |add_ln52_10_fu_2257_p2               |         +|   0|  0|  14|           6|           6|
    |add_ln52_11_fu_2403_p2               |         +|   0|  0|  14|           6|           6|
    |add_ln52_12_fu_2549_p2               |         +|   0|  0|  14|           6|           6|
    |add_ln52_13_fu_2695_p2               |         +|   0|  0|  14|           6|           6|
    |add_ln52_14_fu_2841_p2               |         +|   0|  0|  14|           6|           6|
    |add_ln52_15_fu_2987_p2               |         +|   0|  0|  14|           6|           6|
    |add_ln52_16_fu_3133_p2               |         +|   0|  0|  14|           6|           6|
    |add_ln52_17_fu_3279_p2               |         +|   0|  0|  14|           6|           6|
    |add_ln52_18_fu_3425_p2               |         +|   0|  0|  14|           6|           6|
    |add_ln52_19_fu_3571_p2               |         +|   0|  0|  14|           6|           6|
    |add_ln52_1_fu_943_p2                 |         +|   0|  0|  14|           6|           6|
    |add_ln52_20_fu_3717_p2               |         +|   0|  0|  14|           6|           6|
    |add_ln52_21_fu_3863_p2               |         +|   0|  0|  14|           6|           6|
    |add_ln52_22_fu_4009_p2               |         +|   0|  0|  14|           6|           6|
    |add_ln52_23_fu_4155_p2               |         +|   0|  0|  14|           6|           6|
    |add_ln52_24_fu_4301_p2               |         +|   0|  0|  14|           6|           6|
    |add_ln52_25_fu_4447_p2               |         +|   0|  0|  14|           6|           6|
    |add_ln52_26_fu_4593_p2               |         +|   0|  0|  14|           6|           6|
    |add_ln52_27_fu_4739_p2               |         +|   0|  0|  14|           6|           6|
    |add_ln52_28_fu_4885_p2               |         +|   0|  0|  14|           6|           6|
    |add_ln52_29_fu_5031_p2               |         +|   0|  0|  14|           6|           6|
    |add_ln52_2_fu_1089_p2                |         +|   0|  0|  14|           6|           6|
    |add_ln52_30_fu_5177_p2               |         +|   0|  0|  14|           6|           6|
    |add_ln52_31_fu_5323_p2               |         +|   0|  0|  14|           6|           6|
    |add_ln52_3_fu_1235_p2                |         +|   0|  0|  14|           6|           6|
    |add_ln52_4_fu_1381_p2                |         +|   0|  0|  14|           6|           6|
    |add_ln52_5_fu_1527_p2                |         +|   0|  0|  14|           6|           6|
    |add_ln52_6_fu_1673_p2                |         +|   0|  0|  14|           6|           6|
    |add_ln52_7_fu_1819_p2                |         +|   0|  0|  14|           6|           6|
    |add_ln52_8_fu_1965_p2                |         +|   0|  0|  14|           6|           6|
    |add_ln52_9_fu_2111_p2                |         +|   0|  0|  14|           6|           6|
    |add_ln52_fu_797_p2                   |         +|   0|  0|  14|           6|           6|
    |and_ln52_10_fu_1569_p2               |       and|   0|  0|   2|           1|           1|
    |and_ln52_11_fu_1593_p2               |       and|   0|  0|   2|           1|           1|
    |and_ln52_12_fu_1715_p2               |       and|   0|  0|   2|           1|           1|
    |and_ln52_13_fu_1739_p2               |       and|   0|  0|   2|           1|           1|
    |and_ln52_14_fu_1861_p2               |       and|   0|  0|   2|           1|           1|
    |and_ln52_15_fu_1885_p2               |       and|   0|  0|   2|           1|           1|
    |and_ln52_16_fu_2007_p2               |       and|   0|  0|   2|           1|           1|
    |and_ln52_17_fu_2031_p2               |       and|   0|  0|   2|           1|           1|
    |and_ln52_18_fu_2153_p2               |       and|   0|  0|   2|           1|           1|
    |and_ln52_19_fu_2177_p2               |       and|   0|  0|   2|           1|           1|
    |and_ln52_1_fu_863_p2                 |       and|   0|  0|   2|           1|           1|
    |and_ln52_20_fu_2299_p2               |       and|   0|  0|   2|           1|           1|
    |and_ln52_21_fu_2323_p2               |       and|   0|  0|   2|           1|           1|
    |and_ln52_22_fu_2445_p2               |       and|   0|  0|   2|           1|           1|
    |and_ln52_23_fu_2469_p2               |       and|   0|  0|   2|           1|           1|
    |and_ln52_24_fu_2591_p2               |       and|   0|  0|   2|           1|           1|
    |and_ln52_25_fu_2615_p2               |       and|   0|  0|   2|           1|           1|
    |and_ln52_26_fu_2737_p2               |       and|   0|  0|   2|           1|           1|
    |and_ln52_27_fu_2761_p2               |       and|   0|  0|   2|           1|           1|
    |and_ln52_28_fu_2883_p2               |       and|   0|  0|   2|           1|           1|
    |and_ln52_29_fu_2907_p2               |       and|   0|  0|   2|           1|           1|
    |and_ln52_2_fu_985_p2                 |       and|   0|  0|   2|           1|           1|
    |and_ln52_30_fu_3029_p2               |       and|   0|  0|   2|           1|           1|
    |and_ln52_31_fu_3053_p2               |       and|   0|  0|   2|           1|           1|
    |and_ln52_32_fu_3175_p2               |       and|   0|  0|   2|           1|           1|
    |and_ln52_33_fu_3199_p2               |       and|   0|  0|   2|           1|           1|
    |and_ln52_34_fu_3321_p2               |       and|   0|  0|   2|           1|           1|
    |and_ln52_35_fu_3345_p2               |       and|   0|  0|   2|           1|           1|
    |and_ln52_36_fu_3467_p2               |       and|   0|  0|   2|           1|           1|
    |and_ln52_37_fu_3491_p2               |       and|   0|  0|   2|           1|           1|
    |and_ln52_38_fu_3613_p2               |       and|   0|  0|   2|           1|           1|
    |and_ln52_39_fu_3637_p2               |       and|   0|  0|   2|           1|           1|
    |and_ln52_3_fu_1009_p2                |       and|   0|  0|   2|           1|           1|
    |and_ln52_40_fu_3759_p2               |       and|   0|  0|   2|           1|           1|
    |and_ln52_41_fu_3783_p2               |       and|   0|  0|   2|           1|           1|
    |and_ln52_42_fu_3905_p2               |       and|   0|  0|   2|           1|           1|
    |and_ln52_43_fu_3929_p2               |       and|   0|  0|   2|           1|           1|
    |and_ln52_44_fu_4051_p2               |       and|   0|  0|   2|           1|           1|
    |and_ln52_45_fu_4075_p2               |       and|   0|  0|   2|           1|           1|
    |and_ln52_46_fu_4197_p2               |       and|   0|  0|   2|           1|           1|
    |and_ln52_47_fu_4221_p2               |       and|   0|  0|   2|           1|           1|
    |and_ln52_48_fu_4343_p2               |       and|   0|  0|   2|           1|           1|
    |and_ln52_49_fu_4367_p2               |       and|   0|  0|   2|           1|           1|
    |and_ln52_4_fu_1131_p2                |       and|   0|  0|   2|           1|           1|
    |and_ln52_50_fu_4489_p2               |       and|   0|  0|   2|           1|           1|
    |and_ln52_51_fu_4513_p2               |       and|   0|  0|   2|           1|           1|
    |and_ln52_52_fu_4635_p2               |       and|   0|  0|   2|           1|           1|
    |and_ln52_53_fu_4659_p2               |       and|   0|  0|   2|           1|           1|
    |and_ln52_54_fu_4781_p2               |       and|   0|  0|   2|           1|           1|
    |and_ln52_55_fu_4805_p2               |       and|   0|  0|   2|           1|           1|
    |and_ln52_56_fu_4927_p2               |       and|   0|  0|   2|           1|           1|
    |and_ln52_57_fu_4951_p2               |       and|   0|  0|   2|           1|           1|
    |and_ln52_58_fu_5073_p2               |       and|   0|  0|   2|           1|           1|
    |and_ln52_59_fu_5097_p2               |       and|   0|  0|   2|           1|           1|
    |and_ln52_5_fu_1155_p2                |       and|   0|  0|   2|           1|           1|
    |and_ln52_60_fu_5219_p2               |       and|   0|  0|   2|           1|           1|
    |and_ln52_61_fu_5243_p2               |       and|   0|  0|   2|           1|           1|
    |and_ln52_62_fu_5365_p2               |       and|   0|  0|   2|           1|           1|
    |and_ln52_63_fu_5389_p2               |       and|   0|  0|   2|           1|           1|
    |and_ln52_6_fu_1277_p2                |       and|   0|  0|   2|           1|           1|
    |and_ln52_7_fu_1301_p2                |       and|   0|  0|   2|           1|           1|
    |and_ln52_8_fu_1423_p2                |       and|   0|  0|   2|           1|           1|
    |and_ln52_9_fu_1447_p2                |       and|   0|  0|   2|           1|           1|
    |and_ln52_fu_839_p2                   |       and|   0|  0|   2|           1|           1|
    |icmp_ln51_10_fu_2213_p2              |      icmp|   0|  0|  25|          18|           1|
    |icmp_ln51_11_fu_2359_p2              |      icmp|   0|  0|  25|          18|           1|
    |icmp_ln51_12_fu_2505_p2              |      icmp|   0|  0|  25|          18|           1|
    |icmp_ln51_13_fu_2651_p2              |      icmp|   0|  0|  25|          18|           1|
    |icmp_ln51_14_fu_2797_p2              |      icmp|   0|  0|  25|          18|           1|
    |icmp_ln51_15_fu_2943_p2              |      icmp|   0|  0|  25|          18|           1|
    |icmp_ln51_16_fu_3089_p2              |      icmp|   0|  0|  25|          18|           1|
    |icmp_ln51_17_fu_3235_p2              |      icmp|   0|  0|  25|          18|           1|
    |icmp_ln51_18_fu_3381_p2              |      icmp|   0|  0|  25|          18|           1|
    |icmp_ln51_19_fu_3527_p2              |      icmp|   0|  0|  25|          18|           1|
    |icmp_ln51_1_fu_899_p2                |      icmp|   0|  0|  25|          18|           1|
    |icmp_ln51_20_fu_3673_p2              |      icmp|   0|  0|  25|          18|           1|
    |icmp_ln51_21_fu_3819_p2              |      icmp|   0|  0|  25|          18|           1|
    |icmp_ln51_22_fu_3965_p2              |      icmp|   0|  0|  25|          18|           1|
    |icmp_ln51_23_fu_4111_p2              |      icmp|   0|  0|  25|          18|           1|
    |icmp_ln51_24_fu_4257_p2              |      icmp|   0|  0|  25|          18|           1|
    |icmp_ln51_25_fu_4403_p2              |      icmp|   0|  0|  25|          18|           1|
    |icmp_ln51_26_fu_4549_p2              |      icmp|   0|  0|  25|          18|           1|
    |icmp_ln51_27_fu_4695_p2              |      icmp|   0|  0|  25|          18|           1|
    |icmp_ln51_28_fu_4841_p2              |      icmp|   0|  0|  25|          18|           1|
    |icmp_ln51_29_fu_4987_p2              |      icmp|   0|  0|  25|          18|           1|
    |icmp_ln51_2_fu_1045_p2               |      icmp|   0|  0|  25|          18|           1|
    |icmp_ln51_30_fu_5133_p2              |      icmp|   0|  0|  25|          18|           1|
    |icmp_ln51_31_fu_5279_p2              |      icmp|   0|  0|  25|          18|           1|
    |icmp_ln51_3_fu_1191_p2               |      icmp|   0|  0|  25|          18|           1|
    |icmp_ln51_4_fu_1337_p2               |      icmp|   0|  0|  25|          18|           1|
    |icmp_ln51_5_fu_1483_p2               |      icmp|   0|  0|  25|          18|           1|
    |icmp_ln51_6_fu_1629_p2               |      icmp|   0|  0|  25|          18|           1|
    |icmp_ln51_7_fu_1775_p2               |      icmp|   0|  0|  25|          18|           1|
    |icmp_ln51_8_fu_1921_p2               |      icmp|   0|  0|  25|          18|           1|
    |icmp_ln51_9_fu_2067_p2               |      icmp|   0|  0|  25|          18|           1|
    |icmp_ln51_fu_753_p2                  |      icmp|   0|  0|  25|          18|           1|
    |icmp_ln52_10_fu_2281_p2              |      icmp|   0|  0|  13|          10|           1|
    |icmp_ln52_11_fu_2427_p2              |      icmp|   0|  0|  13|          10|           1|
    |icmp_ln52_12_fu_2573_p2              |      icmp|   0|  0|  13|          10|           1|
    |icmp_ln52_13_fu_2719_p2              |      icmp|   0|  0|  13|          10|           1|
    |icmp_ln52_14_fu_2865_p2              |      icmp|   0|  0|  13|          10|           1|
    |icmp_ln52_15_fu_3011_p2              |      icmp|   0|  0|  13|          10|           1|
    |icmp_ln52_16_fu_3157_p2              |      icmp|   0|  0|  13|          10|           1|
    |icmp_ln52_17_fu_3303_p2              |      icmp|   0|  0|  13|          10|           1|
    |icmp_ln52_18_fu_3449_p2              |      icmp|   0|  0|  13|          10|           1|
    |icmp_ln52_19_fu_3595_p2              |      icmp|   0|  0|  13|          10|           1|
    |icmp_ln52_1_fu_967_p2                |      icmp|   0|  0|  13|          10|           1|
    |icmp_ln52_20_fu_3741_p2              |      icmp|   0|  0|  13|          10|           1|
    |icmp_ln52_21_fu_3887_p2              |      icmp|   0|  0|  13|          10|           1|
    |icmp_ln52_22_fu_4033_p2              |      icmp|   0|  0|  13|          10|           1|
    |icmp_ln52_23_fu_4179_p2              |      icmp|   0|  0|  13|          10|           1|
    |icmp_ln52_24_fu_4325_p2              |      icmp|   0|  0|  13|          10|           1|
    |icmp_ln52_25_fu_4471_p2              |      icmp|   0|  0|  13|          10|           1|
    |icmp_ln52_26_fu_4617_p2              |      icmp|   0|  0|  13|          10|           1|
    |icmp_ln52_27_fu_4763_p2              |      icmp|   0|  0|  13|          10|           1|
    |icmp_ln52_28_fu_4909_p2              |      icmp|   0|  0|  13|          10|           1|
    |icmp_ln52_29_fu_5055_p2              |      icmp|   0|  0|  13|          10|           1|
    |icmp_ln52_2_fu_1113_p2               |      icmp|   0|  0|  13|          10|           1|
    |icmp_ln52_30_fu_5201_p2              |      icmp|   0|  0|  13|          10|           1|
    |icmp_ln52_31_fu_5347_p2              |      icmp|   0|  0|  13|          10|           1|
    |icmp_ln52_3_fu_1259_p2               |      icmp|   0|  0|  13|          10|           1|
    |icmp_ln52_4_fu_1405_p2               |      icmp|   0|  0|  13|          10|           1|
    |icmp_ln52_5_fu_1551_p2               |      icmp|   0|  0|  13|          10|           1|
    |icmp_ln52_6_fu_1697_p2               |      icmp|   0|  0|  13|          10|           1|
    |icmp_ln52_7_fu_1843_p2               |      icmp|   0|  0|  13|          10|           1|
    |icmp_ln52_8_fu_1989_p2               |      icmp|   0|  0|  13|          10|           1|
    |icmp_ln52_9_fu_2135_p2               |      icmp|   0|  0|  13|          10|           1|
    |icmp_ln52_fu_821_p2                  |      icmp|   0|  0|  13|          10|           1|
    |ap_block_state1                      |        or|   0|  0|   2|           1|           1|
    |or_ln52_10_fu_1289_p2                |        or|   0|  0|   2|           1|           1|
    |or_ln52_11_fu_1315_p2                |        or|   0|  0|   2|           1|           1|
    |or_ln52_12_fu_1417_p2                |        or|   0|  0|   2|           1|           1|
    |or_ln52_13_fu_1435_p2                |        or|   0|  0|   2|           1|           1|
    |or_ln52_14_fu_1461_p2                |        or|   0|  0|   2|           1|           1|
    |or_ln52_15_fu_1563_p2                |        or|   0|  0|   2|           1|           1|
    |or_ln52_16_fu_1581_p2                |        or|   0|  0|   2|           1|           1|
    |or_ln52_17_fu_1607_p2                |        or|   0|  0|   2|           1|           1|
    |or_ln52_18_fu_1709_p2                |        or|   0|  0|   2|           1|           1|
    |or_ln52_19_fu_1727_p2                |        or|   0|  0|   2|           1|           1|
    |or_ln52_1_fu_833_p2                  |        or|   0|  0|   2|           1|           1|
    |or_ln52_20_fu_1753_p2                |        or|   0|  0|   2|           1|           1|
    |or_ln52_21_fu_1855_p2                |        or|   0|  0|   2|           1|           1|
    |or_ln52_22_fu_1873_p2                |        or|   0|  0|   2|           1|           1|
    |or_ln52_23_fu_1899_p2                |        or|   0|  0|   2|           1|           1|
    |or_ln52_24_fu_2001_p2                |        or|   0|  0|   2|           1|           1|
    |or_ln52_25_fu_2019_p2                |        or|   0|  0|   2|           1|           1|
    |or_ln52_26_fu_2045_p2                |        or|   0|  0|   2|           1|           1|
    |or_ln52_27_fu_2147_p2                |        or|   0|  0|   2|           1|           1|
    |or_ln52_28_fu_2165_p2                |        or|   0|  0|   2|           1|           1|
    |or_ln52_29_fu_2191_p2                |        or|   0|  0|   2|           1|           1|
    |or_ln52_2_fu_877_p2                  |        or|   0|  0|   2|           1|           1|
    |or_ln52_30_fu_2293_p2                |        or|   0|  0|   2|           1|           1|
    |or_ln52_31_fu_2311_p2                |        or|   0|  0|   2|           1|           1|
    |or_ln52_32_fu_2337_p2                |        or|   0|  0|   2|           1|           1|
    |or_ln52_33_fu_2439_p2                |        or|   0|  0|   2|           1|           1|
    |or_ln52_34_fu_2457_p2                |        or|   0|  0|   2|           1|           1|
    |or_ln52_35_fu_2483_p2                |        or|   0|  0|   2|           1|           1|
    |or_ln52_36_fu_2585_p2                |        or|   0|  0|   2|           1|           1|
    |or_ln52_37_fu_2603_p2                |        or|   0|  0|   2|           1|           1|
    |or_ln52_38_fu_2629_p2                |        or|   0|  0|   2|           1|           1|
    |or_ln52_39_fu_2731_p2                |        or|   0|  0|   2|           1|           1|
    |or_ln52_3_fu_979_p2                  |        or|   0|  0|   2|           1|           1|
    |or_ln52_40_fu_2749_p2                |        or|   0|  0|   2|           1|           1|
    |or_ln52_41_fu_2775_p2                |        or|   0|  0|   2|           1|           1|
    |or_ln52_42_fu_2877_p2                |        or|   0|  0|   2|           1|           1|
    |or_ln52_43_fu_2895_p2                |        or|   0|  0|   2|           1|           1|
    |or_ln52_44_fu_2921_p2                |        or|   0|  0|   2|           1|           1|
    |or_ln52_45_fu_3023_p2                |        or|   0|  0|   2|           1|           1|
    |or_ln52_46_fu_3041_p2                |        or|   0|  0|   2|           1|           1|
    |or_ln52_47_fu_3067_p2                |        or|   0|  0|   2|           1|           1|
    |or_ln52_48_fu_3169_p2                |        or|   0|  0|   2|           1|           1|
    |or_ln52_49_fu_3187_p2                |        or|   0|  0|   2|           1|           1|
    |or_ln52_4_fu_997_p2                  |        or|   0|  0|   2|           1|           1|
    |or_ln52_50_fu_3213_p2                |        or|   0|  0|   2|           1|           1|
    |or_ln52_51_fu_3315_p2                |        or|   0|  0|   2|           1|           1|
    |or_ln52_52_fu_3333_p2                |        or|   0|  0|   2|           1|           1|
    |or_ln52_53_fu_3359_p2                |        or|   0|  0|   2|           1|           1|
    |or_ln52_54_fu_3461_p2                |        or|   0|  0|   2|           1|           1|
    |or_ln52_55_fu_3479_p2                |        or|   0|  0|   2|           1|           1|
    |or_ln52_56_fu_3505_p2                |        or|   0|  0|   2|           1|           1|
    |or_ln52_57_fu_3607_p2                |        or|   0|  0|   2|           1|           1|
    |or_ln52_58_fu_3625_p2                |        or|   0|  0|   2|           1|           1|
    |or_ln52_59_fu_3651_p2                |        or|   0|  0|   2|           1|           1|
    |or_ln52_5_fu_1023_p2                 |        or|   0|  0|   2|           1|           1|
    |or_ln52_60_fu_3753_p2                |        or|   0|  0|   2|           1|           1|
    |or_ln52_61_fu_3771_p2                |        or|   0|  0|   2|           1|           1|
    |or_ln52_62_fu_3797_p2                |        or|   0|  0|   2|           1|           1|
    |or_ln52_63_fu_3899_p2                |        or|   0|  0|   2|           1|           1|
    |or_ln52_64_fu_3917_p2                |        or|   0|  0|   2|           1|           1|
    |or_ln52_65_fu_3943_p2                |        or|   0|  0|   2|           1|           1|
    |or_ln52_66_fu_4045_p2                |        or|   0|  0|   2|           1|           1|
    |or_ln52_67_fu_4063_p2                |        or|   0|  0|   2|           1|           1|
    |or_ln52_68_fu_4089_p2                |        or|   0|  0|   2|           1|           1|
    |or_ln52_69_fu_4191_p2                |        or|   0|  0|   2|           1|           1|
    |or_ln52_6_fu_1125_p2                 |        or|   0|  0|   2|           1|           1|
    |or_ln52_70_fu_4209_p2                |        or|   0|  0|   2|           1|           1|
    |or_ln52_71_fu_4235_p2                |        or|   0|  0|   2|           1|           1|
    |or_ln52_72_fu_4337_p2                |        or|   0|  0|   2|           1|           1|
    |or_ln52_73_fu_4355_p2                |        or|   0|  0|   2|           1|           1|
    |or_ln52_74_fu_4381_p2                |        or|   0|  0|   2|           1|           1|
    |or_ln52_75_fu_4483_p2                |        or|   0|  0|   2|           1|           1|
    |or_ln52_76_fu_4501_p2                |        or|   0|  0|   2|           1|           1|
    |or_ln52_77_fu_4527_p2                |        or|   0|  0|   2|           1|           1|
    |or_ln52_78_fu_4629_p2                |        or|   0|  0|   2|           1|           1|
    |or_ln52_79_fu_4647_p2                |        or|   0|  0|   2|           1|           1|
    |or_ln52_7_fu_1143_p2                 |        or|   0|  0|   2|           1|           1|
    |or_ln52_80_fu_4673_p2                |        or|   0|  0|   2|           1|           1|
    |or_ln52_81_fu_4775_p2                |        or|   0|  0|   2|           1|           1|
    |or_ln52_82_fu_4793_p2                |        or|   0|  0|   2|           1|           1|
    |or_ln52_83_fu_4819_p2                |        or|   0|  0|   2|           1|           1|
    |or_ln52_84_fu_4921_p2                |        or|   0|  0|   2|           1|           1|
    |or_ln52_85_fu_4939_p2                |        or|   0|  0|   2|           1|           1|
    |or_ln52_86_fu_4965_p2                |        or|   0|  0|   2|           1|           1|
    |or_ln52_87_fu_5067_p2                |        or|   0|  0|   2|           1|           1|
    |or_ln52_88_fu_5085_p2                |        or|   0|  0|   2|           1|           1|
    |or_ln52_89_fu_5111_p2                |        or|   0|  0|   2|           1|           1|
    |or_ln52_8_fu_1169_p2                 |        or|   0|  0|   2|           1|           1|
    |or_ln52_90_fu_5213_p2                |        or|   0|  0|   2|           1|           1|
    |or_ln52_91_fu_5231_p2                |        or|   0|  0|   2|           1|           1|
    |or_ln52_92_fu_5257_p2                |        or|   0|  0|   2|           1|           1|
    |or_ln52_93_fu_5359_p2                |        or|   0|  0|   2|           1|           1|
    |or_ln52_94_fu_5377_p2                |        or|   0|  0|   2|           1|           1|
    |or_ln52_95_fu_5403_p2                |        or|   0|  0|   2|           1|           1|
    |or_ln52_9_fu_1271_p2                 |        or|   0|  0|   2|           1|           1|
    |or_ln52_fu_851_p2                    |        or|   0|  0|   2|           1|           1|
    |out_data_0_0_0_0_0_load_fu_891_p3    |    select|   0|  0|   6|           1|           6|
    |out_data_0_10_0_0_0_load_fu_2351_p3  |    select|   0|  0|   6|           1|           6|
    |out_data_0_11_0_0_0_load_fu_2497_p3  |    select|   0|  0|   6|           1|           6|
    |out_data_0_12_0_0_0_load_fu_2643_p3  |    select|   0|  0|   6|           1|           6|
    |out_data_0_13_0_0_0_load_fu_2789_p3  |    select|   0|  0|   6|           1|           6|
    |out_data_0_14_0_0_0_load_fu_2935_p3  |    select|   0|  0|   6|           1|           6|
    |out_data_0_15_0_0_0_load_fu_3081_p3  |    select|   0|  0|   6|           1|           6|
    |out_data_0_16_0_0_0_load_fu_3227_p3  |    select|   0|  0|   6|           1|           6|
    |out_data_0_17_0_0_0_load_fu_3373_p3  |    select|   0|  0|   6|           1|           6|
    |out_data_0_18_0_0_0_load_fu_3519_p3  |    select|   0|  0|   6|           1|           6|
    |out_data_0_19_0_0_0_load_fu_3665_p3  |    select|   0|  0|   6|           1|           6|
    |out_data_0_1_0_0_0_load_fu_1037_p3   |    select|   0|  0|   6|           1|           6|
    |out_data_0_20_0_0_0_load_fu_3811_p3  |    select|   0|  0|   6|           1|           6|
    |out_data_0_21_0_0_0_load_fu_3957_p3  |    select|   0|  0|   6|           1|           6|
    |out_data_0_22_0_0_0_load_fu_4103_p3  |    select|   0|  0|   6|           1|           6|
    |out_data_0_23_0_0_0_load_fu_4249_p3  |    select|   0|  0|   6|           1|           6|
    |out_data_0_24_0_0_0_load_fu_4395_p3  |    select|   0|  0|   6|           1|           6|
    |out_data_0_25_0_0_0_load_fu_4541_p3  |    select|   0|  0|   6|           1|           6|
    |out_data_0_26_0_0_0_load_fu_4687_p3  |    select|   0|  0|   6|           1|           6|
    |out_data_0_27_0_0_0_load_fu_4833_p3  |    select|   0|  0|   6|           1|           6|
    |out_data_0_28_0_0_0_load_fu_4979_p3  |    select|   0|  0|   6|           1|           6|
    |out_data_0_29_0_0_0_load_fu_5125_p3  |    select|   0|  0|   6|           1|           6|
    |out_data_0_2_0_0_0_load_fu_1183_p3   |    select|   0|  0|   6|           1|           6|
    |out_data_0_30_0_0_0_load_fu_5271_p3  |    select|   0|  0|   6|           1|           6|
    |out_data_0_31_0_0_0_load_fu_5417_p3  |    select|   0|  0|   6|           1|           6|
    |out_data_0_3_0_0_0_load_fu_1329_p3   |    select|   0|  0|   6|           1|           6|
    |out_data_0_4_0_0_0_load_fu_1475_p3   |    select|   0|  0|   6|           1|           6|
    |out_data_0_5_0_0_0_load_fu_1621_p3   |    select|   0|  0|   6|           1|           6|
    |out_data_0_6_0_0_0_load_fu_1767_p3   |    select|   0|  0|   6|           1|           6|
    |out_data_0_7_0_0_0_load_fu_1913_p3   |    select|   0|  0|   6|           1|           6|
    |out_data_0_8_0_0_0_load_fu_2059_p3   |    select|   0|  0|   6|           1|           6|
    |out_data_0_9_0_0_0_load_fu_2205_p3   |    select|   0|  0|   6|           1|           6|
    |select_ln52_10_fu_1599_p3            |    select|   0|  0|   7|           1|           5|
    |select_ln52_11_fu_1613_p3            |    select|   0|  0|   6|           1|           6|
    |select_ln52_12_fu_1745_p3            |    select|   0|  0|   7|           1|           5|
    |select_ln52_13_fu_1759_p3            |    select|   0|  0|   6|           1|           6|
    |select_ln52_14_fu_1891_p3            |    select|   0|  0|   7|           1|           5|
    |select_ln52_15_fu_1905_p3            |    select|   0|  0|   6|           1|           6|
    |select_ln52_16_fu_2037_p3            |    select|   0|  0|   7|           1|           5|
    |select_ln52_17_fu_2051_p3            |    select|   0|  0|   6|           1|           6|
    |select_ln52_18_fu_2183_p3            |    select|   0|  0|   7|           1|           5|
    |select_ln52_19_fu_2197_p3            |    select|   0|  0|   6|           1|           6|
    |select_ln52_1_fu_883_p3              |    select|   0|  0|   6|           1|           6|
    |select_ln52_20_fu_2329_p3            |    select|   0|  0|   7|           1|           5|
    |select_ln52_21_fu_2343_p3            |    select|   0|  0|   6|           1|           6|
    |select_ln52_22_fu_2475_p3            |    select|   0|  0|   7|           1|           5|
    |select_ln52_23_fu_2489_p3            |    select|   0|  0|   6|           1|           6|
    |select_ln52_24_fu_2621_p3            |    select|   0|  0|   7|           1|           5|
    |select_ln52_25_fu_2635_p3            |    select|   0|  0|   6|           1|           6|
    |select_ln52_26_fu_2767_p3            |    select|   0|  0|   7|           1|           5|
    |select_ln52_27_fu_2781_p3            |    select|   0|  0|   6|           1|           6|
    |select_ln52_28_fu_2913_p3            |    select|   0|  0|   7|           1|           5|
    |select_ln52_29_fu_2927_p3            |    select|   0|  0|   6|           1|           6|
    |select_ln52_2_fu_1015_p3             |    select|   0|  0|   7|           1|           5|
    |select_ln52_30_fu_3059_p3            |    select|   0|  0|   7|           1|           5|
    |select_ln52_31_fu_3073_p3            |    select|   0|  0|   6|           1|           6|
    |select_ln52_32_fu_3205_p3            |    select|   0|  0|   7|           1|           5|
    |select_ln52_33_fu_3219_p3            |    select|   0|  0|   6|           1|           6|
    |select_ln52_34_fu_3351_p3            |    select|   0|  0|   7|           1|           5|
    |select_ln52_35_fu_3365_p3            |    select|   0|  0|   6|           1|           6|
    |select_ln52_36_fu_3497_p3            |    select|   0|  0|   7|           1|           5|
    |select_ln52_37_fu_3511_p3            |    select|   0|  0|   6|           1|           6|
    |select_ln52_38_fu_3643_p3            |    select|   0|  0|   7|           1|           5|
    |select_ln52_39_fu_3657_p3            |    select|   0|  0|   6|           1|           6|
    |select_ln52_3_fu_1029_p3             |    select|   0|  0|   6|           1|           6|
    |select_ln52_40_fu_3789_p3            |    select|   0|  0|   7|           1|           5|
    |select_ln52_41_fu_3803_p3            |    select|   0|  0|   6|           1|           6|
    |select_ln52_42_fu_3935_p3            |    select|   0|  0|   7|           1|           5|
    |select_ln52_43_fu_3949_p3            |    select|   0|  0|   6|           1|           6|
    |select_ln52_44_fu_4081_p3            |    select|   0|  0|   7|           1|           5|
    |select_ln52_45_fu_4095_p3            |    select|   0|  0|   6|           1|           6|
    |select_ln52_46_fu_4227_p3            |    select|   0|  0|   7|           1|           5|
    |select_ln52_47_fu_4241_p3            |    select|   0|  0|   6|           1|           6|
    |select_ln52_48_fu_4373_p3            |    select|   0|  0|   7|           1|           5|
    |select_ln52_49_fu_4387_p3            |    select|   0|  0|   6|           1|           6|
    |select_ln52_4_fu_1161_p3             |    select|   0|  0|   7|           1|           5|
    |select_ln52_50_fu_4519_p3            |    select|   0|  0|   7|           1|           5|
    |select_ln52_51_fu_4533_p3            |    select|   0|  0|   6|           1|           6|
    |select_ln52_52_fu_4665_p3            |    select|   0|  0|   7|           1|           5|
    |select_ln52_53_fu_4679_p3            |    select|   0|  0|   6|           1|           6|
    |select_ln52_54_fu_4811_p3            |    select|   0|  0|   7|           1|           5|
    |select_ln52_55_fu_4825_p3            |    select|   0|  0|   6|           1|           6|
    |select_ln52_56_fu_4957_p3            |    select|   0|  0|   7|           1|           5|
    |select_ln52_57_fu_4971_p3            |    select|   0|  0|   6|           1|           6|
    |select_ln52_58_fu_5103_p3            |    select|   0|  0|   7|           1|           5|
    |select_ln52_59_fu_5117_p3            |    select|   0|  0|   6|           1|           6|
    |select_ln52_5_fu_1175_p3             |    select|   0|  0|   6|           1|           6|
    |select_ln52_60_fu_5249_p3            |    select|   0|  0|   7|           1|           5|
    |select_ln52_61_fu_5263_p3            |    select|   0|  0|   6|           1|           6|
    |select_ln52_62_fu_5395_p3            |    select|   0|  0|   7|           1|           5|
    |select_ln52_63_fu_5409_p3            |    select|   0|  0|   6|           1|           6|
    |select_ln52_6_fu_1307_p3             |    select|   0|  0|   7|           1|           5|
    |select_ln52_7_fu_1321_p3             |    select|   0|  0|   6|           1|           6|
    |select_ln52_8_fu_1453_p3             |    select|   0|  0|   7|           1|           5|
    |select_ln52_9_fu_1467_p3             |    select|   0|  0|   6|           1|           6|
    |select_ln52_fu_869_p3                |    select|   0|  0|   7|           1|           5|
    |xor_ln52_10_fu_1283_p2               |       xor|   0|  0|   2|           2|           1|
    |xor_ln52_11_fu_1295_p2               |       xor|   0|  0|   2|           1|           2|
    |xor_ln52_12_fu_1411_p2               |       xor|   0|  0|   2|           1|           2|
    |xor_ln52_13_fu_1429_p2               |       xor|   0|  0|   2|           2|           1|
    |xor_ln52_14_fu_1441_p2               |       xor|   0|  0|   2|           1|           2|
    |xor_ln52_15_fu_1557_p2               |       xor|   0|  0|   2|           1|           2|
    |xor_ln52_16_fu_1575_p2               |       xor|   0|  0|   2|           2|           1|
    |xor_ln52_17_fu_1587_p2               |       xor|   0|  0|   2|           1|           2|
    |xor_ln52_18_fu_1703_p2               |       xor|   0|  0|   2|           1|           2|
    |xor_ln52_19_fu_1721_p2               |       xor|   0|  0|   2|           2|           1|
    |xor_ln52_1_fu_845_p2                 |       xor|   0|  0|   2|           2|           1|
    |xor_ln52_20_fu_1733_p2               |       xor|   0|  0|   2|           1|           2|
    |xor_ln52_21_fu_1849_p2               |       xor|   0|  0|   2|           1|           2|
    |xor_ln52_22_fu_1867_p2               |       xor|   0|  0|   2|           2|           1|
    |xor_ln52_23_fu_1879_p2               |       xor|   0|  0|   2|           1|           2|
    |xor_ln52_24_fu_1995_p2               |       xor|   0|  0|   2|           1|           2|
    |xor_ln52_25_fu_2013_p2               |       xor|   0|  0|   2|           2|           1|
    |xor_ln52_26_fu_2025_p2               |       xor|   0|  0|   2|           1|           2|
    |xor_ln52_27_fu_2141_p2               |       xor|   0|  0|   2|           1|           2|
    |xor_ln52_28_fu_2159_p2               |       xor|   0|  0|   2|           2|           1|
    |xor_ln52_29_fu_2171_p2               |       xor|   0|  0|   2|           1|           2|
    |xor_ln52_2_fu_857_p2                 |       xor|   0|  0|   2|           1|           2|
    |xor_ln52_30_fu_2287_p2               |       xor|   0|  0|   2|           1|           2|
    |xor_ln52_31_fu_2305_p2               |       xor|   0|  0|   2|           2|           1|
    |xor_ln52_32_fu_2317_p2               |       xor|   0|  0|   2|           1|           2|
    |xor_ln52_33_fu_2433_p2               |       xor|   0|  0|   2|           1|           2|
    |xor_ln52_34_fu_2451_p2               |       xor|   0|  0|   2|           2|           1|
    |xor_ln52_35_fu_2463_p2               |       xor|   0|  0|   2|           1|           2|
    |xor_ln52_36_fu_2579_p2               |       xor|   0|  0|   2|           1|           2|
    |xor_ln52_37_fu_2597_p2               |       xor|   0|  0|   2|           2|           1|
    |xor_ln52_38_fu_2609_p2               |       xor|   0|  0|   2|           1|           2|
    |xor_ln52_39_fu_2725_p2               |       xor|   0|  0|   2|           1|           2|
    |xor_ln52_3_fu_973_p2                 |       xor|   0|  0|   2|           1|           2|
    |xor_ln52_40_fu_2743_p2               |       xor|   0|  0|   2|           2|           1|
    |xor_ln52_41_fu_2755_p2               |       xor|   0|  0|   2|           1|           2|
    |xor_ln52_42_fu_2871_p2               |       xor|   0|  0|   2|           1|           2|
    |xor_ln52_43_fu_2889_p2               |       xor|   0|  0|   2|           2|           1|
    |xor_ln52_44_fu_2901_p2               |       xor|   0|  0|   2|           1|           2|
    |xor_ln52_45_fu_3017_p2               |       xor|   0|  0|   2|           1|           2|
    |xor_ln52_46_fu_3035_p2               |       xor|   0|  0|   2|           2|           1|
    |xor_ln52_47_fu_3047_p2               |       xor|   0|  0|   2|           1|           2|
    |xor_ln52_48_fu_3163_p2               |       xor|   0|  0|   2|           1|           2|
    |xor_ln52_49_fu_3181_p2               |       xor|   0|  0|   2|           2|           1|
    |xor_ln52_4_fu_991_p2                 |       xor|   0|  0|   2|           2|           1|
    |xor_ln52_50_fu_3193_p2               |       xor|   0|  0|   2|           1|           2|
    |xor_ln52_51_fu_3309_p2               |       xor|   0|  0|   2|           1|           2|
    |xor_ln52_52_fu_3327_p2               |       xor|   0|  0|   2|           2|           1|
    |xor_ln52_53_fu_3339_p2               |       xor|   0|  0|   2|           1|           2|
    |xor_ln52_54_fu_3455_p2               |       xor|   0|  0|   2|           1|           2|
    |xor_ln52_55_fu_3473_p2               |       xor|   0|  0|   2|           2|           1|
    |xor_ln52_56_fu_3485_p2               |       xor|   0|  0|   2|           1|           2|
    |xor_ln52_57_fu_3601_p2               |       xor|   0|  0|   2|           1|           2|
    |xor_ln52_58_fu_3619_p2               |       xor|   0|  0|   2|           2|           1|
    |xor_ln52_59_fu_3631_p2               |       xor|   0|  0|   2|           1|           2|
    |xor_ln52_5_fu_1003_p2                |       xor|   0|  0|   2|           1|           2|
    |xor_ln52_60_fu_3747_p2               |       xor|   0|  0|   2|           1|           2|
    |xor_ln52_61_fu_3765_p2               |       xor|   0|  0|   2|           2|           1|
    |xor_ln52_62_fu_3777_p2               |       xor|   0|  0|   2|           1|           2|
    |xor_ln52_63_fu_3893_p2               |       xor|   0|  0|   2|           1|           2|
    |xor_ln52_64_fu_3911_p2               |       xor|   0|  0|   2|           2|           1|
    |xor_ln52_65_fu_3923_p2               |       xor|   0|  0|   2|           1|           2|
    |xor_ln52_66_fu_4039_p2               |       xor|   0|  0|   2|           1|           2|
    |xor_ln52_67_fu_4057_p2               |       xor|   0|  0|   2|           2|           1|
    |xor_ln52_68_fu_4069_p2               |       xor|   0|  0|   2|           1|           2|
    |xor_ln52_69_fu_4185_p2               |       xor|   0|  0|   2|           1|           2|
    |xor_ln52_6_fu_1119_p2                |       xor|   0|  0|   2|           1|           2|
    |xor_ln52_70_fu_4203_p2               |       xor|   0|  0|   2|           2|           1|
    |xor_ln52_71_fu_4215_p2               |       xor|   0|  0|   2|           1|           2|
    |xor_ln52_72_fu_4331_p2               |       xor|   0|  0|   2|           1|           2|
    |xor_ln52_73_fu_4349_p2               |       xor|   0|  0|   2|           2|           1|
    |xor_ln52_74_fu_4361_p2               |       xor|   0|  0|   2|           1|           2|
    |xor_ln52_75_fu_4477_p2               |       xor|   0|  0|   2|           1|           2|
    |xor_ln52_76_fu_4495_p2               |       xor|   0|  0|   2|           2|           1|
    |xor_ln52_77_fu_4507_p2               |       xor|   0|  0|   2|           1|           2|
    |xor_ln52_78_fu_4623_p2               |       xor|   0|  0|   2|           1|           2|
    |xor_ln52_79_fu_4641_p2               |       xor|   0|  0|   2|           2|           1|
    |xor_ln52_7_fu_1137_p2                |       xor|   0|  0|   2|           2|           1|
    |xor_ln52_80_fu_4653_p2               |       xor|   0|  0|   2|           1|           2|
    |xor_ln52_81_fu_4769_p2               |       xor|   0|  0|   2|           1|           2|
    |xor_ln52_82_fu_4787_p2               |       xor|   0|  0|   2|           2|           1|
    |xor_ln52_83_fu_4799_p2               |       xor|   0|  0|   2|           1|           2|
    |xor_ln52_84_fu_4915_p2               |       xor|   0|  0|   2|           1|           2|
    |xor_ln52_85_fu_4933_p2               |       xor|   0|  0|   2|           2|           1|
    |xor_ln52_86_fu_4945_p2               |       xor|   0|  0|   2|           1|           2|
    |xor_ln52_87_fu_5061_p2               |       xor|   0|  0|   2|           1|           2|
    |xor_ln52_88_fu_5079_p2               |       xor|   0|  0|   2|           2|           1|
    |xor_ln52_89_fu_5091_p2               |       xor|   0|  0|   2|           1|           2|
    |xor_ln52_8_fu_1149_p2                |       xor|   0|  0|   2|           1|           2|
    |xor_ln52_90_fu_5207_p2               |       xor|   0|  0|   2|           1|           2|
    |xor_ln52_91_fu_5225_p2               |       xor|   0|  0|   2|           2|           1|
    |xor_ln52_92_fu_5237_p2               |       xor|   0|  0|   2|           1|           2|
    |xor_ln52_93_fu_5353_p2               |       xor|   0|  0|   2|           1|           2|
    |xor_ln52_94_fu_5371_p2               |       xor|   0|  0|   2|           2|           1|
    |xor_ln52_95_fu_5383_p2               |       xor|   0|  0|   2|           1|           2|
    |xor_ln52_9_fu_1265_p2                |       xor|   0|  0|   2|           1|           2|
    |xor_ln52_fu_827_p2                   |       xor|   0|  0|   2|           1|           2|
    +-------------------------------------+----------+----+---+----+------------+------------+
    |Total                                |          |   0|  0|2786|        1473|        1121|
    +-------------------------------------+----------+----+---+----+------------+------------+

    * Multiplexer: 
    +------------------+----+-----------+-----+-----------+
    |       Name       | LUT| Input Size| Bits| Total Bits|
    +------------------+----+-----------+-----+-----------+
    |ap_done           |   9|          2|    1|          2|
    |layer5_out_blk_n  |   9|          2|    1|          2|
    |layer6_out_blk_n  |   9|          2|    1|          2|
    |real_start        |   9|          2|    1|          2|
    +------------------+----+-----------+-----+-----------+
    |Total             |  36|          8|    4|          8|
    +------------------+----+-----------+-----+-----------+

    * Register: 
    +----------------+---+----+-----+-----------+
    |      Name      | FF| LUT| Bits| Const Bits|
    +----------------+---+----+-----+-----------+
    |ap_CS_fsm       |  1|   0|    1|          0|
    |ap_done_reg     |  1|   0|    1|          0|
    |start_once_reg  |  1|   0|    1|          0|
    +----------------+---+----+-----+-----------+
    |Total           |  3|   0|    3|          0|
    +----------------+---+----+-----+-----------+



================================================================
== Interface
================================================================
* Summary: 
+---------------------------+-----+-----+------------+-----------------------------------------------------------------------+--------------+
|         RTL Ports         | Dir | Bits|  Protocol  |                             Source Object                             |    C Type    |
+---------------------------+-----+-----+------------+-----------------------------------------------------------------------+--------------+
|ap_clk                     |   in|    1|  ap_ctrl_hs|  relu<array<ap_fixed,32u>,array<ap_fixed<6,4,0,0,0>,32u>,relu_config6>|  return value|
|ap_rst                     |   in|    1|  ap_ctrl_hs|  relu<array<ap_fixed,32u>,array<ap_fixed<6,4,0,0,0>,32u>,relu_config6>|  return value|
|ap_start                   |   in|    1|  ap_ctrl_hs|  relu<array<ap_fixed,32u>,array<ap_fixed<6,4,0,0,0>,32u>,relu_config6>|  return value|
|start_full_n               |   in|    1|  ap_ctrl_hs|  relu<array<ap_fixed,32u>,array<ap_fixed<6,4,0,0,0>,32u>,relu_config6>|  return value|
|ap_done                    |  out|    1|  ap_ctrl_hs|  relu<array<ap_fixed,32u>,array<ap_fixed<6,4,0,0,0>,32u>,relu_config6>|  return value|
|ap_continue                |   in|    1|  ap_ctrl_hs|  relu<array<ap_fixed,32u>,array<ap_fixed<6,4,0,0,0>,32u>,relu_config6>|  return value|
|ap_idle                    |  out|    1|  ap_ctrl_hs|  relu<array<ap_fixed,32u>,array<ap_fixed<6,4,0,0,0>,32u>,relu_config6>|  return value|
|ap_ready                   |  out|    1|  ap_ctrl_hs|  relu<array<ap_fixed,32u>,array<ap_fixed<6,4,0,0,0>,32u>,relu_config6>|  return value|
|start_out                  |  out|    1|  ap_ctrl_hs|  relu<array<ap_fixed,32u>,array<ap_fixed<6,4,0,0,0>,32u>,relu_config6>|  return value|
|start_write                |  out|    1|  ap_ctrl_hs|  relu<array<ap_fixed,32u>,array<ap_fixed<6,4,0,0,0>,32u>,relu_config6>|  return value|
|layer5_out_dout            |   in|  576|     ap_fifo|                                                             layer5_out|       pointer|
|layer5_out_empty_n         |   in|    1|     ap_fifo|                                                             layer5_out|       pointer|
|layer5_out_read            |  out|    1|     ap_fifo|                                                             layer5_out|       pointer|
|layer5_out_num_data_valid  |   in|    2|     ap_fifo|                                                             layer5_out|       pointer|
|layer5_out_fifo_cap        |   in|    2|     ap_fifo|                                                             layer5_out|       pointer|
|layer6_out_din             |  out|  192|     ap_fifo|                                                             layer6_out|       pointer|
|layer6_out_full_n          |   in|    1|     ap_fifo|                                                             layer6_out|       pointer|
|layer6_out_write           |  out|    1|     ap_fifo|                                                             layer6_out|       pointer|
|layer6_out_num_data_valid  |   in|    2|     ap_fifo|                                                             layer6_out|       pointer|
|layer6_out_fifo_cap        |   in|    2|     ap_fifo|                                                             layer6_out|       pointer|
+---------------------------+-----+-----+------------+-----------------------------------------------------------------------+--------------+

============================================================
+ Verbose Summary: Synthesis Manager
============================================================
InlineROM: 1
ExposeGlobal: 0
============================================================
+ Verbose Summary: CDFG Model
============================================================
IsTopModel: 0
ResetActiveHigh: 1
IsCombinational: 2
IsDatapathOnly: 0
HasWiredReturn: 1
HasMFsm: 0
HasVarLatency: 0
IsPipeline: 0
IsRtlPipelined: 0
IsInstanceOverlapped: 0
IsDontTouch: 0
HasImplIP: 0
IsGatedGlobalClock: 0


============================================================
+ Verbose Summary: Schedule
============================================================
* Number of FSM states : 1
* Pipeline : 0
* Dataflow Pipeline: 0

* FSM state transitions: 
1 --> 

* FSM state operations: 

State 1 <SV = 0> <Delay = 11.2>
ST_1 : Operation 2 [1/1] (0.00ns)   --->   "%specinterface_ln0 = specinterface void @_ssdm_op_SpecInterface, i192 %layer6_out, void @empty_2, i32 0, i32 0, void @empty_1, i32 0, i32 0, void @empty_1, void @empty_1, void @empty_1, i32 0, i32 0, i32 0, i32 0, void @empty_1, void @empty_1, i32 4294967295, i32 0, i32 0"   --->   Operation 2 'specinterface' 'specinterface_ln0' <Predicate = true> <Delay = 0.00>
ST_1 : Operation 3 [1/1] (0.00ns)   --->   "%specinterface_ln0 = specinterface void @_ssdm_op_SpecInterface, i576 %layer5_out, void @empty_2, i32 0, i32 0, void @empty_1, i32 0, i32 0, void @empty_1, void @empty_1, void @empty_1, i32 0, i32 0, i32 0, i32 0, void @empty_1, void @empty_1, i32 4294967295, i32 0, i32 0"   --->   Operation 3 'specinterface' 'specinterface_ln0' <Predicate = true> <Delay = 0.00>
ST_1 : Operation 4 [1/1] ( I:3.63ns O:3.63ns )   --->   "%layer5_out_read = read i576 @_ssdm_op_Read.ap_fifo.volatile.i576P0A, i576 %layer5_out" [firmware/nnet_utils/nnet_activation_stream.h:44]   --->   Operation 4 'read' 'layer5_out_read' <Predicate = true> <Delay = 3.63> <CoreInst = "FIFO_SRL">   --->   Core 80 'FIFO_SRL' <Latency = 0> <II = 1> <Delay = 3.63> <Storage> <Opcode : 'read' 'write' 'nbread' 'nbwrite'> <Ports = 0> <Width = 576> <Depth = 1> <FIFO>
ST_1 : Operation 5 [1/1] (0.00ns)   --->   "%trunc_ln44 = trunc i576 %layer5_out_read" [firmware/nnet_utils/nnet_activation_stream.h:44]   --->   Operation 5 'trunc' 'trunc_ln44' <Predicate = true> <Delay = 0.00>
ST_1 : Operation 6 [1/1] (0.00ns)   --->   "%trunc_ln44_s = partselect i18 @_ssdm_op_PartSelect.i18.i576.i32.i32, i576 %layer5_out_read, i32 18, i32 35" [firmware/nnet_utils/nnet_activation_stream.h:44]   --->   Operation 6 'partselect' 'trunc_ln44_s' <Predicate = true> <Delay = 0.00>
ST_1 : Operation 7 [1/1] (0.00ns)   --->   "%trunc_ln44_1 = partselect i18 @_ssdm_op_PartSelect.i18.i576.i32.i32, i576 %layer5_out_read, i32 36, i32 53" [firmware/nnet_utils/nnet_activation_stream.h:44]   --->   Operation 7 'partselect' 'trunc_ln44_1' <Predicate = true> <Delay = 0.00>
ST_1 : Operation 8 [1/1] (0.00ns)   --->   "%trunc_ln44_2 = partselect i18 @_ssdm_op_PartSelect.i18.i576.i32.i32, i576 %layer5_out_read, i32 54, i32 71" [firmware/nnet_utils/nnet_activation_stream.h:44]   --->   Operation 8 'partselect' 'trunc_ln44_2' <Predicate = true> <Delay = 0.00>
ST_1 : Operation 9 [1/1] (0.00ns)   --->   "%trunc_ln44_3 = partselect i18 @_ssdm_op_PartSelect.i18.i576.i32.i32, i576 %layer5_out_read, i32 72, i32 89" [firmware/nnet_utils/nnet_activation_stream.h:44]   --->   Operation 9 'partselect' 'trunc_ln44_3' <Predicate = true> <Delay = 0.00>
ST_1 : Operation 10 [1/1] (0.00ns)   --->   "%trunc_ln44_4 = partselect i18 @_ssdm_op_PartSelect.i18.i576.i32.i32, i576 %layer5_out_read, i32 90, i32 107" [firmware/nnet_utils/nnet_activation_stream.h:44]   --->   Operation 10 'partselect' 'trunc_ln44_4' <Predicate = true> <Delay = 0.00>
ST_1 : Operation 11 [1/1] (0.00ns)   --->   "%trunc_ln44_5 = partselect i18 @_ssdm_op_PartSelect.i18.i576.i32.i32, i576 %layer5_out_read, i32 108, i32 125" [firmware/nnet_utils/nnet_activation_stream.h:44]   --->   Operation 11 'partselect' 'trunc_ln44_5' <Predicate = true> <Delay = 0.00>
ST_1 : Operation 12 [1/1] (0.00ns)   --->   "%trunc_ln44_6 = partselect i18 @_ssdm_op_PartSelect.i18.i576.i32.i32, i576 %layer5_out_read, i32 126, i32 143" [firmware/nnet_utils/nnet_activation_stream.h:44]   --->   Operation 12 'partselect' 'trunc_ln44_6' <Predicate = true> <Delay = 0.00>
ST_1 : Operation 13 [1/1] (0.00ns)   --->   "%trunc_ln44_7 = partselect i18 @_ssdm_op_PartSelect.i18.i576.i32.i32, i576 %layer5_out_read, i32 144, i32 161" [firmware/nnet_utils/nnet_activation_stream.h:44]   --->   Operation 13 'partselect' 'trunc_ln44_7' <Predicate = true> <Delay = 0.00>
ST_1 : Operation 14 [1/1] (0.00ns)   --->   "%trunc_ln44_8 = partselect i18 @_ssdm_op_PartSelect.i18.i576.i32.i32, i576 %layer5_out_read, i32 162, i32 179" [firmware/nnet_utils/nnet_activation_stream.h:44]   --->   Operation 14 'partselect' 'trunc_ln44_8' <Predicate = true> <Delay = 0.00>
ST_1 : Operation 15 [1/1] (0.00ns)   --->   "%trunc_ln44_9 = partselect i18 @_ssdm_op_PartSelect.i18.i576.i32.i32, i576 %layer5_out_read, i32 180, i32 197" [firmware/nnet_utils/nnet_activation_stream.h:44]   --->   Operation 15 'partselect' 'trunc_ln44_9' <Predicate = true> <Delay = 0.00>
ST_1 : Operation 16 [1/1] (0.00ns)   --->   "%trunc_ln44_10 = partselect i18 @_ssdm_op_PartSelect.i18.i576.i32.i32, i576 %layer5_out_read, i32 198, i32 215" [firmware/nnet_utils/nnet_activation_stream.h:44]   --->   Operation 16 'partselect' 'trunc_ln44_10' <Predicate = true> <Delay = 0.00>
ST_1 : Operation 17 [1/1] (0.00ns)   --->   "%trunc_ln44_11 = partselect i18 @_ssdm_op_PartSelect.i18.i576.i32.i32, i576 %layer5_out_read, i32 216, i32 233" [firmware/nnet_utils/nnet_activation_stream.h:44]   --->   Operation 17 'partselect' 'trunc_ln44_11' <Predicate = true> <Delay = 0.00>
ST_1 : Operation 18 [1/1] (0.00ns)   --->   "%trunc_ln44_12 = partselect i18 @_ssdm_op_PartSelect.i18.i576.i32.i32, i576 %layer5_out_read, i32 234, i32 251" [firmware/nnet_utils/nnet_activation_stream.h:44]   --->   Operation 18 'partselect' 'trunc_ln44_12' <Predicate = true> <Delay = 0.00>
ST_1 : Operation 19 [1/1] (0.00ns)   --->   "%trunc_ln44_13 = partselect i18 @_ssdm_op_PartSelect.i18.i576.i32.i32, i576 %layer5_out_read, i32 252, i32 269" [firmware/nnet_utils/nnet_activation_stream.h:44]   --->   Operation 19 'partselect' 'trunc_ln44_13' <Predicate = true> <Delay = 0.00>
ST_1 : Operation 20 [1/1] (0.00ns)   --->   "%trunc_ln44_14 = partselect i18 @_ssdm_op_PartSelect.i18.i576.i32.i32, i576 %layer5_out_read, i32 270, i32 287" [firmware/nnet_utils/nnet_activation_stream.h:44]   --->   Operation 20 'partselect' 'trunc_ln44_14' <Predicate = true> <Delay = 0.00>
ST_1 : Operation 21 [1/1] (0.00ns)   --->   "%trunc_ln44_15 = partselect i18 @_ssdm_op_PartSelect.i18.i576.i32.i32, i576 %layer5_out_read, i32 288, i32 305" [firmware/nnet_utils/nnet_activation_stream.h:44]   --->   Operation 21 'partselect' 'trunc_ln44_15' <Predicate = true> <Delay = 0.00>
ST_1 : Operation 22 [1/1] (0.00ns)   --->   "%trunc_ln44_16 = partselect i18 @_ssdm_op_PartSelect.i18.i576.i32.i32, i576 %layer5_out_read, i32 306, i32 323" [firmware/nnet_utils/nnet_activation_stream.h:44]   --->   Operation 22 'partselect' 'trunc_ln44_16' <Predicate = true> <Delay = 0.00>
ST_1 : Operation 23 [1/1] (0.00ns)   --->   "%trunc_ln44_17 = partselect i18 @_ssdm_op_PartSelect.i18.i576.i32.i32, i576 %layer5_out_read, i32 324, i32 341" [firmware/nnet_utils/nnet_activation_stream.h:44]   --->   Operation 23 'partselect' 'trunc_ln44_17' <Predicate = true> <Delay = 0.00>
ST_1 : Operation 24 [1/1] (0.00ns)   --->   "%trunc_ln44_18 = partselect i18 @_ssdm_op_PartSelect.i18.i576.i32.i32, i576 %layer5_out_read, i32 342, i32 359" [firmware/nnet_utils/nnet_activation_stream.h:44]   --->   Operation 24 'partselect' 'trunc_ln44_18' <Predicate = true> <Delay = 0.00>
ST_1 : Operation 25 [1/1] (0.00ns)   --->   "%trunc_ln44_19 = partselect i18 @_ssdm_op_PartSelect.i18.i576.i32.i32, i576 %layer5_out_read, i32 360, i32 377" [firmware/nnet_utils/nnet_activation_stream.h:44]   --->   Operation 25 'partselect' 'trunc_ln44_19' <Predicate = true> <Delay = 0.00>
ST_1 : Operation 26 [1/1] (0.00ns)   --->   "%trunc_ln44_20 = partselect i18 @_ssdm_op_PartSelect.i18.i576.i32.i32, i576 %layer5_out_read, i32 378, i32 395" [firmware/nnet_utils/nnet_activation_stream.h:44]   --->   Operation 26 'partselect' 'trunc_ln44_20' <Predicate = true> <Delay = 0.00>
ST_1 : Operation 27 [1/1] (0.00ns)   --->   "%trunc_ln44_21 = partselect i18 @_ssdm_op_PartSelect.i18.i576.i32.i32, i576 %layer5_out_read, i32 396, i32 413" [firmware/nnet_utils/nnet_activation_stream.h:44]   --->   Operation 27 'partselect' 'trunc_ln44_21' <Predicate = true> <Delay = 0.00>
ST_1 : Operation 28 [1/1] (0.00ns)   --->   "%trunc_ln44_22 = partselect i18 @_ssdm_op_PartSelect.i18.i576.i32.i32, i576 %layer5_out_read, i32 414, i32 431" [firmware/nnet_utils/nnet_activation_stream.h:44]   --->   Operation 28 'partselect' 'trunc_ln44_22' <Predicate = true> <Delay = 0.00>
ST_1 : Operation 29 [1/1] (0.00ns)   --->   "%trunc_ln44_23 = partselect i18 @_ssdm_op_PartSelect.i18.i576.i32.i32, i576 %layer5_out_read, i32 432, i32 449" [firmware/nnet_utils/nnet_activation_stream.h:44]   --->   Operation 29 'partselect' 'trunc_ln44_23' <Predicate = true> <Delay = 0.00>
ST_1 : Operation 30 [1/1] (0.00ns)   --->   "%trunc_ln44_24 = partselect i18 @_ssdm_op_PartSelect.i18.i576.i32.i32, i576 %layer5_out_read, i32 450, i32 467" [firmware/nnet_utils/nnet_activation_stream.h:44]   --->   Operation 30 'partselect' 'trunc_ln44_24' <Predicate = true> <Delay = 0.00>
ST_1 : Operation 31 [1/1] (0.00ns)   --->   "%trunc_ln44_25 = partselect i18 @_ssdm_op_PartSelect.i18.i576.i32.i32, i576 %layer5_out_read, i32 468, i32 485" [firmware/nnet_utils/nnet_activation_stream.h:44]   --->   Operation 31 'partselect' 'trunc_ln44_25' <Predicate = true> <Delay = 0.00>
ST_1 : Operation 32 [1/1] (0.00ns)   --->   "%trunc_ln44_26 = partselect i18 @_ssdm_op_PartSelect.i18.i576.i32.i32, i576 %layer5_out_read, i32 486, i32 503" [firmware/nnet_utils/nnet_activation_stream.h:44]   --->   Operation 32 'partselect' 'trunc_ln44_26' <Predicate = true> <Delay = 0.00>
ST_1 : Operation 33 [1/1] (0.00ns)   --->   "%trunc_ln44_27 = partselect i18 @_ssdm_op_PartSelect.i18.i576.i32.i32, i576 %layer5_out_read, i32 504, i32 521" [firmware/nnet_utils/nnet_activation_stream.h:44]   --->   Operation 33 'partselect' 'trunc_ln44_27' <Predicate = true> <Delay = 0.00>
ST_1 : Operation 34 [1/1] (0.00ns)   --->   "%trunc_ln44_28 = partselect i18 @_ssdm_op_PartSelect.i18.i576.i32.i32, i576 %layer5_out_read, i32 522, i32 539" [firmware/nnet_utils/nnet_activation_stream.h:44]   --->   Operation 34 'partselect' 'trunc_ln44_28' <Predicate = true> <Delay = 0.00>
ST_1 : Operation 35 [1/1] (0.00ns)   --->   "%trunc_ln44_29 = partselect i18 @_ssdm_op_PartSelect.i18.i576.i32.i32, i576 %layer5_out_read, i32 540, i32 557" [firmware/nnet_utils/nnet_activation_stream.h:44]   --->   Operation 35 'partselect' 'trunc_ln44_29' <Predicate = true> <Delay = 0.00>
ST_1 : Operation 36 [1/1] (0.00ns)   --->   "%trunc_ln44_30 = partselect i18 @_ssdm_op_PartSelect.i18.i576.i32.i32, i576 %layer5_out_read, i32 558, i32 575" [firmware/nnet_utils/nnet_activation_stream.h:44]   --->   Operation 36 'partselect' 'trunc_ln44_30' <Predicate = true> <Delay = 0.00>
ST_1 : Operation 37 [1/1] (2.13ns)   --->   "%icmp_ln51 = icmp_sgt  i18 %trunc_ln44, i18 0" [firmware/nnet_utils/nnet_activation_stream.h:51]   --->   Operation 37 'icmp' 'icmp_ln51' <Predicate = true> <Delay = 2.13> <CoreInst = "Cmp">   --->   Core 9 'Cmp' <Latency = 0> <II = 1> <Delay = 2.13> <FuncUnit> <Opcode : 'seteq' 'setne' 'setle' 'setge' 'setlt' 'setgt'> <InPorts = 2> <OutPorts = 1>
ST_1 : Operation 38 [1/1] (0.00ns)   --->   "%tmp = bitselect i1 @_ssdm_op_BitSelect.i1.i576.i32, i576 %layer5_out_read, i32 17" [firmware/nnet_utils/nnet_activation_stream.h:52]   --->   Operation 38 'bitselect' 'tmp' <Predicate = (icmp_ln51)> <Delay = 0.00>
ST_1 : Operation 39 [1/1] (0.00ns)   --->   "%trunc_ln1 = partselect i6 @_ssdm_op_PartSelect.i6.i576.i32.i32, i576 %layer5_out_read, i32 2, i32 7" [firmware/nnet_utils/nnet_activation_stream.h:52]   --->   Operation 39 'partselect' 'trunc_ln1' <Predicate = (icmp_ln51)> <Delay = 0.00>
ST_1 : Operation 40 [1/1] (0.00ns)   --->   "%tmp_1 = bitselect i1 @_ssdm_op_BitSelect.i1.i576.i32, i576 %layer5_out_read, i32 1" [firmware/nnet_utils/nnet_activation_stream.h:52]   --->   Operation 40 'bitselect' 'tmp_1' <Predicate = (icmp_ln51)> <Delay = 0.00>
ST_1 : Operation 41 [1/1] (0.00ns) (grouped into LUT with out node and_ln52_1)   --->   "%tmp_2 = bitselect i1 @_ssdm_op_BitSelect.i1.i576.i32, i576 %layer5_out_read, i32 7" [firmware/nnet_utils/nnet_activation_stream.h:52]   --->   Operation 41 'bitselect' 'tmp_2' <Predicate = (icmp_ln51)> <Delay = 0.00>
ST_1 : Operation 42 [1/1] (0.00ns)   --->   "%zext_ln52 = zext i1 %tmp_1" [firmware/nnet_utils/nnet_activation_stream.h:52]   --->   Operation 42 'zext' 'zext_ln52' <Predicate = (icmp_ln51)> <Delay = 0.00>
ST_1 : Operation 43 [1/1] (1.82ns)   --->   "%add_ln52 = add i6 %trunc_ln1, i6 %zext_ln52" [firmware/nnet_utils/nnet_activation_stream.h:52]   --->   Operation 43 'add' 'add_ln52' <Predicate = (icmp_ln51)> <Delay = 1.82> <CoreInst = "Adder">   --->   Core 1 'Adder' <Latency = 0> <II = 1> <Delay = 1.82> <FuncUnit> <Opcode : 'add' 'sub'> <InPorts = 2> <OutPorts = 1>
ST_1 : Operation 44 [1/1] (0.00ns)   --->   "%tmp_3 = bitselect i1 @_ssdm_op_BitSelect.i1.i6.i32, i6 %add_ln52, i32 5" [firmware/nnet_utils/nnet_activation_stream.h:52]   --->   Operation 44 'bitselect' 'tmp_3' <Predicate = (icmp_ln51)> <Delay = 0.00>
ST_1 : Operation 45 [1/1] (0.00ns)   --->   "%tmp_4 = partselect i10 @_ssdm_op_PartSelect.i10.i576.i32.i32, i576 %layer5_out_read, i32 8, i32 17" [firmware/nnet_utils/nnet_activation_stream.h:52]   --->   Operation 45 'partselect' 'tmp_4' <Predicate = (icmp_ln51)> <Delay = 0.00>
ST_1 : Operation 46 [1/1] (1.73ns)   --->   "%icmp_ln52 = icmp_eq  i10 %tmp_4, i10 0" [firmware/nnet_utils/nnet_activation_stream.h:52]   --->   Operation 46 'icmp' 'icmp_ln52' <Predicate = (icmp_ln51)> <Delay = 1.73> <CoreInst = "Cmp">   --->   Core 9 'Cmp' <Latency = 0> <II = 1> <Delay = 1.73> <FuncUnit> <Opcode : 'seteq' 'setne' 'setle' 'setge' 'setlt' 'setgt'> <InPorts = 2> <OutPorts = 1>
ST_1 : Operation 47 [1/1] (0.00ns) (grouped into LUT with out node and_ln52_1)   --->   "%xor_ln52 = xor i1 %tmp_2, i1 1" [firmware/nnet_utils/nnet_activation_stream.h:52]   --->   Operation 47 'xor' 'xor_ln52' <Predicate = (icmp_ln51)> <Delay = 0.00> <CoreInst = "LogicGate">   --->   Core 74 'LogicGate' <Latency = 0> <II = 1> <Delay = 0.97> <FuncUnit> <Opcode : 'and' 'or' 'xor'> <InPorts = 2> <OutPorts = 1>
ST_1 : Operation 48 [1/1] (0.00ns) (grouped into LUT with out node and_ln52_1)   --->   "%or_ln52_1 = or i1 %tmp_3, i1 %xor_ln52" [firmware/nnet_utils/nnet_activation_stream.h:52]   --->   Operation 48 'or' 'or_ln52_1' <Predicate = (icmp_ln51)> <Delay = 0.00> <CoreInst = "LogicGate">   --->   Core 74 'LogicGate' <Latency = 0> <II = 1> <Delay = 0.97> <FuncUnit> <Opcode : 'and' 'or' 'xor'> <InPorts = 2> <OutPorts = 1>
ST_1 : Operation 49 [1/1] (0.00ns) (grouped into LUT with out node and_ln52_1)   --->   "%and_ln52 = and i1 %icmp_ln52, i1 %or_ln52_1" [firmware/nnet_utils/nnet_activation_stream.h:52]   --->   Operation 49 'and' 'and_ln52' <Predicate = (icmp_ln51)> <Delay = 0.00> <CoreInst = "LogicGate">   --->   Core 74 'LogicGate' <Latency = 0> <II = 1> <Delay = 0.97> <FuncUnit> <Opcode : 'and' 'or' 'xor'> <InPorts = 2> <OutPorts = 1>
ST_1 : Operation 50 [1/1] (0.00ns) (grouped into LUT with out node and_ln52_1)   --->   "%xor_ln52_1 = xor i1 %and_ln52, i1 1" [firmware/nnet_utils/nnet_activation_stream.h:52]   --->   Operation 50 'xor' 'xor_ln52_1' <Predicate = (icmp_ln51)> <Delay = 0.00> <CoreInst = "LogicGate">   --->   Core 74 'LogicGate' <Latency = 0> <II = 1> <Delay = 0.97> <FuncUnit> <Opcode : 'and' 'or' 'xor'> <InPorts = 2> <OutPorts = 1>
ST_1 : Operation 51 [1/1] (0.00ns) (grouped into LUT with out node and_ln52_1)   --->   "%or_ln52 = or i1 %tmp_3, i1 %xor_ln52_1" [firmware/nnet_utils/nnet_activation_stream.h:52]   --->   Operation 51 'or' 'or_ln52' <Predicate = (icmp_ln51)> <Delay = 0.00> <CoreInst = "LogicGate">   --->   Core 74 'LogicGate' <Latency = 0> <II = 1> <Delay = 0.97> <FuncUnit> <Opcode : 'and' 'or' 'xor'> <InPorts = 2> <OutPorts = 1>
ST_1 : Operation 52 [1/1] (0.00ns) (grouped into LUT with out node and_ln52_1)   --->   "%xor_ln52_2 = xor i1 %tmp, i1 1" [firmware/nnet_utils/nnet_activation_stream.h:52]   --->   Operation 52 'xor' 'xor_ln52_2' <Predicate = (icmp_ln51)> <Delay = 0.00> <CoreInst = "LogicGate">   --->   Core 74 'LogicGate' <Latency = 0> <II = 1> <Delay = 0.97> <FuncUnit> <Opcode : 'and' 'or' 'xor'> <InPorts = 2> <OutPorts = 1>
ST_1 : Operation 53 [1/1] (0.97ns) (out node of the LUT)   --->   "%and_ln52_1 = and i1 %or_ln52, i1 %xor_ln52_2" [firmware/nnet_utils/nnet_activation_stream.h:52]   --->   Operation 53 'and' 'and_ln52_1' <Predicate = (icmp_ln51)> <Delay = 0.97> <CoreInst = "LogicGate">   --->   Core 74 'LogicGate' <Latency = 0> <II = 1> <Delay = 0.97> <FuncUnit> <Opcode : 'and' 'or' 'xor'> <InPorts = 2> <OutPorts = 1>
ST_1 : Operation 54 [1/1] (0.00ns) (grouped into LUT with out node out_data_0_0_0_0_0_load)   --->   "%select_ln52 = select i1 %and_ln52_1, i6 31, i6 32" [firmware/nnet_utils/nnet_activation_stream.h:52]   --->   Operation 54 'select' 'select_ln52' <Predicate = (or_ln52_2 & icmp_ln51)> <Delay = 0.00> <CoreInst = "Sel">   --->   Core 73 'Sel' <Latency = 0> <II = 1> <Delay = 0.99> <FuncUnit> <Opcode : 'select'> <InPorts = 3> <OutPorts = 1>
ST_1 : Operation 55 [1/1] (0.00ns) (grouped into LUT with out node out_data_0_0_0_0_0_load)   --->   "%or_ln52_2 = or i1 %and_ln52_1, i1 %tmp" [firmware/nnet_utils/nnet_activation_stream.h:52]   --->   Operation 55 'or' 'or_ln52_2' <Predicate = (icmp_ln51)> <Delay = 0.00> <CoreInst = "LogicGate">   --->   Core 74 'LogicGate' <Latency = 0> <II = 1> <Delay = 0.97> <FuncUnit> <Opcode : 'and' 'or' 'xor'> <InPorts = 2> <OutPorts = 1>
ST_1 : Operation 56 [1/1] (0.00ns) (grouped into LUT with out node out_data_0_0_0_0_0_load)   --->   "%select_ln52_1 = select i1 %or_ln52_2, i6 %select_ln52, i6 %add_ln52" [firmware/nnet_utils/nnet_activation_stream.h:52]   --->   Operation 56 'select' 'select_ln52_1' <Predicate = (icmp_ln51)> <Delay = 0.00> <CoreInst = "Sel">   --->   Core 73 'Sel' <Latency = 0> <II = 1> <Delay = 1.18> <FuncUnit> <Opcode : 'select'> <InPorts = 3> <OutPorts = 1>
ST_1 : Operation 57 [1/1] (1.18ns) (out node of the LUT)   --->   "%out_data_0_0_0_0_0_load = select i1 %icmp_ln51, i6 %select_ln52_1, i6 0" [firmware/nnet_utils/nnet_activation_stream.h:51]   --->   Operation 57 'select' 'out_data_0_0_0_0_0_load' <Predicate = true> <Delay = 1.18> <CoreInst = "Sel">   --->   Core 73 'Sel' <Latency = 0> <II = 1> <Delay = 1.18> <FuncUnit> <Opcode : 'select'> <InPorts = 3> <OutPorts = 1>
ST_1 : Operation 58 [1/1] (2.13ns)   --->   "%icmp_ln51_1 = icmp_sgt  i18 %trunc_ln44_s, i18 0" [firmware/nnet_utils/nnet_activation_stream.h:51]   --->   Operation 58 'icmp' 'icmp_ln51_1' <Predicate = true> <Delay = 2.13> <CoreInst = "Cmp">   --->   Core 9 'Cmp' <Latency = 0> <II = 1> <Delay = 2.13> <FuncUnit> <Opcode : 'seteq' 'setne' 'setle' 'setge' 'setlt' 'setgt'> <InPorts = 2> <OutPorts = 1>
ST_1 : Operation 59 [1/1] (0.00ns)   --->   "%tmp_5 = bitselect i1 @_ssdm_op_BitSelect.i1.i576.i32, i576 %layer5_out_read, i32 35" [firmware/nnet_utils/nnet_activation_stream.h:52]   --->   Operation 59 'bitselect' 'tmp_5' <Predicate = (icmp_ln51_1)> <Delay = 0.00>
ST_1 : Operation 60 [1/1] (0.00ns)   --->   "%trunc_ln52_s = partselect i6 @_ssdm_op_PartSelect.i6.i576.i32.i32, i576 %layer5_out_read, i32 20, i32 25" [firmware/nnet_utils/nnet_activation_stream.h:52]   --->   Operation 60 'partselect' 'trunc_ln52_s' <Predicate = (icmp_ln51_1)> <Delay = 0.00>
ST_1 : Operation 61 [1/1] (0.00ns)   --->   "%tmp_6 = bitselect i1 @_ssdm_op_BitSelect.i1.i576.i32, i576 %layer5_out_read, i32 19" [firmware/nnet_utils/nnet_activation_stream.h:52]   --->   Operation 61 'bitselect' 'tmp_6' <Predicate = (icmp_ln51_1)> <Delay = 0.00>
ST_1 : Operation 62 [1/1] (0.00ns) (grouped into LUT with out node and_ln52_3)   --->   "%tmp_7 = bitselect i1 @_ssdm_op_BitSelect.i1.i576.i32, i576 %layer5_out_read, i32 25" [firmware/nnet_utils/nnet_activation_stream.h:52]   --->   Operation 62 'bitselect' 'tmp_7' <Predicate = (icmp_ln51_1)> <Delay = 0.00>
ST_1 : Operation 63 [1/1] (0.00ns)   --->   "%zext_ln52_1 = zext i1 %tmp_6" [firmware/nnet_utils/nnet_activation_stream.h:52]   --->   Operation 63 'zext' 'zext_ln52_1' <Predicate = (icmp_ln51_1)> <Delay = 0.00>
ST_1 : Operation 64 [1/1] (1.82ns)   --->   "%add_ln52_1 = add i6 %trunc_ln52_s, i6 %zext_ln52_1" [firmware/nnet_utils/nnet_activation_stream.h:52]   --->   Operation 64 'add' 'add_ln52_1' <Predicate = (icmp_ln51_1)> <Delay = 1.82> <CoreInst = "Adder">   --->   Core 1 'Adder' <Latency = 0> <II = 1> <Delay = 1.82> <FuncUnit> <Opcode : 'add' 'sub'> <InPorts = 2> <OutPorts = 1>
ST_1 : Operation 65 [1/1] (0.00ns)   --->   "%tmp_8 = bitselect i1 @_ssdm_op_BitSelect.i1.i6.i32, i6 %add_ln52_1, i32 5" [firmware/nnet_utils/nnet_activation_stream.h:52]   --->   Operation 65 'bitselect' 'tmp_8' <Predicate = (icmp_ln51_1)> <Delay = 0.00>
ST_1 : Operation 66 [1/1] (0.00ns)   --->   "%tmp_9 = partselect i10 @_ssdm_op_PartSelect.i10.i576.i32.i32, i576 %layer5_out_read, i32 26, i32 35" [firmware/nnet_utils/nnet_activation_stream.h:52]   --->   Operation 66 'partselect' 'tmp_9' <Predicate = (icmp_ln51_1)> <Delay = 0.00>
ST_1 : Operation 67 [1/1] (1.73ns)   --->   "%icmp_ln52_1 = icmp_eq  i10 %tmp_9, i10 0" [firmware/nnet_utils/nnet_activation_stream.h:52]   --->   Operation 67 'icmp' 'icmp_ln52_1' <Predicate = (icmp_ln51_1)> <Delay = 1.73> <CoreInst = "Cmp">   --->   Core 9 'Cmp' <Latency = 0> <II = 1> <Delay = 1.73> <FuncUnit> <Opcode : 'seteq' 'setne' 'setle' 'setge' 'setlt' 'setgt'> <InPorts = 2> <OutPorts = 1>
ST_1 : Operation 68 [1/1] (0.00ns) (grouped into LUT with out node and_ln52_3)   --->   "%xor_ln52_3 = xor i1 %tmp_7, i1 1" [firmware/nnet_utils/nnet_activation_stream.h:52]   --->   Operation 68 'xor' 'xor_ln52_3' <Predicate = (icmp_ln51_1)> <Delay = 0.00> <CoreInst = "LogicGate">   --->   Core 74 'LogicGate' <Latency = 0> <II = 1> <Delay = 0.97> <FuncUnit> <Opcode : 'and' 'or' 'xor'> <InPorts = 2> <OutPorts = 1>
ST_1 : Operation 69 [1/1] (0.00ns) (grouped into LUT with out node and_ln52_3)   --->   "%or_ln52_3 = or i1 %tmp_8, i1 %xor_ln52_3" [firmware/nnet_utils/nnet_activation_stream.h:52]   --->   Operation 69 'or' 'or_ln52_3' <Predicate = (icmp_ln51_1)> <Delay = 0.00> <CoreInst = "LogicGate">   --->   Core 74 'LogicGate' <Latency = 0> <II = 1> <Delay = 0.97> <FuncUnit> <Opcode : 'and' 'or' 'xor'> <InPorts = 2> <OutPorts = 1>
ST_1 : Operation 70 [1/1] (0.00ns) (grouped into LUT with out node and_ln52_3)   --->   "%and_ln52_2 = and i1 %icmp_ln52_1, i1 %or_ln52_3" [firmware/nnet_utils/nnet_activation_stream.h:52]   --->   Operation 70 'and' 'and_ln52_2' <Predicate = (icmp_ln51_1)> <Delay = 0.00> <CoreInst = "LogicGate">   --->   Core 74 'LogicGate' <Latency = 0> <II = 1> <Delay = 0.97> <FuncUnit> <Opcode : 'and' 'or' 'xor'> <InPorts = 2> <OutPorts = 1>
ST_1 : Operation 71 [1/1] (0.00ns) (grouped into LUT with out node and_ln52_3)   --->   "%xor_ln52_4 = xor i1 %and_ln52_2, i1 1" [firmware/nnet_utils/nnet_activation_stream.h:52]   --->   Operation 71 'xor' 'xor_ln52_4' <Predicate = (icmp_ln51_1)> <Delay = 0.00> <CoreInst = "LogicGate">   --->   Core 74 'LogicGate' <Latency = 0> <II = 1> <Delay = 0.97> <FuncUnit> <Opcode : 'and' 'or' 'xor'> <InPorts = 2> <OutPorts = 1>
ST_1 : Operation 72 [1/1] (0.00ns) (grouped into LUT with out node and_ln52_3)   --->   "%or_ln52_4 = or i1 %tmp_8, i1 %xor_ln52_4" [firmware/nnet_utils/nnet_activation_stream.h:52]   --->   Operation 72 'or' 'or_ln52_4' <Predicate = (icmp_ln51_1)> <Delay = 0.00> <CoreInst = "LogicGate">   --->   Core 74 'LogicGate' <Latency = 0> <II = 1> <Delay = 0.97> <FuncUnit> <Opcode : 'and' 'or' 'xor'> <InPorts = 2> <OutPorts = 1>
ST_1 : Operation 73 [1/1] (0.00ns) (grouped into LUT with out node and_ln52_3)   --->   "%xor_ln52_5 = xor i1 %tmp_5, i1 1" [firmware/nnet_utils/nnet_activation_stream.h:52]   --->   Operation 73 'xor' 'xor_ln52_5' <Predicate = (icmp_ln51_1)> <Delay = 0.00> <CoreInst = "LogicGate">   --->   Core 74 'LogicGate' <Latency = 0> <II = 1> <Delay = 0.97> <FuncUnit> <Opcode : 'and' 'or' 'xor'> <InPorts = 2> <OutPorts = 1>
ST_1 : Operation 74 [1/1] (0.97ns) (out node of the LUT)   --->   "%and_ln52_3 = and i1 %or_ln52_4, i1 %xor_ln52_5" [firmware/nnet_utils/nnet_activation_stream.h:52]   --->   Operation 74 'and' 'and_ln52_3' <Predicate = (icmp_ln51_1)> <Delay = 0.97> <CoreInst = "LogicGate">   --->   Core 74 'LogicGate' <Latency = 0> <II = 1> <Delay = 0.97> <FuncUnit> <Opcode : 'and' 'or' 'xor'> <InPorts = 2> <OutPorts = 1>
ST_1 : Operation 75 [1/1] (0.00ns) (grouped into LUT with out node out_data_0_1_0_0_0_load)   --->   "%select_ln52_2 = select i1 %and_ln52_3, i6 31, i6 32" [firmware/nnet_utils/nnet_activation_stream.h:52]   --->   Operation 75 'select' 'select_ln52_2' <Predicate = (or_ln52_5 & icmp_ln51_1)> <Delay = 0.00> <CoreInst = "Sel">   --->   Core 73 'Sel' <Latency = 0> <II = 1> <Delay = 0.99> <FuncUnit> <Opcode : 'select'> <InPorts = 3> <OutPorts = 1>
ST_1 : Operation 76 [1/1] (0.00ns) (grouped into LUT with out node out_data_0_1_0_0_0_load)   --->   "%or_ln52_5 = or i1 %and_ln52_3, i1 %tmp_5" [firmware/nnet_utils/nnet_activation_stream.h:52]   --->   Operation 76 'or' 'or_ln52_5' <Predicate = (icmp_ln51_1)> <Delay = 0.00> <CoreInst = "LogicGate">   --->   Core 74 'LogicGate' <Latency = 0> <II = 1> <Delay = 0.97> <FuncUnit> <Opcode : 'and' 'or' 'xor'> <InPorts = 2> <OutPorts = 1>
ST_1 : Operation 77 [1/1] (0.00ns) (grouped into LUT with out node out_data_0_1_0_0_0_load)   --->   "%select_ln52_3 = select i1 %or_ln52_5, i6 %select_ln52_2, i6 %add_ln52_1" [firmware/nnet_utils/nnet_activation_stream.h:52]   --->   Operation 77 'select' 'select_ln52_3' <Predicate = (icmp_ln51_1)> <Delay = 0.00> <CoreInst = "Sel">   --->   Core 73 'Sel' <Latency = 0> <II = 1> <Delay = 1.18> <FuncUnit> <Opcode : 'select'> <InPorts = 3> <OutPorts = 1>
ST_1 : Operation 78 [1/1] (1.18ns) (out node of the LUT)   --->   "%out_data_0_1_0_0_0_load = select i1 %icmp_ln51_1, i6 %select_ln52_3, i6 0" [firmware/nnet_utils/nnet_activation_stream.h:51]   --->   Operation 78 'select' 'out_data_0_1_0_0_0_load' <Predicate = true> <Delay = 1.18> <CoreInst = "Sel">   --->   Core 73 'Sel' <Latency = 0> <II = 1> <Delay = 1.18> <FuncUnit> <Opcode : 'select'> <InPorts = 3> <OutPorts = 1>
ST_1 : Operation 79 [1/1] (2.13ns)   --->   "%icmp_ln51_2 = icmp_sgt  i18 %trunc_ln44_1, i18 0" [firmware/nnet_utils/nnet_activation_stream.h:51]   --->   Operation 79 'icmp' 'icmp_ln51_2' <Predicate = true> <Delay = 2.13> <CoreInst = "Cmp">   --->   Core 9 'Cmp' <Latency = 0> <II = 1> <Delay = 2.13> <FuncUnit> <Opcode : 'seteq' 'setne' 'setle' 'setge' 'setlt' 'setgt'> <InPorts = 2> <OutPorts = 1>
ST_1 : Operation 80 [1/1] (0.00ns)   --->   "%tmp_10 = bitselect i1 @_ssdm_op_BitSelect.i1.i576.i32, i576 %layer5_out_read, i32 53" [firmware/nnet_utils/nnet_activation_stream.h:52]   --->   Operation 80 'bitselect' 'tmp_10' <Predicate = (icmp_ln51_2)> <Delay = 0.00>
ST_1 : Operation 81 [1/1] (0.00ns)   --->   "%trunc_ln52_1 = partselect i6 @_ssdm_op_PartSelect.i6.i576.i32.i32, i576 %layer5_out_read, i32 38, i32 43" [firmware/nnet_utils/nnet_activation_stream.h:52]   --->   Operation 81 'partselect' 'trunc_ln52_1' <Predicate = (icmp_ln51_2)> <Delay = 0.00>
ST_1 : Operation 82 [1/1] (0.00ns)   --->   "%tmp_11 = bitselect i1 @_ssdm_op_BitSelect.i1.i576.i32, i576 %layer5_out_read, i32 37" [firmware/nnet_utils/nnet_activation_stream.h:52]   --->   Operation 82 'bitselect' 'tmp_11' <Predicate = (icmp_ln51_2)> <Delay = 0.00>
ST_1 : Operation 83 [1/1] (0.00ns) (grouped into LUT with out node and_ln52_5)   --->   "%tmp_12 = bitselect i1 @_ssdm_op_BitSelect.i1.i576.i32, i576 %layer5_out_read, i32 43" [firmware/nnet_utils/nnet_activation_stream.h:52]   --->   Operation 83 'bitselect' 'tmp_12' <Predicate = (icmp_ln51_2)> <Delay = 0.00>
ST_1 : Operation 84 [1/1] (0.00ns)   --->   "%zext_ln52_2 = zext i1 %tmp_11" [firmware/nnet_utils/nnet_activation_stream.h:52]   --->   Operation 84 'zext' 'zext_ln52_2' <Predicate = (icmp_ln51_2)> <Delay = 0.00>
ST_1 : Operation 85 [1/1] (1.82ns)   --->   "%add_ln52_2 = add i6 %trunc_ln52_1, i6 %zext_ln52_2" [firmware/nnet_utils/nnet_activation_stream.h:52]   --->   Operation 85 'add' 'add_ln52_2' <Predicate = (icmp_ln51_2)> <Delay = 1.82> <CoreInst = "Adder">   --->   Core 1 'Adder' <Latency = 0> <II = 1> <Delay = 1.82> <FuncUnit> <Opcode : 'add' 'sub'> <InPorts = 2> <OutPorts = 1>
ST_1 : Operation 86 [1/1] (0.00ns)   --->   "%tmp_13 = bitselect i1 @_ssdm_op_BitSelect.i1.i6.i32, i6 %add_ln52_2, i32 5" [firmware/nnet_utils/nnet_activation_stream.h:52]   --->   Operation 86 'bitselect' 'tmp_13' <Predicate = (icmp_ln51_2)> <Delay = 0.00>
ST_1 : Operation 87 [1/1] (0.00ns)   --->   "%tmp_s = partselect i10 @_ssdm_op_PartSelect.i10.i576.i32.i32, i576 %layer5_out_read, i32 44, i32 53" [firmware/nnet_utils/nnet_activation_stream.h:52]   --->   Operation 87 'partselect' 'tmp_s' <Predicate = (icmp_ln51_2)> <Delay = 0.00>
ST_1 : Operation 88 [1/1] (1.73ns)   --->   "%icmp_ln52_2 = icmp_eq  i10 %tmp_s, i10 0" [firmware/nnet_utils/nnet_activation_stream.h:52]   --->   Operation 88 'icmp' 'icmp_ln52_2' <Predicate = (icmp_ln51_2)> <Delay = 1.73> <CoreInst = "Cmp">   --->   Core 9 'Cmp' <Latency = 0> <II = 1> <Delay = 1.73> <FuncUnit> <Opcode : 'seteq' 'setne' 'setle' 'setge' 'setlt' 'setgt'> <InPorts = 2> <OutPorts = 1>
ST_1 : Operation 89 [1/1] (0.00ns) (grouped into LUT with out node and_ln52_5)   --->   "%xor_ln52_6 = xor i1 %tmp_12, i1 1" [firmware/nnet_utils/nnet_activation_stream.h:52]   --->   Operation 89 'xor' 'xor_ln52_6' <Predicate = (icmp_ln51_2)> <Delay = 0.00> <CoreInst = "LogicGate">   --->   Core 74 'LogicGate' <Latency = 0> <II = 1> <Delay = 0.97> <FuncUnit> <Opcode : 'and' 'or' 'xor'> <InPorts = 2> <OutPorts = 1>
ST_1 : Operation 90 [1/1] (0.00ns) (grouped into LUT with out node and_ln52_5)   --->   "%or_ln52_6 = or i1 %tmp_13, i1 %xor_ln52_6" [firmware/nnet_utils/nnet_activation_stream.h:52]   --->   Operation 90 'or' 'or_ln52_6' <Predicate = (icmp_ln51_2)> <Delay = 0.00> <CoreInst = "LogicGate">   --->   Core 74 'LogicGate' <Latency = 0> <II = 1> <Delay = 0.97> <FuncUnit> <Opcode : 'and' 'or' 'xor'> <InPorts = 2> <OutPorts = 1>
ST_1 : Operation 91 [1/1] (0.00ns) (grouped into LUT with out node and_ln52_5)   --->   "%and_ln52_4 = and i1 %icmp_ln52_2, i1 %or_ln52_6" [firmware/nnet_utils/nnet_activation_stream.h:52]   --->   Operation 91 'and' 'and_ln52_4' <Predicate = (icmp_ln51_2)> <Delay = 0.00> <CoreInst = "LogicGate">   --->   Core 74 'LogicGate' <Latency = 0> <II = 1> <Delay = 0.97> <FuncUnit> <Opcode : 'and' 'or' 'xor'> <InPorts = 2> <OutPorts = 1>
ST_1 : Operation 92 [1/1] (0.00ns) (grouped into LUT with out node and_ln52_5)   --->   "%xor_ln52_7 = xor i1 %and_ln52_4, i1 1" [firmware/nnet_utils/nnet_activation_stream.h:52]   --->   Operation 92 'xor' 'xor_ln52_7' <Predicate = (icmp_ln51_2)> <Delay = 0.00> <CoreInst = "LogicGate">   --->   Core 74 'LogicGate' <Latency = 0> <II = 1> <Delay = 0.97> <FuncUnit> <Opcode : 'and' 'or' 'xor'> <InPorts = 2> <OutPorts = 1>
ST_1 : Operation 93 [1/1] (0.00ns) (grouped into LUT with out node and_ln52_5)   --->   "%or_ln52_7 = or i1 %tmp_13, i1 %xor_ln52_7" [firmware/nnet_utils/nnet_activation_stream.h:52]   --->   Operation 93 'or' 'or_ln52_7' <Predicate = (icmp_ln51_2)> <Delay = 0.00> <CoreInst = "LogicGate">   --->   Core 74 'LogicGate' <Latency = 0> <II = 1> <Delay = 0.97> <FuncUnit> <Opcode : 'and' 'or' 'xor'> <InPorts = 2> <OutPorts = 1>
ST_1 : Operation 94 [1/1] (0.00ns) (grouped into LUT with out node and_ln52_5)   --->   "%xor_ln52_8 = xor i1 %tmp_10, i1 1" [firmware/nnet_utils/nnet_activation_stream.h:52]   --->   Operation 94 'xor' 'xor_ln52_8' <Predicate = (icmp_ln51_2)> <Delay = 0.00> <CoreInst = "LogicGate">   --->   Core 74 'LogicGate' <Latency = 0> <II = 1> <Delay = 0.97> <FuncUnit> <Opcode : 'and' 'or' 'xor'> <InPorts = 2> <OutPorts = 1>
ST_1 : Operation 95 [1/1] (0.97ns) (out node of the LUT)   --->   "%and_ln52_5 = and i1 %or_ln52_7, i1 %xor_ln52_8" [firmware/nnet_utils/nnet_activation_stream.h:52]   --->   Operation 95 'and' 'and_ln52_5' <Predicate = (icmp_ln51_2)> <Delay = 0.97> <CoreInst = "LogicGate">   --->   Core 74 'LogicGate' <Latency = 0> <II = 1> <Delay = 0.97> <FuncUnit> <Opcode : 'and' 'or' 'xor'> <InPorts = 2> <OutPorts = 1>
ST_1 : Operation 96 [1/1] (0.00ns) (grouped into LUT with out node out_data_0_2_0_0_0_load)   --->   "%select_ln52_4 = select i1 %and_ln52_5, i6 31, i6 32" [firmware/nnet_utils/nnet_activation_stream.h:52]   --->   Operation 96 'select' 'select_ln52_4' <Predicate = (or_ln52_8 & icmp_ln51_2)> <Delay = 0.00> <CoreInst = "Sel">   --->   Core 73 'Sel' <Latency = 0> <II = 1> <Delay = 0.99> <FuncUnit> <Opcode : 'select'> <InPorts = 3> <OutPorts = 1>
ST_1 : Operation 97 [1/1] (0.00ns) (grouped into LUT with out node out_data_0_2_0_0_0_load)   --->   "%or_ln52_8 = or i1 %and_ln52_5, i1 %tmp_10" [firmware/nnet_utils/nnet_activation_stream.h:52]   --->   Operation 97 'or' 'or_ln52_8' <Predicate = (icmp_ln51_2)> <Delay = 0.00> <CoreInst = "LogicGate">   --->   Core 74 'LogicGate' <Latency = 0> <II = 1> <Delay = 0.97> <FuncUnit> <Opcode : 'and' 'or' 'xor'> <InPorts = 2> <OutPorts = 1>
ST_1 : Operation 98 [1/1] (0.00ns) (grouped into LUT with out node out_data_0_2_0_0_0_load)   --->   "%select_ln52_5 = select i1 %or_ln52_8, i6 %select_ln52_4, i6 %add_ln52_2" [firmware/nnet_utils/nnet_activation_stream.h:52]   --->   Operation 98 'select' 'select_ln52_5' <Predicate = (icmp_ln51_2)> <Delay = 0.00> <CoreInst = "Sel">   --->   Core 73 'Sel' <Latency = 0> <II = 1> <Delay = 1.18> <FuncUnit> <Opcode : 'select'> <InPorts = 3> <OutPorts = 1>
ST_1 : Operation 99 [1/1] (1.18ns) (out node of the LUT)   --->   "%out_data_0_2_0_0_0_load = select i1 %icmp_ln51_2, i6 %select_ln52_5, i6 0" [firmware/nnet_utils/nnet_activation_stream.h:51]   --->   Operation 99 'select' 'out_data_0_2_0_0_0_load' <Predicate = true> <Delay = 1.18> <CoreInst = "Sel">   --->   Core 73 'Sel' <Latency = 0> <II = 1> <Delay = 1.18> <FuncUnit> <Opcode : 'select'> <InPorts = 3> <OutPorts = 1>
ST_1 : Operation 100 [1/1] (2.13ns)   --->   "%icmp_ln51_3 = icmp_sgt  i18 %trunc_ln44_2, i18 0" [firmware/nnet_utils/nnet_activation_stream.h:51]   --->   Operation 100 'icmp' 'icmp_ln51_3' <Predicate = true> <Delay = 2.13> <CoreInst = "Cmp">   --->   Core 9 'Cmp' <Latency = 0> <II = 1> <Delay = 2.13> <FuncUnit> <Opcode : 'seteq' 'setne' 'setle' 'setge' 'setlt' 'setgt'> <InPorts = 2> <OutPorts = 1>
ST_1 : Operation 101 [1/1] (0.00ns)   --->   "%tmp_14 = bitselect i1 @_ssdm_op_BitSelect.i1.i576.i32, i576 %layer5_out_read, i32 71" [firmware/nnet_utils/nnet_activation_stream.h:52]   --->   Operation 101 'bitselect' 'tmp_14' <Predicate = (icmp_ln51_3)> <Delay = 0.00>
ST_1 : Operation 102 [1/1] (0.00ns)   --->   "%trunc_ln52_2 = partselect i6 @_ssdm_op_PartSelect.i6.i576.i32.i32, i576 %layer5_out_read, i32 56, i32 61" [firmware/nnet_utils/nnet_activation_stream.h:52]   --->   Operation 102 'partselect' 'trunc_ln52_2' <Predicate = (icmp_ln51_3)> <Delay = 0.00>
ST_1 : Operation 103 [1/1] (0.00ns)   --->   "%tmp_15 = bitselect i1 @_ssdm_op_BitSelect.i1.i576.i32, i576 %layer5_out_read, i32 55" [firmware/nnet_utils/nnet_activation_stream.h:52]   --->   Operation 103 'bitselect' 'tmp_15' <Predicate = (icmp_ln51_3)> <Delay = 0.00>
ST_1 : Operation 104 [1/1] (0.00ns) (grouped into LUT with out node and_ln52_7)   --->   "%tmp_16 = bitselect i1 @_ssdm_op_BitSelect.i1.i576.i32, i576 %layer5_out_read, i32 61" [firmware/nnet_utils/nnet_activation_stream.h:52]   --->   Operation 104 'bitselect' 'tmp_16' <Predicate = (icmp_ln51_3)> <Delay = 0.00>
ST_1 : Operation 105 [1/1] (0.00ns)   --->   "%zext_ln52_3 = zext i1 %tmp_15" [firmware/nnet_utils/nnet_activation_stream.h:52]   --->   Operation 105 'zext' 'zext_ln52_3' <Predicate = (icmp_ln51_3)> <Delay = 0.00>
ST_1 : Operation 106 [1/1] (1.82ns)   --->   "%add_ln52_3 = add i6 %trunc_ln52_2, i6 %zext_ln52_3" [firmware/nnet_utils/nnet_activation_stream.h:52]   --->   Operation 106 'add' 'add_ln52_3' <Predicate = (icmp_ln51_3)> <Delay = 1.82> <CoreInst = "Adder">   --->   Core 1 'Adder' <Latency = 0> <II = 1> <Delay = 1.82> <FuncUnit> <Opcode : 'add' 'sub'> <InPorts = 2> <OutPorts = 1>
ST_1 : Operation 107 [1/1] (0.00ns)   --->   "%tmp_17 = bitselect i1 @_ssdm_op_BitSelect.i1.i6.i32, i6 %add_ln52_3, i32 5" [firmware/nnet_utils/nnet_activation_stream.h:52]   --->   Operation 107 'bitselect' 'tmp_17' <Predicate = (icmp_ln51_3)> <Delay = 0.00>
ST_1 : Operation 108 [1/1] (0.00ns)   --->   "%tmp_18 = partselect i10 @_ssdm_op_PartSelect.i10.i576.i32.i32, i576 %layer5_out_read, i32 62, i32 71" [firmware/nnet_utils/nnet_activation_stream.h:52]   --->   Operation 108 'partselect' 'tmp_18' <Predicate = (icmp_ln51_3)> <Delay = 0.00>
ST_1 : Operation 109 [1/1] (1.73ns)   --->   "%icmp_ln52_3 = icmp_eq  i10 %tmp_18, i10 0" [firmware/nnet_utils/nnet_activation_stream.h:52]   --->   Operation 109 'icmp' 'icmp_ln52_3' <Predicate = (icmp_ln51_3)> <Delay = 1.73> <CoreInst = "Cmp">   --->   Core 9 'Cmp' <Latency = 0> <II = 1> <Delay = 1.73> <FuncUnit> <Opcode : 'seteq' 'setne' 'setle' 'setge' 'setlt' 'setgt'> <InPorts = 2> <OutPorts = 1>
ST_1 : Operation 110 [1/1] (0.00ns) (grouped into LUT with out node and_ln52_7)   --->   "%xor_ln52_9 = xor i1 %tmp_16, i1 1" [firmware/nnet_utils/nnet_activation_stream.h:52]   --->   Operation 110 'xor' 'xor_ln52_9' <Predicate = (icmp_ln51_3)> <Delay = 0.00> <CoreInst = "LogicGate">   --->   Core 74 'LogicGate' <Latency = 0> <II = 1> <Delay = 0.97> <FuncUnit> <Opcode : 'and' 'or' 'xor'> <InPorts = 2> <OutPorts = 1>
ST_1 : Operation 111 [1/1] (0.00ns) (grouped into LUT with out node and_ln52_7)   --->   "%or_ln52_9 = or i1 %tmp_17, i1 %xor_ln52_9" [firmware/nnet_utils/nnet_activation_stream.h:52]   --->   Operation 111 'or' 'or_ln52_9' <Predicate = (icmp_ln51_3)> <Delay = 0.00> <CoreInst = "LogicGate">   --->   Core 74 'LogicGate' <Latency = 0> <II = 1> <Delay = 0.97> <FuncUnit> <Opcode : 'and' 'or' 'xor'> <InPorts = 2> <OutPorts = 1>
ST_1 : Operation 112 [1/1] (0.00ns) (grouped into LUT with out node and_ln52_7)   --->   "%and_ln52_6 = and i1 %icmp_ln52_3, i1 %or_ln52_9" [firmware/nnet_utils/nnet_activation_stream.h:52]   --->   Operation 112 'and' 'and_ln52_6' <Predicate = (icmp_ln51_3)> <Delay = 0.00> <CoreInst = "LogicGate">   --->   Core 74 'LogicGate' <Latency = 0> <II = 1> <Delay = 0.97> <FuncUnit> <Opcode : 'and' 'or' 'xor'> <InPorts = 2> <OutPorts = 1>
ST_1 : Operation 113 [1/1] (0.00ns) (grouped into LUT with out node and_ln52_7)   --->   "%xor_ln52_10 = xor i1 %and_ln52_6, i1 1" [firmware/nnet_utils/nnet_activation_stream.h:52]   --->   Operation 113 'xor' 'xor_ln52_10' <Predicate = (icmp_ln51_3)> <Delay = 0.00> <CoreInst = "LogicGate">   --->   Core 74 'LogicGate' <Latency = 0> <II = 1> <Delay = 0.97> <FuncUnit> <Opcode : 'and' 'or' 'xor'> <InPorts = 2> <OutPorts = 1>
ST_1 : Operation 114 [1/1] (0.00ns) (grouped into LUT with out node and_ln52_7)   --->   "%or_ln52_10 = or i1 %tmp_17, i1 %xor_ln52_10" [firmware/nnet_utils/nnet_activation_stream.h:52]   --->   Operation 114 'or' 'or_ln52_10' <Predicate = (icmp_ln51_3)> <Delay = 0.00> <CoreInst = "LogicGate">   --->   Core 74 'LogicGate' <Latency = 0> <II = 1> <Delay = 0.97> <FuncUnit> <Opcode : 'and' 'or' 'xor'> <InPorts = 2> <OutPorts = 1>
ST_1 : Operation 115 [1/1] (0.00ns) (grouped into LUT with out node and_ln52_7)   --->   "%xor_ln52_11 = xor i1 %tmp_14, i1 1" [firmware/nnet_utils/nnet_activation_stream.h:52]   --->   Operation 115 'xor' 'xor_ln52_11' <Predicate = (icmp_ln51_3)> <Delay = 0.00> <CoreInst = "LogicGate">   --->   Core 74 'LogicGate' <Latency = 0> <II = 1> <Delay = 0.97> <FuncUnit> <Opcode : 'and' 'or' 'xor'> <InPorts = 2> <OutPorts = 1>
ST_1 : Operation 116 [1/1] (0.97ns) (out node of the LUT)   --->   "%and_ln52_7 = and i1 %or_ln52_10, i1 %xor_ln52_11" [firmware/nnet_utils/nnet_activation_stream.h:52]   --->   Operation 116 'and' 'and_ln52_7' <Predicate = (icmp_ln51_3)> <Delay = 0.97> <CoreInst = "LogicGate">   --->   Core 74 'LogicGate' <Latency = 0> <II = 1> <Delay = 0.97> <FuncUnit> <Opcode : 'and' 'or' 'xor'> <InPorts = 2> <OutPorts = 1>
ST_1 : Operation 117 [1/1] (0.00ns) (grouped into LUT with out node out_data_0_3_0_0_0_load)   --->   "%select_ln52_6 = select i1 %and_ln52_7, i6 31, i6 32" [firmware/nnet_utils/nnet_activation_stream.h:52]   --->   Operation 117 'select' 'select_ln52_6' <Predicate = (or_ln52_11 & icmp_ln51_3)> <Delay = 0.00> <CoreInst = "Sel">   --->   Core 73 'Sel' <Latency = 0> <II = 1> <Delay = 0.99> <FuncUnit> <Opcode : 'select'> <InPorts = 3> <OutPorts = 1>
ST_1 : Operation 118 [1/1] (0.00ns) (grouped into LUT with out node out_data_0_3_0_0_0_load)   --->   "%or_ln52_11 = or i1 %and_ln52_7, i1 %tmp_14" [firmware/nnet_utils/nnet_activation_stream.h:52]   --->   Operation 118 'or' 'or_ln52_11' <Predicate = (icmp_ln51_3)> <Delay = 0.00> <CoreInst = "LogicGate">   --->   Core 74 'LogicGate' <Latency = 0> <II = 1> <Delay = 0.97> <FuncUnit> <Opcode : 'and' 'or' 'xor'> <InPorts = 2> <OutPorts = 1>
ST_1 : Operation 119 [1/1] (0.00ns) (grouped into LUT with out node out_data_0_3_0_0_0_load)   --->   "%select_ln52_7 = select i1 %or_ln52_11, i6 %select_ln52_6, i6 %add_ln52_3" [firmware/nnet_utils/nnet_activation_stream.h:52]   --->   Operation 119 'select' 'select_ln52_7' <Predicate = (icmp_ln51_3)> <Delay = 0.00> <CoreInst = "Sel">   --->   Core 73 'Sel' <Latency = 0> <II = 1> <Delay = 1.18> <FuncUnit> <Opcode : 'select'> <InPorts = 3> <OutPorts = 1>
ST_1 : Operation 120 [1/1] (1.18ns) (out node of the LUT)   --->   "%out_data_0_3_0_0_0_load = select i1 %icmp_ln51_3, i6 %select_ln52_7, i6 0" [firmware/nnet_utils/nnet_activation_stream.h:51]   --->   Operation 120 'select' 'out_data_0_3_0_0_0_load' <Predicate = true> <Delay = 1.18> <CoreInst = "Sel">   --->   Core 73 'Sel' <Latency = 0> <II = 1> <Delay = 1.18> <FuncUnit> <Opcode : 'select'> <InPorts = 3> <OutPorts = 1>
ST_1 : Operation 121 [1/1] (2.13ns)   --->   "%icmp_ln51_4 = icmp_sgt  i18 %trunc_ln44_3, i18 0" [firmware/nnet_utils/nnet_activation_stream.h:51]   --->   Operation 121 'icmp' 'icmp_ln51_4' <Predicate = true> <Delay = 2.13> <CoreInst = "Cmp">   --->   Core 9 'Cmp' <Latency = 0> <II = 1> <Delay = 2.13> <FuncUnit> <Opcode : 'seteq' 'setne' 'setle' 'setge' 'setlt' 'setgt'> <InPorts = 2> <OutPorts = 1>
ST_1 : Operation 122 [1/1] (0.00ns)   --->   "%tmp_19 = bitselect i1 @_ssdm_op_BitSelect.i1.i576.i32, i576 %layer5_out_read, i32 89" [firmware/nnet_utils/nnet_activation_stream.h:52]   --->   Operation 122 'bitselect' 'tmp_19' <Predicate = (icmp_ln51_4)> <Delay = 0.00>
ST_1 : Operation 123 [1/1] (0.00ns)   --->   "%trunc_ln52_3 = partselect i6 @_ssdm_op_PartSelect.i6.i576.i32.i32, i576 %layer5_out_read, i32 74, i32 79" [firmware/nnet_utils/nnet_activation_stream.h:52]   --->   Operation 123 'partselect' 'trunc_ln52_3' <Predicate = (icmp_ln51_4)> <Delay = 0.00>
ST_1 : Operation 124 [1/1] (0.00ns)   --->   "%tmp_20 = bitselect i1 @_ssdm_op_BitSelect.i1.i576.i32, i576 %layer5_out_read, i32 73" [firmware/nnet_utils/nnet_activation_stream.h:52]   --->   Operation 124 'bitselect' 'tmp_20' <Predicate = (icmp_ln51_4)> <Delay = 0.00>
ST_1 : Operation 125 [1/1] (0.00ns) (grouped into LUT with out node and_ln52_9)   --->   "%tmp_21 = bitselect i1 @_ssdm_op_BitSelect.i1.i576.i32, i576 %layer5_out_read, i32 79" [firmware/nnet_utils/nnet_activation_stream.h:52]   --->   Operation 125 'bitselect' 'tmp_21' <Predicate = (icmp_ln51_4)> <Delay = 0.00>
ST_1 : Operation 126 [1/1] (0.00ns)   --->   "%zext_ln52_4 = zext i1 %tmp_20" [firmware/nnet_utils/nnet_activation_stream.h:52]   --->   Operation 126 'zext' 'zext_ln52_4' <Predicate = (icmp_ln51_4)> <Delay = 0.00>
ST_1 : Operation 127 [1/1] (1.82ns)   --->   "%add_ln52_4 = add i6 %trunc_ln52_3, i6 %zext_ln52_4" [firmware/nnet_utils/nnet_activation_stream.h:52]   --->   Operation 127 'add' 'add_ln52_4' <Predicate = (icmp_ln51_4)> <Delay = 1.82> <CoreInst = "Adder">   --->   Core 1 'Adder' <Latency = 0> <II = 1> <Delay = 1.82> <FuncUnit> <Opcode : 'add' 'sub'> <InPorts = 2> <OutPorts = 1>
ST_1 : Operation 128 [1/1] (0.00ns)   --->   "%tmp_22 = bitselect i1 @_ssdm_op_BitSelect.i1.i6.i32, i6 %add_ln52_4, i32 5" [firmware/nnet_utils/nnet_activation_stream.h:52]   --->   Operation 128 'bitselect' 'tmp_22' <Predicate = (icmp_ln51_4)> <Delay = 0.00>
ST_1 : Operation 129 [1/1] (0.00ns)   --->   "%tmp_23 = partselect i10 @_ssdm_op_PartSelect.i10.i576.i32.i32, i576 %layer5_out_read, i32 80, i32 89" [firmware/nnet_utils/nnet_activation_stream.h:52]   --->   Operation 129 'partselect' 'tmp_23' <Predicate = (icmp_ln51_4)> <Delay = 0.00>
ST_1 : Operation 130 [1/1] (1.73ns)   --->   "%icmp_ln52_4 = icmp_eq  i10 %tmp_23, i10 0" [firmware/nnet_utils/nnet_activation_stream.h:52]   --->   Operation 130 'icmp' 'icmp_ln52_4' <Predicate = (icmp_ln51_4)> <Delay = 1.73> <CoreInst = "Cmp">   --->   Core 9 'Cmp' <Latency = 0> <II = 1> <Delay = 1.73> <FuncUnit> <Opcode : 'seteq' 'setne' 'setle' 'setge' 'setlt' 'setgt'> <InPorts = 2> <OutPorts = 1>
ST_1 : Operation 131 [1/1] (0.00ns) (grouped into LUT with out node and_ln52_9)   --->   "%xor_ln52_12 = xor i1 %tmp_21, i1 1" [firmware/nnet_utils/nnet_activation_stream.h:52]   --->   Operation 131 'xor' 'xor_ln52_12' <Predicate = (icmp_ln51_4)> <Delay = 0.00> <CoreInst = "LogicGate">   --->   Core 74 'LogicGate' <Latency = 0> <II = 1> <Delay = 0.97> <FuncUnit> <Opcode : 'and' 'or' 'xor'> <InPorts = 2> <OutPorts = 1>
ST_1 : Operation 132 [1/1] (0.00ns) (grouped into LUT with out node and_ln52_9)   --->   "%or_ln52_12 = or i1 %tmp_22, i1 %xor_ln52_12" [firmware/nnet_utils/nnet_activation_stream.h:52]   --->   Operation 132 'or' 'or_ln52_12' <Predicate = (icmp_ln51_4)> <Delay = 0.00> <CoreInst = "LogicGate">   --->   Core 74 'LogicGate' <Latency = 0> <II = 1> <Delay = 0.97> <FuncUnit> <Opcode : 'and' 'or' 'xor'> <InPorts = 2> <OutPorts = 1>
ST_1 : Operation 133 [1/1] (0.00ns) (grouped into LUT with out node and_ln52_9)   --->   "%and_ln52_8 = and i1 %icmp_ln52_4, i1 %or_ln52_12" [firmware/nnet_utils/nnet_activation_stream.h:52]   --->   Operation 133 'and' 'and_ln52_8' <Predicate = (icmp_ln51_4)> <Delay = 0.00> <CoreInst = "LogicGate">   --->   Core 74 'LogicGate' <Latency = 0> <II = 1> <Delay = 0.97> <FuncUnit> <Opcode : 'and' 'or' 'xor'> <InPorts = 2> <OutPorts = 1>
ST_1 : Operation 134 [1/1] (0.00ns) (grouped into LUT with out node and_ln52_9)   --->   "%xor_ln52_13 = xor i1 %and_ln52_8, i1 1" [firmware/nnet_utils/nnet_activation_stream.h:52]   --->   Operation 134 'xor' 'xor_ln52_13' <Predicate = (icmp_ln51_4)> <Delay = 0.00> <CoreInst = "LogicGate">   --->   Core 74 'LogicGate' <Latency = 0> <II = 1> <Delay = 0.97> <FuncUnit> <Opcode : 'and' 'or' 'xor'> <InPorts = 2> <OutPorts = 1>
ST_1 : Operation 135 [1/1] (0.00ns) (grouped into LUT with out node and_ln52_9)   --->   "%or_ln52_13 = or i1 %tmp_22, i1 %xor_ln52_13" [firmware/nnet_utils/nnet_activation_stream.h:52]   --->   Operation 135 'or' 'or_ln52_13' <Predicate = (icmp_ln51_4)> <Delay = 0.00> <CoreInst = "LogicGate">   --->   Core 74 'LogicGate' <Latency = 0> <II = 1> <Delay = 0.97> <FuncUnit> <Opcode : 'and' 'or' 'xor'> <InPorts = 2> <OutPorts = 1>
ST_1 : Operation 136 [1/1] (0.00ns) (grouped into LUT with out node and_ln52_9)   --->   "%xor_ln52_14 = xor i1 %tmp_19, i1 1" [firmware/nnet_utils/nnet_activation_stream.h:52]   --->   Operation 136 'xor' 'xor_ln52_14' <Predicate = (icmp_ln51_4)> <Delay = 0.00> <CoreInst = "LogicGate">   --->   Core 74 'LogicGate' <Latency = 0> <II = 1> <Delay = 0.97> <FuncUnit> <Opcode : 'and' 'or' 'xor'> <InPorts = 2> <OutPorts = 1>
ST_1 : Operation 137 [1/1] (0.97ns) (out node of the LUT)   --->   "%and_ln52_9 = and i1 %or_ln52_13, i1 %xor_ln52_14" [firmware/nnet_utils/nnet_activation_stream.h:52]   --->   Operation 137 'and' 'and_ln52_9' <Predicate = (icmp_ln51_4)> <Delay = 0.97> <CoreInst = "LogicGate">   --->   Core 74 'LogicGate' <Latency = 0> <II = 1> <Delay = 0.97> <FuncUnit> <Opcode : 'and' 'or' 'xor'> <InPorts = 2> <OutPorts = 1>
ST_1 : Operation 138 [1/1] (0.00ns) (grouped into LUT with out node out_data_0_4_0_0_0_load)   --->   "%select_ln52_8 = select i1 %and_ln52_9, i6 31, i6 32" [firmware/nnet_utils/nnet_activation_stream.h:52]   --->   Operation 138 'select' 'select_ln52_8' <Predicate = (or_ln52_14 & icmp_ln51_4)> <Delay = 0.00> <CoreInst = "Sel">   --->   Core 73 'Sel' <Latency = 0> <II = 1> <Delay = 0.99> <FuncUnit> <Opcode : 'select'> <InPorts = 3> <OutPorts = 1>
ST_1 : Operation 139 [1/1] (0.00ns) (grouped into LUT with out node out_data_0_4_0_0_0_load)   --->   "%or_ln52_14 = or i1 %and_ln52_9, i1 %tmp_19" [firmware/nnet_utils/nnet_activation_stream.h:52]   --->   Operation 139 'or' 'or_ln52_14' <Predicate = (icmp_ln51_4)> <Delay = 0.00> <CoreInst = "LogicGate">   --->   Core 74 'LogicGate' <Latency = 0> <II = 1> <Delay = 0.97> <FuncUnit> <Opcode : 'and' 'or' 'xor'> <InPorts = 2> <OutPorts = 1>
ST_1 : Operation 140 [1/1] (0.00ns) (grouped into LUT with out node out_data_0_4_0_0_0_load)   --->   "%select_ln52_9 = select i1 %or_ln52_14, i6 %select_ln52_8, i6 %add_ln52_4" [firmware/nnet_utils/nnet_activation_stream.h:52]   --->   Operation 140 'select' 'select_ln52_9' <Predicate = (icmp_ln51_4)> <Delay = 0.00> <CoreInst = "Sel">   --->   Core 73 'Sel' <Latency = 0> <II = 1> <Delay = 1.18> <FuncUnit> <Opcode : 'select'> <InPorts = 3> <OutPorts = 1>
ST_1 : Operation 141 [1/1] (1.18ns) (out node of the LUT)   --->   "%out_data_0_4_0_0_0_load = select i1 %icmp_ln51_4, i6 %select_ln52_9, i6 0" [firmware/nnet_utils/nnet_activation_stream.h:51]   --->   Operation 141 'select' 'out_data_0_4_0_0_0_load' <Predicate = true> <Delay = 1.18> <CoreInst = "Sel">   --->   Core 73 'Sel' <Latency = 0> <II = 1> <Delay = 1.18> <FuncUnit> <Opcode : 'select'> <InPorts = 3> <OutPorts = 1>
ST_1 : Operation 142 [1/1] (2.13ns)   --->   "%icmp_ln51_5 = icmp_sgt  i18 %trunc_ln44_4, i18 0" [firmware/nnet_utils/nnet_activation_stream.h:51]   --->   Operation 142 'icmp' 'icmp_ln51_5' <Predicate = true> <Delay = 2.13> <CoreInst = "Cmp">   --->   Core 9 'Cmp' <Latency = 0> <II = 1> <Delay = 2.13> <FuncUnit> <Opcode : 'seteq' 'setne' 'setle' 'setge' 'setlt' 'setgt'> <InPorts = 2> <OutPorts = 1>
ST_1 : Operation 143 [1/1] (0.00ns)   --->   "%tmp_24 = bitselect i1 @_ssdm_op_BitSelect.i1.i576.i32, i576 %layer5_out_read, i32 107" [firmware/nnet_utils/nnet_activation_stream.h:52]   --->   Operation 143 'bitselect' 'tmp_24' <Predicate = (icmp_ln51_5)> <Delay = 0.00>
ST_1 : Operation 144 [1/1] (0.00ns)   --->   "%trunc_ln52_4 = partselect i6 @_ssdm_op_PartSelect.i6.i576.i32.i32, i576 %layer5_out_read, i32 92, i32 97" [firmware/nnet_utils/nnet_activation_stream.h:52]   --->   Operation 144 'partselect' 'trunc_ln52_4' <Predicate = (icmp_ln51_5)> <Delay = 0.00>
ST_1 : Operation 145 [1/1] (0.00ns)   --->   "%tmp_25 = bitselect i1 @_ssdm_op_BitSelect.i1.i576.i32, i576 %layer5_out_read, i32 91" [firmware/nnet_utils/nnet_activation_stream.h:52]   --->   Operation 145 'bitselect' 'tmp_25' <Predicate = (icmp_ln51_5)> <Delay = 0.00>
ST_1 : Operation 146 [1/1] (0.00ns) (grouped into LUT with out node and_ln52_11)   --->   "%tmp_26 = bitselect i1 @_ssdm_op_BitSelect.i1.i576.i32, i576 %layer5_out_read, i32 97" [firmware/nnet_utils/nnet_activation_stream.h:52]   --->   Operation 146 'bitselect' 'tmp_26' <Predicate = (icmp_ln51_5)> <Delay = 0.00>
ST_1 : Operation 147 [1/1] (0.00ns)   --->   "%zext_ln52_5 = zext i1 %tmp_25" [firmware/nnet_utils/nnet_activation_stream.h:52]   --->   Operation 147 'zext' 'zext_ln52_5' <Predicate = (icmp_ln51_5)> <Delay = 0.00>
ST_1 : Operation 148 [1/1] (1.82ns)   --->   "%add_ln52_5 = add i6 %trunc_ln52_4, i6 %zext_ln52_5" [firmware/nnet_utils/nnet_activation_stream.h:52]   --->   Operation 148 'add' 'add_ln52_5' <Predicate = (icmp_ln51_5)> <Delay = 1.82> <CoreInst = "Adder">   --->   Core 1 'Adder' <Latency = 0> <II = 1> <Delay = 1.82> <FuncUnit> <Opcode : 'add' 'sub'> <InPorts = 2> <OutPorts = 1>
ST_1 : Operation 149 [1/1] (0.00ns)   --->   "%tmp_27 = bitselect i1 @_ssdm_op_BitSelect.i1.i6.i32, i6 %add_ln52_5, i32 5" [firmware/nnet_utils/nnet_activation_stream.h:52]   --->   Operation 149 'bitselect' 'tmp_27' <Predicate = (icmp_ln51_5)> <Delay = 0.00>
ST_1 : Operation 150 [1/1] (0.00ns)   --->   "%tmp_28 = partselect i10 @_ssdm_op_PartSelect.i10.i576.i32.i32, i576 %layer5_out_read, i32 98, i32 107" [firmware/nnet_utils/nnet_activation_stream.h:52]   --->   Operation 150 'partselect' 'tmp_28' <Predicate = (icmp_ln51_5)> <Delay = 0.00>
ST_1 : Operation 151 [1/1] (1.73ns)   --->   "%icmp_ln52_5 = icmp_eq  i10 %tmp_28, i10 0" [firmware/nnet_utils/nnet_activation_stream.h:52]   --->   Operation 151 'icmp' 'icmp_ln52_5' <Predicate = (icmp_ln51_5)> <Delay = 1.73> <CoreInst = "Cmp">   --->   Core 9 'Cmp' <Latency = 0> <II = 1> <Delay = 1.73> <FuncUnit> <Opcode : 'seteq' 'setne' 'setle' 'setge' 'setlt' 'setgt'> <InPorts = 2> <OutPorts = 1>
ST_1 : Operation 152 [1/1] (0.00ns) (grouped into LUT with out node and_ln52_11)   --->   "%xor_ln52_15 = xor i1 %tmp_26, i1 1" [firmware/nnet_utils/nnet_activation_stream.h:52]   --->   Operation 152 'xor' 'xor_ln52_15' <Predicate = (icmp_ln51_5)> <Delay = 0.00> <CoreInst = "LogicGate">   --->   Core 74 'LogicGate' <Latency = 0> <II = 1> <Delay = 0.97> <FuncUnit> <Opcode : 'and' 'or' 'xor'> <InPorts = 2> <OutPorts = 1>
ST_1 : Operation 153 [1/1] (0.00ns) (grouped into LUT with out node and_ln52_11)   --->   "%or_ln52_15 = or i1 %tmp_27, i1 %xor_ln52_15" [firmware/nnet_utils/nnet_activation_stream.h:52]   --->   Operation 153 'or' 'or_ln52_15' <Predicate = (icmp_ln51_5)> <Delay = 0.00> <CoreInst = "LogicGate">   --->   Core 74 'LogicGate' <Latency = 0> <II = 1> <Delay = 0.97> <FuncUnit> <Opcode : 'and' 'or' 'xor'> <InPorts = 2> <OutPorts = 1>
ST_1 : Operation 154 [1/1] (0.00ns) (grouped into LUT with out node and_ln52_11)   --->   "%and_ln52_10 = and i1 %icmp_ln52_5, i1 %or_ln52_15" [firmware/nnet_utils/nnet_activation_stream.h:52]   --->   Operation 154 'and' 'and_ln52_10' <Predicate = (icmp_ln51_5)> <Delay = 0.00> <CoreInst = "LogicGate">   --->   Core 74 'LogicGate' <Latency = 0> <II = 1> <Delay = 0.97> <FuncUnit> <Opcode : 'and' 'or' 'xor'> <InPorts = 2> <OutPorts = 1>
ST_1 : Operation 155 [1/1] (0.00ns) (grouped into LUT with out node and_ln52_11)   --->   "%xor_ln52_16 = xor i1 %and_ln52_10, i1 1" [firmware/nnet_utils/nnet_activation_stream.h:52]   --->   Operation 155 'xor' 'xor_ln52_16' <Predicate = (icmp_ln51_5)> <Delay = 0.00> <CoreInst = "LogicGate">   --->   Core 74 'LogicGate' <Latency = 0> <II = 1> <Delay = 0.97> <FuncUnit> <Opcode : 'and' 'or' 'xor'> <InPorts = 2> <OutPorts = 1>
ST_1 : Operation 156 [1/1] (0.00ns) (grouped into LUT with out node and_ln52_11)   --->   "%or_ln52_16 = or i1 %tmp_27, i1 %xor_ln52_16" [firmware/nnet_utils/nnet_activation_stream.h:52]   --->   Operation 156 'or' 'or_ln52_16' <Predicate = (icmp_ln51_5)> <Delay = 0.00> <CoreInst = "LogicGate">   --->   Core 74 'LogicGate' <Latency = 0> <II = 1> <Delay = 0.97> <FuncUnit> <Opcode : 'and' 'or' 'xor'> <InPorts = 2> <OutPorts = 1>
ST_1 : Operation 157 [1/1] (0.00ns) (grouped into LUT with out node and_ln52_11)   --->   "%xor_ln52_17 = xor i1 %tmp_24, i1 1" [firmware/nnet_utils/nnet_activation_stream.h:52]   --->   Operation 157 'xor' 'xor_ln52_17' <Predicate = (icmp_ln51_5)> <Delay = 0.00> <CoreInst = "LogicGate">   --->   Core 74 'LogicGate' <Latency = 0> <II = 1> <Delay = 0.97> <FuncUnit> <Opcode : 'and' 'or' 'xor'> <InPorts = 2> <OutPorts = 1>
ST_1 : Operation 158 [1/1] (0.97ns) (out node of the LUT)   --->   "%and_ln52_11 = and i1 %or_ln52_16, i1 %xor_ln52_17" [firmware/nnet_utils/nnet_activation_stream.h:52]   --->   Operation 158 'and' 'and_ln52_11' <Predicate = (icmp_ln51_5)> <Delay = 0.97> <CoreInst = "LogicGate">   --->   Core 74 'LogicGate' <Latency = 0> <II = 1> <Delay = 0.97> <FuncUnit> <Opcode : 'and' 'or' 'xor'> <InPorts = 2> <OutPorts = 1>
ST_1 : Operation 159 [1/1] (0.00ns) (grouped into LUT with out node out_data_0_5_0_0_0_load)   --->   "%select_ln52_10 = select i1 %and_ln52_11, i6 31, i6 32" [firmware/nnet_utils/nnet_activation_stream.h:52]   --->   Operation 159 'select' 'select_ln52_10' <Predicate = (or_ln52_17 & icmp_ln51_5)> <Delay = 0.00> <CoreInst = "Sel">   --->   Core 73 'Sel' <Latency = 0> <II = 1> <Delay = 0.99> <FuncUnit> <Opcode : 'select'> <InPorts = 3> <OutPorts = 1>
ST_1 : Operation 160 [1/1] (0.00ns) (grouped into LUT with out node out_data_0_5_0_0_0_load)   --->   "%or_ln52_17 = or i1 %and_ln52_11, i1 %tmp_24" [firmware/nnet_utils/nnet_activation_stream.h:52]   --->   Operation 160 'or' 'or_ln52_17' <Predicate = (icmp_ln51_5)> <Delay = 0.00> <CoreInst = "LogicGate">   --->   Core 74 'LogicGate' <Latency = 0> <II = 1> <Delay = 0.97> <FuncUnit> <Opcode : 'and' 'or' 'xor'> <InPorts = 2> <OutPorts = 1>
ST_1 : Operation 161 [1/1] (0.00ns) (grouped into LUT with out node out_data_0_5_0_0_0_load)   --->   "%select_ln52_11 = select i1 %or_ln52_17, i6 %select_ln52_10, i6 %add_ln52_5" [firmware/nnet_utils/nnet_activation_stream.h:52]   --->   Operation 161 'select' 'select_ln52_11' <Predicate = (icmp_ln51_5)> <Delay = 0.00> <CoreInst = "Sel">   --->   Core 73 'Sel' <Latency = 0> <II = 1> <Delay = 1.18> <FuncUnit> <Opcode : 'select'> <InPorts = 3> <OutPorts = 1>
ST_1 : Operation 162 [1/1] (1.18ns) (out node of the LUT)   --->   "%out_data_0_5_0_0_0_load = select i1 %icmp_ln51_5, i6 %select_ln52_11, i6 0" [firmware/nnet_utils/nnet_activation_stream.h:51]   --->   Operation 162 'select' 'out_data_0_5_0_0_0_load' <Predicate = true> <Delay = 1.18> <CoreInst = "Sel">   --->   Core 73 'Sel' <Latency = 0> <II = 1> <Delay = 1.18> <FuncUnit> <Opcode : 'select'> <InPorts = 3> <OutPorts = 1>
ST_1 : Operation 163 [1/1] (2.13ns)   --->   "%icmp_ln51_6 = icmp_sgt  i18 %trunc_ln44_5, i18 0" [firmware/nnet_utils/nnet_activation_stream.h:51]   --->   Operation 163 'icmp' 'icmp_ln51_6' <Predicate = true> <Delay = 2.13> <CoreInst = "Cmp">   --->   Core 9 'Cmp' <Latency = 0> <II = 1> <Delay = 2.13> <FuncUnit> <Opcode : 'seteq' 'setne' 'setle' 'setge' 'setlt' 'setgt'> <InPorts = 2> <OutPorts = 1>
ST_1 : Operation 164 [1/1] (0.00ns)   --->   "%tmp_29 = bitselect i1 @_ssdm_op_BitSelect.i1.i576.i32, i576 %layer5_out_read, i32 125" [firmware/nnet_utils/nnet_activation_stream.h:52]   --->   Operation 164 'bitselect' 'tmp_29' <Predicate = (icmp_ln51_6)> <Delay = 0.00>
ST_1 : Operation 165 [1/1] (0.00ns)   --->   "%trunc_ln52_5 = partselect i6 @_ssdm_op_PartSelect.i6.i576.i32.i32, i576 %layer5_out_read, i32 110, i32 115" [firmware/nnet_utils/nnet_activation_stream.h:52]   --->   Operation 165 'partselect' 'trunc_ln52_5' <Predicate = (icmp_ln51_6)> <Delay = 0.00>
ST_1 : Operation 166 [1/1] (0.00ns)   --->   "%tmp_30 = bitselect i1 @_ssdm_op_BitSelect.i1.i576.i32, i576 %layer5_out_read, i32 109" [firmware/nnet_utils/nnet_activation_stream.h:52]   --->   Operation 166 'bitselect' 'tmp_30' <Predicate = (icmp_ln51_6)> <Delay = 0.00>
ST_1 : Operation 167 [1/1] (0.00ns) (grouped into LUT with out node and_ln52_13)   --->   "%tmp_31 = bitselect i1 @_ssdm_op_BitSelect.i1.i576.i32, i576 %layer5_out_read, i32 115" [firmware/nnet_utils/nnet_activation_stream.h:52]   --->   Operation 167 'bitselect' 'tmp_31' <Predicate = (icmp_ln51_6)> <Delay = 0.00>
ST_1 : Operation 168 [1/1] (0.00ns)   --->   "%zext_ln52_6 = zext i1 %tmp_30" [firmware/nnet_utils/nnet_activation_stream.h:52]   --->   Operation 168 'zext' 'zext_ln52_6' <Predicate = (icmp_ln51_6)> <Delay = 0.00>
ST_1 : Operation 169 [1/1] (1.82ns)   --->   "%add_ln52_6 = add i6 %trunc_ln52_5, i6 %zext_ln52_6" [firmware/nnet_utils/nnet_activation_stream.h:52]   --->   Operation 169 'add' 'add_ln52_6' <Predicate = (icmp_ln51_6)> <Delay = 1.82> <CoreInst = "Adder">   --->   Core 1 'Adder' <Latency = 0> <II = 1> <Delay = 1.82> <FuncUnit> <Opcode : 'add' 'sub'> <InPorts = 2> <OutPorts = 1>
ST_1 : Operation 170 [1/1] (0.00ns)   --->   "%tmp_32 = bitselect i1 @_ssdm_op_BitSelect.i1.i6.i32, i6 %add_ln52_6, i32 5" [firmware/nnet_utils/nnet_activation_stream.h:52]   --->   Operation 170 'bitselect' 'tmp_32' <Predicate = (icmp_ln51_6)> <Delay = 0.00>
ST_1 : Operation 171 [1/1] (0.00ns)   --->   "%tmp_33 = partselect i10 @_ssdm_op_PartSelect.i10.i576.i32.i32, i576 %layer5_out_read, i32 116, i32 125" [firmware/nnet_utils/nnet_activation_stream.h:52]   --->   Operation 171 'partselect' 'tmp_33' <Predicate = (icmp_ln51_6)> <Delay = 0.00>
ST_1 : Operation 172 [1/1] (1.73ns)   --->   "%icmp_ln52_6 = icmp_eq  i10 %tmp_33, i10 0" [firmware/nnet_utils/nnet_activation_stream.h:52]   --->   Operation 172 'icmp' 'icmp_ln52_6' <Predicate = (icmp_ln51_6)> <Delay = 1.73> <CoreInst = "Cmp">   --->   Core 9 'Cmp' <Latency = 0> <II = 1> <Delay = 1.73> <FuncUnit> <Opcode : 'seteq' 'setne' 'setle' 'setge' 'setlt' 'setgt'> <InPorts = 2> <OutPorts = 1>
ST_1 : Operation 173 [1/1] (0.00ns) (grouped into LUT with out node and_ln52_13)   --->   "%xor_ln52_18 = xor i1 %tmp_31, i1 1" [firmware/nnet_utils/nnet_activation_stream.h:52]   --->   Operation 173 'xor' 'xor_ln52_18' <Predicate = (icmp_ln51_6)> <Delay = 0.00> <CoreInst = "LogicGate">   --->   Core 74 'LogicGate' <Latency = 0> <II = 1> <Delay = 0.97> <FuncUnit> <Opcode : 'and' 'or' 'xor'> <InPorts = 2> <OutPorts = 1>
ST_1 : Operation 174 [1/1] (0.00ns) (grouped into LUT with out node and_ln52_13)   --->   "%or_ln52_18 = or i1 %tmp_32, i1 %xor_ln52_18" [firmware/nnet_utils/nnet_activation_stream.h:52]   --->   Operation 174 'or' 'or_ln52_18' <Predicate = (icmp_ln51_6)> <Delay = 0.00> <CoreInst = "LogicGate">   --->   Core 74 'LogicGate' <Latency = 0> <II = 1> <Delay = 0.97> <FuncUnit> <Opcode : 'and' 'or' 'xor'> <InPorts = 2> <OutPorts = 1>
ST_1 : Operation 175 [1/1] (0.00ns) (grouped into LUT with out node and_ln52_13)   --->   "%and_ln52_12 = and i1 %icmp_ln52_6, i1 %or_ln52_18" [firmware/nnet_utils/nnet_activation_stream.h:52]   --->   Operation 175 'and' 'and_ln52_12' <Predicate = (icmp_ln51_6)> <Delay = 0.00> <CoreInst = "LogicGate">   --->   Core 74 'LogicGate' <Latency = 0> <II = 1> <Delay = 0.97> <FuncUnit> <Opcode : 'and' 'or' 'xor'> <InPorts = 2> <OutPorts = 1>
ST_1 : Operation 176 [1/1] (0.00ns) (grouped into LUT with out node and_ln52_13)   --->   "%xor_ln52_19 = xor i1 %and_ln52_12, i1 1" [firmware/nnet_utils/nnet_activation_stream.h:52]   --->   Operation 176 'xor' 'xor_ln52_19' <Predicate = (icmp_ln51_6)> <Delay = 0.00> <CoreInst = "LogicGate">   --->   Core 74 'LogicGate' <Latency = 0> <II = 1> <Delay = 0.97> <FuncUnit> <Opcode : 'and' 'or' 'xor'> <InPorts = 2> <OutPorts = 1>
ST_1 : Operation 177 [1/1] (0.00ns) (grouped into LUT with out node and_ln52_13)   --->   "%or_ln52_19 = or i1 %tmp_32, i1 %xor_ln52_19" [firmware/nnet_utils/nnet_activation_stream.h:52]   --->   Operation 177 'or' 'or_ln52_19' <Predicate = (icmp_ln51_6)> <Delay = 0.00> <CoreInst = "LogicGate">   --->   Core 74 'LogicGate' <Latency = 0> <II = 1> <Delay = 0.97> <FuncUnit> <Opcode : 'and' 'or' 'xor'> <InPorts = 2> <OutPorts = 1>
ST_1 : Operation 178 [1/1] (0.00ns) (grouped into LUT with out node and_ln52_13)   --->   "%xor_ln52_20 = xor i1 %tmp_29, i1 1" [firmware/nnet_utils/nnet_activation_stream.h:52]   --->   Operation 178 'xor' 'xor_ln52_20' <Predicate = (icmp_ln51_6)> <Delay = 0.00> <CoreInst = "LogicGate">   --->   Core 74 'LogicGate' <Latency = 0> <II = 1> <Delay = 0.97> <FuncUnit> <Opcode : 'and' 'or' 'xor'> <InPorts = 2> <OutPorts = 1>
ST_1 : Operation 179 [1/1] (0.97ns) (out node of the LUT)   --->   "%and_ln52_13 = and i1 %or_ln52_19, i1 %xor_ln52_20" [firmware/nnet_utils/nnet_activation_stream.h:52]   --->   Operation 179 'and' 'and_ln52_13' <Predicate = (icmp_ln51_6)> <Delay = 0.97> <CoreInst = "LogicGate">   --->   Core 74 'LogicGate' <Latency = 0> <II = 1> <Delay = 0.97> <FuncUnit> <Opcode : 'and' 'or' 'xor'> <InPorts = 2> <OutPorts = 1>
ST_1 : Operation 180 [1/1] (0.00ns) (grouped into LUT with out node out_data_0_6_0_0_0_load)   --->   "%select_ln52_12 = select i1 %and_ln52_13, i6 31, i6 32" [firmware/nnet_utils/nnet_activation_stream.h:52]   --->   Operation 180 'select' 'select_ln52_12' <Predicate = (or_ln52_20 & icmp_ln51_6)> <Delay = 0.00> <CoreInst = "Sel">   --->   Core 73 'Sel' <Latency = 0> <II = 1> <Delay = 0.99> <FuncUnit> <Opcode : 'select'> <InPorts = 3> <OutPorts = 1>
ST_1 : Operation 181 [1/1] (0.00ns) (grouped into LUT with out node out_data_0_6_0_0_0_load)   --->   "%or_ln52_20 = or i1 %and_ln52_13, i1 %tmp_29" [firmware/nnet_utils/nnet_activation_stream.h:52]   --->   Operation 181 'or' 'or_ln52_20' <Predicate = (icmp_ln51_6)> <Delay = 0.00> <CoreInst = "LogicGate">   --->   Core 74 'LogicGate' <Latency = 0> <II = 1> <Delay = 0.97> <FuncUnit> <Opcode : 'and' 'or' 'xor'> <InPorts = 2> <OutPorts = 1>
ST_1 : Operation 182 [1/1] (0.00ns) (grouped into LUT with out node out_data_0_6_0_0_0_load)   --->   "%select_ln52_13 = select i1 %or_ln52_20, i6 %select_ln52_12, i6 %add_ln52_6" [firmware/nnet_utils/nnet_activation_stream.h:52]   --->   Operation 182 'select' 'select_ln52_13' <Predicate = (icmp_ln51_6)> <Delay = 0.00> <CoreInst = "Sel">   --->   Core 73 'Sel' <Latency = 0> <II = 1> <Delay = 1.18> <FuncUnit> <Opcode : 'select'> <InPorts = 3> <OutPorts = 1>
ST_1 : Operation 183 [1/1] (1.18ns) (out node of the LUT)   --->   "%out_data_0_6_0_0_0_load = select i1 %icmp_ln51_6, i6 %select_ln52_13, i6 0" [firmware/nnet_utils/nnet_activation_stream.h:51]   --->   Operation 183 'select' 'out_data_0_6_0_0_0_load' <Predicate = true> <Delay = 1.18> <CoreInst = "Sel">   --->   Core 73 'Sel' <Latency = 0> <II = 1> <Delay = 1.18> <FuncUnit> <Opcode : 'select'> <InPorts = 3> <OutPorts = 1>
ST_1 : Operation 184 [1/1] (2.13ns)   --->   "%icmp_ln51_7 = icmp_sgt  i18 %trunc_ln44_6, i18 0" [firmware/nnet_utils/nnet_activation_stream.h:51]   --->   Operation 184 'icmp' 'icmp_ln51_7' <Predicate = true> <Delay = 2.13> <CoreInst = "Cmp">   --->   Core 9 'Cmp' <Latency = 0> <II = 1> <Delay = 2.13> <FuncUnit> <Opcode : 'seteq' 'setne' 'setle' 'setge' 'setlt' 'setgt'> <InPorts = 2> <OutPorts = 1>
ST_1 : Operation 185 [1/1] (0.00ns)   --->   "%tmp_34 = bitselect i1 @_ssdm_op_BitSelect.i1.i576.i32, i576 %layer5_out_read, i32 143" [firmware/nnet_utils/nnet_activation_stream.h:52]   --->   Operation 185 'bitselect' 'tmp_34' <Predicate = (icmp_ln51_7)> <Delay = 0.00>
ST_1 : Operation 186 [1/1] (0.00ns)   --->   "%trunc_ln52_6 = partselect i6 @_ssdm_op_PartSelect.i6.i576.i32.i32, i576 %layer5_out_read, i32 128, i32 133" [firmware/nnet_utils/nnet_activation_stream.h:52]   --->   Operation 186 'partselect' 'trunc_ln52_6' <Predicate = (icmp_ln51_7)> <Delay = 0.00>
ST_1 : Operation 187 [1/1] (0.00ns)   --->   "%tmp_35 = bitselect i1 @_ssdm_op_BitSelect.i1.i576.i32, i576 %layer5_out_read, i32 127" [firmware/nnet_utils/nnet_activation_stream.h:52]   --->   Operation 187 'bitselect' 'tmp_35' <Predicate = (icmp_ln51_7)> <Delay = 0.00>
ST_1 : Operation 188 [1/1] (0.00ns) (grouped into LUT with out node and_ln52_15)   --->   "%tmp_36 = bitselect i1 @_ssdm_op_BitSelect.i1.i576.i32, i576 %layer5_out_read, i32 133" [firmware/nnet_utils/nnet_activation_stream.h:52]   --->   Operation 188 'bitselect' 'tmp_36' <Predicate = (icmp_ln51_7)> <Delay = 0.00>
ST_1 : Operation 189 [1/1] (0.00ns)   --->   "%zext_ln52_7 = zext i1 %tmp_35" [firmware/nnet_utils/nnet_activation_stream.h:52]   --->   Operation 189 'zext' 'zext_ln52_7' <Predicate = (icmp_ln51_7)> <Delay = 0.00>
ST_1 : Operation 190 [1/1] (1.82ns)   --->   "%add_ln52_7 = add i6 %trunc_ln52_6, i6 %zext_ln52_7" [firmware/nnet_utils/nnet_activation_stream.h:52]   --->   Operation 190 'add' 'add_ln52_7' <Predicate = (icmp_ln51_7)> <Delay = 1.82> <CoreInst = "Adder">   --->   Core 1 'Adder' <Latency = 0> <II = 1> <Delay = 1.82> <FuncUnit> <Opcode : 'add' 'sub'> <InPorts = 2> <OutPorts = 1>
ST_1 : Operation 191 [1/1] (0.00ns)   --->   "%tmp_37 = bitselect i1 @_ssdm_op_BitSelect.i1.i6.i32, i6 %add_ln52_7, i32 5" [firmware/nnet_utils/nnet_activation_stream.h:52]   --->   Operation 191 'bitselect' 'tmp_37' <Predicate = (icmp_ln51_7)> <Delay = 0.00>
ST_1 : Operation 192 [1/1] (0.00ns)   --->   "%tmp_38 = partselect i10 @_ssdm_op_PartSelect.i10.i576.i32.i32, i576 %layer5_out_read, i32 134, i32 143" [firmware/nnet_utils/nnet_activation_stream.h:52]   --->   Operation 192 'partselect' 'tmp_38' <Predicate = (icmp_ln51_7)> <Delay = 0.00>
ST_1 : Operation 193 [1/1] (1.73ns)   --->   "%icmp_ln52_7 = icmp_eq  i10 %tmp_38, i10 0" [firmware/nnet_utils/nnet_activation_stream.h:52]   --->   Operation 193 'icmp' 'icmp_ln52_7' <Predicate = (icmp_ln51_7)> <Delay = 1.73> <CoreInst = "Cmp">   --->   Core 9 'Cmp' <Latency = 0> <II = 1> <Delay = 1.73> <FuncUnit> <Opcode : 'seteq' 'setne' 'setle' 'setge' 'setlt' 'setgt'> <InPorts = 2> <OutPorts = 1>
ST_1 : Operation 194 [1/1] (0.00ns) (grouped into LUT with out node and_ln52_15)   --->   "%xor_ln52_21 = xor i1 %tmp_36, i1 1" [firmware/nnet_utils/nnet_activation_stream.h:52]   --->   Operation 194 'xor' 'xor_ln52_21' <Predicate = (icmp_ln51_7)> <Delay = 0.00> <CoreInst = "LogicGate">   --->   Core 74 'LogicGate' <Latency = 0> <II = 1> <Delay = 0.97> <FuncUnit> <Opcode : 'and' 'or' 'xor'> <InPorts = 2> <OutPorts = 1>
ST_1 : Operation 195 [1/1] (0.00ns) (grouped into LUT with out node and_ln52_15)   --->   "%or_ln52_21 = or i1 %tmp_37, i1 %xor_ln52_21" [firmware/nnet_utils/nnet_activation_stream.h:52]   --->   Operation 195 'or' 'or_ln52_21' <Predicate = (icmp_ln51_7)> <Delay = 0.00> <CoreInst = "LogicGate">   --->   Core 74 'LogicGate' <Latency = 0> <II = 1> <Delay = 0.97> <FuncUnit> <Opcode : 'and' 'or' 'xor'> <InPorts = 2> <OutPorts = 1>
ST_1 : Operation 196 [1/1] (0.00ns) (grouped into LUT with out node and_ln52_15)   --->   "%and_ln52_14 = and i1 %icmp_ln52_7, i1 %or_ln52_21" [firmware/nnet_utils/nnet_activation_stream.h:52]   --->   Operation 196 'and' 'and_ln52_14' <Predicate = (icmp_ln51_7)> <Delay = 0.00> <CoreInst = "LogicGate">   --->   Core 74 'LogicGate' <Latency = 0> <II = 1> <Delay = 0.97> <FuncUnit> <Opcode : 'and' 'or' 'xor'> <InPorts = 2> <OutPorts = 1>
ST_1 : Operation 197 [1/1] (0.00ns) (grouped into LUT with out node and_ln52_15)   --->   "%xor_ln52_22 = xor i1 %and_ln52_14, i1 1" [firmware/nnet_utils/nnet_activation_stream.h:52]   --->   Operation 197 'xor' 'xor_ln52_22' <Predicate = (icmp_ln51_7)> <Delay = 0.00> <CoreInst = "LogicGate">   --->   Core 74 'LogicGate' <Latency = 0> <II = 1> <Delay = 0.97> <FuncUnit> <Opcode : 'and' 'or' 'xor'> <InPorts = 2> <OutPorts = 1>
ST_1 : Operation 198 [1/1] (0.00ns) (grouped into LUT with out node and_ln52_15)   --->   "%or_ln52_22 = or i1 %tmp_37, i1 %xor_ln52_22" [firmware/nnet_utils/nnet_activation_stream.h:52]   --->   Operation 198 'or' 'or_ln52_22' <Predicate = (icmp_ln51_7)> <Delay = 0.00> <CoreInst = "LogicGate">   --->   Core 74 'LogicGate' <Latency = 0> <II = 1> <Delay = 0.97> <FuncUnit> <Opcode : 'and' 'or' 'xor'> <InPorts = 2> <OutPorts = 1>
ST_1 : Operation 199 [1/1] (0.00ns) (grouped into LUT with out node and_ln52_15)   --->   "%xor_ln52_23 = xor i1 %tmp_34, i1 1" [firmware/nnet_utils/nnet_activation_stream.h:52]   --->   Operation 199 'xor' 'xor_ln52_23' <Predicate = (icmp_ln51_7)> <Delay = 0.00> <CoreInst = "LogicGate">   --->   Core 74 'LogicGate' <Latency = 0> <II = 1> <Delay = 0.97> <FuncUnit> <Opcode : 'and' 'or' 'xor'> <InPorts = 2> <OutPorts = 1>
ST_1 : Operation 200 [1/1] (0.97ns) (out node of the LUT)   --->   "%and_ln52_15 = and i1 %or_ln52_22, i1 %xor_ln52_23" [firmware/nnet_utils/nnet_activation_stream.h:52]   --->   Operation 200 'and' 'and_ln52_15' <Predicate = (icmp_ln51_7)> <Delay = 0.97> <CoreInst = "LogicGate">   --->   Core 74 'LogicGate' <Latency = 0> <II = 1> <Delay = 0.97> <FuncUnit> <Opcode : 'and' 'or' 'xor'> <InPorts = 2> <OutPorts = 1>
ST_1 : Operation 201 [1/1] (0.00ns) (grouped into LUT with out node out_data_0_7_0_0_0_load)   --->   "%select_ln52_14 = select i1 %and_ln52_15, i6 31, i6 32" [firmware/nnet_utils/nnet_activation_stream.h:52]   --->   Operation 201 'select' 'select_ln52_14' <Predicate = (or_ln52_23 & icmp_ln51_7)> <Delay = 0.00> <CoreInst = "Sel">   --->   Core 73 'Sel' <Latency = 0> <II = 1> <Delay = 0.99> <FuncUnit> <Opcode : 'select'> <InPorts = 3> <OutPorts = 1>
ST_1 : Operation 202 [1/1] (0.00ns) (grouped into LUT with out node out_data_0_7_0_0_0_load)   --->   "%or_ln52_23 = or i1 %and_ln52_15, i1 %tmp_34" [firmware/nnet_utils/nnet_activation_stream.h:52]   --->   Operation 202 'or' 'or_ln52_23' <Predicate = (icmp_ln51_7)> <Delay = 0.00> <CoreInst = "LogicGate">   --->   Core 74 'LogicGate' <Latency = 0> <II = 1> <Delay = 0.97> <FuncUnit> <Opcode : 'and' 'or' 'xor'> <InPorts = 2> <OutPorts = 1>
ST_1 : Operation 203 [1/1] (0.00ns) (grouped into LUT with out node out_data_0_7_0_0_0_load)   --->   "%select_ln52_15 = select i1 %or_ln52_23, i6 %select_ln52_14, i6 %add_ln52_7" [firmware/nnet_utils/nnet_activation_stream.h:52]   --->   Operation 203 'select' 'select_ln52_15' <Predicate = (icmp_ln51_7)> <Delay = 0.00> <CoreInst = "Sel">   --->   Core 73 'Sel' <Latency = 0> <II = 1> <Delay = 1.18> <FuncUnit> <Opcode : 'select'> <InPorts = 3> <OutPorts = 1>
ST_1 : Operation 204 [1/1] (1.18ns) (out node of the LUT)   --->   "%out_data_0_7_0_0_0_load = select i1 %icmp_ln51_7, i6 %select_ln52_15, i6 0" [firmware/nnet_utils/nnet_activation_stream.h:51]   --->   Operation 204 'select' 'out_data_0_7_0_0_0_load' <Predicate = true> <Delay = 1.18> <CoreInst = "Sel">   --->   Core 73 'Sel' <Latency = 0> <II = 1> <Delay = 1.18> <FuncUnit> <Opcode : 'select'> <InPorts = 3> <OutPorts = 1>
ST_1 : Operation 205 [1/1] (2.13ns)   --->   "%icmp_ln51_8 = icmp_sgt  i18 %trunc_ln44_7, i18 0" [firmware/nnet_utils/nnet_activation_stream.h:51]   --->   Operation 205 'icmp' 'icmp_ln51_8' <Predicate = true> <Delay = 2.13> <CoreInst = "Cmp">   --->   Core 9 'Cmp' <Latency = 0> <II = 1> <Delay = 2.13> <FuncUnit> <Opcode : 'seteq' 'setne' 'setle' 'setge' 'setlt' 'setgt'> <InPorts = 2> <OutPorts = 1>
ST_1 : Operation 206 [1/1] (0.00ns)   --->   "%tmp_39 = bitselect i1 @_ssdm_op_BitSelect.i1.i576.i32, i576 %layer5_out_read, i32 161" [firmware/nnet_utils/nnet_activation_stream.h:52]   --->   Operation 206 'bitselect' 'tmp_39' <Predicate = (icmp_ln51_8)> <Delay = 0.00>
ST_1 : Operation 207 [1/1] (0.00ns)   --->   "%trunc_ln52_7 = partselect i6 @_ssdm_op_PartSelect.i6.i576.i32.i32, i576 %layer5_out_read, i32 146, i32 151" [firmware/nnet_utils/nnet_activation_stream.h:52]   --->   Operation 207 'partselect' 'trunc_ln52_7' <Predicate = (icmp_ln51_8)> <Delay = 0.00>
ST_1 : Operation 208 [1/1] (0.00ns)   --->   "%tmp_40 = bitselect i1 @_ssdm_op_BitSelect.i1.i576.i32, i576 %layer5_out_read, i32 145" [firmware/nnet_utils/nnet_activation_stream.h:52]   --->   Operation 208 'bitselect' 'tmp_40' <Predicate = (icmp_ln51_8)> <Delay = 0.00>
ST_1 : Operation 209 [1/1] (0.00ns) (grouped into LUT with out node and_ln52_17)   --->   "%tmp_41 = bitselect i1 @_ssdm_op_BitSelect.i1.i576.i32, i576 %layer5_out_read, i32 151" [firmware/nnet_utils/nnet_activation_stream.h:52]   --->   Operation 209 'bitselect' 'tmp_41' <Predicate = (icmp_ln51_8)> <Delay = 0.00>
ST_1 : Operation 210 [1/1] (0.00ns)   --->   "%zext_ln52_8 = zext i1 %tmp_40" [firmware/nnet_utils/nnet_activation_stream.h:52]   --->   Operation 210 'zext' 'zext_ln52_8' <Predicate = (icmp_ln51_8)> <Delay = 0.00>
ST_1 : Operation 211 [1/1] (1.82ns)   --->   "%add_ln52_8 = add i6 %trunc_ln52_7, i6 %zext_ln52_8" [firmware/nnet_utils/nnet_activation_stream.h:52]   --->   Operation 211 'add' 'add_ln52_8' <Predicate = (icmp_ln51_8)> <Delay = 1.82> <CoreInst = "Adder">   --->   Core 1 'Adder' <Latency = 0> <II = 1> <Delay = 1.82> <FuncUnit> <Opcode : 'add' 'sub'> <InPorts = 2> <OutPorts = 1>
ST_1 : Operation 212 [1/1] (0.00ns)   --->   "%tmp_42 = bitselect i1 @_ssdm_op_BitSelect.i1.i6.i32, i6 %add_ln52_8, i32 5" [firmware/nnet_utils/nnet_activation_stream.h:52]   --->   Operation 212 'bitselect' 'tmp_42' <Predicate = (icmp_ln51_8)> <Delay = 0.00>
ST_1 : Operation 213 [1/1] (0.00ns)   --->   "%tmp_43 = partselect i10 @_ssdm_op_PartSelect.i10.i576.i32.i32, i576 %layer5_out_read, i32 152, i32 161" [firmware/nnet_utils/nnet_activation_stream.h:52]   --->   Operation 213 'partselect' 'tmp_43' <Predicate = (icmp_ln51_8)> <Delay = 0.00>
ST_1 : Operation 214 [1/1] (1.73ns)   --->   "%icmp_ln52_8 = icmp_eq  i10 %tmp_43, i10 0" [firmware/nnet_utils/nnet_activation_stream.h:52]   --->   Operation 214 'icmp' 'icmp_ln52_8' <Predicate = (icmp_ln51_8)> <Delay = 1.73> <CoreInst = "Cmp">   --->   Core 9 'Cmp' <Latency = 0> <II = 1> <Delay = 1.73> <FuncUnit> <Opcode : 'seteq' 'setne' 'setle' 'setge' 'setlt' 'setgt'> <InPorts = 2> <OutPorts = 1>
ST_1 : Operation 215 [1/1] (0.00ns) (grouped into LUT with out node and_ln52_17)   --->   "%xor_ln52_24 = xor i1 %tmp_41, i1 1" [firmware/nnet_utils/nnet_activation_stream.h:52]   --->   Operation 215 'xor' 'xor_ln52_24' <Predicate = (icmp_ln51_8)> <Delay = 0.00> <CoreInst = "LogicGate">   --->   Core 74 'LogicGate' <Latency = 0> <II = 1> <Delay = 0.97> <FuncUnit> <Opcode : 'and' 'or' 'xor'> <InPorts = 2> <OutPorts = 1>
ST_1 : Operation 216 [1/1] (0.00ns) (grouped into LUT with out node and_ln52_17)   --->   "%or_ln52_24 = or i1 %tmp_42, i1 %xor_ln52_24" [firmware/nnet_utils/nnet_activation_stream.h:52]   --->   Operation 216 'or' 'or_ln52_24' <Predicate = (icmp_ln51_8)> <Delay = 0.00> <CoreInst = "LogicGate">   --->   Core 74 'LogicGate' <Latency = 0> <II = 1> <Delay = 0.97> <FuncUnit> <Opcode : 'and' 'or' 'xor'> <InPorts = 2> <OutPorts = 1>
ST_1 : Operation 217 [1/1] (0.00ns) (grouped into LUT with out node and_ln52_17)   --->   "%and_ln52_16 = and i1 %icmp_ln52_8, i1 %or_ln52_24" [firmware/nnet_utils/nnet_activation_stream.h:52]   --->   Operation 217 'and' 'and_ln52_16' <Predicate = (icmp_ln51_8)> <Delay = 0.00> <CoreInst = "LogicGate">   --->   Core 74 'LogicGate' <Latency = 0> <II = 1> <Delay = 0.97> <FuncUnit> <Opcode : 'and' 'or' 'xor'> <InPorts = 2> <OutPorts = 1>
ST_1 : Operation 218 [1/1] (0.00ns) (grouped into LUT with out node and_ln52_17)   --->   "%xor_ln52_25 = xor i1 %and_ln52_16, i1 1" [firmware/nnet_utils/nnet_activation_stream.h:52]   --->   Operation 218 'xor' 'xor_ln52_25' <Predicate = (icmp_ln51_8)> <Delay = 0.00> <CoreInst = "LogicGate">   --->   Core 74 'LogicGate' <Latency = 0> <II = 1> <Delay = 0.97> <FuncUnit> <Opcode : 'and' 'or' 'xor'> <InPorts = 2> <OutPorts = 1>
ST_1 : Operation 219 [1/1] (0.00ns) (grouped into LUT with out node and_ln52_17)   --->   "%or_ln52_25 = or i1 %tmp_42, i1 %xor_ln52_25" [firmware/nnet_utils/nnet_activation_stream.h:52]   --->   Operation 219 'or' 'or_ln52_25' <Predicate = (icmp_ln51_8)> <Delay = 0.00> <CoreInst = "LogicGate">   --->   Core 74 'LogicGate' <Latency = 0> <II = 1> <Delay = 0.97> <FuncUnit> <Opcode : 'and' 'or' 'xor'> <InPorts = 2> <OutPorts = 1>
ST_1 : Operation 220 [1/1] (0.00ns) (grouped into LUT with out node and_ln52_17)   --->   "%xor_ln52_26 = xor i1 %tmp_39, i1 1" [firmware/nnet_utils/nnet_activation_stream.h:52]   --->   Operation 220 'xor' 'xor_ln52_26' <Predicate = (icmp_ln51_8)> <Delay = 0.00> <CoreInst = "LogicGate">   --->   Core 74 'LogicGate' <Latency = 0> <II = 1> <Delay = 0.97> <FuncUnit> <Opcode : 'and' 'or' 'xor'> <InPorts = 2> <OutPorts = 1>
ST_1 : Operation 221 [1/1] (0.97ns) (out node of the LUT)   --->   "%and_ln52_17 = and i1 %or_ln52_25, i1 %xor_ln52_26" [firmware/nnet_utils/nnet_activation_stream.h:52]   --->   Operation 221 'and' 'and_ln52_17' <Predicate = (icmp_ln51_8)> <Delay = 0.97> <CoreInst = "LogicGate">   --->   Core 74 'LogicGate' <Latency = 0> <II = 1> <Delay = 0.97> <FuncUnit> <Opcode : 'and' 'or' 'xor'> <InPorts = 2> <OutPorts = 1>
ST_1 : Operation 222 [1/1] (0.00ns) (grouped into LUT with out node out_data_0_8_0_0_0_load)   --->   "%select_ln52_16 = select i1 %and_ln52_17, i6 31, i6 32" [firmware/nnet_utils/nnet_activation_stream.h:52]   --->   Operation 222 'select' 'select_ln52_16' <Predicate = (or_ln52_26 & icmp_ln51_8)> <Delay = 0.00> <CoreInst = "Sel">   --->   Core 73 'Sel' <Latency = 0> <II = 1> <Delay = 0.99> <FuncUnit> <Opcode : 'select'> <InPorts = 3> <OutPorts = 1>
ST_1 : Operation 223 [1/1] (0.00ns) (grouped into LUT with out node out_data_0_8_0_0_0_load)   --->   "%or_ln52_26 = or i1 %and_ln52_17, i1 %tmp_39" [firmware/nnet_utils/nnet_activation_stream.h:52]   --->   Operation 223 'or' 'or_ln52_26' <Predicate = (icmp_ln51_8)> <Delay = 0.00> <CoreInst = "LogicGate">   --->   Core 74 'LogicGate' <Latency = 0> <II = 1> <Delay = 0.97> <FuncUnit> <Opcode : 'and' 'or' 'xor'> <InPorts = 2> <OutPorts = 1>
ST_1 : Operation 224 [1/1] (0.00ns) (grouped into LUT with out node out_data_0_8_0_0_0_load)   --->   "%select_ln52_17 = select i1 %or_ln52_26, i6 %select_ln52_16, i6 %add_ln52_8" [firmware/nnet_utils/nnet_activation_stream.h:52]   --->   Operation 224 'select' 'select_ln52_17' <Predicate = (icmp_ln51_8)> <Delay = 0.00> <CoreInst = "Sel">   --->   Core 73 'Sel' <Latency = 0> <II = 1> <Delay = 1.18> <FuncUnit> <Opcode : 'select'> <InPorts = 3> <OutPorts = 1>
ST_1 : Operation 225 [1/1] (1.18ns) (out node of the LUT)   --->   "%out_data_0_8_0_0_0_load = select i1 %icmp_ln51_8, i6 %select_ln52_17, i6 0" [firmware/nnet_utils/nnet_activation_stream.h:51]   --->   Operation 225 'select' 'out_data_0_8_0_0_0_load' <Predicate = true> <Delay = 1.18> <CoreInst = "Sel">   --->   Core 73 'Sel' <Latency = 0> <II = 1> <Delay = 1.18> <FuncUnit> <Opcode : 'select'> <InPorts = 3> <OutPorts = 1>
ST_1 : Operation 226 [1/1] (2.13ns)   --->   "%icmp_ln51_9 = icmp_sgt  i18 %trunc_ln44_8, i18 0" [firmware/nnet_utils/nnet_activation_stream.h:51]   --->   Operation 226 'icmp' 'icmp_ln51_9' <Predicate = true> <Delay = 2.13> <CoreInst = "Cmp">   --->   Core 9 'Cmp' <Latency = 0> <II = 1> <Delay = 2.13> <FuncUnit> <Opcode : 'seteq' 'setne' 'setle' 'setge' 'setlt' 'setgt'> <InPorts = 2> <OutPorts = 1>
ST_1 : Operation 227 [1/1] (0.00ns)   --->   "%tmp_44 = bitselect i1 @_ssdm_op_BitSelect.i1.i576.i32, i576 %layer5_out_read, i32 179" [firmware/nnet_utils/nnet_activation_stream.h:52]   --->   Operation 227 'bitselect' 'tmp_44' <Predicate = (icmp_ln51_9)> <Delay = 0.00>
ST_1 : Operation 228 [1/1] (0.00ns)   --->   "%trunc_ln52_8 = partselect i6 @_ssdm_op_PartSelect.i6.i576.i32.i32, i576 %layer5_out_read, i32 164, i32 169" [firmware/nnet_utils/nnet_activation_stream.h:52]   --->   Operation 228 'partselect' 'trunc_ln52_8' <Predicate = (icmp_ln51_9)> <Delay = 0.00>
ST_1 : Operation 229 [1/1] (0.00ns)   --->   "%tmp_45 = bitselect i1 @_ssdm_op_BitSelect.i1.i576.i32, i576 %layer5_out_read, i32 163" [firmware/nnet_utils/nnet_activation_stream.h:52]   --->   Operation 229 'bitselect' 'tmp_45' <Predicate = (icmp_ln51_9)> <Delay = 0.00>
ST_1 : Operation 230 [1/1] (0.00ns) (grouped into LUT with out node and_ln52_19)   --->   "%tmp_46 = bitselect i1 @_ssdm_op_BitSelect.i1.i576.i32, i576 %layer5_out_read, i32 169" [firmware/nnet_utils/nnet_activation_stream.h:52]   --->   Operation 230 'bitselect' 'tmp_46' <Predicate = (icmp_ln51_9)> <Delay = 0.00>
ST_1 : Operation 231 [1/1] (0.00ns)   --->   "%zext_ln52_9 = zext i1 %tmp_45" [firmware/nnet_utils/nnet_activation_stream.h:52]   --->   Operation 231 'zext' 'zext_ln52_9' <Predicate = (icmp_ln51_9)> <Delay = 0.00>
ST_1 : Operation 232 [1/1] (1.82ns)   --->   "%add_ln52_9 = add i6 %trunc_ln52_8, i6 %zext_ln52_9" [firmware/nnet_utils/nnet_activation_stream.h:52]   --->   Operation 232 'add' 'add_ln52_9' <Predicate = (icmp_ln51_9)> <Delay = 1.82> <CoreInst = "Adder">   --->   Core 1 'Adder' <Latency = 0> <II = 1> <Delay = 1.82> <FuncUnit> <Opcode : 'add' 'sub'> <InPorts = 2> <OutPorts = 1>
ST_1 : Operation 233 [1/1] (0.00ns)   --->   "%tmp_47 = bitselect i1 @_ssdm_op_BitSelect.i1.i6.i32, i6 %add_ln52_9, i32 5" [firmware/nnet_utils/nnet_activation_stream.h:52]   --->   Operation 233 'bitselect' 'tmp_47' <Predicate = (icmp_ln51_9)> <Delay = 0.00>
ST_1 : Operation 234 [1/1] (0.00ns)   --->   "%tmp_48 = partselect i10 @_ssdm_op_PartSelect.i10.i576.i32.i32, i576 %layer5_out_read, i32 170, i32 179" [firmware/nnet_utils/nnet_activation_stream.h:52]   --->   Operation 234 'partselect' 'tmp_48' <Predicate = (icmp_ln51_9)> <Delay = 0.00>
ST_1 : Operation 235 [1/1] (1.73ns)   --->   "%icmp_ln52_9 = icmp_eq  i10 %tmp_48, i10 0" [firmware/nnet_utils/nnet_activation_stream.h:52]   --->   Operation 235 'icmp' 'icmp_ln52_9' <Predicate = (icmp_ln51_9)> <Delay = 1.73> <CoreInst = "Cmp">   --->   Core 9 'Cmp' <Latency = 0> <II = 1> <Delay = 1.73> <FuncUnit> <Opcode : 'seteq' 'setne' 'setle' 'setge' 'setlt' 'setgt'> <InPorts = 2> <OutPorts = 1>
ST_1 : Operation 236 [1/1] (0.00ns) (grouped into LUT with out node and_ln52_19)   --->   "%xor_ln52_27 = xor i1 %tmp_46, i1 1" [firmware/nnet_utils/nnet_activation_stream.h:52]   --->   Operation 236 'xor' 'xor_ln52_27' <Predicate = (icmp_ln51_9)> <Delay = 0.00> <CoreInst = "LogicGate">   --->   Core 74 'LogicGate' <Latency = 0> <II = 1> <Delay = 0.97> <FuncUnit> <Opcode : 'and' 'or' 'xor'> <InPorts = 2> <OutPorts = 1>
ST_1 : Operation 237 [1/1] (0.00ns) (grouped into LUT with out node and_ln52_19)   --->   "%or_ln52_27 = or i1 %tmp_47, i1 %xor_ln52_27" [firmware/nnet_utils/nnet_activation_stream.h:52]   --->   Operation 237 'or' 'or_ln52_27' <Predicate = (icmp_ln51_9)> <Delay = 0.00> <CoreInst = "LogicGate">   --->   Core 74 'LogicGate' <Latency = 0> <II = 1> <Delay = 0.97> <FuncUnit> <Opcode : 'and' 'or' 'xor'> <InPorts = 2> <OutPorts = 1>
ST_1 : Operation 238 [1/1] (0.00ns) (grouped into LUT with out node and_ln52_19)   --->   "%and_ln52_18 = and i1 %icmp_ln52_9, i1 %or_ln52_27" [firmware/nnet_utils/nnet_activation_stream.h:52]   --->   Operation 238 'and' 'and_ln52_18' <Predicate = (icmp_ln51_9)> <Delay = 0.00> <CoreInst = "LogicGate">   --->   Core 74 'LogicGate' <Latency = 0> <II = 1> <Delay = 0.97> <FuncUnit> <Opcode : 'and' 'or' 'xor'> <InPorts = 2> <OutPorts = 1>
ST_1 : Operation 239 [1/1] (0.00ns) (grouped into LUT with out node and_ln52_19)   --->   "%xor_ln52_28 = xor i1 %and_ln52_18, i1 1" [firmware/nnet_utils/nnet_activation_stream.h:52]   --->   Operation 239 'xor' 'xor_ln52_28' <Predicate = (icmp_ln51_9)> <Delay = 0.00> <CoreInst = "LogicGate">   --->   Core 74 'LogicGate' <Latency = 0> <II = 1> <Delay = 0.97> <FuncUnit> <Opcode : 'and' 'or' 'xor'> <InPorts = 2> <OutPorts = 1>
ST_1 : Operation 240 [1/1] (0.00ns) (grouped into LUT with out node and_ln52_19)   --->   "%or_ln52_28 = or i1 %tmp_47, i1 %xor_ln52_28" [firmware/nnet_utils/nnet_activation_stream.h:52]   --->   Operation 240 'or' 'or_ln52_28' <Predicate = (icmp_ln51_9)> <Delay = 0.00> <CoreInst = "LogicGate">   --->   Core 74 'LogicGate' <Latency = 0> <II = 1> <Delay = 0.97> <FuncUnit> <Opcode : 'and' 'or' 'xor'> <InPorts = 2> <OutPorts = 1>
ST_1 : Operation 241 [1/1] (0.00ns) (grouped into LUT with out node and_ln52_19)   --->   "%xor_ln52_29 = xor i1 %tmp_44, i1 1" [firmware/nnet_utils/nnet_activation_stream.h:52]   --->   Operation 241 'xor' 'xor_ln52_29' <Predicate = (icmp_ln51_9)> <Delay = 0.00> <CoreInst = "LogicGate">   --->   Core 74 'LogicGate' <Latency = 0> <II = 1> <Delay = 0.97> <FuncUnit> <Opcode : 'and' 'or' 'xor'> <InPorts = 2> <OutPorts = 1>
ST_1 : Operation 242 [1/1] (0.97ns) (out node of the LUT)   --->   "%and_ln52_19 = and i1 %or_ln52_28, i1 %xor_ln52_29" [firmware/nnet_utils/nnet_activation_stream.h:52]   --->   Operation 242 'and' 'and_ln52_19' <Predicate = (icmp_ln51_9)> <Delay = 0.97> <CoreInst = "LogicGate">   --->   Core 74 'LogicGate' <Latency = 0> <II = 1> <Delay = 0.97> <FuncUnit> <Opcode : 'and' 'or' 'xor'> <InPorts = 2> <OutPorts = 1>
ST_1 : Operation 243 [1/1] (0.00ns) (grouped into LUT with out node out_data_0_9_0_0_0_load)   --->   "%select_ln52_18 = select i1 %and_ln52_19, i6 31, i6 32" [firmware/nnet_utils/nnet_activation_stream.h:52]   --->   Operation 243 'select' 'select_ln52_18' <Predicate = (or_ln52_29 & icmp_ln51_9)> <Delay = 0.00> <CoreInst = "Sel">   --->   Core 73 'Sel' <Latency = 0> <II = 1> <Delay = 0.99> <FuncUnit> <Opcode : 'select'> <InPorts = 3> <OutPorts = 1>
ST_1 : Operation 244 [1/1] (0.00ns) (grouped into LUT with out node out_data_0_9_0_0_0_load)   --->   "%or_ln52_29 = or i1 %and_ln52_19, i1 %tmp_44" [firmware/nnet_utils/nnet_activation_stream.h:52]   --->   Operation 244 'or' 'or_ln52_29' <Predicate = (icmp_ln51_9)> <Delay = 0.00> <CoreInst = "LogicGate">   --->   Core 74 'LogicGate' <Latency = 0> <II = 1> <Delay = 0.97> <FuncUnit> <Opcode : 'and' 'or' 'xor'> <InPorts = 2> <OutPorts = 1>
ST_1 : Operation 245 [1/1] (0.00ns) (grouped into LUT with out node out_data_0_9_0_0_0_load)   --->   "%select_ln52_19 = select i1 %or_ln52_29, i6 %select_ln52_18, i6 %add_ln52_9" [firmware/nnet_utils/nnet_activation_stream.h:52]   --->   Operation 245 'select' 'select_ln52_19' <Predicate = (icmp_ln51_9)> <Delay = 0.00> <CoreInst = "Sel">   --->   Core 73 'Sel' <Latency = 0> <II = 1> <Delay = 1.18> <FuncUnit> <Opcode : 'select'> <InPorts = 3> <OutPorts = 1>
ST_1 : Operation 246 [1/1] (1.18ns) (out node of the LUT)   --->   "%out_data_0_9_0_0_0_load = select i1 %icmp_ln51_9, i6 %select_ln52_19, i6 0" [firmware/nnet_utils/nnet_activation_stream.h:51]   --->   Operation 246 'select' 'out_data_0_9_0_0_0_load' <Predicate = true> <Delay = 1.18> <CoreInst = "Sel">   --->   Core 73 'Sel' <Latency = 0> <II = 1> <Delay = 1.18> <FuncUnit> <Opcode : 'select'> <InPorts = 3> <OutPorts = 1>
ST_1 : Operation 247 [1/1] (2.13ns)   --->   "%icmp_ln51_10 = icmp_sgt  i18 %trunc_ln44_9, i18 0" [firmware/nnet_utils/nnet_activation_stream.h:51]   --->   Operation 247 'icmp' 'icmp_ln51_10' <Predicate = true> <Delay = 2.13> <CoreInst = "Cmp">   --->   Core 9 'Cmp' <Latency = 0> <II = 1> <Delay = 2.13> <FuncUnit> <Opcode : 'seteq' 'setne' 'setle' 'setge' 'setlt' 'setgt'> <InPorts = 2> <OutPorts = 1>
ST_1 : Operation 248 [1/1] (0.00ns)   --->   "%tmp_49 = bitselect i1 @_ssdm_op_BitSelect.i1.i576.i32, i576 %layer5_out_read, i32 197" [firmware/nnet_utils/nnet_activation_stream.h:52]   --->   Operation 248 'bitselect' 'tmp_49' <Predicate = (icmp_ln51_10)> <Delay = 0.00>
ST_1 : Operation 249 [1/1] (0.00ns)   --->   "%trunc_ln52_9 = partselect i6 @_ssdm_op_PartSelect.i6.i576.i32.i32, i576 %layer5_out_read, i32 182, i32 187" [firmware/nnet_utils/nnet_activation_stream.h:52]   --->   Operation 249 'partselect' 'trunc_ln52_9' <Predicate = (icmp_ln51_10)> <Delay = 0.00>
ST_1 : Operation 250 [1/1] (0.00ns)   --->   "%tmp_50 = bitselect i1 @_ssdm_op_BitSelect.i1.i576.i32, i576 %layer5_out_read, i32 181" [firmware/nnet_utils/nnet_activation_stream.h:52]   --->   Operation 250 'bitselect' 'tmp_50' <Predicate = (icmp_ln51_10)> <Delay = 0.00>
ST_1 : Operation 251 [1/1] (0.00ns) (grouped into LUT with out node and_ln52_21)   --->   "%tmp_51 = bitselect i1 @_ssdm_op_BitSelect.i1.i576.i32, i576 %layer5_out_read, i32 187" [firmware/nnet_utils/nnet_activation_stream.h:52]   --->   Operation 251 'bitselect' 'tmp_51' <Predicate = (icmp_ln51_10)> <Delay = 0.00>
ST_1 : Operation 252 [1/1] (0.00ns)   --->   "%zext_ln52_10 = zext i1 %tmp_50" [firmware/nnet_utils/nnet_activation_stream.h:52]   --->   Operation 252 'zext' 'zext_ln52_10' <Predicate = (icmp_ln51_10)> <Delay = 0.00>
ST_1 : Operation 253 [1/1] (1.82ns)   --->   "%add_ln52_10 = add i6 %trunc_ln52_9, i6 %zext_ln52_10" [firmware/nnet_utils/nnet_activation_stream.h:52]   --->   Operation 253 'add' 'add_ln52_10' <Predicate = (icmp_ln51_10)> <Delay = 1.82> <CoreInst = "Adder">   --->   Core 1 'Adder' <Latency = 0> <II = 1> <Delay = 1.82> <FuncUnit> <Opcode : 'add' 'sub'> <InPorts = 2> <OutPorts = 1>
ST_1 : Operation 254 [1/1] (0.00ns)   --->   "%tmp_52 = bitselect i1 @_ssdm_op_BitSelect.i1.i6.i32, i6 %add_ln52_10, i32 5" [firmware/nnet_utils/nnet_activation_stream.h:52]   --->   Operation 254 'bitselect' 'tmp_52' <Predicate = (icmp_ln51_10)> <Delay = 0.00>
ST_1 : Operation 255 [1/1] (0.00ns)   --->   "%tmp_53 = partselect i10 @_ssdm_op_PartSelect.i10.i576.i32.i32, i576 %layer5_out_read, i32 188, i32 197" [firmware/nnet_utils/nnet_activation_stream.h:52]   --->   Operation 255 'partselect' 'tmp_53' <Predicate = (icmp_ln51_10)> <Delay = 0.00>
ST_1 : Operation 256 [1/1] (1.73ns)   --->   "%icmp_ln52_10 = icmp_eq  i10 %tmp_53, i10 0" [firmware/nnet_utils/nnet_activation_stream.h:52]   --->   Operation 256 'icmp' 'icmp_ln52_10' <Predicate = (icmp_ln51_10)> <Delay = 1.73> <CoreInst = "Cmp">   --->   Core 9 'Cmp' <Latency = 0> <II = 1> <Delay = 1.73> <FuncUnit> <Opcode : 'seteq' 'setne' 'setle' 'setge' 'setlt' 'setgt'> <InPorts = 2> <OutPorts = 1>
ST_1 : Operation 257 [1/1] (0.00ns) (grouped into LUT with out node and_ln52_21)   --->   "%xor_ln52_30 = xor i1 %tmp_51, i1 1" [firmware/nnet_utils/nnet_activation_stream.h:52]   --->   Operation 257 'xor' 'xor_ln52_30' <Predicate = (icmp_ln51_10)> <Delay = 0.00> <CoreInst = "LogicGate">   --->   Core 74 'LogicGate' <Latency = 0> <II = 1> <Delay = 0.97> <FuncUnit> <Opcode : 'and' 'or' 'xor'> <InPorts = 2> <OutPorts = 1>
ST_1 : Operation 258 [1/1] (0.00ns) (grouped into LUT with out node and_ln52_21)   --->   "%or_ln52_30 = or i1 %tmp_52, i1 %xor_ln52_30" [firmware/nnet_utils/nnet_activation_stream.h:52]   --->   Operation 258 'or' 'or_ln52_30' <Predicate = (icmp_ln51_10)> <Delay = 0.00> <CoreInst = "LogicGate">   --->   Core 74 'LogicGate' <Latency = 0> <II = 1> <Delay = 0.97> <FuncUnit> <Opcode : 'and' 'or' 'xor'> <InPorts = 2> <OutPorts = 1>
ST_1 : Operation 259 [1/1] (0.00ns) (grouped into LUT with out node and_ln52_21)   --->   "%and_ln52_20 = and i1 %icmp_ln52_10, i1 %or_ln52_30" [firmware/nnet_utils/nnet_activation_stream.h:52]   --->   Operation 259 'and' 'and_ln52_20' <Predicate = (icmp_ln51_10)> <Delay = 0.00> <CoreInst = "LogicGate">   --->   Core 74 'LogicGate' <Latency = 0> <II = 1> <Delay = 0.97> <FuncUnit> <Opcode : 'and' 'or' 'xor'> <InPorts = 2> <OutPorts = 1>
ST_1 : Operation 260 [1/1] (0.00ns) (grouped into LUT with out node and_ln52_21)   --->   "%xor_ln52_31 = xor i1 %and_ln52_20, i1 1" [firmware/nnet_utils/nnet_activation_stream.h:52]   --->   Operation 260 'xor' 'xor_ln52_31' <Predicate = (icmp_ln51_10)> <Delay = 0.00> <CoreInst = "LogicGate">   --->   Core 74 'LogicGate' <Latency = 0> <II = 1> <Delay = 0.97> <FuncUnit> <Opcode : 'and' 'or' 'xor'> <InPorts = 2> <OutPorts = 1>
ST_1 : Operation 261 [1/1] (0.00ns) (grouped into LUT with out node and_ln52_21)   --->   "%or_ln52_31 = or i1 %tmp_52, i1 %xor_ln52_31" [firmware/nnet_utils/nnet_activation_stream.h:52]   --->   Operation 261 'or' 'or_ln52_31' <Predicate = (icmp_ln51_10)> <Delay = 0.00> <CoreInst = "LogicGate">   --->   Core 74 'LogicGate' <Latency = 0> <II = 1> <Delay = 0.97> <FuncUnit> <Opcode : 'and' 'or' 'xor'> <InPorts = 2> <OutPorts = 1>
ST_1 : Operation 262 [1/1] (0.00ns) (grouped into LUT with out node and_ln52_21)   --->   "%xor_ln52_32 = xor i1 %tmp_49, i1 1" [firmware/nnet_utils/nnet_activation_stream.h:52]   --->   Operation 262 'xor' 'xor_ln52_32' <Predicate = (icmp_ln51_10)> <Delay = 0.00> <CoreInst = "LogicGate">   --->   Core 74 'LogicGate' <Latency = 0> <II = 1> <Delay = 0.97> <FuncUnit> <Opcode : 'and' 'or' 'xor'> <InPorts = 2> <OutPorts = 1>
ST_1 : Operation 263 [1/1] (0.97ns) (out node of the LUT)   --->   "%and_ln52_21 = and i1 %or_ln52_31, i1 %xor_ln52_32" [firmware/nnet_utils/nnet_activation_stream.h:52]   --->   Operation 263 'and' 'and_ln52_21' <Predicate = (icmp_ln51_10)> <Delay = 0.97> <CoreInst = "LogicGate">   --->   Core 74 'LogicGate' <Latency = 0> <II = 1> <Delay = 0.97> <FuncUnit> <Opcode : 'and' 'or' 'xor'> <InPorts = 2> <OutPorts = 1>
ST_1 : Operation 264 [1/1] (0.00ns) (grouped into LUT with out node out_data_0_10_0_0_0_load)   --->   "%select_ln52_20 = select i1 %and_ln52_21, i6 31, i6 32" [firmware/nnet_utils/nnet_activation_stream.h:52]   --->   Operation 264 'select' 'select_ln52_20' <Predicate = (or_ln52_32 & icmp_ln51_10)> <Delay = 0.00> <CoreInst = "Sel">   --->   Core 73 'Sel' <Latency = 0> <II = 1> <Delay = 0.99> <FuncUnit> <Opcode : 'select'> <InPorts = 3> <OutPorts = 1>
ST_1 : Operation 265 [1/1] (0.00ns) (grouped into LUT with out node out_data_0_10_0_0_0_load)   --->   "%or_ln52_32 = or i1 %and_ln52_21, i1 %tmp_49" [firmware/nnet_utils/nnet_activation_stream.h:52]   --->   Operation 265 'or' 'or_ln52_32' <Predicate = (icmp_ln51_10)> <Delay = 0.00> <CoreInst = "LogicGate">   --->   Core 74 'LogicGate' <Latency = 0> <II = 1> <Delay = 0.97> <FuncUnit> <Opcode : 'and' 'or' 'xor'> <InPorts = 2> <OutPorts = 1>
ST_1 : Operation 266 [1/1] (0.00ns) (grouped into LUT with out node out_data_0_10_0_0_0_load)   --->   "%select_ln52_21 = select i1 %or_ln52_32, i6 %select_ln52_20, i6 %add_ln52_10" [firmware/nnet_utils/nnet_activation_stream.h:52]   --->   Operation 266 'select' 'select_ln52_21' <Predicate = (icmp_ln51_10)> <Delay = 0.00> <CoreInst = "Sel">   --->   Core 73 'Sel' <Latency = 0> <II = 1> <Delay = 1.18> <FuncUnit> <Opcode : 'select'> <InPorts = 3> <OutPorts = 1>
ST_1 : Operation 267 [1/1] (1.18ns) (out node of the LUT)   --->   "%out_data_0_10_0_0_0_load = select i1 %icmp_ln51_10, i6 %select_ln52_21, i6 0" [firmware/nnet_utils/nnet_activation_stream.h:51]   --->   Operation 267 'select' 'out_data_0_10_0_0_0_load' <Predicate = true> <Delay = 1.18> <CoreInst = "Sel">   --->   Core 73 'Sel' <Latency = 0> <II = 1> <Delay = 1.18> <FuncUnit> <Opcode : 'select'> <InPorts = 3> <OutPorts = 1>
ST_1 : Operation 268 [1/1] (2.13ns)   --->   "%icmp_ln51_11 = icmp_sgt  i18 %trunc_ln44_10, i18 0" [firmware/nnet_utils/nnet_activation_stream.h:51]   --->   Operation 268 'icmp' 'icmp_ln51_11' <Predicate = true> <Delay = 2.13> <CoreInst = "Cmp">   --->   Core 9 'Cmp' <Latency = 0> <II = 1> <Delay = 2.13> <FuncUnit> <Opcode : 'seteq' 'setne' 'setle' 'setge' 'setlt' 'setgt'> <InPorts = 2> <OutPorts = 1>
ST_1 : Operation 269 [1/1] (0.00ns)   --->   "%tmp_54 = bitselect i1 @_ssdm_op_BitSelect.i1.i576.i32, i576 %layer5_out_read, i32 215" [firmware/nnet_utils/nnet_activation_stream.h:52]   --->   Operation 269 'bitselect' 'tmp_54' <Predicate = (icmp_ln51_11)> <Delay = 0.00>
ST_1 : Operation 270 [1/1] (0.00ns)   --->   "%trunc_ln52_10 = partselect i6 @_ssdm_op_PartSelect.i6.i576.i32.i32, i576 %layer5_out_read, i32 200, i32 205" [firmware/nnet_utils/nnet_activation_stream.h:52]   --->   Operation 270 'partselect' 'trunc_ln52_10' <Predicate = (icmp_ln51_11)> <Delay = 0.00>
ST_1 : Operation 271 [1/1] (0.00ns)   --->   "%tmp_55 = bitselect i1 @_ssdm_op_BitSelect.i1.i576.i32, i576 %layer5_out_read, i32 199" [firmware/nnet_utils/nnet_activation_stream.h:52]   --->   Operation 271 'bitselect' 'tmp_55' <Predicate = (icmp_ln51_11)> <Delay = 0.00>
ST_1 : Operation 272 [1/1] (0.00ns) (grouped into LUT with out node and_ln52_23)   --->   "%tmp_56 = bitselect i1 @_ssdm_op_BitSelect.i1.i576.i32, i576 %layer5_out_read, i32 205" [firmware/nnet_utils/nnet_activation_stream.h:52]   --->   Operation 272 'bitselect' 'tmp_56' <Predicate = (icmp_ln51_11)> <Delay = 0.00>
ST_1 : Operation 273 [1/1] (0.00ns)   --->   "%zext_ln52_11 = zext i1 %tmp_55" [firmware/nnet_utils/nnet_activation_stream.h:52]   --->   Operation 273 'zext' 'zext_ln52_11' <Predicate = (icmp_ln51_11)> <Delay = 0.00>
ST_1 : Operation 274 [1/1] (1.82ns)   --->   "%add_ln52_11 = add i6 %trunc_ln52_10, i6 %zext_ln52_11" [firmware/nnet_utils/nnet_activation_stream.h:52]   --->   Operation 274 'add' 'add_ln52_11' <Predicate = (icmp_ln51_11)> <Delay = 1.82> <CoreInst = "Adder">   --->   Core 1 'Adder' <Latency = 0> <II = 1> <Delay = 1.82> <FuncUnit> <Opcode : 'add' 'sub'> <InPorts = 2> <OutPorts = 1>
ST_1 : Operation 275 [1/1] (0.00ns)   --->   "%tmp_57 = bitselect i1 @_ssdm_op_BitSelect.i1.i6.i32, i6 %add_ln52_11, i32 5" [firmware/nnet_utils/nnet_activation_stream.h:52]   --->   Operation 275 'bitselect' 'tmp_57' <Predicate = (icmp_ln51_11)> <Delay = 0.00>
ST_1 : Operation 276 [1/1] (0.00ns)   --->   "%tmp_58 = partselect i10 @_ssdm_op_PartSelect.i10.i576.i32.i32, i576 %layer5_out_read, i32 206, i32 215" [firmware/nnet_utils/nnet_activation_stream.h:52]   --->   Operation 276 'partselect' 'tmp_58' <Predicate = (icmp_ln51_11)> <Delay = 0.00>
ST_1 : Operation 277 [1/1] (1.73ns)   --->   "%icmp_ln52_11 = icmp_eq  i10 %tmp_58, i10 0" [firmware/nnet_utils/nnet_activation_stream.h:52]   --->   Operation 277 'icmp' 'icmp_ln52_11' <Predicate = (icmp_ln51_11)> <Delay = 1.73> <CoreInst = "Cmp">   --->   Core 9 'Cmp' <Latency = 0> <II = 1> <Delay = 1.73> <FuncUnit> <Opcode : 'seteq' 'setne' 'setle' 'setge' 'setlt' 'setgt'> <InPorts = 2> <OutPorts = 1>
ST_1 : Operation 278 [1/1] (0.00ns) (grouped into LUT with out node and_ln52_23)   --->   "%xor_ln52_33 = xor i1 %tmp_56, i1 1" [firmware/nnet_utils/nnet_activation_stream.h:52]   --->   Operation 278 'xor' 'xor_ln52_33' <Predicate = (icmp_ln51_11)> <Delay = 0.00> <CoreInst = "LogicGate">   --->   Core 74 'LogicGate' <Latency = 0> <II = 1> <Delay = 0.97> <FuncUnit> <Opcode : 'and' 'or' 'xor'> <InPorts = 2> <OutPorts = 1>
ST_1 : Operation 279 [1/1] (0.00ns) (grouped into LUT with out node and_ln52_23)   --->   "%or_ln52_33 = or i1 %tmp_57, i1 %xor_ln52_33" [firmware/nnet_utils/nnet_activation_stream.h:52]   --->   Operation 279 'or' 'or_ln52_33' <Predicate = (icmp_ln51_11)> <Delay = 0.00> <CoreInst = "LogicGate">   --->   Core 74 'LogicGate' <Latency = 0> <II = 1> <Delay = 0.97> <FuncUnit> <Opcode : 'and' 'or' 'xor'> <InPorts = 2> <OutPorts = 1>
ST_1 : Operation 280 [1/1] (0.00ns) (grouped into LUT with out node and_ln52_23)   --->   "%and_ln52_22 = and i1 %icmp_ln52_11, i1 %or_ln52_33" [firmware/nnet_utils/nnet_activation_stream.h:52]   --->   Operation 280 'and' 'and_ln52_22' <Predicate = (icmp_ln51_11)> <Delay = 0.00> <CoreInst = "LogicGate">   --->   Core 74 'LogicGate' <Latency = 0> <II = 1> <Delay = 0.97> <FuncUnit> <Opcode : 'and' 'or' 'xor'> <InPorts = 2> <OutPorts = 1>
ST_1 : Operation 281 [1/1] (0.00ns) (grouped into LUT with out node and_ln52_23)   --->   "%xor_ln52_34 = xor i1 %and_ln52_22, i1 1" [firmware/nnet_utils/nnet_activation_stream.h:52]   --->   Operation 281 'xor' 'xor_ln52_34' <Predicate = (icmp_ln51_11)> <Delay = 0.00> <CoreInst = "LogicGate">   --->   Core 74 'LogicGate' <Latency = 0> <II = 1> <Delay = 0.97> <FuncUnit> <Opcode : 'and' 'or' 'xor'> <InPorts = 2> <OutPorts = 1>
ST_1 : Operation 282 [1/1] (0.00ns) (grouped into LUT with out node and_ln52_23)   --->   "%or_ln52_34 = or i1 %tmp_57, i1 %xor_ln52_34" [firmware/nnet_utils/nnet_activation_stream.h:52]   --->   Operation 282 'or' 'or_ln52_34' <Predicate = (icmp_ln51_11)> <Delay = 0.00> <CoreInst = "LogicGate">   --->   Core 74 'LogicGate' <Latency = 0> <II = 1> <Delay = 0.97> <FuncUnit> <Opcode : 'and' 'or' 'xor'> <InPorts = 2> <OutPorts = 1>
ST_1 : Operation 283 [1/1] (0.00ns) (grouped into LUT with out node and_ln52_23)   --->   "%xor_ln52_35 = xor i1 %tmp_54, i1 1" [firmware/nnet_utils/nnet_activation_stream.h:52]   --->   Operation 283 'xor' 'xor_ln52_35' <Predicate = (icmp_ln51_11)> <Delay = 0.00> <CoreInst = "LogicGate">   --->   Core 74 'LogicGate' <Latency = 0> <II = 1> <Delay = 0.97> <FuncUnit> <Opcode : 'and' 'or' 'xor'> <InPorts = 2> <OutPorts = 1>
ST_1 : Operation 284 [1/1] (0.97ns) (out node of the LUT)   --->   "%and_ln52_23 = and i1 %or_ln52_34, i1 %xor_ln52_35" [firmware/nnet_utils/nnet_activation_stream.h:52]   --->   Operation 284 'and' 'and_ln52_23' <Predicate = (icmp_ln51_11)> <Delay = 0.97> <CoreInst = "LogicGate">   --->   Core 74 'LogicGate' <Latency = 0> <II = 1> <Delay = 0.97> <FuncUnit> <Opcode : 'and' 'or' 'xor'> <InPorts = 2> <OutPorts = 1>
ST_1 : Operation 285 [1/1] (0.00ns) (grouped into LUT with out node out_data_0_11_0_0_0_load)   --->   "%select_ln52_22 = select i1 %and_ln52_23, i6 31, i6 32" [firmware/nnet_utils/nnet_activation_stream.h:52]   --->   Operation 285 'select' 'select_ln52_22' <Predicate = (or_ln52_35 & icmp_ln51_11)> <Delay = 0.00> <CoreInst = "Sel">   --->   Core 73 'Sel' <Latency = 0> <II = 1> <Delay = 0.99> <FuncUnit> <Opcode : 'select'> <InPorts = 3> <OutPorts = 1>
ST_1 : Operation 286 [1/1] (0.00ns) (grouped into LUT with out node out_data_0_11_0_0_0_load)   --->   "%or_ln52_35 = or i1 %and_ln52_23, i1 %tmp_54" [firmware/nnet_utils/nnet_activation_stream.h:52]   --->   Operation 286 'or' 'or_ln52_35' <Predicate = (icmp_ln51_11)> <Delay = 0.00> <CoreInst = "LogicGate">   --->   Core 74 'LogicGate' <Latency = 0> <II = 1> <Delay = 0.97> <FuncUnit> <Opcode : 'and' 'or' 'xor'> <InPorts = 2> <OutPorts = 1>
ST_1 : Operation 287 [1/1] (0.00ns) (grouped into LUT with out node out_data_0_11_0_0_0_load)   --->   "%select_ln52_23 = select i1 %or_ln52_35, i6 %select_ln52_22, i6 %add_ln52_11" [firmware/nnet_utils/nnet_activation_stream.h:52]   --->   Operation 287 'select' 'select_ln52_23' <Predicate = (icmp_ln51_11)> <Delay = 0.00> <CoreInst = "Sel">   --->   Core 73 'Sel' <Latency = 0> <II = 1> <Delay = 1.18> <FuncUnit> <Opcode : 'select'> <InPorts = 3> <OutPorts = 1>
ST_1 : Operation 288 [1/1] (1.18ns) (out node of the LUT)   --->   "%out_data_0_11_0_0_0_load = select i1 %icmp_ln51_11, i6 %select_ln52_23, i6 0" [firmware/nnet_utils/nnet_activation_stream.h:51]   --->   Operation 288 'select' 'out_data_0_11_0_0_0_load' <Predicate = true> <Delay = 1.18> <CoreInst = "Sel">   --->   Core 73 'Sel' <Latency = 0> <II = 1> <Delay = 1.18> <FuncUnit> <Opcode : 'select'> <InPorts = 3> <OutPorts = 1>
ST_1 : Operation 289 [1/1] (2.13ns)   --->   "%icmp_ln51_12 = icmp_sgt  i18 %trunc_ln44_11, i18 0" [firmware/nnet_utils/nnet_activation_stream.h:51]   --->   Operation 289 'icmp' 'icmp_ln51_12' <Predicate = true> <Delay = 2.13> <CoreInst = "Cmp">   --->   Core 9 'Cmp' <Latency = 0> <II = 1> <Delay = 2.13> <FuncUnit> <Opcode : 'seteq' 'setne' 'setle' 'setge' 'setlt' 'setgt'> <InPorts = 2> <OutPorts = 1>
ST_1 : Operation 290 [1/1] (0.00ns)   --->   "%tmp_59 = bitselect i1 @_ssdm_op_BitSelect.i1.i576.i32, i576 %layer5_out_read, i32 233" [firmware/nnet_utils/nnet_activation_stream.h:52]   --->   Operation 290 'bitselect' 'tmp_59' <Predicate = (icmp_ln51_12)> <Delay = 0.00>
ST_1 : Operation 291 [1/1] (0.00ns)   --->   "%trunc_ln52_11 = partselect i6 @_ssdm_op_PartSelect.i6.i576.i32.i32, i576 %layer5_out_read, i32 218, i32 223" [firmware/nnet_utils/nnet_activation_stream.h:52]   --->   Operation 291 'partselect' 'trunc_ln52_11' <Predicate = (icmp_ln51_12)> <Delay = 0.00>
ST_1 : Operation 292 [1/1] (0.00ns)   --->   "%tmp_60 = bitselect i1 @_ssdm_op_BitSelect.i1.i576.i32, i576 %layer5_out_read, i32 217" [firmware/nnet_utils/nnet_activation_stream.h:52]   --->   Operation 292 'bitselect' 'tmp_60' <Predicate = (icmp_ln51_12)> <Delay = 0.00>
ST_1 : Operation 293 [1/1] (0.00ns) (grouped into LUT with out node and_ln52_25)   --->   "%tmp_61 = bitselect i1 @_ssdm_op_BitSelect.i1.i576.i32, i576 %layer5_out_read, i32 223" [firmware/nnet_utils/nnet_activation_stream.h:52]   --->   Operation 293 'bitselect' 'tmp_61' <Predicate = (icmp_ln51_12)> <Delay = 0.00>
ST_1 : Operation 294 [1/1] (0.00ns)   --->   "%zext_ln52_12 = zext i1 %tmp_60" [firmware/nnet_utils/nnet_activation_stream.h:52]   --->   Operation 294 'zext' 'zext_ln52_12' <Predicate = (icmp_ln51_12)> <Delay = 0.00>
ST_1 : Operation 295 [1/1] (1.82ns)   --->   "%add_ln52_12 = add i6 %trunc_ln52_11, i6 %zext_ln52_12" [firmware/nnet_utils/nnet_activation_stream.h:52]   --->   Operation 295 'add' 'add_ln52_12' <Predicate = (icmp_ln51_12)> <Delay = 1.82> <CoreInst = "Adder">   --->   Core 1 'Adder' <Latency = 0> <II = 1> <Delay = 1.82> <FuncUnit> <Opcode : 'add' 'sub'> <InPorts = 2> <OutPorts = 1>
ST_1 : Operation 296 [1/1] (0.00ns)   --->   "%tmp_62 = bitselect i1 @_ssdm_op_BitSelect.i1.i6.i32, i6 %add_ln52_12, i32 5" [firmware/nnet_utils/nnet_activation_stream.h:52]   --->   Operation 296 'bitselect' 'tmp_62' <Predicate = (icmp_ln51_12)> <Delay = 0.00>
ST_1 : Operation 297 [1/1] (0.00ns)   --->   "%tmp_63 = partselect i10 @_ssdm_op_PartSelect.i10.i576.i32.i32, i576 %layer5_out_read, i32 224, i32 233" [firmware/nnet_utils/nnet_activation_stream.h:52]   --->   Operation 297 'partselect' 'tmp_63' <Predicate = (icmp_ln51_12)> <Delay = 0.00>
ST_1 : Operation 298 [1/1] (1.73ns)   --->   "%icmp_ln52_12 = icmp_eq  i10 %tmp_63, i10 0" [firmware/nnet_utils/nnet_activation_stream.h:52]   --->   Operation 298 'icmp' 'icmp_ln52_12' <Predicate = (icmp_ln51_12)> <Delay = 1.73> <CoreInst = "Cmp">   --->   Core 9 'Cmp' <Latency = 0> <II = 1> <Delay = 1.73> <FuncUnit> <Opcode : 'seteq' 'setne' 'setle' 'setge' 'setlt' 'setgt'> <InPorts = 2> <OutPorts = 1>
ST_1 : Operation 299 [1/1] (0.00ns) (grouped into LUT with out node and_ln52_25)   --->   "%xor_ln52_36 = xor i1 %tmp_61, i1 1" [firmware/nnet_utils/nnet_activation_stream.h:52]   --->   Operation 299 'xor' 'xor_ln52_36' <Predicate = (icmp_ln51_12)> <Delay = 0.00> <CoreInst = "LogicGate">   --->   Core 74 'LogicGate' <Latency = 0> <II = 1> <Delay = 0.97> <FuncUnit> <Opcode : 'and' 'or' 'xor'> <InPorts = 2> <OutPorts = 1>
ST_1 : Operation 300 [1/1] (0.00ns) (grouped into LUT with out node and_ln52_25)   --->   "%or_ln52_36 = or i1 %tmp_62, i1 %xor_ln52_36" [firmware/nnet_utils/nnet_activation_stream.h:52]   --->   Operation 300 'or' 'or_ln52_36' <Predicate = (icmp_ln51_12)> <Delay = 0.00> <CoreInst = "LogicGate">   --->   Core 74 'LogicGate' <Latency = 0> <II = 1> <Delay = 0.97> <FuncUnit> <Opcode : 'and' 'or' 'xor'> <InPorts = 2> <OutPorts = 1>
ST_1 : Operation 301 [1/1] (0.00ns) (grouped into LUT with out node and_ln52_25)   --->   "%and_ln52_24 = and i1 %icmp_ln52_12, i1 %or_ln52_36" [firmware/nnet_utils/nnet_activation_stream.h:52]   --->   Operation 301 'and' 'and_ln52_24' <Predicate = (icmp_ln51_12)> <Delay = 0.00> <CoreInst = "LogicGate">   --->   Core 74 'LogicGate' <Latency = 0> <II = 1> <Delay = 0.97> <FuncUnit> <Opcode : 'and' 'or' 'xor'> <InPorts = 2> <OutPorts = 1>
ST_1 : Operation 302 [1/1] (0.00ns) (grouped into LUT with out node and_ln52_25)   --->   "%xor_ln52_37 = xor i1 %and_ln52_24, i1 1" [firmware/nnet_utils/nnet_activation_stream.h:52]   --->   Operation 302 'xor' 'xor_ln52_37' <Predicate = (icmp_ln51_12)> <Delay = 0.00> <CoreInst = "LogicGate">   --->   Core 74 'LogicGate' <Latency = 0> <II = 1> <Delay = 0.97> <FuncUnit> <Opcode : 'and' 'or' 'xor'> <InPorts = 2> <OutPorts = 1>
ST_1 : Operation 303 [1/1] (0.00ns) (grouped into LUT with out node and_ln52_25)   --->   "%or_ln52_37 = or i1 %tmp_62, i1 %xor_ln52_37" [firmware/nnet_utils/nnet_activation_stream.h:52]   --->   Operation 303 'or' 'or_ln52_37' <Predicate = (icmp_ln51_12)> <Delay = 0.00> <CoreInst = "LogicGate">   --->   Core 74 'LogicGate' <Latency = 0> <II = 1> <Delay = 0.97> <FuncUnit> <Opcode : 'and' 'or' 'xor'> <InPorts = 2> <OutPorts = 1>
ST_1 : Operation 304 [1/1] (0.00ns) (grouped into LUT with out node and_ln52_25)   --->   "%xor_ln52_38 = xor i1 %tmp_59, i1 1" [firmware/nnet_utils/nnet_activation_stream.h:52]   --->   Operation 304 'xor' 'xor_ln52_38' <Predicate = (icmp_ln51_12)> <Delay = 0.00> <CoreInst = "LogicGate">   --->   Core 74 'LogicGate' <Latency = 0> <II = 1> <Delay = 0.97> <FuncUnit> <Opcode : 'and' 'or' 'xor'> <InPorts = 2> <OutPorts = 1>
ST_1 : Operation 305 [1/1] (0.97ns) (out node of the LUT)   --->   "%and_ln52_25 = and i1 %or_ln52_37, i1 %xor_ln52_38" [firmware/nnet_utils/nnet_activation_stream.h:52]   --->   Operation 305 'and' 'and_ln52_25' <Predicate = (icmp_ln51_12)> <Delay = 0.97> <CoreInst = "LogicGate">   --->   Core 74 'LogicGate' <Latency = 0> <II = 1> <Delay = 0.97> <FuncUnit> <Opcode : 'and' 'or' 'xor'> <InPorts = 2> <OutPorts = 1>
ST_1 : Operation 306 [1/1] (0.00ns) (grouped into LUT with out node out_data_0_12_0_0_0_load)   --->   "%select_ln52_24 = select i1 %and_ln52_25, i6 31, i6 32" [firmware/nnet_utils/nnet_activation_stream.h:52]   --->   Operation 306 'select' 'select_ln52_24' <Predicate = (or_ln52_38 & icmp_ln51_12)> <Delay = 0.00> <CoreInst = "Sel">   --->   Core 73 'Sel' <Latency = 0> <II = 1> <Delay = 0.99> <FuncUnit> <Opcode : 'select'> <InPorts = 3> <OutPorts = 1>
ST_1 : Operation 307 [1/1] (0.00ns) (grouped into LUT with out node out_data_0_12_0_0_0_load)   --->   "%or_ln52_38 = or i1 %and_ln52_25, i1 %tmp_59" [firmware/nnet_utils/nnet_activation_stream.h:52]   --->   Operation 307 'or' 'or_ln52_38' <Predicate = (icmp_ln51_12)> <Delay = 0.00> <CoreInst = "LogicGate">   --->   Core 74 'LogicGate' <Latency = 0> <II = 1> <Delay = 0.97> <FuncUnit> <Opcode : 'and' 'or' 'xor'> <InPorts = 2> <OutPorts = 1>
ST_1 : Operation 308 [1/1] (0.00ns) (grouped into LUT with out node out_data_0_12_0_0_0_load)   --->   "%select_ln52_25 = select i1 %or_ln52_38, i6 %select_ln52_24, i6 %add_ln52_12" [firmware/nnet_utils/nnet_activation_stream.h:52]   --->   Operation 308 'select' 'select_ln52_25' <Predicate = (icmp_ln51_12)> <Delay = 0.00> <CoreInst = "Sel">   --->   Core 73 'Sel' <Latency = 0> <II = 1> <Delay = 1.18> <FuncUnit> <Opcode : 'select'> <InPorts = 3> <OutPorts = 1>
ST_1 : Operation 309 [1/1] (1.18ns) (out node of the LUT)   --->   "%out_data_0_12_0_0_0_load = select i1 %icmp_ln51_12, i6 %select_ln52_25, i6 0" [firmware/nnet_utils/nnet_activation_stream.h:51]   --->   Operation 309 'select' 'out_data_0_12_0_0_0_load' <Predicate = true> <Delay = 1.18> <CoreInst = "Sel">   --->   Core 73 'Sel' <Latency = 0> <II = 1> <Delay = 1.18> <FuncUnit> <Opcode : 'select'> <InPorts = 3> <OutPorts = 1>
ST_1 : Operation 310 [1/1] (2.13ns)   --->   "%icmp_ln51_13 = icmp_sgt  i18 %trunc_ln44_12, i18 0" [firmware/nnet_utils/nnet_activation_stream.h:51]   --->   Operation 310 'icmp' 'icmp_ln51_13' <Predicate = true> <Delay = 2.13> <CoreInst = "Cmp">   --->   Core 9 'Cmp' <Latency = 0> <II = 1> <Delay = 2.13> <FuncUnit> <Opcode : 'seteq' 'setne' 'setle' 'setge' 'setlt' 'setgt'> <InPorts = 2> <OutPorts = 1>
ST_1 : Operation 311 [1/1] (0.00ns)   --->   "%tmp_64 = bitselect i1 @_ssdm_op_BitSelect.i1.i576.i32, i576 %layer5_out_read, i32 251" [firmware/nnet_utils/nnet_activation_stream.h:52]   --->   Operation 311 'bitselect' 'tmp_64' <Predicate = (icmp_ln51_13)> <Delay = 0.00>
ST_1 : Operation 312 [1/1] (0.00ns)   --->   "%trunc_ln52_12 = partselect i6 @_ssdm_op_PartSelect.i6.i576.i32.i32, i576 %layer5_out_read, i32 236, i32 241" [firmware/nnet_utils/nnet_activation_stream.h:52]   --->   Operation 312 'partselect' 'trunc_ln52_12' <Predicate = (icmp_ln51_13)> <Delay = 0.00>
ST_1 : Operation 313 [1/1] (0.00ns)   --->   "%tmp_65 = bitselect i1 @_ssdm_op_BitSelect.i1.i576.i32, i576 %layer5_out_read, i32 235" [firmware/nnet_utils/nnet_activation_stream.h:52]   --->   Operation 313 'bitselect' 'tmp_65' <Predicate = (icmp_ln51_13)> <Delay = 0.00>
ST_1 : Operation 314 [1/1] (0.00ns) (grouped into LUT with out node and_ln52_27)   --->   "%tmp_66 = bitselect i1 @_ssdm_op_BitSelect.i1.i576.i32, i576 %layer5_out_read, i32 241" [firmware/nnet_utils/nnet_activation_stream.h:52]   --->   Operation 314 'bitselect' 'tmp_66' <Predicate = (icmp_ln51_13)> <Delay = 0.00>
ST_1 : Operation 315 [1/1] (0.00ns)   --->   "%zext_ln52_13 = zext i1 %tmp_65" [firmware/nnet_utils/nnet_activation_stream.h:52]   --->   Operation 315 'zext' 'zext_ln52_13' <Predicate = (icmp_ln51_13)> <Delay = 0.00>
ST_1 : Operation 316 [1/1] (1.82ns)   --->   "%add_ln52_13 = add i6 %trunc_ln52_12, i6 %zext_ln52_13" [firmware/nnet_utils/nnet_activation_stream.h:52]   --->   Operation 316 'add' 'add_ln52_13' <Predicate = (icmp_ln51_13)> <Delay = 1.82> <CoreInst = "Adder">   --->   Core 1 'Adder' <Latency = 0> <II = 1> <Delay = 1.82> <FuncUnit> <Opcode : 'add' 'sub'> <InPorts = 2> <OutPorts = 1>
ST_1 : Operation 317 [1/1] (0.00ns)   --->   "%tmp_67 = bitselect i1 @_ssdm_op_BitSelect.i1.i6.i32, i6 %add_ln52_13, i32 5" [firmware/nnet_utils/nnet_activation_stream.h:52]   --->   Operation 317 'bitselect' 'tmp_67' <Predicate = (icmp_ln51_13)> <Delay = 0.00>
ST_1 : Operation 318 [1/1] (0.00ns)   --->   "%tmp_68 = partselect i10 @_ssdm_op_PartSelect.i10.i576.i32.i32, i576 %layer5_out_read, i32 242, i32 251" [firmware/nnet_utils/nnet_activation_stream.h:52]   --->   Operation 318 'partselect' 'tmp_68' <Predicate = (icmp_ln51_13)> <Delay = 0.00>
ST_1 : Operation 319 [1/1] (1.73ns)   --->   "%icmp_ln52_13 = icmp_eq  i10 %tmp_68, i10 0" [firmware/nnet_utils/nnet_activation_stream.h:52]   --->   Operation 319 'icmp' 'icmp_ln52_13' <Predicate = (icmp_ln51_13)> <Delay = 1.73> <CoreInst = "Cmp">   --->   Core 9 'Cmp' <Latency = 0> <II = 1> <Delay = 1.73> <FuncUnit> <Opcode : 'seteq' 'setne' 'setle' 'setge' 'setlt' 'setgt'> <InPorts = 2> <OutPorts = 1>
ST_1 : Operation 320 [1/1] (0.00ns) (grouped into LUT with out node and_ln52_27)   --->   "%xor_ln52_39 = xor i1 %tmp_66, i1 1" [firmware/nnet_utils/nnet_activation_stream.h:52]   --->   Operation 320 'xor' 'xor_ln52_39' <Predicate = (icmp_ln51_13)> <Delay = 0.00> <CoreInst = "LogicGate">   --->   Core 74 'LogicGate' <Latency = 0> <II = 1> <Delay = 0.97> <FuncUnit> <Opcode : 'and' 'or' 'xor'> <InPorts = 2> <OutPorts = 1>
ST_1 : Operation 321 [1/1] (0.00ns) (grouped into LUT with out node and_ln52_27)   --->   "%or_ln52_39 = or i1 %tmp_67, i1 %xor_ln52_39" [firmware/nnet_utils/nnet_activation_stream.h:52]   --->   Operation 321 'or' 'or_ln52_39' <Predicate = (icmp_ln51_13)> <Delay = 0.00> <CoreInst = "LogicGate">   --->   Core 74 'LogicGate' <Latency = 0> <II = 1> <Delay = 0.97> <FuncUnit> <Opcode : 'and' 'or' 'xor'> <InPorts = 2> <OutPorts = 1>
ST_1 : Operation 322 [1/1] (0.00ns) (grouped into LUT with out node and_ln52_27)   --->   "%and_ln52_26 = and i1 %icmp_ln52_13, i1 %or_ln52_39" [firmware/nnet_utils/nnet_activation_stream.h:52]   --->   Operation 322 'and' 'and_ln52_26' <Predicate = (icmp_ln51_13)> <Delay = 0.00> <CoreInst = "LogicGate">   --->   Core 74 'LogicGate' <Latency = 0> <II = 1> <Delay = 0.97> <FuncUnit> <Opcode : 'and' 'or' 'xor'> <InPorts = 2> <OutPorts = 1>
ST_1 : Operation 323 [1/1] (0.00ns) (grouped into LUT with out node and_ln52_27)   --->   "%xor_ln52_40 = xor i1 %and_ln52_26, i1 1" [firmware/nnet_utils/nnet_activation_stream.h:52]   --->   Operation 323 'xor' 'xor_ln52_40' <Predicate = (icmp_ln51_13)> <Delay = 0.00> <CoreInst = "LogicGate">   --->   Core 74 'LogicGate' <Latency = 0> <II = 1> <Delay = 0.97> <FuncUnit> <Opcode : 'and' 'or' 'xor'> <InPorts = 2> <OutPorts = 1>
ST_1 : Operation 324 [1/1] (0.00ns) (grouped into LUT with out node and_ln52_27)   --->   "%or_ln52_40 = or i1 %tmp_67, i1 %xor_ln52_40" [firmware/nnet_utils/nnet_activation_stream.h:52]   --->   Operation 324 'or' 'or_ln52_40' <Predicate = (icmp_ln51_13)> <Delay = 0.00> <CoreInst = "LogicGate">   --->   Core 74 'LogicGate' <Latency = 0> <II = 1> <Delay = 0.97> <FuncUnit> <Opcode : 'and' 'or' 'xor'> <InPorts = 2> <OutPorts = 1>
ST_1 : Operation 325 [1/1] (0.00ns) (grouped into LUT with out node and_ln52_27)   --->   "%xor_ln52_41 = xor i1 %tmp_64, i1 1" [firmware/nnet_utils/nnet_activation_stream.h:52]   --->   Operation 325 'xor' 'xor_ln52_41' <Predicate = (icmp_ln51_13)> <Delay = 0.00> <CoreInst = "LogicGate">   --->   Core 74 'LogicGate' <Latency = 0> <II = 1> <Delay = 0.97> <FuncUnit> <Opcode : 'and' 'or' 'xor'> <InPorts = 2> <OutPorts = 1>
ST_1 : Operation 326 [1/1] (0.97ns) (out node of the LUT)   --->   "%and_ln52_27 = and i1 %or_ln52_40, i1 %xor_ln52_41" [firmware/nnet_utils/nnet_activation_stream.h:52]   --->   Operation 326 'and' 'and_ln52_27' <Predicate = (icmp_ln51_13)> <Delay = 0.97> <CoreInst = "LogicGate">   --->   Core 74 'LogicGate' <Latency = 0> <II = 1> <Delay = 0.97> <FuncUnit> <Opcode : 'and' 'or' 'xor'> <InPorts = 2> <OutPorts = 1>
ST_1 : Operation 327 [1/1] (0.00ns) (grouped into LUT with out node out_data_0_13_0_0_0_load)   --->   "%select_ln52_26 = select i1 %and_ln52_27, i6 31, i6 32" [firmware/nnet_utils/nnet_activation_stream.h:52]   --->   Operation 327 'select' 'select_ln52_26' <Predicate = (or_ln52_41 & icmp_ln51_13)> <Delay = 0.00> <CoreInst = "Sel">   --->   Core 73 'Sel' <Latency = 0> <II = 1> <Delay = 0.99> <FuncUnit> <Opcode : 'select'> <InPorts = 3> <OutPorts = 1>
ST_1 : Operation 328 [1/1] (0.00ns) (grouped into LUT with out node out_data_0_13_0_0_0_load)   --->   "%or_ln52_41 = or i1 %and_ln52_27, i1 %tmp_64" [firmware/nnet_utils/nnet_activation_stream.h:52]   --->   Operation 328 'or' 'or_ln52_41' <Predicate = (icmp_ln51_13)> <Delay = 0.00> <CoreInst = "LogicGate">   --->   Core 74 'LogicGate' <Latency = 0> <II = 1> <Delay = 0.97> <FuncUnit> <Opcode : 'and' 'or' 'xor'> <InPorts = 2> <OutPorts = 1>
ST_1 : Operation 329 [1/1] (0.00ns) (grouped into LUT with out node out_data_0_13_0_0_0_load)   --->   "%select_ln52_27 = select i1 %or_ln52_41, i6 %select_ln52_26, i6 %add_ln52_13" [firmware/nnet_utils/nnet_activation_stream.h:52]   --->   Operation 329 'select' 'select_ln52_27' <Predicate = (icmp_ln51_13)> <Delay = 0.00> <CoreInst = "Sel">   --->   Core 73 'Sel' <Latency = 0> <II = 1> <Delay = 1.18> <FuncUnit> <Opcode : 'select'> <InPorts = 3> <OutPorts = 1>
ST_1 : Operation 330 [1/1] (1.18ns) (out node of the LUT)   --->   "%out_data_0_13_0_0_0_load = select i1 %icmp_ln51_13, i6 %select_ln52_27, i6 0" [firmware/nnet_utils/nnet_activation_stream.h:51]   --->   Operation 330 'select' 'out_data_0_13_0_0_0_load' <Predicate = true> <Delay = 1.18> <CoreInst = "Sel">   --->   Core 73 'Sel' <Latency = 0> <II = 1> <Delay = 1.18> <FuncUnit> <Opcode : 'select'> <InPorts = 3> <OutPorts = 1>
ST_1 : Operation 331 [1/1] (2.13ns)   --->   "%icmp_ln51_14 = icmp_sgt  i18 %trunc_ln44_13, i18 0" [firmware/nnet_utils/nnet_activation_stream.h:51]   --->   Operation 331 'icmp' 'icmp_ln51_14' <Predicate = true> <Delay = 2.13> <CoreInst = "Cmp">   --->   Core 9 'Cmp' <Latency = 0> <II = 1> <Delay = 2.13> <FuncUnit> <Opcode : 'seteq' 'setne' 'setle' 'setge' 'setlt' 'setgt'> <InPorts = 2> <OutPorts = 1>
ST_1 : Operation 332 [1/1] (0.00ns)   --->   "%tmp_69 = bitselect i1 @_ssdm_op_BitSelect.i1.i576.i32, i576 %layer5_out_read, i32 269" [firmware/nnet_utils/nnet_activation_stream.h:52]   --->   Operation 332 'bitselect' 'tmp_69' <Predicate = (icmp_ln51_14)> <Delay = 0.00>
ST_1 : Operation 333 [1/1] (0.00ns)   --->   "%trunc_ln52_13 = partselect i6 @_ssdm_op_PartSelect.i6.i576.i32.i32, i576 %layer5_out_read, i32 254, i32 259" [firmware/nnet_utils/nnet_activation_stream.h:52]   --->   Operation 333 'partselect' 'trunc_ln52_13' <Predicate = (icmp_ln51_14)> <Delay = 0.00>
ST_1 : Operation 334 [1/1] (0.00ns)   --->   "%tmp_70 = bitselect i1 @_ssdm_op_BitSelect.i1.i576.i32, i576 %layer5_out_read, i32 253" [firmware/nnet_utils/nnet_activation_stream.h:52]   --->   Operation 334 'bitselect' 'tmp_70' <Predicate = (icmp_ln51_14)> <Delay = 0.00>
ST_1 : Operation 335 [1/1] (0.00ns) (grouped into LUT with out node and_ln52_29)   --->   "%tmp_71 = bitselect i1 @_ssdm_op_BitSelect.i1.i576.i32, i576 %layer5_out_read, i32 259" [firmware/nnet_utils/nnet_activation_stream.h:52]   --->   Operation 335 'bitselect' 'tmp_71' <Predicate = (icmp_ln51_14)> <Delay = 0.00>
ST_1 : Operation 336 [1/1] (0.00ns)   --->   "%zext_ln52_14 = zext i1 %tmp_70" [firmware/nnet_utils/nnet_activation_stream.h:52]   --->   Operation 336 'zext' 'zext_ln52_14' <Predicate = (icmp_ln51_14)> <Delay = 0.00>
ST_1 : Operation 337 [1/1] (1.82ns)   --->   "%add_ln52_14 = add i6 %trunc_ln52_13, i6 %zext_ln52_14" [firmware/nnet_utils/nnet_activation_stream.h:52]   --->   Operation 337 'add' 'add_ln52_14' <Predicate = (icmp_ln51_14)> <Delay = 1.82> <CoreInst = "Adder">   --->   Core 1 'Adder' <Latency = 0> <II = 1> <Delay = 1.82> <FuncUnit> <Opcode : 'add' 'sub'> <InPorts = 2> <OutPorts = 1>
ST_1 : Operation 338 [1/1] (0.00ns)   --->   "%tmp_72 = bitselect i1 @_ssdm_op_BitSelect.i1.i6.i32, i6 %add_ln52_14, i32 5" [firmware/nnet_utils/nnet_activation_stream.h:52]   --->   Operation 338 'bitselect' 'tmp_72' <Predicate = (icmp_ln51_14)> <Delay = 0.00>
ST_1 : Operation 339 [1/1] (0.00ns)   --->   "%tmp_73 = partselect i10 @_ssdm_op_PartSelect.i10.i576.i32.i32, i576 %layer5_out_read, i32 260, i32 269" [firmware/nnet_utils/nnet_activation_stream.h:52]   --->   Operation 339 'partselect' 'tmp_73' <Predicate = (icmp_ln51_14)> <Delay = 0.00>
ST_1 : Operation 340 [1/1] (1.73ns)   --->   "%icmp_ln52_14 = icmp_eq  i10 %tmp_73, i10 0" [firmware/nnet_utils/nnet_activation_stream.h:52]   --->   Operation 340 'icmp' 'icmp_ln52_14' <Predicate = (icmp_ln51_14)> <Delay = 1.73> <CoreInst = "Cmp">   --->   Core 9 'Cmp' <Latency = 0> <II = 1> <Delay = 1.73> <FuncUnit> <Opcode : 'seteq' 'setne' 'setle' 'setge' 'setlt' 'setgt'> <InPorts = 2> <OutPorts = 1>
ST_1 : Operation 341 [1/1] (0.00ns) (grouped into LUT with out node and_ln52_29)   --->   "%xor_ln52_42 = xor i1 %tmp_71, i1 1" [firmware/nnet_utils/nnet_activation_stream.h:52]   --->   Operation 341 'xor' 'xor_ln52_42' <Predicate = (icmp_ln51_14)> <Delay = 0.00> <CoreInst = "LogicGate">   --->   Core 74 'LogicGate' <Latency = 0> <II = 1> <Delay = 0.97> <FuncUnit> <Opcode : 'and' 'or' 'xor'> <InPorts = 2> <OutPorts = 1>
ST_1 : Operation 342 [1/1] (0.00ns) (grouped into LUT with out node and_ln52_29)   --->   "%or_ln52_42 = or i1 %tmp_72, i1 %xor_ln52_42" [firmware/nnet_utils/nnet_activation_stream.h:52]   --->   Operation 342 'or' 'or_ln52_42' <Predicate = (icmp_ln51_14)> <Delay = 0.00> <CoreInst = "LogicGate">   --->   Core 74 'LogicGate' <Latency = 0> <II = 1> <Delay = 0.97> <FuncUnit> <Opcode : 'and' 'or' 'xor'> <InPorts = 2> <OutPorts = 1>
ST_1 : Operation 343 [1/1] (0.00ns) (grouped into LUT with out node and_ln52_29)   --->   "%and_ln52_28 = and i1 %icmp_ln52_14, i1 %or_ln52_42" [firmware/nnet_utils/nnet_activation_stream.h:52]   --->   Operation 343 'and' 'and_ln52_28' <Predicate = (icmp_ln51_14)> <Delay = 0.00> <CoreInst = "LogicGate">   --->   Core 74 'LogicGate' <Latency = 0> <II = 1> <Delay = 0.97> <FuncUnit> <Opcode : 'and' 'or' 'xor'> <InPorts = 2> <OutPorts = 1>
ST_1 : Operation 344 [1/1] (0.00ns) (grouped into LUT with out node and_ln52_29)   --->   "%xor_ln52_43 = xor i1 %and_ln52_28, i1 1" [firmware/nnet_utils/nnet_activation_stream.h:52]   --->   Operation 344 'xor' 'xor_ln52_43' <Predicate = (icmp_ln51_14)> <Delay = 0.00> <CoreInst = "LogicGate">   --->   Core 74 'LogicGate' <Latency = 0> <II = 1> <Delay = 0.97> <FuncUnit> <Opcode : 'and' 'or' 'xor'> <InPorts = 2> <OutPorts = 1>
ST_1 : Operation 345 [1/1] (0.00ns) (grouped into LUT with out node and_ln52_29)   --->   "%or_ln52_43 = or i1 %tmp_72, i1 %xor_ln52_43" [firmware/nnet_utils/nnet_activation_stream.h:52]   --->   Operation 345 'or' 'or_ln52_43' <Predicate = (icmp_ln51_14)> <Delay = 0.00> <CoreInst = "LogicGate">   --->   Core 74 'LogicGate' <Latency = 0> <II = 1> <Delay = 0.97> <FuncUnit> <Opcode : 'and' 'or' 'xor'> <InPorts = 2> <OutPorts = 1>
ST_1 : Operation 346 [1/1] (0.00ns) (grouped into LUT with out node and_ln52_29)   --->   "%xor_ln52_44 = xor i1 %tmp_69, i1 1" [firmware/nnet_utils/nnet_activation_stream.h:52]   --->   Operation 346 'xor' 'xor_ln52_44' <Predicate = (icmp_ln51_14)> <Delay = 0.00> <CoreInst = "LogicGate">   --->   Core 74 'LogicGate' <Latency = 0> <II = 1> <Delay = 0.97> <FuncUnit> <Opcode : 'and' 'or' 'xor'> <InPorts = 2> <OutPorts = 1>
ST_1 : Operation 347 [1/1] (0.97ns) (out node of the LUT)   --->   "%and_ln52_29 = and i1 %or_ln52_43, i1 %xor_ln52_44" [firmware/nnet_utils/nnet_activation_stream.h:52]   --->   Operation 347 'and' 'and_ln52_29' <Predicate = (icmp_ln51_14)> <Delay = 0.97> <CoreInst = "LogicGate">   --->   Core 74 'LogicGate' <Latency = 0> <II = 1> <Delay = 0.97> <FuncUnit> <Opcode : 'and' 'or' 'xor'> <InPorts = 2> <OutPorts = 1>
ST_1 : Operation 348 [1/1] (0.00ns) (grouped into LUT with out node out_data_0_14_0_0_0_load)   --->   "%select_ln52_28 = select i1 %and_ln52_29, i6 31, i6 32" [firmware/nnet_utils/nnet_activation_stream.h:52]   --->   Operation 348 'select' 'select_ln52_28' <Predicate = (or_ln52_44 & icmp_ln51_14)> <Delay = 0.00> <CoreInst = "Sel">   --->   Core 73 'Sel' <Latency = 0> <II = 1> <Delay = 0.99> <FuncUnit> <Opcode : 'select'> <InPorts = 3> <OutPorts = 1>
ST_1 : Operation 349 [1/1] (0.00ns) (grouped into LUT with out node out_data_0_14_0_0_0_load)   --->   "%or_ln52_44 = or i1 %and_ln52_29, i1 %tmp_69" [firmware/nnet_utils/nnet_activation_stream.h:52]   --->   Operation 349 'or' 'or_ln52_44' <Predicate = (icmp_ln51_14)> <Delay = 0.00> <CoreInst = "LogicGate">   --->   Core 74 'LogicGate' <Latency = 0> <II = 1> <Delay = 0.97> <FuncUnit> <Opcode : 'and' 'or' 'xor'> <InPorts = 2> <OutPorts = 1>
ST_1 : Operation 350 [1/1] (0.00ns) (grouped into LUT with out node out_data_0_14_0_0_0_load)   --->   "%select_ln52_29 = select i1 %or_ln52_44, i6 %select_ln52_28, i6 %add_ln52_14" [firmware/nnet_utils/nnet_activation_stream.h:52]   --->   Operation 350 'select' 'select_ln52_29' <Predicate = (icmp_ln51_14)> <Delay = 0.00> <CoreInst = "Sel">   --->   Core 73 'Sel' <Latency = 0> <II = 1> <Delay = 1.18> <FuncUnit> <Opcode : 'select'> <InPorts = 3> <OutPorts = 1>
ST_1 : Operation 351 [1/1] (1.18ns) (out node of the LUT)   --->   "%out_data_0_14_0_0_0_load = select i1 %icmp_ln51_14, i6 %select_ln52_29, i6 0" [firmware/nnet_utils/nnet_activation_stream.h:51]   --->   Operation 351 'select' 'out_data_0_14_0_0_0_load' <Predicate = true> <Delay = 1.18> <CoreInst = "Sel">   --->   Core 73 'Sel' <Latency = 0> <II = 1> <Delay = 1.18> <FuncUnit> <Opcode : 'select'> <InPorts = 3> <OutPorts = 1>
ST_1 : Operation 352 [1/1] (2.13ns)   --->   "%icmp_ln51_15 = icmp_sgt  i18 %trunc_ln44_14, i18 0" [firmware/nnet_utils/nnet_activation_stream.h:51]   --->   Operation 352 'icmp' 'icmp_ln51_15' <Predicate = true> <Delay = 2.13> <CoreInst = "Cmp">   --->   Core 9 'Cmp' <Latency = 0> <II = 1> <Delay = 2.13> <FuncUnit> <Opcode : 'seteq' 'setne' 'setle' 'setge' 'setlt' 'setgt'> <InPorts = 2> <OutPorts = 1>
ST_1 : Operation 353 [1/1] (0.00ns)   --->   "%tmp_74 = bitselect i1 @_ssdm_op_BitSelect.i1.i576.i32, i576 %layer5_out_read, i32 287" [firmware/nnet_utils/nnet_activation_stream.h:52]   --->   Operation 353 'bitselect' 'tmp_74' <Predicate = (icmp_ln51_15)> <Delay = 0.00>
ST_1 : Operation 354 [1/1] (0.00ns)   --->   "%trunc_ln52_14 = partselect i6 @_ssdm_op_PartSelect.i6.i576.i32.i32, i576 %layer5_out_read, i32 272, i32 277" [firmware/nnet_utils/nnet_activation_stream.h:52]   --->   Operation 354 'partselect' 'trunc_ln52_14' <Predicate = (icmp_ln51_15)> <Delay = 0.00>
ST_1 : Operation 355 [1/1] (0.00ns)   --->   "%tmp_75 = bitselect i1 @_ssdm_op_BitSelect.i1.i576.i32, i576 %layer5_out_read, i32 271" [firmware/nnet_utils/nnet_activation_stream.h:52]   --->   Operation 355 'bitselect' 'tmp_75' <Predicate = (icmp_ln51_15)> <Delay = 0.00>
ST_1 : Operation 356 [1/1] (0.00ns) (grouped into LUT with out node and_ln52_31)   --->   "%tmp_76 = bitselect i1 @_ssdm_op_BitSelect.i1.i576.i32, i576 %layer5_out_read, i32 277" [firmware/nnet_utils/nnet_activation_stream.h:52]   --->   Operation 356 'bitselect' 'tmp_76' <Predicate = (icmp_ln51_15)> <Delay = 0.00>
ST_1 : Operation 357 [1/1] (0.00ns)   --->   "%zext_ln52_15 = zext i1 %tmp_75" [firmware/nnet_utils/nnet_activation_stream.h:52]   --->   Operation 357 'zext' 'zext_ln52_15' <Predicate = (icmp_ln51_15)> <Delay = 0.00>
ST_1 : Operation 358 [1/1] (1.82ns)   --->   "%add_ln52_15 = add i6 %trunc_ln52_14, i6 %zext_ln52_15" [firmware/nnet_utils/nnet_activation_stream.h:52]   --->   Operation 358 'add' 'add_ln52_15' <Predicate = (icmp_ln51_15)> <Delay = 1.82> <CoreInst = "Adder">   --->   Core 1 'Adder' <Latency = 0> <II = 1> <Delay = 1.82> <FuncUnit> <Opcode : 'add' 'sub'> <InPorts = 2> <OutPorts = 1>
ST_1 : Operation 359 [1/1] (0.00ns)   --->   "%tmp_77 = bitselect i1 @_ssdm_op_BitSelect.i1.i6.i32, i6 %add_ln52_15, i32 5" [firmware/nnet_utils/nnet_activation_stream.h:52]   --->   Operation 359 'bitselect' 'tmp_77' <Predicate = (icmp_ln51_15)> <Delay = 0.00>
ST_1 : Operation 360 [1/1] (0.00ns)   --->   "%tmp_78 = partselect i10 @_ssdm_op_PartSelect.i10.i576.i32.i32, i576 %layer5_out_read, i32 278, i32 287" [firmware/nnet_utils/nnet_activation_stream.h:52]   --->   Operation 360 'partselect' 'tmp_78' <Predicate = (icmp_ln51_15)> <Delay = 0.00>
ST_1 : Operation 361 [1/1] (1.73ns)   --->   "%icmp_ln52_15 = icmp_eq  i10 %tmp_78, i10 0" [firmware/nnet_utils/nnet_activation_stream.h:52]   --->   Operation 361 'icmp' 'icmp_ln52_15' <Predicate = (icmp_ln51_15)> <Delay = 1.73> <CoreInst = "Cmp">   --->   Core 9 'Cmp' <Latency = 0> <II = 1> <Delay = 1.73> <FuncUnit> <Opcode : 'seteq' 'setne' 'setle' 'setge' 'setlt' 'setgt'> <InPorts = 2> <OutPorts = 1>
ST_1 : Operation 362 [1/1] (0.00ns) (grouped into LUT with out node and_ln52_31)   --->   "%xor_ln52_45 = xor i1 %tmp_76, i1 1" [firmware/nnet_utils/nnet_activation_stream.h:52]   --->   Operation 362 'xor' 'xor_ln52_45' <Predicate = (icmp_ln51_15)> <Delay = 0.00> <CoreInst = "LogicGate">   --->   Core 74 'LogicGate' <Latency = 0> <II = 1> <Delay = 0.97> <FuncUnit> <Opcode : 'and' 'or' 'xor'> <InPorts = 2> <OutPorts = 1>
ST_1 : Operation 363 [1/1] (0.00ns) (grouped into LUT with out node and_ln52_31)   --->   "%or_ln52_45 = or i1 %tmp_77, i1 %xor_ln52_45" [firmware/nnet_utils/nnet_activation_stream.h:52]   --->   Operation 363 'or' 'or_ln52_45' <Predicate = (icmp_ln51_15)> <Delay = 0.00> <CoreInst = "LogicGate">   --->   Core 74 'LogicGate' <Latency = 0> <II = 1> <Delay = 0.97> <FuncUnit> <Opcode : 'and' 'or' 'xor'> <InPorts = 2> <OutPorts = 1>
ST_1 : Operation 364 [1/1] (0.00ns) (grouped into LUT with out node and_ln52_31)   --->   "%and_ln52_30 = and i1 %icmp_ln52_15, i1 %or_ln52_45" [firmware/nnet_utils/nnet_activation_stream.h:52]   --->   Operation 364 'and' 'and_ln52_30' <Predicate = (icmp_ln51_15)> <Delay = 0.00> <CoreInst = "LogicGate">   --->   Core 74 'LogicGate' <Latency = 0> <II = 1> <Delay = 0.97> <FuncUnit> <Opcode : 'and' 'or' 'xor'> <InPorts = 2> <OutPorts = 1>
ST_1 : Operation 365 [1/1] (0.00ns) (grouped into LUT with out node and_ln52_31)   --->   "%xor_ln52_46 = xor i1 %and_ln52_30, i1 1" [firmware/nnet_utils/nnet_activation_stream.h:52]   --->   Operation 365 'xor' 'xor_ln52_46' <Predicate = (icmp_ln51_15)> <Delay = 0.00> <CoreInst = "LogicGate">   --->   Core 74 'LogicGate' <Latency = 0> <II = 1> <Delay = 0.97> <FuncUnit> <Opcode : 'and' 'or' 'xor'> <InPorts = 2> <OutPorts = 1>
ST_1 : Operation 366 [1/1] (0.00ns) (grouped into LUT with out node and_ln52_31)   --->   "%or_ln52_46 = or i1 %tmp_77, i1 %xor_ln52_46" [firmware/nnet_utils/nnet_activation_stream.h:52]   --->   Operation 366 'or' 'or_ln52_46' <Predicate = (icmp_ln51_15)> <Delay = 0.00> <CoreInst = "LogicGate">   --->   Core 74 'LogicGate' <Latency = 0> <II = 1> <Delay = 0.97> <FuncUnit> <Opcode : 'and' 'or' 'xor'> <InPorts = 2> <OutPorts = 1>
ST_1 : Operation 367 [1/1] (0.00ns) (grouped into LUT with out node and_ln52_31)   --->   "%xor_ln52_47 = xor i1 %tmp_74, i1 1" [firmware/nnet_utils/nnet_activation_stream.h:52]   --->   Operation 367 'xor' 'xor_ln52_47' <Predicate = (icmp_ln51_15)> <Delay = 0.00> <CoreInst = "LogicGate">   --->   Core 74 'LogicGate' <Latency = 0> <II = 1> <Delay = 0.97> <FuncUnit> <Opcode : 'and' 'or' 'xor'> <InPorts = 2> <OutPorts = 1>
ST_1 : Operation 368 [1/1] (0.97ns) (out node of the LUT)   --->   "%and_ln52_31 = and i1 %or_ln52_46, i1 %xor_ln52_47" [firmware/nnet_utils/nnet_activation_stream.h:52]   --->   Operation 368 'and' 'and_ln52_31' <Predicate = (icmp_ln51_15)> <Delay = 0.97> <CoreInst = "LogicGate">   --->   Core 74 'LogicGate' <Latency = 0> <II = 1> <Delay = 0.97> <FuncUnit> <Opcode : 'and' 'or' 'xor'> <InPorts = 2> <OutPorts = 1>
ST_1 : Operation 369 [1/1] (0.00ns) (grouped into LUT with out node out_data_0_15_0_0_0_load)   --->   "%select_ln52_30 = select i1 %and_ln52_31, i6 31, i6 32" [firmware/nnet_utils/nnet_activation_stream.h:52]   --->   Operation 369 'select' 'select_ln52_30' <Predicate = (or_ln52_47 & icmp_ln51_15)> <Delay = 0.00> <CoreInst = "Sel">   --->   Core 73 'Sel' <Latency = 0> <II = 1> <Delay = 0.99> <FuncUnit> <Opcode : 'select'> <InPorts = 3> <OutPorts = 1>
ST_1 : Operation 370 [1/1] (0.00ns) (grouped into LUT with out node out_data_0_15_0_0_0_load)   --->   "%or_ln52_47 = or i1 %and_ln52_31, i1 %tmp_74" [firmware/nnet_utils/nnet_activation_stream.h:52]   --->   Operation 370 'or' 'or_ln52_47' <Predicate = (icmp_ln51_15)> <Delay = 0.00> <CoreInst = "LogicGate">   --->   Core 74 'LogicGate' <Latency = 0> <II = 1> <Delay = 0.97> <FuncUnit> <Opcode : 'and' 'or' 'xor'> <InPorts = 2> <OutPorts = 1>
ST_1 : Operation 371 [1/1] (0.00ns) (grouped into LUT with out node out_data_0_15_0_0_0_load)   --->   "%select_ln52_31 = select i1 %or_ln52_47, i6 %select_ln52_30, i6 %add_ln52_15" [firmware/nnet_utils/nnet_activation_stream.h:52]   --->   Operation 371 'select' 'select_ln52_31' <Predicate = (icmp_ln51_15)> <Delay = 0.00> <CoreInst = "Sel">   --->   Core 73 'Sel' <Latency = 0> <II = 1> <Delay = 1.18> <FuncUnit> <Opcode : 'select'> <InPorts = 3> <OutPorts = 1>
ST_1 : Operation 372 [1/1] (1.18ns) (out node of the LUT)   --->   "%out_data_0_15_0_0_0_load = select i1 %icmp_ln51_15, i6 %select_ln52_31, i6 0" [firmware/nnet_utils/nnet_activation_stream.h:51]   --->   Operation 372 'select' 'out_data_0_15_0_0_0_load' <Predicate = true> <Delay = 1.18> <CoreInst = "Sel">   --->   Core 73 'Sel' <Latency = 0> <II = 1> <Delay = 1.18> <FuncUnit> <Opcode : 'select'> <InPorts = 3> <OutPorts = 1>
ST_1 : Operation 373 [1/1] (2.13ns)   --->   "%icmp_ln51_16 = icmp_sgt  i18 %trunc_ln44_15, i18 0" [firmware/nnet_utils/nnet_activation_stream.h:51]   --->   Operation 373 'icmp' 'icmp_ln51_16' <Predicate = true> <Delay = 2.13> <CoreInst = "Cmp">   --->   Core 9 'Cmp' <Latency = 0> <II = 1> <Delay = 2.13> <FuncUnit> <Opcode : 'seteq' 'setne' 'setle' 'setge' 'setlt' 'setgt'> <InPorts = 2> <OutPorts = 1>
ST_1 : Operation 374 [1/1] (0.00ns)   --->   "%tmp_79 = bitselect i1 @_ssdm_op_BitSelect.i1.i576.i32, i576 %layer5_out_read, i32 305" [firmware/nnet_utils/nnet_activation_stream.h:52]   --->   Operation 374 'bitselect' 'tmp_79' <Predicate = (icmp_ln51_16)> <Delay = 0.00>
ST_1 : Operation 375 [1/1] (0.00ns)   --->   "%trunc_ln52_15 = partselect i6 @_ssdm_op_PartSelect.i6.i576.i32.i32, i576 %layer5_out_read, i32 290, i32 295" [firmware/nnet_utils/nnet_activation_stream.h:52]   --->   Operation 375 'partselect' 'trunc_ln52_15' <Predicate = (icmp_ln51_16)> <Delay = 0.00>
ST_1 : Operation 376 [1/1] (0.00ns)   --->   "%tmp_80 = bitselect i1 @_ssdm_op_BitSelect.i1.i576.i32, i576 %layer5_out_read, i32 289" [firmware/nnet_utils/nnet_activation_stream.h:52]   --->   Operation 376 'bitselect' 'tmp_80' <Predicate = (icmp_ln51_16)> <Delay = 0.00>
ST_1 : Operation 377 [1/1] (0.00ns) (grouped into LUT with out node and_ln52_33)   --->   "%tmp_81 = bitselect i1 @_ssdm_op_BitSelect.i1.i576.i32, i576 %layer5_out_read, i32 295" [firmware/nnet_utils/nnet_activation_stream.h:52]   --->   Operation 377 'bitselect' 'tmp_81' <Predicate = (icmp_ln51_16)> <Delay = 0.00>
ST_1 : Operation 378 [1/1] (0.00ns)   --->   "%zext_ln52_16 = zext i1 %tmp_80" [firmware/nnet_utils/nnet_activation_stream.h:52]   --->   Operation 378 'zext' 'zext_ln52_16' <Predicate = (icmp_ln51_16)> <Delay = 0.00>
ST_1 : Operation 379 [1/1] (1.82ns)   --->   "%add_ln52_16 = add i6 %trunc_ln52_15, i6 %zext_ln52_16" [firmware/nnet_utils/nnet_activation_stream.h:52]   --->   Operation 379 'add' 'add_ln52_16' <Predicate = (icmp_ln51_16)> <Delay = 1.82> <CoreInst = "Adder">   --->   Core 1 'Adder' <Latency = 0> <II = 1> <Delay = 1.82> <FuncUnit> <Opcode : 'add' 'sub'> <InPorts = 2> <OutPorts = 1>
ST_1 : Operation 380 [1/1] (0.00ns)   --->   "%tmp_82 = bitselect i1 @_ssdm_op_BitSelect.i1.i6.i32, i6 %add_ln52_16, i32 5" [firmware/nnet_utils/nnet_activation_stream.h:52]   --->   Operation 380 'bitselect' 'tmp_82' <Predicate = (icmp_ln51_16)> <Delay = 0.00>
ST_1 : Operation 381 [1/1] (0.00ns)   --->   "%tmp_83 = partselect i10 @_ssdm_op_PartSelect.i10.i576.i32.i32, i576 %layer5_out_read, i32 296, i32 305" [firmware/nnet_utils/nnet_activation_stream.h:52]   --->   Operation 381 'partselect' 'tmp_83' <Predicate = (icmp_ln51_16)> <Delay = 0.00>
ST_1 : Operation 382 [1/1] (1.73ns)   --->   "%icmp_ln52_16 = icmp_eq  i10 %tmp_83, i10 0" [firmware/nnet_utils/nnet_activation_stream.h:52]   --->   Operation 382 'icmp' 'icmp_ln52_16' <Predicate = (icmp_ln51_16)> <Delay = 1.73> <CoreInst = "Cmp">   --->   Core 9 'Cmp' <Latency = 0> <II = 1> <Delay = 1.73> <FuncUnit> <Opcode : 'seteq' 'setne' 'setle' 'setge' 'setlt' 'setgt'> <InPorts = 2> <OutPorts = 1>
ST_1 : Operation 383 [1/1] (0.00ns) (grouped into LUT with out node and_ln52_33)   --->   "%xor_ln52_48 = xor i1 %tmp_81, i1 1" [firmware/nnet_utils/nnet_activation_stream.h:52]   --->   Operation 383 'xor' 'xor_ln52_48' <Predicate = (icmp_ln51_16)> <Delay = 0.00> <CoreInst = "LogicGate">   --->   Core 74 'LogicGate' <Latency = 0> <II = 1> <Delay = 0.97> <FuncUnit> <Opcode : 'and' 'or' 'xor'> <InPorts = 2> <OutPorts = 1>
ST_1 : Operation 384 [1/1] (0.00ns) (grouped into LUT with out node and_ln52_33)   --->   "%or_ln52_48 = or i1 %tmp_82, i1 %xor_ln52_48" [firmware/nnet_utils/nnet_activation_stream.h:52]   --->   Operation 384 'or' 'or_ln52_48' <Predicate = (icmp_ln51_16)> <Delay = 0.00> <CoreInst = "LogicGate">   --->   Core 74 'LogicGate' <Latency = 0> <II = 1> <Delay = 0.97> <FuncUnit> <Opcode : 'and' 'or' 'xor'> <InPorts = 2> <OutPorts = 1>
ST_1 : Operation 385 [1/1] (0.00ns) (grouped into LUT with out node and_ln52_33)   --->   "%and_ln52_32 = and i1 %icmp_ln52_16, i1 %or_ln52_48" [firmware/nnet_utils/nnet_activation_stream.h:52]   --->   Operation 385 'and' 'and_ln52_32' <Predicate = (icmp_ln51_16)> <Delay = 0.00> <CoreInst = "LogicGate">   --->   Core 74 'LogicGate' <Latency = 0> <II = 1> <Delay = 0.97> <FuncUnit> <Opcode : 'and' 'or' 'xor'> <InPorts = 2> <OutPorts = 1>
ST_1 : Operation 386 [1/1] (0.00ns) (grouped into LUT with out node and_ln52_33)   --->   "%xor_ln52_49 = xor i1 %and_ln52_32, i1 1" [firmware/nnet_utils/nnet_activation_stream.h:52]   --->   Operation 386 'xor' 'xor_ln52_49' <Predicate = (icmp_ln51_16)> <Delay = 0.00> <CoreInst = "LogicGate">   --->   Core 74 'LogicGate' <Latency = 0> <II = 1> <Delay = 0.97> <FuncUnit> <Opcode : 'and' 'or' 'xor'> <InPorts = 2> <OutPorts = 1>
ST_1 : Operation 387 [1/1] (0.00ns) (grouped into LUT with out node and_ln52_33)   --->   "%or_ln52_49 = or i1 %tmp_82, i1 %xor_ln52_49" [firmware/nnet_utils/nnet_activation_stream.h:52]   --->   Operation 387 'or' 'or_ln52_49' <Predicate = (icmp_ln51_16)> <Delay = 0.00> <CoreInst = "LogicGate">   --->   Core 74 'LogicGate' <Latency = 0> <II = 1> <Delay = 0.97> <FuncUnit> <Opcode : 'and' 'or' 'xor'> <InPorts = 2> <OutPorts = 1>
ST_1 : Operation 388 [1/1] (0.00ns) (grouped into LUT with out node and_ln52_33)   --->   "%xor_ln52_50 = xor i1 %tmp_79, i1 1" [firmware/nnet_utils/nnet_activation_stream.h:52]   --->   Operation 388 'xor' 'xor_ln52_50' <Predicate = (icmp_ln51_16)> <Delay = 0.00> <CoreInst = "LogicGate">   --->   Core 74 'LogicGate' <Latency = 0> <II = 1> <Delay = 0.97> <FuncUnit> <Opcode : 'and' 'or' 'xor'> <InPorts = 2> <OutPorts = 1>
ST_1 : Operation 389 [1/1] (0.97ns) (out node of the LUT)   --->   "%and_ln52_33 = and i1 %or_ln52_49, i1 %xor_ln52_50" [firmware/nnet_utils/nnet_activation_stream.h:52]   --->   Operation 389 'and' 'and_ln52_33' <Predicate = (icmp_ln51_16)> <Delay = 0.97> <CoreInst = "LogicGate">   --->   Core 74 'LogicGate' <Latency = 0> <II = 1> <Delay = 0.97> <FuncUnit> <Opcode : 'and' 'or' 'xor'> <InPorts = 2> <OutPorts = 1>
ST_1 : Operation 390 [1/1] (0.00ns) (grouped into LUT with out node out_data_0_16_0_0_0_load)   --->   "%select_ln52_32 = select i1 %and_ln52_33, i6 31, i6 32" [firmware/nnet_utils/nnet_activation_stream.h:52]   --->   Operation 390 'select' 'select_ln52_32' <Predicate = (or_ln52_50 & icmp_ln51_16)> <Delay = 0.00> <CoreInst = "Sel">   --->   Core 73 'Sel' <Latency = 0> <II = 1> <Delay = 0.99> <FuncUnit> <Opcode : 'select'> <InPorts = 3> <OutPorts = 1>
ST_1 : Operation 391 [1/1] (0.00ns) (grouped into LUT with out node out_data_0_16_0_0_0_load)   --->   "%or_ln52_50 = or i1 %and_ln52_33, i1 %tmp_79" [firmware/nnet_utils/nnet_activation_stream.h:52]   --->   Operation 391 'or' 'or_ln52_50' <Predicate = (icmp_ln51_16)> <Delay = 0.00> <CoreInst = "LogicGate">   --->   Core 74 'LogicGate' <Latency = 0> <II = 1> <Delay = 0.97> <FuncUnit> <Opcode : 'and' 'or' 'xor'> <InPorts = 2> <OutPorts = 1>
ST_1 : Operation 392 [1/1] (0.00ns) (grouped into LUT with out node out_data_0_16_0_0_0_load)   --->   "%select_ln52_33 = select i1 %or_ln52_50, i6 %select_ln52_32, i6 %add_ln52_16" [firmware/nnet_utils/nnet_activation_stream.h:52]   --->   Operation 392 'select' 'select_ln52_33' <Predicate = (icmp_ln51_16)> <Delay = 0.00> <CoreInst = "Sel">   --->   Core 73 'Sel' <Latency = 0> <II = 1> <Delay = 1.18> <FuncUnit> <Opcode : 'select'> <InPorts = 3> <OutPorts = 1>
ST_1 : Operation 393 [1/1] (1.18ns) (out node of the LUT)   --->   "%out_data_0_16_0_0_0_load = select i1 %icmp_ln51_16, i6 %select_ln52_33, i6 0" [firmware/nnet_utils/nnet_activation_stream.h:51]   --->   Operation 393 'select' 'out_data_0_16_0_0_0_load' <Predicate = true> <Delay = 1.18> <CoreInst = "Sel">   --->   Core 73 'Sel' <Latency = 0> <II = 1> <Delay = 1.18> <FuncUnit> <Opcode : 'select'> <InPorts = 3> <OutPorts = 1>
ST_1 : Operation 394 [1/1] (2.13ns)   --->   "%icmp_ln51_17 = icmp_sgt  i18 %trunc_ln44_16, i18 0" [firmware/nnet_utils/nnet_activation_stream.h:51]   --->   Operation 394 'icmp' 'icmp_ln51_17' <Predicate = true> <Delay = 2.13> <CoreInst = "Cmp">   --->   Core 9 'Cmp' <Latency = 0> <II = 1> <Delay = 2.13> <FuncUnit> <Opcode : 'seteq' 'setne' 'setle' 'setge' 'setlt' 'setgt'> <InPorts = 2> <OutPorts = 1>
ST_1 : Operation 395 [1/1] (0.00ns)   --->   "%tmp_84 = bitselect i1 @_ssdm_op_BitSelect.i1.i576.i32, i576 %layer5_out_read, i32 323" [firmware/nnet_utils/nnet_activation_stream.h:52]   --->   Operation 395 'bitselect' 'tmp_84' <Predicate = (icmp_ln51_17)> <Delay = 0.00>
ST_1 : Operation 396 [1/1] (0.00ns)   --->   "%trunc_ln52_16 = partselect i6 @_ssdm_op_PartSelect.i6.i576.i32.i32, i576 %layer5_out_read, i32 308, i32 313" [firmware/nnet_utils/nnet_activation_stream.h:52]   --->   Operation 396 'partselect' 'trunc_ln52_16' <Predicate = (icmp_ln51_17)> <Delay = 0.00>
ST_1 : Operation 397 [1/1] (0.00ns)   --->   "%tmp_85 = bitselect i1 @_ssdm_op_BitSelect.i1.i576.i32, i576 %layer5_out_read, i32 307" [firmware/nnet_utils/nnet_activation_stream.h:52]   --->   Operation 397 'bitselect' 'tmp_85' <Predicate = (icmp_ln51_17)> <Delay = 0.00>
ST_1 : Operation 398 [1/1] (0.00ns) (grouped into LUT with out node and_ln52_35)   --->   "%tmp_86 = bitselect i1 @_ssdm_op_BitSelect.i1.i576.i32, i576 %layer5_out_read, i32 313" [firmware/nnet_utils/nnet_activation_stream.h:52]   --->   Operation 398 'bitselect' 'tmp_86' <Predicate = (icmp_ln51_17)> <Delay = 0.00>
ST_1 : Operation 399 [1/1] (0.00ns)   --->   "%zext_ln52_17 = zext i1 %tmp_85" [firmware/nnet_utils/nnet_activation_stream.h:52]   --->   Operation 399 'zext' 'zext_ln52_17' <Predicate = (icmp_ln51_17)> <Delay = 0.00>
ST_1 : Operation 400 [1/1] (1.82ns)   --->   "%add_ln52_17 = add i6 %trunc_ln52_16, i6 %zext_ln52_17" [firmware/nnet_utils/nnet_activation_stream.h:52]   --->   Operation 400 'add' 'add_ln52_17' <Predicate = (icmp_ln51_17)> <Delay = 1.82> <CoreInst = "Adder">   --->   Core 1 'Adder' <Latency = 0> <II = 1> <Delay = 1.82> <FuncUnit> <Opcode : 'add' 'sub'> <InPorts = 2> <OutPorts = 1>
ST_1 : Operation 401 [1/1] (0.00ns)   --->   "%tmp_87 = bitselect i1 @_ssdm_op_BitSelect.i1.i6.i32, i6 %add_ln52_17, i32 5" [firmware/nnet_utils/nnet_activation_stream.h:52]   --->   Operation 401 'bitselect' 'tmp_87' <Predicate = (icmp_ln51_17)> <Delay = 0.00>
ST_1 : Operation 402 [1/1] (0.00ns)   --->   "%tmp_88 = partselect i10 @_ssdm_op_PartSelect.i10.i576.i32.i32, i576 %layer5_out_read, i32 314, i32 323" [firmware/nnet_utils/nnet_activation_stream.h:52]   --->   Operation 402 'partselect' 'tmp_88' <Predicate = (icmp_ln51_17)> <Delay = 0.00>
ST_1 : Operation 403 [1/1] (1.73ns)   --->   "%icmp_ln52_17 = icmp_eq  i10 %tmp_88, i10 0" [firmware/nnet_utils/nnet_activation_stream.h:52]   --->   Operation 403 'icmp' 'icmp_ln52_17' <Predicate = (icmp_ln51_17)> <Delay = 1.73> <CoreInst = "Cmp">   --->   Core 9 'Cmp' <Latency = 0> <II = 1> <Delay = 1.73> <FuncUnit> <Opcode : 'seteq' 'setne' 'setle' 'setge' 'setlt' 'setgt'> <InPorts = 2> <OutPorts = 1>
ST_1 : Operation 404 [1/1] (0.00ns) (grouped into LUT with out node and_ln52_35)   --->   "%xor_ln52_51 = xor i1 %tmp_86, i1 1" [firmware/nnet_utils/nnet_activation_stream.h:52]   --->   Operation 404 'xor' 'xor_ln52_51' <Predicate = (icmp_ln51_17)> <Delay = 0.00> <CoreInst = "LogicGate">   --->   Core 74 'LogicGate' <Latency = 0> <II = 1> <Delay = 0.97> <FuncUnit> <Opcode : 'and' 'or' 'xor'> <InPorts = 2> <OutPorts = 1>
ST_1 : Operation 405 [1/1] (0.00ns) (grouped into LUT with out node and_ln52_35)   --->   "%or_ln52_51 = or i1 %tmp_87, i1 %xor_ln52_51" [firmware/nnet_utils/nnet_activation_stream.h:52]   --->   Operation 405 'or' 'or_ln52_51' <Predicate = (icmp_ln51_17)> <Delay = 0.00> <CoreInst = "LogicGate">   --->   Core 74 'LogicGate' <Latency = 0> <II = 1> <Delay = 0.97> <FuncUnit> <Opcode : 'and' 'or' 'xor'> <InPorts = 2> <OutPorts = 1>
ST_1 : Operation 406 [1/1] (0.00ns) (grouped into LUT with out node and_ln52_35)   --->   "%and_ln52_34 = and i1 %icmp_ln52_17, i1 %or_ln52_51" [firmware/nnet_utils/nnet_activation_stream.h:52]   --->   Operation 406 'and' 'and_ln52_34' <Predicate = (icmp_ln51_17)> <Delay = 0.00> <CoreInst = "LogicGate">   --->   Core 74 'LogicGate' <Latency = 0> <II = 1> <Delay = 0.97> <FuncUnit> <Opcode : 'and' 'or' 'xor'> <InPorts = 2> <OutPorts = 1>
ST_1 : Operation 407 [1/1] (0.00ns) (grouped into LUT with out node and_ln52_35)   --->   "%xor_ln52_52 = xor i1 %and_ln52_34, i1 1" [firmware/nnet_utils/nnet_activation_stream.h:52]   --->   Operation 407 'xor' 'xor_ln52_52' <Predicate = (icmp_ln51_17)> <Delay = 0.00> <CoreInst = "LogicGate">   --->   Core 74 'LogicGate' <Latency = 0> <II = 1> <Delay = 0.97> <FuncUnit> <Opcode : 'and' 'or' 'xor'> <InPorts = 2> <OutPorts = 1>
ST_1 : Operation 408 [1/1] (0.00ns) (grouped into LUT with out node and_ln52_35)   --->   "%or_ln52_52 = or i1 %tmp_87, i1 %xor_ln52_52" [firmware/nnet_utils/nnet_activation_stream.h:52]   --->   Operation 408 'or' 'or_ln52_52' <Predicate = (icmp_ln51_17)> <Delay = 0.00> <CoreInst = "LogicGate">   --->   Core 74 'LogicGate' <Latency = 0> <II = 1> <Delay = 0.97> <FuncUnit> <Opcode : 'and' 'or' 'xor'> <InPorts = 2> <OutPorts = 1>
ST_1 : Operation 409 [1/1] (0.00ns) (grouped into LUT with out node and_ln52_35)   --->   "%xor_ln52_53 = xor i1 %tmp_84, i1 1" [firmware/nnet_utils/nnet_activation_stream.h:52]   --->   Operation 409 'xor' 'xor_ln52_53' <Predicate = (icmp_ln51_17)> <Delay = 0.00> <CoreInst = "LogicGate">   --->   Core 74 'LogicGate' <Latency = 0> <II = 1> <Delay = 0.97> <FuncUnit> <Opcode : 'and' 'or' 'xor'> <InPorts = 2> <OutPorts = 1>
ST_1 : Operation 410 [1/1] (0.97ns) (out node of the LUT)   --->   "%and_ln52_35 = and i1 %or_ln52_52, i1 %xor_ln52_53" [firmware/nnet_utils/nnet_activation_stream.h:52]   --->   Operation 410 'and' 'and_ln52_35' <Predicate = (icmp_ln51_17)> <Delay = 0.97> <CoreInst = "LogicGate">   --->   Core 74 'LogicGate' <Latency = 0> <II = 1> <Delay = 0.97> <FuncUnit> <Opcode : 'and' 'or' 'xor'> <InPorts = 2> <OutPorts = 1>
ST_1 : Operation 411 [1/1] (0.00ns) (grouped into LUT with out node out_data_0_17_0_0_0_load)   --->   "%select_ln52_34 = select i1 %and_ln52_35, i6 31, i6 32" [firmware/nnet_utils/nnet_activation_stream.h:52]   --->   Operation 411 'select' 'select_ln52_34' <Predicate = (or_ln52_53 & icmp_ln51_17)> <Delay = 0.00> <CoreInst = "Sel">   --->   Core 73 'Sel' <Latency = 0> <II = 1> <Delay = 0.99> <FuncUnit> <Opcode : 'select'> <InPorts = 3> <OutPorts = 1>
ST_1 : Operation 412 [1/1] (0.00ns) (grouped into LUT with out node out_data_0_17_0_0_0_load)   --->   "%or_ln52_53 = or i1 %and_ln52_35, i1 %tmp_84" [firmware/nnet_utils/nnet_activation_stream.h:52]   --->   Operation 412 'or' 'or_ln52_53' <Predicate = (icmp_ln51_17)> <Delay = 0.00> <CoreInst = "LogicGate">   --->   Core 74 'LogicGate' <Latency = 0> <II = 1> <Delay = 0.97> <FuncUnit> <Opcode : 'and' 'or' 'xor'> <InPorts = 2> <OutPorts = 1>
ST_1 : Operation 413 [1/1] (0.00ns) (grouped into LUT with out node out_data_0_17_0_0_0_load)   --->   "%select_ln52_35 = select i1 %or_ln52_53, i6 %select_ln52_34, i6 %add_ln52_17" [firmware/nnet_utils/nnet_activation_stream.h:52]   --->   Operation 413 'select' 'select_ln52_35' <Predicate = (icmp_ln51_17)> <Delay = 0.00> <CoreInst = "Sel">   --->   Core 73 'Sel' <Latency = 0> <II = 1> <Delay = 1.18> <FuncUnit> <Opcode : 'select'> <InPorts = 3> <OutPorts = 1>
ST_1 : Operation 414 [1/1] (1.18ns) (out node of the LUT)   --->   "%out_data_0_17_0_0_0_load = select i1 %icmp_ln51_17, i6 %select_ln52_35, i6 0" [firmware/nnet_utils/nnet_activation_stream.h:51]   --->   Operation 414 'select' 'out_data_0_17_0_0_0_load' <Predicate = true> <Delay = 1.18> <CoreInst = "Sel">   --->   Core 73 'Sel' <Latency = 0> <II = 1> <Delay = 1.18> <FuncUnit> <Opcode : 'select'> <InPorts = 3> <OutPorts = 1>
ST_1 : Operation 415 [1/1] (2.13ns)   --->   "%icmp_ln51_18 = icmp_sgt  i18 %trunc_ln44_17, i18 0" [firmware/nnet_utils/nnet_activation_stream.h:51]   --->   Operation 415 'icmp' 'icmp_ln51_18' <Predicate = true> <Delay = 2.13> <CoreInst = "Cmp">   --->   Core 9 'Cmp' <Latency = 0> <II = 1> <Delay = 2.13> <FuncUnit> <Opcode : 'seteq' 'setne' 'setle' 'setge' 'setlt' 'setgt'> <InPorts = 2> <OutPorts = 1>
ST_1 : Operation 416 [1/1] (0.00ns)   --->   "%tmp_89 = bitselect i1 @_ssdm_op_BitSelect.i1.i576.i32, i576 %layer5_out_read, i32 341" [firmware/nnet_utils/nnet_activation_stream.h:52]   --->   Operation 416 'bitselect' 'tmp_89' <Predicate = (icmp_ln51_18)> <Delay = 0.00>
ST_1 : Operation 417 [1/1] (0.00ns)   --->   "%trunc_ln52_17 = partselect i6 @_ssdm_op_PartSelect.i6.i576.i32.i32, i576 %layer5_out_read, i32 326, i32 331" [firmware/nnet_utils/nnet_activation_stream.h:52]   --->   Operation 417 'partselect' 'trunc_ln52_17' <Predicate = (icmp_ln51_18)> <Delay = 0.00>
ST_1 : Operation 418 [1/1] (0.00ns)   --->   "%tmp_90 = bitselect i1 @_ssdm_op_BitSelect.i1.i576.i32, i576 %layer5_out_read, i32 325" [firmware/nnet_utils/nnet_activation_stream.h:52]   --->   Operation 418 'bitselect' 'tmp_90' <Predicate = (icmp_ln51_18)> <Delay = 0.00>
ST_1 : Operation 419 [1/1] (0.00ns) (grouped into LUT with out node and_ln52_37)   --->   "%tmp_91 = bitselect i1 @_ssdm_op_BitSelect.i1.i576.i32, i576 %layer5_out_read, i32 331" [firmware/nnet_utils/nnet_activation_stream.h:52]   --->   Operation 419 'bitselect' 'tmp_91' <Predicate = (icmp_ln51_18)> <Delay = 0.00>
ST_1 : Operation 420 [1/1] (0.00ns)   --->   "%zext_ln52_18 = zext i1 %tmp_90" [firmware/nnet_utils/nnet_activation_stream.h:52]   --->   Operation 420 'zext' 'zext_ln52_18' <Predicate = (icmp_ln51_18)> <Delay = 0.00>
ST_1 : Operation 421 [1/1] (1.82ns)   --->   "%add_ln52_18 = add i6 %trunc_ln52_17, i6 %zext_ln52_18" [firmware/nnet_utils/nnet_activation_stream.h:52]   --->   Operation 421 'add' 'add_ln52_18' <Predicate = (icmp_ln51_18)> <Delay = 1.82> <CoreInst = "Adder">   --->   Core 1 'Adder' <Latency = 0> <II = 1> <Delay = 1.82> <FuncUnit> <Opcode : 'add' 'sub'> <InPorts = 2> <OutPorts = 1>
ST_1 : Operation 422 [1/1] (0.00ns)   --->   "%tmp_92 = bitselect i1 @_ssdm_op_BitSelect.i1.i6.i32, i6 %add_ln52_18, i32 5" [firmware/nnet_utils/nnet_activation_stream.h:52]   --->   Operation 422 'bitselect' 'tmp_92' <Predicate = (icmp_ln51_18)> <Delay = 0.00>
ST_1 : Operation 423 [1/1] (0.00ns)   --->   "%tmp_93 = partselect i10 @_ssdm_op_PartSelect.i10.i576.i32.i32, i576 %layer5_out_read, i32 332, i32 341" [firmware/nnet_utils/nnet_activation_stream.h:52]   --->   Operation 423 'partselect' 'tmp_93' <Predicate = (icmp_ln51_18)> <Delay = 0.00>
ST_1 : Operation 424 [1/1] (1.73ns)   --->   "%icmp_ln52_18 = icmp_eq  i10 %tmp_93, i10 0" [firmware/nnet_utils/nnet_activation_stream.h:52]   --->   Operation 424 'icmp' 'icmp_ln52_18' <Predicate = (icmp_ln51_18)> <Delay = 1.73> <CoreInst = "Cmp">   --->   Core 9 'Cmp' <Latency = 0> <II = 1> <Delay = 1.73> <FuncUnit> <Opcode : 'seteq' 'setne' 'setle' 'setge' 'setlt' 'setgt'> <InPorts = 2> <OutPorts = 1>
ST_1 : Operation 425 [1/1] (0.00ns) (grouped into LUT with out node and_ln52_37)   --->   "%xor_ln52_54 = xor i1 %tmp_91, i1 1" [firmware/nnet_utils/nnet_activation_stream.h:52]   --->   Operation 425 'xor' 'xor_ln52_54' <Predicate = (icmp_ln51_18)> <Delay = 0.00> <CoreInst = "LogicGate">   --->   Core 74 'LogicGate' <Latency = 0> <II = 1> <Delay = 0.97> <FuncUnit> <Opcode : 'and' 'or' 'xor'> <InPorts = 2> <OutPorts = 1>
ST_1 : Operation 426 [1/1] (0.00ns) (grouped into LUT with out node and_ln52_37)   --->   "%or_ln52_54 = or i1 %tmp_92, i1 %xor_ln52_54" [firmware/nnet_utils/nnet_activation_stream.h:52]   --->   Operation 426 'or' 'or_ln52_54' <Predicate = (icmp_ln51_18)> <Delay = 0.00> <CoreInst = "LogicGate">   --->   Core 74 'LogicGate' <Latency = 0> <II = 1> <Delay = 0.97> <FuncUnit> <Opcode : 'and' 'or' 'xor'> <InPorts = 2> <OutPorts = 1>
ST_1 : Operation 427 [1/1] (0.00ns) (grouped into LUT with out node and_ln52_37)   --->   "%and_ln52_36 = and i1 %icmp_ln52_18, i1 %or_ln52_54" [firmware/nnet_utils/nnet_activation_stream.h:52]   --->   Operation 427 'and' 'and_ln52_36' <Predicate = (icmp_ln51_18)> <Delay = 0.00> <CoreInst = "LogicGate">   --->   Core 74 'LogicGate' <Latency = 0> <II = 1> <Delay = 0.97> <FuncUnit> <Opcode : 'and' 'or' 'xor'> <InPorts = 2> <OutPorts = 1>
ST_1 : Operation 428 [1/1] (0.00ns) (grouped into LUT with out node and_ln52_37)   --->   "%xor_ln52_55 = xor i1 %and_ln52_36, i1 1" [firmware/nnet_utils/nnet_activation_stream.h:52]   --->   Operation 428 'xor' 'xor_ln52_55' <Predicate = (icmp_ln51_18)> <Delay = 0.00> <CoreInst = "LogicGate">   --->   Core 74 'LogicGate' <Latency = 0> <II = 1> <Delay = 0.97> <FuncUnit> <Opcode : 'and' 'or' 'xor'> <InPorts = 2> <OutPorts = 1>
ST_1 : Operation 429 [1/1] (0.00ns) (grouped into LUT with out node and_ln52_37)   --->   "%or_ln52_55 = or i1 %tmp_92, i1 %xor_ln52_55" [firmware/nnet_utils/nnet_activation_stream.h:52]   --->   Operation 429 'or' 'or_ln52_55' <Predicate = (icmp_ln51_18)> <Delay = 0.00> <CoreInst = "LogicGate">   --->   Core 74 'LogicGate' <Latency = 0> <II = 1> <Delay = 0.97> <FuncUnit> <Opcode : 'and' 'or' 'xor'> <InPorts = 2> <OutPorts = 1>
ST_1 : Operation 430 [1/1] (0.00ns) (grouped into LUT with out node and_ln52_37)   --->   "%xor_ln52_56 = xor i1 %tmp_89, i1 1" [firmware/nnet_utils/nnet_activation_stream.h:52]   --->   Operation 430 'xor' 'xor_ln52_56' <Predicate = (icmp_ln51_18)> <Delay = 0.00> <CoreInst = "LogicGate">   --->   Core 74 'LogicGate' <Latency = 0> <II = 1> <Delay = 0.97> <FuncUnit> <Opcode : 'and' 'or' 'xor'> <InPorts = 2> <OutPorts = 1>
ST_1 : Operation 431 [1/1] (0.97ns) (out node of the LUT)   --->   "%and_ln52_37 = and i1 %or_ln52_55, i1 %xor_ln52_56" [firmware/nnet_utils/nnet_activation_stream.h:52]   --->   Operation 431 'and' 'and_ln52_37' <Predicate = (icmp_ln51_18)> <Delay = 0.97> <CoreInst = "LogicGate">   --->   Core 74 'LogicGate' <Latency = 0> <II = 1> <Delay = 0.97> <FuncUnit> <Opcode : 'and' 'or' 'xor'> <InPorts = 2> <OutPorts = 1>
ST_1 : Operation 432 [1/1] (0.00ns) (grouped into LUT with out node out_data_0_18_0_0_0_load)   --->   "%select_ln52_36 = select i1 %and_ln52_37, i6 31, i6 32" [firmware/nnet_utils/nnet_activation_stream.h:52]   --->   Operation 432 'select' 'select_ln52_36' <Predicate = (or_ln52_56 & icmp_ln51_18)> <Delay = 0.00> <CoreInst = "Sel">   --->   Core 73 'Sel' <Latency = 0> <II = 1> <Delay = 0.99> <FuncUnit> <Opcode : 'select'> <InPorts = 3> <OutPorts = 1>
ST_1 : Operation 433 [1/1] (0.00ns) (grouped into LUT with out node out_data_0_18_0_0_0_load)   --->   "%or_ln52_56 = or i1 %and_ln52_37, i1 %tmp_89" [firmware/nnet_utils/nnet_activation_stream.h:52]   --->   Operation 433 'or' 'or_ln52_56' <Predicate = (icmp_ln51_18)> <Delay = 0.00> <CoreInst = "LogicGate">   --->   Core 74 'LogicGate' <Latency = 0> <II = 1> <Delay = 0.97> <FuncUnit> <Opcode : 'and' 'or' 'xor'> <InPorts = 2> <OutPorts = 1>
ST_1 : Operation 434 [1/1] (0.00ns) (grouped into LUT with out node out_data_0_18_0_0_0_load)   --->   "%select_ln52_37 = select i1 %or_ln52_56, i6 %select_ln52_36, i6 %add_ln52_18" [firmware/nnet_utils/nnet_activation_stream.h:52]   --->   Operation 434 'select' 'select_ln52_37' <Predicate = (icmp_ln51_18)> <Delay = 0.00> <CoreInst = "Sel">   --->   Core 73 'Sel' <Latency = 0> <II = 1> <Delay = 1.18> <FuncUnit> <Opcode : 'select'> <InPorts = 3> <OutPorts = 1>
ST_1 : Operation 435 [1/1] (1.18ns) (out node of the LUT)   --->   "%out_data_0_18_0_0_0_load = select i1 %icmp_ln51_18, i6 %select_ln52_37, i6 0" [firmware/nnet_utils/nnet_activation_stream.h:51]   --->   Operation 435 'select' 'out_data_0_18_0_0_0_load' <Predicate = true> <Delay = 1.18> <CoreInst = "Sel">   --->   Core 73 'Sel' <Latency = 0> <II = 1> <Delay = 1.18> <FuncUnit> <Opcode : 'select'> <InPorts = 3> <OutPorts = 1>
ST_1 : Operation 436 [1/1] (2.13ns)   --->   "%icmp_ln51_19 = icmp_sgt  i18 %trunc_ln44_18, i18 0" [firmware/nnet_utils/nnet_activation_stream.h:51]   --->   Operation 436 'icmp' 'icmp_ln51_19' <Predicate = true> <Delay = 2.13> <CoreInst = "Cmp">   --->   Core 9 'Cmp' <Latency = 0> <II = 1> <Delay = 2.13> <FuncUnit> <Opcode : 'seteq' 'setne' 'setle' 'setge' 'setlt' 'setgt'> <InPorts = 2> <OutPorts = 1>
ST_1 : Operation 437 [1/1] (0.00ns)   --->   "%tmp_94 = bitselect i1 @_ssdm_op_BitSelect.i1.i576.i32, i576 %layer5_out_read, i32 359" [firmware/nnet_utils/nnet_activation_stream.h:52]   --->   Operation 437 'bitselect' 'tmp_94' <Predicate = (icmp_ln51_19)> <Delay = 0.00>
ST_1 : Operation 438 [1/1] (0.00ns)   --->   "%trunc_ln52_18 = partselect i6 @_ssdm_op_PartSelect.i6.i576.i32.i32, i576 %layer5_out_read, i32 344, i32 349" [firmware/nnet_utils/nnet_activation_stream.h:52]   --->   Operation 438 'partselect' 'trunc_ln52_18' <Predicate = (icmp_ln51_19)> <Delay = 0.00>
ST_1 : Operation 439 [1/1] (0.00ns)   --->   "%tmp_95 = bitselect i1 @_ssdm_op_BitSelect.i1.i576.i32, i576 %layer5_out_read, i32 343" [firmware/nnet_utils/nnet_activation_stream.h:52]   --->   Operation 439 'bitselect' 'tmp_95' <Predicate = (icmp_ln51_19)> <Delay = 0.00>
ST_1 : Operation 440 [1/1] (0.00ns) (grouped into LUT with out node and_ln52_39)   --->   "%tmp_96 = bitselect i1 @_ssdm_op_BitSelect.i1.i576.i32, i576 %layer5_out_read, i32 349" [firmware/nnet_utils/nnet_activation_stream.h:52]   --->   Operation 440 'bitselect' 'tmp_96' <Predicate = (icmp_ln51_19)> <Delay = 0.00>
ST_1 : Operation 441 [1/1] (0.00ns)   --->   "%zext_ln52_19 = zext i1 %tmp_95" [firmware/nnet_utils/nnet_activation_stream.h:52]   --->   Operation 441 'zext' 'zext_ln52_19' <Predicate = (icmp_ln51_19)> <Delay = 0.00>
ST_1 : Operation 442 [1/1] (1.82ns)   --->   "%add_ln52_19 = add i6 %trunc_ln52_18, i6 %zext_ln52_19" [firmware/nnet_utils/nnet_activation_stream.h:52]   --->   Operation 442 'add' 'add_ln52_19' <Predicate = (icmp_ln51_19)> <Delay = 1.82> <CoreInst = "Adder">   --->   Core 1 'Adder' <Latency = 0> <II = 1> <Delay = 1.82> <FuncUnit> <Opcode : 'add' 'sub'> <InPorts = 2> <OutPorts = 1>
ST_1 : Operation 443 [1/1] (0.00ns)   --->   "%tmp_97 = bitselect i1 @_ssdm_op_BitSelect.i1.i6.i32, i6 %add_ln52_19, i32 5" [firmware/nnet_utils/nnet_activation_stream.h:52]   --->   Operation 443 'bitselect' 'tmp_97' <Predicate = (icmp_ln51_19)> <Delay = 0.00>
ST_1 : Operation 444 [1/1] (0.00ns)   --->   "%tmp_98 = partselect i10 @_ssdm_op_PartSelect.i10.i576.i32.i32, i576 %layer5_out_read, i32 350, i32 359" [firmware/nnet_utils/nnet_activation_stream.h:52]   --->   Operation 444 'partselect' 'tmp_98' <Predicate = (icmp_ln51_19)> <Delay = 0.00>
ST_1 : Operation 445 [1/1] (1.73ns)   --->   "%icmp_ln52_19 = icmp_eq  i10 %tmp_98, i10 0" [firmware/nnet_utils/nnet_activation_stream.h:52]   --->   Operation 445 'icmp' 'icmp_ln52_19' <Predicate = (icmp_ln51_19)> <Delay = 1.73> <CoreInst = "Cmp">   --->   Core 9 'Cmp' <Latency = 0> <II = 1> <Delay = 1.73> <FuncUnit> <Opcode : 'seteq' 'setne' 'setle' 'setge' 'setlt' 'setgt'> <InPorts = 2> <OutPorts = 1>
ST_1 : Operation 446 [1/1] (0.00ns) (grouped into LUT with out node and_ln52_39)   --->   "%xor_ln52_57 = xor i1 %tmp_96, i1 1" [firmware/nnet_utils/nnet_activation_stream.h:52]   --->   Operation 446 'xor' 'xor_ln52_57' <Predicate = (icmp_ln51_19)> <Delay = 0.00> <CoreInst = "LogicGate">   --->   Core 74 'LogicGate' <Latency = 0> <II = 1> <Delay = 0.97> <FuncUnit> <Opcode : 'and' 'or' 'xor'> <InPorts = 2> <OutPorts = 1>
ST_1 : Operation 447 [1/1] (0.00ns) (grouped into LUT with out node and_ln52_39)   --->   "%or_ln52_57 = or i1 %tmp_97, i1 %xor_ln52_57" [firmware/nnet_utils/nnet_activation_stream.h:52]   --->   Operation 447 'or' 'or_ln52_57' <Predicate = (icmp_ln51_19)> <Delay = 0.00> <CoreInst = "LogicGate">   --->   Core 74 'LogicGate' <Latency = 0> <II = 1> <Delay = 0.97> <FuncUnit> <Opcode : 'and' 'or' 'xor'> <InPorts = 2> <OutPorts = 1>
ST_1 : Operation 448 [1/1] (0.00ns) (grouped into LUT with out node and_ln52_39)   --->   "%and_ln52_38 = and i1 %icmp_ln52_19, i1 %or_ln52_57" [firmware/nnet_utils/nnet_activation_stream.h:52]   --->   Operation 448 'and' 'and_ln52_38' <Predicate = (icmp_ln51_19)> <Delay = 0.00> <CoreInst = "LogicGate">   --->   Core 74 'LogicGate' <Latency = 0> <II = 1> <Delay = 0.97> <FuncUnit> <Opcode : 'and' 'or' 'xor'> <InPorts = 2> <OutPorts = 1>
ST_1 : Operation 449 [1/1] (0.00ns) (grouped into LUT with out node and_ln52_39)   --->   "%xor_ln52_58 = xor i1 %and_ln52_38, i1 1" [firmware/nnet_utils/nnet_activation_stream.h:52]   --->   Operation 449 'xor' 'xor_ln52_58' <Predicate = (icmp_ln51_19)> <Delay = 0.00> <CoreInst = "LogicGate">   --->   Core 74 'LogicGate' <Latency = 0> <II = 1> <Delay = 0.97> <FuncUnit> <Opcode : 'and' 'or' 'xor'> <InPorts = 2> <OutPorts = 1>
ST_1 : Operation 450 [1/1] (0.00ns) (grouped into LUT with out node and_ln52_39)   --->   "%or_ln52_58 = or i1 %tmp_97, i1 %xor_ln52_58" [firmware/nnet_utils/nnet_activation_stream.h:52]   --->   Operation 450 'or' 'or_ln52_58' <Predicate = (icmp_ln51_19)> <Delay = 0.00> <CoreInst = "LogicGate">   --->   Core 74 'LogicGate' <Latency = 0> <II = 1> <Delay = 0.97> <FuncUnit> <Opcode : 'and' 'or' 'xor'> <InPorts = 2> <OutPorts = 1>
ST_1 : Operation 451 [1/1] (0.00ns) (grouped into LUT with out node and_ln52_39)   --->   "%xor_ln52_59 = xor i1 %tmp_94, i1 1" [firmware/nnet_utils/nnet_activation_stream.h:52]   --->   Operation 451 'xor' 'xor_ln52_59' <Predicate = (icmp_ln51_19)> <Delay = 0.00> <CoreInst = "LogicGate">   --->   Core 74 'LogicGate' <Latency = 0> <II = 1> <Delay = 0.97> <FuncUnit> <Opcode : 'and' 'or' 'xor'> <InPorts = 2> <OutPorts = 1>
ST_1 : Operation 452 [1/1] (0.97ns) (out node of the LUT)   --->   "%and_ln52_39 = and i1 %or_ln52_58, i1 %xor_ln52_59" [firmware/nnet_utils/nnet_activation_stream.h:52]   --->   Operation 452 'and' 'and_ln52_39' <Predicate = (icmp_ln51_19)> <Delay = 0.97> <CoreInst = "LogicGate">   --->   Core 74 'LogicGate' <Latency = 0> <II = 1> <Delay = 0.97> <FuncUnit> <Opcode : 'and' 'or' 'xor'> <InPorts = 2> <OutPorts = 1>
ST_1 : Operation 453 [1/1] (0.00ns) (grouped into LUT with out node out_data_0_19_0_0_0_load)   --->   "%select_ln52_38 = select i1 %and_ln52_39, i6 31, i6 32" [firmware/nnet_utils/nnet_activation_stream.h:52]   --->   Operation 453 'select' 'select_ln52_38' <Predicate = (or_ln52_59 & icmp_ln51_19)> <Delay = 0.00> <CoreInst = "Sel">   --->   Core 73 'Sel' <Latency = 0> <II = 1> <Delay = 0.99> <FuncUnit> <Opcode : 'select'> <InPorts = 3> <OutPorts = 1>
ST_1 : Operation 454 [1/1] (0.00ns) (grouped into LUT with out node out_data_0_19_0_0_0_load)   --->   "%or_ln52_59 = or i1 %and_ln52_39, i1 %tmp_94" [firmware/nnet_utils/nnet_activation_stream.h:52]   --->   Operation 454 'or' 'or_ln52_59' <Predicate = (icmp_ln51_19)> <Delay = 0.00> <CoreInst = "LogicGate">   --->   Core 74 'LogicGate' <Latency = 0> <II = 1> <Delay = 0.97> <FuncUnit> <Opcode : 'and' 'or' 'xor'> <InPorts = 2> <OutPorts = 1>
ST_1 : Operation 455 [1/1] (0.00ns) (grouped into LUT with out node out_data_0_19_0_0_0_load)   --->   "%select_ln52_39 = select i1 %or_ln52_59, i6 %select_ln52_38, i6 %add_ln52_19" [firmware/nnet_utils/nnet_activation_stream.h:52]   --->   Operation 455 'select' 'select_ln52_39' <Predicate = (icmp_ln51_19)> <Delay = 0.00> <CoreInst = "Sel">   --->   Core 73 'Sel' <Latency = 0> <II = 1> <Delay = 1.18> <FuncUnit> <Opcode : 'select'> <InPorts = 3> <OutPorts = 1>
ST_1 : Operation 456 [1/1] (1.18ns) (out node of the LUT)   --->   "%out_data_0_19_0_0_0_load = select i1 %icmp_ln51_19, i6 %select_ln52_39, i6 0" [firmware/nnet_utils/nnet_activation_stream.h:51]   --->   Operation 456 'select' 'out_data_0_19_0_0_0_load' <Predicate = true> <Delay = 1.18> <CoreInst = "Sel">   --->   Core 73 'Sel' <Latency = 0> <II = 1> <Delay = 1.18> <FuncUnit> <Opcode : 'select'> <InPorts = 3> <OutPorts = 1>
ST_1 : Operation 457 [1/1] (2.13ns)   --->   "%icmp_ln51_20 = icmp_sgt  i18 %trunc_ln44_19, i18 0" [firmware/nnet_utils/nnet_activation_stream.h:51]   --->   Operation 457 'icmp' 'icmp_ln51_20' <Predicate = true> <Delay = 2.13> <CoreInst = "Cmp">   --->   Core 9 'Cmp' <Latency = 0> <II = 1> <Delay = 2.13> <FuncUnit> <Opcode : 'seteq' 'setne' 'setle' 'setge' 'setlt' 'setgt'> <InPorts = 2> <OutPorts = 1>
ST_1 : Operation 458 [1/1] (0.00ns)   --->   "%tmp_99 = bitselect i1 @_ssdm_op_BitSelect.i1.i576.i32, i576 %layer5_out_read, i32 377" [firmware/nnet_utils/nnet_activation_stream.h:52]   --->   Operation 458 'bitselect' 'tmp_99' <Predicate = (icmp_ln51_20)> <Delay = 0.00>
ST_1 : Operation 459 [1/1] (0.00ns)   --->   "%trunc_ln52_19 = partselect i6 @_ssdm_op_PartSelect.i6.i576.i32.i32, i576 %layer5_out_read, i32 362, i32 367" [firmware/nnet_utils/nnet_activation_stream.h:52]   --->   Operation 459 'partselect' 'trunc_ln52_19' <Predicate = (icmp_ln51_20)> <Delay = 0.00>
ST_1 : Operation 460 [1/1] (0.00ns)   --->   "%tmp_100 = bitselect i1 @_ssdm_op_BitSelect.i1.i576.i32, i576 %layer5_out_read, i32 361" [firmware/nnet_utils/nnet_activation_stream.h:52]   --->   Operation 460 'bitselect' 'tmp_100' <Predicate = (icmp_ln51_20)> <Delay = 0.00>
ST_1 : Operation 461 [1/1] (0.00ns) (grouped into LUT with out node and_ln52_41)   --->   "%tmp_101 = bitselect i1 @_ssdm_op_BitSelect.i1.i576.i32, i576 %layer5_out_read, i32 367" [firmware/nnet_utils/nnet_activation_stream.h:52]   --->   Operation 461 'bitselect' 'tmp_101' <Predicate = (icmp_ln51_20)> <Delay = 0.00>
ST_1 : Operation 462 [1/1] (0.00ns)   --->   "%zext_ln52_20 = zext i1 %tmp_100" [firmware/nnet_utils/nnet_activation_stream.h:52]   --->   Operation 462 'zext' 'zext_ln52_20' <Predicate = (icmp_ln51_20)> <Delay = 0.00>
ST_1 : Operation 463 [1/1] (1.82ns)   --->   "%add_ln52_20 = add i6 %trunc_ln52_19, i6 %zext_ln52_20" [firmware/nnet_utils/nnet_activation_stream.h:52]   --->   Operation 463 'add' 'add_ln52_20' <Predicate = (icmp_ln51_20)> <Delay = 1.82> <CoreInst = "Adder">   --->   Core 1 'Adder' <Latency = 0> <II = 1> <Delay = 1.82> <FuncUnit> <Opcode : 'add' 'sub'> <InPorts = 2> <OutPorts = 1>
ST_1 : Operation 464 [1/1] (0.00ns)   --->   "%tmp_102 = bitselect i1 @_ssdm_op_BitSelect.i1.i6.i32, i6 %add_ln52_20, i32 5" [firmware/nnet_utils/nnet_activation_stream.h:52]   --->   Operation 464 'bitselect' 'tmp_102' <Predicate = (icmp_ln51_20)> <Delay = 0.00>
ST_1 : Operation 465 [1/1] (0.00ns)   --->   "%tmp_103 = partselect i10 @_ssdm_op_PartSelect.i10.i576.i32.i32, i576 %layer5_out_read, i32 368, i32 377" [firmware/nnet_utils/nnet_activation_stream.h:52]   --->   Operation 465 'partselect' 'tmp_103' <Predicate = (icmp_ln51_20)> <Delay = 0.00>
ST_1 : Operation 466 [1/1] (1.73ns)   --->   "%icmp_ln52_20 = icmp_eq  i10 %tmp_103, i10 0" [firmware/nnet_utils/nnet_activation_stream.h:52]   --->   Operation 466 'icmp' 'icmp_ln52_20' <Predicate = (icmp_ln51_20)> <Delay = 1.73> <CoreInst = "Cmp">   --->   Core 9 'Cmp' <Latency = 0> <II = 1> <Delay = 1.73> <FuncUnit> <Opcode : 'seteq' 'setne' 'setle' 'setge' 'setlt' 'setgt'> <InPorts = 2> <OutPorts = 1>
ST_1 : Operation 467 [1/1] (0.00ns) (grouped into LUT with out node and_ln52_41)   --->   "%xor_ln52_60 = xor i1 %tmp_101, i1 1" [firmware/nnet_utils/nnet_activation_stream.h:52]   --->   Operation 467 'xor' 'xor_ln52_60' <Predicate = (icmp_ln51_20)> <Delay = 0.00> <CoreInst = "LogicGate">   --->   Core 74 'LogicGate' <Latency = 0> <II = 1> <Delay = 0.97> <FuncUnit> <Opcode : 'and' 'or' 'xor'> <InPorts = 2> <OutPorts = 1>
ST_1 : Operation 468 [1/1] (0.00ns) (grouped into LUT with out node and_ln52_41)   --->   "%or_ln52_60 = or i1 %tmp_102, i1 %xor_ln52_60" [firmware/nnet_utils/nnet_activation_stream.h:52]   --->   Operation 468 'or' 'or_ln52_60' <Predicate = (icmp_ln51_20)> <Delay = 0.00> <CoreInst = "LogicGate">   --->   Core 74 'LogicGate' <Latency = 0> <II = 1> <Delay = 0.97> <FuncUnit> <Opcode : 'and' 'or' 'xor'> <InPorts = 2> <OutPorts = 1>
ST_1 : Operation 469 [1/1] (0.00ns) (grouped into LUT with out node and_ln52_41)   --->   "%and_ln52_40 = and i1 %icmp_ln52_20, i1 %or_ln52_60" [firmware/nnet_utils/nnet_activation_stream.h:52]   --->   Operation 469 'and' 'and_ln52_40' <Predicate = (icmp_ln51_20)> <Delay = 0.00> <CoreInst = "LogicGate">   --->   Core 74 'LogicGate' <Latency = 0> <II = 1> <Delay = 0.97> <FuncUnit> <Opcode : 'and' 'or' 'xor'> <InPorts = 2> <OutPorts = 1>
ST_1 : Operation 470 [1/1] (0.00ns) (grouped into LUT with out node and_ln52_41)   --->   "%xor_ln52_61 = xor i1 %and_ln52_40, i1 1" [firmware/nnet_utils/nnet_activation_stream.h:52]   --->   Operation 470 'xor' 'xor_ln52_61' <Predicate = (icmp_ln51_20)> <Delay = 0.00> <CoreInst = "LogicGate">   --->   Core 74 'LogicGate' <Latency = 0> <II = 1> <Delay = 0.97> <FuncUnit> <Opcode : 'and' 'or' 'xor'> <InPorts = 2> <OutPorts = 1>
ST_1 : Operation 471 [1/1] (0.00ns) (grouped into LUT with out node and_ln52_41)   --->   "%or_ln52_61 = or i1 %tmp_102, i1 %xor_ln52_61" [firmware/nnet_utils/nnet_activation_stream.h:52]   --->   Operation 471 'or' 'or_ln52_61' <Predicate = (icmp_ln51_20)> <Delay = 0.00> <CoreInst = "LogicGate">   --->   Core 74 'LogicGate' <Latency = 0> <II = 1> <Delay = 0.97> <FuncUnit> <Opcode : 'and' 'or' 'xor'> <InPorts = 2> <OutPorts = 1>
ST_1 : Operation 472 [1/1] (0.00ns) (grouped into LUT with out node and_ln52_41)   --->   "%xor_ln52_62 = xor i1 %tmp_99, i1 1" [firmware/nnet_utils/nnet_activation_stream.h:52]   --->   Operation 472 'xor' 'xor_ln52_62' <Predicate = (icmp_ln51_20)> <Delay = 0.00> <CoreInst = "LogicGate">   --->   Core 74 'LogicGate' <Latency = 0> <II = 1> <Delay = 0.97> <FuncUnit> <Opcode : 'and' 'or' 'xor'> <InPorts = 2> <OutPorts = 1>
ST_1 : Operation 473 [1/1] (0.97ns) (out node of the LUT)   --->   "%and_ln52_41 = and i1 %or_ln52_61, i1 %xor_ln52_62" [firmware/nnet_utils/nnet_activation_stream.h:52]   --->   Operation 473 'and' 'and_ln52_41' <Predicate = (icmp_ln51_20)> <Delay = 0.97> <CoreInst = "LogicGate">   --->   Core 74 'LogicGate' <Latency = 0> <II = 1> <Delay = 0.97> <FuncUnit> <Opcode : 'and' 'or' 'xor'> <InPorts = 2> <OutPorts = 1>
ST_1 : Operation 474 [1/1] (0.00ns) (grouped into LUT with out node out_data_0_20_0_0_0_load)   --->   "%select_ln52_40 = select i1 %and_ln52_41, i6 31, i6 32" [firmware/nnet_utils/nnet_activation_stream.h:52]   --->   Operation 474 'select' 'select_ln52_40' <Predicate = (or_ln52_62 & icmp_ln51_20)> <Delay = 0.00> <CoreInst = "Sel">   --->   Core 73 'Sel' <Latency = 0> <II = 1> <Delay = 0.99> <FuncUnit> <Opcode : 'select'> <InPorts = 3> <OutPorts = 1>
ST_1 : Operation 475 [1/1] (0.00ns) (grouped into LUT with out node out_data_0_20_0_0_0_load)   --->   "%or_ln52_62 = or i1 %and_ln52_41, i1 %tmp_99" [firmware/nnet_utils/nnet_activation_stream.h:52]   --->   Operation 475 'or' 'or_ln52_62' <Predicate = (icmp_ln51_20)> <Delay = 0.00> <CoreInst = "LogicGate">   --->   Core 74 'LogicGate' <Latency = 0> <II = 1> <Delay = 0.97> <FuncUnit> <Opcode : 'and' 'or' 'xor'> <InPorts = 2> <OutPorts = 1>
ST_1 : Operation 476 [1/1] (0.00ns) (grouped into LUT with out node out_data_0_20_0_0_0_load)   --->   "%select_ln52_41 = select i1 %or_ln52_62, i6 %select_ln52_40, i6 %add_ln52_20" [firmware/nnet_utils/nnet_activation_stream.h:52]   --->   Operation 476 'select' 'select_ln52_41' <Predicate = (icmp_ln51_20)> <Delay = 0.00> <CoreInst = "Sel">   --->   Core 73 'Sel' <Latency = 0> <II = 1> <Delay = 1.18> <FuncUnit> <Opcode : 'select'> <InPorts = 3> <OutPorts = 1>
ST_1 : Operation 477 [1/1] (1.18ns) (out node of the LUT)   --->   "%out_data_0_20_0_0_0_load = select i1 %icmp_ln51_20, i6 %select_ln52_41, i6 0" [firmware/nnet_utils/nnet_activation_stream.h:51]   --->   Operation 477 'select' 'out_data_0_20_0_0_0_load' <Predicate = true> <Delay = 1.18> <CoreInst = "Sel">   --->   Core 73 'Sel' <Latency = 0> <II = 1> <Delay = 1.18> <FuncUnit> <Opcode : 'select'> <InPorts = 3> <OutPorts = 1>
ST_1 : Operation 478 [1/1] (2.13ns)   --->   "%icmp_ln51_21 = icmp_sgt  i18 %trunc_ln44_20, i18 0" [firmware/nnet_utils/nnet_activation_stream.h:51]   --->   Operation 478 'icmp' 'icmp_ln51_21' <Predicate = true> <Delay = 2.13> <CoreInst = "Cmp">   --->   Core 9 'Cmp' <Latency = 0> <II = 1> <Delay = 2.13> <FuncUnit> <Opcode : 'seteq' 'setne' 'setle' 'setge' 'setlt' 'setgt'> <InPorts = 2> <OutPorts = 1>
ST_1 : Operation 479 [1/1] (0.00ns)   --->   "%tmp_104 = bitselect i1 @_ssdm_op_BitSelect.i1.i576.i32, i576 %layer5_out_read, i32 395" [firmware/nnet_utils/nnet_activation_stream.h:52]   --->   Operation 479 'bitselect' 'tmp_104' <Predicate = (icmp_ln51_21)> <Delay = 0.00>
ST_1 : Operation 480 [1/1] (0.00ns)   --->   "%trunc_ln52_20 = partselect i6 @_ssdm_op_PartSelect.i6.i576.i32.i32, i576 %layer5_out_read, i32 380, i32 385" [firmware/nnet_utils/nnet_activation_stream.h:52]   --->   Operation 480 'partselect' 'trunc_ln52_20' <Predicate = (icmp_ln51_21)> <Delay = 0.00>
ST_1 : Operation 481 [1/1] (0.00ns)   --->   "%tmp_105 = bitselect i1 @_ssdm_op_BitSelect.i1.i576.i32, i576 %layer5_out_read, i32 379" [firmware/nnet_utils/nnet_activation_stream.h:52]   --->   Operation 481 'bitselect' 'tmp_105' <Predicate = (icmp_ln51_21)> <Delay = 0.00>
ST_1 : Operation 482 [1/1] (0.00ns) (grouped into LUT with out node and_ln52_43)   --->   "%tmp_106 = bitselect i1 @_ssdm_op_BitSelect.i1.i576.i32, i576 %layer5_out_read, i32 385" [firmware/nnet_utils/nnet_activation_stream.h:52]   --->   Operation 482 'bitselect' 'tmp_106' <Predicate = (icmp_ln51_21)> <Delay = 0.00>
ST_1 : Operation 483 [1/1] (0.00ns)   --->   "%zext_ln52_21 = zext i1 %tmp_105" [firmware/nnet_utils/nnet_activation_stream.h:52]   --->   Operation 483 'zext' 'zext_ln52_21' <Predicate = (icmp_ln51_21)> <Delay = 0.00>
ST_1 : Operation 484 [1/1] (1.82ns)   --->   "%add_ln52_21 = add i6 %trunc_ln52_20, i6 %zext_ln52_21" [firmware/nnet_utils/nnet_activation_stream.h:52]   --->   Operation 484 'add' 'add_ln52_21' <Predicate = (icmp_ln51_21)> <Delay = 1.82> <CoreInst = "Adder">   --->   Core 1 'Adder' <Latency = 0> <II = 1> <Delay = 1.82> <FuncUnit> <Opcode : 'add' 'sub'> <InPorts = 2> <OutPorts = 1>
ST_1 : Operation 485 [1/1] (0.00ns)   --->   "%tmp_107 = bitselect i1 @_ssdm_op_BitSelect.i1.i6.i32, i6 %add_ln52_21, i32 5" [firmware/nnet_utils/nnet_activation_stream.h:52]   --->   Operation 485 'bitselect' 'tmp_107' <Predicate = (icmp_ln51_21)> <Delay = 0.00>
ST_1 : Operation 486 [1/1] (0.00ns)   --->   "%tmp_108 = partselect i10 @_ssdm_op_PartSelect.i10.i576.i32.i32, i576 %layer5_out_read, i32 386, i32 395" [firmware/nnet_utils/nnet_activation_stream.h:52]   --->   Operation 486 'partselect' 'tmp_108' <Predicate = (icmp_ln51_21)> <Delay = 0.00>
ST_1 : Operation 487 [1/1] (1.73ns)   --->   "%icmp_ln52_21 = icmp_eq  i10 %tmp_108, i10 0" [firmware/nnet_utils/nnet_activation_stream.h:52]   --->   Operation 487 'icmp' 'icmp_ln52_21' <Predicate = (icmp_ln51_21)> <Delay = 1.73> <CoreInst = "Cmp">   --->   Core 9 'Cmp' <Latency = 0> <II = 1> <Delay = 1.73> <FuncUnit> <Opcode : 'seteq' 'setne' 'setle' 'setge' 'setlt' 'setgt'> <InPorts = 2> <OutPorts = 1>
ST_1 : Operation 488 [1/1] (0.00ns) (grouped into LUT with out node and_ln52_43)   --->   "%xor_ln52_63 = xor i1 %tmp_106, i1 1" [firmware/nnet_utils/nnet_activation_stream.h:52]   --->   Operation 488 'xor' 'xor_ln52_63' <Predicate = (icmp_ln51_21)> <Delay = 0.00> <CoreInst = "LogicGate">   --->   Core 74 'LogicGate' <Latency = 0> <II = 1> <Delay = 0.97> <FuncUnit> <Opcode : 'and' 'or' 'xor'> <InPorts = 2> <OutPorts = 1>
ST_1 : Operation 489 [1/1] (0.00ns) (grouped into LUT with out node and_ln52_43)   --->   "%or_ln52_63 = or i1 %tmp_107, i1 %xor_ln52_63" [firmware/nnet_utils/nnet_activation_stream.h:52]   --->   Operation 489 'or' 'or_ln52_63' <Predicate = (icmp_ln51_21)> <Delay = 0.00> <CoreInst = "LogicGate">   --->   Core 74 'LogicGate' <Latency = 0> <II = 1> <Delay = 0.97> <FuncUnit> <Opcode : 'and' 'or' 'xor'> <InPorts = 2> <OutPorts = 1>
ST_1 : Operation 490 [1/1] (0.00ns) (grouped into LUT with out node and_ln52_43)   --->   "%and_ln52_42 = and i1 %icmp_ln52_21, i1 %or_ln52_63" [firmware/nnet_utils/nnet_activation_stream.h:52]   --->   Operation 490 'and' 'and_ln52_42' <Predicate = (icmp_ln51_21)> <Delay = 0.00> <CoreInst = "LogicGate">   --->   Core 74 'LogicGate' <Latency = 0> <II = 1> <Delay = 0.97> <FuncUnit> <Opcode : 'and' 'or' 'xor'> <InPorts = 2> <OutPorts = 1>
ST_1 : Operation 491 [1/1] (0.00ns) (grouped into LUT with out node and_ln52_43)   --->   "%xor_ln52_64 = xor i1 %and_ln52_42, i1 1" [firmware/nnet_utils/nnet_activation_stream.h:52]   --->   Operation 491 'xor' 'xor_ln52_64' <Predicate = (icmp_ln51_21)> <Delay = 0.00> <CoreInst = "LogicGate">   --->   Core 74 'LogicGate' <Latency = 0> <II = 1> <Delay = 0.97> <FuncUnit> <Opcode : 'and' 'or' 'xor'> <InPorts = 2> <OutPorts = 1>
ST_1 : Operation 492 [1/1] (0.00ns) (grouped into LUT with out node and_ln52_43)   --->   "%or_ln52_64 = or i1 %tmp_107, i1 %xor_ln52_64" [firmware/nnet_utils/nnet_activation_stream.h:52]   --->   Operation 492 'or' 'or_ln52_64' <Predicate = (icmp_ln51_21)> <Delay = 0.00> <CoreInst = "LogicGate">   --->   Core 74 'LogicGate' <Latency = 0> <II = 1> <Delay = 0.97> <FuncUnit> <Opcode : 'and' 'or' 'xor'> <InPorts = 2> <OutPorts = 1>
ST_1 : Operation 493 [1/1] (0.00ns) (grouped into LUT with out node and_ln52_43)   --->   "%xor_ln52_65 = xor i1 %tmp_104, i1 1" [firmware/nnet_utils/nnet_activation_stream.h:52]   --->   Operation 493 'xor' 'xor_ln52_65' <Predicate = (icmp_ln51_21)> <Delay = 0.00> <CoreInst = "LogicGate">   --->   Core 74 'LogicGate' <Latency = 0> <II = 1> <Delay = 0.97> <FuncUnit> <Opcode : 'and' 'or' 'xor'> <InPorts = 2> <OutPorts = 1>
ST_1 : Operation 494 [1/1] (0.97ns) (out node of the LUT)   --->   "%and_ln52_43 = and i1 %or_ln52_64, i1 %xor_ln52_65" [firmware/nnet_utils/nnet_activation_stream.h:52]   --->   Operation 494 'and' 'and_ln52_43' <Predicate = (icmp_ln51_21)> <Delay = 0.97> <CoreInst = "LogicGate">   --->   Core 74 'LogicGate' <Latency = 0> <II = 1> <Delay = 0.97> <FuncUnit> <Opcode : 'and' 'or' 'xor'> <InPorts = 2> <OutPorts = 1>
ST_1 : Operation 495 [1/1] (0.00ns) (grouped into LUT with out node out_data_0_21_0_0_0_load)   --->   "%select_ln52_42 = select i1 %and_ln52_43, i6 31, i6 32" [firmware/nnet_utils/nnet_activation_stream.h:52]   --->   Operation 495 'select' 'select_ln52_42' <Predicate = (or_ln52_65 & icmp_ln51_21)> <Delay = 0.00> <CoreInst = "Sel">   --->   Core 73 'Sel' <Latency = 0> <II = 1> <Delay = 0.99> <FuncUnit> <Opcode : 'select'> <InPorts = 3> <OutPorts = 1>
ST_1 : Operation 496 [1/1] (0.00ns) (grouped into LUT with out node out_data_0_21_0_0_0_load)   --->   "%or_ln52_65 = or i1 %and_ln52_43, i1 %tmp_104" [firmware/nnet_utils/nnet_activation_stream.h:52]   --->   Operation 496 'or' 'or_ln52_65' <Predicate = (icmp_ln51_21)> <Delay = 0.00> <CoreInst = "LogicGate">   --->   Core 74 'LogicGate' <Latency = 0> <II = 1> <Delay = 0.97> <FuncUnit> <Opcode : 'and' 'or' 'xor'> <InPorts = 2> <OutPorts = 1>
ST_1 : Operation 497 [1/1] (0.00ns) (grouped into LUT with out node out_data_0_21_0_0_0_load)   --->   "%select_ln52_43 = select i1 %or_ln52_65, i6 %select_ln52_42, i6 %add_ln52_21" [firmware/nnet_utils/nnet_activation_stream.h:52]   --->   Operation 497 'select' 'select_ln52_43' <Predicate = (icmp_ln51_21)> <Delay = 0.00> <CoreInst = "Sel">   --->   Core 73 'Sel' <Latency = 0> <II = 1> <Delay = 1.18> <FuncUnit> <Opcode : 'select'> <InPorts = 3> <OutPorts = 1>
ST_1 : Operation 498 [1/1] (1.18ns) (out node of the LUT)   --->   "%out_data_0_21_0_0_0_load = select i1 %icmp_ln51_21, i6 %select_ln52_43, i6 0" [firmware/nnet_utils/nnet_activation_stream.h:51]   --->   Operation 498 'select' 'out_data_0_21_0_0_0_load' <Predicate = true> <Delay = 1.18> <CoreInst = "Sel">   --->   Core 73 'Sel' <Latency = 0> <II = 1> <Delay = 1.18> <FuncUnit> <Opcode : 'select'> <InPorts = 3> <OutPorts = 1>
ST_1 : Operation 499 [1/1] (2.13ns)   --->   "%icmp_ln51_22 = icmp_sgt  i18 %trunc_ln44_21, i18 0" [firmware/nnet_utils/nnet_activation_stream.h:51]   --->   Operation 499 'icmp' 'icmp_ln51_22' <Predicate = true> <Delay = 2.13> <CoreInst = "Cmp">   --->   Core 9 'Cmp' <Latency = 0> <II = 1> <Delay = 2.13> <FuncUnit> <Opcode : 'seteq' 'setne' 'setle' 'setge' 'setlt' 'setgt'> <InPorts = 2> <OutPorts = 1>
ST_1 : Operation 500 [1/1] (0.00ns)   --->   "%tmp_109 = bitselect i1 @_ssdm_op_BitSelect.i1.i576.i32, i576 %layer5_out_read, i32 413" [firmware/nnet_utils/nnet_activation_stream.h:52]   --->   Operation 500 'bitselect' 'tmp_109' <Predicate = (icmp_ln51_22)> <Delay = 0.00>
ST_1 : Operation 501 [1/1] (0.00ns)   --->   "%trunc_ln52_21 = partselect i6 @_ssdm_op_PartSelect.i6.i576.i32.i32, i576 %layer5_out_read, i32 398, i32 403" [firmware/nnet_utils/nnet_activation_stream.h:52]   --->   Operation 501 'partselect' 'trunc_ln52_21' <Predicate = (icmp_ln51_22)> <Delay = 0.00>
ST_1 : Operation 502 [1/1] (0.00ns)   --->   "%tmp_110 = bitselect i1 @_ssdm_op_BitSelect.i1.i576.i32, i576 %layer5_out_read, i32 397" [firmware/nnet_utils/nnet_activation_stream.h:52]   --->   Operation 502 'bitselect' 'tmp_110' <Predicate = (icmp_ln51_22)> <Delay = 0.00>
ST_1 : Operation 503 [1/1] (0.00ns) (grouped into LUT with out node and_ln52_45)   --->   "%tmp_111 = bitselect i1 @_ssdm_op_BitSelect.i1.i576.i32, i576 %layer5_out_read, i32 403" [firmware/nnet_utils/nnet_activation_stream.h:52]   --->   Operation 503 'bitselect' 'tmp_111' <Predicate = (icmp_ln51_22)> <Delay = 0.00>
ST_1 : Operation 504 [1/1] (0.00ns)   --->   "%zext_ln52_22 = zext i1 %tmp_110" [firmware/nnet_utils/nnet_activation_stream.h:52]   --->   Operation 504 'zext' 'zext_ln52_22' <Predicate = (icmp_ln51_22)> <Delay = 0.00>
ST_1 : Operation 505 [1/1] (1.82ns)   --->   "%add_ln52_22 = add i6 %trunc_ln52_21, i6 %zext_ln52_22" [firmware/nnet_utils/nnet_activation_stream.h:52]   --->   Operation 505 'add' 'add_ln52_22' <Predicate = (icmp_ln51_22)> <Delay = 1.82> <CoreInst = "Adder">   --->   Core 1 'Adder' <Latency = 0> <II = 1> <Delay = 1.82> <FuncUnit> <Opcode : 'add' 'sub'> <InPorts = 2> <OutPorts = 1>
ST_1 : Operation 506 [1/1] (0.00ns)   --->   "%tmp_112 = bitselect i1 @_ssdm_op_BitSelect.i1.i6.i32, i6 %add_ln52_22, i32 5" [firmware/nnet_utils/nnet_activation_stream.h:52]   --->   Operation 506 'bitselect' 'tmp_112' <Predicate = (icmp_ln51_22)> <Delay = 0.00>
ST_1 : Operation 507 [1/1] (0.00ns)   --->   "%tmp_113 = partselect i10 @_ssdm_op_PartSelect.i10.i576.i32.i32, i576 %layer5_out_read, i32 404, i32 413" [firmware/nnet_utils/nnet_activation_stream.h:52]   --->   Operation 507 'partselect' 'tmp_113' <Predicate = (icmp_ln51_22)> <Delay = 0.00>
ST_1 : Operation 508 [1/1] (1.73ns)   --->   "%icmp_ln52_22 = icmp_eq  i10 %tmp_113, i10 0" [firmware/nnet_utils/nnet_activation_stream.h:52]   --->   Operation 508 'icmp' 'icmp_ln52_22' <Predicate = (icmp_ln51_22)> <Delay = 1.73> <CoreInst = "Cmp">   --->   Core 9 'Cmp' <Latency = 0> <II = 1> <Delay = 1.73> <FuncUnit> <Opcode : 'seteq' 'setne' 'setle' 'setge' 'setlt' 'setgt'> <InPorts = 2> <OutPorts = 1>
ST_1 : Operation 509 [1/1] (0.00ns) (grouped into LUT with out node and_ln52_45)   --->   "%xor_ln52_66 = xor i1 %tmp_111, i1 1" [firmware/nnet_utils/nnet_activation_stream.h:52]   --->   Operation 509 'xor' 'xor_ln52_66' <Predicate = (icmp_ln51_22)> <Delay = 0.00> <CoreInst = "LogicGate">   --->   Core 74 'LogicGate' <Latency = 0> <II = 1> <Delay = 0.97> <FuncUnit> <Opcode : 'and' 'or' 'xor'> <InPorts = 2> <OutPorts = 1>
ST_1 : Operation 510 [1/1] (0.00ns) (grouped into LUT with out node and_ln52_45)   --->   "%or_ln52_66 = or i1 %tmp_112, i1 %xor_ln52_66" [firmware/nnet_utils/nnet_activation_stream.h:52]   --->   Operation 510 'or' 'or_ln52_66' <Predicate = (icmp_ln51_22)> <Delay = 0.00> <CoreInst = "LogicGate">   --->   Core 74 'LogicGate' <Latency = 0> <II = 1> <Delay = 0.97> <FuncUnit> <Opcode : 'and' 'or' 'xor'> <InPorts = 2> <OutPorts = 1>
ST_1 : Operation 511 [1/1] (0.00ns) (grouped into LUT with out node and_ln52_45)   --->   "%and_ln52_44 = and i1 %icmp_ln52_22, i1 %or_ln52_66" [firmware/nnet_utils/nnet_activation_stream.h:52]   --->   Operation 511 'and' 'and_ln52_44' <Predicate = (icmp_ln51_22)> <Delay = 0.00> <CoreInst = "LogicGate">   --->   Core 74 'LogicGate' <Latency = 0> <II = 1> <Delay = 0.97> <FuncUnit> <Opcode : 'and' 'or' 'xor'> <InPorts = 2> <OutPorts = 1>
ST_1 : Operation 512 [1/1] (0.00ns) (grouped into LUT with out node and_ln52_45)   --->   "%xor_ln52_67 = xor i1 %and_ln52_44, i1 1" [firmware/nnet_utils/nnet_activation_stream.h:52]   --->   Operation 512 'xor' 'xor_ln52_67' <Predicate = (icmp_ln51_22)> <Delay = 0.00> <CoreInst = "LogicGate">   --->   Core 74 'LogicGate' <Latency = 0> <II = 1> <Delay = 0.97> <FuncUnit> <Opcode : 'and' 'or' 'xor'> <InPorts = 2> <OutPorts = 1>
ST_1 : Operation 513 [1/1] (0.00ns) (grouped into LUT with out node and_ln52_45)   --->   "%or_ln52_67 = or i1 %tmp_112, i1 %xor_ln52_67" [firmware/nnet_utils/nnet_activation_stream.h:52]   --->   Operation 513 'or' 'or_ln52_67' <Predicate = (icmp_ln51_22)> <Delay = 0.00> <CoreInst = "LogicGate">   --->   Core 74 'LogicGate' <Latency = 0> <II = 1> <Delay = 0.97> <FuncUnit> <Opcode : 'and' 'or' 'xor'> <InPorts = 2> <OutPorts = 1>
ST_1 : Operation 514 [1/1] (0.00ns) (grouped into LUT with out node and_ln52_45)   --->   "%xor_ln52_68 = xor i1 %tmp_109, i1 1" [firmware/nnet_utils/nnet_activation_stream.h:52]   --->   Operation 514 'xor' 'xor_ln52_68' <Predicate = (icmp_ln51_22)> <Delay = 0.00> <CoreInst = "LogicGate">   --->   Core 74 'LogicGate' <Latency = 0> <II = 1> <Delay = 0.97> <FuncUnit> <Opcode : 'and' 'or' 'xor'> <InPorts = 2> <OutPorts = 1>
ST_1 : Operation 515 [1/1] (0.97ns) (out node of the LUT)   --->   "%and_ln52_45 = and i1 %or_ln52_67, i1 %xor_ln52_68" [firmware/nnet_utils/nnet_activation_stream.h:52]   --->   Operation 515 'and' 'and_ln52_45' <Predicate = (icmp_ln51_22)> <Delay = 0.97> <CoreInst = "LogicGate">   --->   Core 74 'LogicGate' <Latency = 0> <II = 1> <Delay = 0.97> <FuncUnit> <Opcode : 'and' 'or' 'xor'> <InPorts = 2> <OutPorts = 1>
ST_1 : Operation 516 [1/1] (0.00ns) (grouped into LUT with out node out_data_0_22_0_0_0_load)   --->   "%select_ln52_44 = select i1 %and_ln52_45, i6 31, i6 32" [firmware/nnet_utils/nnet_activation_stream.h:52]   --->   Operation 516 'select' 'select_ln52_44' <Predicate = (or_ln52_68 & icmp_ln51_22)> <Delay = 0.00> <CoreInst = "Sel">   --->   Core 73 'Sel' <Latency = 0> <II = 1> <Delay = 0.99> <FuncUnit> <Opcode : 'select'> <InPorts = 3> <OutPorts = 1>
ST_1 : Operation 517 [1/1] (0.00ns) (grouped into LUT with out node out_data_0_22_0_0_0_load)   --->   "%or_ln52_68 = or i1 %and_ln52_45, i1 %tmp_109" [firmware/nnet_utils/nnet_activation_stream.h:52]   --->   Operation 517 'or' 'or_ln52_68' <Predicate = (icmp_ln51_22)> <Delay = 0.00> <CoreInst = "LogicGate">   --->   Core 74 'LogicGate' <Latency = 0> <II = 1> <Delay = 0.97> <FuncUnit> <Opcode : 'and' 'or' 'xor'> <InPorts = 2> <OutPorts = 1>
ST_1 : Operation 518 [1/1] (0.00ns) (grouped into LUT with out node out_data_0_22_0_0_0_load)   --->   "%select_ln52_45 = select i1 %or_ln52_68, i6 %select_ln52_44, i6 %add_ln52_22" [firmware/nnet_utils/nnet_activation_stream.h:52]   --->   Operation 518 'select' 'select_ln52_45' <Predicate = (icmp_ln51_22)> <Delay = 0.00> <CoreInst = "Sel">   --->   Core 73 'Sel' <Latency = 0> <II = 1> <Delay = 1.18> <FuncUnit> <Opcode : 'select'> <InPorts = 3> <OutPorts = 1>
ST_1 : Operation 519 [1/1] (1.18ns) (out node of the LUT)   --->   "%out_data_0_22_0_0_0_load = select i1 %icmp_ln51_22, i6 %select_ln52_45, i6 0" [firmware/nnet_utils/nnet_activation_stream.h:51]   --->   Operation 519 'select' 'out_data_0_22_0_0_0_load' <Predicate = true> <Delay = 1.18> <CoreInst = "Sel">   --->   Core 73 'Sel' <Latency = 0> <II = 1> <Delay = 1.18> <FuncUnit> <Opcode : 'select'> <InPorts = 3> <OutPorts = 1>
ST_1 : Operation 520 [1/1] (2.13ns)   --->   "%icmp_ln51_23 = icmp_sgt  i18 %trunc_ln44_22, i18 0" [firmware/nnet_utils/nnet_activation_stream.h:51]   --->   Operation 520 'icmp' 'icmp_ln51_23' <Predicate = true> <Delay = 2.13> <CoreInst = "Cmp">   --->   Core 9 'Cmp' <Latency = 0> <II = 1> <Delay = 2.13> <FuncUnit> <Opcode : 'seteq' 'setne' 'setle' 'setge' 'setlt' 'setgt'> <InPorts = 2> <OutPorts = 1>
ST_1 : Operation 521 [1/1] (0.00ns)   --->   "%tmp_114 = bitselect i1 @_ssdm_op_BitSelect.i1.i576.i32, i576 %layer5_out_read, i32 431" [firmware/nnet_utils/nnet_activation_stream.h:52]   --->   Operation 521 'bitselect' 'tmp_114' <Predicate = (icmp_ln51_23)> <Delay = 0.00>
ST_1 : Operation 522 [1/1] (0.00ns)   --->   "%trunc_ln52_22 = partselect i6 @_ssdm_op_PartSelect.i6.i576.i32.i32, i576 %layer5_out_read, i32 416, i32 421" [firmware/nnet_utils/nnet_activation_stream.h:52]   --->   Operation 522 'partselect' 'trunc_ln52_22' <Predicate = (icmp_ln51_23)> <Delay = 0.00>
ST_1 : Operation 523 [1/1] (0.00ns)   --->   "%tmp_115 = bitselect i1 @_ssdm_op_BitSelect.i1.i576.i32, i576 %layer5_out_read, i32 415" [firmware/nnet_utils/nnet_activation_stream.h:52]   --->   Operation 523 'bitselect' 'tmp_115' <Predicate = (icmp_ln51_23)> <Delay = 0.00>
ST_1 : Operation 524 [1/1] (0.00ns) (grouped into LUT with out node and_ln52_47)   --->   "%tmp_116 = bitselect i1 @_ssdm_op_BitSelect.i1.i576.i32, i576 %layer5_out_read, i32 421" [firmware/nnet_utils/nnet_activation_stream.h:52]   --->   Operation 524 'bitselect' 'tmp_116' <Predicate = (icmp_ln51_23)> <Delay = 0.00>
ST_1 : Operation 525 [1/1] (0.00ns)   --->   "%zext_ln52_23 = zext i1 %tmp_115" [firmware/nnet_utils/nnet_activation_stream.h:52]   --->   Operation 525 'zext' 'zext_ln52_23' <Predicate = (icmp_ln51_23)> <Delay = 0.00>
ST_1 : Operation 526 [1/1] (1.82ns)   --->   "%add_ln52_23 = add i6 %trunc_ln52_22, i6 %zext_ln52_23" [firmware/nnet_utils/nnet_activation_stream.h:52]   --->   Operation 526 'add' 'add_ln52_23' <Predicate = (icmp_ln51_23)> <Delay = 1.82> <CoreInst = "Adder">   --->   Core 1 'Adder' <Latency = 0> <II = 1> <Delay = 1.82> <FuncUnit> <Opcode : 'add' 'sub'> <InPorts = 2> <OutPorts = 1>
ST_1 : Operation 527 [1/1] (0.00ns)   --->   "%tmp_117 = bitselect i1 @_ssdm_op_BitSelect.i1.i6.i32, i6 %add_ln52_23, i32 5" [firmware/nnet_utils/nnet_activation_stream.h:52]   --->   Operation 527 'bitselect' 'tmp_117' <Predicate = (icmp_ln51_23)> <Delay = 0.00>
ST_1 : Operation 528 [1/1] (0.00ns)   --->   "%tmp_118 = partselect i10 @_ssdm_op_PartSelect.i10.i576.i32.i32, i576 %layer5_out_read, i32 422, i32 431" [firmware/nnet_utils/nnet_activation_stream.h:52]   --->   Operation 528 'partselect' 'tmp_118' <Predicate = (icmp_ln51_23)> <Delay = 0.00>
ST_1 : Operation 529 [1/1] (1.73ns)   --->   "%icmp_ln52_23 = icmp_eq  i10 %tmp_118, i10 0" [firmware/nnet_utils/nnet_activation_stream.h:52]   --->   Operation 529 'icmp' 'icmp_ln52_23' <Predicate = (icmp_ln51_23)> <Delay = 1.73> <CoreInst = "Cmp">   --->   Core 9 'Cmp' <Latency = 0> <II = 1> <Delay = 1.73> <FuncUnit> <Opcode : 'seteq' 'setne' 'setle' 'setge' 'setlt' 'setgt'> <InPorts = 2> <OutPorts = 1>
ST_1 : Operation 530 [1/1] (0.00ns) (grouped into LUT with out node and_ln52_47)   --->   "%xor_ln52_69 = xor i1 %tmp_116, i1 1" [firmware/nnet_utils/nnet_activation_stream.h:52]   --->   Operation 530 'xor' 'xor_ln52_69' <Predicate = (icmp_ln51_23)> <Delay = 0.00> <CoreInst = "LogicGate">   --->   Core 74 'LogicGate' <Latency = 0> <II = 1> <Delay = 0.97> <FuncUnit> <Opcode : 'and' 'or' 'xor'> <InPorts = 2> <OutPorts = 1>
ST_1 : Operation 531 [1/1] (0.00ns) (grouped into LUT with out node and_ln52_47)   --->   "%or_ln52_69 = or i1 %tmp_117, i1 %xor_ln52_69" [firmware/nnet_utils/nnet_activation_stream.h:52]   --->   Operation 531 'or' 'or_ln52_69' <Predicate = (icmp_ln51_23)> <Delay = 0.00> <CoreInst = "LogicGate">   --->   Core 74 'LogicGate' <Latency = 0> <II = 1> <Delay = 0.97> <FuncUnit> <Opcode : 'and' 'or' 'xor'> <InPorts = 2> <OutPorts = 1>
ST_1 : Operation 532 [1/1] (0.00ns) (grouped into LUT with out node and_ln52_47)   --->   "%and_ln52_46 = and i1 %icmp_ln52_23, i1 %or_ln52_69" [firmware/nnet_utils/nnet_activation_stream.h:52]   --->   Operation 532 'and' 'and_ln52_46' <Predicate = (icmp_ln51_23)> <Delay = 0.00> <CoreInst = "LogicGate">   --->   Core 74 'LogicGate' <Latency = 0> <II = 1> <Delay = 0.97> <FuncUnit> <Opcode : 'and' 'or' 'xor'> <InPorts = 2> <OutPorts = 1>
ST_1 : Operation 533 [1/1] (0.00ns) (grouped into LUT with out node and_ln52_47)   --->   "%xor_ln52_70 = xor i1 %and_ln52_46, i1 1" [firmware/nnet_utils/nnet_activation_stream.h:52]   --->   Operation 533 'xor' 'xor_ln52_70' <Predicate = (icmp_ln51_23)> <Delay = 0.00> <CoreInst = "LogicGate">   --->   Core 74 'LogicGate' <Latency = 0> <II = 1> <Delay = 0.97> <FuncUnit> <Opcode : 'and' 'or' 'xor'> <InPorts = 2> <OutPorts = 1>
ST_1 : Operation 534 [1/1] (0.00ns) (grouped into LUT with out node and_ln52_47)   --->   "%or_ln52_70 = or i1 %tmp_117, i1 %xor_ln52_70" [firmware/nnet_utils/nnet_activation_stream.h:52]   --->   Operation 534 'or' 'or_ln52_70' <Predicate = (icmp_ln51_23)> <Delay = 0.00> <CoreInst = "LogicGate">   --->   Core 74 'LogicGate' <Latency = 0> <II = 1> <Delay = 0.97> <FuncUnit> <Opcode : 'and' 'or' 'xor'> <InPorts = 2> <OutPorts = 1>
ST_1 : Operation 535 [1/1] (0.00ns) (grouped into LUT with out node and_ln52_47)   --->   "%xor_ln52_71 = xor i1 %tmp_114, i1 1" [firmware/nnet_utils/nnet_activation_stream.h:52]   --->   Operation 535 'xor' 'xor_ln52_71' <Predicate = (icmp_ln51_23)> <Delay = 0.00> <CoreInst = "LogicGate">   --->   Core 74 'LogicGate' <Latency = 0> <II = 1> <Delay = 0.97> <FuncUnit> <Opcode : 'and' 'or' 'xor'> <InPorts = 2> <OutPorts = 1>
ST_1 : Operation 536 [1/1] (0.97ns) (out node of the LUT)   --->   "%and_ln52_47 = and i1 %or_ln52_70, i1 %xor_ln52_71" [firmware/nnet_utils/nnet_activation_stream.h:52]   --->   Operation 536 'and' 'and_ln52_47' <Predicate = (icmp_ln51_23)> <Delay = 0.97> <CoreInst = "LogicGate">   --->   Core 74 'LogicGate' <Latency = 0> <II = 1> <Delay = 0.97> <FuncUnit> <Opcode : 'and' 'or' 'xor'> <InPorts = 2> <OutPorts = 1>
ST_1 : Operation 537 [1/1] (0.00ns) (grouped into LUT with out node out_data_0_23_0_0_0_load)   --->   "%select_ln52_46 = select i1 %and_ln52_47, i6 31, i6 32" [firmware/nnet_utils/nnet_activation_stream.h:52]   --->   Operation 537 'select' 'select_ln52_46' <Predicate = (or_ln52_71 & icmp_ln51_23)> <Delay = 0.00> <CoreInst = "Sel">   --->   Core 73 'Sel' <Latency = 0> <II = 1> <Delay = 0.99> <FuncUnit> <Opcode : 'select'> <InPorts = 3> <OutPorts = 1>
ST_1 : Operation 538 [1/1] (0.00ns) (grouped into LUT with out node out_data_0_23_0_0_0_load)   --->   "%or_ln52_71 = or i1 %and_ln52_47, i1 %tmp_114" [firmware/nnet_utils/nnet_activation_stream.h:52]   --->   Operation 538 'or' 'or_ln52_71' <Predicate = (icmp_ln51_23)> <Delay = 0.00> <CoreInst = "LogicGate">   --->   Core 74 'LogicGate' <Latency = 0> <II = 1> <Delay = 0.97> <FuncUnit> <Opcode : 'and' 'or' 'xor'> <InPorts = 2> <OutPorts = 1>
ST_1 : Operation 539 [1/1] (0.00ns) (grouped into LUT with out node out_data_0_23_0_0_0_load)   --->   "%select_ln52_47 = select i1 %or_ln52_71, i6 %select_ln52_46, i6 %add_ln52_23" [firmware/nnet_utils/nnet_activation_stream.h:52]   --->   Operation 539 'select' 'select_ln52_47' <Predicate = (icmp_ln51_23)> <Delay = 0.00> <CoreInst = "Sel">   --->   Core 73 'Sel' <Latency = 0> <II = 1> <Delay = 1.18> <FuncUnit> <Opcode : 'select'> <InPorts = 3> <OutPorts = 1>
ST_1 : Operation 540 [1/1] (1.18ns) (out node of the LUT)   --->   "%out_data_0_23_0_0_0_load = select i1 %icmp_ln51_23, i6 %select_ln52_47, i6 0" [firmware/nnet_utils/nnet_activation_stream.h:51]   --->   Operation 540 'select' 'out_data_0_23_0_0_0_load' <Predicate = true> <Delay = 1.18> <CoreInst = "Sel">   --->   Core 73 'Sel' <Latency = 0> <II = 1> <Delay = 1.18> <FuncUnit> <Opcode : 'select'> <InPorts = 3> <OutPorts = 1>
ST_1 : Operation 541 [1/1] (2.13ns)   --->   "%icmp_ln51_24 = icmp_sgt  i18 %trunc_ln44_23, i18 0" [firmware/nnet_utils/nnet_activation_stream.h:51]   --->   Operation 541 'icmp' 'icmp_ln51_24' <Predicate = true> <Delay = 2.13> <CoreInst = "Cmp">   --->   Core 9 'Cmp' <Latency = 0> <II = 1> <Delay = 2.13> <FuncUnit> <Opcode : 'seteq' 'setne' 'setle' 'setge' 'setlt' 'setgt'> <InPorts = 2> <OutPorts = 1>
ST_1 : Operation 542 [1/1] (0.00ns)   --->   "%tmp_119 = bitselect i1 @_ssdm_op_BitSelect.i1.i576.i32, i576 %layer5_out_read, i32 449" [firmware/nnet_utils/nnet_activation_stream.h:52]   --->   Operation 542 'bitselect' 'tmp_119' <Predicate = (icmp_ln51_24)> <Delay = 0.00>
ST_1 : Operation 543 [1/1] (0.00ns)   --->   "%trunc_ln52_23 = partselect i6 @_ssdm_op_PartSelect.i6.i576.i32.i32, i576 %layer5_out_read, i32 434, i32 439" [firmware/nnet_utils/nnet_activation_stream.h:52]   --->   Operation 543 'partselect' 'trunc_ln52_23' <Predicate = (icmp_ln51_24)> <Delay = 0.00>
ST_1 : Operation 544 [1/1] (0.00ns)   --->   "%tmp_120 = bitselect i1 @_ssdm_op_BitSelect.i1.i576.i32, i576 %layer5_out_read, i32 433" [firmware/nnet_utils/nnet_activation_stream.h:52]   --->   Operation 544 'bitselect' 'tmp_120' <Predicate = (icmp_ln51_24)> <Delay = 0.00>
ST_1 : Operation 545 [1/1] (0.00ns) (grouped into LUT with out node and_ln52_49)   --->   "%tmp_121 = bitselect i1 @_ssdm_op_BitSelect.i1.i576.i32, i576 %layer5_out_read, i32 439" [firmware/nnet_utils/nnet_activation_stream.h:52]   --->   Operation 545 'bitselect' 'tmp_121' <Predicate = (icmp_ln51_24)> <Delay = 0.00>
ST_1 : Operation 546 [1/1] (0.00ns)   --->   "%zext_ln52_24 = zext i1 %tmp_120" [firmware/nnet_utils/nnet_activation_stream.h:52]   --->   Operation 546 'zext' 'zext_ln52_24' <Predicate = (icmp_ln51_24)> <Delay = 0.00>
ST_1 : Operation 547 [1/1] (1.82ns)   --->   "%add_ln52_24 = add i6 %trunc_ln52_23, i6 %zext_ln52_24" [firmware/nnet_utils/nnet_activation_stream.h:52]   --->   Operation 547 'add' 'add_ln52_24' <Predicate = (icmp_ln51_24)> <Delay = 1.82> <CoreInst = "Adder">   --->   Core 1 'Adder' <Latency = 0> <II = 1> <Delay = 1.82> <FuncUnit> <Opcode : 'add' 'sub'> <InPorts = 2> <OutPorts = 1>
ST_1 : Operation 548 [1/1] (0.00ns)   --->   "%tmp_122 = bitselect i1 @_ssdm_op_BitSelect.i1.i6.i32, i6 %add_ln52_24, i32 5" [firmware/nnet_utils/nnet_activation_stream.h:52]   --->   Operation 548 'bitselect' 'tmp_122' <Predicate = (icmp_ln51_24)> <Delay = 0.00>
ST_1 : Operation 549 [1/1] (0.00ns)   --->   "%tmp_123 = partselect i10 @_ssdm_op_PartSelect.i10.i576.i32.i32, i576 %layer5_out_read, i32 440, i32 449" [firmware/nnet_utils/nnet_activation_stream.h:52]   --->   Operation 549 'partselect' 'tmp_123' <Predicate = (icmp_ln51_24)> <Delay = 0.00>
ST_1 : Operation 550 [1/1] (1.73ns)   --->   "%icmp_ln52_24 = icmp_eq  i10 %tmp_123, i10 0" [firmware/nnet_utils/nnet_activation_stream.h:52]   --->   Operation 550 'icmp' 'icmp_ln52_24' <Predicate = (icmp_ln51_24)> <Delay = 1.73> <CoreInst = "Cmp">   --->   Core 9 'Cmp' <Latency = 0> <II = 1> <Delay = 1.73> <FuncUnit> <Opcode : 'seteq' 'setne' 'setle' 'setge' 'setlt' 'setgt'> <InPorts = 2> <OutPorts = 1>
ST_1 : Operation 551 [1/1] (0.00ns) (grouped into LUT with out node and_ln52_49)   --->   "%xor_ln52_72 = xor i1 %tmp_121, i1 1" [firmware/nnet_utils/nnet_activation_stream.h:52]   --->   Operation 551 'xor' 'xor_ln52_72' <Predicate = (icmp_ln51_24)> <Delay = 0.00> <CoreInst = "LogicGate">   --->   Core 74 'LogicGate' <Latency = 0> <II = 1> <Delay = 0.97> <FuncUnit> <Opcode : 'and' 'or' 'xor'> <InPorts = 2> <OutPorts = 1>
ST_1 : Operation 552 [1/1] (0.00ns) (grouped into LUT with out node and_ln52_49)   --->   "%or_ln52_72 = or i1 %tmp_122, i1 %xor_ln52_72" [firmware/nnet_utils/nnet_activation_stream.h:52]   --->   Operation 552 'or' 'or_ln52_72' <Predicate = (icmp_ln51_24)> <Delay = 0.00> <CoreInst = "LogicGate">   --->   Core 74 'LogicGate' <Latency = 0> <II = 1> <Delay = 0.97> <FuncUnit> <Opcode : 'and' 'or' 'xor'> <InPorts = 2> <OutPorts = 1>
ST_1 : Operation 553 [1/1] (0.00ns) (grouped into LUT with out node and_ln52_49)   --->   "%and_ln52_48 = and i1 %icmp_ln52_24, i1 %or_ln52_72" [firmware/nnet_utils/nnet_activation_stream.h:52]   --->   Operation 553 'and' 'and_ln52_48' <Predicate = (icmp_ln51_24)> <Delay = 0.00> <CoreInst = "LogicGate">   --->   Core 74 'LogicGate' <Latency = 0> <II = 1> <Delay = 0.97> <FuncUnit> <Opcode : 'and' 'or' 'xor'> <InPorts = 2> <OutPorts = 1>
ST_1 : Operation 554 [1/1] (0.00ns) (grouped into LUT with out node and_ln52_49)   --->   "%xor_ln52_73 = xor i1 %and_ln52_48, i1 1" [firmware/nnet_utils/nnet_activation_stream.h:52]   --->   Operation 554 'xor' 'xor_ln52_73' <Predicate = (icmp_ln51_24)> <Delay = 0.00> <CoreInst = "LogicGate">   --->   Core 74 'LogicGate' <Latency = 0> <II = 1> <Delay = 0.97> <FuncUnit> <Opcode : 'and' 'or' 'xor'> <InPorts = 2> <OutPorts = 1>
ST_1 : Operation 555 [1/1] (0.00ns) (grouped into LUT with out node and_ln52_49)   --->   "%or_ln52_73 = or i1 %tmp_122, i1 %xor_ln52_73" [firmware/nnet_utils/nnet_activation_stream.h:52]   --->   Operation 555 'or' 'or_ln52_73' <Predicate = (icmp_ln51_24)> <Delay = 0.00> <CoreInst = "LogicGate">   --->   Core 74 'LogicGate' <Latency = 0> <II = 1> <Delay = 0.97> <FuncUnit> <Opcode : 'and' 'or' 'xor'> <InPorts = 2> <OutPorts = 1>
ST_1 : Operation 556 [1/1] (0.00ns) (grouped into LUT with out node and_ln52_49)   --->   "%xor_ln52_74 = xor i1 %tmp_119, i1 1" [firmware/nnet_utils/nnet_activation_stream.h:52]   --->   Operation 556 'xor' 'xor_ln52_74' <Predicate = (icmp_ln51_24)> <Delay = 0.00> <CoreInst = "LogicGate">   --->   Core 74 'LogicGate' <Latency = 0> <II = 1> <Delay = 0.97> <FuncUnit> <Opcode : 'and' 'or' 'xor'> <InPorts = 2> <OutPorts = 1>
ST_1 : Operation 557 [1/1] (0.97ns) (out node of the LUT)   --->   "%and_ln52_49 = and i1 %or_ln52_73, i1 %xor_ln52_74" [firmware/nnet_utils/nnet_activation_stream.h:52]   --->   Operation 557 'and' 'and_ln52_49' <Predicate = (icmp_ln51_24)> <Delay = 0.97> <CoreInst = "LogicGate">   --->   Core 74 'LogicGate' <Latency = 0> <II = 1> <Delay = 0.97> <FuncUnit> <Opcode : 'and' 'or' 'xor'> <InPorts = 2> <OutPorts = 1>
ST_1 : Operation 558 [1/1] (0.00ns) (grouped into LUT with out node out_data_0_24_0_0_0_load)   --->   "%select_ln52_48 = select i1 %and_ln52_49, i6 31, i6 32" [firmware/nnet_utils/nnet_activation_stream.h:52]   --->   Operation 558 'select' 'select_ln52_48' <Predicate = (or_ln52_74 & icmp_ln51_24)> <Delay = 0.00> <CoreInst = "Sel">   --->   Core 73 'Sel' <Latency = 0> <II = 1> <Delay = 0.99> <FuncUnit> <Opcode : 'select'> <InPorts = 3> <OutPorts = 1>
ST_1 : Operation 559 [1/1] (0.00ns) (grouped into LUT with out node out_data_0_24_0_0_0_load)   --->   "%or_ln52_74 = or i1 %and_ln52_49, i1 %tmp_119" [firmware/nnet_utils/nnet_activation_stream.h:52]   --->   Operation 559 'or' 'or_ln52_74' <Predicate = (icmp_ln51_24)> <Delay = 0.00> <CoreInst = "LogicGate">   --->   Core 74 'LogicGate' <Latency = 0> <II = 1> <Delay = 0.97> <FuncUnit> <Opcode : 'and' 'or' 'xor'> <InPorts = 2> <OutPorts = 1>
ST_1 : Operation 560 [1/1] (0.00ns) (grouped into LUT with out node out_data_0_24_0_0_0_load)   --->   "%select_ln52_49 = select i1 %or_ln52_74, i6 %select_ln52_48, i6 %add_ln52_24" [firmware/nnet_utils/nnet_activation_stream.h:52]   --->   Operation 560 'select' 'select_ln52_49' <Predicate = (icmp_ln51_24)> <Delay = 0.00> <CoreInst = "Sel">   --->   Core 73 'Sel' <Latency = 0> <II = 1> <Delay = 1.18> <FuncUnit> <Opcode : 'select'> <InPorts = 3> <OutPorts = 1>
ST_1 : Operation 561 [1/1] (1.18ns) (out node of the LUT)   --->   "%out_data_0_24_0_0_0_load = select i1 %icmp_ln51_24, i6 %select_ln52_49, i6 0" [firmware/nnet_utils/nnet_activation_stream.h:51]   --->   Operation 561 'select' 'out_data_0_24_0_0_0_load' <Predicate = true> <Delay = 1.18> <CoreInst = "Sel">   --->   Core 73 'Sel' <Latency = 0> <II = 1> <Delay = 1.18> <FuncUnit> <Opcode : 'select'> <InPorts = 3> <OutPorts = 1>
ST_1 : Operation 562 [1/1] (2.13ns)   --->   "%icmp_ln51_25 = icmp_sgt  i18 %trunc_ln44_24, i18 0" [firmware/nnet_utils/nnet_activation_stream.h:51]   --->   Operation 562 'icmp' 'icmp_ln51_25' <Predicate = true> <Delay = 2.13> <CoreInst = "Cmp">   --->   Core 9 'Cmp' <Latency = 0> <II = 1> <Delay = 2.13> <FuncUnit> <Opcode : 'seteq' 'setne' 'setle' 'setge' 'setlt' 'setgt'> <InPorts = 2> <OutPorts = 1>
ST_1 : Operation 563 [1/1] (0.00ns)   --->   "%tmp_124 = bitselect i1 @_ssdm_op_BitSelect.i1.i576.i32, i576 %layer5_out_read, i32 467" [firmware/nnet_utils/nnet_activation_stream.h:52]   --->   Operation 563 'bitselect' 'tmp_124' <Predicate = (icmp_ln51_25)> <Delay = 0.00>
ST_1 : Operation 564 [1/1] (0.00ns)   --->   "%trunc_ln52_24 = partselect i6 @_ssdm_op_PartSelect.i6.i576.i32.i32, i576 %layer5_out_read, i32 452, i32 457" [firmware/nnet_utils/nnet_activation_stream.h:52]   --->   Operation 564 'partselect' 'trunc_ln52_24' <Predicate = (icmp_ln51_25)> <Delay = 0.00>
ST_1 : Operation 565 [1/1] (0.00ns)   --->   "%tmp_125 = bitselect i1 @_ssdm_op_BitSelect.i1.i576.i32, i576 %layer5_out_read, i32 451" [firmware/nnet_utils/nnet_activation_stream.h:52]   --->   Operation 565 'bitselect' 'tmp_125' <Predicate = (icmp_ln51_25)> <Delay = 0.00>
ST_1 : Operation 566 [1/1] (0.00ns) (grouped into LUT with out node and_ln52_51)   --->   "%tmp_126 = bitselect i1 @_ssdm_op_BitSelect.i1.i576.i32, i576 %layer5_out_read, i32 457" [firmware/nnet_utils/nnet_activation_stream.h:52]   --->   Operation 566 'bitselect' 'tmp_126' <Predicate = (icmp_ln51_25)> <Delay = 0.00>
ST_1 : Operation 567 [1/1] (0.00ns)   --->   "%zext_ln52_25 = zext i1 %tmp_125" [firmware/nnet_utils/nnet_activation_stream.h:52]   --->   Operation 567 'zext' 'zext_ln52_25' <Predicate = (icmp_ln51_25)> <Delay = 0.00>
ST_1 : Operation 568 [1/1] (1.82ns)   --->   "%add_ln52_25 = add i6 %trunc_ln52_24, i6 %zext_ln52_25" [firmware/nnet_utils/nnet_activation_stream.h:52]   --->   Operation 568 'add' 'add_ln52_25' <Predicate = (icmp_ln51_25)> <Delay = 1.82> <CoreInst = "Adder">   --->   Core 1 'Adder' <Latency = 0> <II = 1> <Delay = 1.82> <FuncUnit> <Opcode : 'add' 'sub'> <InPorts = 2> <OutPorts = 1>
ST_1 : Operation 569 [1/1] (0.00ns)   --->   "%tmp_127 = bitselect i1 @_ssdm_op_BitSelect.i1.i6.i32, i6 %add_ln52_25, i32 5" [firmware/nnet_utils/nnet_activation_stream.h:52]   --->   Operation 569 'bitselect' 'tmp_127' <Predicate = (icmp_ln51_25)> <Delay = 0.00>
ST_1 : Operation 570 [1/1] (0.00ns)   --->   "%tmp_128 = partselect i10 @_ssdm_op_PartSelect.i10.i576.i32.i32, i576 %layer5_out_read, i32 458, i32 467" [firmware/nnet_utils/nnet_activation_stream.h:52]   --->   Operation 570 'partselect' 'tmp_128' <Predicate = (icmp_ln51_25)> <Delay = 0.00>
ST_1 : Operation 571 [1/1] (1.73ns)   --->   "%icmp_ln52_25 = icmp_eq  i10 %tmp_128, i10 0" [firmware/nnet_utils/nnet_activation_stream.h:52]   --->   Operation 571 'icmp' 'icmp_ln52_25' <Predicate = (icmp_ln51_25)> <Delay = 1.73> <CoreInst = "Cmp">   --->   Core 9 'Cmp' <Latency = 0> <II = 1> <Delay = 1.73> <FuncUnit> <Opcode : 'seteq' 'setne' 'setle' 'setge' 'setlt' 'setgt'> <InPorts = 2> <OutPorts = 1>
ST_1 : Operation 572 [1/1] (0.00ns) (grouped into LUT with out node and_ln52_51)   --->   "%xor_ln52_75 = xor i1 %tmp_126, i1 1" [firmware/nnet_utils/nnet_activation_stream.h:52]   --->   Operation 572 'xor' 'xor_ln52_75' <Predicate = (icmp_ln51_25)> <Delay = 0.00> <CoreInst = "LogicGate">   --->   Core 74 'LogicGate' <Latency = 0> <II = 1> <Delay = 0.97> <FuncUnit> <Opcode : 'and' 'or' 'xor'> <InPorts = 2> <OutPorts = 1>
ST_1 : Operation 573 [1/1] (0.00ns) (grouped into LUT with out node and_ln52_51)   --->   "%or_ln52_75 = or i1 %tmp_127, i1 %xor_ln52_75" [firmware/nnet_utils/nnet_activation_stream.h:52]   --->   Operation 573 'or' 'or_ln52_75' <Predicate = (icmp_ln51_25)> <Delay = 0.00> <CoreInst = "LogicGate">   --->   Core 74 'LogicGate' <Latency = 0> <II = 1> <Delay = 0.97> <FuncUnit> <Opcode : 'and' 'or' 'xor'> <InPorts = 2> <OutPorts = 1>
ST_1 : Operation 574 [1/1] (0.00ns) (grouped into LUT with out node and_ln52_51)   --->   "%and_ln52_50 = and i1 %icmp_ln52_25, i1 %or_ln52_75" [firmware/nnet_utils/nnet_activation_stream.h:52]   --->   Operation 574 'and' 'and_ln52_50' <Predicate = (icmp_ln51_25)> <Delay = 0.00> <CoreInst = "LogicGate">   --->   Core 74 'LogicGate' <Latency = 0> <II = 1> <Delay = 0.97> <FuncUnit> <Opcode : 'and' 'or' 'xor'> <InPorts = 2> <OutPorts = 1>
ST_1 : Operation 575 [1/1] (0.00ns) (grouped into LUT with out node and_ln52_51)   --->   "%xor_ln52_76 = xor i1 %and_ln52_50, i1 1" [firmware/nnet_utils/nnet_activation_stream.h:52]   --->   Operation 575 'xor' 'xor_ln52_76' <Predicate = (icmp_ln51_25)> <Delay = 0.00> <CoreInst = "LogicGate">   --->   Core 74 'LogicGate' <Latency = 0> <II = 1> <Delay = 0.97> <FuncUnit> <Opcode : 'and' 'or' 'xor'> <InPorts = 2> <OutPorts = 1>
ST_1 : Operation 576 [1/1] (0.00ns) (grouped into LUT with out node and_ln52_51)   --->   "%or_ln52_76 = or i1 %tmp_127, i1 %xor_ln52_76" [firmware/nnet_utils/nnet_activation_stream.h:52]   --->   Operation 576 'or' 'or_ln52_76' <Predicate = (icmp_ln51_25)> <Delay = 0.00> <CoreInst = "LogicGate">   --->   Core 74 'LogicGate' <Latency = 0> <II = 1> <Delay = 0.97> <FuncUnit> <Opcode : 'and' 'or' 'xor'> <InPorts = 2> <OutPorts = 1>
ST_1 : Operation 577 [1/1] (0.00ns) (grouped into LUT with out node and_ln52_51)   --->   "%xor_ln52_77 = xor i1 %tmp_124, i1 1" [firmware/nnet_utils/nnet_activation_stream.h:52]   --->   Operation 577 'xor' 'xor_ln52_77' <Predicate = (icmp_ln51_25)> <Delay = 0.00> <CoreInst = "LogicGate">   --->   Core 74 'LogicGate' <Latency = 0> <II = 1> <Delay = 0.97> <FuncUnit> <Opcode : 'and' 'or' 'xor'> <InPorts = 2> <OutPorts = 1>
ST_1 : Operation 578 [1/1] (0.97ns) (out node of the LUT)   --->   "%and_ln52_51 = and i1 %or_ln52_76, i1 %xor_ln52_77" [firmware/nnet_utils/nnet_activation_stream.h:52]   --->   Operation 578 'and' 'and_ln52_51' <Predicate = (icmp_ln51_25)> <Delay = 0.97> <CoreInst = "LogicGate">   --->   Core 74 'LogicGate' <Latency = 0> <II = 1> <Delay = 0.97> <FuncUnit> <Opcode : 'and' 'or' 'xor'> <InPorts = 2> <OutPorts = 1>
ST_1 : Operation 579 [1/1] (0.00ns) (grouped into LUT with out node out_data_0_25_0_0_0_load)   --->   "%select_ln52_50 = select i1 %and_ln52_51, i6 31, i6 32" [firmware/nnet_utils/nnet_activation_stream.h:52]   --->   Operation 579 'select' 'select_ln52_50' <Predicate = (or_ln52_77 & icmp_ln51_25)> <Delay = 0.00> <CoreInst = "Sel">   --->   Core 73 'Sel' <Latency = 0> <II = 1> <Delay = 0.99> <FuncUnit> <Opcode : 'select'> <InPorts = 3> <OutPorts = 1>
ST_1 : Operation 580 [1/1] (0.00ns) (grouped into LUT with out node out_data_0_25_0_0_0_load)   --->   "%or_ln52_77 = or i1 %and_ln52_51, i1 %tmp_124" [firmware/nnet_utils/nnet_activation_stream.h:52]   --->   Operation 580 'or' 'or_ln52_77' <Predicate = (icmp_ln51_25)> <Delay = 0.00> <CoreInst = "LogicGate">   --->   Core 74 'LogicGate' <Latency = 0> <II = 1> <Delay = 0.97> <FuncUnit> <Opcode : 'and' 'or' 'xor'> <InPorts = 2> <OutPorts = 1>
ST_1 : Operation 581 [1/1] (0.00ns) (grouped into LUT with out node out_data_0_25_0_0_0_load)   --->   "%select_ln52_51 = select i1 %or_ln52_77, i6 %select_ln52_50, i6 %add_ln52_25" [firmware/nnet_utils/nnet_activation_stream.h:52]   --->   Operation 581 'select' 'select_ln52_51' <Predicate = (icmp_ln51_25)> <Delay = 0.00> <CoreInst = "Sel">   --->   Core 73 'Sel' <Latency = 0> <II = 1> <Delay = 1.18> <FuncUnit> <Opcode : 'select'> <InPorts = 3> <OutPorts = 1>
ST_1 : Operation 582 [1/1] (1.18ns) (out node of the LUT)   --->   "%out_data_0_25_0_0_0_load = select i1 %icmp_ln51_25, i6 %select_ln52_51, i6 0" [firmware/nnet_utils/nnet_activation_stream.h:51]   --->   Operation 582 'select' 'out_data_0_25_0_0_0_load' <Predicate = true> <Delay = 1.18> <CoreInst = "Sel">   --->   Core 73 'Sel' <Latency = 0> <II = 1> <Delay = 1.18> <FuncUnit> <Opcode : 'select'> <InPorts = 3> <OutPorts = 1>
ST_1 : Operation 583 [1/1] (2.13ns)   --->   "%icmp_ln51_26 = icmp_sgt  i18 %trunc_ln44_25, i18 0" [firmware/nnet_utils/nnet_activation_stream.h:51]   --->   Operation 583 'icmp' 'icmp_ln51_26' <Predicate = true> <Delay = 2.13> <CoreInst = "Cmp">   --->   Core 9 'Cmp' <Latency = 0> <II = 1> <Delay = 2.13> <FuncUnit> <Opcode : 'seteq' 'setne' 'setle' 'setge' 'setlt' 'setgt'> <InPorts = 2> <OutPorts = 1>
ST_1 : Operation 584 [1/1] (0.00ns)   --->   "%tmp_129 = bitselect i1 @_ssdm_op_BitSelect.i1.i576.i32, i576 %layer5_out_read, i32 485" [firmware/nnet_utils/nnet_activation_stream.h:52]   --->   Operation 584 'bitselect' 'tmp_129' <Predicate = (icmp_ln51_26)> <Delay = 0.00>
ST_1 : Operation 585 [1/1] (0.00ns)   --->   "%trunc_ln52_25 = partselect i6 @_ssdm_op_PartSelect.i6.i576.i32.i32, i576 %layer5_out_read, i32 470, i32 475" [firmware/nnet_utils/nnet_activation_stream.h:52]   --->   Operation 585 'partselect' 'trunc_ln52_25' <Predicate = (icmp_ln51_26)> <Delay = 0.00>
ST_1 : Operation 586 [1/1] (0.00ns)   --->   "%tmp_130 = bitselect i1 @_ssdm_op_BitSelect.i1.i576.i32, i576 %layer5_out_read, i32 469" [firmware/nnet_utils/nnet_activation_stream.h:52]   --->   Operation 586 'bitselect' 'tmp_130' <Predicate = (icmp_ln51_26)> <Delay = 0.00>
ST_1 : Operation 587 [1/1] (0.00ns) (grouped into LUT with out node and_ln52_53)   --->   "%tmp_131 = bitselect i1 @_ssdm_op_BitSelect.i1.i576.i32, i576 %layer5_out_read, i32 475" [firmware/nnet_utils/nnet_activation_stream.h:52]   --->   Operation 587 'bitselect' 'tmp_131' <Predicate = (icmp_ln51_26)> <Delay = 0.00>
ST_1 : Operation 588 [1/1] (0.00ns)   --->   "%zext_ln52_26 = zext i1 %tmp_130" [firmware/nnet_utils/nnet_activation_stream.h:52]   --->   Operation 588 'zext' 'zext_ln52_26' <Predicate = (icmp_ln51_26)> <Delay = 0.00>
ST_1 : Operation 589 [1/1] (1.82ns)   --->   "%add_ln52_26 = add i6 %trunc_ln52_25, i6 %zext_ln52_26" [firmware/nnet_utils/nnet_activation_stream.h:52]   --->   Operation 589 'add' 'add_ln52_26' <Predicate = (icmp_ln51_26)> <Delay = 1.82> <CoreInst = "Adder">   --->   Core 1 'Adder' <Latency = 0> <II = 1> <Delay = 1.82> <FuncUnit> <Opcode : 'add' 'sub'> <InPorts = 2> <OutPorts = 1>
ST_1 : Operation 590 [1/1] (0.00ns)   --->   "%tmp_132 = bitselect i1 @_ssdm_op_BitSelect.i1.i6.i32, i6 %add_ln52_26, i32 5" [firmware/nnet_utils/nnet_activation_stream.h:52]   --->   Operation 590 'bitselect' 'tmp_132' <Predicate = (icmp_ln51_26)> <Delay = 0.00>
ST_1 : Operation 591 [1/1] (0.00ns)   --->   "%tmp_133 = partselect i10 @_ssdm_op_PartSelect.i10.i576.i32.i32, i576 %layer5_out_read, i32 476, i32 485" [firmware/nnet_utils/nnet_activation_stream.h:52]   --->   Operation 591 'partselect' 'tmp_133' <Predicate = (icmp_ln51_26)> <Delay = 0.00>
ST_1 : Operation 592 [1/1] (1.73ns)   --->   "%icmp_ln52_26 = icmp_eq  i10 %tmp_133, i10 0" [firmware/nnet_utils/nnet_activation_stream.h:52]   --->   Operation 592 'icmp' 'icmp_ln52_26' <Predicate = (icmp_ln51_26)> <Delay = 1.73> <CoreInst = "Cmp">   --->   Core 9 'Cmp' <Latency = 0> <II = 1> <Delay = 1.73> <FuncUnit> <Opcode : 'seteq' 'setne' 'setle' 'setge' 'setlt' 'setgt'> <InPorts = 2> <OutPorts = 1>
ST_1 : Operation 593 [1/1] (0.00ns) (grouped into LUT with out node and_ln52_53)   --->   "%xor_ln52_78 = xor i1 %tmp_131, i1 1" [firmware/nnet_utils/nnet_activation_stream.h:52]   --->   Operation 593 'xor' 'xor_ln52_78' <Predicate = (icmp_ln51_26)> <Delay = 0.00> <CoreInst = "LogicGate">   --->   Core 74 'LogicGate' <Latency = 0> <II = 1> <Delay = 0.97> <FuncUnit> <Opcode : 'and' 'or' 'xor'> <InPorts = 2> <OutPorts = 1>
ST_1 : Operation 594 [1/1] (0.00ns) (grouped into LUT with out node and_ln52_53)   --->   "%or_ln52_78 = or i1 %tmp_132, i1 %xor_ln52_78" [firmware/nnet_utils/nnet_activation_stream.h:52]   --->   Operation 594 'or' 'or_ln52_78' <Predicate = (icmp_ln51_26)> <Delay = 0.00> <CoreInst = "LogicGate">   --->   Core 74 'LogicGate' <Latency = 0> <II = 1> <Delay = 0.97> <FuncUnit> <Opcode : 'and' 'or' 'xor'> <InPorts = 2> <OutPorts = 1>
ST_1 : Operation 595 [1/1] (0.00ns) (grouped into LUT with out node and_ln52_53)   --->   "%and_ln52_52 = and i1 %icmp_ln52_26, i1 %or_ln52_78" [firmware/nnet_utils/nnet_activation_stream.h:52]   --->   Operation 595 'and' 'and_ln52_52' <Predicate = (icmp_ln51_26)> <Delay = 0.00> <CoreInst = "LogicGate">   --->   Core 74 'LogicGate' <Latency = 0> <II = 1> <Delay = 0.97> <FuncUnit> <Opcode : 'and' 'or' 'xor'> <InPorts = 2> <OutPorts = 1>
ST_1 : Operation 596 [1/1] (0.00ns) (grouped into LUT with out node and_ln52_53)   --->   "%xor_ln52_79 = xor i1 %and_ln52_52, i1 1" [firmware/nnet_utils/nnet_activation_stream.h:52]   --->   Operation 596 'xor' 'xor_ln52_79' <Predicate = (icmp_ln51_26)> <Delay = 0.00> <CoreInst = "LogicGate">   --->   Core 74 'LogicGate' <Latency = 0> <II = 1> <Delay = 0.97> <FuncUnit> <Opcode : 'and' 'or' 'xor'> <InPorts = 2> <OutPorts = 1>
ST_1 : Operation 597 [1/1] (0.00ns) (grouped into LUT with out node and_ln52_53)   --->   "%or_ln52_79 = or i1 %tmp_132, i1 %xor_ln52_79" [firmware/nnet_utils/nnet_activation_stream.h:52]   --->   Operation 597 'or' 'or_ln52_79' <Predicate = (icmp_ln51_26)> <Delay = 0.00> <CoreInst = "LogicGate">   --->   Core 74 'LogicGate' <Latency = 0> <II = 1> <Delay = 0.97> <FuncUnit> <Opcode : 'and' 'or' 'xor'> <InPorts = 2> <OutPorts = 1>
ST_1 : Operation 598 [1/1] (0.00ns) (grouped into LUT with out node and_ln52_53)   --->   "%xor_ln52_80 = xor i1 %tmp_129, i1 1" [firmware/nnet_utils/nnet_activation_stream.h:52]   --->   Operation 598 'xor' 'xor_ln52_80' <Predicate = (icmp_ln51_26)> <Delay = 0.00> <CoreInst = "LogicGate">   --->   Core 74 'LogicGate' <Latency = 0> <II = 1> <Delay = 0.97> <FuncUnit> <Opcode : 'and' 'or' 'xor'> <InPorts = 2> <OutPorts = 1>
ST_1 : Operation 599 [1/1] (0.97ns) (out node of the LUT)   --->   "%and_ln52_53 = and i1 %or_ln52_79, i1 %xor_ln52_80" [firmware/nnet_utils/nnet_activation_stream.h:52]   --->   Operation 599 'and' 'and_ln52_53' <Predicate = (icmp_ln51_26)> <Delay = 0.97> <CoreInst = "LogicGate">   --->   Core 74 'LogicGate' <Latency = 0> <II = 1> <Delay = 0.97> <FuncUnit> <Opcode : 'and' 'or' 'xor'> <InPorts = 2> <OutPorts = 1>
ST_1 : Operation 600 [1/1] (0.00ns) (grouped into LUT with out node out_data_0_26_0_0_0_load)   --->   "%select_ln52_52 = select i1 %and_ln52_53, i6 31, i6 32" [firmware/nnet_utils/nnet_activation_stream.h:52]   --->   Operation 600 'select' 'select_ln52_52' <Predicate = (or_ln52_80 & icmp_ln51_26)> <Delay = 0.00> <CoreInst = "Sel">   --->   Core 73 'Sel' <Latency = 0> <II = 1> <Delay = 0.99> <FuncUnit> <Opcode : 'select'> <InPorts = 3> <OutPorts = 1>
ST_1 : Operation 601 [1/1] (0.00ns) (grouped into LUT with out node out_data_0_26_0_0_0_load)   --->   "%or_ln52_80 = or i1 %and_ln52_53, i1 %tmp_129" [firmware/nnet_utils/nnet_activation_stream.h:52]   --->   Operation 601 'or' 'or_ln52_80' <Predicate = (icmp_ln51_26)> <Delay = 0.00> <CoreInst = "LogicGate">   --->   Core 74 'LogicGate' <Latency = 0> <II = 1> <Delay = 0.97> <FuncUnit> <Opcode : 'and' 'or' 'xor'> <InPorts = 2> <OutPorts = 1>
ST_1 : Operation 602 [1/1] (0.00ns) (grouped into LUT with out node out_data_0_26_0_0_0_load)   --->   "%select_ln52_53 = select i1 %or_ln52_80, i6 %select_ln52_52, i6 %add_ln52_26" [firmware/nnet_utils/nnet_activation_stream.h:52]   --->   Operation 602 'select' 'select_ln52_53' <Predicate = (icmp_ln51_26)> <Delay = 0.00> <CoreInst = "Sel">   --->   Core 73 'Sel' <Latency = 0> <II = 1> <Delay = 1.18> <FuncUnit> <Opcode : 'select'> <InPorts = 3> <OutPorts = 1>
ST_1 : Operation 603 [1/1] (1.18ns) (out node of the LUT)   --->   "%out_data_0_26_0_0_0_load = select i1 %icmp_ln51_26, i6 %select_ln52_53, i6 0" [firmware/nnet_utils/nnet_activation_stream.h:51]   --->   Operation 603 'select' 'out_data_0_26_0_0_0_load' <Predicate = true> <Delay = 1.18> <CoreInst = "Sel">   --->   Core 73 'Sel' <Latency = 0> <II = 1> <Delay = 1.18> <FuncUnit> <Opcode : 'select'> <InPorts = 3> <OutPorts = 1>
ST_1 : Operation 604 [1/1] (2.13ns)   --->   "%icmp_ln51_27 = icmp_sgt  i18 %trunc_ln44_26, i18 0" [firmware/nnet_utils/nnet_activation_stream.h:51]   --->   Operation 604 'icmp' 'icmp_ln51_27' <Predicate = true> <Delay = 2.13> <CoreInst = "Cmp">   --->   Core 9 'Cmp' <Latency = 0> <II = 1> <Delay = 2.13> <FuncUnit> <Opcode : 'seteq' 'setne' 'setle' 'setge' 'setlt' 'setgt'> <InPorts = 2> <OutPorts = 1>
ST_1 : Operation 605 [1/1] (0.00ns)   --->   "%tmp_134 = bitselect i1 @_ssdm_op_BitSelect.i1.i576.i32, i576 %layer5_out_read, i32 503" [firmware/nnet_utils/nnet_activation_stream.h:52]   --->   Operation 605 'bitselect' 'tmp_134' <Predicate = (icmp_ln51_27)> <Delay = 0.00>
ST_1 : Operation 606 [1/1] (0.00ns)   --->   "%trunc_ln52_26 = partselect i6 @_ssdm_op_PartSelect.i6.i576.i32.i32, i576 %layer5_out_read, i32 488, i32 493" [firmware/nnet_utils/nnet_activation_stream.h:52]   --->   Operation 606 'partselect' 'trunc_ln52_26' <Predicate = (icmp_ln51_27)> <Delay = 0.00>
ST_1 : Operation 607 [1/1] (0.00ns)   --->   "%tmp_135 = bitselect i1 @_ssdm_op_BitSelect.i1.i576.i32, i576 %layer5_out_read, i32 487" [firmware/nnet_utils/nnet_activation_stream.h:52]   --->   Operation 607 'bitselect' 'tmp_135' <Predicate = (icmp_ln51_27)> <Delay = 0.00>
ST_1 : Operation 608 [1/1] (0.00ns) (grouped into LUT with out node and_ln52_55)   --->   "%tmp_136 = bitselect i1 @_ssdm_op_BitSelect.i1.i576.i32, i576 %layer5_out_read, i32 493" [firmware/nnet_utils/nnet_activation_stream.h:52]   --->   Operation 608 'bitselect' 'tmp_136' <Predicate = (icmp_ln51_27)> <Delay = 0.00>
ST_1 : Operation 609 [1/1] (0.00ns)   --->   "%zext_ln52_27 = zext i1 %tmp_135" [firmware/nnet_utils/nnet_activation_stream.h:52]   --->   Operation 609 'zext' 'zext_ln52_27' <Predicate = (icmp_ln51_27)> <Delay = 0.00>
ST_1 : Operation 610 [1/1] (1.82ns)   --->   "%add_ln52_27 = add i6 %trunc_ln52_26, i6 %zext_ln52_27" [firmware/nnet_utils/nnet_activation_stream.h:52]   --->   Operation 610 'add' 'add_ln52_27' <Predicate = (icmp_ln51_27)> <Delay = 1.82> <CoreInst = "Adder">   --->   Core 1 'Adder' <Latency = 0> <II = 1> <Delay = 1.82> <FuncUnit> <Opcode : 'add' 'sub'> <InPorts = 2> <OutPorts = 1>
ST_1 : Operation 611 [1/1] (0.00ns)   --->   "%tmp_137 = bitselect i1 @_ssdm_op_BitSelect.i1.i6.i32, i6 %add_ln52_27, i32 5" [firmware/nnet_utils/nnet_activation_stream.h:52]   --->   Operation 611 'bitselect' 'tmp_137' <Predicate = (icmp_ln51_27)> <Delay = 0.00>
ST_1 : Operation 612 [1/1] (0.00ns)   --->   "%tmp_138 = partselect i10 @_ssdm_op_PartSelect.i10.i576.i32.i32, i576 %layer5_out_read, i32 494, i32 503" [firmware/nnet_utils/nnet_activation_stream.h:52]   --->   Operation 612 'partselect' 'tmp_138' <Predicate = (icmp_ln51_27)> <Delay = 0.00>
ST_1 : Operation 613 [1/1] (1.73ns)   --->   "%icmp_ln52_27 = icmp_eq  i10 %tmp_138, i10 0" [firmware/nnet_utils/nnet_activation_stream.h:52]   --->   Operation 613 'icmp' 'icmp_ln52_27' <Predicate = (icmp_ln51_27)> <Delay = 1.73> <CoreInst = "Cmp">   --->   Core 9 'Cmp' <Latency = 0> <II = 1> <Delay = 1.73> <FuncUnit> <Opcode : 'seteq' 'setne' 'setle' 'setge' 'setlt' 'setgt'> <InPorts = 2> <OutPorts = 1>
ST_1 : Operation 614 [1/1] (0.00ns) (grouped into LUT with out node and_ln52_55)   --->   "%xor_ln52_81 = xor i1 %tmp_136, i1 1" [firmware/nnet_utils/nnet_activation_stream.h:52]   --->   Operation 614 'xor' 'xor_ln52_81' <Predicate = (icmp_ln51_27)> <Delay = 0.00> <CoreInst = "LogicGate">   --->   Core 74 'LogicGate' <Latency = 0> <II = 1> <Delay = 0.97> <FuncUnit> <Opcode : 'and' 'or' 'xor'> <InPorts = 2> <OutPorts = 1>
ST_1 : Operation 615 [1/1] (0.00ns) (grouped into LUT with out node and_ln52_55)   --->   "%or_ln52_81 = or i1 %tmp_137, i1 %xor_ln52_81" [firmware/nnet_utils/nnet_activation_stream.h:52]   --->   Operation 615 'or' 'or_ln52_81' <Predicate = (icmp_ln51_27)> <Delay = 0.00> <CoreInst = "LogicGate">   --->   Core 74 'LogicGate' <Latency = 0> <II = 1> <Delay = 0.97> <FuncUnit> <Opcode : 'and' 'or' 'xor'> <InPorts = 2> <OutPorts = 1>
ST_1 : Operation 616 [1/1] (0.00ns) (grouped into LUT with out node and_ln52_55)   --->   "%and_ln52_54 = and i1 %icmp_ln52_27, i1 %or_ln52_81" [firmware/nnet_utils/nnet_activation_stream.h:52]   --->   Operation 616 'and' 'and_ln52_54' <Predicate = (icmp_ln51_27)> <Delay = 0.00> <CoreInst = "LogicGate">   --->   Core 74 'LogicGate' <Latency = 0> <II = 1> <Delay = 0.97> <FuncUnit> <Opcode : 'and' 'or' 'xor'> <InPorts = 2> <OutPorts = 1>
ST_1 : Operation 617 [1/1] (0.00ns) (grouped into LUT with out node and_ln52_55)   --->   "%xor_ln52_82 = xor i1 %and_ln52_54, i1 1" [firmware/nnet_utils/nnet_activation_stream.h:52]   --->   Operation 617 'xor' 'xor_ln52_82' <Predicate = (icmp_ln51_27)> <Delay = 0.00> <CoreInst = "LogicGate">   --->   Core 74 'LogicGate' <Latency = 0> <II = 1> <Delay = 0.97> <FuncUnit> <Opcode : 'and' 'or' 'xor'> <InPorts = 2> <OutPorts = 1>
ST_1 : Operation 618 [1/1] (0.00ns) (grouped into LUT with out node and_ln52_55)   --->   "%or_ln52_82 = or i1 %tmp_137, i1 %xor_ln52_82" [firmware/nnet_utils/nnet_activation_stream.h:52]   --->   Operation 618 'or' 'or_ln52_82' <Predicate = (icmp_ln51_27)> <Delay = 0.00> <CoreInst = "LogicGate">   --->   Core 74 'LogicGate' <Latency = 0> <II = 1> <Delay = 0.97> <FuncUnit> <Opcode : 'and' 'or' 'xor'> <InPorts = 2> <OutPorts = 1>
ST_1 : Operation 619 [1/1] (0.00ns) (grouped into LUT with out node and_ln52_55)   --->   "%xor_ln52_83 = xor i1 %tmp_134, i1 1" [firmware/nnet_utils/nnet_activation_stream.h:52]   --->   Operation 619 'xor' 'xor_ln52_83' <Predicate = (icmp_ln51_27)> <Delay = 0.00> <CoreInst = "LogicGate">   --->   Core 74 'LogicGate' <Latency = 0> <II = 1> <Delay = 0.97> <FuncUnit> <Opcode : 'and' 'or' 'xor'> <InPorts = 2> <OutPorts = 1>
ST_1 : Operation 620 [1/1] (0.97ns) (out node of the LUT)   --->   "%and_ln52_55 = and i1 %or_ln52_82, i1 %xor_ln52_83" [firmware/nnet_utils/nnet_activation_stream.h:52]   --->   Operation 620 'and' 'and_ln52_55' <Predicate = (icmp_ln51_27)> <Delay = 0.97> <CoreInst = "LogicGate">   --->   Core 74 'LogicGate' <Latency = 0> <II = 1> <Delay = 0.97> <FuncUnit> <Opcode : 'and' 'or' 'xor'> <InPorts = 2> <OutPorts = 1>
ST_1 : Operation 621 [1/1] (0.00ns) (grouped into LUT with out node out_data_0_27_0_0_0_load)   --->   "%select_ln52_54 = select i1 %and_ln52_55, i6 31, i6 32" [firmware/nnet_utils/nnet_activation_stream.h:52]   --->   Operation 621 'select' 'select_ln52_54' <Predicate = (or_ln52_83 & icmp_ln51_27)> <Delay = 0.00> <CoreInst = "Sel">   --->   Core 73 'Sel' <Latency = 0> <II = 1> <Delay = 0.99> <FuncUnit> <Opcode : 'select'> <InPorts = 3> <OutPorts = 1>
ST_1 : Operation 622 [1/1] (0.00ns) (grouped into LUT with out node out_data_0_27_0_0_0_load)   --->   "%or_ln52_83 = or i1 %and_ln52_55, i1 %tmp_134" [firmware/nnet_utils/nnet_activation_stream.h:52]   --->   Operation 622 'or' 'or_ln52_83' <Predicate = (icmp_ln51_27)> <Delay = 0.00> <CoreInst = "LogicGate">   --->   Core 74 'LogicGate' <Latency = 0> <II = 1> <Delay = 0.97> <FuncUnit> <Opcode : 'and' 'or' 'xor'> <InPorts = 2> <OutPorts = 1>
ST_1 : Operation 623 [1/1] (0.00ns) (grouped into LUT with out node out_data_0_27_0_0_0_load)   --->   "%select_ln52_55 = select i1 %or_ln52_83, i6 %select_ln52_54, i6 %add_ln52_27" [firmware/nnet_utils/nnet_activation_stream.h:52]   --->   Operation 623 'select' 'select_ln52_55' <Predicate = (icmp_ln51_27)> <Delay = 0.00> <CoreInst = "Sel">   --->   Core 73 'Sel' <Latency = 0> <II = 1> <Delay = 1.18> <FuncUnit> <Opcode : 'select'> <InPorts = 3> <OutPorts = 1>
ST_1 : Operation 624 [1/1] (1.18ns) (out node of the LUT)   --->   "%out_data_0_27_0_0_0_load = select i1 %icmp_ln51_27, i6 %select_ln52_55, i6 0" [firmware/nnet_utils/nnet_activation_stream.h:51]   --->   Operation 624 'select' 'out_data_0_27_0_0_0_load' <Predicate = true> <Delay = 1.18> <CoreInst = "Sel">   --->   Core 73 'Sel' <Latency = 0> <II = 1> <Delay = 1.18> <FuncUnit> <Opcode : 'select'> <InPorts = 3> <OutPorts = 1>
ST_1 : Operation 625 [1/1] (2.13ns)   --->   "%icmp_ln51_28 = icmp_sgt  i18 %trunc_ln44_27, i18 0" [firmware/nnet_utils/nnet_activation_stream.h:51]   --->   Operation 625 'icmp' 'icmp_ln51_28' <Predicate = true> <Delay = 2.13> <CoreInst = "Cmp">   --->   Core 9 'Cmp' <Latency = 0> <II = 1> <Delay = 2.13> <FuncUnit> <Opcode : 'seteq' 'setne' 'setle' 'setge' 'setlt' 'setgt'> <InPorts = 2> <OutPorts = 1>
ST_1 : Operation 626 [1/1] (0.00ns)   --->   "%tmp_139 = bitselect i1 @_ssdm_op_BitSelect.i1.i576.i32, i576 %layer5_out_read, i32 521" [firmware/nnet_utils/nnet_activation_stream.h:52]   --->   Operation 626 'bitselect' 'tmp_139' <Predicate = (icmp_ln51_28)> <Delay = 0.00>
ST_1 : Operation 627 [1/1] (0.00ns)   --->   "%trunc_ln52_27 = partselect i6 @_ssdm_op_PartSelect.i6.i576.i32.i32, i576 %layer5_out_read, i32 506, i32 511" [firmware/nnet_utils/nnet_activation_stream.h:52]   --->   Operation 627 'partselect' 'trunc_ln52_27' <Predicate = (icmp_ln51_28)> <Delay = 0.00>
ST_1 : Operation 628 [1/1] (0.00ns)   --->   "%tmp_140 = bitselect i1 @_ssdm_op_BitSelect.i1.i576.i32, i576 %layer5_out_read, i32 505" [firmware/nnet_utils/nnet_activation_stream.h:52]   --->   Operation 628 'bitselect' 'tmp_140' <Predicate = (icmp_ln51_28)> <Delay = 0.00>
ST_1 : Operation 629 [1/1] (0.00ns) (grouped into LUT with out node and_ln52_57)   --->   "%tmp_141 = bitselect i1 @_ssdm_op_BitSelect.i1.i576.i32, i576 %layer5_out_read, i32 511" [firmware/nnet_utils/nnet_activation_stream.h:52]   --->   Operation 629 'bitselect' 'tmp_141' <Predicate = (icmp_ln51_28)> <Delay = 0.00>
ST_1 : Operation 630 [1/1] (0.00ns)   --->   "%zext_ln52_28 = zext i1 %tmp_140" [firmware/nnet_utils/nnet_activation_stream.h:52]   --->   Operation 630 'zext' 'zext_ln52_28' <Predicate = (icmp_ln51_28)> <Delay = 0.00>
ST_1 : Operation 631 [1/1] (1.82ns)   --->   "%add_ln52_28 = add i6 %trunc_ln52_27, i6 %zext_ln52_28" [firmware/nnet_utils/nnet_activation_stream.h:52]   --->   Operation 631 'add' 'add_ln52_28' <Predicate = (icmp_ln51_28)> <Delay = 1.82> <CoreInst = "Adder">   --->   Core 1 'Adder' <Latency = 0> <II = 1> <Delay = 1.82> <FuncUnit> <Opcode : 'add' 'sub'> <InPorts = 2> <OutPorts = 1>
ST_1 : Operation 632 [1/1] (0.00ns)   --->   "%tmp_142 = bitselect i1 @_ssdm_op_BitSelect.i1.i6.i32, i6 %add_ln52_28, i32 5" [firmware/nnet_utils/nnet_activation_stream.h:52]   --->   Operation 632 'bitselect' 'tmp_142' <Predicate = (icmp_ln51_28)> <Delay = 0.00>
ST_1 : Operation 633 [1/1] (0.00ns)   --->   "%tmp_143 = partselect i10 @_ssdm_op_PartSelect.i10.i576.i32.i32, i576 %layer5_out_read, i32 512, i32 521" [firmware/nnet_utils/nnet_activation_stream.h:52]   --->   Operation 633 'partselect' 'tmp_143' <Predicate = (icmp_ln51_28)> <Delay = 0.00>
ST_1 : Operation 634 [1/1] (1.73ns)   --->   "%icmp_ln52_28 = icmp_eq  i10 %tmp_143, i10 0" [firmware/nnet_utils/nnet_activation_stream.h:52]   --->   Operation 634 'icmp' 'icmp_ln52_28' <Predicate = (icmp_ln51_28)> <Delay = 1.73> <CoreInst = "Cmp">   --->   Core 9 'Cmp' <Latency = 0> <II = 1> <Delay = 1.73> <FuncUnit> <Opcode : 'seteq' 'setne' 'setle' 'setge' 'setlt' 'setgt'> <InPorts = 2> <OutPorts = 1>
ST_1 : Operation 635 [1/1] (0.00ns) (grouped into LUT with out node and_ln52_57)   --->   "%xor_ln52_84 = xor i1 %tmp_141, i1 1" [firmware/nnet_utils/nnet_activation_stream.h:52]   --->   Operation 635 'xor' 'xor_ln52_84' <Predicate = (icmp_ln51_28)> <Delay = 0.00> <CoreInst = "LogicGate">   --->   Core 74 'LogicGate' <Latency = 0> <II = 1> <Delay = 0.97> <FuncUnit> <Opcode : 'and' 'or' 'xor'> <InPorts = 2> <OutPorts = 1>
ST_1 : Operation 636 [1/1] (0.00ns) (grouped into LUT with out node and_ln52_57)   --->   "%or_ln52_84 = or i1 %tmp_142, i1 %xor_ln52_84" [firmware/nnet_utils/nnet_activation_stream.h:52]   --->   Operation 636 'or' 'or_ln52_84' <Predicate = (icmp_ln51_28)> <Delay = 0.00> <CoreInst = "LogicGate">   --->   Core 74 'LogicGate' <Latency = 0> <II = 1> <Delay = 0.97> <FuncUnit> <Opcode : 'and' 'or' 'xor'> <InPorts = 2> <OutPorts = 1>
ST_1 : Operation 637 [1/1] (0.00ns) (grouped into LUT with out node and_ln52_57)   --->   "%and_ln52_56 = and i1 %icmp_ln52_28, i1 %or_ln52_84" [firmware/nnet_utils/nnet_activation_stream.h:52]   --->   Operation 637 'and' 'and_ln52_56' <Predicate = (icmp_ln51_28)> <Delay = 0.00> <CoreInst = "LogicGate">   --->   Core 74 'LogicGate' <Latency = 0> <II = 1> <Delay = 0.97> <FuncUnit> <Opcode : 'and' 'or' 'xor'> <InPorts = 2> <OutPorts = 1>
ST_1 : Operation 638 [1/1] (0.00ns) (grouped into LUT with out node and_ln52_57)   --->   "%xor_ln52_85 = xor i1 %and_ln52_56, i1 1" [firmware/nnet_utils/nnet_activation_stream.h:52]   --->   Operation 638 'xor' 'xor_ln52_85' <Predicate = (icmp_ln51_28)> <Delay = 0.00> <CoreInst = "LogicGate">   --->   Core 74 'LogicGate' <Latency = 0> <II = 1> <Delay = 0.97> <FuncUnit> <Opcode : 'and' 'or' 'xor'> <InPorts = 2> <OutPorts = 1>
ST_1 : Operation 639 [1/1] (0.00ns) (grouped into LUT with out node and_ln52_57)   --->   "%or_ln52_85 = or i1 %tmp_142, i1 %xor_ln52_85" [firmware/nnet_utils/nnet_activation_stream.h:52]   --->   Operation 639 'or' 'or_ln52_85' <Predicate = (icmp_ln51_28)> <Delay = 0.00> <CoreInst = "LogicGate">   --->   Core 74 'LogicGate' <Latency = 0> <II = 1> <Delay = 0.97> <FuncUnit> <Opcode : 'and' 'or' 'xor'> <InPorts = 2> <OutPorts = 1>
ST_1 : Operation 640 [1/1] (0.00ns) (grouped into LUT with out node and_ln52_57)   --->   "%xor_ln52_86 = xor i1 %tmp_139, i1 1" [firmware/nnet_utils/nnet_activation_stream.h:52]   --->   Operation 640 'xor' 'xor_ln52_86' <Predicate = (icmp_ln51_28)> <Delay = 0.00> <CoreInst = "LogicGate">   --->   Core 74 'LogicGate' <Latency = 0> <II = 1> <Delay = 0.97> <FuncUnit> <Opcode : 'and' 'or' 'xor'> <InPorts = 2> <OutPorts = 1>
ST_1 : Operation 641 [1/1] (0.97ns) (out node of the LUT)   --->   "%and_ln52_57 = and i1 %or_ln52_85, i1 %xor_ln52_86" [firmware/nnet_utils/nnet_activation_stream.h:52]   --->   Operation 641 'and' 'and_ln52_57' <Predicate = (icmp_ln51_28)> <Delay = 0.97> <CoreInst = "LogicGate">   --->   Core 74 'LogicGate' <Latency = 0> <II = 1> <Delay = 0.97> <FuncUnit> <Opcode : 'and' 'or' 'xor'> <InPorts = 2> <OutPorts = 1>
ST_1 : Operation 642 [1/1] (0.00ns) (grouped into LUT with out node out_data_0_28_0_0_0_load)   --->   "%select_ln52_56 = select i1 %and_ln52_57, i6 31, i6 32" [firmware/nnet_utils/nnet_activation_stream.h:52]   --->   Operation 642 'select' 'select_ln52_56' <Predicate = (or_ln52_86 & icmp_ln51_28)> <Delay = 0.00> <CoreInst = "Sel">   --->   Core 73 'Sel' <Latency = 0> <II = 1> <Delay = 0.99> <FuncUnit> <Opcode : 'select'> <InPorts = 3> <OutPorts = 1>
ST_1 : Operation 643 [1/1] (0.00ns) (grouped into LUT with out node out_data_0_28_0_0_0_load)   --->   "%or_ln52_86 = or i1 %and_ln52_57, i1 %tmp_139" [firmware/nnet_utils/nnet_activation_stream.h:52]   --->   Operation 643 'or' 'or_ln52_86' <Predicate = (icmp_ln51_28)> <Delay = 0.00> <CoreInst = "LogicGate">   --->   Core 74 'LogicGate' <Latency = 0> <II = 1> <Delay = 0.97> <FuncUnit> <Opcode : 'and' 'or' 'xor'> <InPorts = 2> <OutPorts = 1>
ST_1 : Operation 644 [1/1] (0.00ns) (grouped into LUT with out node out_data_0_28_0_0_0_load)   --->   "%select_ln52_57 = select i1 %or_ln52_86, i6 %select_ln52_56, i6 %add_ln52_28" [firmware/nnet_utils/nnet_activation_stream.h:52]   --->   Operation 644 'select' 'select_ln52_57' <Predicate = (icmp_ln51_28)> <Delay = 0.00> <CoreInst = "Sel">   --->   Core 73 'Sel' <Latency = 0> <II = 1> <Delay = 1.18> <FuncUnit> <Opcode : 'select'> <InPorts = 3> <OutPorts = 1>
ST_1 : Operation 645 [1/1] (1.18ns) (out node of the LUT)   --->   "%out_data_0_28_0_0_0_load = select i1 %icmp_ln51_28, i6 %select_ln52_57, i6 0" [firmware/nnet_utils/nnet_activation_stream.h:51]   --->   Operation 645 'select' 'out_data_0_28_0_0_0_load' <Predicate = true> <Delay = 1.18> <CoreInst = "Sel">   --->   Core 73 'Sel' <Latency = 0> <II = 1> <Delay = 1.18> <FuncUnit> <Opcode : 'select'> <InPorts = 3> <OutPorts = 1>
ST_1 : Operation 646 [1/1] (2.13ns)   --->   "%icmp_ln51_29 = icmp_sgt  i18 %trunc_ln44_28, i18 0" [firmware/nnet_utils/nnet_activation_stream.h:51]   --->   Operation 646 'icmp' 'icmp_ln51_29' <Predicate = true> <Delay = 2.13> <CoreInst = "Cmp">   --->   Core 9 'Cmp' <Latency = 0> <II = 1> <Delay = 2.13> <FuncUnit> <Opcode : 'seteq' 'setne' 'setle' 'setge' 'setlt' 'setgt'> <InPorts = 2> <OutPorts = 1>
ST_1 : Operation 647 [1/1] (0.00ns)   --->   "%tmp_144 = bitselect i1 @_ssdm_op_BitSelect.i1.i576.i32, i576 %layer5_out_read, i32 539" [firmware/nnet_utils/nnet_activation_stream.h:52]   --->   Operation 647 'bitselect' 'tmp_144' <Predicate = (icmp_ln51_29)> <Delay = 0.00>
ST_1 : Operation 648 [1/1] (0.00ns)   --->   "%trunc_ln52_28 = partselect i6 @_ssdm_op_PartSelect.i6.i576.i32.i32, i576 %layer5_out_read, i32 524, i32 529" [firmware/nnet_utils/nnet_activation_stream.h:52]   --->   Operation 648 'partselect' 'trunc_ln52_28' <Predicate = (icmp_ln51_29)> <Delay = 0.00>
ST_1 : Operation 649 [1/1] (0.00ns)   --->   "%tmp_145 = bitselect i1 @_ssdm_op_BitSelect.i1.i576.i32, i576 %layer5_out_read, i32 523" [firmware/nnet_utils/nnet_activation_stream.h:52]   --->   Operation 649 'bitselect' 'tmp_145' <Predicate = (icmp_ln51_29)> <Delay = 0.00>
ST_1 : Operation 650 [1/1] (0.00ns) (grouped into LUT with out node and_ln52_59)   --->   "%tmp_146 = bitselect i1 @_ssdm_op_BitSelect.i1.i576.i32, i576 %layer5_out_read, i32 529" [firmware/nnet_utils/nnet_activation_stream.h:52]   --->   Operation 650 'bitselect' 'tmp_146' <Predicate = (icmp_ln51_29)> <Delay = 0.00>
ST_1 : Operation 651 [1/1] (0.00ns)   --->   "%zext_ln52_29 = zext i1 %tmp_145" [firmware/nnet_utils/nnet_activation_stream.h:52]   --->   Operation 651 'zext' 'zext_ln52_29' <Predicate = (icmp_ln51_29)> <Delay = 0.00>
ST_1 : Operation 652 [1/1] (1.82ns)   --->   "%add_ln52_29 = add i6 %trunc_ln52_28, i6 %zext_ln52_29" [firmware/nnet_utils/nnet_activation_stream.h:52]   --->   Operation 652 'add' 'add_ln52_29' <Predicate = (icmp_ln51_29)> <Delay = 1.82> <CoreInst = "Adder">   --->   Core 1 'Adder' <Latency = 0> <II = 1> <Delay = 1.82> <FuncUnit> <Opcode : 'add' 'sub'> <InPorts = 2> <OutPorts = 1>
ST_1 : Operation 653 [1/1] (0.00ns)   --->   "%tmp_147 = bitselect i1 @_ssdm_op_BitSelect.i1.i6.i32, i6 %add_ln52_29, i32 5" [firmware/nnet_utils/nnet_activation_stream.h:52]   --->   Operation 653 'bitselect' 'tmp_147' <Predicate = (icmp_ln51_29)> <Delay = 0.00>
ST_1 : Operation 654 [1/1] (0.00ns)   --->   "%tmp_148 = partselect i10 @_ssdm_op_PartSelect.i10.i576.i32.i32, i576 %layer5_out_read, i32 530, i32 539" [firmware/nnet_utils/nnet_activation_stream.h:52]   --->   Operation 654 'partselect' 'tmp_148' <Predicate = (icmp_ln51_29)> <Delay = 0.00>
ST_1 : Operation 655 [1/1] (1.73ns)   --->   "%icmp_ln52_29 = icmp_eq  i10 %tmp_148, i10 0" [firmware/nnet_utils/nnet_activation_stream.h:52]   --->   Operation 655 'icmp' 'icmp_ln52_29' <Predicate = (icmp_ln51_29)> <Delay = 1.73> <CoreInst = "Cmp">   --->   Core 9 'Cmp' <Latency = 0> <II = 1> <Delay = 1.73> <FuncUnit> <Opcode : 'seteq' 'setne' 'setle' 'setge' 'setlt' 'setgt'> <InPorts = 2> <OutPorts = 1>
ST_1 : Operation 656 [1/1] (0.00ns) (grouped into LUT with out node and_ln52_59)   --->   "%xor_ln52_87 = xor i1 %tmp_146, i1 1" [firmware/nnet_utils/nnet_activation_stream.h:52]   --->   Operation 656 'xor' 'xor_ln52_87' <Predicate = (icmp_ln51_29)> <Delay = 0.00> <CoreInst = "LogicGate">   --->   Core 74 'LogicGate' <Latency = 0> <II = 1> <Delay = 0.97> <FuncUnit> <Opcode : 'and' 'or' 'xor'> <InPorts = 2> <OutPorts = 1>
ST_1 : Operation 657 [1/1] (0.00ns) (grouped into LUT with out node and_ln52_59)   --->   "%or_ln52_87 = or i1 %tmp_147, i1 %xor_ln52_87" [firmware/nnet_utils/nnet_activation_stream.h:52]   --->   Operation 657 'or' 'or_ln52_87' <Predicate = (icmp_ln51_29)> <Delay = 0.00> <CoreInst = "LogicGate">   --->   Core 74 'LogicGate' <Latency = 0> <II = 1> <Delay = 0.97> <FuncUnit> <Opcode : 'and' 'or' 'xor'> <InPorts = 2> <OutPorts = 1>
ST_1 : Operation 658 [1/1] (0.00ns) (grouped into LUT with out node and_ln52_59)   --->   "%and_ln52_58 = and i1 %icmp_ln52_29, i1 %or_ln52_87" [firmware/nnet_utils/nnet_activation_stream.h:52]   --->   Operation 658 'and' 'and_ln52_58' <Predicate = (icmp_ln51_29)> <Delay = 0.00> <CoreInst = "LogicGate">   --->   Core 74 'LogicGate' <Latency = 0> <II = 1> <Delay = 0.97> <FuncUnit> <Opcode : 'and' 'or' 'xor'> <InPorts = 2> <OutPorts = 1>
ST_1 : Operation 659 [1/1] (0.00ns) (grouped into LUT with out node and_ln52_59)   --->   "%xor_ln52_88 = xor i1 %and_ln52_58, i1 1" [firmware/nnet_utils/nnet_activation_stream.h:52]   --->   Operation 659 'xor' 'xor_ln52_88' <Predicate = (icmp_ln51_29)> <Delay = 0.00> <CoreInst = "LogicGate">   --->   Core 74 'LogicGate' <Latency = 0> <II = 1> <Delay = 0.97> <FuncUnit> <Opcode : 'and' 'or' 'xor'> <InPorts = 2> <OutPorts = 1>
ST_1 : Operation 660 [1/1] (0.00ns) (grouped into LUT with out node and_ln52_59)   --->   "%or_ln52_88 = or i1 %tmp_147, i1 %xor_ln52_88" [firmware/nnet_utils/nnet_activation_stream.h:52]   --->   Operation 660 'or' 'or_ln52_88' <Predicate = (icmp_ln51_29)> <Delay = 0.00> <CoreInst = "LogicGate">   --->   Core 74 'LogicGate' <Latency = 0> <II = 1> <Delay = 0.97> <FuncUnit> <Opcode : 'and' 'or' 'xor'> <InPorts = 2> <OutPorts = 1>
ST_1 : Operation 661 [1/1] (0.00ns) (grouped into LUT with out node and_ln52_59)   --->   "%xor_ln52_89 = xor i1 %tmp_144, i1 1" [firmware/nnet_utils/nnet_activation_stream.h:52]   --->   Operation 661 'xor' 'xor_ln52_89' <Predicate = (icmp_ln51_29)> <Delay = 0.00> <CoreInst = "LogicGate">   --->   Core 74 'LogicGate' <Latency = 0> <II = 1> <Delay = 0.97> <FuncUnit> <Opcode : 'and' 'or' 'xor'> <InPorts = 2> <OutPorts = 1>
ST_1 : Operation 662 [1/1] (0.97ns) (out node of the LUT)   --->   "%and_ln52_59 = and i1 %or_ln52_88, i1 %xor_ln52_89" [firmware/nnet_utils/nnet_activation_stream.h:52]   --->   Operation 662 'and' 'and_ln52_59' <Predicate = (icmp_ln51_29)> <Delay = 0.97> <CoreInst = "LogicGate">   --->   Core 74 'LogicGate' <Latency = 0> <II = 1> <Delay = 0.97> <FuncUnit> <Opcode : 'and' 'or' 'xor'> <InPorts = 2> <OutPorts = 1>
ST_1 : Operation 663 [1/1] (0.00ns) (grouped into LUT with out node out_data_0_29_0_0_0_load)   --->   "%select_ln52_58 = select i1 %and_ln52_59, i6 31, i6 32" [firmware/nnet_utils/nnet_activation_stream.h:52]   --->   Operation 663 'select' 'select_ln52_58' <Predicate = (or_ln52_89 & icmp_ln51_29)> <Delay = 0.00> <CoreInst = "Sel">   --->   Core 73 'Sel' <Latency = 0> <II = 1> <Delay = 0.99> <FuncUnit> <Opcode : 'select'> <InPorts = 3> <OutPorts = 1>
ST_1 : Operation 664 [1/1] (0.00ns) (grouped into LUT with out node out_data_0_29_0_0_0_load)   --->   "%or_ln52_89 = or i1 %and_ln52_59, i1 %tmp_144" [firmware/nnet_utils/nnet_activation_stream.h:52]   --->   Operation 664 'or' 'or_ln52_89' <Predicate = (icmp_ln51_29)> <Delay = 0.00> <CoreInst = "LogicGate">   --->   Core 74 'LogicGate' <Latency = 0> <II = 1> <Delay = 0.97> <FuncUnit> <Opcode : 'and' 'or' 'xor'> <InPorts = 2> <OutPorts = 1>
ST_1 : Operation 665 [1/1] (0.00ns) (grouped into LUT with out node out_data_0_29_0_0_0_load)   --->   "%select_ln52_59 = select i1 %or_ln52_89, i6 %select_ln52_58, i6 %add_ln52_29" [firmware/nnet_utils/nnet_activation_stream.h:52]   --->   Operation 665 'select' 'select_ln52_59' <Predicate = (icmp_ln51_29)> <Delay = 0.00> <CoreInst = "Sel">   --->   Core 73 'Sel' <Latency = 0> <II = 1> <Delay = 1.18> <FuncUnit> <Opcode : 'select'> <InPorts = 3> <OutPorts = 1>
ST_1 : Operation 666 [1/1] (1.18ns) (out node of the LUT)   --->   "%out_data_0_29_0_0_0_load = select i1 %icmp_ln51_29, i6 %select_ln52_59, i6 0" [firmware/nnet_utils/nnet_activation_stream.h:51]   --->   Operation 666 'select' 'out_data_0_29_0_0_0_load' <Predicate = true> <Delay = 1.18> <CoreInst = "Sel">   --->   Core 73 'Sel' <Latency = 0> <II = 1> <Delay = 1.18> <FuncUnit> <Opcode : 'select'> <InPorts = 3> <OutPorts = 1>
ST_1 : Operation 667 [1/1] (2.13ns)   --->   "%icmp_ln51_30 = icmp_sgt  i18 %trunc_ln44_29, i18 0" [firmware/nnet_utils/nnet_activation_stream.h:51]   --->   Operation 667 'icmp' 'icmp_ln51_30' <Predicate = true> <Delay = 2.13> <CoreInst = "Cmp">   --->   Core 9 'Cmp' <Latency = 0> <II = 1> <Delay = 2.13> <FuncUnit> <Opcode : 'seteq' 'setne' 'setle' 'setge' 'setlt' 'setgt'> <InPorts = 2> <OutPorts = 1>
ST_1 : Operation 668 [1/1] (0.00ns)   --->   "%tmp_149 = bitselect i1 @_ssdm_op_BitSelect.i1.i576.i32, i576 %layer5_out_read, i32 557" [firmware/nnet_utils/nnet_activation_stream.h:52]   --->   Operation 668 'bitselect' 'tmp_149' <Predicate = (icmp_ln51_30)> <Delay = 0.00>
ST_1 : Operation 669 [1/1] (0.00ns)   --->   "%trunc_ln52_29 = partselect i6 @_ssdm_op_PartSelect.i6.i576.i32.i32, i576 %layer5_out_read, i32 542, i32 547" [firmware/nnet_utils/nnet_activation_stream.h:52]   --->   Operation 669 'partselect' 'trunc_ln52_29' <Predicate = (icmp_ln51_30)> <Delay = 0.00>
ST_1 : Operation 670 [1/1] (0.00ns)   --->   "%tmp_150 = bitselect i1 @_ssdm_op_BitSelect.i1.i576.i32, i576 %layer5_out_read, i32 541" [firmware/nnet_utils/nnet_activation_stream.h:52]   --->   Operation 670 'bitselect' 'tmp_150' <Predicate = (icmp_ln51_30)> <Delay = 0.00>
ST_1 : Operation 671 [1/1] (0.00ns) (grouped into LUT with out node and_ln52_61)   --->   "%tmp_151 = bitselect i1 @_ssdm_op_BitSelect.i1.i576.i32, i576 %layer5_out_read, i32 547" [firmware/nnet_utils/nnet_activation_stream.h:52]   --->   Operation 671 'bitselect' 'tmp_151' <Predicate = (icmp_ln51_30)> <Delay = 0.00>
ST_1 : Operation 672 [1/1] (0.00ns)   --->   "%zext_ln52_30 = zext i1 %tmp_150" [firmware/nnet_utils/nnet_activation_stream.h:52]   --->   Operation 672 'zext' 'zext_ln52_30' <Predicate = (icmp_ln51_30)> <Delay = 0.00>
ST_1 : Operation 673 [1/1] (1.82ns)   --->   "%add_ln52_30 = add i6 %trunc_ln52_29, i6 %zext_ln52_30" [firmware/nnet_utils/nnet_activation_stream.h:52]   --->   Operation 673 'add' 'add_ln52_30' <Predicate = (icmp_ln51_30)> <Delay = 1.82> <CoreInst = "Adder">   --->   Core 1 'Adder' <Latency = 0> <II = 1> <Delay = 1.82> <FuncUnit> <Opcode : 'add' 'sub'> <InPorts = 2> <OutPorts = 1>
ST_1 : Operation 674 [1/1] (0.00ns)   --->   "%tmp_152 = bitselect i1 @_ssdm_op_BitSelect.i1.i6.i32, i6 %add_ln52_30, i32 5" [firmware/nnet_utils/nnet_activation_stream.h:52]   --->   Operation 674 'bitselect' 'tmp_152' <Predicate = (icmp_ln51_30)> <Delay = 0.00>
ST_1 : Operation 675 [1/1] (0.00ns)   --->   "%tmp_153 = partselect i10 @_ssdm_op_PartSelect.i10.i576.i32.i32, i576 %layer5_out_read, i32 548, i32 557" [firmware/nnet_utils/nnet_activation_stream.h:52]   --->   Operation 675 'partselect' 'tmp_153' <Predicate = (icmp_ln51_30)> <Delay = 0.00>
ST_1 : Operation 676 [1/1] (1.73ns)   --->   "%icmp_ln52_30 = icmp_eq  i10 %tmp_153, i10 0" [firmware/nnet_utils/nnet_activation_stream.h:52]   --->   Operation 676 'icmp' 'icmp_ln52_30' <Predicate = (icmp_ln51_30)> <Delay = 1.73> <CoreInst = "Cmp">   --->   Core 9 'Cmp' <Latency = 0> <II = 1> <Delay = 1.73> <FuncUnit> <Opcode : 'seteq' 'setne' 'setle' 'setge' 'setlt' 'setgt'> <InPorts = 2> <OutPorts = 1>
ST_1 : Operation 677 [1/1] (0.00ns) (grouped into LUT with out node and_ln52_61)   --->   "%xor_ln52_90 = xor i1 %tmp_151, i1 1" [firmware/nnet_utils/nnet_activation_stream.h:52]   --->   Operation 677 'xor' 'xor_ln52_90' <Predicate = (icmp_ln51_30)> <Delay = 0.00> <CoreInst = "LogicGate">   --->   Core 74 'LogicGate' <Latency = 0> <II = 1> <Delay = 0.97> <FuncUnit> <Opcode : 'and' 'or' 'xor'> <InPorts = 2> <OutPorts = 1>
ST_1 : Operation 678 [1/1] (0.00ns) (grouped into LUT with out node and_ln52_61)   --->   "%or_ln52_90 = or i1 %tmp_152, i1 %xor_ln52_90" [firmware/nnet_utils/nnet_activation_stream.h:52]   --->   Operation 678 'or' 'or_ln52_90' <Predicate = (icmp_ln51_30)> <Delay = 0.00> <CoreInst = "LogicGate">   --->   Core 74 'LogicGate' <Latency = 0> <II = 1> <Delay = 0.97> <FuncUnit> <Opcode : 'and' 'or' 'xor'> <InPorts = 2> <OutPorts = 1>
ST_1 : Operation 679 [1/1] (0.00ns) (grouped into LUT with out node and_ln52_61)   --->   "%and_ln52_60 = and i1 %icmp_ln52_30, i1 %or_ln52_90" [firmware/nnet_utils/nnet_activation_stream.h:52]   --->   Operation 679 'and' 'and_ln52_60' <Predicate = (icmp_ln51_30)> <Delay = 0.00> <CoreInst = "LogicGate">   --->   Core 74 'LogicGate' <Latency = 0> <II = 1> <Delay = 0.97> <FuncUnit> <Opcode : 'and' 'or' 'xor'> <InPorts = 2> <OutPorts = 1>
ST_1 : Operation 680 [1/1] (0.00ns) (grouped into LUT with out node and_ln52_61)   --->   "%xor_ln52_91 = xor i1 %and_ln52_60, i1 1" [firmware/nnet_utils/nnet_activation_stream.h:52]   --->   Operation 680 'xor' 'xor_ln52_91' <Predicate = (icmp_ln51_30)> <Delay = 0.00> <CoreInst = "LogicGate">   --->   Core 74 'LogicGate' <Latency = 0> <II = 1> <Delay = 0.97> <FuncUnit> <Opcode : 'and' 'or' 'xor'> <InPorts = 2> <OutPorts = 1>
ST_1 : Operation 681 [1/1] (0.00ns) (grouped into LUT with out node and_ln52_61)   --->   "%or_ln52_91 = or i1 %tmp_152, i1 %xor_ln52_91" [firmware/nnet_utils/nnet_activation_stream.h:52]   --->   Operation 681 'or' 'or_ln52_91' <Predicate = (icmp_ln51_30)> <Delay = 0.00> <CoreInst = "LogicGate">   --->   Core 74 'LogicGate' <Latency = 0> <II = 1> <Delay = 0.97> <FuncUnit> <Opcode : 'and' 'or' 'xor'> <InPorts = 2> <OutPorts = 1>
ST_1 : Operation 682 [1/1] (0.00ns) (grouped into LUT with out node and_ln52_61)   --->   "%xor_ln52_92 = xor i1 %tmp_149, i1 1" [firmware/nnet_utils/nnet_activation_stream.h:52]   --->   Operation 682 'xor' 'xor_ln52_92' <Predicate = (icmp_ln51_30)> <Delay = 0.00> <CoreInst = "LogicGate">   --->   Core 74 'LogicGate' <Latency = 0> <II = 1> <Delay = 0.97> <FuncUnit> <Opcode : 'and' 'or' 'xor'> <InPorts = 2> <OutPorts = 1>
ST_1 : Operation 683 [1/1] (0.97ns) (out node of the LUT)   --->   "%and_ln52_61 = and i1 %or_ln52_91, i1 %xor_ln52_92" [firmware/nnet_utils/nnet_activation_stream.h:52]   --->   Operation 683 'and' 'and_ln52_61' <Predicate = (icmp_ln51_30)> <Delay = 0.97> <CoreInst = "LogicGate">   --->   Core 74 'LogicGate' <Latency = 0> <II = 1> <Delay = 0.97> <FuncUnit> <Opcode : 'and' 'or' 'xor'> <InPorts = 2> <OutPorts = 1>
ST_1 : Operation 684 [1/1] (0.00ns) (grouped into LUT with out node out_data_0_30_0_0_0_load)   --->   "%select_ln52_60 = select i1 %and_ln52_61, i6 31, i6 32" [firmware/nnet_utils/nnet_activation_stream.h:52]   --->   Operation 684 'select' 'select_ln52_60' <Predicate = (or_ln52_92 & icmp_ln51_30)> <Delay = 0.00> <CoreInst = "Sel">   --->   Core 73 'Sel' <Latency = 0> <II = 1> <Delay = 0.99> <FuncUnit> <Opcode : 'select'> <InPorts = 3> <OutPorts = 1>
ST_1 : Operation 685 [1/1] (0.00ns) (grouped into LUT with out node out_data_0_30_0_0_0_load)   --->   "%or_ln52_92 = or i1 %and_ln52_61, i1 %tmp_149" [firmware/nnet_utils/nnet_activation_stream.h:52]   --->   Operation 685 'or' 'or_ln52_92' <Predicate = (icmp_ln51_30)> <Delay = 0.00> <CoreInst = "LogicGate">   --->   Core 74 'LogicGate' <Latency = 0> <II = 1> <Delay = 0.97> <FuncUnit> <Opcode : 'and' 'or' 'xor'> <InPorts = 2> <OutPorts = 1>
ST_1 : Operation 686 [1/1] (0.00ns) (grouped into LUT with out node out_data_0_30_0_0_0_load)   --->   "%select_ln52_61 = select i1 %or_ln52_92, i6 %select_ln52_60, i6 %add_ln52_30" [firmware/nnet_utils/nnet_activation_stream.h:52]   --->   Operation 686 'select' 'select_ln52_61' <Predicate = (icmp_ln51_30)> <Delay = 0.00> <CoreInst = "Sel">   --->   Core 73 'Sel' <Latency = 0> <II = 1> <Delay = 1.18> <FuncUnit> <Opcode : 'select'> <InPorts = 3> <OutPorts = 1>
ST_1 : Operation 687 [1/1] (1.18ns) (out node of the LUT)   --->   "%out_data_0_30_0_0_0_load = select i1 %icmp_ln51_30, i6 %select_ln52_61, i6 0" [firmware/nnet_utils/nnet_activation_stream.h:51]   --->   Operation 687 'select' 'out_data_0_30_0_0_0_load' <Predicate = true> <Delay = 1.18> <CoreInst = "Sel">   --->   Core 73 'Sel' <Latency = 0> <II = 1> <Delay = 1.18> <FuncUnit> <Opcode : 'select'> <InPorts = 3> <OutPorts = 1>
ST_1 : Operation 688 [1/1] (2.13ns)   --->   "%icmp_ln51_31 = icmp_sgt  i18 %trunc_ln44_30, i18 0" [firmware/nnet_utils/nnet_activation_stream.h:51]   --->   Operation 688 'icmp' 'icmp_ln51_31' <Predicate = true> <Delay = 2.13> <CoreInst = "Cmp">   --->   Core 9 'Cmp' <Latency = 0> <II = 1> <Delay = 2.13> <FuncUnit> <Opcode : 'seteq' 'setne' 'setle' 'setge' 'setlt' 'setgt'> <InPorts = 2> <OutPorts = 1>
ST_1 : Operation 689 [1/1] (0.00ns)   --->   "%tmp_154 = bitselect i1 @_ssdm_op_BitSelect.i1.i576.i32, i576 %layer5_out_read, i32 575" [firmware/nnet_utils/nnet_activation_stream.h:52]   --->   Operation 689 'bitselect' 'tmp_154' <Predicate = (icmp_ln51_31)> <Delay = 0.00>
ST_1 : Operation 690 [1/1] (0.00ns)   --->   "%trunc_ln52_30 = partselect i6 @_ssdm_op_PartSelect.i6.i576.i32.i32, i576 %layer5_out_read, i32 560, i32 565" [firmware/nnet_utils/nnet_activation_stream.h:52]   --->   Operation 690 'partselect' 'trunc_ln52_30' <Predicate = (icmp_ln51_31)> <Delay = 0.00>
ST_1 : Operation 691 [1/1] (0.00ns)   --->   "%tmp_155 = bitselect i1 @_ssdm_op_BitSelect.i1.i576.i32, i576 %layer5_out_read, i32 559" [firmware/nnet_utils/nnet_activation_stream.h:52]   --->   Operation 691 'bitselect' 'tmp_155' <Predicate = (icmp_ln51_31)> <Delay = 0.00>
ST_1 : Operation 692 [1/1] (0.00ns) (grouped into LUT with out node and_ln52_63)   --->   "%tmp_156 = bitselect i1 @_ssdm_op_BitSelect.i1.i576.i32, i576 %layer5_out_read, i32 565" [firmware/nnet_utils/nnet_activation_stream.h:52]   --->   Operation 692 'bitselect' 'tmp_156' <Predicate = (icmp_ln51_31)> <Delay = 0.00>
ST_1 : Operation 693 [1/1] (0.00ns)   --->   "%zext_ln52_31 = zext i1 %tmp_155" [firmware/nnet_utils/nnet_activation_stream.h:52]   --->   Operation 693 'zext' 'zext_ln52_31' <Predicate = (icmp_ln51_31)> <Delay = 0.00>
ST_1 : Operation 694 [1/1] (1.82ns)   --->   "%add_ln52_31 = add i6 %trunc_ln52_30, i6 %zext_ln52_31" [firmware/nnet_utils/nnet_activation_stream.h:52]   --->   Operation 694 'add' 'add_ln52_31' <Predicate = (icmp_ln51_31)> <Delay = 1.82> <CoreInst = "Adder">   --->   Core 1 'Adder' <Latency = 0> <II = 1> <Delay = 1.82> <FuncUnit> <Opcode : 'add' 'sub'> <InPorts = 2> <OutPorts = 1>
ST_1 : Operation 695 [1/1] (0.00ns)   --->   "%tmp_157 = bitselect i1 @_ssdm_op_BitSelect.i1.i6.i32, i6 %add_ln52_31, i32 5" [firmware/nnet_utils/nnet_activation_stream.h:52]   --->   Operation 695 'bitselect' 'tmp_157' <Predicate = (icmp_ln51_31)> <Delay = 0.00>
ST_1 : Operation 696 [1/1] (0.00ns)   --->   "%tmp_158 = partselect i10 @_ssdm_op_PartSelect.i10.i576.i32.i32, i576 %layer5_out_read, i32 566, i32 575" [firmware/nnet_utils/nnet_activation_stream.h:52]   --->   Operation 696 'partselect' 'tmp_158' <Predicate = (icmp_ln51_31)> <Delay = 0.00>
ST_1 : Operation 697 [1/1] (1.73ns)   --->   "%icmp_ln52_31 = icmp_eq  i10 %tmp_158, i10 0" [firmware/nnet_utils/nnet_activation_stream.h:52]   --->   Operation 697 'icmp' 'icmp_ln52_31' <Predicate = (icmp_ln51_31)> <Delay = 1.73> <CoreInst = "Cmp">   --->   Core 9 'Cmp' <Latency = 0> <II = 1> <Delay = 1.73> <FuncUnit> <Opcode : 'seteq' 'setne' 'setle' 'setge' 'setlt' 'setgt'> <InPorts = 2> <OutPorts = 1>
ST_1 : Operation 698 [1/1] (0.00ns) (grouped into LUT with out node and_ln52_63)   --->   "%xor_ln52_93 = xor i1 %tmp_156, i1 1" [firmware/nnet_utils/nnet_activation_stream.h:52]   --->   Operation 698 'xor' 'xor_ln52_93' <Predicate = (icmp_ln51_31)> <Delay = 0.00> <CoreInst = "LogicGate">   --->   Core 74 'LogicGate' <Latency = 0> <II = 1> <Delay = 0.97> <FuncUnit> <Opcode : 'and' 'or' 'xor'> <InPorts = 2> <OutPorts = 1>
ST_1 : Operation 699 [1/1] (0.00ns) (grouped into LUT with out node and_ln52_63)   --->   "%or_ln52_93 = or i1 %tmp_157, i1 %xor_ln52_93" [firmware/nnet_utils/nnet_activation_stream.h:52]   --->   Operation 699 'or' 'or_ln52_93' <Predicate = (icmp_ln51_31)> <Delay = 0.00> <CoreInst = "LogicGate">   --->   Core 74 'LogicGate' <Latency = 0> <II = 1> <Delay = 0.97> <FuncUnit> <Opcode : 'and' 'or' 'xor'> <InPorts = 2> <OutPorts = 1>
ST_1 : Operation 700 [1/1] (0.00ns) (grouped into LUT with out node and_ln52_63)   --->   "%and_ln52_62 = and i1 %icmp_ln52_31, i1 %or_ln52_93" [firmware/nnet_utils/nnet_activation_stream.h:52]   --->   Operation 700 'and' 'and_ln52_62' <Predicate = (icmp_ln51_31)> <Delay = 0.00> <CoreInst = "LogicGate">   --->   Core 74 'LogicGate' <Latency = 0> <II = 1> <Delay = 0.97> <FuncUnit> <Opcode : 'and' 'or' 'xor'> <InPorts = 2> <OutPorts = 1>
ST_1 : Operation 701 [1/1] (0.00ns) (grouped into LUT with out node and_ln52_63)   --->   "%xor_ln52_94 = xor i1 %and_ln52_62, i1 1" [firmware/nnet_utils/nnet_activation_stream.h:52]   --->   Operation 701 'xor' 'xor_ln52_94' <Predicate = (icmp_ln51_31)> <Delay = 0.00> <CoreInst = "LogicGate">   --->   Core 74 'LogicGate' <Latency = 0> <II = 1> <Delay = 0.97> <FuncUnit> <Opcode : 'and' 'or' 'xor'> <InPorts = 2> <OutPorts = 1>
ST_1 : Operation 702 [1/1] (0.00ns) (grouped into LUT with out node and_ln52_63)   --->   "%or_ln52_94 = or i1 %tmp_157, i1 %xor_ln52_94" [firmware/nnet_utils/nnet_activation_stream.h:52]   --->   Operation 702 'or' 'or_ln52_94' <Predicate = (icmp_ln51_31)> <Delay = 0.00> <CoreInst = "LogicGate">   --->   Core 74 'LogicGate' <Latency = 0> <II = 1> <Delay = 0.97> <FuncUnit> <Opcode : 'and' 'or' 'xor'> <InPorts = 2> <OutPorts = 1>
ST_1 : Operation 703 [1/1] (0.00ns) (grouped into LUT with out node and_ln52_63)   --->   "%xor_ln52_95 = xor i1 %tmp_154, i1 1" [firmware/nnet_utils/nnet_activation_stream.h:52]   --->   Operation 703 'xor' 'xor_ln52_95' <Predicate = (icmp_ln51_31)> <Delay = 0.00> <CoreInst = "LogicGate">   --->   Core 74 'LogicGate' <Latency = 0> <II = 1> <Delay = 0.97> <FuncUnit> <Opcode : 'and' 'or' 'xor'> <InPorts = 2> <OutPorts = 1>
ST_1 : Operation 704 [1/1] (0.97ns) (out node of the LUT)   --->   "%and_ln52_63 = and i1 %or_ln52_94, i1 %xor_ln52_95" [firmware/nnet_utils/nnet_activation_stream.h:52]   --->   Operation 704 'and' 'and_ln52_63' <Predicate = (icmp_ln51_31)> <Delay = 0.97> <CoreInst = "LogicGate">   --->   Core 74 'LogicGate' <Latency = 0> <II = 1> <Delay = 0.97> <FuncUnit> <Opcode : 'and' 'or' 'xor'> <InPorts = 2> <OutPorts = 1>
ST_1 : Operation 705 [1/1] (0.00ns) (grouped into LUT with out node out_data_0_31_0_0_0_load)   --->   "%select_ln52_62 = select i1 %and_ln52_63, i6 31, i6 32" [firmware/nnet_utils/nnet_activation_stream.h:52]   --->   Operation 705 'select' 'select_ln52_62' <Predicate = (or_ln52_95 & icmp_ln51_31)> <Delay = 0.00> <CoreInst = "Sel">   --->   Core 73 'Sel' <Latency = 0> <II = 1> <Delay = 0.99> <FuncUnit> <Opcode : 'select'> <InPorts = 3> <OutPorts = 1>
ST_1 : Operation 706 [1/1] (0.00ns) (grouped into LUT with out node out_data_0_31_0_0_0_load)   --->   "%or_ln52_95 = or i1 %and_ln52_63, i1 %tmp_154" [firmware/nnet_utils/nnet_activation_stream.h:52]   --->   Operation 706 'or' 'or_ln52_95' <Predicate = (icmp_ln51_31)> <Delay = 0.00> <CoreInst = "LogicGate">   --->   Core 74 'LogicGate' <Latency = 0> <II = 1> <Delay = 0.97> <FuncUnit> <Opcode : 'and' 'or' 'xor'> <InPorts = 2> <OutPorts = 1>
ST_1 : Operation 707 [1/1] (0.00ns) (grouped into LUT with out node out_data_0_31_0_0_0_load)   --->   "%select_ln52_63 = select i1 %or_ln52_95, i6 %select_ln52_62, i6 %add_ln52_31" [firmware/nnet_utils/nnet_activation_stream.h:52]   --->   Operation 707 'select' 'select_ln52_63' <Predicate = (icmp_ln51_31)> <Delay = 0.00> <CoreInst = "Sel">   --->   Core 73 'Sel' <Latency = 0> <II = 1> <Delay = 1.18> <FuncUnit> <Opcode : 'select'> <InPorts = 3> <OutPorts = 1>
ST_1 : Operation 708 [1/1] (1.18ns) (out node of the LUT)   --->   "%out_data_0_31_0_0_0_load = select i1 %icmp_ln51_31, i6 %select_ln52_63, i6 0" [firmware/nnet_utils/nnet_activation_stream.h:51]   --->   Operation 708 'select' 'out_data_0_31_0_0_0_load' <Predicate = true> <Delay = 1.18> <CoreInst = "Sel">   --->   Core 73 'Sel' <Latency = 0> <II = 1> <Delay = 1.18> <FuncUnit> <Opcode : 'select'> <InPorts = 3> <OutPorts = 1>
ST_1 : Operation 709 [1/1] (0.00ns)   --->   "%p_s = bitconcatenate i192 @_ssdm_op_BitConcatenate.i192.i6.i6.i6.i6.i6.i6.i6.i6.i6.i6.i6.i6.i6.i6.i6.i6.i6.i6.i6.i6.i6.i6.i6.i6.i6.i6.i6.i6.i6.i6.i6.i6, i6 %out_data_0_31_0_0_0_load, i6 %out_data_0_30_0_0_0_load, i6 %out_data_0_29_0_0_0_load, i6 %out_data_0_28_0_0_0_load, i6 %out_data_0_27_0_0_0_load, i6 %out_data_0_26_0_0_0_load, i6 %out_data_0_25_0_0_0_load, i6 %out_data_0_24_0_0_0_load, i6 %out_data_0_23_0_0_0_load, i6 %out_data_0_22_0_0_0_load, i6 %out_data_0_21_0_0_0_load, i6 %out_data_0_20_0_0_0_load, i6 %out_data_0_19_0_0_0_load, i6 %out_data_0_18_0_0_0_load, i6 %out_data_0_17_0_0_0_load, i6 %out_data_0_16_0_0_0_load, i6 %out_data_0_15_0_0_0_load, i6 %out_data_0_14_0_0_0_load, i6 %out_data_0_13_0_0_0_load, i6 %out_data_0_12_0_0_0_load, i6 %out_data_0_11_0_0_0_load, i6 %out_data_0_10_0_0_0_load, i6 %out_data_0_9_0_0_0_load, i6 %out_data_0_8_0_0_0_load, i6 %out_data_0_7_0_0_0_load, i6 %out_data_0_6_0_0_0_load, i6 %out_data_0_5_0_0_0_load, i6 %out_data_0_4_0_0_0_load, i6 %out_data_0_3_0_0_0_load, i6 %out_data_0_2_0_0_0_load, i6 %out_data_0_1_0_0_0_load, i6 %out_data_0_0_0_0_0_load" [firmware/nnet_utils/nnet_activation_stream.h:57]   --->   Operation 709 'bitconcatenate' 'p_s' <Predicate = true> <Delay = 0.00>
ST_1 : Operation 710 [1/1] ( I:3.63ns O:3.63ns )   --->   "%write_ln57 = write void @_ssdm_op_Write.ap_fifo.volatile.i192P0A, i192 %layer6_out, i192 %p_s" [firmware/nnet_utils/nnet_activation_stream.h:57]   --->   Operation 710 'write' 'write_ln57' <Predicate = true> <Delay = 3.63> <CoreInst = "FIFO_SRL">   --->   Core 80 'FIFO_SRL' <Latency = 0> <II = 1> <Delay = 3.63> <Storage> <Opcode : 'read' 'write' 'nbread' 'nbwrite'> <Ports = 0> <Width = 192> <Depth = 1> <FIFO>
ST_1 : Operation 711 [1/1] (0.00ns)   --->   "%ret_ln59 = ret" [firmware/nnet_utils/nnet_activation_stream.h:59]   --->   Operation 711 'ret' 'ret_ln59' <Predicate = true> <Delay = 0.00>


============================================================
+ Verbose Summary: Binding
============================================================
STG Binding: 
---------------- STG Properties BEGIN ----------------
- Is combinational: 0
- Is one-state seq: 1
- Is datapath-only: 0
- Is pipelined: 0
- Is top level: 0
Port [ Return ] is wired: 1; IO mode=ap_ctrl_hs:ce=0
Port [ layer5_out]:  wired=1; compound=1; hidden=0; nouse=0; global=0; static=0; extern=0; dir=0; type=3; pingpong=0; private_global=0; IO mode=ap_fifo:ce=0
Port [ layer6_out]:  wired=1; compound=1; hidden=0; nouse=0; global=0; static=0; extern=0; dir=1; type=3; pingpong=0; private_global=0; IO mode=ap_fifo:ce=0
---------------- STG Properties END ------------------

---------------- Datapath Model BEGIN ----------------

<LifeTime>
<method=bitvector/>
specinterface_ln0        (specinterface ) [ 00]
specinterface_ln0        (specinterface ) [ 00]
layer5_out_read          (read          ) [ 00]
trunc_ln44               (trunc         ) [ 00]
trunc_ln44_s             (partselect    ) [ 00]
trunc_ln44_1             (partselect    ) [ 00]
trunc_ln44_2             (partselect    ) [ 00]
trunc_ln44_3             (partselect    ) [ 00]
trunc_ln44_4             (partselect    ) [ 00]
trunc_ln44_5             (partselect    ) [ 00]
trunc_ln44_6             (partselect    ) [ 00]
trunc_ln44_7             (partselect    ) [ 00]
trunc_ln44_8             (partselect    ) [ 00]
trunc_ln44_9             (partselect    ) [ 00]
trunc_ln44_10            (partselect    ) [ 00]
trunc_ln44_11            (partselect    ) [ 00]
trunc_ln44_12            (partselect    ) [ 00]
trunc_ln44_13            (partselect    ) [ 00]
trunc_ln44_14            (partselect    ) [ 00]
trunc_ln44_15            (partselect    ) [ 00]
trunc_ln44_16            (partselect    ) [ 00]
trunc_ln44_17            (partselect    ) [ 00]
trunc_ln44_18            (partselect    ) [ 00]
trunc_ln44_19            (partselect    ) [ 00]
trunc_ln44_20            (partselect    ) [ 00]
trunc_ln44_21            (partselect    ) [ 00]
trunc_ln44_22            (partselect    ) [ 00]
trunc_ln44_23            (partselect    ) [ 00]
trunc_ln44_24            (partselect    ) [ 00]
trunc_ln44_25            (partselect    ) [ 00]
trunc_ln44_26            (partselect    ) [ 00]
trunc_ln44_27            (partselect    ) [ 00]
trunc_ln44_28            (partselect    ) [ 00]
trunc_ln44_29            (partselect    ) [ 00]
trunc_ln44_30            (partselect    ) [ 00]
icmp_ln51                (icmp          ) [ 01]
tmp                      (bitselect     ) [ 00]
trunc_ln1                (partselect    ) [ 00]
tmp_1                    (bitselect     ) [ 00]
tmp_2                    (bitselect     ) [ 00]
zext_ln52                (zext          ) [ 00]
add_ln52                 (add           ) [ 00]
tmp_3                    (bitselect     ) [ 00]
tmp_4                    (partselect    ) [ 00]
icmp_ln52                (icmp          ) [ 00]
xor_ln52                 (xor           ) [ 00]
or_ln52_1                (or            ) [ 00]
and_ln52                 (and           ) [ 00]
xor_ln52_1               (xor           ) [ 00]
or_ln52                  (or            ) [ 00]
xor_ln52_2               (xor           ) [ 00]
and_ln52_1               (and           ) [ 00]
select_ln52              (select        ) [ 00]
or_ln52_2                (or            ) [ 01]
select_ln52_1            (select        ) [ 00]
out_data_0_0_0_0_0_load  (select        ) [ 00]
icmp_ln51_1              (icmp          ) [ 01]
tmp_5                    (bitselect     ) [ 00]
trunc_ln52_s             (partselect    ) [ 00]
tmp_6                    (bitselect     ) [ 00]
tmp_7                    (bitselect     ) [ 00]
zext_ln52_1              (zext          ) [ 00]
add_ln52_1               (add           ) [ 00]
tmp_8                    (bitselect     ) [ 00]
tmp_9                    (partselect    ) [ 00]
icmp_ln52_1              (icmp          ) [ 00]
xor_ln52_3               (xor           ) [ 00]
or_ln52_3                (or            ) [ 00]
and_ln52_2               (and           ) [ 00]
xor_ln52_4               (xor           ) [ 00]
or_ln52_4                (or            ) [ 00]
xor_ln52_5               (xor           ) [ 00]
and_ln52_3               (and           ) [ 00]
select_ln52_2            (select        ) [ 00]
or_ln52_5                (or            ) [ 01]
select_ln52_3            (select        ) [ 00]
out_data_0_1_0_0_0_load  (select        ) [ 00]
icmp_ln51_2              (icmp          ) [ 01]
tmp_10                   (bitselect     ) [ 00]
trunc_ln52_1             (partselect    ) [ 00]
tmp_11                   (bitselect     ) [ 00]
tmp_12                   (bitselect     ) [ 00]
zext_ln52_2              (zext          ) [ 00]
add_ln52_2               (add           ) [ 00]
tmp_13                   (bitselect     ) [ 00]
tmp_s                    (partselect    ) [ 00]
icmp_ln52_2              (icmp          ) [ 00]
xor_ln52_6               (xor           ) [ 00]
or_ln52_6                (or            ) [ 00]
and_ln52_4               (and           ) [ 00]
xor_ln52_7               (xor           ) [ 00]
or_ln52_7                (or            ) [ 00]
xor_ln52_8               (xor           ) [ 00]
and_ln52_5               (and           ) [ 00]
select_ln52_4            (select        ) [ 00]
or_ln52_8                (or            ) [ 01]
select_ln52_5            (select        ) [ 00]
out_data_0_2_0_0_0_load  (select        ) [ 00]
icmp_ln51_3              (icmp          ) [ 01]
tmp_14                   (bitselect     ) [ 00]
trunc_ln52_2             (partselect    ) [ 00]
tmp_15                   (bitselect     ) [ 00]
tmp_16                   (bitselect     ) [ 00]
zext_ln52_3              (zext          ) [ 00]
add_ln52_3               (add           ) [ 00]
tmp_17                   (bitselect     ) [ 00]
tmp_18                   (partselect    ) [ 00]
icmp_ln52_3              (icmp          ) [ 00]
xor_ln52_9               (xor           ) [ 00]
or_ln52_9                (or            ) [ 00]
and_ln52_6               (and           ) [ 00]
xor_ln52_10              (xor           ) [ 00]
or_ln52_10               (or            ) [ 00]
xor_ln52_11              (xor           ) [ 00]
and_ln52_7               (and           ) [ 00]
select_ln52_6            (select        ) [ 00]
or_ln52_11               (or            ) [ 01]
select_ln52_7            (select        ) [ 00]
out_data_0_3_0_0_0_load  (select        ) [ 00]
icmp_ln51_4              (icmp          ) [ 01]
tmp_19                   (bitselect     ) [ 00]
trunc_ln52_3             (partselect    ) [ 00]
tmp_20                   (bitselect     ) [ 00]
tmp_21                   (bitselect     ) [ 00]
zext_ln52_4              (zext          ) [ 00]
add_ln52_4               (add           ) [ 00]
tmp_22                   (bitselect     ) [ 00]
tmp_23                   (partselect    ) [ 00]
icmp_ln52_4              (icmp          ) [ 00]
xor_ln52_12              (xor           ) [ 00]
or_ln52_12               (or            ) [ 00]
and_ln52_8               (and           ) [ 00]
xor_ln52_13              (xor           ) [ 00]
or_ln52_13               (or            ) [ 00]
xor_ln52_14              (xor           ) [ 00]
and_ln52_9               (and           ) [ 00]
select_ln52_8            (select        ) [ 00]
or_ln52_14               (or            ) [ 01]
select_ln52_9            (select        ) [ 00]
out_data_0_4_0_0_0_load  (select        ) [ 00]
icmp_ln51_5              (icmp          ) [ 01]
tmp_24                   (bitselect     ) [ 00]
trunc_ln52_4             (partselect    ) [ 00]
tmp_25                   (bitselect     ) [ 00]
tmp_26                   (bitselect     ) [ 00]
zext_ln52_5              (zext          ) [ 00]
add_ln52_5               (add           ) [ 00]
tmp_27                   (bitselect     ) [ 00]
tmp_28                   (partselect    ) [ 00]
icmp_ln52_5              (icmp          ) [ 00]
xor_ln52_15              (xor           ) [ 00]
or_ln52_15               (or            ) [ 00]
and_ln52_10              (and           ) [ 00]
xor_ln52_16              (xor           ) [ 00]
or_ln52_16               (or            ) [ 00]
xor_ln52_17              (xor           ) [ 00]
and_ln52_11              (and           ) [ 00]
select_ln52_10           (select        ) [ 00]
or_ln52_17               (or            ) [ 01]
select_ln52_11           (select        ) [ 00]
out_data_0_5_0_0_0_load  (select        ) [ 00]
icmp_ln51_6              (icmp          ) [ 01]
tmp_29                   (bitselect     ) [ 00]
trunc_ln52_5             (partselect    ) [ 00]
tmp_30                   (bitselect     ) [ 00]
tmp_31                   (bitselect     ) [ 00]
zext_ln52_6              (zext          ) [ 00]
add_ln52_6               (add           ) [ 00]
tmp_32                   (bitselect     ) [ 00]
tmp_33                   (partselect    ) [ 00]
icmp_ln52_6              (icmp          ) [ 00]
xor_ln52_18              (xor           ) [ 00]
or_ln52_18               (or            ) [ 00]
and_ln52_12              (and           ) [ 00]
xor_ln52_19              (xor           ) [ 00]
or_ln52_19               (or            ) [ 00]
xor_ln52_20              (xor           ) [ 00]
and_ln52_13              (and           ) [ 00]
select_ln52_12           (select        ) [ 00]
or_ln52_20               (or            ) [ 01]
select_ln52_13           (select        ) [ 00]
out_data_0_6_0_0_0_load  (select        ) [ 00]
icmp_ln51_7              (icmp          ) [ 01]
tmp_34                   (bitselect     ) [ 00]
trunc_ln52_6             (partselect    ) [ 00]
tmp_35                   (bitselect     ) [ 00]
tmp_36                   (bitselect     ) [ 00]
zext_ln52_7              (zext          ) [ 00]
add_ln52_7               (add           ) [ 00]
tmp_37                   (bitselect     ) [ 00]
tmp_38                   (partselect    ) [ 00]
icmp_ln52_7              (icmp          ) [ 00]
xor_ln52_21              (xor           ) [ 00]
or_ln52_21               (or            ) [ 00]
and_ln52_14              (and           ) [ 00]
xor_ln52_22              (xor           ) [ 00]
or_ln52_22               (or            ) [ 00]
xor_ln52_23              (xor           ) [ 00]
and_ln52_15              (and           ) [ 00]
select_ln52_14           (select        ) [ 00]
or_ln52_23               (or            ) [ 01]
select_ln52_15           (select        ) [ 00]
out_data_0_7_0_0_0_load  (select        ) [ 00]
icmp_ln51_8              (icmp          ) [ 01]
tmp_39                   (bitselect     ) [ 00]
trunc_ln52_7             (partselect    ) [ 00]
tmp_40                   (bitselect     ) [ 00]
tmp_41                   (bitselect     ) [ 00]
zext_ln52_8              (zext          ) [ 00]
add_ln52_8               (add           ) [ 00]
tmp_42                   (bitselect     ) [ 00]
tmp_43                   (partselect    ) [ 00]
icmp_ln52_8              (icmp          ) [ 00]
xor_ln52_24              (xor           ) [ 00]
or_ln52_24               (or            ) [ 00]
and_ln52_16              (and           ) [ 00]
xor_ln52_25              (xor           ) [ 00]
or_ln52_25               (or            ) [ 00]
xor_ln52_26              (xor           ) [ 00]
and_ln52_17              (and           ) [ 00]
select_ln52_16           (select        ) [ 00]
or_ln52_26               (or            ) [ 01]
select_ln52_17           (select        ) [ 00]
out_data_0_8_0_0_0_load  (select        ) [ 00]
icmp_ln51_9              (icmp          ) [ 01]
tmp_44                   (bitselect     ) [ 00]
trunc_ln52_8             (partselect    ) [ 00]
tmp_45                   (bitselect     ) [ 00]
tmp_46                   (bitselect     ) [ 00]
zext_ln52_9              (zext          ) [ 00]
add_ln52_9               (add           ) [ 00]
tmp_47                   (bitselect     ) [ 00]
tmp_48                   (partselect    ) [ 00]
icmp_ln52_9              (icmp          ) [ 00]
xor_ln52_27              (xor           ) [ 00]
or_ln52_27               (or            ) [ 00]
and_ln52_18              (and           ) [ 00]
xor_ln52_28              (xor           ) [ 00]
or_ln52_28               (or            ) [ 00]
xor_ln52_29              (xor           ) [ 00]
and_ln52_19              (and           ) [ 00]
select_ln52_18           (select        ) [ 00]
or_ln52_29               (or            ) [ 01]
select_ln52_19           (select        ) [ 00]
out_data_0_9_0_0_0_load  (select        ) [ 00]
icmp_ln51_10             (icmp          ) [ 01]
tmp_49                   (bitselect     ) [ 00]
trunc_ln52_9             (partselect    ) [ 00]
tmp_50                   (bitselect     ) [ 00]
tmp_51                   (bitselect     ) [ 00]
zext_ln52_10             (zext          ) [ 00]
add_ln52_10              (add           ) [ 00]
tmp_52                   (bitselect     ) [ 00]
tmp_53                   (partselect    ) [ 00]
icmp_ln52_10             (icmp          ) [ 00]
xor_ln52_30              (xor           ) [ 00]
or_ln52_30               (or            ) [ 00]
and_ln52_20              (and           ) [ 00]
xor_ln52_31              (xor           ) [ 00]
or_ln52_31               (or            ) [ 00]
xor_ln52_32              (xor           ) [ 00]
and_ln52_21              (and           ) [ 00]
select_ln52_20           (select        ) [ 00]
or_ln52_32               (or            ) [ 01]
select_ln52_21           (select        ) [ 00]
out_data_0_10_0_0_0_load (select        ) [ 00]
icmp_ln51_11             (icmp          ) [ 01]
tmp_54                   (bitselect     ) [ 00]
trunc_ln52_10            (partselect    ) [ 00]
tmp_55                   (bitselect     ) [ 00]
tmp_56                   (bitselect     ) [ 00]
zext_ln52_11             (zext          ) [ 00]
add_ln52_11              (add           ) [ 00]
tmp_57                   (bitselect     ) [ 00]
tmp_58                   (partselect    ) [ 00]
icmp_ln52_11             (icmp          ) [ 00]
xor_ln52_33              (xor           ) [ 00]
or_ln52_33               (or            ) [ 00]
and_ln52_22              (and           ) [ 00]
xor_ln52_34              (xor           ) [ 00]
or_ln52_34               (or            ) [ 00]
xor_ln52_35              (xor           ) [ 00]
and_ln52_23              (and           ) [ 00]
select_ln52_22           (select        ) [ 00]
or_ln52_35               (or            ) [ 01]
select_ln52_23           (select        ) [ 00]
out_data_0_11_0_0_0_load (select        ) [ 00]
icmp_ln51_12             (icmp          ) [ 01]
tmp_59                   (bitselect     ) [ 00]
trunc_ln52_11            (partselect    ) [ 00]
tmp_60                   (bitselect     ) [ 00]
tmp_61                   (bitselect     ) [ 00]
zext_ln52_12             (zext          ) [ 00]
add_ln52_12              (add           ) [ 00]
tmp_62                   (bitselect     ) [ 00]
tmp_63                   (partselect    ) [ 00]
icmp_ln52_12             (icmp          ) [ 00]
xor_ln52_36              (xor           ) [ 00]
or_ln52_36               (or            ) [ 00]
and_ln52_24              (and           ) [ 00]
xor_ln52_37              (xor           ) [ 00]
or_ln52_37               (or            ) [ 00]
xor_ln52_38              (xor           ) [ 00]
and_ln52_25              (and           ) [ 00]
select_ln52_24           (select        ) [ 00]
or_ln52_38               (or            ) [ 01]
select_ln52_25           (select        ) [ 00]
out_data_0_12_0_0_0_load (select        ) [ 00]
icmp_ln51_13             (icmp          ) [ 01]
tmp_64                   (bitselect     ) [ 00]
trunc_ln52_12            (partselect    ) [ 00]
tmp_65                   (bitselect     ) [ 00]
tmp_66                   (bitselect     ) [ 00]
zext_ln52_13             (zext          ) [ 00]
add_ln52_13              (add           ) [ 00]
tmp_67                   (bitselect     ) [ 00]
tmp_68                   (partselect    ) [ 00]
icmp_ln52_13             (icmp          ) [ 00]
xor_ln52_39              (xor           ) [ 00]
or_ln52_39               (or            ) [ 00]
and_ln52_26              (and           ) [ 00]
xor_ln52_40              (xor           ) [ 00]
or_ln52_40               (or            ) [ 00]
xor_ln52_41              (xor           ) [ 00]
and_ln52_27              (and           ) [ 00]
select_ln52_26           (select        ) [ 00]
or_ln52_41               (or            ) [ 01]
select_ln52_27           (select        ) [ 00]
out_data_0_13_0_0_0_load (select        ) [ 00]
icmp_ln51_14             (icmp          ) [ 01]
tmp_69                   (bitselect     ) [ 00]
trunc_ln52_13            (partselect    ) [ 00]
tmp_70                   (bitselect     ) [ 00]
tmp_71                   (bitselect     ) [ 00]
zext_ln52_14             (zext          ) [ 00]
add_ln52_14              (add           ) [ 00]
tmp_72                   (bitselect     ) [ 00]
tmp_73                   (partselect    ) [ 00]
icmp_ln52_14             (icmp          ) [ 00]
xor_ln52_42              (xor           ) [ 00]
or_ln52_42               (or            ) [ 00]
and_ln52_28              (and           ) [ 00]
xor_ln52_43              (xor           ) [ 00]
or_ln52_43               (or            ) [ 00]
xor_ln52_44              (xor           ) [ 00]
and_ln52_29              (and           ) [ 00]
select_ln52_28           (select        ) [ 00]
or_ln52_44               (or            ) [ 01]
select_ln52_29           (select        ) [ 00]
out_data_0_14_0_0_0_load (select        ) [ 00]
icmp_ln51_15             (icmp          ) [ 01]
tmp_74                   (bitselect     ) [ 00]
trunc_ln52_14            (partselect    ) [ 00]
tmp_75                   (bitselect     ) [ 00]
tmp_76                   (bitselect     ) [ 00]
zext_ln52_15             (zext          ) [ 00]
add_ln52_15              (add           ) [ 00]
tmp_77                   (bitselect     ) [ 00]
tmp_78                   (partselect    ) [ 00]
icmp_ln52_15             (icmp          ) [ 00]
xor_ln52_45              (xor           ) [ 00]
or_ln52_45               (or            ) [ 00]
and_ln52_30              (and           ) [ 00]
xor_ln52_46              (xor           ) [ 00]
or_ln52_46               (or            ) [ 00]
xor_ln52_47              (xor           ) [ 00]
and_ln52_31              (and           ) [ 00]
select_ln52_30           (select        ) [ 00]
or_ln52_47               (or            ) [ 01]
select_ln52_31           (select        ) [ 00]
out_data_0_15_0_0_0_load (select        ) [ 00]
icmp_ln51_16             (icmp          ) [ 01]
tmp_79                   (bitselect     ) [ 00]
trunc_ln52_15            (partselect    ) [ 00]
tmp_80                   (bitselect     ) [ 00]
tmp_81                   (bitselect     ) [ 00]
zext_ln52_16             (zext          ) [ 00]
add_ln52_16              (add           ) [ 00]
tmp_82                   (bitselect     ) [ 00]
tmp_83                   (partselect    ) [ 00]
icmp_ln52_16             (icmp          ) [ 00]
xor_ln52_48              (xor           ) [ 00]
or_ln52_48               (or            ) [ 00]
and_ln52_32              (and           ) [ 00]
xor_ln52_49              (xor           ) [ 00]
or_ln52_49               (or            ) [ 00]
xor_ln52_50              (xor           ) [ 00]
and_ln52_33              (and           ) [ 00]
select_ln52_32           (select        ) [ 00]
or_ln52_50               (or            ) [ 01]
select_ln52_33           (select        ) [ 00]
out_data_0_16_0_0_0_load (select        ) [ 00]
icmp_ln51_17             (icmp          ) [ 01]
tmp_84                   (bitselect     ) [ 00]
trunc_ln52_16            (partselect    ) [ 00]
tmp_85                   (bitselect     ) [ 00]
tmp_86                   (bitselect     ) [ 00]
zext_ln52_17             (zext          ) [ 00]
add_ln52_17              (add           ) [ 00]
tmp_87                   (bitselect     ) [ 00]
tmp_88                   (partselect    ) [ 00]
icmp_ln52_17             (icmp          ) [ 00]
xor_ln52_51              (xor           ) [ 00]
or_ln52_51               (or            ) [ 00]
and_ln52_34              (and           ) [ 00]
xor_ln52_52              (xor           ) [ 00]
or_ln52_52               (or            ) [ 00]
xor_ln52_53              (xor           ) [ 00]
and_ln52_35              (and           ) [ 00]
select_ln52_34           (select        ) [ 00]
or_ln52_53               (or            ) [ 01]
select_ln52_35           (select        ) [ 00]
out_data_0_17_0_0_0_load (select        ) [ 00]
icmp_ln51_18             (icmp          ) [ 01]
tmp_89                   (bitselect     ) [ 00]
trunc_ln52_17            (partselect    ) [ 00]
tmp_90                   (bitselect     ) [ 00]
tmp_91                   (bitselect     ) [ 00]
zext_ln52_18             (zext          ) [ 00]
add_ln52_18              (add           ) [ 00]
tmp_92                   (bitselect     ) [ 00]
tmp_93                   (partselect    ) [ 00]
icmp_ln52_18             (icmp          ) [ 00]
xor_ln52_54              (xor           ) [ 00]
or_ln52_54               (or            ) [ 00]
and_ln52_36              (and           ) [ 00]
xor_ln52_55              (xor           ) [ 00]
or_ln52_55               (or            ) [ 00]
xor_ln52_56              (xor           ) [ 00]
and_ln52_37              (and           ) [ 00]
select_ln52_36           (select        ) [ 00]
or_ln52_56               (or            ) [ 01]
select_ln52_37           (select        ) [ 00]
out_data_0_18_0_0_0_load (select        ) [ 00]
icmp_ln51_19             (icmp          ) [ 01]
tmp_94                   (bitselect     ) [ 00]
trunc_ln52_18            (partselect    ) [ 00]
tmp_95                   (bitselect     ) [ 00]
tmp_96                   (bitselect     ) [ 00]
zext_ln52_19             (zext          ) [ 00]
add_ln52_19              (add           ) [ 00]
tmp_97                   (bitselect     ) [ 00]
tmp_98                   (partselect    ) [ 00]
icmp_ln52_19             (icmp          ) [ 00]
xor_ln52_57              (xor           ) [ 00]
or_ln52_57               (or            ) [ 00]
and_ln52_38              (and           ) [ 00]
xor_ln52_58              (xor           ) [ 00]
or_ln52_58               (or            ) [ 00]
xor_ln52_59              (xor           ) [ 00]
and_ln52_39              (and           ) [ 00]
select_ln52_38           (select        ) [ 00]
or_ln52_59               (or            ) [ 01]
select_ln52_39           (select        ) [ 00]
out_data_0_19_0_0_0_load (select        ) [ 00]
icmp_ln51_20             (icmp          ) [ 01]
tmp_99                   (bitselect     ) [ 00]
trunc_ln52_19            (partselect    ) [ 00]
tmp_100                  (bitselect     ) [ 00]
tmp_101                  (bitselect     ) [ 00]
zext_ln52_20             (zext          ) [ 00]
add_ln52_20              (add           ) [ 00]
tmp_102                  (bitselect     ) [ 00]
tmp_103                  (partselect    ) [ 00]
icmp_ln52_20             (icmp          ) [ 00]
xor_ln52_60              (xor           ) [ 00]
or_ln52_60               (or            ) [ 00]
and_ln52_40              (and           ) [ 00]
xor_ln52_61              (xor           ) [ 00]
or_ln52_61               (or            ) [ 00]
xor_ln52_62              (xor           ) [ 00]
and_ln52_41              (and           ) [ 00]
select_ln52_40           (select        ) [ 00]
or_ln52_62               (or            ) [ 01]
select_ln52_41           (select        ) [ 00]
out_data_0_20_0_0_0_load (select        ) [ 00]
icmp_ln51_21             (icmp          ) [ 01]
tmp_104                  (bitselect     ) [ 00]
trunc_ln52_20            (partselect    ) [ 00]
tmp_105                  (bitselect     ) [ 00]
tmp_106                  (bitselect     ) [ 00]
zext_ln52_21             (zext          ) [ 00]
add_ln52_21              (add           ) [ 00]
tmp_107                  (bitselect     ) [ 00]
tmp_108                  (partselect    ) [ 00]
icmp_ln52_21             (icmp          ) [ 00]
xor_ln52_63              (xor           ) [ 00]
or_ln52_63               (or            ) [ 00]
and_ln52_42              (and           ) [ 00]
xor_ln52_64              (xor           ) [ 00]
or_ln52_64               (or            ) [ 00]
xor_ln52_65              (xor           ) [ 00]
and_ln52_43              (and           ) [ 00]
select_ln52_42           (select        ) [ 00]
or_ln52_65               (or            ) [ 01]
select_ln52_43           (select        ) [ 00]
out_data_0_21_0_0_0_load (select        ) [ 00]
icmp_ln51_22             (icmp          ) [ 01]
tmp_109                  (bitselect     ) [ 00]
trunc_ln52_21            (partselect    ) [ 00]
tmp_110                  (bitselect     ) [ 00]
tmp_111                  (bitselect     ) [ 00]
zext_ln52_22             (zext          ) [ 00]
add_ln52_22              (add           ) [ 00]
tmp_112                  (bitselect     ) [ 00]
tmp_113                  (partselect    ) [ 00]
icmp_ln52_22             (icmp          ) [ 00]
xor_ln52_66              (xor           ) [ 00]
or_ln52_66               (or            ) [ 00]
and_ln52_44              (and           ) [ 00]
xor_ln52_67              (xor           ) [ 00]
or_ln52_67               (or            ) [ 00]
xor_ln52_68              (xor           ) [ 00]
and_ln52_45              (and           ) [ 00]
select_ln52_44           (select        ) [ 00]
or_ln52_68               (or            ) [ 01]
select_ln52_45           (select        ) [ 00]
out_data_0_22_0_0_0_load (select        ) [ 00]
icmp_ln51_23             (icmp          ) [ 01]
tmp_114                  (bitselect     ) [ 00]
trunc_ln52_22            (partselect    ) [ 00]
tmp_115                  (bitselect     ) [ 00]
tmp_116                  (bitselect     ) [ 00]
zext_ln52_23             (zext          ) [ 00]
add_ln52_23              (add           ) [ 00]
tmp_117                  (bitselect     ) [ 00]
tmp_118                  (partselect    ) [ 00]
icmp_ln52_23             (icmp          ) [ 00]
xor_ln52_69              (xor           ) [ 00]
or_ln52_69               (or            ) [ 00]
and_ln52_46              (and           ) [ 00]
xor_ln52_70              (xor           ) [ 00]
or_ln52_70               (or            ) [ 00]
xor_ln52_71              (xor           ) [ 00]
and_ln52_47              (and           ) [ 00]
select_ln52_46           (select        ) [ 00]
or_ln52_71               (or            ) [ 01]
select_ln52_47           (select        ) [ 00]
out_data_0_23_0_0_0_load (select        ) [ 00]
icmp_ln51_24             (icmp          ) [ 01]
tmp_119                  (bitselect     ) [ 00]
trunc_ln52_23            (partselect    ) [ 00]
tmp_120                  (bitselect     ) [ 00]
tmp_121                  (bitselect     ) [ 00]
zext_ln52_24             (zext          ) [ 00]
add_ln52_24              (add           ) [ 00]
tmp_122                  (bitselect     ) [ 00]
tmp_123                  (partselect    ) [ 00]
icmp_ln52_24             (icmp          ) [ 00]
xor_ln52_72              (xor           ) [ 00]
or_ln52_72               (or            ) [ 00]
and_ln52_48              (and           ) [ 00]
xor_ln52_73              (xor           ) [ 00]
or_ln52_73               (or            ) [ 00]
xor_ln52_74              (xor           ) [ 00]
and_ln52_49              (and           ) [ 00]
select_ln52_48           (select        ) [ 00]
or_ln52_74               (or            ) [ 01]
select_ln52_49           (select        ) [ 00]
out_data_0_24_0_0_0_load (select        ) [ 00]
icmp_ln51_25             (icmp          ) [ 01]
tmp_124                  (bitselect     ) [ 00]
trunc_ln52_24            (partselect    ) [ 00]
tmp_125                  (bitselect     ) [ 00]
tmp_126                  (bitselect     ) [ 00]
zext_ln52_25             (zext          ) [ 00]
add_ln52_25              (add           ) [ 00]
tmp_127                  (bitselect     ) [ 00]
tmp_128                  (partselect    ) [ 00]
icmp_ln52_25             (icmp          ) [ 00]
xor_ln52_75              (xor           ) [ 00]
or_ln52_75               (or            ) [ 00]
and_ln52_50              (and           ) [ 00]
xor_ln52_76              (xor           ) [ 00]
or_ln52_76               (or            ) [ 00]
xor_ln52_77              (xor           ) [ 00]
and_ln52_51              (and           ) [ 00]
select_ln52_50           (select        ) [ 00]
or_ln52_77               (or            ) [ 01]
select_ln52_51           (select        ) [ 00]
out_data_0_25_0_0_0_load (select        ) [ 00]
icmp_ln51_26             (icmp          ) [ 01]
tmp_129                  (bitselect     ) [ 00]
trunc_ln52_25            (partselect    ) [ 00]
tmp_130                  (bitselect     ) [ 00]
tmp_131                  (bitselect     ) [ 00]
zext_ln52_26             (zext          ) [ 00]
add_ln52_26              (add           ) [ 00]
tmp_132                  (bitselect     ) [ 00]
tmp_133                  (partselect    ) [ 00]
icmp_ln52_26             (icmp          ) [ 00]
xor_ln52_78              (xor           ) [ 00]
or_ln52_78               (or            ) [ 00]
and_ln52_52              (and           ) [ 00]
xor_ln52_79              (xor           ) [ 00]
or_ln52_79               (or            ) [ 00]
xor_ln52_80              (xor           ) [ 00]
and_ln52_53              (and           ) [ 00]
select_ln52_52           (select        ) [ 00]
or_ln52_80               (or            ) [ 01]
select_ln52_53           (select        ) [ 00]
out_data_0_26_0_0_0_load (select        ) [ 00]
icmp_ln51_27             (icmp          ) [ 01]
tmp_134                  (bitselect     ) [ 00]
trunc_ln52_26            (partselect    ) [ 00]
tmp_135                  (bitselect     ) [ 00]
tmp_136                  (bitselect     ) [ 00]
zext_ln52_27             (zext          ) [ 00]
add_ln52_27              (add           ) [ 00]
tmp_137                  (bitselect     ) [ 00]
tmp_138                  (partselect    ) [ 00]
icmp_ln52_27             (icmp          ) [ 00]
xor_ln52_81              (xor           ) [ 00]
or_ln52_81               (or            ) [ 00]
and_ln52_54              (and           ) [ 00]
xor_ln52_82              (xor           ) [ 00]
or_ln52_82               (or            ) [ 00]
xor_ln52_83              (xor           ) [ 00]
and_ln52_55              (and           ) [ 00]
select_ln52_54           (select        ) [ 00]
or_ln52_83               (or            ) [ 01]
select_ln52_55           (select        ) [ 00]
out_data_0_27_0_0_0_load (select        ) [ 00]
icmp_ln51_28             (icmp          ) [ 01]
tmp_139                  (bitselect     ) [ 00]
trunc_ln52_27            (partselect    ) [ 00]
tmp_140                  (bitselect     ) [ 00]
tmp_141                  (bitselect     ) [ 00]
zext_ln52_28             (zext          ) [ 00]
add_ln52_28              (add           ) [ 00]
tmp_142                  (bitselect     ) [ 00]
tmp_143                  (partselect    ) [ 00]
icmp_ln52_28             (icmp          ) [ 00]
xor_ln52_84              (xor           ) [ 00]
or_ln52_84               (or            ) [ 00]
and_ln52_56              (and           ) [ 00]
xor_ln52_85              (xor           ) [ 00]
or_ln52_85               (or            ) [ 00]
xor_ln52_86              (xor           ) [ 00]
and_ln52_57              (and           ) [ 00]
select_ln52_56           (select        ) [ 00]
or_ln52_86               (or            ) [ 01]
select_ln52_57           (select        ) [ 00]
out_data_0_28_0_0_0_load (select        ) [ 00]
icmp_ln51_29             (icmp          ) [ 01]
tmp_144                  (bitselect     ) [ 00]
trunc_ln52_28            (partselect    ) [ 00]
tmp_145                  (bitselect     ) [ 00]
tmp_146                  (bitselect     ) [ 00]
zext_ln52_29             (zext          ) [ 00]
add_ln52_29              (add           ) [ 00]
tmp_147                  (bitselect     ) [ 00]
tmp_148                  (partselect    ) [ 00]
icmp_ln52_29             (icmp          ) [ 00]
xor_ln52_87              (xor           ) [ 00]
or_ln52_87               (or            ) [ 00]
and_ln52_58              (and           ) [ 00]
xor_ln52_88              (xor           ) [ 00]
or_ln52_88               (or            ) [ 00]
xor_ln52_89              (xor           ) [ 00]
and_ln52_59              (and           ) [ 00]
select_ln52_58           (select        ) [ 00]
or_ln52_89               (or            ) [ 01]
select_ln52_59           (select        ) [ 00]
out_data_0_29_0_0_0_load (select        ) [ 00]
icmp_ln51_30             (icmp          ) [ 01]
tmp_149                  (bitselect     ) [ 00]
trunc_ln52_29            (partselect    ) [ 00]
tmp_150                  (bitselect     ) [ 00]
tmp_151                  (bitselect     ) [ 00]
zext_ln52_30             (zext          ) [ 00]
add_ln52_30              (add           ) [ 00]
tmp_152                  (bitselect     ) [ 00]
tmp_153                  (partselect    ) [ 00]
icmp_ln52_30             (icmp          ) [ 00]
xor_ln52_90              (xor           ) [ 00]
or_ln52_90               (or            ) [ 00]
and_ln52_60              (and           ) [ 00]
xor_ln52_91              (xor           ) [ 00]
or_ln52_91               (or            ) [ 00]
xor_ln52_92              (xor           ) [ 00]
and_ln52_61              (and           ) [ 00]
select_ln52_60           (select        ) [ 00]
or_ln52_92               (or            ) [ 01]
select_ln52_61           (select        ) [ 00]
out_data_0_30_0_0_0_load (select        ) [ 00]
icmp_ln51_31             (icmp          ) [ 01]
tmp_154                  (bitselect     ) [ 00]
trunc_ln52_30            (partselect    ) [ 00]
tmp_155                  (bitselect     ) [ 00]
tmp_156                  (bitselect     ) [ 00]
zext_ln52_31             (zext          ) [ 00]
add_ln52_31              (add           ) [ 00]
tmp_157                  (bitselect     ) [ 00]
tmp_158                  (partselect    ) [ 00]
icmp_ln52_31             (icmp          ) [ 00]
xor_ln52_93              (xor           ) [ 00]
or_ln52_93               (or            ) [ 00]
and_ln52_62              (and           ) [ 00]
xor_ln52_94              (xor           ) [ 00]
or_ln52_94               (or            ) [ 00]
xor_ln52_95              (xor           ) [ 00]
and_ln52_63              (and           ) [ 00]
select_ln52_62           (select        ) [ 00]
or_ln52_95               (or            ) [ 01]
select_ln52_63           (select        ) [ 00]
out_data_0_31_0_0_0_load (select        ) [ 00]
p_s                      (bitconcatenate) [ 00]
write_ln57               (write         ) [ 00]
ret_ln59                 (ret           ) [ 00]
</LifeTime>

<model>

<comp_list>
<comp id="0" class="1000" name="layer5_out">
<pin_list>
<pin id="1" dir="1" index="0" bw="1" slack="0"/>
</pin_list>
<bind>
<StgValue><ssdm name="layer5_out"/></StgValue>
</bind>
</comp>

<comp id="2" class="1000" name="layer6_out">
<pin_list>
<pin id="3" dir="1" index="0" bw="1" slack="0"/>
</pin_list>
<bind>
<StgValue><ssdm name="layer6_out"/></StgValue>
</bind>
</comp>

<comp id="4" class="1001" name="const_4">
<pin_list>
<pin id="5" dir="1" index="0" bw="1" slack="2147483647"/>
</pin_list>
<bind>
<StgValue><ssdm name="_ssdm_op_SpecInterface"/></StgValue>
</bind>
</comp>

<comp id="6" class="1001" name="const_6">
<pin_list>
<pin id="7" dir="1" index="0" bw="1" slack="2147483647"/>
</pin_list>
<bind>
<StgValue><ssdm name="empty_2"/></StgValue>
</bind>
</comp>

<comp id="8" class="1001" name="const_8">
<pin_list>
<pin id="9" dir="1" index="0" bw="1" slack="2147483647"/>
</pin_list>
<bind>
<StgValue><ssdm name=""/></StgValue>
</bind>
</comp>

<comp id="10" class="1001" name="const_10">
<pin_list>
<pin id="11" dir="1" index="0" bw="1" slack="2147483647"/>
</pin_list>
<bind>
<StgValue><ssdm name="empty_1"/></StgValue>
</bind>
</comp>

<comp id="12" class="1001" name="const_12">
<pin_list>
<pin id="13" dir="1" index="0" bw="1" slack="2147483647"/>
</pin_list>
<bind>
<StgValue><ssdm name=""/></StgValue>
</bind>
</comp>

<comp id="14" class="1001" name="const_14">
<pin_list>
<pin id="15" dir="1" index="0" bw="1" slack="0"/>
</pin_list>
<bind>
<StgValue><ssdm name="_ssdm_op_Read.ap_fifo.volatile.i576P0A"/></StgValue>
</bind>
</comp>

<comp id="16" class="1001" name="const_16">
<pin_list>
<pin id="17" dir="1" index="0" bw="1" slack="0"/>
</pin_list>
<bind>
<StgValue><ssdm name="_ssdm_op_PartSelect.i18.i576.i32.i32"/></StgValue>
</bind>
</comp>

<comp id="18" class="1001" name="const_18">
<pin_list>
<pin id="19" dir="1" index="0" bw="1" slack="0"/>
</pin_list>
<bind>
<StgValue><ssdm name=""/></StgValue>
</bind>
</comp>

<comp id="20" class="1001" name="const_20">
<pin_list>
<pin id="21" dir="1" index="0" bw="1" slack="0"/>
</pin_list>
<bind>
<StgValue><ssdm name=""/></StgValue>
</bind>
</comp>

<comp id="22" class="1001" name="const_22">
<pin_list>
<pin id="23" dir="1" index="0" bw="1" slack="0"/>
</pin_list>
<bind>
<StgValue><ssdm name=""/></StgValue>
</bind>
</comp>

<comp id="24" class="1001" name="const_24">
<pin_list>
<pin id="25" dir="1" index="0" bw="1" slack="0"/>
</pin_list>
<bind>
<StgValue><ssdm name=""/></StgValue>
</bind>
</comp>

<comp id="26" class="1001" name="const_26">
<pin_list>
<pin id="27" dir="1" index="0" bw="1" slack="0"/>
</pin_list>
<bind>
<StgValue><ssdm name=""/></StgValue>
</bind>
</comp>

<comp id="28" class="1001" name="const_28">
<pin_list>
<pin id="29" dir="1" index="0" bw="1" slack="0"/>
</pin_list>
<bind>
<StgValue><ssdm name=""/></StgValue>
</bind>
</comp>

<comp id="30" class="1001" name="const_30">
<pin_list>
<pin id="31" dir="1" index="0" bw="1" slack="0"/>
</pin_list>
<bind>
<StgValue><ssdm name=""/></StgValue>
</bind>
</comp>

<comp id="32" class="1001" name="const_32">
<pin_list>
<pin id="33" dir="1" index="0" bw="1" slack="0"/>
</pin_list>
<bind>
<StgValue><ssdm name=""/></StgValue>
</bind>
</comp>

<comp id="34" class="1001" name="const_34">
<pin_list>
<pin id="35" dir="1" index="0" bw="1" slack="0"/>
</pin_list>
<bind>
<StgValue><ssdm name=""/></StgValue>
</bind>
</comp>

<comp id="36" class="1001" name="const_36">
<pin_list>
<pin id="37" dir="1" index="0" bw="1" slack="0"/>
</pin_list>
<bind>
<StgValue><ssdm name=""/></StgValue>
</bind>
</comp>

<comp id="38" class="1001" name="const_38">
<pin_list>
<pin id="39" dir="1" index="0" bw="1" slack="0"/>
</pin_list>
<bind>
<StgValue><ssdm name=""/></StgValue>
</bind>
</comp>

<comp id="40" class="1001" name="const_40">
<pin_list>
<pin id="41" dir="1" index="0" bw="1" slack="0"/>
</pin_list>
<bind>
<StgValue><ssdm name=""/></StgValue>
</bind>
</comp>

<comp id="42" class="1001" name="const_42">
<pin_list>
<pin id="43" dir="1" index="0" bw="1" slack="0"/>
</pin_list>
<bind>
<StgValue><ssdm name=""/></StgValue>
</bind>
</comp>

<comp id="44" class="1001" name="const_44">
<pin_list>
<pin id="45" dir="1" index="0" bw="1" slack="0"/>
</pin_list>
<bind>
<StgValue><ssdm name=""/></StgValue>
</bind>
</comp>

<comp id="46" class="1001" name="const_46">
<pin_list>
<pin id="47" dir="1" index="0" bw="1" slack="0"/>
</pin_list>
<bind>
<StgValue><ssdm name=""/></StgValue>
</bind>
</comp>

<comp id="48" class="1001" name="const_48">
<pin_list>
<pin id="49" dir="1" index="0" bw="1" slack="0"/>
</pin_list>
<bind>
<StgValue><ssdm name=""/></StgValue>
</bind>
</comp>

<comp id="50" class="1001" name="const_50">
<pin_list>
<pin id="51" dir="1" index="0" bw="1" slack="0"/>
</pin_list>
<bind>
<StgValue><ssdm name=""/></StgValue>
</bind>
</comp>

<comp id="52" class="1001" name="const_52">
<pin_list>
<pin id="53" dir="1" index="0" bw="1" slack="0"/>
</pin_list>
<bind>
<StgValue><ssdm name=""/></StgValue>
</bind>
</comp>

<comp id="54" class="1001" name="const_54">
<pin_list>
<pin id="55" dir="1" index="0" bw="1" slack="0"/>
</pin_list>
<bind>
<StgValue><ssdm name=""/></StgValue>
</bind>
</comp>

<comp id="56" class="1001" name="const_56">
<pin_list>
<pin id="57" dir="1" index="0" bw="1" slack="0"/>
</pin_list>
<bind>
<StgValue><ssdm name=""/></StgValue>
</bind>
</comp>

<comp id="58" class="1001" name="const_58">
<pin_list>
<pin id="59" dir="1" index="0" bw="1" slack="0"/>
</pin_list>
<bind>
<StgValue><ssdm name=""/></StgValue>
</bind>
</comp>

<comp id="60" class="1001" name="const_60">
<pin_list>
<pin id="61" dir="1" index="0" bw="1" slack="0"/>
</pin_list>
<bind>
<StgValue><ssdm name=""/></StgValue>
</bind>
</comp>

<comp id="62" class="1001" name="const_62">
<pin_list>
<pin id="63" dir="1" index="0" bw="1" slack="0"/>
</pin_list>
<bind>
<StgValue><ssdm name=""/></StgValue>
</bind>
</comp>

<comp id="64" class="1001" name="const_64">
<pin_list>
<pin id="65" dir="1" index="0" bw="1" slack="0"/>
</pin_list>
<bind>
<StgValue><ssdm name=""/></StgValue>
</bind>
</comp>

<comp id="66" class="1001" name="const_66">
<pin_list>
<pin id="67" dir="1" index="0" bw="1" slack="0"/>
</pin_list>
<bind>
<StgValue><ssdm name=""/></StgValue>
</bind>
</comp>

<comp id="68" class="1001" name="const_68">
<pin_list>
<pin id="69" dir="1" index="0" bw="1" slack="0"/>
</pin_list>
<bind>
<StgValue><ssdm name=""/></StgValue>
</bind>
</comp>

<comp id="70" class="1001" name="const_70">
<pin_list>
<pin id="71" dir="1" index="0" bw="1" slack="0"/>
</pin_list>
<bind>
<StgValue><ssdm name=""/></StgValue>
</bind>
</comp>

<comp id="72" class="1001" name="const_72">
<pin_list>
<pin id="73" dir="1" index="0" bw="1" slack="0"/>
</pin_list>
<bind>
<StgValue><ssdm name=""/></StgValue>
</bind>
</comp>

<comp id="74" class="1001" name="const_74">
<pin_list>
<pin id="75" dir="1" index="0" bw="1" slack="0"/>
</pin_list>
<bind>
<StgValue><ssdm name=""/></StgValue>
</bind>
</comp>

<comp id="76" class="1001" name="const_76">
<pin_list>
<pin id="77" dir="1" index="0" bw="1" slack="0"/>
</pin_list>
<bind>
<StgValue><ssdm name=""/></StgValue>
</bind>
</comp>

<comp id="78" class="1001" name="const_78">
<pin_list>
<pin id="79" dir="1" index="0" bw="1" slack="0"/>
</pin_list>
<bind>
<StgValue><ssdm name=""/></StgValue>
</bind>
</comp>

<comp id="80" class="1001" name="const_80">
<pin_list>
<pin id="81" dir="1" index="0" bw="1" slack="0"/>
</pin_list>
<bind>
<StgValue><ssdm name=""/></StgValue>
</bind>
</comp>

<comp id="82" class="1001" name="const_82">
<pin_list>
<pin id="83" dir="1" index="0" bw="1" slack="0"/>
</pin_list>
<bind>
<StgValue><ssdm name=""/></StgValue>
</bind>
</comp>

<comp id="84" class="1001" name="const_84">
<pin_list>
<pin id="85" dir="1" index="0" bw="1" slack="0"/>
</pin_list>
<bind>
<StgValue><ssdm name=""/></StgValue>
</bind>
</comp>

<comp id="86" class="1001" name="const_86">
<pin_list>
<pin id="87" dir="1" index="0" bw="1" slack="0"/>
</pin_list>
<bind>
<StgValue><ssdm name=""/></StgValue>
</bind>
</comp>

<comp id="88" class="1001" name="const_88">
<pin_list>
<pin id="89" dir="1" index="0" bw="1" slack="0"/>
</pin_list>
<bind>
<StgValue><ssdm name=""/></StgValue>
</bind>
</comp>

<comp id="90" class="1001" name="const_90">
<pin_list>
<pin id="91" dir="1" index="0" bw="1" slack="0"/>
</pin_list>
<bind>
<StgValue><ssdm name=""/></StgValue>
</bind>
</comp>

<comp id="92" class="1001" name="const_92">
<pin_list>
<pin id="93" dir="1" index="0" bw="1" slack="0"/>
</pin_list>
<bind>
<StgValue><ssdm name=""/></StgValue>
</bind>
</comp>

<comp id="94" class="1001" name="const_94">
<pin_list>
<pin id="95" dir="1" index="0" bw="1" slack="0"/>
</pin_list>
<bind>
<StgValue><ssdm name=""/></StgValue>
</bind>
</comp>

<comp id="96" class="1001" name="const_96">
<pin_list>
<pin id="97" dir="1" index="0" bw="1" slack="0"/>
</pin_list>
<bind>
<StgValue><ssdm name=""/></StgValue>
</bind>
</comp>

<comp id="98" class="1001" name="const_98">
<pin_list>
<pin id="99" dir="1" index="0" bw="1" slack="0"/>
</pin_list>
<bind>
<StgValue><ssdm name=""/></StgValue>
</bind>
</comp>

<comp id="100" class="1001" name="const_100">
<pin_list>
<pin id="101" dir="1" index="0" bw="1" slack="0"/>
</pin_list>
<bind>
<StgValue><ssdm name=""/></StgValue>
</bind>
</comp>

<comp id="102" class="1001" name="const_102">
<pin_list>
<pin id="103" dir="1" index="0" bw="1" slack="0"/>
</pin_list>
<bind>
<StgValue><ssdm name=""/></StgValue>
</bind>
</comp>

<comp id="104" class="1001" name="const_104">
<pin_list>
<pin id="105" dir="1" index="0" bw="1" slack="0"/>
</pin_list>
<bind>
<StgValue><ssdm name=""/></StgValue>
</bind>
</comp>

<comp id="106" class="1001" name="const_106">
<pin_list>
<pin id="107" dir="1" index="0" bw="1" slack="0"/>
</pin_list>
<bind>
<StgValue><ssdm name=""/></StgValue>
</bind>
</comp>

<comp id="108" class="1001" name="const_108">
<pin_list>
<pin id="109" dir="1" index="0" bw="1" slack="0"/>
</pin_list>
<bind>
<StgValue><ssdm name=""/></StgValue>
</bind>
</comp>

<comp id="110" class="1001" name="const_110">
<pin_list>
<pin id="111" dir="1" index="0" bw="1" slack="0"/>
</pin_list>
<bind>
<StgValue><ssdm name=""/></StgValue>
</bind>
</comp>

<comp id="112" class="1001" name="const_112">
<pin_list>
<pin id="113" dir="1" index="0" bw="1" slack="0"/>
</pin_list>
<bind>
<StgValue><ssdm name=""/></StgValue>
</bind>
</comp>

<comp id="114" class="1001" name="const_114">
<pin_list>
<pin id="115" dir="1" index="0" bw="1" slack="0"/>
</pin_list>
<bind>
<StgValue><ssdm name=""/></StgValue>
</bind>
</comp>

<comp id="116" class="1001" name="const_116">
<pin_list>
<pin id="117" dir="1" index="0" bw="1" slack="0"/>
</pin_list>
<bind>
<StgValue><ssdm name=""/></StgValue>
</bind>
</comp>

<comp id="118" class="1001" name="const_118">
<pin_list>
<pin id="119" dir="1" index="0" bw="1" slack="0"/>
</pin_list>
<bind>
<StgValue><ssdm name=""/></StgValue>
</bind>
</comp>

<comp id="120" class="1001" name="const_120">
<pin_list>
<pin id="121" dir="1" index="0" bw="1" slack="0"/>
</pin_list>
<bind>
<StgValue><ssdm name=""/></StgValue>
</bind>
</comp>

<comp id="122" class="1001" name="const_122">
<pin_list>
<pin id="123" dir="1" index="0" bw="1" slack="0"/>
</pin_list>
<bind>
<StgValue><ssdm name=""/></StgValue>
</bind>
</comp>

<comp id="124" class="1001" name="const_124">
<pin_list>
<pin id="125" dir="1" index="0" bw="1" slack="0"/>
</pin_list>
<bind>
<StgValue><ssdm name=""/></StgValue>
</bind>
</comp>

<comp id="126" class="1001" name="const_126">
<pin_list>
<pin id="127" dir="1" index="0" bw="1" slack="0"/>
</pin_list>
<bind>
<StgValue><ssdm name=""/></StgValue>
</bind>
</comp>

<comp id="128" class="1001" name="const_128">
<pin_list>
<pin id="129" dir="1" index="0" bw="1" slack="0"/>
</pin_list>
<bind>
<StgValue><ssdm name=""/></StgValue>
</bind>
</comp>

<comp id="130" class="1001" name="const_130">
<pin_list>
<pin id="131" dir="1" index="0" bw="1" slack="0"/>
</pin_list>
<bind>
<StgValue><ssdm name=""/></StgValue>
</bind>
</comp>

<comp id="132" class="1001" name="const_132">
<pin_list>
<pin id="133" dir="1" index="0" bw="1" slack="0"/>
</pin_list>
<bind>
<StgValue><ssdm name=""/></StgValue>
</bind>
</comp>

<comp id="134" class="1001" name="const_134">
<pin_list>
<pin id="135" dir="1" index="0" bw="1" slack="0"/>
</pin_list>
<bind>
<StgValue><ssdm name=""/></StgValue>
</bind>
</comp>

<comp id="136" class="1001" name="const_136">
<pin_list>
<pin id="137" dir="1" index="0" bw="1" slack="0"/>
</pin_list>
<bind>
<StgValue><ssdm name=""/></StgValue>
</bind>
</comp>

<comp id="138" class="1001" name="const_138">
<pin_list>
<pin id="139" dir="1" index="0" bw="1" slack="0"/>
</pin_list>
<bind>
<StgValue><ssdm name=""/></StgValue>
</bind>
</comp>

<comp id="140" class="1001" name="const_140">
<pin_list>
<pin id="141" dir="1" index="0" bw="1" slack="0"/>
</pin_list>
<bind>
<StgValue><ssdm name=""/></StgValue>
</bind>
</comp>

<comp id="142" class="1001" name="const_142">
<pin_list>
<pin id="143" dir="1" index="0" bw="1" slack="0"/>
</pin_list>
<bind>
<StgValue><ssdm name=""/></StgValue>
</bind>
</comp>

<comp id="144" class="1001" name="const_144">
<pin_list>
<pin id="145" dir="1" index="0" bw="1" slack="0"/>
</pin_list>
<bind>
<StgValue><ssdm name="_ssdm_op_BitSelect.i1.i576.i32"/></StgValue>
</bind>
</comp>

<comp id="146" class="1001" name="const_146">
<pin_list>
<pin id="147" dir="1" index="0" bw="1" slack="0"/>
</pin_list>
<bind>
<StgValue><ssdm name=""/></StgValue>
</bind>
</comp>

<comp id="148" class="1001" name="const_148">
<pin_list>
<pin id="149" dir="1" index="0" bw="1" slack="0"/>
</pin_list>
<bind>
<StgValue><ssdm name="_ssdm_op_PartSelect.i6.i576.i32.i32"/></StgValue>
</bind>
</comp>

<comp id="150" class="1001" name="const_150">
<pin_list>
<pin id="151" dir="1" index="0" bw="1" slack="0"/>
</pin_list>
<bind>
<StgValue><ssdm name=""/></StgValue>
</bind>
</comp>

<comp id="152" class="1001" name="const_152">
<pin_list>
<pin id="153" dir="1" index="0" bw="1" slack="0"/>
</pin_list>
<bind>
<StgValue><ssdm name=""/></StgValue>
</bind>
</comp>

<comp id="154" class="1001" name="const_154">
<pin_list>
<pin id="155" dir="1" index="0" bw="1" slack="0"/>
</pin_list>
<bind>
<StgValue><ssdm name=""/></StgValue>
</bind>
</comp>

<comp id="156" class="1001" name="const_156">
<pin_list>
<pin id="157" dir="1" index="0" bw="1" slack="0"/>
</pin_list>
<bind>
<StgValue><ssdm name="_ssdm_op_BitSelect.i1.i6.i32"/></StgValue>
</bind>
</comp>

<comp id="158" class="1001" name="const_158">
<pin_list>
<pin id="159" dir="1" index="0" bw="1" slack="0"/>
</pin_list>
<bind>
<StgValue><ssdm name=""/></StgValue>
</bind>
</comp>

<comp id="160" class="1001" name="const_160">
<pin_list>
<pin id="161" dir="1" index="0" bw="1" slack="0"/>
</pin_list>
<bind>
<StgValue><ssdm name="_ssdm_op_PartSelect.i10.i576.i32.i32"/></StgValue>
</bind>
</comp>

<comp id="162" class="1001" name="const_162">
<pin_list>
<pin id="163" dir="1" index="0" bw="1" slack="0"/>
</pin_list>
<bind>
<StgValue><ssdm name=""/></StgValue>
</bind>
</comp>

<comp id="164" class="1001" name="const_164">
<pin_list>
<pin id="165" dir="1" index="0" bw="1" slack="0"/>
</pin_list>
<bind>
<StgValue><ssdm name=""/></StgValue>
</bind>
</comp>

<comp id="166" class="1001" name="const_166">
<pin_list>
<pin id="167" dir="1" index="0" bw="1" slack="0"/>
</pin_list>
<bind>
<StgValue><ssdm name=""/></StgValue>
</bind>
</comp>

<comp id="168" class="1001" name="const_168">
<pin_list>
<pin id="169" dir="1" index="0" bw="1" slack="0"/>
</pin_list>
<bind>
<StgValue><ssdm name=""/></StgValue>
</bind>
</comp>

<comp id="170" class="1001" name="const_170">
<pin_list>
<pin id="171" dir="1" index="0" bw="1" slack="0"/>
</pin_list>
<bind>
<StgValue><ssdm name=""/></StgValue>
</bind>
</comp>

<comp id="172" class="1001" name="const_172">
<pin_list>
<pin id="173" dir="1" index="0" bw="1" slack="0"/>
</pin_list>
<bind>
<StgValue><ssdm name=""/></StgValue>
</bind>
</comp>

<comp id="174" class="1001" name="const_174">
<pin_list>
<pin id="175" dir="1" index="0" bw="1" slack="0"/>
</pin_list>
<bind>
<StgValue><ssdm name=""/></StgValue>
</bind>
</comp>

<comp id="176" class="1001" name="const_176">
<pin_list>
<pin id="177" dir="1" index="0" bw="1" slack="0"/>
</pin_list>
<bind>
<StgValue><ssdm name=""/></StgValue>
</bind>
</comp>

<comp id="178" class="1001" name="const_178">
<pin_list>
<pin id="179" dir="1" index="0" bw="1" slack="0"/>
</pin_list>
<bind>
<StgValue><ssdm name=""/></StgValue>
</bind>
</comp>

<comp id="180" class="1001" name="const_180">
<pin_list>
<pin id="181" dir="1" index="0" bw="1" slack="0"/>
</pin_list>
<bind>
<StgValue><ssdm name=""/></StgValue>
</bind>
</comp>

<comp id="182" class="1001" name="const_182">
<pin_list>
<pin id="183" dir="1" index="0" bw="1" slack="0"/>
</pin_list>
<bind>
<StgValue><ssdm name=""/></StgValue>
</bind>
</comp>

<comp id="184" class="1001" name="const_184">
<pin_list>
<pin id="185" dir="1" index="0" bw="1" slack="0"/>
</pin_list>
<bind>
<StgValue><ssdm name=""/></StgValue>
</bind>
</comp>

<comp id="186" class="1001" name="const_186">
<pin_list>
<pin id="187" dir="1" index="0" bw="1" slack="0"/>
</pin_list>
<bind>
<StgValue><ssdm name=""/></StgValue>
</bind>
</comp>

<comp id="188" class="1001" name="const_188">
<pin_list>
<pin id="189" dir="1" index="0" bw="1" slack="0"/>
</pin_list>
<bind>
<StgValue><ssdm name=""/></StgValue>
</bind>
</comp>

<comp id="190" class="1001" name="const_190">
<pin_list>
<pin id="191" dir="1" index="0" bw="1" slack="0"/>
</pin_list>
<bind>
<StgValue><ssdm name=""/></StgValue>
</bind>
</comp>

<comp id="192" class="1001" name="const_192">
<pin_list>
<pin id="193" dir="1" index="0" bw="1" slack="0"/>
</pin_list>
<bind>
<StgValue><ssdm name=""/></StgValue>
</bind>
</comp>

<comp id="194" class="1001" name="const_194">
<pin_list>
<pin id="195" dir="1" index="0" bw="1" slack="0"/>
</pin_list>
<bind>
<StgValue><ssdm name=""/></StgValue>
</bind>
</comp>

<comp id="196" class="1001" name="const_196">
<pin_list>
<pin id="197" dir="1" index="0" bw="1" slack="0"/>
</pin_list>
<bind>
<StgValue><ssdm name=""/></StgValue>
</bind>
</comp>

<comp id="198" class="1001" name="const_198">
<pin_list>
<pin id="199" dir="1" index="0" bw="1" slack="0"/>
</pin_list>
<bind>
<StgValue><ssdm name=""/></StgValue>
</bind>
</comp>

<comp id="200" class="1001" name="const_200">
<pin_list>
<pin id="201" dir="1" index="0" bw="1" slack="0"/>
</pin_list>
<bind>
<StgValue><ssdm name=""/></StgValue>
</bind>
</comp>

<comp id="202" class="1001" name="const_202">
<pin_list>
<pin id="203" dir="1" index="0" bw="1" slack="0"/>
</pin_list>
<bind>
<StgValue><ssdm name=""/></StgValue>
</bind>
</comp>

<comp id="204" class="1001" name="const_204">
<pin_list>
<pin id="205" dir="1" index="0" bw="1" slack="0"/>
</pin_list>
<bind>
<StgValue><ssdm name=""/></StgValue>
</bind>
</comp>

<comp id="206" class="1001" name="const_206">
<pin_list>
<pin id="207" dir="1" index="0" bw="1" slack="0"/>
</pin_list>
<bind>
<StgValue><ssdm name=""/></StgValue>
</bind>
</comp>

<comp id="208" class="1001" name="const_208">
<pin_list>
<pin id="209" dir="1" index="0" bw="1" slack="0"/>
</pin_list>
<bind>
<StgValue><ssdm name=""/></StgValue>
</bind>
</comp>

<comp id="210" class="1001" name="const_210">
<pin_list>
<pin id="211" dir="1" index="0" bw="1" slack="0"/>
</pin_list>
<bind>
<StgValue><ssdm name=""/></StgValue>
</bind>
</comp>

<comp id="212" class="1001" name="const_212">
<pin_list>
<pin id="213" dir="1" index="0" bw="1" slack="0"/>
</pin_list>
<bind>
<StgValue><ssdm name=""/></StgValue>
</bind>
</comp>

<comp id="214" class="1001" name="const_214">
<pin_list>
<pin id="215" dir="1" index="0" bw="1" slack="0"/>
</pin_list>
<bind>
<StgValue><ssdm name=""/></StgValue>
</bind>
</comp>

<comp id="216" class="1001" name="const_216">
<pin_list>
<pin id="217" dir="1" index="0" bw="1" slack="0"/>
</pin_list>
<bind>
<StgValue><ssdm name=""/></StgValue>
</bind>
</comp>

<comp id="218" class="1001" name="const_218">
<pin_list>
<pin id="219" dir="1" index="0" bw="1" slack="0"/>
</pin_list>
<bind>
<StgValue><ssdm name=""/></StgValue>
</bind>
</comp>

<comp id="220" class="1001" name="const_220">
<pin_list>
<pin id="221" dir="1" index="0" bw="1" slack="0"/>
</pin_list>
<bind>
<StgValue><ssdm name=""/></StgValue>
</bind>
</comp>

<comp id="222" class="1001" name="const_222">
<pin_list>
<pin id="223" dir="1" index="0" bw="1" slack="0"/>
</pin_list>
<bind>
<StgValue><ssdm name=""/></StgValue>
</bind>
</comp>

<comp id="224" class="1001" name="const_224">
<pin_list>
<pin id="225" dir="1" index="0" bw="1" slack="0"/>
</pin_list>
<bind>
<StgValue><ssdm name=""/></StgValue>
</bind>
</comp>

<comp id="226" class="1001" name="const_226">
<pin_list>
<pin id="227" dir="1" index="0" bw="1" slack="0"/>
</pin_list>
<bind>
<StgValue><ssdm name=""/></StgValue>
</bind>
</comp>

<comp id="228" class="1001" name="const_228">
<pin_list>
<pin id="229" dir="1" index="0" bw="1" slack="0"/>
</pin_list>
<bind>
<StgValue><ssdm name=""/></StgValue>
</bind>
</comp>

<comp id="230" class="1001" name="const_230">
<pin_list>
<pin id="231" dir="1" index="0" bw="1" slack="0"/>
</pin_list>
<bind>
<StgValue><ssdm name=""/></StgValue>
</bind>
</comp>

<comp id="232" class="1001" name="const_232">
<pin_list>
<pin id="233" dir="1" index="0" bw="1" slack="0"/>
</pin_list>
<bind>
<StgValue><ssdm name=""/></StgValue>
</bind>
</comp>

<comp id="234" class="1001" name="const_234">
<pin_list>
<pin id="235" dir="1" index="0" bw="1" slack="0"/>
</pin_list>
<bind>
<StgValue><ssdm name=""/></StgValue>
</bind>
</comp>

<comp id="236" class="1001" name="const_236">
<pin_list>
<pin id="237" dir="1" index="0" bw="1" slack="0"/>
</pin_list>
<bind>
<StgValue><ssdm name=""/></StgValue>
</bind>
</comp>

<comp id="238" class="1001" name="const_238">
<pin_list>
<pin id="239" dir="1" index="0" bw="1" slack="0"/>
</pin_list>
<bind>
<StgValue><ssdm name=""/></StgValue>
</bind>
</comp>

<comp id="240" class="1001" name="const_240">
<pin_list>
<pin id="241" dir="1" index="0" bw="1" slack="0"/>
</pin_list>
<bind>
<StgValue><ssdm name=""/></StgValue>
</bind>
</comp>

<comp id="242" class="1001" name="const_242">
<pin_list>
<pin id="243" dir="1" index="0" bw="1" slack="0"/>
</pin_list>
<bind>
<StgValue><ssdm name=""/></StgValue>
</bind>
</comp>

<comp id="244" class="1001" name="const_244">
<pin_list>
<pin id="245" dir="1" index="0" bw="1" slack="0"/>
</pin_list>
<bind>
<StgValue><ssdm name=""/></StgValue>
</bind>
</comp>

<comp id="246" class="1001" name="const_246">
<pin_list>
<pin id="247" dir="1" index="0" bw="1" slack="0"/>
</pin_list>
<bind>
<StgValue><ssdm name=""/></StgValue>
</bind>
</comp>

<comp id="248" class="1001" name="const_248">
<pin_list>
<pin id="249" dir="1" index="0" bw="1" slack="0"/>
</pin_list>
<bind>
<StgValue><ssdm name=""/></StgValue>
</bind>
</comp>

<comp id="250" class="1001" name="const_250">
<pin_list>
<pin id="251" dir="1" index="0" bw="1" slack="0"/>
</pin_list>
<bind>
<StgValue><ssdm name=""/></StgValue>
</bind>
</comp>

<comp id="252" class="1001" name="const_252">
<pin_list>
<pin id="253" dir="1" index="0" bw="1" slack="0"/>
</pin_list>
<bind>
<StgValue><ssdm name=""/></StgValue>
</bind>
</comp>

<comp id="254" class="1001" name="const_254">
<pin_list>
<pin id="255" dir="1" index="0" bw="1" slack="0"/>
</pin_list>
<bind>
<StgValue><ssdm name=""/></StgValue>
</bind>
</comp>

<comp id="256" class="1001" name="const_256">
<pin_list>
<pin id="257" dir="1" index="0" bw="1" slack="0"/>
</pin_list>
<bind>
<StgValue><ssdm name=""/></StgValue>
</bind>
</comp>

<comp id="258" class="1001" name="const_258">
<pin_list>
<pin id="259" dir="1" index="0" bw="1" slack="0"/>
</pin_list>
<bind>
<StgValue><ssdm name=""/></StgValue>
</bind>
</comp>

<comp id="260" class="1001" name="const_260">
<pin_list>
<pin id="261" dir="1" index="0" bw="1" slack="0"/>
</pin_list>
<bind>
<StgValue><ssdm name=""/></StgValue>
</bind>
</comp>

<comp id="262" class="1001" name="const_262">
<pin_list>
<pin id="263" dir="1" index="0" bw="1" slack="0"/>
</pin_list>
<bind>
<StgValue><ssdm name=""/></StgValue>
</bind>
</comp>

<comp id="264" class="1001" name="const_264">
<pin_list>
<pin id="265" dir="1" index="0" bw="1" slack="0"/>
</pin_list>
<bind>
<StgValue><ssdm name=""/></StgValue>
</bind>
</comp>

<comp id="266" class="1001" name="const_266">
<pin_list>
<pin id="267" dir="1" index="0" bw="1" slack="0"/>
</pin_list>
<bind>
<StgValue><ssdm name=""/></StgValue>
</bind>
</comp>

<comp id="268" class="1001" name="const_268">
<pin_list>
<pin id="269" dir="1" index="0" bw="1" slack="0"/>
</pin_list>
<bind>
<StgValue><ssdm name=""/></StgValue>
</bind>
</comp>

<comp id="270" class="1001" name="const_270">
<pin_list>
<pin id="271" dir="1" index="0" bw="1" slack="0"/>
</pin_list>
<bind>
<StgValue><ssdm name=""/></StgValue>
</bind>
</comp>

<comp id="272" class="1001" name="const_272">
<pin_list>
<pin id="273" dir="1" index="0" bw="1" slack="0"/>
</pin_list>
<bind>
<StgValue><ssdm name=""/></StgValue>
</bind>
</comp>

<comp id="274" class="1001" name="const_274">
<pin_list>
<pin id="275" dir="1" index="0" bw="1" slack="0"/>
</pin_list>
<bind>
<StgValue><ssdm name=""/></StgValue>
</bind>
</comp>

<comp id="276" class="1001" name="const_276">
<pin_list>
<pin id="277" dir="1" index="0" bw="1" slack="0"/>
</pin_list>
<bind>
<StgValue><ssdm name=""/></StgValue>
</bind>
</comp>

<comp id="278" class="1001" name="const_278">
<pin_list>
<pin id="279" dir="1" index="0" bw="1" slack="0"/>
</pin_list>
<bind>
<StgValue><ssdm name=""/></StgValue>
</bind>
</comp>

<comp id="280" class="1001" name="const_280">
<pin_list>
<pin id="281" dir="1" index="0" bw="1" slack="0"/>
</pin_list>
<bind>
<StgValue><ssdm name=""/></StgValue>
</bind>
</comp>

<comp id="282" class="1001" name="const_282">
<pin_list>
<pin id="283" dir="1" index="0" bw="1" slack="0"/>
</pin_list>
<bind>
<StgValue><ssdm name=""/></StgValue>
</bind>
</comp>

<comp id="284" class="1001" name="const_284">
<pin_list>
<pin id="285" dir="1" index="0" bw="1" slack="0"/>
</pin_list>
<bind>
<StgValue><ssdm name=""/></StgValue>
</bind>
</comp>

<comp id="286" class="1001" name="const_286">
<pin_list>
<pin id="287" dir="1" index="0" bw="1" slack="0"/>
</pin_list>
<bind>
<StgValue><ssdm name=""/></StgValue>
</bind>
</comp>

<comp id="288" class="1001" name="const_288">
<pin_list>
<pin id="289" dir="1" index="0" bw="1" slack="0"/>
</pin_list>
<bind>
<StgValue><ssdm name=""/></StgValue>
</bind>
</comp>

<comp id="290" class="1001" name="const_290">
<pin_list>
<pin id="291" dir="1" index="0" bw="1" slack="0"/>
</pin_list>
<bind>
<StgValue><ssdm name=""/></StgValue>
</bind>
</comp>

<comp id="292" class="1001" name="const_292">
<pin_list>
<pin id="293" dir="1" index="0" bw="1" slack="0"/>
</pin_list>
<bind>
<StgValue><ssdm name=""/></StgValue>
</bind>
</comp>

<comp id="294" class="1001" name="const_294">
<pin_list>
<pin id="295" dir="1" index="0" bw="1" slack="0"/>
</pin_list>
<bind>
<StgValue><ssdm name=""/></StgValue>
</bind>
</comp>

<comp id="296" class="1001" name="const_296">
<pin_list>
<pin id="297" dir="1" index="0" bw="1" slack="0"/>
</pin_list>
<bind>
<StgValue><ssdm name=""/></StgValue>
</bind>
</comp>

<comp id="298" class="1001" name="const_298">
<pin_list>
<pin id="299" dir="1" index="0" bw="1" slack="0"/>
</pin_list>
<bind>
<StgValue><ssdm name=""/></StgValue>
</bind>
</comp>

<comp id="300" class="1001" name="const_300">
<pin_list>
<pin id="301" dir="1" index="0" bw="1" slack="0"/>
</pin_list>
<bind>
<StgValue><ssdm name=""/></StgValue>
</bind>
</comp>

<comp id="302" class="1001" name="const_302">
<pin_list>
<pin id="303" dir="1" index="0" bw="1" slack="0"/>
</pin_list>
<bind>
<StgValue><ssdm name=""/></StgValue>
</bind>
</comp>

<comp id="304" class="1001" name="const_304">
<pin_list>
<pin id="305" dir="1" index="0" bw="1" slack="0"/>
</pin_list>
<bind>
<StgValue><ssdm name=""/></StgValue>
</bind>
</comp>

<comp id="306" class="1001" name="const_306">
<pin_list>
<pin id="307" dir="1" index="0" bw="1" slack="0"/>
</pin_list>
<bind>
<StgValue><ssdm name=""/></StgValue>
</bind>
</comp>

<comp id="308" class="1001" name="const_308">
<pin_list>
<pin id="309" dir="1" index="0" bw="1" slack="0"/>
</pin_list>
<bind>
<StgValue><ssdm name=""/></StgValue>
</bind>
</comp>

<comp id="310" class="1001" name="const_310">
<pin_list>
<pin id="311" dir="1" index="0" bw="1" slack="0"/>
</pin_list>
<bind>
<StgValue><ssdm name=""/></StgValue>
</bind>
</comp>

<comp id="312" class="1001" name="const_312">
<pin_list>
<pin id="313" dir="1" index="0" bw="1" slack="0"/>
</pin_list>
<bind>
<StgValue><ssdm name=""/></StgValue>
</bind>
</comp>

<comp id="314" class="1001" name="const_314">
<pin_list>
<pin id="315" dir="1" index="0" bw="1" slack="0"/>
</pin_list>
<bind>
<StgValue><ssdm name=""/></StgValue>
</bind>
</comp>

<comp id="316" class="1001" name="const_316">
<pin_list>
<pin id="317" dir="1" index="0" bw="1" slack="0"/>
</pin_list>
<bind>
<StgValue><ssdm name=""/></StgValue>
</bind>
</comp>

<comp id="318" class="1001" name="const_318">
<pin_list>
<pin id="319" dir="1" index="0" bw="1" slack="0"/>
</pin_list>
<bind>
<StgValue><ssdm name=""/></StgValue>
</bind>
</comp>

<comp id="320" class="1001" name="const_320">
<pin_list>
<pin id="321" dir="1" index="0" bw="1" slack="0"/>
</pin_list>
<bind>
<StgValue><ssdm name=""/></StgValue>
</bind>
</comp>

<comp id="322" class="1001" name="const_322">
<pin_list>
<pin id="323" dir="1" index="0" bw="1" slack="0"/>
</pin_list>
<bind>
<StgValue><ssdm name=""/></StgValue>
</bind>
</comp>

<comp id="324" class="1001" name="const_324">
<pin_list>
<pin id="325" dir="1" index="0" bw="1" slack="0"/>
</pin_list>
<bind>
<StgValue><ssdm name=""/></StgValue>
</bind>
</comp>

<comp id="326" class="1001" name="const_326">
<pin_list>
<pin id="327" dir="1" index="0" bw="1" slack="0"/>
</pin_list>
<bind>
<StgValue><ssdm name=""/></StgValue>
</bind>
</comp>

<comp id="328" class="1001" name="const_328">
<pin_list>
<pin id="329" dir="1" index="0" bw="1" slack="0"/>
</pin_list>
<bind>
<StgValue><ssdm name=""/></StgValue>
</bind>
</comp>

<comp id="330" class="1001" name="const_330">
<pin_list>
<pin id="331" dir="1" index="0" bw="1" slack="0"/>
</pin_list>
<bind>
<StgValue><ssdm name=""/></StgValue>
</bind>
</comp>

<comp id="332" class="1001" name="const_332">
<pin_list>
<pin id="333" dir="1" index="0" bw="1" slack="0"/>
</pin_list>
<bind>
<StgValue><ssdm name=""/></StgValue>
</bind>
</comp>

<comp id="334" class="1001" name="const_334">
<pin_list>
<pin id="335" dir="1" index="0" bw="1" slack="0"/>
</pin_list>
<bind>
<StgValue><ssdm name=""/></StgValue>
</bind>
</comp>

<comp id="336" class="1001" name="const_336">
<pin_list>
<pin id="337" dir="1" index="0" bw="1" slack="0"/>
</pin_list>
<bind>
<StgValue><ssdm name=""/></StgValue>
</bind>
</comp>

<comp id="338" class="1001" name="const_338">
<pin_list>
<pin id="339" dir="1" index="0" bw="1" slack="0"/>
</pin_list>
<bind>
<StgValue><ssdm name=""/></StgValue>
</bind>
</comp>

<comp id="340" class="1001" name="const_340">
<pin_list>
<pin id="341" dir="1" index="0" bw="1" slack="0"/>
</pin_list>
<bind>
<StgValue><ssdm name=""/></StgValue>
</bind>
</comp>

<comp id="342" class="1001" name="const_342">
<pin_list>
<pin id="343" dir="1" index="0" bw="1" slack="0"/>
</pin_list>
<bind>
<StgValue><ssdm name=""/></StgValue>
</bind>
</comp>

<comp id="344" class="1001" name="const_344">
<pin_list>
<pin id="345" dir="1" index="0" bw="1" slack="0"/>
</pin_list>
<bind>
<StgValue><ssdm name=""/></StgValue>
</bind>
</comp>

<comp id="346" class="1001" name="const_346">
<pin_list>
<pin id="347" dir="1" index="0" bw="1" slack="0"/>
</pin_list>
<bind>
<StgValue><ssdm name=""/></StgValue>
</bind>
</comp>

<comp id="348" class="1001" name="const_348">
<pin_list>
<pin id="349" dir="1" index="0" bw="1" slack="0"/>
</pin_list>
<bind>
<StgValue><ssdm name=""/></StgValue>
</bind>
</comp>

<comp id="350" class="1001" name="const_350">
<pin_list>
<pin id="351" dir="1" index="0" bw="1" slack="0"/>
</pin_list>
<bind>
<StgValue><ssdm name=""/></StgValue>
</bind>
</comp>

<comp id="352" class="1001" name="const_352">
<pin_list>
<pin id="353" dir="1" index="0" bw="1" slack="0"/>
</pin_list>
<bind>
<StgValue><ssdm name=""/></StgValue>
</bind>
</comp>

<comp id="354" class="1001" name="const_354">
<pin_list>
<pin id="355" dir="1" index="0" bw="1" slack="0"/>
</pin_list>
<bind>
<StgValue><ssdm name=""/></StgValue>
</bind>
</comp>

<comp id="356" class="1001" name="const_356">
<pin_list>
<pin id="357" dir="1" index="0" bw="1" slack="0"/>
</pin_list>
<bind>
<StgValue><ssdm name=""/></StgValue>
</bind>
</comp>

<comp id="358" class="1001" name="const_358">
<pin_list>
<pin id="359" dir="1" index="0" bw="1" slack="0"/>
</pin_list>
<bind>
<StgValue><ssdm name=""/></StgValue>
</bind>
</comp>

<comp id="360" class="1001" name="const_360">
<pin_list>
<pin id="361" dir="1" index="0" bw="1" slack="0"/>
</pin_list>
<bind>
<StgValue><ssdm name=""/></StgValue>
</bind>
</comp>

<comp id="362" class="1001" name="const_362">
<pin_list>
<pin id="363" dir="1" index="0" bw="1" slack="0"/>
</pin_list>
<bind>
<StgValue><ssdm name=""/></StgValue>
</bind>
</comp>

<comp id="364" class="1001" name="const_364">
<pin_list>
<pin id="365" dir="1" index="0" bw="1" slack="0"/>
</pin_list>
<bind>
<StgValue><ssdm name=""/></StgValue>
</bind>
</comp>

<comp id="366" class="1001" name="const_366">
<pin_list>
<pin id="367" dir="1" index="0" bw="1" slack="0"/>
</pin_list>
<bind>
<StgValue><ssdm name=""/></StgValue>
</bind>
</comp>

<comp id="368" class="1001" name="const_368">
<pin_list>
<pin id="369" dir="1" index="0" bw="1" slack="0"/>
</pin_list>
<bind>
<StgValue><ssdm name=""/></StgValue>
</bind>
</comp>

<comp id="370" class="1001" name="const_370">
<pin_list>
<pin id="371" dir="1" index="0" bw="1" slack="0"/>
</pin_list>
<bind>
<StgValue><ssdm name=""/></StgValue>
</bind>
</comp>

<comp id="372" class="1001" name="const_372">
<pin_list>
<pin id="373" dir="1" index="0" bw="1" slack="0"/>
</pin_list>
<bind>
<StgValue><ssdm name=""/></StgValue>
</bind>
</comp>

<comp id="374" class="1001" name="const_374">
<pin_list>
<pin id="375" dir="1" index="0" bw="1" slack="0"/>
</pin_list>
<bind>
<StgValue><ssdm name=""/></StgValue>
</bind>
</comp>

<comp id="376" class="1001" name="const_376">
<pin_list>
<pin id="377" dir="1" index="0" bw="1" slack="0"/>
</pin_list>
<bind>
<StgValue><ssdm name=""/></StgValue>
</bind>
</comp>

<comp id="378" class="1001" name="const_378">
<pin_list>
<pin id="379" dir="1" index="0" bw="1" slack="0"/>
</pin_list>
<bind>
<StgValue><ssdm name=""/></StgValue>
</bind>
</comp>

<comp id="380" class="1001" name="const_380">
<pin_list>
<pin id="381" dir="1" index="0" bw="1" slack="0"/>
</pin_list>
<bind>
<StgValue><ssdm name=""/></StgValue>
</bind>
</comp>

<comp id="382" class="1001" name="const_382">
<pin_list>
<pin id="383" dir="1" index="0" bw="1" slack="0"/>
</pin_list>
<bind>
<StgValue><ssdm name=""/></StgValue>
</bind>
</comp>

<comp id="384" class="1001" name="const_384">
<pin_list>
<pin id="385" dir="1" index="0" bw="1" slack="0"/>
</pin_list>
<bind>
<StgValue><ssdm name=""/></StgValue>
</bind>
</comp>

<comp id="386" class="1001" name="const_386">
<pin_list>
<pin id="387" dir="1" index="0" bw="1" slack="0"/>
</pin_list>
<bind>
<StgValue><ssdm name=""/></StgValue>
</bind>
</comp>

<comp id="388" class="1001" name="const_388">
<pin_list>
<pin id="389" dir="1" index="0" bw="1" slack="0"/>
</pin_list>
<bind>
<StgValue><ssdm name=""/></StgValue>
</bind>
</comp>

<comp id="390" class="1001" name="const_390">
<pin_list>
<pin id="391" dir="1" index="0" bw="1" slack="0"/>
</pin_list>
<bind>
<StgValue><ssdm name=""/></StgValue>
</bind>
</comp>

<comp id="392" class="1001" name="const_392">
<pin_list>
<pin id="393" dir="1" index="0" bw="1" slack="0"/>
</pin_list>
<bind>
<StgValue><ssdm name=""/></StgValue>
</bind>
</comp>

<comp id="394" class="1001" name="const_394">
<pin_list>
<pin id="395" dir="1" index="0" bw="1" slack="0"/>
</pin_list>
<bind>
<StgValue><ssdm name=""/></StgValue>
</bind>
</comp>

<comp id="396" class="1001" name="const_396">
<pin_list>
<pin id="397" dir="1" index="0" bw="1" slack="0"/>
</pin_list>
<bind>
<StgValue><ssdm name=""/></StgValue>
</bind>
</comp>

<comp id="398" class="1001" name="const_398">
<pin_list>
<pin id="399" dir="1" index="0" bw="1" slack="0"/>
</pin_list>
<bind>
<StgValue><ssdm name=""/></StgValue>
</bind>
</comp>

<comp id="400" class="1001" name="const_400">
<pin_list>
<pin id="401" dir="1" index="0" bw="1" slack="0"/>
</pin_list>
<bind>
<StgValue><ssdm name=""/></StgValue>
</bind>
</comp>

<comp id="402" class="1001" name="const_402">
<pin_list>
<pin id="403" dir="1" index="0" bw="1" slack="0"/>
</pin_list>
<bind>
<StgValue><ssdm name=""/></StgValue>
</bind>
</comp>

<comp id="404" class="1001" name="const_404">
<pin_list>
<pin id="405" dir="1" index="0" bw="1" slack="0"/>
</pin_list>
<bind>
<StgValue><ssdm name=""/></StgValue>
</bind>
</comp>

<comp id="406" class="1001" name="const_406">
<pin_list>
<pin id="407" dir="1" index="0" bw="1" slack="0"/>
</pin_list>
<bind>
<StgValue><ssdm name=""/></StgValue>
</bind>
</comp>

<comp id="408" class="1001" name="const_408">
<pin_list>
<pin id="409" dir="1" index="0" bw="1" slack="0"/>
</pin_list>
<bind>
<StgValue><ssdm name=""/></StgValue>
</bind>
</comp>

<comp id="410" class="1001" name="const_410">
<pin_list>
<pin id="411" dir="1" index="0" bw="1" slack="0"/>
</pin_list>
<bind>
<StgValue><ssdm name=""/></StgValue>
</bind>
</comp>

<comp id="412" class="1001" name="const_412">
<pin_list>
<pin id="413" dir="1" index="0" bw="1" slack="0"/>
</pin_list>
<bind>
<StgValue><ssdm name=""/></StgValue>
</bind>
</comp>

<comp id="414" class="1001" name="const_414">
<pin_list>
<pin id="415" dir="1" index="0" bw="1" slack="0"/>
</pin_list>
<bind>
<StgValue><ssdm name=""/></StgValue>
</bind>
</comp>

<comp id="416" class="1001" name="const_416">
<pin_list>
<pin id="417" dir="1" index="0" bw="1" slack="0"/>
</pin_list>
<bind>
<StgValue><ssdm name=""/></StgValue>
</bind>
</comp>

<comp id="418" class="1001" name="const_418">
<pin_list>
<pin id="419" dir="1" index="0" bw="1" slack="0"/>
</pin_list>
<bind>
<StgValue><ssdm name=""/></StgValue>
</bind>
</comp>

<comp id="420" class="1001" name="const_420">
<pin_list>
<pin id="421" dir="1" index="0" bw="1" slack="0"/>
</pin_list>
<bind>
<StgValue><ssdm name=""/></StgValue>
</bind>
</comp>

<comp id="422" class="1001" name="const_422">
<pin_list>
<pin id="423" dir="1" index="0" bw="1" slack="0"/>
</pin_list>
<bind>
<StgValue><ssdm name="_ssdm_op_BitConcatenate.i192.i6.i6.i6.i6.i6.i6.i6.i6.i6.i6.i6.i6.i6.i6.i6.i6.i6.i6.i6.i6.i6.i6.i6.i6.i6.i6.i6.i6.i6.i6.i6.i6"/></StgValue>
</bind>
</comp>

<comp id="424" class="1001" name="const_424">
<pin_list>
<pin id="425" dir="1" index="0" bw="1" slack="0"/>
</pin_list>
<bind>
<StgValue><ssdm name="_ssdm_op_Write.ap_fifo.volatile.i192P0A"/></StgValue>
</bind>
</comp>

<comp id="426" class="1004" name="layer5_out_read_read_fu_426">
<pin_list>
<pin id="427" dir="0" index="0" bw="576" slack="0"/>
<pin id="428" dir="0" index="1" bw="576" slack="0"/>
<pin id="429" dir="1" index="2" bw="576" slack="0"/>
</pin_list>
<bind>
<opcode="read(1150) " fcode="read"/>
<opset="layer5_out_read/1 "/>
</bind>
</comp>

<comp id="432" class="1004" name="write_ln57_write_fu_432">
<pin_list>
<pin id="433" dir="0" index="0" bw="0" slack="0"/>
<pin id="434" dir="0" index="1" bw="192" slack="0"/>
<pin id="435" dir="0" index="2" bw="192" slack="0"/>
<pin id="436" dir="1" index="3" bw="0" slack="2147483647"/>
</pin_list>
<bind>
<opcode="write(1151) " fcode="write"/>
<opset="write_ln57/1 "/>
</bind>
</comp>

<comp id="439" class="1004" name="trunc_ln44_fu_439">
<pin_list>
<pin id="440" dir="0" index="0" bw="576" slack="0"/>
<pin id="441" dir="1" index="1" bw="18" slack="0"/>
</pin_list>
<bind>
<opcode="trunc(33) " fcode="trunc"/>
<opset="trunc_ln44/1 "/>
</bind>
</comp>

<comp id="443" class="1004" name="trunc_ln44_s_fu_443">
<pin_list>
<pin id="444" dir="0" index="0" bw="18" slack="0"/>
<pin id="445" dir="0" index="1" bw="576" slack="0"/>
<pin id="446" dir="0" index="2" bw="6" slack="0"/>
<pin id="447" dir="0" index="3" bw="7" slack="0"/>
<pin id="448" dir="1" index="4" bw="18" slack="0"/>
</pin_list>
<bind>
<opcode="partselect(1002) " fcode="partselect"/>
<opset="trunc_ln44_s/1 "/>
</bind>
</comp>

<comp id="453" class="1004" name="trunc_ln44_1_fu_453">
<pin_list>
<pin id="454" dir="0" index="0" bw="18" slack="0"/>
<pin id="455" dir="0" index="1" bw="576" slack="0"/>
<pin id="456" dir="0" index="2" bw="7" slack="0"/>
<pin id="457" dir="0" index="3" bw="7" slack="0"/>
<pin id="458" dir="1" index="4" bw="18" slack="0"/>
</pin_list>
<bind>
<opcode="partselect(1002) " fcode="partselect"/>
<opset="trunc_ln44_1/1 "/>
</bind>
</comp>

<comp id="463" class="1004" name="trunc_ln44_2_fu_463">
<pin_list>
<pin id="464" dir="0" index="0" bw="18" slack="0"/>
<pin id="465" dir="0" index="1" bw="576" slack="0"/>
<pin id="466" dir="0" index="2" bw="7" slack="0"/>
<pin id="467" dir="0" index="3" bw="8" slack="0"/>
<pin id="468" dir="1" index="4" bw="18" slack="0"/>
</pin_list>
<bind>
<opcode="partselect(1002) " fcode="partselect"/>
<opset="trunc_ln44_2/1 "/>
</bind>
</comp>

<comp id="473" class="1004" name="trunc_ln44_3_fu_473">
<pin_list>
<pin id="474" dir="0" index="0" bw="18" slack="0"/>
<pin id="475" dir="0" index="1" bw="576" slack="0"/>
<pin id="476" dir="0" index="2" bw="8" slack="0"/>
<pin id="477" dir="0" index="3" bw="8" slack="0"/>
<pin id="478" dir="1" index="4" bw="18" slack="0"/>
</pin_list>
<bind>
<opcode="partselect(1002) " fcode="partselect"/>
<opset="trunc_ln44_3/1 "/>
</bind>
</comp>

<comp id="483" class="1004" name="trunc_ln44_4_fu_483">
<pin_list>
<pin id="484" dir="0" index="0" bw="18" slack="0"/>
<pin id="485" dir="0" index="1" bw="576" slack="0"/>
<pin id="486" dir="0" index="2" bw="8" slack="0"/>
<pin id="487" dir="0" index="3" bw="8" slack="0"/>
<pin id="488" dir="1" index="4" bw="18" slack="0"/>
</pin_list>
<bind>
<opcode="partselect(1002) " fcode="partselect"/>
<opset="trunc_ln44_4/1 "/>
</bind>
</comp>

<comp id="493" class="1004" name="trunc_ln44_5_fu_493">
<pin_list>
<pin id="494" dir="0" index="0" bw="18" slack="0"/>
<pin id="495" dir="0" index="1" bw="576" slack="0"/>
<pin id="496" dir="0" index="2" bw="8" slack="0"/>
<pin id="497" dir="0" index="3" bw="8" slack="0"/>
<pin id="498" dir="1" index="4" bw="18" slack="0"/>
</pin_list>
<bind>
<opcode="partselect(1002) " fcode="partselect"/>
<opset="trunc_ln44_5/1 "/>
</bind>
</comp>

<comp id="503" class="1004" name="trunc_ln44_6_fu_503">
<pin_list>
<pin id="504" dir="0" index="0" bw="18" slack="0"/>
<pin id="505" dir="0" index="1" bw="576" slack="0"/>
<pin id="506" dir="0" index="2" bw="8" slack="0"/>
<pin id="507" dir="0" index="3" bw="9" slack="0"/>
<pin id="508" dir="1" index="4" bw="18" slack="0"/>
</pin_list>
<bind>
<opcode="partselect(1002) " fcode="partselect"/>
<opset="trunc_ln44_6/1 "/>
</bind>
</comp>

<comp id="513" class="1004" name="trunc_ln44_7_fu_513">
<pin_list>
<pin id="514" dir="0" index="0" bw="18" slack="0"/>
<pin id="515" dir="0" index="1" bw="576" slack="0"/>
<pin id="516" dir="0" index="2" bw="9" slack="0"/>
<pin id="517" dir="0" index="3" bw="9" slack="0"/>
<pin id="518" dir="1" index="4" bw="18" slack="0"/>
</pin_list>
<bind>
<opcode="partselect(1002) " fcode="partselect"/>
<opset="trunc_ln44_7/1 "/>
</bind>
</comp>

<comp id="523" class="1004" name="trunc_ln44_8_fu_523">
<pin_list>
<pin id="524" dir="0" index="0" bw="18" slack="0"/>
<pin id="525" dir="0" index="1" bw="576" slack="0"/>
<pin id="526" dir="0" index="2" bw="9" slack="0"/>
<pin id="527" dir="0" index="3" bw="9" slack="0"/>
<pin id="528" dir="1" index="4" bw="18" slack="0"/>
</pin_list>
<bind>
<opcode="partselect(1002) " fcode="partselect"/>
<opset="trunc_ln44_8/1 "/>
</bind>
</comp>

<comp id="533" class="1004" name="trunc_ln44_9_fu_533">
<pin_list>
<pin id="534" dir="0" index="0" bw="18" slack="0"/>
<pin id="535" dir="0" index="1" bw="576" slack="0"/>
<pin id="536" dir="0" index="2" bw="9" slack="0"/>
<pin id="537" dir="0" index="3" bw="9" slack="0"/>
<pin id="538" dir="1" index="4" bw="18" slack="0"/>
</pin_list>
<bind>
<opcode="partselect(1002) " fcode="partselect"/>
<opset="trunc_ln44_9/1 "/>
</bind>
</comp>

<comp id="543" class="1004" name="trunc_ln44_10_fu_543">
<pin_list>
<pin id="544" dir="0" index="0" bw="18" slack="0"/>
<pin id="545" dir="0" index="1" bw="576" slack="0"/>
<pin id="546" dir="0" index="2" bw="9" slack="0"/>
<pin id="547" dir="0" index="3" bw="9" slack="0"/>
<pin id="548" dir="1" index="4" bw="18" slack="0"/>
</pin_list>
<bind>
<opcode="partselect(1002) " fcode="partselect"/>
<opset="trunc_ln44_10/1 "/>
</bind>
</comp>

<comp id="553" class="1004" name="trunc_ln44_11_fu_553">
<pin_list>
<pin id="554" dir="0" index="0" bw="18" slack="0"/>
<pin id="555" dir="0" index="1" bw="576" slack="0"/>
<pin id="556" dir="0" index="2" bw="9" slack="0"/>
<pin id="557" dir="0" index="3" bw="9" slack="0"/>
<pin id="558" dir="1" index="4" bw="18" slack="0"/>
</pin_list>
<bind>
<opcode="partselect(1002) " fcode="partselect"/>
<opset="trunc_ln44_11/1 "/>
</bind>
</comp>

<comp id="563" class="1004" name="trunc_ln44_12_fu_563">
<pin_list>
<pin id="564" dir="0" index="0" bw="18" slack="0"/>
<pin id="565" dir="0" index="1" bw="576" slack="0"/>
<pin id="566" dir="0" index="2" bw="9" slack="0"/>
<pin id="567" dir="0" index="3" bw="9" slack="0"/>
<pin id="568" dir="1" index="4" bw="18" slack="0"/>
</pin_list>
<bind>
<opcode="partselect(1002) " fcode="partselect"/>
<opset="trunc_ln44_12/1 "/>
</bind>
</comp>

<comp id="573" class="1004" name="trunc_ln44_13_fu_573">
<pin_list>
<pin id="574" dir="0" index="0" bw="18" slack="0"/>
<pin id="575" dir="0" index="1" bw="576" slack="0"/>
<pin id="576" dir="0" index="2" bw="9" slack="0"/>
<pin id="577" dir="0" index="3" bw="10" slack="0"/>
<pin id="578" dir="1" index="4" bw="18" slack="0"/>
</pin_list>
<bind>
<opcode="partselect(1002) " fcode="partselect"/>
<opset="trunc_ln44_13/1 "/>
</bind>
</comp>

<comp id="583" class="1004" name="trunc_ln44_14_fu_583">
<pin_list>
<pin id="584" dir="0" index="0" bw="18" slack="0"/>
<pin id="585" dir="0" index="1" bw="576" slack="0"/>
<pin id="586" dir="0" index="2" bw="10" slack="0"/>
<pin id="587" dir="0" index="3" bw="10" slack="0"/>
<pin id="588" dir="1" index="4" bw="18" slack="0"/>
</pin_list>
<bind>
<opcode="partselect(1002) " fcode="partselect"/>
<opset="trunc_ln44_14/1 "/>
</bind>
</comp>

<comp id="593" class="1004" name="trunc_ln44_15_fu_593">
<pin_list>
<pin id="594" dir="0" index="0" bw="18" slack="0"/>
<pin id="595" dir="0" index="1" bw="576" slack="0"/>
<pin id="596" dir="0" index="2" bw="10" slack="0"/>
<pin id="597" dir="0" index="3" bw="10" slack="0"/>
<pin id="598" dir="1" index="4" bw="18" slack="0"/>
</pin_list>
<bind>
<opcode="partselect(1002) " fcode="partselect"/>
<opset="trunc_ln44_15/1 "/>
</bind>
</comp>

<comp id="603" class="1004" name="trunc_ln44_16_fu_603">
<pin_list>
<pin id="604" dir="0" index="0" bw="18" slack="0"/>
<pin id="605" dir="0" index="1" bw="576" slack="0"/>
<pin id="606" dir="0" index="2" bw="10" slack="0"/>
<pin id="607" dir="0" index="3" bw="10" slack="0"/>
<pin id="608" dir="1" index="4" bw="18" slack="0"/>
</pin_list>
<bind>
<opcode="partselect(1002) " fcode="partselect"/>
<opset="trunc_ln44_16/1 "/>
</bind>
</comp>

<comp id="613" class="1004" name="trunc_ln44_17_fu_613">
<pin_list>
<pin id="614" dir="0" index="0" bw="18" slack="0"/>
<pin id="615" dir="0" index="1" bw="576" slack="0"/>
<pin id="616" dir="0" index="2" bw="10" slack="0"/>
<pin id="617" dir="0" index="3" bw="10" slack="0"/>
<pin id="618" dir="1" index="4" bw="18" slack="0"/>
</pin_list>
<bind>
<opcode="partselect(1002) " fcode="partselect"/>
<opset="trunc_ln44_17/1 "/>
</bind>
</comp>

<comp id="623" class="1004" name="trunc_ln44_18_fu_623">
<pin_list>
<pin id="624" dir="0" index="0" bw="18" slack="0"/>
<pin id="625" dir="0" index="1" bw="576" slack="0"/>
<pin id="626" dir="0" index="2" bw="10" slack="0"/>
<pin id="627" dir="0" index="3" bw="10" slack="0"/>
<pin id="628" dir="1" index="4" bw="18" slack="0"/>
</pin_list>
<bind>
<opcode="partselect(1002) " fcode="partselect"/>
<opset="trunc_ln44_18/1 "/>
</bind>
</comp>

<comp id="633" class="1004" name="trunc_ln44_19_fu_633">
<pin_list>
<pin id="634" dir="0" index="0" bw="18" slack="0"/>
<pin id="635" dir="0" index="1" bw="576" slack="0"/>
<pin id="636" dir="0" index="2" bw="10" slack="0"/>
<pin id="637" dir="0" index="3" bw="10" slack="0"/>
<pin id="638" dir="1" index="4" bw="18" slack="0"/>
</pin_list>
<bind>
<opcode="partselect(1002) " fcode="partselect"/>
<opset="trunc_ln44_19/1 "/>
</bind>
</comp>

<comp id="643" class="1004" name="trunc_ln44_20_fu_643">
<pin_list>
<pin id="644" dir="0" index="0" bw="18" slack="0"/>
<pin id="645" dir="0" index="1" bw="576" slack="0"/>
<pin id="646" dir="0" index="2" bw="10" slack="0"/>
<pin id="647" dir="0" index="3" bw="10" slack="0"/>
<pin id="648" dir="1" index="4" bw="18" slack="0"/>
</pin_list>
<bind>
<opcode="partselect(1002) " fcode="partselect"/>
<opset="trunc_ln44_20/1 "/>
</bind>
</comp>

<comp id="653" class="1004" name="trunc_ln44_21_fu_653">
<pin_list>
<pin id="654" dir="0" index="0" bw="18" slack="0"/>
<pin id="655" dir="0" index="1" bw="576" slack="0"/>
<pin id="656" dir="0" index="2" bw="10" slack="0"/>
<pin id="657" dir="0" index="3" bw="10" slack="0"/>
<pin id="658" dir="1" index="4" bw="18" slack="0"/>
</pin_list>
<bind>
<opcode="partselect(1002) " fcode="partselect"/>
<opset="trunc_ln44_21/1 "/>
</bind>
</comp>

<comp id="663" class="1004" name="trunc_ln44_22_fu_663">
<pin_list>
<pin id="664" dir="0" index="0" bw="18" slack="0"/>
<pin id="665" dir="0" index="1" bw="576" slack="0"/>
<pin id="666" dir="0" index="2" bw="10" slack="0"/>
<pin id="667" dir="0" index="3" bw="10" slack="0"/>
<pin id="668" dir="1" index="4" bw="18" slack="0"/>
</pin_list>
<bind>
<opcode="partselect(1002) " fcode="partselect"/>
<opset="trunc_ln44_22/1 "/>
</bind>
</comp>

<comp id="673" class="1004" name="trunc_ln44_23_fu_673">
<pin_list>
<pin id="674" dir="0" index="0" bw="18" slack="0"/>
<pin id="675" dir="0" index="1" bw="576" slack="0"/>
<pin id="676" dir="0" index="2" bw="10" slack="0"/>
<pin id="677" dir="0" index="3" bw="10" slack="0"/>
<pin id="678" dir="1" index="4" bw="18" slack="0"/>
</pin_list>
<bind>
<opcode="partselect(1002) " fcode="partselect"/>
<opset="trunc_ln44_23/1 "/>
</bind>
</comp>

<comp id="683" class="1004" name="trunc_ln44_24_fu_683">
<pin_list>
<pin id="684" dir="0" index="0" bw="18" slack="0"/>
<pin id="685" dir="0" index="1" bw="576" slack="0"/>
<pin id="686" dir="0" index="2" bw="10" slack="0"/>
<pin id="687" dir="0" index="3" bw="10" slack="0"/>
<pin id="688" dir="1" index="4" bw="18" slack="0"/>
</pin_list>
<bind>
<opcode="partselect(1002) " fcode="partselect"/>
<opset="trunc_ln44_24/1 "/>
</bind>
</comp>

<comp id="693" class="1004" name="trunc_ln44_25_fu_693">
<pin_list>
<pin id="694" dir="0" index="0" bw="18" slack="0"/>
<pin id="695" dir="0" index="1" bw="576" slack="0"/>
<pin id="696" dir="0" index="2" bw="10" slack="0"/>
<pin id="697" dir="0" index="3" bw="10" slack="0"/>
<pin id="698" dir="1" index="4" bw="18" slack="0"/>
</pin_list>
<bind>
<opcode="partselect(1002) " fcode="partselect"/>
<opset="trunc_ln44_25/1 "/>
</bind>
</comp>

<comp id="703" class="1004" name="trunc_ln44_26_fu_703">
<pin_list>
<pin id="704" dir="0" index="0" bw="18" slack="0"/>
<pin id="705" dir="0" index="1" bw="576" slack="0"/>
<pin id="706" dir="0" index="2" bw="10" slack="0"/>
<pin id="707" dir="0" index="3" bw="10" slack="0"/>
<pin id="708" dir="1" index="4" bw="18" slack="0"/>
</pin_list>
<bind>
<opcode="partselect(1002) " fcode="partselect"/>
<opset="trunc_ln44_26/1 "/>
</bind>
</comp>

<comp id="713" class="1004" name="trunc_ln44_27_fu_713">
<pin_list>
<pin id="714" dir="0" index="0" bw="18" slack="0"/>
<pin id="715" dir="0" index="1" bw="576" slack="0"/>
<pin id="716" dir="0" index="2" bw="10" slack="0"/>
<pin id="717" dir="0" index="3" bw="11" slack="0"/>
<pin id="718" dir="1" index="4" bw="18" slack="0"/>
</pin_list>
<bind>
<opcode="partselect(1002) " fcode="partselect"/>
<opset="trunc_ln44_27/1 "/>
</bind>
</comp>

<comp id="723" class="1004" name="trunc_ln44_28_fu_723">
<pin_list>
<pin id="724" dir="0" index="0" bw="18" slack="0"/>
<pin id="725" dir="0" index="1" bw="576" slack="0"/>
<pin id="726" dir="0" index="2" bw="11" slack="0"/>
<pin id="727" dir="0" index="3" bw="11" slack="0"/>
<pin id="728" dir="1" index="4" bw="18" slack="0"/>
</pin_list>
<bind>
<opcode="partselect(1002) " fcode="partselect"/>
<opset="trunc_ln44_28/1 "/>
</bind>
</comp>

<comp id="733" class="1004" name="trunc_ln44_29_fu_733">
<pin_list>
<pin id="734" dir="0" index="0" bw="18" slack="0"/>
<pin id="735" dir="0" index="1" bw="576" slack="0"/>
<pin id="736" dir="0" index="2" bw="11" slack="0"/>
<pin id="737" dir="0" index="3" bw="11" slack="0"/>
<pin id="738" dir="1" index="4" bw="18" slack="0"/>
</pin_list>
<bind>
<opcode="partselect(1002) " fcode="partselect"/>
<opset="trunc_ln44_29/1 "/>
</bind>
</comp>

<comp id="743" class="1004" name="trunc_ln44_30_fu_743">
<pin_list>
<pin id="744" dir="0" index="0" bw="18" slack="0"/>
<pin id="745" dir="0" index="1" bw="576" slack="0"/>
<pin id="746" dir="0" index="2" bw="11" slack="0"/>
<pin id="747" dir="0" index="3" bw="11" slack="0"/>
<pin id="748" dir="1" index="4" bw="18" slack="0"/>
</pin_list>
<bind>
<opcode="partselect(1002) " fcode="partselect"/>
<opset="trunc_ln44_30/1 "/>
</bind>
</comp>

<comp id="753" class="1004" name="icmp_ln51_fu_753">
<pin_list>
<pin id="754" dir="0" index="0" bw="18" slack="0"/>
<pin id="755" dir="0" index="1" bw="18" slack="0"/>
<pin id="756" dir="1" index="2" bw="1" slack="0"/>
</pin_list>
<bind>
<opcode="icmp(45) " fcode="icmp"/>
<opset="icmp_ln51/1 "/>
</bind>
</comp>

<comp id="759" class="1004" name="tmp_fu_759">
<pin_list>
<pin id="760" dir="0" index="0" bw="1" slack="0"/>
<pin id="761" dir="0" index="1" bw="576" slack="0"/>
<pin id="762" dir="0" index="2" bw="6" slack="0"/>
<pin id="763" dir="1" index="3" bw="1" slack="0"/>
</pin_list>
<bind>
<opcode="bitselect(1000) " fcode="bitselect"/>
<opset="tmp/1 "/>
</bind>
</comp>

<comp id="767" class="1004" name="trunc_ln1_fu_767">
<pin_list>
<pin id="768" dir="0" index="0" bw="6" slack="0"/>
<pin id="769" dir="0" index="1" bw="576" slack="0"/>
<pin id="770" dir="0" index="2" bw="3" slack="0"/>
<pin id="771" dir="0" index="3" bw="4" slack="0"/>
<pin id="772" dir="1" index="4" bw="6" slack="0"/>
</pin_list>
<bind>
<opcode="partselect(1002) " fcode="partselect"/>
<opset="trunc_ln1/1 "/>
</bind>
</comp>

<comp id="777" class="1004" name="tmp_1_fu_777">
<pin_list>
<pin id="778" dir="0" index="0" bw="1" slack="0"/>
<pin id="779" dir="0" index="1" bw="576" slack="0"/>
<pin id="780" dir="0" index="2" bw="1" slack="0"/>
<pin id="781" dir="1" index="3" bw="1" slack="0"/>
</pin_list>
<bind>
<opcode="bitselect(1000) " fcode="bitselect"/>
<opset="tmp_1/1 "/>
</bind>
</comp>

<comp id="785" class="1004" name="tmp_2_fu_785">
<pin_list>
<pin id="786" dir="0" index="0" bw="1" slack="0"/>
<pin id="787" dir="0" index="1" bw="576" slack="0"/>
<pin id="788" dir="0" index="2" bw="4" slack="0"/>
<pin id="789" dir="1" index="3" bw="1" slack="0"/>
</pin_list>
<bind>
<opcode="bitselect(1000) " fcode="bitselect"/>
<opset="tmp_2/1 "/>
</bind>
</comp>

<comp id="793" class="1004" name="zext_ln52_fu_793">
<pin_list>
<pin id="794" dir="0" index="0" bw="1" slack="0"/>
<pin id="795" dir="1" index="1" bw="6" slack="0"/>
</pin_list>
<bind>
<opcode="zext(34) " fcode="zext"/>
<opset="zext_ln52/1 "/>
</bind>
</comp>

<comp id="797" class="1004" name="add_ln52_fu_797">
<pin_list>
<pin id="798" dir="0" index="0" bw="6" slack="0"/>
<pin id="799" dir="0" index="1" bw="1" slack="0"/>
<pin id="800" dir="1" index="2" bw="6" slack="0"/>
</pin_list>
<bind>
<opcode="add(8) " fcode="add"/>
<opset="add_ln52/1 "/>
</bind>
</comp>

<comp id="803" class="1004" name="tmp_3_fu_803">
<pin_list>
<pin id="804" dir="0" index="0" bw="1" slack="0"/>
<pin id="805" dir="0" index="1" bw="6" slack="0"/>
<pin id="806" dir="0" index="2" bw="4" slack="0"/>
<pin id="807" dir="1" index="3" bw="1" slack="0"/>
</pin_list>
<bind>
<opcode="bitselect(1000) " fcode="bitselect"/>
<opset="tmp_3/1 "/>
</bind>
</comp>

<comp id="811" class="1004" name="tmp_4_fu_811">
<pin_list>
<pin id="812" dir="0" index="0" bw="10" slack="0"/>
<pin id="813" dir="0" index="1" bw="576" slack="0"/>
<pin id="814" dir="0" index="2" bw="5" slack="0"/>
<pin id="815" dir="0" index="3" bw="6" slack="0"/>
<pin id="816" dir="1" index="4" bw="10" slack="0"/>
</pin_list>
<bind>
<opcode="partselect(1002) " fcode="partselect"/>
<opset="tmp_4/1 "/>
</bind>
</comp>

<comp id="821" class="1004" name="icmp_ln52_fu_821">
<pin_list>
<pin id="822" dir="0" index="0" bw="10" slack="0"/>
<pin id="823" dir="0" index="1" bw="10" slack="0"/>
<pin id="824" dir="1" index="2" bw="1" slack="0"/>
</pin_list>
<bind>
<opcode="icmp(45) " fcode="icmp"/>
<opset="icmp_ln52/1 "/>
</bind>
</comp>

<comp id="827" class="1004" name="xor_ln52_fu_827">
<pin_list>
<pin id="828" dir="0" index="0" bw="1" slack="0"/>
<pin id="829" dir="0" index="1" bw="1" slack="0"/>
<pin id="830" dir="1" index="2" bw="1" slack="0"/>
</pin_list>
<bind>
<opcode="xor(25) " fcode="xor"/>
<opset="xor_ln52/1 "/>
</bind>
</comp>

<comp id="833" class="1004" name="or_ln52_1_fu_833">
<pin_list>
<pin id="834" dir="0" index="0" bw="1" slack="0"/>
<pin id="835" dir="0" index="1" bw="1" slack="0"/>
<pin id="836" dir="1" index="2" bw="1" slack="0"/>
</pin_list>
<bind>
<opcode="or(24) " fcode="or"/>
<opset="or_ln52_1/1 "/>
</bind>
</comp>

<comp id="839" class="1004" name="and_ln52_fu_839">
<pin_list>
<pin id="840" dir="0" index="0" bw="1" slack="0"/>
<pin id="841" dir="0" index="1" bw="1" slack="0"/>
<pin id="842" dir="1" index="2" bw="1" slack="0"/>
</pin_list>
<bind>
<opcode="and(23) " fcode="and"/>
<opset="and_ln52/1 "/>
</bind>
</comp>

<comp id="845" class="1004" name="xor_ln52_1_fu_845">
<pin_list>
<pin id="846" dir="0" index="0" bw="1" slack="0"/>
<pin id="847" dir="0" index="1" bw="1" slack="0"/>
<pin id="848" dir="1" index="2" bw="1" slack="0"/>
</pin_list>
<bind>
<opcode="xor(25) " fcode="xor"/>
<opset="xor_ln52_1/1 "/>
</bind>
</comp>

<comp id="851" class="1004" name="or_ln52_fu_851">
<pin_list>
<pin id="852" dir="0" index="0" bw="1" slack="0"/>
<pin id="853" dir="0" index="1" bw="1" slack="0"/>
<pin id="854" dir="1" index="2" bw="1" slack="0"/>
</pin_list>
<bind>
<opcode="or(24) " fcode="or"/>
<opset="or_ln52/1 "/>
</bind>
</comp>

<comp id="857" class="1004" name="xor_ln52_2_fu_857">
<pin_list>
<pin id="858" dir="0" index="0" bw="1" slack="0"/>
<pin id="859" dir="0" index="1" bw="1" slack="0"/>
<pin id="860" dir="1" index="2" bw="1" slack="0"/>
</pin_list>
<bind>
<opcode="xor(25) " fcode="xor"/>
<opset="xor_ln52_2/1 "/>
</bind>
</comp>

<comp id="863" class="1004" name="and_ln52_1_fu_863">
<pin_list>
<pin id="864" dir="0" index="0" bw="1" slack="0"/>
<pin id="865" dir="0" index="1" bw="1" slack="0"/>
<pin id="866" dir="1" index="2" bw="1" slack="0"/>
</pin_list>
<bind>
<opcode="and(23) " fcode="and"/>
<opset="and_ln52_1/1 "/>
</bind>
</comp>

<comp id="869" class="1004" name="select_ln52_fu_869">
<pin_list>
<pin id="870" dir="0" index="0" bw="1" slack="0"/>
<pin id="871" dir="0" index="1" bw="6" slack="0"/>
<pin id="872" dir="0" index="2" bw="6" slack="0"/>
<pin id="873" dir="1" index="3" bw="6" slack="0"/>
</pin_list>
<bind>
<opcode="select(49) " fcode="select"/>
<opset="select_ln52/1 "/>
</bind>
</comp>

<comp id="877" class="1004" name="or_ln52_2_fu_877">
<pin_list>
<pin id="878" dir="0" index="0" bw="1" slack="0"/>
<pin id="879" dir="0" index="1" bw="1" slack="0"/>
<pin id="880" dir="1" index="2" bw="1" slack="0"/>
</pin_list>
<bind>
<opcode="or(24) " fcode="or"/>
<opset="or_ln52_2/1 "/>
</bind>
</comp>

<comp id="883" class="1004" name="select_ln52_1_fu_883">
<pin_list>
<pin id="884" dir="0" index="0" bw="1" slack="0"/>
<pin id="885" dir="0" index="1" bw="6" slack="0"/>
<pin id="886" dir="0" index="2" bw="6" slack="0"/>
<pin id="887" dir="1" index="3" bw="6" slack="0"/>
</pin_list>
<bind>
<opcode="select(49) " fcode="select"/>
<opset="select_ln52_1/1 "/>
</bind>
</comp>

<comp id="891" class="1004" name="out_data_0_0_0_0_0_load_fu_891">
<pin_list>
<pin id="892" dir="0" index="0" bw="1" slack="0"/>
<pin id="893" dir="0" index="1" bw="6" slack="0"/>
<pin id="894" dir="0" index="2" bw="6" slack="0"/>
<pin id="895" dir="1" index="3" bw="6" slack="0"/>
</pin_list>
<bind>
<opcode="select(49) " fcode="select"/>
<opset="out_data_0_0_0_0_0_load/1 "/>
</bind>
</comp>

<comp id="899" class="1004" name="icmp_ln51_1_fu_899">
<pin_list>
<pin id="900" dir="0" index="0" bw="18" slack="0"/>
<pin id="901" dir="0" index="1" bw="18" slack="0"/>
<pin id="902" dir="1" index="2" bw="1" slack="0"/>
</pin_list>
<bind>
<opcode="icmp(45) " fcode="icmp"/>
<opset="icmp_ln51_1/1 "/>
</bind>
</comp>

<comp id="905" class="1004" name="tmp_5_fu_905">
<pin_list>
<pin id="906" dir="0" index="0" bw="1" slack="0"/>
<pin id="907" dir="0" index="1" bw="576" slack="0"/>
<pin id="908" dir="0" index="2" bw="7" slack="0"/>
<pin id="909" dir="1" index="3" bw="1" slack="0"/>
</pin_list>
<bind>
<opcode="bitselect(1000) " fcode="bitselect"/>
<opset="tmp_5/1 "/>
</bind>
</comp>

<comp id="913" class="1004" name="trunc_ln52_s_fu_913">
<pin_list>
<pin id="914" dir="0" index="0" bw="6" slack="0"/>
<pin id="915" dir="0" index="1" bw="576" slack="0"/>
<pin id="916" dir="0" index="2" bw="6" slack="0"/>
<pin id="917" dir="0" index="3" bw="6" slack="0"/>
<pin id="918" dir="1" index="4" bw="6" slack="0"/>
</pin_list>
<bind>
<opcode="partselect(1002) " fcode="partselect"/>
<opset="trunc_ln52_s/1 "/>
</bind>
</comp>

<comp id="923" class="1004" name="tmp_6_fu_923">
<pin_list>
<pin id="924" dir="0" index="0" bw="1" slack="0"/>
<pin id="925" dir="0" index="1" bw="576" slack="0"/>
<pin id="926" dir="0" index="2" bw="6" slack="0"/>
<pin id="927" dir="1" index="3" bw="1" slack="0"/>
</pin_list>
<bind>
<opcode="bitselect(1000) " fcode="bitselect"/>
<opset="tmp_6/1 "/>
</bind>
</comp>

<comp id="931" class="1004" name="tmp_7_fu_931">
<pin_list>
<pin id="932" dir="0" index="0" bw="1" slack="0"/>
<pin id="933" dir="0" index="1" bw="576" slack="0"/>
<pin id="934" dir="0" index="2" bw="6" slack="0"/>
<pin id="935" dir="1" index="3" bw="1" slack="0"/>
</pin_list>
<bind>
<opcode="bitselect(1000) " fcode="bitselect"/>
<opset="tmp_7/1 "/>
</bind>
</comp>

<comp id="939" class="1004" name="zext_ln52_1_fu_939">
<pin_list>
<pin id="940" dir="0" index="0" bw="1" slack="0"/>
<pin id="941" dir="1" index="1" bw="6" slack="0"/>
</pin_list>
<bind>
<opcode="zext(34) " fcode="zext"/>
<opset="zext_ln52_1/1 "/>
</bind>
</comp>

<comp id="943" class="1004" name="add_ln52_1_fu_943">
<pin_list>
<pin id="944" dir="0" index="0" bw="6" slack="0"/>
<pin id="945" dir="0" index="1" bw="1" slack="0"/>
<pin id="946" dir="1" index="2" bw="6" slack="0"/>
</pin_list>
<bind>
<opcode="add(8) " fcode="add"/>
<opset="add_ln52_1/1 "/>
</bind>
</comp>

<comp id="949" class="1004" name="tmp_8_fu_949">
<pin_list>
<pin id="950" dir="0" index="0" bw="1" slack="0"/>
<pin id="951" dir="0" index="1" bw="6" slack="0"/>
<pin id="952" dir="0" index="2" bw="4" slack="0"/>
<pin id="953" dir="1" index="3" bw="1" slack="0"/>
</pin_list>
<bind>
<opcode="bitselect(1000) " fcode="bitselect"/>
<opset="tmp_8/1 "/>
</bind>
</comp>

<comp id="957" class="1004" name="tmp_9_fu_957">
<pin_list>
<pin id="958" dir="0" index="0" bw="10" slack="0"/>
<pin id="959" dir="0" index="1" bw="576" slack="0"/>
<pin id="960" dir="0" index="2" bw="6" slack="0"/>
<pin id="961" dir="0" index="3" bw="7" slack="0"/>
<pin id="962" dir="1" index="4" bw="10" slack="0"/>
</pin_list>
<bind>
<opcode="partselect(1002) " fcode="partselect"/>
<opset="tmp_9/1 "/>
</bind>
</comp>

<comp id="967" class="1004" name="icmp_ln52_1_fu_967">
<pin_list>
<pin id="968" dir="0" index="0" bw="10" slack="0"/>
<pin id="969" dir="0" index="1" bw="10" slack="0"/>
<pin id="970" dir="1" index="2" bw="1" slack="0"/>
</pin_list>
<bind>
<opcode="icmp(45) " fcode="icmp"/>
<opset="icmp_ln52_1/1 "/>
</bind>
</comp>

<comp id="973" class="1004" name="xor_ln52_3_fu_973">
<pin_list>
<pin id="974" dir="0" index="0" bw="1" slack="0"/>
<pin id="975" dir="0" index="1" bw="1" slack="0"/>
<pin id="976" dir="1" index="2" bw="1" slack="0"/>
</pin_list>
<bind>
<opcode="xor(25) " fcode="xor"/>
<opset="xor_ln52_3/1 "/>
</bind>
</comp>

<comp id="979" class="1004" name="or_ln52_3_fu_979">
<pin_list>
<pin id="980" dir="0" index="0" bw="1" slack="0"/>
<pin id="981" dir="0" index="1" bw="1" slack="0"/>
<pin id="982" dir="1" index="2" bw="1" slack="0"/>
</pin_list>
<bind>
<opcode="or(24) " fcode="or"/>
<opset="or_ln52_3/1 "/>
</bind>
</comp>

<comp id="985" class="1004" name="and_ln52_2_fu_985">
<pin_list>
<pin id="986" dir="0" index="0" bw="1" slack="0"/>
<pin id="987" dir="0" index="1" bw="1" slack="0"/>
<pin id="988" dir="1" index="2" bw="1" slack="0"/>
</pin_list>
<bind>
<opcode="and(23) " fcode="and"/>
<opset="and_ln52_2/1 "/>
</bind>
</comp>

<comp id="991" class="1004" name="xor_ln52_4_fu_991">
<pin_list>
<pin id="992" dir="0" index="0" bw="1" slack="0"/>
<pin id="993" dir="0" index="1" bw="1" slack="0"/>
<pin id="994" dir="1" index="2" bw="1" slack="0"/>
</pin_list>
<bind>
<opcode="xor(25) " fcode="xor"/>
<opset="xor_ln52_4/1 "/>
</bind>
</comp>

<comp id="997" class="1004" name="or_ln52_4_fu_997">
<pin_list>
<pin id="998" dir="0" index="0" bw="1" slack="0"/>
<pin id="999" dir="0" index="1" bw="1" slack="0"/>
<pin id="1000" dir="1" index="2" bw="1" slack="0"/>
</pin_list>
<bind>
<opcode="or(24) " fcode="or"/>
<opset="or_ln52_4/1 "/>
</bind>
</comp>

<comp id="1003" class="1004" name="xor_ln52_5_fu_1003">
<pin_list>
<pin id="1004" dir="0" index="0" bw="1" slack="0"/>
<pin id="1005" dir="0" index="1" bw="1" slack="0"/>
<pin id="1006" dir="1" index="2" bw="1" slack="0"/>
</pin_list>
<bind>
<opcode="xor(25) " fcode="xor"/>
<opset="xor_ln52_5/1 "/>
</bind>
</comp>

<comp id="1009" class="1004" name="and_ln52_3_fu_1009">
<pin_list>
<pin id="1010" dir="0" index="0" bw="1" slack="0"/>
<pin id="1011" dir="0" index="1" bw="1" slack="0"/>
<pin id="1012" dir="1" index="2" bw="1" slack="0"/>
</pin_list>
<bind>
<opcode="and(23) " fcode="and"/>
<opset="and_ln52_3/1 "/>
</bind>
</comp>

<comp id="1015" class="1004" name="select_ln52_2_fu_1015">
<pin_list>
<pin id="1016" dir="0" index="0" bw="1" slack="0"/>
<pin id="1017" dir="0" index="1" bw="6" slack="0"/>
<pin id="1018" dir="0" index="2" bw="6" slack="0"/>
<pin id="1019" dir="1" index="3" bw="6" slack="0"/>
</pin_list>
<bind>
<opcode="select(49) " fcode="select"/>
<opset="select_ln52_2/1 "/>
</bind>
</comp>

<comp id="1023" class="1004" name="or_ln52_5_fu_1023">
<pin_list>
<pin id="1024" dir="0" index="0" bw="1" slack="0"/>
<pin id="1025" dir="0" index="1" bw="1" slack="0"/>
<pin id="1026" dir="1" index="2" bw="1" slack="0"/>
</pin_list>
<bind>
<opcode="or(24) " fcode="or"/>
<opset="or_ln52_5/1 "/>
</bind>
</comp>

<comp id="1029" class="1004" name="select_ln52_3_fu_1029">
<pin_list>
<pin id="1030" dir="0" index="0" bw="1" slack="0"/>
<pin id="1031" dir="0" index="1" bw="6" slack="0"/>
<pin id="1032" dir="0" index="2" bw="6" slack="0"/>
<pin id="1033" dir="1" index="3" bw="6" slack="0"/>
</pin_list>
<bind>
<opcode="select(49) " fcode="select"/>
<opset="select_ln52_3/1 "/>
</bind>
</comp>

<comp id="1037" class="1004" name="out_data_0_1_0_0_0_load_fu_1037">
<pin_list>
<pin id="1038" dir="0" index="0" bw="1" slack="0"/>
<pin id="1039" dir="0" index="1" bw="6" slack="0"/>
<pin id="1040" dir="0" index="2" bw="6" slack="0"/>
<pin id="1041" dir="1" index="3" bw="6" slack="0"/>
</pin_list>
<bind>
<opcode="select(49) " fcode="select"/>
<opset="out_data_0_1_0_0_0_load/1 "/>
</bind>
</comp>

<comp id="1045" class="1004" name="icmp_ln51_2_fu_1045">
<pin_list>
<pin id="1046" dir="0" index="0" bw="18" slack="0"/>
<pin id="1047" dir="0" index="1" bw="18" slack="0"/>
<pin id="1048" dir="1" index="2" bw="1" slack="0"/>
</pin_list>
<bind>
<opcode="icmp(45) " fcode="icmp"/>
<opset="icmp_ln51_2/1 "/>
</bind>
</comp>

<comp id="1051" class="1004" name="tmp_10_fu_1051">
<pin_list>
<pin id="1052" dir="0" index="0" bw="1" slack="0"/>
<pin id="1053" dir="0" index="1" bw="576" slack="0"/>
<pin id="1054" dir="0" index="2" bw="7" slack="0"/>
<pin id="1055" dir="1" index="3" bw="1" slack="0"/>
</pin_list>
<bind>
<opcode="bitselect(1000) " fcode="bitselect"/>
<opset="tmp_10/1 "/>
</bind>
</comp>

<comp id="1059" class="1004" name="trunc_ln52_1_fu_1059">
<pin_list>
<pin id="1060" dir="0" index="0" bw="6" slack="0"/>
<pin id="1061" dir="0" index="1" bw="576" slack="0"/>
<pin id="1062" dir="0" index="2" bw="7" slack="0"/>
<pin id="1063" dir="0" index="3" bw="7" slack="0"/>
<pin id="1064" dir="1" index="4" bw="6" slack="0"/>
</pin_list>
<bind>
<opcode="partselect(1002) " fcode="partselect"/>
<opset="trunc_ln52_1/1 "/>
</bind>
</comp>

<comp id="1069" class="1004" name="tmp_11_fu_1069">
<pin_list>
<pin id="1070" dir="0" index="0" bw="1" slack="0"/>
<pin id="1071" dir="0" index="1" bw="576" slack="0"/>
<pin id="1072" dir="0" index="2" bw="7" slack="0"/>
<pin id="1073" dir="1" index="3" bw="1" slack="0"/>
</pin_list>
<bind>
<opcode="bitselect(1000) " fcode="bitselect"/>
<opset="tmp_11/1 "/>
</bind>
</comp>

<comp id="1077" class="1004" name="tmp_12_fu_1077">
<pin_list>
<pin id="1078" dir="0" index="0" bw="1" slack="0"/>
<pin id="1079" dir="0" index="1" bw="576" slack="0"/>
<pin id="1080" dir="0" index="2" bw="7" slack="0"/>
<pin id="1081" dir="1" index="3" bw="1" slack="0"/>
</pin_list>
<bind>
<opcode="bitselect(1000) " fcode="bitselect"/>
<opset="tmp_12/1 "/>
</bind>
</comp>

<comp id="1085" class="1004" name="zext_ln52_2_fu_1085">
<pin_list>
<pin id="1086" dir="0" index="0" bw="1" slack="0"/>
<pin id="1087" dir="1" index="1" bw="6" slack="0"/>
</pin_list>
<bind>
<opcode="zext(34) " fcode="zext"/>
<opset="zext_ln52_2/1 "/>
</bind>
</comp>

<comp id="1089" class="1004" name="add_ln52_2_fu_1089">
<pin_list>
<pin id="1090" dir="0" index="0" bw="6" slack="0"/>
<pin id="1091" dir="0" index="1" bw="1" slack="0"/>
<pin id="1092" dir="1" index="2" bw="6" slack="0"/>
</pin_list>
<bind>
<opcode="add(8) " fcode="add"/>
<opset="add_ln52_2/1 "/>
</bind>
</comp>

<comp id="1095" class="1004" name="tmp_13_fu_1095">
<pin_list>
<pin id="1096" dir="0" index="0" bw="1" slack="0"/>
<pin id="1097" dir="0" index="1" bw="6" slack="0"/>
<pin id="1098" dir="0" index="2" bw="4" slack="0"/>
<pin id="1099" dir="1" index="3" bw="1" slack="0"/>
</pin_list>
<bind>
<opcode="bitselect(1000) " fcode="bitselect"/>
<opset="tmp_13/1 "/>
</bind>
</comp>

<comp id="1103" class="1004" name="tmp_s_fu_1103">
<pin_list>
<pin id="1104" dir="0" index="0" bw="10" slack="0"/>
<pin id="1105" dir="0" index="1" bw="576" slack="0"/>
<pin id="1106" dir="0" index="2" bw="7" slack="0"/>
<pin id="1107" dir="0" index="3" bw="7" slack="0"/>
<pin id="1108" dir="1" index="4" bw="10" slack="0"/>
</pin_list>
<bind>
<opcode="partselect(1002) " fcode="partselect"/>
<opset="tmp_s/1 "/>
</bind>
</comp>

<comp id="1113" class="1004" name="icmp_ln52_2_fu_1113">
<pin_list>
<pin id="1114" dir="0" index="0" bw="10" slack="0"/>
<pin id="1115" dir="0" index="1" bw="10" slack="0"/>
<pin id="1116" dir="1" index="2" bw="1" slack="0"/>
</pin_list>
<bind>
<opcode="icmp(45) " fcode="icmp"/>
<opset="icmp_ln52_2/1 "/>
</bind>
</comp>

<comp id="1119" class="1004" name="xor_ln52_6_fu_1119">
<pin_list>
<pin id="1120" dir="0" index="0" bw="1" slack="0"/>
<pin id="1121" dir="0" index="1" bw="1" slack="0"/>
<pin id="1122" dir="1" index="2" bw="1" slack="0"/>
</pin_list>
<bind>
<opcode="xor(25) " fcode="xor"/>
<opset="xor_ln52_6/1 "/>
</bind>
</comp>

<comp id="1125" class="1004" name="or_ln52_6_fu_1125">
<pin_list>
<pin id="1126" dir="0" index="0" bw="1" slack="0"/>
<pin id="1127" dir="0" index="1" bw="1" slack="0"/>
<pin id="1128" dir="1" index="2" bw="1" slack="0"/>
</pin_list>
<bind>
<opcode="or(24) " fcode="or"/>
<opset="or_ln52_6/1 "/>
</bind>
</comp>

<comp id="1131" class="1004" name="and_ln52_4_fu_1131">
<pin_list>
<pin id="1132" dir="0" index="0" bw="1" slack="0"/>
<pin id="1133" dir="0" index="1" bw="1" slack="0"/>
<pin id="1134" dir="1" index="2" bw="1" slack="0"/>
</pin_list>
<bind>
<opcode="and(23) " fcode="and"/>
<opset="and_ln52_4/1 "/>
</bind>
</comp>

<comp id="1137" class="1004" name="xor_ln52_7_fu_1137">
<pin_list>
<pin id="1138" dir="0" index="0" bw="1" slack="0"/>
<pin id="1139" dir="0" index="1" bw="1" slack="0"/>
<pin id="1140" dir="1" index="2" bw="1" slack="0"/>
</pin_list>
<bind>
<opcode="xor(25) " fcode="xor"/>
<opset="xor_ln52_7/1 "/>
</bind>
</comp>

<comp id="1143" class="1004" name="or_ln52_7_fu_1143">
<pin_list>
<pin id="1144" dir="0" index="0" bw="1" slack="0"/>
<pin id="1145" dir="0" index="1" bw="1" slack="0"/>
<pin id="1146" dir="1" index="2" bw="1" slack="0"/>
</pin_list>
<bind>
<opcode="or(24) " fcode="or"/>
<opset="or_ln52_7/1 "/>
</bind>
</comp>

<comp id="1149" class="1004" name="xor_ln52_8_fu_1149">
<pin_list>
<pin id="1150" dir="0" index="0" bw="1" slack="0"/>
<pin id="1151" dir="0" index="1" bw="1" slack="0"/>
<pin id="1152" dir="1" index="2" bw="1" slack="0"/>
</pin_list>
<bind>
<opcode="xor(25) " fcode="xor"/>
<opset="xor_ln52_8/1 "/>
</bind>
</comp>

<comp id="1155" class="1004" name="and_ln52_5_fu_1155">
<pin_list>
<pin id="1156" dir="0" index="0" bw="1" slack="0"/>
<pin id="1157" dir="0" index="1" bw="1" slack="0"/>
<pin id="1158" dir="1" index="2" bw="1" slack="0"/>
</pin_list>
<bind>
<opcode="and(23) " fcode="and"/>
<opset="and_ln52_5/1 "/>
</bind>
</comp>

<comp id="1161" class="1004" name="select_ln52_4_fu_1161">
<pin_list>
<pin id="1162" dir="0" index="0" bw="1" slack="0"/>
<pin id="1163" dir="0" index="1" bw="6" slack="0"/>
<pin id="1164" dir="0" index="2" bw="6" slack="0"/>
<pin id="1165" dir="1" index="3" bw="6" slack="0"/>
</pin_list>
<bind>
<opcode="select(49) " fcode="select"/>
<opset="select_ln52_4/1 "/>
</bind>
</comp>

<comp id="1169" class="1004" name="or_ln52_8_fu_1169">
<pin_list>
<pin id="1170" dir="0" index="0" bw="1" slack="0"/>
<pin id="1171" dir="0" index="1" bw="1" slack="0"/>
<pin id="1172" dir="1" index="2" bw="1" slack="0"/>
</pin_list>
<bind>
<opcode="or(24) " fcode="or"/>
<opset="or_ln52_8/1 "/>
</bind>
</comp>

<comp id="1175" class="1004" name="select_ln52_5_fu_1175">
<pin_list>
<pin id="1176" dir="0" index="0" bw="1" slack="0"/>
<pin id="1177" dir="0" index="1" bw="6" slack="0"/>
<pin id="1178" dir="0" index="2" bw="6" slack="0"/>
<pin id="1179" dir="1" index="3" bw="6" slack="0"/>
</pin_list>
<bind>
<opcode="select(49) " fcode="select"/>
<opset="select_ln52_5/1 "/>
</bind>
</comp>

<comp id="1183" class="1004" name="out_data_0_2_0_0_0_load_fu_1183">
<pin_list>
<pin id="1184" dir="0" index="0" bw="1" slack="0"/>
<pin id="1185" dir="0" index="1" bw="6" slack="0"/>
<pin id="1186" dir="0" index="2" bw="6" slack="0"/>
<pin id="1187" dir="1" index="3" bw="6" slack="0"/>
</pin_list>
<bind>
<opcode="select(49) " fcode="select"/>
<opset="out_data_0_2_0_0_0_load/1 "/>
</bind>
</comp>

<comp id="1191" class="1004" name="icmp_ln51_3_fu_1191">
<pin_list>
<pin id="1192" dir="0" index="0" bw="18" slack="0"/>
<pin id="1193" dir="0" index="1" bw="18" slack="0"/>
<pin id="1194" dir="1" index="2" bw="1" slack="0"/>
</pin_list>
<bind>
<opcode="icmp(45) " fcode="icmp"/>
<opset="icmp_ln51_3/1 "/>
</bind>
</comp>

<comp id="1197" class="1004" name="tmp_14_fu_1197">
<pin_list>
<pin id="1198" dir="0" index="0" bw="1" slack="0"/>
<pin id="1199" dir="0" index="1" bw="576" slack="0"/>
<pin id="1200" dir="0" index="2" bw="8" slack="0"/>
<pin id="1201" dir="1" index="3" bw="1" slack="0"/>
</pin_list>
<bind>
<opcode="bitselect(1000) " fcode="bitselect"/>
<opset="tmp_14/1 "/>
</bind>
</comp>

<comp id="1205" class="1004" name="trunc_ln52_2_fu_1205">
<pin_list>
<pin id="1206" dir="0" index="0" bw="6" slack="0"/>
<pin id="1207" dir="0" index="1" bw="576" slack="0"/>
<pin id="1208" dir="0" index="2" bw="7" slack="0"/>
<pin id="1209" dir="0" index="3" bw="7" slack="0"/>
<pin id="1210" dir="1" index="4" bw="6" slack="0"/>
</pin_list>
<bind>
<opcode="partselect(1002) " fcode="partselect"/>
<opset="trunc_ln52_2/1 "/>
</bind>
</comp>

<comp id="1215" class="1004" name="tmp_15_fu_1215">
<pin_list>
<pin id="1216" dir="0" index="0" bw="1" slack="0"/>
<pin id="1217" dir="0" index="1" bw="576" slack="0"/>
<pin id="1218" dir="0" index="2" bw="7" slack="0"/>
<pin id="1219" dir="1" index="3" bw="1" slack="0"/>
</pin_list>
<bind>
<opcode="bitselect(1000) " fcode="bitselect"/>
<opset="tmp_15/1 "/>
</bind>
</comp>

<comp id="1223" class="1004" name="tmp_16_fu_1223">
<pin_list>
<pin id="1224" dir="0" index="0" bw="1" slack="0"/>
<pin id="1225" dir="0" index="1" bw="576" slack="0"/>
<pin id="1226" dir="0" index="2" bw="7" slack="0"/>
<pin id="1227" dir="1" index="3" bw="1" slack="0"/>
</pin_list>
<bind>
<opcode="bitselect(1000) " fcode="bitselect"/>
<opset="tmp_16/1 "/>
</bind>
</comp>

<comp id="1231" class="1004" name="zext_ln52_3_fu_1231">
<pin_list>
<pin id="1232" dir="0" index="0" bw="1" slack="0"/>
<pin id="1233" dir="1" index="1" bw="6" slack="0"/>
</pin_list>
<bind>
<opcode="zext(34) " fcode="zext"/>
<opset="zext_ln52_3/1 "/>
</bind>
</comp>

<comp id="1235" class="1004" name="add_ln52_3_fu_1235">
<pin_list>
<pin id="1236" dir="0" index="0" bw="6" slack="0"/>
<pin id="1237" dir="0" index="1" bw="1" slack="0"/>
<pin id="1238" dir="1" index="2" bw="6" slack="0"/>
</pin_list>
<bind>
<opcode="add(8) " fcode="add"/>
<opset="add_ln52_3/1 "/>
</bind>
</comp>

<comp id="1241" class="1004" name="tmp_17_fu_1241">
<pin_list>
<pin id="1242" dir="0" index="0" bw="1" slack="0"/>
<pin id="1243" dir="0" index="1" bw="6" slack="0"/>
<pin id="1244" dir="0" index="2" bw="4" slack="0"/>
<pin id="1245" dir="1" index="3" bw="1" slack="0"/>
</pin_list>
<bind>
<opcode="bitselect(1000) " fcode="bitselect"/>
<opset="tmp_17/1 "/>
</bind>
</comp>

<comp id="1249" class="1004" name="tmp_18_fu_1249">
<pin_list>
<pin id="1250" dir="0" index="0" bw="10" slack="0"/>
<pin id="1251" dir="0" index="1" bw="576" slack="0"/>
<pin id="1252" dir="0" index="2" bw="7" slack="0"/>
<pin id="1253" dir="0" index="3" bw="8" slack="0"/>
<pin id="1254" dir="1" index="4" bw="10" slack="0"/>
</pin_list>
<bind>
<opcode="partselect(1002) " fcode="partselect"/>
<opset="tmp_18/1 "/>
</bind>
</comp>

<comp id="1259" class="1004" name="icmp_ln52_3_fu_1259">
<pin_list>
<pin id="1260" dir="0" index="0" bw="10" slack="0"/>
<pin id="1261" dir="0" index="1" bw="10" slack="0"/>
<pin id="1262" dir="1" index="2" bw="1" slack="0"/>
</pin_list>
<bind>
<opcode="icmp(45) " fcode="icmp"/>
<opset="icmp_ln52_3/1 "/>
</bind>
</comp>

<comp id="1265" class="1004" name="xor_ln52_9_fu_1265">
<pin_list>
<pin id="1266" dir="0" index="0" bw="1" slack="0"/>
<pin id="1267" dir="0" index="1" bw="1" slack="0"/>
<pin id="1268" dir="1" index="2" bw="1" slack="0"/>
</pin_list>
<bind>
<opcode="xor(25) " fcode="xor"/>
<opset="xor_ln52_9/1 "/>
</bind>
</comp>

<comp id="1271" class="1004" name="or_ln52_9_fu_1271">
<pin_list>
<pin id="1272" dir="0" index="0" bw="1" slack="0"/>
<pin id="1273" dir="0" index="1" bw="1" slack="0"/>
<pin id="1274" dir="1" index="2" bw="1" slack="0"/>
</pin_list>
<bind>
<opcode="or(24) " fcode="or"/>
<opset="or_ln52_9/1 "/>
</bind>
</comp>

<comp id="1277" class="1004" name="and_ln52_6_fu_1277">
<pin_list>
<pin id="1278" dir="0" index="0" bw="1" slack="0"/>
<pin id="1279" dir="0" index="1" bw="1" slack="0"/>
<pin id="1280" dir="1" index="2" bw="1" slack="0"/>
</pin_list>
<bind>
<opcode="and(23) " fcode="and"/>
<opset="and_ln52_6/1 "/>
</bind>
</comp>

<comp id="1283" class="1004" name="xor_ln52_10_fu_1283">
<pin_list>
<pin id="1284" dir="0" index="0" bw="1" slack="0"/>
<pin id="1285" dir="0" index="1" bw="1" slack="0"/>
<pin id="1286" dir="1" index="2" bw="1" slack="0"/>
</pin_list>
<bind>
<opcode="xor(25) " fcode="xor"/>
<opset="xor_ln52_10/1 "/>
</bind>
</comp>

<comp id="1289" class="1004" name="or_ln52_10_fu_1289">
<pin_list>
<pin id="1290" dir="0" index="0" bw="1" slack="0"/>
<pin id="1291" dir="0" index="1" bw="1" slack="0"/>
<pin id="1292" dir="1" index="2" bw="1" slack="0"/>
</pin_list>
<bind>
<opcode="or(24) " fcode="or"/>
<opset="or_ln52_10/1 "/>
</bind>
</comp>

<comp id="1295" class="1004" name="xor_ln52_11_fu_1295">
<pin_list>
<pin id="1296" dir="0" index="0" bw="1" slack="0"/>
<pin id="1297" dir="0" index="1" bw="1" slack="0"/>
<pin id="1298" dir="1" index="2" bw="1" slack="0"/>
</pin_list>
<bind>
<opcode="xor(25) " fcode="xor"/>
<opset="xor_ln52_11/1 "/>
</bind>
</comp>

<comp id="1301" class="1004" name="and_ln52_7_fu_1301">
<pin_list>
<pin id="1302" dir="0" index="0" bw="1" slack="0"/>
<pin id="1303" dir="0" index="1" bw="1" slack="0"/>
<pin id="1304" dir="1" index="2" bw="1" slack="0"/>
</pin_list>
<bind>
<opcode="and(23) " fcode="and"/>
<opset="and_ln52_7/1 "/>
</bind>
</comp>

<comp id="1307" class="1004" name="select_ln52_6_fu_1307">
<pin_list>
<pin id="1308" dir="0" index="0" bw="1" slack="0"/>
<pin id="1309" dir="0" index="1" bw="6" slack="0"/>
<pin id="1310" dir="0" index="2" bw="6" slack="0"/>
<pin id="1311" dir="1" index="3" bw="6" slack="0"/>
</pin_list>
<bind>
<opcode="select(49) " fcode="select"/>
<opset="select_ln52_6/1 "/>
</bind>
</comp>

<comp id="1315" class="1004" name="or_ln52_11_fu_1315">
<pin_list>
<pin id="1316" dir="0" index="0" bw="1" slack="0"/>
<pin id="1317" dir="0" index="1" bw="1" slack="0"/>
<pin id="1318" dir="1" index="2" bw="1" slack="0"/>
</pin_list>
<bind>
<opcode="or(24) " fcode="or"/>
<opset="or_ln52_11/1 "/>
</bind>
</comp>

<comp id="1321" class="1004" name="select_ln52_7_fu_1321">
<pin_list>
<pin id="1322" dir="0" index="0" bw="1" slack="0"/>
<pin id="1323" dir="0" index="1" bw="6" slack="0"/>
<pin id="1324" dir="0" index="2" bw="6" slack="0"/>
<pin id="1325" dir="1" index="3" bw="6" slack="0"/>
</pin_list>
<bind>
<opcode="select(49) " fcode="select"/>
<opset="select_ln52_7/1 "/>
</bind>
</comp>

<comp id="1329" class="1004" name="out_data_0_3_0_0_0_load_fu_1329">
<pin_list>
<pin id="1330" dir="0" index="0" bw="1" slack="0"/>
<pin id="1331" dir="0" index="1" bw="6" slack="0"/>
<pin id="1332" dir="0" index="2" bw="6" slack="0"/>
<pin id="1333" dir="1" index="3" bw="6" slack="0"/>
</pin_list>
<bind>
<opcode="select(49) " fcode="select"/>
<opset="out_data_0_3_0_0_0_load/1 "/>
</bind>
</comp>

<comp id="1337" class="1004" name="icmp_ln51_4_fu_1337">
<pin_list>
<pin id="1338" dir="0" index="0" bw="18" slack="0"/>
<pin id="1339" dir="0" index="1" bw="18" slack="0"/>
<pin id="1340" dir="1" index="2" bw="1" slack="0"/>
</pin_list>
<bind>
<opcode="icmp(45) " fcode="icmp"/>
<opset="icmp_ln51_4/1 "/>
</bind>
</comp>

<comp id="1343" class="1004" name="tmp_19_fu_1343">
<pin_list>
<pin id="1344" dir="0" index="0" bw="1" slack="0"/>
<pin id="1345" dir="0" index="1" bw="576" slack="0"/>
<pin id="1346" dir="0" index="2" bw="8" slack="0"/>
<pin id="1347" dir="1" index="3" bw="1" slack="0"/>
</pin_list>
<bind>
<opcode="bitselect(1000) " fcode="bitselect"/>
<opset="tmp_19/1 "/>
</bind>
</comp>

<comp id="1351" class="1004" name="trunc_ln52_3_fu_1351">
<pin_list>
<pin id="1352" dir="0" index="0" bw="6" slack="0"/>
<pin id="1353" dir="0" index="1" bw="576" slack="0"/>
<pin id="1354" dir="0" index="2" bw="8" slack="0"/>
<pin id="1355" dir="0" index="3" bw="8" slack="0"/>
<pin id="1356" dir="1" index="4" bw="6" slack="0"/>
</pin_list>
<bind>
<opcode="partselect(1002) " fcode="partselect"/>
<opset="trunc_ln52_3/1 "/>
</bind>
</comp>

<comp id="1361" class="1004" name="tmp_20_fu_1361">
<pin_list>
<pin id="1362" dir="0" index="0" bw="1" slack="0"/>
<pin id="1363" dir="0" index="1" bw="576" slack="0"/>
<pin id="1364" dir="0" index="2" bw="8" slack="0"/>
<pin id="1365" dir="1" index="3" bw="1" slack="0"/>
</pin_list>
<bind>
<opcode="bitselect(1000) " fcode="bitselect"/>
<opset="tmp_20/1 "/>
</bind>
</comp>

<comp id="1369" class="1004" name="tmp_21_fu_1369">
<pin_list>
<pin id="1370" dir="0" index="0" bw="1" slack="0"/>
<pin id="1371" dir="0" index="1" bw="576" slack="0"/>
<pin id="1372" dir="0" index="2" bw="8" slack="0"/>
<pin id="1373" dir="1" index="3" bw="1" slack="0"/>
</pin_list>
<bind>
<opcode="bitselect(1000) " fcode="bitselect"/>
<opset="tmp_21/1 "/>
</bind>
</comp>

<comp id="1377" class="1004" name="zext_ln52_4_fu_1377">
<pin_list>
<pin id="1378" dir="0" index="0" bw="1" slack="0"/>
<pin id="1379" dir="1" index="1" bw="6" slack="0"/>
</pin_list>
<bind>
<opcode="zext(34) " fcode="zext"/>
<opset="zext_ln52_4/1 "/>
</bind>
</comp>

<comp id="1381" class="1004" name="add_ln52_4_fu_1381">
<pin_list>
<pin id="1382" dir="0" index="0" bw="6" slack="0"/>
<pin id="1383" dir="0" index="1" bw="1" slack="0"/>
<pin id="1384" dir="1" index="2" bw="6" slack="0"/>
</pin_list>
<bind>
<opcode="add(8) " fcode="add"/>
<opset="add_ln52_4/1 "/>
</bind>
</comp>

<comp id="1387" class="1004" name="tmp_22_fu_1387">
<pin_list>
<pin id="1388" dir="0" index="0" bw="1" slack="0"/>
<pin id="1389" dir="0" index="1" bw="6" slack="0"/>
<pin id="1390" dir="0" index="2" bw="4" slack="0"/>
<pin id="1391" dir="1" index="3" bw="1" slack="0"/>
</pin_list>
<bind>
<opcode="bitselect(1000) " fcode="bitselect"/>
<opset="tmp_22/1 "/>
</bind>
</comp>

<comp id="1395" class="1004" name="tmp_23_fu_1395">
<pin_list>
<pin id="1396" dir="0" index="0" bw="10" slack="0"/>
<pin id="1397" dir="0" index="1" bw="576" slack="0"/>
<pin id="1398" dir="0" index="2" bw="8" slack="0"/>
<pin id="1399" dir="0" index="3" bw="8" slack="0"/>
<pin id="1400" dir="1" index="4" bw="10" slack="0"/>
</pin_list>
<bind>
<opcode="partselect(1002) " fcode="partselect"/>
<opset="tmp_23/1 "/>
</bind>
</comp>

<comp id="1405" class="1004" name="icmp_ln52_4_fu_1405">
<pin_list>
<pin id="1406" dir="0" index="0" bw="10" slack="0"/>
<pin id="1407" dir="0" index="1" bw="10" slack="0"/>
<pin id="1408" dir="1" index="2" bw="1" slack="0"/>
</pin_list>
<bind>
<opcode="icmp(45) " fcode="icmp"/>
<opset="icmp_ln52_4/1 "/>
</bind>
</comp>

<comp id="1411" class="1004" name="xor_ln52_12_fu_1411">
<pin_list>
<pin id="1412" dir="0" index="0" bw="1" slack="0"/>
<pin id="1413" dir="0" index="1" bw="1" slack="0"/>
<pin id="1414" dir="1" index="2" bw="1" slack="0"/>
</pin_list>
<bind>
<opcode="xor(25) " fcode="xor"/>
<opset="xor_ln52_12/1 "/>
</bind>
</comp>

<comp id="1417" class="1004" name="or_ln52_12_fu_1417">
<pin_list>
<pin id="1418" dir="0" index="0" bw="1" slack="0"/>
<pin id="1419" dir="0" index="1" bw="1" slack="0"/>
<pin id="1420" dir="1" index="2" bw="1" slack="0"/>
</pin_list>
<bind>
<opcode="or(24) " fcode="or"/>
<opset="or_ln52_12/1 "/>
</bind>
</comp>

<comp id="1423" class="1004" name="and_ln52_8_fu_1423">
<pin_list>
<pin id="1424" dir="0" index="0" bw="1" slack="0"/>
<pin id="1425" dir="0" index="1" bw="1" slack="0"/>
<pin id="1426" dir="1" index="2" bw="1" slack="0"/>
</pin_list>
<bind>
<opcode="and(23) " fcode="and"/>
<opset="and_ln52_8/1 "/>
</bind>
</comp>

<comp id="1429" class="1004" name="xor_ln52_13_fu_1429">
<pin_list>
<pin id="1430" dir="0" index="0" bw="1" slack="0"/>
<pin id="1431" dir="0" index="1" bw="1" slack="0"/>
<pin id="1432" dir="1" index="2" bw="1" slack="0"/>
</pin_list>
<bind>
<opcode="xor(25) " fcode="xor"/>
<opset="xor_ln52_13/1 "/>
</bind>
</comp>

<comp id="1435" class="1004" name="or_ln52_13_fu_1435">
<pin_list>
<pin id="1436" dir="0" index="0" bw="1" slack="0"/>
<pin id="1437" dir="0" index="1" bw="1" slack="0"/>
<pin id="1438" dir="1" index="2" bw="1" slack="0"/>
</pin_list>
<bind>
<opcode="or(24) " fcode="or"/>
<opset="or_ln52_13/1 "/>
</bind>
</comp>

<comp id="1441" class="1004" name="xor_ln52_14_fu_1441">
<pin_list>
<pin id="1442" dir="0" index="0" bw="1" slack="0"/>
<pin id="1443" dir="0" index="1" bw="1" slack="0"/>
<pin id="1444" dir="1" index="2" bw="1" slack="0"/>
</pin_list>
<bind>
<opcode="xor(25) " fcode="xor"/>
<opset="xor_ln52_14/1 "/>
</bind>
</comp>

<comp id="1447" class="1004" name="and_ln52_9_fu_1447">
<pin_list>
<pin id="1448" dir="0" index="0" bw="1" slack="0"/>
<pin id="1449" dir="0" index="1" bw="1" slack="0"/>
<pin id="1450" dir="1" index="2" bw="1" slack="0"/>
</pin_list>
<bind>
<opcode="and(23) " fcode="and"/>
<opset="and_ln52_9/1 "/>
</bind>
</comp>

<comp id="1453" class="1004" name="select_ln52_8_fu_1453">
<pin_list>
<pin id="1454" dir="0" index="0" bw="1" slack="0"/>
<pin id="1455" dir="0" index="1" bw="6" slack="0"/>
<pin id="1456" dir="0" index="2" bw="6" slack="0"/>
<pin id="1457" dir="1" index="3" bw="6" slack="0"/>
</pin_list>
<bind>
<opcode="select(49) " fcode="select"/>
<opset="select_ln52_8/1 "/>
</bind>
</comp>

<comp id="1461" class="1004" name="or_ln52_14_fu_1461">
<pin_list>
<pin id="1462" dir="0" index="0" bw="1" slack="0"/>
<pin id="1463" dir="0" index="1" bw="1" slack="0"/>
<pin id="1464" dir="1" index="2" bw="1" slack="0"/>
</pin_list>
<bind>
<opcode="or(24) " fcode="or"/>
<opset="or_ln52_14/1 "/>
</bind>
</comp>

<comp id="1467" class="1004" name="select_ln52_9_fu_1467">
<pin_list>
<pin id="1468" dir="0" index="0" bw="1" slack="0"/>
<pin id="1469" dir="0" index="1" bw="6" slack="0"/>
<pin id="1470" dir="0" index="2" bw="6" slack="0"/>
<pin id="1471" dir="1" index="3" bw="6" slack="0"/>
</pin_list>
<bind>
<opcode="select(49) " fcode="select"/>
<opset="select_ln52_9/1 "/>
</bind>
</comp>

<comp id="1475" class="1004" name="out_data_0_4_0_0_0_load_fu_1475">
<pin_list>
<pin id="1476" dir="0" index="0" bw="1" slack="0"/>
<pin id="1477" dir="0" index="1" bw="6" slack="0"/>
<pin id="1478" dir="0" index="2" bw="6" slack="0"/>
<pin id="1479" dir="1" index="3" bw="6" slack="0"/>
</pin_list>
<bind>
<opcode="select(49) " fcode="select"/>
<opset="out_data_0_4_0_0_0_load/1 "/>
</bind>
</comp>

<comp id="1483" class="1004" name="icmp_ln51_5_fu_1483">
<pin_list>
<pin id="1484" dir="0" index="0" bw="18" slack="0"/>
<pin id="1485" dir="0" index="1" bw="18" slack="0"/>
<pin id="1486" dir="1" index="2" bw="1" slack="0"/>
</pin_list>
<bind>
<opcode="icmp(45) " fcode="icmp"/>
<opset="icmp_ln51_5/1 "/>
</bind>
</comp>

<comp id="1489" class="1004" name="tmp_24_fu_1489">
<pin_list>
<pin id="1490" dir="0" index="0" bw="1" slack="0"/>
<pin id="1491" dir="0" index="1" bw="576" slack="0"/>
<pin id="1492" dir="0" index="2" bw="8" slack="0"/>
<pin id="1493" dir="1" index="3" bw="1" slack="0"/>
</pin_list>
<bind>
<opcode="bitselect(1000) " fcode="bitselect"/>
<opset="tmp_24/1 "/>
</bind>
</comp>

<comp id="1497" class="1004" name="trunc_ln52_4_fu_1497">
<pin_list>
<pin id="1498" dir="0" index="0" bw="6" slack="0"/>
<pin id="1499" dir="0" index="1" bw="576" slack="0"/>
<pin id="1500" dir="0" index="2" bw="8" slack="0"/>
<pin id="1501" dir="0" index="3" bw="8" slack="0"/>
<pin id="1502" dir="1" index="4" bw="6" slack="0"/>
</pin_list>
<bind>
<opcode="partselect(1002) " fcode="partselect"/>
<opset="trunc_ln52_4/1 "/>
</bind>
</comp>

<comp id="1507" class="1004" name="tmp_25_fu_1507">
<pin_list>
<pin id="1508" dir="0" index="0" bw="1" slack="0"/>
<pin id="1509" dir="0" index="1" bw="576" slack="0"/>
<pin id="1510" dir="0" index="2" bw="8" slack="0"/>
<pin id="1511" dir="1" index="3" bw="1" slack="0"/>
</pin_list>
<bind>
<opcode="bitselect(1000) " fcode="bitselect"/>
<opset="tmp_25/1 "/>
</bind>
</comp>

<comp id="1515" class="1004" name="tmp_26_fu_1515">
<pin_list>
<pin id="1516" dir="0" index="0" bw="1" slack="0"/>
<pin id="1517" dir="0" index="1" bw="576" slack="0"/>
<pin id="1518" dir="0" index="2" bw="8" slack="0"/>
<pin id="1519" dir="1" index="3" bw="1" slack="0"/>
</pin_list>
<bind>
<opcode="bitselect(1000) " fcode="bitselect"/>
<opset="tmp_26/1 "/>
</bind>
</comp>

<comp id="1523" class="1004" name="zext_ln52_5_fu_1523">
<pin_list>
<pin id="1524" dir="0" index="0" bw="1" slack="0"/>
<pin id="1525" dir="1" index="1" bw="6" slack="0"/>
</pin_list>
<bind>
<opcode="zext(34) " fcode="zext"/>
<opset="zext_ln52_5/1 "/>
</bind>
</comp>

<comp id="1527" class="1004" name="add_ln52_5_fu_1527">
<pin_list>
<pin id="1528" dir="0" index="0" bw="6" slack="0"/>
<pin id="1529" dir="0" index="1" bw="1" slack="0"/>
<pin id="1530" dir="1" index="2" bw="6" slack="0"/>
</pin_list>
<bind>
<opcode="add(8) " fcode="add"/>
<opset="add_ln52_5/1 "/>
</bind>
</comp>

<comp id="1533" class="1004" name="tmp_27_fu_1533">
<pin_list>
<pin id="1534" dir="0" index="0" bw="1" slack="0"/>
<pin id="1535" dir="0" index="1" bw="6" slack="0"/>
<pin id="1536" dir="0" index="2" bw="4" slack="0"/>
<pin id="1537" dir="1" index="3" bw="1" slack="0"/>
</pin_list>
<bind>
<opcode="bitselect(1000) " fcode="bitselect"/>
<opset="tmp_27/1 "/>
</bind>
</comp>

<comp id="1541" class="1004" name="tmp_28_fu_1541">
<pin_list>
<pin id="1542" dir="0" index="0" bw="10" slack="0"/>
<pin id="1543" dir="0" index="1" bw="576" slack="0"/>
<pin id="1544" dir="0" index="2" bw="8" slack="0"/>
<pin id="1545" dir="0" index="3" bw="8" slack="0"/>
<pin id="1546" dir="1" index="4" bw="10" slack="0"/>
</pin_list>
<bind>
<opcode="partselect(1002) " fcode="partselect"/>
<opset="tmp_28/1 "/>
</bind>
</comp>

<comp id="1551" class="1004" name="icmp_ln52_5_fu_1551">
<pin_list>
<pin id="1552" dir="0" index="0" bw="10" slack="0"/>
<pin id="1553" dir="0" index="1" bw="10" slack="0"/>
<pin id="1554" dir="1" index="2" bw="1" slack="0"/>
</pin_list>
<bind>
<opcode="icmp(45) " fcode="icmp"/>
<opset="icmp_ln52_5/1 "/>
</bind>
</comp>

<comp id="1557" class="1004" name="xor_ln52_15_fu_1557">
<pin_list>
<pin id="1558" dir="0" index="0" bw="1" slack="0"/>
<pin id="1559" dir="0" index="1" bw="1" slack="0"/>
<pin id="1560" dir="1" index="2" bw="1" slack="0"/>
</pin_list>
<bind>
<opcode="xor(25) " fcode="xor"/>
<opset="xor_ln52_15/1 "/>
</bind>
</comp>

<comp id="1563" class="1004" name="or_ln52_15_fu_1563">
<pin_list>
<pin id="1564" dir="0" index="0" bw="1" slack="0"/>
<pin id="1565" dir="0" index="1" bw="1" slack="0"/>
<pin id="1566" dir="1" index="2" bw="1" slack="0"/>
</pin_list>
<bind>
<opcode="or(24) " fcode="or"/>
<opset="or_ln52_15/1 "/>
</bind>
</comp>

<comp id="1569" class="1004" name="and_ln52_10_fu_1569">
<pin_list>
<pin id="1570" dir="0" index="0" bw="1" slack="0"/>
<pin id="1571" dir="0" index="1" bw="1" slack="0"/>
<pin id="1572" dir="1" index="2" bw="1" slack="0"/>
</pin_list>
<bind>
<opcode="and(23) " fcode="and"/>
<opset="and_ln52_10/1 "/>
</bind>
</comp>

<comp id="1575" class="1004" name="xor_ln52_16_fu_1575">
<pin_list>
<pin id="1576" dir="0" index="0" bw="1" slack="0"/>
<pin id="1577" dir="0" index="1" bw="1" slack="0"/>
<pin id="1578" dir="1" index="2" bw="1" slack="0"/>
</pin_list>
<bind>
<opcode="xor(25) " fcode="xor"/>
<opset="xor_ln52_16/1 "/>
</bind>
</comp>

<comp id="1581" class="1004" name="or_ln52_16_fu_1581">
<pin_list>
<pin id="1582" dir="0" index="0" bw="1" slack="0"/>
<pin id="1583" dir="0" index="1" bw="1" slack="0"/>
<pin id="1584" dir="1" index="2" bw="1" slack="0"/>
</pin_list>
<bind>
<opcode="or(24) " fcode="or"/>
<opset="or_ln52_16/1 "/>
</bind>
</comp>

<comp id="1587" class="1004" name="xor_ln52_17_fu_1587">
<pin_list>
<pin id="1588" dir="0" index="0" bw="1" slack="0"/>
<pin id="1589" dir="0" index="1" bw="1" slack="0"/>
<pin id="1590" dir="1" index="2" bw="1" slack="0"/>
</pin_list>
<bind>
<opcode="xor(25) " fcode="xor"/>
<opset="xor_ln52_17/1 "/>
</bind>
</comp>

<comp id="1593" class="1004" name="and_ln52_11_fu_1593">
<pin_list>
<pin id="1594" dir="0" index="0" bw="1" slack="0"/>
<pin id="1595" dir="0" index="1" bw="1" slack="0"/>
<pin id="1596" dir="1" index="2" bw="1" slack="0"/>
</pin_list>
<bind>
<opcode="and(23) " fcode="and"/>
<opset="and_ln52_11/1 "/>
</bind>
</comp>

<comp id="1599" class="1004" name="select_ln52_10_fu_1599">
<pin_list>
<pin id="1600" dir="0" index="0" bw="1" slack="0"/>
<pin id="1601" dir="0" index="1" bw="6" slack="0"/>
<pin id="1602" dir="0" index="2" bw="6" slack="0"/>
<pin id="1603" dir="1" index="3" bw="6" slack="0"/>
</pin_list>
<bind>
<opcode="select(49) " fcode="select"/>
<opset="select_ln52_10/1 "/>
</bind>
</comp>

<comp id="1607" class="1004" name="or_ln52_17_fu_1607">
<pin_list>
<pin id="1608" dir="0" index="0" bw="1" slack="0"/>
<pin id="1609" dir="0" index="1" bw="1" slack="0"/>
<pin id="1610" dir="1" index="2" bw="1" slack="0"/>
</pin_list>
<bind>
<opcode="or(24) " fcode="or"/>
<opset="or_ln52_17/1 "/>
</bind>
</comp>

<comp id="1613" class="1004" name="select_ln52_11_fu_1613">
<pin_list>
<pin id="1614" dir="0" index="0" bw="1" slack="0"/>
<pin id="1615" dir="0" index="1" bw="6" slack="0"/>
<pin id="1616" dir="0" index="2" bw="6" slack="0"/>
<pin id="1617" dir="1" index="3" bw="6" slack="0"/>
</pin_list>
<bind>
<opcode="select(49) " fcode="select"/>
<opset="select_ln52_11/1 "/>
</bind>
</comp>

<comp id="1621" class="1004" name="out_data_0_5_0_0_0_load_fu_1621">
<pin_list>
<pin id="1622" dir="0" index="0" bw="1" slack="0"/>
<pin id="1623" dir="0" index="1" bw="6" slack="0"/>
<pin id="1624" dir="0" index="2" bw="6" slack="0"/>
<pin id="1625" dir="1" index="3" bw="6" slack="0"/>
</pin_list>
<bind>
<opcode="select(49) " fcode="select"/>
<opset="out_data_0_5_0_0_0_load/1 "/>
</bind>
</comp>

<comp id="1629" class="1004" name="icmp_ln51_6_fu_1629">
<pin_list>
<pin id="1630" dir="0" index="0" bw="18" slack="0"/>
<pin id="1631" dir="0" index="1" bw="18" slack="0"/>
<pin id="1632" dir="1" index="2" bw="1" slack="0"/>
</pin_list>
<bind>
<opcode="icmp(45) " fcode="icmp"/>
<opset="icmp_ln51_6/1 "/>
</bind>
</comp>

<comp id="1635" class="1004" name="tmp_29_fu_1635">
<pin_list>
<pin id="1636" dir="0" index="0" bw="1" slack="0"/>
<pin id="1637" dir="0" index="1" bw="576" slack="0"/>
<pin id="1638" dir="0" index="2" bw="8" slack="0"/>
<pin id="1639" dir="1" index="3" bw="1" slack="0"/>
</pin_list>
<bind>
<opcode="bitselect(1000) " fcode="bitselect"/>
<opset="tmp_29/1 "/>
</bind>
</comp>

<comp id="1643" class="1004" name="trunc_ln52_5_fu_1643">
<pin_list>
<pin id="1644" dir="0" index="0" bw="6" slack="0"/>
<pin id="1645" dir="0" index="1" bw="576" slack="0"/>
<pin id="1646" dir="0" index="2" bw="8" slack="0"/>
<pin id="1647" dir="0" index="3" bw="8" slack="0"/>
<pin id="1648" dir="1" index="4" bw="6" slack="0"/>
</pin_list>
<bind>
<opcode="partselect(1002) " fcode="partselect"/>
<opset="trunc_ln52_5/1 "/>
</bind>
</comp>

<comp id="1653" class="1004" name="tmp_30_fu_1653">
<pin_list>
<pin id="1654" dir="0" index="0" bw="1" slack="0"/>
<pin id="1655" dir="0" index="1" bw="576" slack="0"/>
<pin id="1656" dir="0" index="2" bw="8" slack="0"/>
<pin id="1657" dir="1" index="3" bw="1" slack="0"/>
</pin_list>
<bind>
<opcode="bitselect(1000) " fcode="bitselect"/>
<opset="tmp_30/1 "/>
</bind>
</comp>

<comp id="1661" class="1004" name="tmp_31_fu_1661">
<pin_list>
<pin id="1662" dir="0" index="0" bw="1" slack="0"/>
<pin id="1663" dir="0" index="1" bw="576" slack="0"/>
<pin id="1664" dir="0" index="2" bw="8" slack="0"/>
<pin id="1665" dir="1" index="3" bw="1" slack="0"/>
</pin_list>
<bind>
<opcode="bitselect(1000) " fcode="bitselect"/>
<opset="tmp_31/1 "/>
</bind>
</comp>

<comp id="1669" class="1004" name="zext_ln52_6_fu_1669">
<pin_list>
<pin id="1670" dir="0" index="0" bw="1" slack="0"/>
<pin id="1671" dir="1" index="1" bw="6" slack="0"/>
</pin_list>
<bind>
<opcode="zext(34) " fcode="zext"/>
<opset="zext_ln52_6/1 "/>
</bind>
</comp>

<comp id="1673" class="1004" name="add_ln52_6_fu_1673">
<pin_list>
<pin id="1674" dir="0" index="0" bw="6" slack="0"/>
<pin id="1675" dir="0" index="1" bw="1" slack="0"/>
<pin id="1676" dir="1" index="2" bw="6" slack="0"/>
</pin_list>
<bind>
<opcode="add(8) " fcode="add"/>
<opset="add_ln52_6/1 "/>
</bind>
</comp>

<comp id="1679" class="1004" name="tmp_32_fu_1679">
<pin_list>
<pin id="1680" dir="0" index="0" bw="1" slack="0"/>
<pin id="1681" dir="0" index="1" bw="6" slack="0"/>
<pin id="1682" dir="0" index="2" bw="4" slack="0"/>
<pin id="1683" dir="1" index="3" bw="1" slack="0"/>
</pin_list>
<bind>
<opcode="bitselect(1000) " fcode="bitselect"/>
<opset="tmp_32/1 "/>
</bind>
</comp>

<comp id="1687" class="1004" name="tmp_33_fu_1687">
<pin_list>
<pin id="1688" dir="0" index="0" bw="10" slack="0"/>
<pin id="1689" dir="0" index="1" bw="576" slack="0"/>
<pin id="1690" dir="0" index="2" bw="8" slack="0"/>
<pin id="1691" dir="0" index="3" bw="8" slack="0"/>
<pin id="1692" dir="1" index="4" bw="10" slack="0"/>
</pin_list>
<bind>
<opcode="partselect(1002) " fcode="partselect"/>
<opset="tmp_33/1 "/>
</bind>
</comp>

<comp id="1697" class="1004" name="icmp_ln52_6_fu_1697">
<pin_list>
<pin id="1698" dir="0" index="0" bw="10" slack="0"/>
<pin id="1699" dir="0" index="1" bw="10" slack="0"/>
<pin id="1700" dir="1" index="2" bw="1" slack="0"/>
</pin_list>
<bind>
<opcode="icmp(45) " fcode="icmp"/>
<opset="icmp_ln52_6/1 "/>
</bind>
</comp>

<comp id="1703" class="1004" name="xor_ln52_18_fu_1703">
<pin_list>
<pin id="1704" dir="0" index="0" bw="1" slack="0"/>
<pin id="1705" dir="0" index="1" bw="1" slack="0"/>
<pin id="1706" dir="1" index="2" bw="1" slack="0"/>
</pin_list>
<bind>
<opcode="xor(25) " fcode="xor"/>
<opset="xor_ln52_18/1 "/>
</bind>
</comp>

<comp id="1709" class="1004" name="or_ln52_18_fu_1709">
<pin_list>
<pin id="1710" dir="0" index="0" bw="1" slack="0"/>
<pin id="1711" dir="0" index="1" bw="1" slack="0"/>
<pin id="1712" dir="1" index="2" bw="1" slack="0"/>
</pin_list>
<bind>
<opcode="or(24) " fcode="or"/>
<opset="or_ln52_18/1 "/>
</bind>
</comp>

<comp id="1715" class="1004" name="and_ln52_12_fu_1715">
<pin_list>
<pin id="1716" dir="0" index="0" bw="1" slack="0"/>
<pin id="1717" dir="0" index="1" bw="1" slack="0"/>
<pin id="1718" dir="1" index="2" bw="1" slack="0"/>
</pin_list>
<bind>
<opcode="and(23) " fcode="and"/>
<opset="and_ln52_12/1 "/>
</bind>
</comp>

<comp id="1721" class="1004" name="xor_ln52_19_fu_1721">
<pin_list>
<pin id="1722" dir="0" index="0" bw="1" slack="0"/>
<pin id="1723" dir="0" index="1" bw="1" slack="0"/>
<pin id="1724" dir="1" index="2" bw="1" slack="0"/>
</pin_list>
<bind>
<opcode="xor(25) " fcode="xor"/>
<opset="xor_ln52_19/1 "/>
</bind>
</comp>

<comp id="1727" class="1004" name="or_ln52_19_fu_1727">
<pin_list>
<pin id="1728" dir="0" index="0" bw="1" slack="0"/>
<pin id="1729" dir="0" index="1" bw="1" slack="0"/>
<pin id="1730" dir="1" index="2" bw="1" slack="0"/>
</pin_list>
<bind>
<opcode="or(24) " fcode="or"/>
<opset="or_ln52_19/1 "/>
</bind>
</comp>

<comp id="1733" class="1004" name="xor_ln52_20_fu_1733">
<pin_list>
<pin id="1734" dir="0" index="0" bw="1" slack="0"/>
<pin id="1735" dir="0" index="1" bw="1" slack="0"/>
<pin id="1736" dir="1" index="2" bw="1" slack="0"/>
</pin_list>
<bind>
<opcode="xor(25) " fcode="xor"/>
<opset="xor_ln52_20/1 "/>
</bind>
</comp>

<comp id="1739" class="1004" name="and_ln52_13_fu_1739">
<pin_list>
<pin id="1740" dir="0" index="0" bw="1" slack="0"/>
<pin id="1741" dir="0" index="1" bw="1" slack="0"/>
<pin id="1742" dir="1" index="2" bw="1" slack="0"/>
</pin_list>
<bind>
<opcode="and(23) " fcode="and"/>
<opset="and_ln52_13/1 "/>
</bind>
</comp>

<comp id="1745" class="1004" name="select_ln52_12_fu_1745">
<pin_list>
<pin id="1746" dir="0" index="0" bw="1" slack="0"/>
<pin id="1747" dir="0" index="1" bw="6" slack="0"/>
<pin id="1748" dir="0" index="2" bw="6" slack="0"/>
<pin id="1749" dir="1" index="3" bw="6" slack="0"/>
</pin_list>
<bind>
<opcode="select(49) " fcode="select"/>
<opset="select_ln52_12/1 "/>
</bind>
</comp>

<comp id="1753" class="1004" name="or_ln52_20_fu_1753">
<pin_list>
<pin id="1754" dir="0" index="0" bw="1" slack="0"/>
<pin id="1755" dir="0" index="1" bw="1" slack="0"/>
<pin id="1756" dir="1" index="2" bw="1" slack="0"/>
</pin_list>
<bind>
<opcode="or(24) " fcode="or"/>
<opset="or_ln52_20/1 "/>
</bind>
</comp>

<comp id="1759" class="1004" name="select_ln52_13_fu_1759">
<pin_list>
<pin id="1760" dir="0" index="0" bw="1" slack="0"/>
<pin id="1761" dir="0" index="1" bw="6" slack="0"/>
<pin id="1762" dir="0" index="2" bw="6" slack="0"/>
<pin id="1763" dir="1" index="3" bw="6" slack="0"/>
</pin_list>
<bind>
<opcode="select(49) " fcode="select"/>
<opset="select_ln52_13/1 "/>
</bind>
</comp>

<comp id="1767" class="1004" name="out_data_0_6_0_0_0_load_fu_1767">
<pin_list>
<pin id="1768" dir="0" index="0" bw="1" slack="0"/>
<pin id="1769" dir="0" index="1" bw="6" slack="0"/>
<pin id="1770" dir="0" index="2" bw="6" slack="0"/>
<pin id="1771" dir="1" index="3" bw="6" slack="0"/>
</pin_list>
<bind>
<opcode="select(49) " fcode="select"/>
<opset="out_data_0_6_0_0_0_load/1 "/>
</bind>
</comp>

<comp id="1775" class="1004" name="icmp_ln51_7_fu_1775">
<pin_list>
<pin id="1776" dir="0" index="0" bw="18" slack="0"/>
<pin id="1777" dir="0" index="1" bw="18" slack="0"/>
<pin id="1778" dir="1" index="2" bw="1" slack="0"/>
</pin_list>
<bind>
<opcode="icmp(45) " fcode="icmp"/>
<opset="icmp_ln51_7/1 "/>
</bind>
</comp>

<comp id="1781" class="1004" name="tmp_34_fu_1781">
<pin_list>
<pin id="1782" dir="0" index="0" bw="1" slack="0"/>
<pin id="1783" dir="0" index="1" bw="576" slack="0"/>
<pin id="1784" dir="0" index="2" bw="9" slack="0"/>
<pin id="1785" dir="1" index="3" bw="1" slack="0"/>
</pin_list>
<bind>
<opcode="bitselect(1000) " fcode="bitselect"/>
<opset="tmp_34/1 "/>
</bind>
</comp>

<comp id="1789" class="1004" name="trunc_ln52_6_fu_1789">
<pin_list>
<pin id="1790" dir="0" index="0" bw="6" slack="0"/>
<pin id="1791" dir="0" index="1" bw="576" slack="0"/>
<pin id="1792" dir="0" index="2" bw="9" slack="0"/>
<pin id="1793" dir="0" index="3" bw="9" slack="0"/>
<pin id="1794" dir="1" index="4" bw="6" slack="0"/>
</pin_list>
<bind>
<opcode="partselect(1002) " fcode="partselect"/>
<opset="trunc_ln52_6/1 "/>
</bind>
</comp>

<comp id="1799" class="1004" name="tmp_35_fu_1799">
<pin_list>
<pin id="1800" dir="0" index="0" bw="1" slack="0"/>
<pin id="1801" dir="0" index="1" bw="576" slack="0"/>
<pin id="1802" dir="0" index="2" bw="8" slack="0"/>
<pin id="1803" dir="1" index="3" bw="1" slack="0"/>
</pin_list>
<bind>
<opcode="bitselect(1000) " fcode="bitselect"/>
<opset="tmp_35/1 "/>
</bind>
</comp>

<comp id="1807" class="1004" name="tmp_36_fu_1807">
<pin_list>
<pin id="1808" dir="0" index="0" bw="1" slack="0"/>
<pin id="1809" dir="0" index="1" bw="576" slack="0"/>
<pin id="1810" dir="0" index="2" bw="9" slack="0"/>
<pin id="1811" dir="1" index="3" bw="1" slack="0"/>
</pin_list>
<bind>
<opcode="bitselect(1000) " fcode="bitselect"/>
<opset="tmp_36/1 "/>
</bind>
</comp>

<comp id="1815" class="1004" name="zext_ln52_7_fu_1815">
<pin_list>
<pin id="1816" dir="0" index="0" bw="1" slack="0"/>
<pin id="1817" dir="1" index="1" bw="6" slack="0"/>
</pin_list>
<bind>
<opcode="zext(34) " fcode="zext"/>
<opset="zext_ln52_7/1 "/>
</bind>
</comp>

<comp id="1819" class="1004" name="add_ln52_7_fu_1819">
<pin_list>
<pin id="1820" dir="0" index="0" bw="6" slack="0"/>
<pin id="1821" dir="0" index="1" bw="1" slack="0"/>
<pin id="1822" dir="1" index="2" bw="6" slack="0"/>
</pin_list>
<bind>
<opcode="add(8) " fcode="add"/>
<opset="add_ln52_7/1 "/>
</bind>
</comp>

<comp id="1825" class="1004" name="tmp_37_fu_1825">
<pin_list>
<pin id="1826" dir="0" index="0" bw="1" slack="0"/>
<pin id="1827" dir="0" index="1" bw="6" slack="0"/>
<pin id="1828" dir="0" index="2" bw="4" slack="0"/>
<pin id="1829" dir="1" index="3" bw="1" slack="0"/>
</pin_list>
<bind>
<opcode="bitselect(1000) " fcode="bitselect"/>
<opset="tmp_37/1 "/>
</bind>
</comp>

<comp id="1833" class="1004" name="tmp_38_fu_1833">
<pin_list>
<pin id="1834" dir="0" index="0" bw="10" slack="0"/>
<pin id="1835" dir="0" index="1" bw="576" slack="0"/>
<pin id="1836" dir="0" index="2" bw="9" slack="0"/>
<pin id="1837" dir="0" index="3" bw="9" slack="0"/>
<pin id="1838" dir="1" index="4" bw="10" slack="0"/>
</pin_list>
<bind>
<opcode="partselect(1002) " fcode="partselect"/>
<opset="tmp_38/1 "/>
</bind>
</comp>

<comp id="1843" class="1004" name="icmp_ln52_7_fu_1843">
<pin_list>
<pin id="1844" dir="0" index="0" bw="10" slack="0"/>
<pin id="1845" dir="0" index="1" bw="10" slack="0"/>
<pin id="1846" dir="1" index="2" bw="1" slack="0"/>
</pin_list>
<bind>
<opcode="icmp(45) " fcode="icmp"/>
<opset="icmp_ln52_7/1 "/>
</bind>
</comp>

<comp id="1849" class="1004" name="xor_ln52_21_fu_1849">
<pin_list>
<pin id="1850" dir="0" index="0" bw="1" slack="0"/>
<pin id="1851" dir="0" index="1" bw="1" slack="0"/>
<pin id="1852" dir="1" index="2" bw="1" slack="0"/>
</pin_list>
<bind>
<opcode="xor(25) " fcode="xor"/>
<opset="xor_ln52_21/1 "/>
</bind>
</comp>

<comp id="1855" class="1004" name="or_ln52_21_fu_1855">
<pin_list>
<pin id="1856" dir="0" index="0" bw="1" slack="0"/>
<pin id="1857" dir="0" index="1" bw="1" slack="0"/>
<pin id="1858" dir="1" index="2" bw="1" slack="0"/>
</pin_list>
<bind>
<opcode="or(24) " fcode="or"/>
<opset="or_ln52_21/1 "/>
</bind>
</comp>

<comp id="1861" class="1004" name="and_ln52_14_fu_1861">
<pin_list>
<pin id="1862" dir="0" index="0" bw="1" slack="0"/>
<pin id="1863" dir="0" index="1" bw="1" slack="0"/>
<pin id="1864" dir="1" index="2" bw="1" slack="0"/>
</pin_list>
<bind>
<opcode="and(23) " fcode="and"/>
<opset="and_ln52_14/1 "/>
</bind>
</comp>

<comp id="1867" class="1004" name="xor_ln52_22_fu_1867">
<pin_list>
<pin id="1868" dir="0" index="0" bw="1" slack="0"/>
<pin id="1869" dir="0" index="1" bw="1" slack="0"/>
<pin id="1870" dir="1" index="2" bw="1" slack="0"/>
</pin_list>
<bind>
<opcode="xor(25) " fcode="xor"/>
<opset="xor_ln52_22/1 "/>
</bind>
</comp>

<comp id="1873" class="1004" name="or_ln52_22_fu_1873">
<pin_list>
<pin id="1874" dir="0" index="0" bw="1" slack="0"/>
<pin id="1875" dir="0" index="1" bw="1" slack="0"/>
<pin id="1876" dir="1" index="2" bw="1" slack="0"/>
</pin_list>
<bind>
<opcode="or(24) " fcode="or"/>
<opset="or_ln52_22/1 "/>
</bind>
</comp>

<comp id="1879" class="1004" name="xor_ln52_23_fu_1879">
<pin_list>
<pin id="1880" dir="0" index="0" bw="1" slack="0"/>
<pin id="1881" dir="0" index="1" bw="1" slack="0"/>
<pin id="1882" dir="1" index="2" bw="1" slack="0"/>
</pin_list>
<bind>
<opcode="xor(25) " fcode="xor"/>
<opset="xor_ln52_23/1 "/>
</bind>
</comp>

<comp id="1885" class="1004" name="and_ln52_15_fu_1885">
<pin_list>
<pin id="1886" dir="0" index="0" bw="1" slack="0"/>
<pin id="1887" dir="0" index="1" bw="1" slack="0"/>
<pin id="1888" dir="1" index="2" bw="1" slack="0"/>
</pin_list>
<bind>
<opcode="and(23) " fcode="and"/>
<opset="and_ln52_15/1 "/>
</bind>
</comp>

<comp id="1891" class="1004" name="select_ln52_14_fu_1891">
<pin_list>
<pin id="1892" dir="0" index="0" bw="1" slack="0"/>
<pin id="1893" dir="0" index="1" bw="6" slack="0"/>
<pin id="1894" dir="0" index="2" bw="6" slack="0"/>
<pin id="1895" dir="1" index="3" bw="6" slack="0"/>
</pin_list>
<bind>
<opcode="select(49) " fcode="select"/>
<opset="select_ln52_14/1 "/>
</bind>
</comp>

<comp id="1899" class="1004" name="or_ln52_23_fu_1899">
<pin_list>
<pin id="1900" dir="0" index="0" bw="1" slack="0"/>
<pin id="1901" dir="0" index="1" bw="1" slack="0"/>
<pin id="1902" dir="1" index="2" bw="1" slack="0"/>
</pin_list>
<bind>
<opcode="or(24) " fcode="or"/>
<opset="or_ln52_23/1 "/>
</bind>
</comp>

<comp id="1905" class="1004" name="select_ln52_15_fu_1905">
<pin_list>
<pin id="1906" dir="0" index="0" bw="1" slack="0"/>
<pin id="1907" dir="0" index="1" bw="6" slack="0"/>
<pin id="1908" dir="0" index="2" bw="6" slack="0"/>
<pin id="1909" dir="1" index="3" bw="6" slack="0"/>
</pin_list>
<bind>
<opcode="select(49) " fcode="select"/>
<opset="select_ln52_15/1 "/>
</bind>
</comp>

<comp id="1913" class="1004" name="out_data_0_7_0_0_0_load_fu_1913">
<pin_list>
<pin id="1914" dir="0" index="0" bw="1" slack="0"/>
<pin id="1915" dir="0" index="1" bw="6" slack="0"/>
<pin id="1916" dir="0" index="2" bw="6" slack="0"/>
<pin id="1917" dir="1" index="3" bw="6" slack="0"/>
</pin_list>
<bind>
<opcode="select(49) " fcode="select"/>
<opset="out_data_0_7_0_0_0_load/1 "/>
</bind>
</comp>

<comp id="1921" class="1004" name="icmp_ln51_8_fu_1921">
<pin_list>
<pin id="1922" dir="0" index="0" bw="18" slack="0"/>
<pin id="1923" dir="0" index="1" bw="18" slack="0"/>
<pin id="1924" dir="1" index="2" bw="1" slack="0"/>
</pin_list>
<bind>
<opcode="icmp(45) " fcode="icmp"/>
<opset="icmp_ln51_8/1 "/>
</bind>
</comp>

<comp id="1927" class="1004" name="tmp_39_fu_1927">
<pin_list>
<pin id="1928" dir="0" index="0" bw="1" slack="0"/>
<pin id="1929" dir="0" index="1" bw="576" slack="0"/>
<pin id="1930" dir="0" index="2" bw="9" slack="0"/>
<pin id="1931" dir="1" index="3" bw="1" slack="0"/>
</pin_list>
<bind>
<opcode="bitselect(1000) " fcode="bitselect"/>
<opset="tmp_39/1 "/>
</bind>
</comp>

<comp id="1935" class="1004" name="trunc_ln52_7_fu_1935">
<pin_list>
<pin id="1936" dir="0" index="0" bw="6" slack="0"/>
<pin id="1937" dir="0" index="1" bw="576" slack="0"/>
<pin id="1938" dir="0" index="2" bw="9" slack="0"/>
<pin id="1939" dir="0" index="3" bw="9" slack="0"/>
<pin id="1940" dir="1" index="4" bw="6" slack="0"/>
</pin_list>
<bind>
<opcode="partselect(1002) " fcode="partselect"/>
<opset="trunc_ln52_7/1 "/>
</bind>
</comp>

<comp id="1945" class="1004" name="tmp_40_fu_1945">
<pin_list>
<pin id="1946" dir="0" index="0" bw="1" slack="0"/>
<pin id="1947" dir="0" index="1" bw="576" slack="0"/>
<pin id="1948" dir="0" index="2" bw="9" slack="0"/>
<pin id="1949" dir="1" index="3" bw="1" slack="0"/>
</pin_list>
<bind>
<opcode="bitselect(1000) " fcode="bitselect"/>
<opset="tmp_40/1 "/>
</bind>
</comp>

<comp id="1953" class="1004" name="tmp_41_fu_1953">
<pin_list>
<pin id="1954" dir="0" index="0" bw="1" slack="0"/>
<pin id="1955" dir="0" index="1" bw="576" slack="0"/>
<pin id="1956" dir="0" index="2" bw="9" slack="0"/>
<pin id="1957" dir="1" index="3" bw="1" slack="0"/>
</pin_list>
<bind>
<opcode="bitselect(1000) " fcode="bitselect"/>
<opset="tmp_41/1 "/>
</bind>
</comp>

<comp id="1961" class="1004" name="zext_ln52_8_fu_1961">
<pin_list>
<pin id="1962" dir="0" index="0" bw="1" slack="0"/>
<pin id="1963" dir="1" index="1" bw="6" slack="0"/>
</pin_list>
<bind>
<opcode="zext(34) " fcode="zext"/>
<opset="zext_ln52_8/1 "/>
</bind>
</comp>

<comp id="1965" class="1004" name="add_ln52_8_fu_1965">
<pin_list>
<pin id="1966" dir="0" index="0" bw="6" slack="0"/>
<pin id="1967" dir="0" index="1" bw="1" slack="0"/>
<pin id="1968" dir="1" index="2" bw="6" slack="0"/>
</pin_list>
<bind>
<opcode="add(8) " fcode="add"/>
<opset="add_ln52_8/1 "/>
</bind>
</comp>

<comp id="1971" class="1004" name="tmp_42_fu_1971">
<pin_list>
<pin id="1972" dir="0" index="0" bw="1" slack="0"/>
<pin id="1973" dir="0" index="1" bw="6" slack="0"/>
<pin id="1974" dir="0" index="2" bw="4" slack="0"/>
<pin id="1975" dir="1" index="3" bw="1" slack="0"/>
</pin_list>
<bind>
<opcode="bitselect(1000) " fcode="bitselect"/>
<opset="tmp_42/1 "/>
</bind>
</comp>

<comp id="1979" class="1004" name="tmp_43_fu_1979">
<pin_list>
<pin id="1980" dir="0" index="0" bw="10" slack="0"/>
<pin id="1981" dir="0" index="1" bw="576" slack="0"/>
<pin id="1982" dir="0" index="2" bw="9" slack="0"/>
<pin id="1983" dir="0" index="3" bw="9" slack="0"/>
<pin id="1984" dir="1" index="4" bw="10" slack="0"/>
</pin_list>
<bind>
<opcode="partselect(1002) " fcode="partselect"/>
<opset="tmp_43/1 "/>
</bind>
</comp>

<comp id="1989" class="1004" name="icmp_ln52_8_fu_1989">
<pin_list>
<pin id="1990" dir="0" index="0" bw="10" slack="0"/>
<pin id="1991" dir="0" index="1" bw="10" slack="0"/>
<pin id="1992" dir="1" index="2" bw="1" slack="0"/>
</pin_list>
<bind>
<opcode="icmp(45) " fcode="icmp"/>
<opset="icmp_ln52_8/1 "/>
</bind>
</comp>

<comp id="1995" class="1004" name="xor_ln52_24_fu_1995">
<pin_list>
<pin id="1996" dir="0" index="0" bw="1" slack="0"/>
<pin id="1997" dir="0" index="1" bw="1" slack="0"/>
<pin id="1998" dir="1" index="2" bw="1" slack="0"/>
</pin_list>
<bind>
<opcode="xor(25) " fcode="xor"/>
<opset="xor_ln52_24/1 "/>
</bind>
</comp>

<comp id="2001" class="1004" name="or_ln52_24_fu_2001">
<pin_list>
<pin id="2002" dir="0" index="0" bw="1" slack="0"/>
<pin id="2003" dir="0" index="1" bw="1" slack="0"/>
<pin id="2004" dir="1" index="2" bw="1" slack="0"/>
</pin_list>
<bind>
<opcode="or(24) " fcode="or"/>
<opset="or_ln52_24/1 "/>
</bind>
</comp>

<comp id="2007" class="1004" name="and_ln52_16_fu_2007">
<pin_list>
<pin id="2008" dir="0" index="0" bw="1" slack="0"/>
<pin id="2009" dir="0" index="1" bw="1" slack="0"/>
<pin id="2010" dir="1" index="2" bw="1" slack="0"/>
</pin_list>
<bind>
<opcode="and(23) " fcode="and"/>
<opset="and_ln52_16/1 "/>
</bind>
</comp>

<comp id="2013" class="1004" name="xor_ln52_25_fu_2013">
<pin_list>
<pin id="2014" dir="0" index="0" bw="1" slack="0"/>
<pin id="2015" dir="0" index="1" bw="1" slack="0"/>
<pin id="2016" dir="1" index="2" bw="1" slack="0"/>
</pin_list>
<bind>
<opcode="xor(25) " fcode="xor"/>
<opset="xor_ln52_25/1 "/>
</bind>
</comp>

<comp id="2019" class="1004" name="or_ln52_25_fu_2019">
<pin_list>
<pin id="2020" dir="0" index="0" bw="1" slack="0"/>
<pin id="2021" dir="0" index="1" bw="1" slack="0"/>
<pin id="2022" dir="1" index="2" bw="1" slack="0"/>
</pin_list>
<bind>
<opcode="or(24) " fcode="or"/>
<opset="or_ln52_25/1 "/>
</bind>
</comp>

<comp id="2025" class="1004" name="xor_ln52_26_fu_2025">
<pin_list>
<pin id="2026" dir="0" index="0" bw="1" slack="0"/>
<pin id="2027" dir="0" index="1" bw="1" slack="0"/>
<pin id="2028" dir="1" index="2" bw="1" slack="0"/>
</pin_list>
<bind>
<opcode="xor(25) " fcode="xor"/>
<opset="xor_ln52_26/1 "/>
</bind>
</comp>

<comp id="2031" class="1004" name="and_ln52_17_fu_2031">
<pin_list>
<pin id="2032" dir="0" index="0" bw="1" slack="0"/>
<pin id="2033" dir="0" index="1" bw="1" slack="0"/>
<pin id="2034" dir="1" index="2" bw="1" slack="0"/>
</pin_list>
<bind>
<opcode="and(23) " fcode="and"/>
<opset="and_ln52_17/1 "/>
</bind>
</comp>

<comp id="2037" class="1004" name="select_ln52_16_fu_2037">
<pin_list>
<pin id="2038" dir="0" index="0" bw="1" slack="0"/>
<pin id="2039" dir="0" index="1" bw="6" slack="0"/>
<pin id="2040" dir="0" index="2" bw="6" slack="0"/>
<pin id="2041" dir="1" index="3" bw="6" slack="0"/>
</pin_list>
<bind>
<opcode="select(49) " fcode="select"/>
<opset="select_ln52_16/1 "/>
</bind>
</comp>

<comp id="2045" class="1004" name="or_ln52_26_fu_2045">
<pin_list>
<pin id="2046" dir="0" index="0" bw="1" slack="0"/>
<pin id="2047" dir="0" index="1" bw="1" slack="0"/>
<pin id="2048" dir="1" index="2" bw="1" slack="0"/>
</pin_list>
<bind>
<opcode="or(24) " fcode="or"/>
<opset="or_ln52_26/1 "/>
</bind>
</comp>

<comp id="2051" class="1004" name="select_ln52_17_fu_2051">
<pin_list>
<pin id="2052" dir="0" index="0" bw="1" slack="0"/>
<pin id="2053" dir="0" index="1" bw="6" slack="0"/>
<pin id="2054" dir="0" index="2" bw="6" slack="0"/>
<pin id="2055" dir="1" index="3" bw="6" slack="0"/>
</pin_list>
<bind>
<opcode="select(49) " fcode="select"/>
<opset="select_ln52_17/1 "/>
</bind>
</comp>

<comp id="2059" class="1004" name="out_data_0_8_0_0_0_load_fu_2059">
<pin_list>
<pin id="2060" dir="0" index="0" bw="1" slack="0"/>
<pin id="2061" dir="0" index="1" bw="6" slack="0"/>
<pin id="2062" dir="0" index="2" bw="6" slack="0"/>
<pin id="2063" dir="1" index="3" bw="6" slack="0"/>
</pin_list>
<bind>
<opcode="select(49) " fcode="select"/>
<opset="out_data_0_8_0_0_0_load/1 "/>
</bind>
</comp>

<comp id="2067" class="1004" name="icmp_ln51_9_fu_2067">
<pin_list>
<pin id="2068" dir="0" index="0" bw="18" slack="0"/>
<pin id="2069" dir="0" index="1" bw="18" slack="0"/>
<pin id="2070" dir="1" index="2" bw="1" slack="0"/>
</pin_list>
<bind>
<opcode="icmp(45) " fcode="icmp"/>
<opset="icmp_ln51_9/1 "/>
</bind>
</comp>

<comp id="2073" class="1004" name="tmp_44_fu_2073">
<pin_list>
<pin id="2074" dir="0" index="0" bw="1" slack="0"/>
<pin id="2075" dir="0" index="1" bw="576" slack="0"/>
<pin id="2076" dir="0" index="2" bw="9" slack="0"/>
<pin id="2077" dir="1" index="3" bw="1" slack="0"/>
</pin_list>
<bind>
<opcode="bitselect(1000) " fcode="bitselect"/>
<opset="tmp_44/1 "/>
</bind>
</comp>

<comp id="2081" class="1004" name="trunc_ln52_8_fu_2081">
<pin_list>
<pin id="2082" dir="0" index="0" bw="6" slack="0"/>
<pin id="2083" dir="0" index="1" bw="576" slack="0"/>
<pin id="2084" dir="0" index="2" bw="9" slack="0"/>
<pin id="2085" dir="0" index="3" bw="9" slack="0"/>
<pin id="2086" dir="1" index="4" bw="6" slack="0"/>
</pin_list>
<bind>
<opcode="partselect(1002) " fcode="partselect"/>
<opset="trunc_ln52_8/1 "/>
</bind>
</comp>

<comp id="2091" class="1004" name="tmp_45_fu_2091">
<pin_list>
<pin id="2092" dir="0" index="0" bw="1" slack="0"/>
<pin id="2093" dir="0" index="1" bw="576" slack="0"/>
<pin id="2094" dir="0" index="2" bw="9" slack="0"/>
<pin id="2095" dir="1" index="3" bw="1" slack="0"/>
</pin_list>
<bind>
<opcode="bitselect(1000) " fcode="bitselect"/>
<opset="tmp_45/1 "/>
</bind>
</comp>

<comp id="2099" class="1004" name="tmp_46_fu_2099">
<pin_list>
<pin id="2100" dir="0" index="0" bw="1" slack="0"/>
<pin id="2101" dir="0" index="1" bw="576" slack="0"/>
<pin id="2102" dir="0" index="2" bw="9" slack="0"/>
<pin id="2103" dir="1" index="3" bw="1" slack="0"/>
</pin_list>
<bind>
<opcode="bitselect(1000) " fcode="bitselect"/>
<opset="tmp_46/1 "/>
</bind>
</comp>

<comp id="2107" class="1004" name="zext_ln52_9_fu_2107">
<pin_list>
<pin id="2108" dir="0" index="0" bw="1" slack="0"/>
<pin id="2109" dir="1" index="1" bw="6" slack="0"/>
</pin_list>
<bind>
<opcode="zext(34) " fcode="zext"/>
<opset="zext_ln52_9/1 "/>
</bind>
</comp>

<comp id="2111" class="1004" name="add_ln52_9_fu_2111">
<pin_list>
<pin id="2112" dir="0" index="0" bw="6" slack="0"/>
<pin id="2113" dir="0" index="1" bw="1" slack="0"/>
<pin id="2114" dir="1" index="2" bw="6" slack="0"/>
</pin_list>
<bind>
<opcode="add(8) " fcode="add"/>
<opset="add_ln52_9/1 "/>
</bind>
</comp>

<comp id="2117" class="1004" name="tmp_47_fu_2117">
<pin_list>
<pin id="2118" dir="0" index="0" bw="1" slack="0"/>
<pin id="2119" dir="0" index="1" bw="6" slack="0"/>
<pin id="2120" dir="0" index="2" bw="4" slack="0"/>
<pin id="2121" dir="1" index="3" bw="1" slack="0"/>
</pin_list>
<bind>
<opcode="bitselect(1000) " fcode="bitselect"/>
<opset="tmp_47/1 "/>
</bind>
</comp>

<comp id="2125" class="1004" name="tmp_48_fu_2125">
<pin_list>
<pin id="2126" dir="0" index="0" bw="10" slack="0"/>
<pin id="2127" dir="0" index="1" bw="576" slack="0"/>
<pin id="2128" dir="0" index="2" bw="9" slack="0"/>
<pin id="2129" dir="0" index="3" bw="9" slack="0"/>
<pin id="2130" dir="1" index="4" bw="10" slack="0"/>
</pin_list>
<bind>
<opcode="partselect(1002) " fcode="partselect"/>
<opset="tmp_48/1 "/>
</bind>
</comp>

<comp id="2135" class="1004" name="icmp_ln52_9_fu_2135">
<pin_list>
<pin id="2136" dir="0" index="0" bw="10" slack="0"/>
<pin id="2137" dir="0" index="1" bw="10" slack="0"/>
<pin id="2138" dir="1" index="2" bw="1" slack="0"/>
</pin_list>
<bind>
<opcode="icmp(45) " fcode="icmp"/>
<opset="icmp_ln52_9/1 "/>
</bind>
</comp>

<comp id="2141" class="1004" name="xor_ln52_27_fu_2141">
<pin_list>
<pin id="2142" dir="0" index="0" bw="1" slack="0"/>
<pin id="2143" dir="0" index="1" bw="1" slack="0"/>
<pin id="2144" dir="1" index="2" bw="1" slack="0"/>
</pin_list>
<bind>
<opcode="xor(25) " fcode="xor"/>
<opset="xor_ln52_27/1 "/>
</bind>
</comp>

<comp id="2147" class="1004" name="or_ln52_27_fu_2147">
<pin_list>
<pin id="2148" dir="0" index="0" bw="1" slack="0"/>
<pin id="2149" dir="0" index="1" bw="1" slack="0"/>
<pin id="2150" dir="1" index="2" bw="1" slack="0"/>
</pin_list>
<bind>
<opcode="or(24) " fcode="or"/>
<opset="or_ln52_27/1 "/>
</bind>
</comp>

<comp id="2153" class="1004" name="and_ln52_18_fu_2153">
<pin_list>
<pin id="2154" dir="0" index="0" bw="1" slack="0"/>
<pin id="2155" dir="0" index="1" bw="1" slack="0"/>
<pin id="2156" dir="1" index="2" bw="1" slack="0"/>
</pin_list>
<bind>
<opcode="and(23) " fcode="and"/>
<opset="and_ln52_18/1 "/>
</bind>
</comp>

<comp id="2159" class="1004" name="xor_ln52_28_fu_2159">
<pin_list>
<pin id="2160" dir="0" index="0" bw="1" slack="0"/>
<pin id="2161" dir="0" index="1" bw="1" slack="0"/>
<pin id="2162" dir="1" index="2" bw="1" slack="0"/>
</pin_list>
<bind>
<opcode="xor(25) " fcode="xor"/>
<opset="xor_ln52_28/1 "/>
</bind>
</comp>

<comp id="2165" class="1004" name="or_ln52_28_fu_2165">
<pin_list>
<pin id="2166" dir="0" index="0" bw="1" slack="0"/>
<pin id="2167" dir="0" index="1" bw="1" slack="0"/>
<pin id="2168" dir="1" index="2" bw="1" slack="0"/>
</pin_list>
<bind>
<opcode="or(24) " fcode="or"/>
<opset="or_ln52_28/1 "/>
</bind>
</comp>

<comp id="2171" class="1004" name="xor_ln52_29_fu_2171">
<pin_list>
<pin id="2172" dir="0" index="0" bw="1" slack="0"/>
<pin id="2173" dir="0" index="1" bw="1" slack="0"/>
<pin id="2174" dir="1" index="2" bw="1" slack="0"/>
</pin_list>
<bind>
<opcode="xor(25) " fcode="xor"/>
<opset="xor_ln52_29/1 "/>
</bind>
</comp>

<comp id="2177" class="1004" name="and_ln52_19_fu_2177">
<pin_list>
<pin id="2178" dir="0" index="0" bw="1" slack="0"/>
<pin id="2179" dir="0" index="1" bw="1" slack="0"/>
<pin id="2180" dir="1" index="2" bw="1" slack="0"/>
</pin_list>
<bind>
<opcode="and(23) " fcode="and"/>
<opset="and_ln52_19/1 "/>
</bind>
</comp>

<comp id="2183" class="1004" name="select_ln52_18_fu_2183">
<pin_list>
<pin id="2184" dir="0" index="0" bw="1" slack="0"/>
<pin id="2185" dir="0" index="1" bw="6" slack="0"/>
<pin id="2186" dir="0" index="2" bw="6" slack="0"/>
<pin id="2187" dir="1" index="3" bw="6" slack="0"/>
</pin_list>
<bind>
<opcode="select(49) " fcode="select"/>
<opset="select_ln52_18/1 "/>
</bind>
</comp>

<comp id="2191" class="1004" name="or_ln52_29_fu_2191">
<pin_list>
<pin id="2192" dir="0" index="0" bw="1" slack="0"/>
<pin id="2193" dir="0" index="1" bw="1" slack="0"/>
<pin id="2194" dir="1" index="2" bw="1" slack="0"/>
</pin_list>
<bind>
<opcode="or(24) " fcode="or"/>
<opset="or_ln52_29/1 "/>
</bind>
</comp>

<comp id="2197" class="1004" name="select_ln52_19_fu_2197">
<pin_list>
<pin id="2198" dir="0" index="0" bw="1" slack="0"/>
<pin id="2199" dir="0" index="1" bw="6" slack="0"/>
<pin id="2200" dir="0" index="2" bw="6" slack="0"/>
<pin id="2201" dir="1" index="3" bw="6" slack="0"/>
</pin_list>
<bind>
<opcode="select(49) " fcode="select"/>
<opset="select_ln52_19/1 "/>
</bind>
</comp>

<comp id="2205" class="1004" name="out_data_0_9_0_0_0_load_fu_2205">
<pin_list>
<pin id="2206" dir="0" index="0" bw="1" slack="0"/>
<pin id="2207" dir="0" index="1" bw="6" slack="0"/>
<pin id="2208" dir="0" index="2" bw="6" slack="0"/>
<pin id="2209" dir="1" index="3" bw="6" slack="0"/>
</pin_list>
<bind>
<opcode="select(49) " fcode="select"/>
<opset="out_data_0_9_0_0_0_load/1 "/>
</bind>
</comp>

<comp id="2213" class="1004" name="icmp_ln51_10_fu_2213">
<pin_list>
<pin id="2214" dir="0" index="0" bw="18" slack="0"/>
<pin id="2215" dir="0" index="1" bw="18" slack="0"/>
<pin id="2216" dir="1" index="2" bw="1" slack="0"/>
</pin_list>
<bind>
<opcode="icmp(45) " fcode="icmp"/>
<opset="icmp_ln51_10/1 "/>
</bind>
</comp>

<comp id="2219" class="1004" name="tmp_49_fu_2219">
<pin_list>
<pin id="2220" dir="0" index="0" bw="1" slack="0"/>
<pin id="2221" dir="0" index="1" bw="576" slack="0"/>
<pin id="2222" dir="0" index="2" bw="9" slack="0"/>
<pin id="2223" dir="1" index="3" bw="1" slack="0"/>
</pin_list>
<bind>
<opcode="bitselect(1000) " fcode="bitselect"/>
<opset="tmp_49/1 "/>
</bind>
</comp>

<comp id="2227" class="1004" name="trunc_ln52_9_fu_2227">
<pin_list>
<pin id="2228" dir="0" index="0" bw="6" slack="0"/>
<pin id="2229" dir="0" index="1" bw="576" slack="0"/>
<pin id="2230" dir="0" index="2" bw="9" slack="0"/>
<pin id="2231" dir="0" index="3" bw="9" slack="0"/>
<pin id="2232" dir="1" index="4" bw="6" slack="0"/>
</pin_list>
<bind>
<opcode="partselect(1002) " fcode="partselect"/>
<opset="trunc_ln52_9/1 "/>
</bind>
</comp>

<comp id="2237" class="1004" name="tmp_50_fu_2237">
<pin_list>
<pin id="2238" dir="0" index="0" bw="1" slack="0"/>
<pin id="2239" dir="0" index="1" bw="576" slack="0"/>
<pin id="2240" dir="0" index="2" bw="9" slack="0"/>
<pin id="2241" dir="1" index="3" bw="1" slack="0"/>
</pin_list>
<bind>
<opcode="bitselect(1000) " fcode="bitselect"/>
<opset="tmp_50/1 "/>
</bind>
</comp>

<comp id="2245" class="1004" name="tmp_51_fu_2245">
<pin_list>
<pin id="2246" dir="0" index="0" bw="1" slack="0"/>
<pin id="2247" dir="0" index="1" bw="576" slack="0"/>
<pin id="2248" dir="0" index="2" bw="9" slack="0"/>
<pin id="2249" dir="1" index="3" bw="1" slack="0"/>
</pin_list>
<bind>
<opcode="bitselect(1000) " fcode="bitselect"/>
<opset="tmp_51/1 "/>
</bind>
</comp>

<comp id="2253" class="1004" name="zext_ln52_10_fu_2253">
<pin_list>
<pin id="2254" dir="0" index="0" bw="1" slack="0"/>
<pin id="2255" dir="1" index="1" bw="6" slack="0"/>
</pin_list>
<bind>
<opcode="zext(34) " fcode="zext"/>
<opset="zext_ln52_10/1 "/>
</bind>
</comp>

<comp id="2257" class="1004" name="add_ln52_10_fu_2257">
<pin_list>
<pin id="2258" dir="0" index="0" bw="6" slack="0"/>
<pin id="2259" dir="0" index="1" bw="1" slack="0"/>
<pin id="2260" dir="1" index="2" bw="6" slack="0"/>
</pin_list>
<bind>
<opcode="add(8) " fcode="add"/>
<opset="add_ln52_10/1 "/>
</bind>
</comp>

<comp id="2263" class="1004" name="tmp_52_fu_2263">
<pin_list>
<pin id="2264" dir="0" index="0" bw="1" slack="0"/>
<pin id="2265" dir="0" index="1" bw="6" slack="0"/>
<pin id="2266" dir="0" index="2" bw="4" slack="0"/>
<pin id="2267" dir="1" index="3" bw="1" slack="0"/>
</pin_list>
<bind>
<opcode="bitselect(1000) " fcode="bitselect"/>
<opset="tmp_52/1 "/>
</bind>
</comp>

<comp id="2271" class="1004" name="tmp_53_fu_2271">
<pin_list>
<pin id="2272" dir="0" index="0" bw="10" slack="0"/>
<pin id="2273" dir="0" index="1" bw="576" slack="0"/>
<pin id="2274" dir="0" index="2" bw="9" slack="0"/>
<pin id="2275" dir="0" index="3" bw="9" slack="0"/>
<pin id="2276" dir="1" index="4" bw="10" slack="0"/>
</pin_list>
<bind>
<opcode="partselect(1002) " fcode="partselect"/>
<opset="tmp_53/1 "/>
</bind>
</comp>

<comp id="2281" class="1004" name="icmp_ln52_10_fu_2281">
<pin_list>
<pin id="2282" dir="0" index="0" bw="10" slack="0"/>
<pin id="2283" dir="0" index="1" bw="10" slack="0"/>
<pin id="2284" dir="1" index="2" bw="1" slack="0"/>
</pin_list>
<bind>
<opcode="icmp(45) " fcode="icmp"/>
<opset="icmp_ln52_10/1 "/>
</bind>
</comp>

<comp id="2287" class="1004" name="xor_ln52_30_fu_2287">
<pin_list>
<pin id="2288" dir="0" index="0" bw="1" slack="0"/>
<pin id="2289" dir="0" index="1" bw="1" slack="0"/>
<pin id="2290" dir="1" index="2" bw="1" slack="0"/>
</pin_list>
<bind>
<opcode="xor(25) " fcode="xor"/>
<opset="xor_ln52_30/1 "/>
</bind>
</comp>

<comp id="2293" class="1004" name="or_ln52_30_fu_2293">
<pin_list>
<pin id="2294" dir="0" index="0" bw="1" slack="0"/>
<pin id="2295" dir="0" index="1" bw="1" slack="0"/>
<pin id="2296" dir="1" index="2" bw="1" slack="0"/>
</pin_list>
<bind>
<opcode="or(24) " fcode="or"/>
<opset="or_ln52_30/1 "/>
</bind>
</comp>

<comp id="2299" class="1004" name="and_ln52_20_fu_2299">
<pin_list>
<pin id="2300" dir="0" index="0" bw="1" slack="0"/>
<pin id="2301" dir="0" index="1" bw="1" slack="0"/>
<pin id="2302" dir="1" index="2" bw="1" slack="0"/>
</pin_list>
<bind>
<opcode="and(23) " fcode="and"/>
<opset="and_ln52_20/1 "/>
</bind>
</comp>

<comp id="2305" class="1004" name="xor_ln52_31_fu_2305">
<pin_list>
<pin id="2306" dir="0" index="0" bw="1" slack="0"/>
<pin id="2307" dir="0" index="1" bw="1" slack="0"/>
<pin id="2308" dir="1" index="2" bw="1" slack="0"/>
</pin_list>
<bind>
<opcode="xor(25) " fcode="xor"/>
<opset="xor_ln52_31/1 "/>
</bind>
</comp>

<comp id="2311" class="1004" name="or_ln52_31_fu_2311">
<pin_list>
<pin id="2312" dir="0" index="0" bw="1" slack="0"/>
<pin id="2313" dir="0" index="1" bw="1" slack="0"/>
<pin id="2314" dir="1" index="2" bw="1" slack="0"/>
</pin_list>
<bind>
<opcode="or(24) " fcode="or"/>
<opset="or_ln52_31/1 "/>
</bind>
</comp>

<comp id="2317" class="1004" name="xor_ln52_32_fu_2317">
<pin_list>
<pin id="2318" dir="0" index="0" bw="1" slack="0"/>
<pin id="2319" dir="0" index="1" bw="1" slack="0"/>
<pin id="2320" dir="1" index="2" bw="1" slack="0"/>
</pin_list>
<bind>
<opcode="xor(25) " fcode="xor"/>
<opset="xor_ln52_32/1 "/>
</bind>
</comp>

<comp id="2323" class="1004" name="and_ln52_21_fu_2323">
<pin_list>
<pin id="2324" dir="0" index="0" bw="1" slack="0"/>
<pin id="2325" dir="0" index="1" bw="1" slack="0"/>
<pin id="2326" dir="1" index="2" bw="1" slack="0"/>
</pin_list>
<bind>
<opcode="and(23) " fcode="and"/>
<opset="and_ln52_21/1 "/>
</bind>
</comp>

<comp id="2329" class="1004" name="select_ln52_20_fu_2329">
<pin_list>
<pin id="2330" dir="0" index="0" bw="1" slack="0"/>
<pin id="2331" dir="0" index="1" bw="6" slack="0"/>
<pin id="2332" dir="0" index="2" bw="6" slack="0"/>
<pin id="2333" dir="1" index="3" bw="6" slack="0"/>
</pin_list>
<bind>
<opcode="select(49) " fcode="select"/>
<opset="select_ln52_20/1 "/>
</bind>
</comp>

<comp id="2337" class="1004" name="or_ln52_32_fu_2337">
<pin_list>
<pin id="2338" dir="0" index="0" bw="1" slack="0"/>
<pin id="2339" dir="0" index="1" bw="1" slack="0"/>
<pin id="2340" dir="1" index="2" bw="1" slack="0"/>
</pin_list>
<bind>
<opcode="or(24) " fcode="or"/>
<opset="or_ln52_32/1 "/>
</bind>
</comp>

<comp id="2343" class="1004" name="select_ln52_21_fu_2343">
<pin_list>
<pin id="2344" dir="0" index="0" bw="1" slack="0"/>
<pin id="2345" dir="0" index="1" bw="6" slack="0"/>
<pin id="2346" dir="0" index="2" bw="6" slack="0"/>
<pin id="2347" dir="1" index="3" bw="6" slack="0"/>
</pin_list>
<bind>
<opcode="select(49) " fcode="select"/>
<opset="select_ln52_21/1 "/>
</bind>
</comp>

<comp id="2351" class="1004" name="out_data_0_10_0_0_0_load_fu_2351">
<pin_list>
<pin id="2352" dir="0" index="0" bw="1" slack="0"/>
<pin id="2353" dir="0" index="1" bw="6" slack="0"/>
<pin id="2354" dir="0" index="2" bw="6" slack="0"/>
<pin id="2355" dir="1" index="3" bw="6" slack="0"/>
</pin_list>
<bind>
<opcode="select(49) " fcode="select"/>
<opset="out_data_0_10_0_0_0_load/1 "/>
</bind>
</comp>

<comp id="2359" class="1004" name="icmp_ln51_11_fu_2359">
<pin_list>
<pin id="2360" dir="0" index="0" bw="18" slack="0"/>
<pin id="2361" dir="0" index="1" bw="18" slack="0"/>
<pin id="2362" dir="1" index="2" bw="1" slack="0"/>
</pin_list>
<bind>
<opcode="icmp(45) " fcode="icmp"/>
<opset="icmp_ln51_11/1 "/>
</bind>
</comp>

<comp id="2365" class="1004" name="tmp_54_fu_2365">
<pin_list>
<pin id="2366" dir="0" index="0" bw="1" slack="0"/>
<pin id="2367" dir="0" index="1" bw="576" slack="0"/>
<pin id="2368" dir="0" index="2" bw="9" slack="0"/>
<pin id="2369" dir="1" index="3" bw="1" slack="0"/>
</pin_list>
<bind>
<opcode="bitselect(1000) " fcode="bitselect"/>
<opset="tmp_54/1 "/>
</bind>
</comp>

<comp id="2373" class="1004" name="trunc_ln52_10_fu_2373">
<pin_list>
<pin id="2374" dir="0" index="0" bw="6" slack="0"/>
<pin id="2375" dir="0" index="1" bw="576" slack="0"/>
<pin id="2376" dir="0" index="2" bw="9" slack="0"/>
<pin id="2377" dir="0" index="3" bw="9" slack="0"/>
<pin id="2378" dir="1" index="4" bw="6" slack="0"/>
</pin_list>
<bind>
<opcode="partselect(1002) " fcode="partselect"/>
<opset="trunc_ln52_10/1 "/>
</bind>
</comp>

<comp id="2383" class="1004" name="tmp_55_fu_2383">
<pin_list>
<pin id="2384" dir="0" index="0" bw="1" slack="0"/>
<pin id="2385" dir="0" index="1" bw="576" slack="0"/>
<pin id="2386" dir="0" index="2" bw="9" slack="0"/>
<pin id="2387" dir="1" index="3" bw="1" slack="0"/>
</pin_list>
<bind>
<opcode="bitselect(1000) " fcode="bitselect"/>
<opset="tmp_55/1 "/>
</bind>
</comp>

<comp id="2391" class="1004" name="tmp_56_fu_2391">
<pin_list>
<pin id="2392" dir="0" index="0" bw="1" slack="0"/>
<pin id="2393" dir="0" index="1" bw="576" slack="0"/>
<pin id="2394" dir="0" index="2" bw="9" slack="0"/>
<pin id="2395" dir="1" index="3" bw="1" slack="0"/>
</pin_list>
<bind>
<opcode="bitselect(1000) " fcode="bitselect"/>
<opset="tmp_56/1 "/>
</bind>
</comp>

<comp id="2399" class="1004" name="zext_ln52_11_fu_2399">
<pin_list>
<pin id="2400" dir="0" index="0" bw="1" slack="0"/>
<pin id="2401" dir="1" index="1" bw="6" slack="0"/>
</pin_list>
<bind>
<opcode="zext(34) " fcode="zext"/>
<opset="zext_ln52_11/1 "/>
</bind>
</comp>

<comp id="2403" class="1004" name="add_ln52_11_fu_2403">
<pin_list>
<pin id="2404" dir="0" index="0" bw="6" slack="0"/>
<pin id="2405" dir="0" index="1" bw="1" slack="0"/>
<pin id="2406" dir="1" index="2" bw="6" slack="0"/>
</pin_list>
<bind>
<opcode="add(8) " fcode="add"/>
<opset="add_ln52_11/1 "/>
</bind>
</comp>

<comp id="2409" class="1004" name="tmp_57_fu_2409">
<pin_list>
<pin id="2410" dir="0" index="0" bw="1" slack="0"/>
<pin id="2411" dir="0" index="1" bw="6" slack="0"/>
<pin id="2412" dir="0" index="2" bw="4" slack="0"/>
<pin id="2413" dir="1" index="3" bw="1" slack="0"/>
</pin_list>
<bind>
<opcode="bitselect(1000) " fcode="bitselect"/>
<opset="tmp_57/1 "/>
</bind>
</comp>

<comp id="2417" class="1004" name="tmp_58_fu_2417">
<pin_list>
<pin id="2418" dir="0" index="0" bw="10" slack="0"/>
<pin id="2419" dir="0" index="1" bw="576" slack="0"/>
<pin id="2420" dir="0" index="2" bw="9" slack="0"/>
<pin id="2421" dir="0" index="3" bw="9" slack="0"/>
<pin id="2422" dir="1" index="4" bw="10" slack="0"/>
</pin_list>
<bind>
<opcode="partselect(1002) " fcode="partselect"/>
<opset="tmp_58/1 "/>
</bind>
</comp>

<comp id="2427" class="1004" name="icmp_ln52_11_fu_2427">
<pin_list>
<pin id="2428" dir="0" index="0" bw="10" slack="0"/>
<pin id="2429" dir="0" index="1" bw="10" slack="0"/>
<pin id="2430" dir="1" index="2" bw="1" slack="0"/>
</pin_list>
<bind>
<opcode="icmp(45) " fcode="icmp"/>
<opset="icmp_ln52_11/1 "/>
</bind>
</comp>

<comp id="2433" class="1004" name="xor_ln52_33_fu_2433">
<pin_list>
<pin id="2434" dir="0" index="0" bw="1" slack="0"/>
<pin id="2435" dir="0" index="1" bw="1" slack="0"/>
<pin id="2436" dir="1" index="2" bw="1" slack="0"/>
</pin_list>
<bind>
<opcode="xor(25) " fcode="xor"/>
<opset="xor_ln52_33/1 "/>
</bind>
</comp>

<comp id="2439" class="1004" name="or_ln52_33_fu_2439">
<pin_list>
<pin id="2440" dir="0" index="0" bw="1" slack="0"/>
<pin id="2441" dir="0" index="1" bw="1" slack="0"/>
<pin id="2442" dir="1" index="2" bw="1" slack="0"/>
</pin_list>
<bind>
<opcode="or(24) " fcode="or"/>
<opset="or_ln52_33/1 "/>
</bind>
</comp>

<comp id="2445" class="1004" name="and_ln52_22_fu_2445">
<pin_list>
<pin id="2446" dir="0" index="0" bw="1" slack="0"/>
<pin id="2447" dir="0" index="1" bw="1" slack="0"/>
<pin id="2448" dir="1" index="2" bw="1" slack="0"/>
</pin_list>
<bind>
<opcode="and(23) " fcode="and"/>
<opset="and_ln52_22/1 "/>
</bind>
</comp>

<comp id="2451" class="1004" name="xor_ln52_34_fu_2451">
<pin_list>
<pin id="2452" dir="0" index="0" bw="1" slack="0"/>
<pin id="2453" dir="0" index="1" bw="1" slack="0"/>
<pin id="2454" dir="1" index="2" bw="1" slack="0"/>
</pin_list>
<bind>
<opcode="xor(25) " fcode="xor"/>
<opset="xor_ln52_34/1 "/>
</bind>
</comp>

<comp id="2457" class="1004" name="or_ln52_34_fu_2457">
<pin_list>
<pin id="2458" dir="0" index="0" bw="1" slack="0"/>
<pin id="2459" dir="0" index="1" bw="1" slack="0"/>
<pin id="2460" dir="1" index="2" bw="1" slack="0"/>
</pin_list>
<bind>
<opcode="or(24) " fcode="or"/>
<opset="or_ln52_34/1 "/>
</bind>
</comp>

<comp id="2463" class="1004" name="xor_ln52_35_fu_2463">
<pin_list>
<pin id="2464" dir="0" index="0" bw="1" slack="0"/>
<pin id="2465" dir="0" index="1" bw="1" slack="0"/>
<pin id="2466" dir="1" index="2" bw="1" slack="0"/>
</pin_list>
<bind>
<opcode="xor(25) " fcode="xor"/>
<opset="xor_ln52_35/1 "/>
</bind>
</comp>

<comp id="2469" class="1004" name="and_ln52_23_fu_2469">
<pin_list>
<pin id="2470" dir="0" index="0" bw="1" slack="0"/>
<pin id="2471" dir="0" index="1" bw="1" slack="0"/>
<pin id="2472" dir="1" index="2" bw="1" slack="0"/>
</pin_list>
<bind>
<opcode="and(23) " fcode="and"/>
<opset="and_ln52_23/1 "/>
</bind>
</comp>

<comp id="2475" class="1004" name="select_ln52_22_fu_2475">
<pin_list>
<pin id="2476" dir="0" index="0" bw="1" slack="0"/>
<pin id="2477" dir="0" index="1" bw="6" slack="0"/>
<pin id="2478" dir="0" index="2" bw="6" slack="0"/>
<pin id="2479" dir="1" index="3" bw="6" slack="0"/>
</pin_list>
<bind>
<opcode="select(49) " fcode="select"/>
<opset="select_ln52_22/1 "/>
</bind>
</comp>

<comp id="2483" class="1004" name="or_ln52_35_fu_2483">
<pin_list>
<pin id="2484" dir="0" index="0" bw="1" slack="0"/>
<pin id="2485" dir="0" index="1" bw="1" slack="0"/>
<pin id="2486" dir="1" index="2" bw="1" slack="0"/>
</pin_list>
<bind>
<opcode="or(24) " fcode="or"/>
<opset="or_ln52_35/1 "/>
</bind>
</comp>

<comp id="2489" class="1004" name="select_ln52_23_fu_2489">
<pin_list>
<pin id="2490" dir="0" index="0" bw="1" slack="0"/>
<pin id="2491" dir="0" index="1" bw="6" slack="0"/>
<pin id="2492" dir="0" index="2" bw="6" slack="0"/>
<pin id="2493" dir="1" index="3" bw="6" slack="0"/>
</pin_list>
<bind>
<opcode="select(49) " fcode="select"/>
<opset="select_ln52_23/1 "/>
</bind>
</comp>

<comp id="2497" class="1004" name="out_data_0_11_0_0_0_load_fu_2497">
<pin_list>
<pin id="2498" dir="0" index="0" bw="1" slack="0"/>
<pin id="2499" dir="0" index="1" bw="6" slack="0"/>
<pin id="2500" dir="0" index="2" bw="6" slack="0"/>
<pin id="2501" dir="1" index="3" bw="6" slack="0"/>
</pin_list>
<bind>
<opcode="select(49) " fcode="select"/>
<opset="out_data_0_11_0_0_0_load/1 "/>
</bind>
</comp>

<comp id="2505" class="1004" name="icmp_ln51_12_fu_2505">
<pin_list>
<pin id="2506" dir="0" index="0" bw="18" slack="0"/>
<pin id="2507" dir="0" index="1" bw="18" slack="0"/>
<pin id="2508" dir="1" index="2" bw="1" slack="0"/>
</pin_list>
<bind>
<opcode="icmp(45) " fcode="icmp"/>
<opset="icmp_ln51_12/1 "/>
</bind>
</comp>

<comp id="2511" class="1004" name="tmp_59_fu_2511">
<pin_list>
<pin id="2512" dir="0" index="0" bw="1" slack="0"/>
<pin id="2513" dir="0" index="1" bw="576" slack="0"/>
<pin id="2514" dir="0" index="2" bw="9" slack="0"/>
<pin id="2515" dir="1" index="3" bw="1" slack="0"/>
</pin_list>
<bind>
<opcode="bitselect(1000) " fcode="bitselect"/>
<opset="tmp_59/1 "/>
</bind>
</comp>

<comp id="2519" class="1004" name="trunc_ln52_11_fu_2519">
<pin_list>
<pin id="2520" dir="0" index="0" bw="6" slack="0"/>
<pin id="2521" dir="0" index="1" bw="576" slack="0"/>
<pin id="2522" dir="0" index="2" bw="9" slack="0"/>
<pin id="2523" dir="0" index="3" bw="9" slack="0"/>
<pin id="2524" dir="1" index="4" bw="6" slack="0"/>
</pin_list>
<bind>
<opcode="partselect(1002) " fcode="partselect"/>
<opset="trunc_ln52_11/1 "/>
</bind>
</comp>

<comp id="2529" class="1004" name="tmp_60_fu_2529">
<pin_list>
<pin id="2530" dir="0" index="0" bw="1" slack="0"/>
<pin id="2531" dir="0" index="1" bw="576" slack="0"/>
<pin id="2532" dir="0" index="2" bw="9" slack="0"/>
<pin id="2533" dir="1" index="3" bw="1" slack="0"/>
</pin_list>
<bind>
<opcode="bitselect(1000) " fcode="bitselect"/>
<opset="tmp_60/1 "/>
</bind>
</comp>

<comp id="2537" class="1004" name="tmp_61_fu_2537">
<pin_list>
<pin id="2538" dir="0" index="0" bw="1" slack="0"/>
<pin id="2539" dir="0" index="1" bw="576" slack="0"/>
<pin id="2540" dir="0" index="2" bw="9" slack="0"/>
<pin id="2541" dir="1" index="3" bw="1" slack="0"/>
</pin_list>
<bind>
<opcode="bitselect(1000) " fcode="bitselect"/>
<opset="tmp_61/1 "/>
</bind>
</comp>

<comp id="2545" class="1004" name="zext_ln52_12_fu_2545">
<pin_list>
<pin id="2546" dir="0" index="0" bw="1" slack="0"/>
<pin id="2547" dir="1" index="1" bw="6" slack="0"/>
</pin_list>
<bind>
<opcode="zext(34) " fcode="zext"/>
<opset="zext_ln52_12/1 "/>
</bind>
</comp>

<comp id="2549" class="1004" name="add_ln52_12_fu_2549">
<pin_list>
<pin id="2550" dir="0" index="0" bw="6" slack="0"/>
<pin id="2551" dir="0" index="1" bw="1" slack="0"/>
<pin id="2552" dir="1" index="2" bw="6" slack="0"/>
</pin_list>
<bind>
<opcode="add(8) " fcode="add"/>
<opset="add_ln52_12/1 "/>
</bind>
</comp>

<comp id="2555" class="1004" name="tmp_62_fu_2555">
<pin_list>
<pin id="2556" dir="0" index="0" bw="1" slack="0"/>
<pin id="2557" dir="0" index="1" bw="6" slack="0"/>
<pin id="2558" dir="0" index="2" bw="4" slack="0"/>
<pin id="2559" dir="1" index="3" bw="1" slack="0"/>
</pin_list>
<bind>
<opcode="bitselect(1000) " fcode="bitselect"/>
<opset="tmp_62/1 "/>
</bind>
</comp>

<comp id="2563" class="1004" name="tmp_63_fu_2563">
<pin_list>
<pin id="2564" dir="0" index="0" bw="10" slack="0"/>
<pin id="2565" dir="0" index="1" bw="576" slack="0"/>
<pin id="2566" dir="0" index="2" bw="9" slack="0"/>
<pin id="2567" dir="0" index="3" bw="9" slack="0"/>
<pin id="2568" dir="1" index="4" bw="10" slack="0"/>
</pin_list>
<bind>
<opcode="partselect(1002) " fcode="partselect"/>
<opset="tmp_63/1 "/>
</bind>
</comp>

<comp id="2573" class="1004" name="icmp_ln52_12_fu_2573">
<pin_list>
<pin id="2574" dir="0" index="0" bw="10" slack="0"/>
<pin id="2575" dir="0" index="1" bw="10" slack="0"/>
<pin id="2576" dir="1" index="2" bw="1" slack="0"/>
</pin_list>
<bind>
<opcode="icmp(45) " fcode="icmp"/>
<opset="icmp_ln52_12/1 "/>
</bind>
</comp>

<comp id="2579" class="1004" name="xor_ln52_36_fu_2579">
<pin_list>
<pin id="2580" dir="0" index="0" bw="1" slack="0"/>
<pin id="2581" dir="0" index="1" bw="1" slack="0"/>
<pin id="2582" dir="1" index="2" bw="1" slack="0"/>
</pin_list>
<bind>
<opcode="xor(25) " fcode="xor"/>
<opset="xor_ln52_36/1 "/>
</bind>
</comp>

<comp id="2585" class="1004" name="or_ln52_36_fu_2585">
<pin_list>
<pin id="2586" dir="0" index="0" bw="1" slack="0"/>
<pin id="2587" dir="0" index="1" bw="1" slack="0"/>
<pin id="2588" dir="1" index="2" bw="1" slack="0"/>
</pin_list>
<bind>
<opcode="or(24) " fcode="or"/>
<opset="or_ln52_36/1 "/>
</bind>
</comp>

<comp id="2591" class="1004" name="and_ln52_24_fu_2591">
<pin_list>
<pin id="2592" dir="0" index="0" bw="1" slack="0"/>
<pin id="2593" dir="0" index="1" bw="1" slack="0"/>
<pin id="2594" dir="1" index="2" bw="1" slack="0"/>
</pin_list>
<bind>
<opcode="and(23) " fcode="and"/>
<opset="and_ln52_24/1 "/>
</bind>
</comp>

<comp id="2597" class="1004" name="xor_ln52_37_fu_2597">
<pin_list>
<pin id="2598" dir="0" index="0" bw="1" slack="0"/>
<pin id="2599" dir="0" index="1" bw="1" slack="0"/>
<pin id="2600" dir="1" index="2" bw="1" slack="0"/>
</pin_list>
<bind>
<opcode="xor(25) " fcode="xor"/>
<opset="xor_ln52_37/1 "/>
</bind>
</comp>

<comp id="2603" class="1004" name="or_ln52_37_fu_2603">
<pin_list>
<pin id="2604" dir="0" index="0" bw="1" slack="0"/>
<pin id="2605" dir="0" index="1" bw="1" slack="0"/>
<pin id="2606" dir="1" index="2" bw="1" slack="0"/>
</pin_list>
<bind>
<opcode="or(24) " fcode="or"/>
<opset="or_ln52_37/1 "/>
</bind>
</comp>

<comp id="2609" class="1004" name="xor_ln52_38_fu_2609">
<pin_list>
<pin id="2610" dir="0" index="0" bw="1" slack="0"/>
<pin id="2611" dir="0" index="1" bw="1" slack="0"/>
<pin id="2612" dir="1" index="2" bw="1" slack="0"/>
</pin_list>
<bind>
<opcode="xor(25) " fcode="xor"/>
<opset="xor_ln52_38/1 "/>
</bind>
</comp>

<comp id="2615" class="1004" name="and_ln52_25_fu_2615">
<pin_list>
<pin id="2616" dir="0" index="0" bw="1" slack="0"/>
<pin id="2617" dir="0" index="1" bw="1" slack="0"/>
<pin id="2618" dir="1" index="2" bw="1" slack="0"/>
</pin_list>
<bind>
<opcode="and(23) " fcode="and"/>
<opset="and_ln52_25/1 "/>
</bind>
</comp>

<comp id="2621" class="1004" name="select_ln52_24_fu_2621">
<pin_list>
<pin id="2622" dir="0" index="0" bw="1" slack="0"/>
<pin id="2623" dir="0" index="1" bw="6" slack="0"/>
<pin id="2624" dir="0" index="2" bw="6" slack="0"/>
<pin id="2625" dir="1" index="3" bw="6" slack="0"/>
</pin_list>
<bind>
<opcode="select(49) " fcode="select"/>
<opset="select_ln52_24/1 "/>
</bind>
</comp>

<comp id="2629" class="1004" name="or_ln52_38_fu_2629">
<pin_list>
<pin id="2630" dir="0" index="0" bw="1" slack="0"/>
<pin id="2631" dir="0" index="1" bw="1" slack="0"/>
<pin id="2632" dir="1" index="2" bw="1" slack="0"/>
</pin_list>
<bind>
<opcode="or(24) " fcode="or"/>
<opset="or_ln52_38/1 "/>
</bind>
</comp>

<comp id="2635" class="1004" name="select_ln52_25_fu_2635">
<pin_list>
<pin id="2636" dir="0" index="0" bw="1" slack="0"/>
<pin id="2637" dir="0" index="1" bw="6" slack="0"/>
<pin id="2638" dir="0" index="2" bw="6" slack="0"/>
<pin id="2639" dir="1" index="3" bw="6" slack="0"/>
</pin_list>
<bind>
<opcode="select(49) " fcode="select"/>
<opset="select_ln52_25/1 "/>
</bind>
</comp>

<comp id="2643" class="1004" name="out_data_0_12_0_0_0_load_fu_2643">
<pin_list>
<pin id="2644" dir="0" index="0" bw="1" slack="0"/>
<pin id="2645" dir="0" index="1" bw="6" slack="0"/>
<pin id="2646" dir="0" index="2" bw="6" slack="0"/>
<pin id="2647" dir="1" index="3" bw="6" slack="0"/>
</pin_list>
<bind>
<opcode="select(49) " fcode="select"/>
<opset="out_data_0_12_0_0_0_load/1 "/>
</bind>
</comp>

<comp id="2651" class="1004" name="icmp_ln51_13_fu_2651">
<pin_list>
<pin id="2652" dir="0" index="0" bw="18" slack="0"/>
<pin id="2653" dir="0" index="1" bw="18" slack="0"/>
<pin id="2654" dir="1" index="2" bw="1" slack="0"/>
</pin_list>
<bind>
<opcode="icmp(45) " fcode="icmp"/>
<opset="icmp_ln51_13/1 "/>
</bind>
</comp>

<comp id="2657" class="1004" name="tmp_64_fu_2657">
<pin_list>
<pin id="2658" dir="0" index="0" bw="1" slack="0"/>
<pin id="2659" dir="0" index="1" bw="576" slack="0"/>
<pin id="2660" dir="0" index="2" bw="9" slack="0"/>
<pin id="2661" dir="1" index="3" bw="1" slack="0"/>
</pin_list>
<bind>
<opcode="bitselect(1000) " fcode="bitselect"/>
<opset="tmp_64/1 "/>
</bind>
</comp>

<comp id="2665" class="1004" name="trunc_ln52_12_fu_2665">
<pin_list>
<pin id="2666" dir="0" index="0" bw="6" slack="0"/>
<pin id="2667" dir="0" index="1" bw="576" slack="0"/>
<pin id="2668" dir="0" index="2" bw="9" slack="0"/>
<pin id="2669" dir="0" index="3" bw="9" slack="0"/>
<pin id="2670" dir="1" index="4" bw="6" slack="0"/>
</pin_list>
<bind>
<opcode="partselect(1002) " fcode="partselect"/>
<opset="trunc_ln52_12/1 "/>
</bind>
</comp>

<comp id="2675" class="1004" name="tmp_65_fu_2675">
<pin_list>
<pin id="2676" dir="0" index="0" bw="1" slack="0"/>
<pin id="2677" dir="0" index="1" bw="576" slack="0"/>
<pin id="2678" dir="0" index="2" bw="9" slack="0"/>
<pin id="2679" dir="1" index="3" bw="1" slack="0"/>
</pin_list>
<bind>
<opcode="bitselect(1000) " fcode="bitselect"/>
<opset="tmp_65/1 "/>
</bind>
</comp>

<comp id="2683" class="1004" name="tmp_66_fu_2683">
<pin_list>
<pin id="2684" dir="0" index="0" bw="1" slack="0"/>
<pin id="2685" dir="0" index="1" bw="576" slack="0"/>
<pin id="2686" dir="0" index="2" bw="9" slack="0"/>
<pin id="2687" dir="1" index="3" bw="1" slack="0"/>
</pin_list>
<bind>
<opcode="bitselect(1000) " fcode="bitselect"/>
<opset="tmp_66/1 "/>
</bind>
</comp>

<comp id="2691" class="1004" name="zext_ln52_13_fu_2691">
<pin_list>
<pin id="2692" dir="0" index="0" bw="1" slack="0"/>
<pin id="2693" dir="1" index="1" bw="6" slack="0"/>
</pin_list>
<bind>
<opcode="zext(34) " fcode="zext"/>
<opset="zext_ln52_13/1 "/>
</bind>
</comp>

<comp id="2695" class="1004" name="add_ln52_13_fu_2695">
<pin_list>
<pin id="2696" dir="0" index="0" bw="6" slack="0"/>
<pin id="2697" dir="0" index="1" bw="1" slack="0"/>
<pin id="2698" dir="1" index="2" bw="6" slack="0"/>
</pin_list>
<bind>
<opcode="add(8) " fcode="add"/>
<opset="add_ln52_13/1 "/>
</bind>
</comp>

<comp id="2701" class="1004" name="tmp_67_fu_2701">
<pin_list>
<pin id="2702" dir="0" index="0" bw="1" slack="0"/>
<pin id="2703" dir="0" index="1" bw="6" slack="0"/>
<pin id="2704" dir="0" index="2" bw="4" slack="0"/>
<pin id="2705" dir="1" index="3" bw="1" slack="0"/>
</pin_list>
<bind>
<opcode="bitselect(1000) " fcode="bitselect"/>
<opset="tmp_67/1 "/>
</bind>
</comp>

<comp id="2709" class="1004" name="tmp_68_fu_2709">
<pin_list>
<pin id="2710" dir="0" index="0" bw="10" slack="0"/>
<pin id="2711" dir="0" index="1" bw="576" slack="0"/>
<pin id="2712" dir="0" index="2" bw="9" slack="0"/>
<pin id="2713" dir="0" index="3" bw="9" slack="0"/>
<pin id="2714" dir="1" index="4" bw="10" slack="0"/>
</pin_list>
<bind>
<opcode="partselect(1002) " fcode="partselect"/>
<opset="tmp_68/1 "/>
</bind>
</comp>

<comp id="2719" class="1004" name="icmp_ln52_13_fu_2719">
<pin_list>
<pin id="2720" dir="0" index="0" bw="10" slack="0"/>
<pin id="2721" dir="0" index="1" bw="10" slack="0"/>
<pin id="2722" dir="1" index="2" bw="1" slack="0"/>
</pin_list>
<bind>
<opcode="icmp(45) " fcode="icmp"/>
<opset="icmp_ln52_13/1 "/>
</bind>
</comp>

<comp id="2725" class="1004" name="xor_ln52_39_fu_2725">
<pin_list>
<pin id="2726" dir="0" index="0" bw="1" slack="0"/>
<pin id="2727" dir="0" index="1" bw="1" slack="0"/>
<pin id="2728" dir="1" index="2" bw="1" slack="0"/>
</pin_list>
<bind>
<opcode="xor(25) " fcode="xor"/>
<opset="xor_ln52_39/1 "/>
</bind>
</comp>

<comp id="2731" class="1004" name="or_ln52_39_fu_2731">
<pin_list>
<pin id="2732" dir="0" index="0" bw="1" slack="0"/>
<pin id="2733" dir="0" index="1" bw="1" slack="0"/>
<pin id="2734" dir="1" index="2" bw="1" slack="0"/>
</pin_list>
<bind>
<opcode="or(24) " fcode="or"/>
<opset="or_ln52_39/1 "/>
</bind>
</comp>

<comp id="2737" class="1004" name="and_ln52_26_fu_2737">
<pin_list>
<pin id="2738" dir="0" index="0" bw="1" slack="0"/>
<pin id="2739" dir="0" index="1" bw="1" slack="0"/>
<pin id="2740" dir="1" index="2" bw="1" slack="0"/>
</pin_list>
<bind>
<opcode="and(23) " fcode="and"/>
<opset="and_ln52_26/1 "/>
</bind>
</comp>

<comp id="2743" class="1004" name="xor_ln52_40_fu_2743">
<pin_list>
<pin id="2744" dir="0" index="0" bw="1" slack="0"/>
<pin id="2745" dir="0" index="1" bw="1" slack="0"/>
<pin id="2746" dir="1" index="2" bw="1" slack="0"/>
</pin_list>
<bind>
<opcode="xor(25) " fcode="xor"/>
<opset="xor_ln52_40/1 "/>
</bind>
</comp>

<comp id="2749" class="1004" name="or_ln52_40_fu_2749">
<pin_list>
<pin id="2750" dir="0" index="0" bw="1" slack="0"/>
<pin id="2751" dir="0" index="1" bw="1" slack="0"/>
<pin id="2752" dir="1" index="2" bw="1" slack="0"/>
</pin_list>
<bind>
<opcode="or(24) " fcode="or"/>
<opset="or_ln52_40/1 "/>
</bind>
</comp>

<comp id="2755" class="1004" name="xor_ln52_41_fu_2755">
<pin_list>
<pin id="2756" dir="0" index="0" bw="1" slack="0"/>
<pin id="2757" dir="0" index="1" bw="1" slack="0"/>
<pin id="2758" dir="1" index="2" bw="1" slack="0"/>
</pin_list>
<bind>
<opcode="xor(25) " fcode="xor"/>
<opset="xor_ln52_41/1 "/>
</bind>
</comp>

<comp id="2761" class="1004" name="and_ln52_27_fu_2761">
<pin_list>
<pin id="2762" dir="0" index="0" bw="1" slack="0"/>
<pin id="2763" dir="0" index="1" bw="1" slack="0"/>
<pin id="2764" dir="1" index="2" bw="1" slack="0"/>
</pin_list>
<bind>
<opcode="and(23) " fcode="and"/>
<opset="and_ln52_27/1 "/>
</bind>
</comp>

<comp id="2767" class="1004" name="select_ln52_26_fu_2767">
<pin_list>
<pin id="2768" dir="0" index="0" bw="1" slack="0"/>
<pin id="2769" dir="0" index="1" bw="6" slack="0"/>
<pin id="2770" dir="0" index="2" bw="6" slack="0"/>
<pin id="2771" dir="1" index="3" bw="6" slack="0"/>
</pin_list>
<bind>
<opcode="select(49) " fcode="select"/>
<opset="select_ln52_26/1 "/>
</bind>
</comp>

<comp id="2775" class="1004" name="or_ln52_41_fu_2775">
<pin_list>
<pin id="2776" dir="0" index="0" bw="1" slack="0"/>
<pin id="2777" dir="0" index="1" bw="1" slack="0"/>
<pin id="2778" dir="1" index="2" bw="1" slack="0"/>
</pin_list>
<bind>
<opcode="or(24) " fcode="or"/>
<opset="or_ln52_41/1 "/>
</bind>
</comp>

<comp id="2781" class="1004" name="select_ln52_27_fu_2781">
<pin_list>
<pin id="2782" dir="0" index="0" bw="1" slack="0"/>
<pin id="2783" dir="0" index="1" bw="6" slack="0"/>
<pin id="2784" dir="0" index="2" bw="6" slack="0"/>
<pin id="2785" dir="1" index="3" bw="6" slack="0"/>
</pin_list>
<bind>
<opcode="select(49) " fcode="select"/>
<opset="select_ln52_27/1 "/>
</bind>
</comp>

<comp id="2789" class="1004" name="out_data_0_13_0_0_0_load_fu_2789">
<pin_list>
<pin id="2790" dir="0" index="0" bw="1" slack="0"/>
<pin id="2791" dir="0" index="1" bw="6" slack="0"/>
<pin id="2792" dir="0" index="2" bw="6" slack="0"/>
<pin id="2793" dir="1" index="3" bw="6" slack="0"/>
</pin_list>
<bind>
<opcode="select(49) " fcode="select"/>
<opset="out_data_0_13_0_0_0_load/1 "/>
</bind>
</comp>

<comp id="2797" class="1004" name="icmp_ln51_14_fu_2797">
<pin_list>
<pin id="2798" dir="0" index="0" bw="18" slack="0"/>
<pin id="2799" dir="0" index="1" bw="18" slack="0"/>
<pin id="2800" dir="1" index="2" bw="1" slack="0"/>
</pin_list>
<bind>
<opcode="icmp(45) " fcode="icmp"/>
<opset="icmp_ln51_14/1 "/>
</bind>
</comp>

<comp id="2803" class="1004" name="tmp_69_fu_2803">
<pin_list>
<pin id="2804" dir="0" index="0" bw="1" slack="0"/>
<pin id="2805" dir="0" index="1" bw="576" slack="0"/>
<pin id="2806" dir="0" index="2" bw="10" slack="0"/>
<pin id="2807" dir="1" index="3" bw="1" slack="0"/>
</pin_list>
<bind>
<opcode="bitselect(1000) " fcode="bitselect"/>
<opset="tmp_69/1 "/>
</bind>
</comp>

<comp id="2811" class="1004" name="trunc_ln52_13_fu_2811">
<pin_list>
<pin id="2812" dir="0" index="0" bw="6" slack="0"/>
<pin id="2813" dir="0" index="1" bw="576" slack="0"/>
<pin id="2814" dir="0" index="2" bw="9" slack="0"/>
<pin id="2815" dir="0" index="3" bw="10" slack="0"/>
<pin id="2816" dir="1" index="4" bw="6" slack="0"/>
</pin_list>
<bind>
<opcode="partselect(1002) " fcode="partselect"/>
<opset="trunc_ln52_13/1 "/>
</bind>
</comp>

<comp id="2821" class="1004" name="tmp_70_fu_2821">
<pin_list>
<pin id="2822" dir="0" index="0" bw="1" slack="0"/>
<pin id="2823" dir="0" index="1" bw="576" slack="0"/>
<pin id="2824" dir="0" index="2" bw="9" slack="0"/>
<pin id="2825" dir="1" index="3" bw="1" slack="0"/>
</pin_list>
<bind>
<opcode="bitselect(1000) " fcode="bitselect"/>
<opset="tmp_70/1 "/>
</bind>
</comp>

<comp id="2829" class="1004" name="tmp_71_fu_2829">
<pin_list>
<pin id="2830" dir="0" index="0" bw="1" slack="0"/>
<pin id="2831" dir="0" index="1" bw="576" slack="0"/>
<pin id="2832" dir="0" index="2" bw="10" slack="0"/>
<pin id="2833" dir="1" index="3" bw="1" slack="0"/>
</pin_list>
<bind>
<opcode="bitselect(1000) " fcode="bitselect"/>
<opset="tmp_71/1 "/>
</bind>
</comp>

<comp id="2837" class="1004" name="zext_ln52_14_fu_2837">
<pin_list>
<pin id="2838" dir="0" index="0" bw="1" slack="0"/>
<pin id="2839" dir="1" index="1" bw="6" slack="0"/>
</pin_list>
<bind>
<opcode="zext(34) " fcode="zext"/>
<opset="zext_ln52_14/1 "/>
</bind>
</comp>

<comp id="2841" class="1004" name="add_ln52_14_fu_2841">
<pin_list>
<pin id="2842" dir="0" index="0" bw="6" slack="0"/>
<pin id="2843" dir="0" index="1" bw="1" slack="0"/>
<pin id="2844" dir="1" index="2" bw="6" slack="0"/>
</pin_list>
<bind>
<opcode="add(8) " fcode="add"/>
<opset="add_ln52_14/1 "/>
</bind>
</comp>

<comp id="2847" class="1004" name="tmp_72_fu_2847">
<pin_list>
<pin id="2848" dir="0" index="0" bw="1" slack="0"/>
<pin id="2849" dir="0" index="1" bw="6" slack="0"/>
<pin id="2850" dir="0" index="2" bw="4" slack="0"/>
<pin id="2851" dir="1" index="3" bw="1" slack="0"/>
</pin_list>
<bind>
<opcode="bitselect(1000) " fcode="bitselect"/>
<opset="tmp_72/1 "/>
</bind>
</comp>

<comp id="2855" class="1004" name="tmp_73_fu_2855">
<pin_list>
<pin id="2856" dir="0" index="0" bw="10" slack="0"/>
<pin id="2857" dir="0" index="1" bw="576" slack="0"/>
<pin id="2858" dir="0" index="2" bw="10" slack="0"/>
<pin id="2859" dir="0" index="3" bw="10" slack="0"/>
<pin id="2860" dir="1" index="4" bw="10" slack="0"/>
</pin_list>
<bind>
<opcode="partselect(1002) " fcode="partselect"/>
<opset="tmp_73/1 "/>
</bind>
</comp>

<comp id="2865" class="1004" name="icmp_ln52_14_fu_2865">
<pin_list>
<pin id="2866" dir="0" index="0" bw="10" slack="0"/>
<pin id="2867" dir="0" index="1" bw="10" slack="0"/>
<pin id="2868" dir="1" index="2" bw="1" slack="0"/>
</pin_list>
<bind>
<opcode="icmp(45) " fcode="icmp"/>
<opset="icmp_ln52_14/1 "/>
</bind>
</comp>

<comp id="2871" class="1004" name="xor_ln52_42_fu_2871">
<pin_list>
<pin id="2872" dir="0" index="0" bw="1" slack="0"/>
<pin id="2873" dir="0" index="1" bw="1" slack="0"/>
<pin id="2874" dir="1" index="2" bw="1" slack="0"/>
</pin_list>
<bind>
<opcode="xor(25) " fcode="xor"/>
<opset="xor_ln52_42/1 "/>
</bind>
</comp>

<comp id="2877" class="1004" name="or_ln52_42_fu_2877">
<pin_list>
<pin id="2878" dir="0" index="0" bw="1" slack="0"/>
<pin id="2879" dir="0" index="1" bw="1" slack="0"/>
<pin id="2880" dir="1" index="2" bw="1" slack="0"/>
</pin_list>
<bind>
<opcode="or(24) " fcode="or"/>
<opset="or_ln52_42/1 "/>
</bind>
</comp>

<comp id="2883" class="1004" name="and_ln52_28_fu_2883">
<pin_list>
<pin id="2884" dir="0" index="0" bw="1" slack="0"/>
<pin id="2885" dir="0" index="1" bw="1" slack="0"/>
<pin id="2886" dir="1" index="2" bw="1" slack="0"/>
</pin_list>
<bind>
<opcode="and(23) " fcode="and"/>
<opset="and_ln52_28/1 "/>
</bind>
</comp>

<comp id="2889" class="1004" name="xor_ln52_43_fu_2889">
<pin_list>
<pin id="2890" dir="0" index="0" bw="1" slack="0"/>
<pin id="2891" dir="0" index="1" bw="1" slack="0"/>
<pin id="2892" dir="1" index="2" bw="1" slack="0"/>
</pin_list>
<bind>
<opcode="xor(25) " fcode="xor"/>
<opset="xor_ln52_43/1 "/>
</bind>
</comp>

<comp id="2895" class="1004" name="or_ln52_43_fu_2895">
<pin_list>
<pin id="2896" dir="0" index="0" bw="1" slack="0"/>
<pin id="2897" dir="0" index="1" bw="1" slack="0"/>
<pin id="2898" dir="1" index="2" bw="1" slack="0"/>
</pin_list>
<bind>
<opcode="or(24) " fcode="or"/>
<opset="or_ln52_43/1 "/>
</bind>
</comp>

<comp id="2901" class="1004" name="xor_ln52_44_fu_2901">
<pin_list>
<pin id="2902" dir="0" index="0" bw="1" slack="0"/>
<pin id="2903" dir="0" index="1" bw="1" slack="0"/>
<pin id="2904" dir="1" index="2" bw="1" slack="0"/>
</pin_list>
<bind>
<opcode="xor(25) " fcode="xor"/>
<opset="xor_ln52_44/1 "/>
</bind>
</comp>

<comp id="2907" class="1004" name="and_ln52_29_fu_2907">
<pin_list>
<pin id="2908" dir="0" index="0" bw="1" slack="0"/>
<pin id="2909" dir="0" index="1" bw="1" slack="0"/>
<pin id="2910" dir="1" index="2" bw="1" slack="0"/>
</pin_list>
<bind>
<opcode="and(23) " fcode="and"/>
<opset="and_ln52_29/1 "/>
</bind>
</comp>

<comp id="2913" class="1004" name="select_ln52_28_fu_2913">
<pin_list>
<pin id="2914" dir="0" index="0" bw="1" slack="0"/>
<pin id="2915" dir="0" index="1" bw="6" slack="0"/>
<pin id="2916" dir="0" index="2" bw="6" slack="0"/>
<pin id="2917" dir="1" index="3" bw="6" slack="0"/>
</pin_list>
<bind>
<opcode="select(49) " fcode="select"/>
<opset="select_ln52_28/1 "/>
</bind>
</comp>

<comp id="2921" class="1004" name="or_ln52_44_fu_2921">
<pin_list>
<pin id="2922" dir="0" index="0" bw="1" slack="0"/>
<pin id="2923" dir="0" index="1" bw="1" slack="0"/>
<pin id="2924" dir="1" index="2" bw="1" slack="0"/>
</pin_list>
<bind>
<opcode="or(24) " fcode="or"/>
<opset="or_ln52_44/1 "/>
</bind>
</comp>

<comp id="2927" class="1004" name="select_ln52_29_fu_2927">
<pin_list>
<pin id="2928" dir="0" index="0" bw="1" slack="0"/>
<pin id="2929" dir="0" index="1" bw="6" slack="0"/>
<pin id="2930" dir="0" index="2" bw="6" slack="0"/>
<pin id="2931" dir="1" index="3" bw="6" slack="0"/>
</pin_list>
<bind>
<opcode="select(49) " fcode="select"/>
<opset="select_ln52_29/1 "/>
</bind>
</comp>

<comp id="2935" class="1004" name="out_data_0_14_0_0_0_load_fu_2935">
<pin_list>
<pin id="2936" dir="0" index="0" bw="1" slack="0"/>
<pin id="2937" dir="0" index="1" bw="6" slack="0"/>
<pin id="2938" dir="0" index="2" bw="6" slack="0"/>
<pin id="2939" dir="1" index="3" bw="6" slack="0"/>
</pin_list>
<bind>
<opcode="select(49) " fcode="select"/>
<opset="out_data_0_14_0_0_0_load/1 "/>
</bind>
</comp>

<comp id="2943" class="1004" name="icmp_ln51_15_fu_2943">
<pin_list>
<pin id="2944" dir="0" index="0" bw="18" slack="0"/>
<pin id="2945" dir="0" index="1" bw="18" slack="0"/>
<pin id="2946" dir="1" index="2" bw="1" slack="0"/>
</pin_list>
<bind>
<opcode="icmp(45) " fcode="icmp"/>
<opset="icmp_ln51_15/1 "/>
</bind>
</comp>

<comp id="2949" class="1004" name="tmp_74_fu_2949">
<pin_list>
<pin id="2950" dir="0" index="0" bw="1" slack="0"/>
<pin id="2951" dir="0" index="1" bw="576" slack="0"/>
<pin id="2952" dir="0" index="2" bw="10" slack="0"/>
<pin id="2953" dir="1" index="3" bw="1" slack="0"/>
</pin_list>
<bind>
<opcode="bitselect(1000) " fcode="bitselect"/>
<opset="tmp_74/1 "/>
</bind>
</comp>

<comp id="2957" class="1004" name="trunc_ln52_14_fu_2957">
<pin_list>
<pin id="2958" dir="0" index="0" bw="6" slack="0"/>
<pin id="2959" dir="0" index="1" bw="576" slack="0"/>
<pin id="2960" dir="0" index="2" bw="10" slack="0"/>
<pin id="2961" dir="0" index="3" bw="10" slack="0"/>
<pin id="2962" dir="1" index="4" bw="6" slack="0"/>
</pin_list>
<bind>
<opcode="partselect(1002) " fcode="partselect"/>
<opset="trunc_ln52_14/1 "/>
</bind>
</comp>

<comp id="2967" class="1004" name="tmp_75_fu_2967">
<pin_list>
<pin id="2968" dir="0" index="0" bw="1" slack="0"/>
<pin id="2969" dir="0" index="1" bw="576" slack="0"/>
<pin id="2970" dir="0" index="2" bw="10" slack="0"/>
<pin id="2971" dir="1" index="3" bw="1" slack="0"/>
</pin_list>
<bind>
<opcode="bitselect(1000) " fcode="bitselect"/>
<opset="tmp_75/1 "/>
</bind>
</comp>

<comp id="2975" class="1004" name="tmp_76_fu_2975">
<pin_list>
<pin id="2976" dir="0" index="0" bw="1" slack="0"/>
<pin id="2977" dir="0" index="1" bw="576" slack="0"/>
<pin id="2978" dir="0" index="2" bw="10" slack="0"/>
<pin id="2979" dir="1" index="3" bw="1" slack="0"/>
</pin_list>
<bind>
<opcode="bitselect(1000) " fcode="bitselect"/>
<opset="tmp_76/1 "/>
</bind>
</comp>

<comp id="2983" class="1004" name="zext_ln52_15_fu_2983">
<pin_list>
<pin id="2984" dir="0" index="0" bw="1" slack="0"/>
<pin id="2985" dir="1" index="1" bw="6" slack="0"/>
</pin_list>
<bind>
<opcode="zext(34) " fcode="zext"/>
<opset="zext_ln52_15/1 "/>
</bind>
</comp>

<comp id="2987" class="1004" name="add_ln52_15_fu_2987">
<pin_list>
<pin id="2988" dir="0" index="0" bw="6" slack="0"/>
<pin id="2989" dir="0" index="1" bw="1" slack="0"/>
<pin id="2990" dir="1" index="2" bw="6" slack="0"/>
</pin_list>
<bind>
<opcode="add(8) " fcode="add"/>
<opset="add_ln52_15/1 "/>
</bind>
</comp>

<comp id="2993" class="1004" name="tmp_77_fu_2993">
<pin_list>
<pin id="2994" dir="0" index="0" bw="1" slack="0"/>
<pin id="2995" dir="0" index="1" bw="6" slack="0"/>
<pin id="2996" dir="0" index="2" bw="4" slack="0"/>
<pin id="2997" dir="1" index="3" bw="1" slack="0"/>
</pin_list>
<bind>
<opcode="bitselect(1000) " fcode="bitselect"/>
<opset="tmp_77/1 "/>
</bind>
</comp>

<comp id="3001" class="1004" name="tmp_78_fu_3001">
<pin_list>
<pin id="3002" dir="0" index="0" bw="10" slack="0"/>
<pin id="3003" dir="0" index="1" bw="576" slack="0"/>
<pin id="3004" dir="0" index="2" bw="10" slack="0"/>
<pin id="3005" dir="0" index="3" bw="10" slack="0"/>
<pin id="3006" dir="1" index="4" bw="10" slack="0"/>
</pin_list>
<bind>
<opcode="partselect(1002) " fcode="partselect"/>
<opset="tmp_78/1 "/>
</bind>
</comp>

<comp id="3011" class="1004" name="icmp_ln52_15_fu_3011">
<pin_list>
<pin id="3012" dir="0" index="0" bw="10" slack="0"/>
<pin id="3013" dir="0" index="1" bw="10" slack="0"/>
<pin id="3014" dir="1" index="2" bw="1" slack="0"/>
</pin_list>
<bind>
<opcode="icmp(45) " fcode="icmp"/>
<opset="icmp_ln52_15/1 "/>
</bind>
</comp>

<comp id="3017" class="1004" name="xor_ln52_45_fu_3017">
<pin_list>
<pin id="3018" dir="0" index="0" bw="1" slack="0"/>
<pin id="3019" dir="0" index="1" bw="1" slack="0"/>
<pin id="3020" dir="1" index="2" bw="1" slack="0"/>
</pin_list>
<bind>
<opcode="xor(25) " fcode="xor"/>
<opset="xor_ln52_45/1 "/>
</bind>
</comp>

<comp id="3023" class="1004" name="or_ln52_45_fu_3023">
<pin_list>
<pin id="3024" dir="0" index="0" bw="1" slack="0"/>
<pin id="3025" dir="0" index="1" bw="1" slack="0"/>
<pin id="3026" dir="1" index="2" bw="1" slack="0"/>
</pin_list>
<bind>
<opcode="or(24) " fcode="or"/>
<opset="or_ln52_45/1 "/>
</bind>
</comp>

<comp id="3029" class="1004" name="and_ln52_30_fu_3029">
<pin_list>
<pin id="3030" dir="0" index="0" bw="1" slack="0"/>
<pin id="3031" dir="0" index="1" bw="1" slack="0"/>
<pin id="3032" dir="1" index="2" bw="1" slack="0"/>
</pin_list>
<bind>
<opcode="and(23) " fcode="and"/>
<opset="and_ln52_30/1 "/>
</bind>
</comp>

<comp id="3035" class="1004" name="xor_ln52_46_fu_3035">
<pin_list>
<pin id="3036" dir="0" index="0" bw="1" slack="0"/>
<pin id="3037" dir="0" index="1" bw="1" slack="0"/>
<pin id="3038" dir="1" index="2" bw="1" slack="0"/>
</pin_list>
<bind>
<opcode="xor(25) " fcode="xor"/>
<opset="xor_ln52_46/1 "/>
</bind>
</comp>

<comp id="3041" class="1004" name="or_ln52_46_fu_3041">
<pin_list>
<pin id="3042" dir="0" index="0" bw="1" slack="0"/>
<pin id="3043" dir="0" index="1" bw="1" slack="0"/>
<pin id="3044" dir="1" index="2" bw="1" slack="0"/>
</pin_list>
<bind>
<opcode="or(24) " fcode="or"/>
<opset="or_ln52_46/1 "/>
</bind>
</comp>

<comp id="3047" class="1004" name="xor_ln52_47_fu_3047">
<pin_list>
<pin id="3048" dir="0" index="0" bw="1" slack="0"/>
<pin id="3049" dir="0" index="1" bw="1" slack="0"/>
<pin id="3050" dir="1" index="2" bw="1" slack="0"/>
</pin_list>
<bind>
<opcode="xor(25) " fcode="xor"/>
<opset="xor_ln52_47/1 "/>
</bind>
</comp>

<comp id="3053" class="1004" name="and_ln52_31_fu_3053">
<pin_list>
<pin id="3054" dir="0" index="0" bw="1" slack="0"/>
<pin id="3055" dir="0" index="1" bw="1" slack="0"/>
<pin id="3056" dir="1" index="2" bw="1" slack="0"/>
</pin_list>
<bind>
<opcode="and(23) " fcode="and"/>
<opset="and_ln52_31/1 "/>
</bind>
</comp>

<comp id="3059" class="1004" name="select_ln52_30_fu_3059">
<pin_list>
<pin id="3060" dir="0" index="0" bw="1" slack="0"/>
<pin id="3061" dir="0" index="1" bw="6" slack="0"/>
<pin id="3062" dir="0" index="2" bw="6" slack="0"/>
<pin id="3063" dir="1" index="3" bw="6" slack="0"/>
</pin_list>
<bind>
<opcode="select(49) " fcode="select"/>
<opset="select_ln52_30/1 "/>
</bind>
</comp>

<comp id="3067" class="1004" name="or_ln52_47_fu_3067">
<pin_list>
<pin id="3068" dir="0" index="0" bw="1" slack="0"/>
<pin id="3069" dir="0" index="1" bw="1" slack="0"/>
<pin id="3070" dir="1" index="2" bw="1" slack="0"/>
</pin_list>
<bind>
<opcode="or(24) " fcode="or"/>
<opset="or_ln52_47/1 "/>
</bind>
</comp>

<comp id="3073" class="1004" name="select_ln52_31_fu_3073">
<pin_list>
<pin id="3074" dir="0" index="0" bw="1" slack="0"/>
<pin id="3075" dir="0" index="1" bw="6" slack="0"/>
<pin id="3076" dir="0" index="2" bw="6" slack="0"/>
<pin id="3077" dir="1" index="3" bw="6" slack="0"/>
</pin_list>
<bind>
<opcode="select(49) " fcode="select"/>
<opset="select_ln52_31/1 "/>
</bind>
</comp>

<comp id="3081" class="1004" name="out_data_0_15_0_0_0_load_fu_3081">
<pin_list>
<pin id="3082" dir="0" index="0" bw="1" slack="0"/>
<pin id="3083" dir="0" index="1" bw="6" slack="0"/>
<pin id="3084" dir="0" index="2" bw="6" slack="0"/>
<pin id="3085" dir="1" index="3" bw="6" slack="0"/>
</pin_list>
<bind>
<opcode="select(49) " fcode="select"/>
<opset="out_data_0_15_0_0_0_load/1 "/>
</bind>
</comp>

<comp id="3089" class="1004" name="icmp_ln51_16_fu_3089">
<pin_list>
<pin id="3090" dir="0" index="0" bw="18" slack="0"/>
<pin id="3091" dir="0" index="1" bw="18" slack="0"/>
<pin id="3092" dir="1" index="2" bw="1" slack="0"/>
</pin_list>
<bind>
<opcode="icmp(45) " fcode="icmp"/>
<opset="icmp_ln51_16/1 "/>
</bind>
</comp>

<comp id="3095" class="1004" name="tmp_79_fu_3095">
<pin_list>
<pin id="3096" dir="0" index="0" bw="1" slack="0"/>
<pin id="3097" dir="0" index="1" bw="576" slack="0"/>
<pin id="3098" dir="0" index="2" bw="10" slack="0"/>
<pin id="3099" dir="1" index="3" bw="1" slack="0"/>
</pin_list>
<bind>
<opcode="bitselect(1000) " fcode="bitselect"/>
<opset="tmp_79/1 "/>
</bind>
</comp>

<comp id="3103" class="1004" name="trunc_ln52_15_fu_3103">
<pin_list>
<pin id="3104" dir="0" index="0" bw="6" slack="0"/>
<pin id="3105" dir="0" index="1" bw="576" slack="0"/>
<pin id="3106" dir="0" index="2" bw="10" slack="0"/>
<pin id="3107" dir="0" index="3" bw="10" slack="0"/>
<pin id="3108" dir="1" index="4" bw="6" slack="0"/>
</pin_list>
<bind>
<opcode="partselect(1002) " fcode="partselect"/>
<opset="trunc_ln52_15/1 "/>
</bind>
</comp>

<comp id="3113" class="1004" name="tmp_80_fu_3113">
<pin_list>
<pin id="3114" dir="0" index="0" bw="1" slack="0"/>
<pin id="3115" dir="0" index="1" bw="576" slack="0"/>
<pin id="3116" dir="0" index="2" bw="10" slack="0"/>
<pin id="3117" dir="1" index="3" bw="1" slack="0"/>
</pin_list>
<bind>
<opcode="bitselect(1000) " fcode="bitselect"/>
<opset="tmp_80/1 "/>
</bind>
</comp>

<comp id="3121" class="1004" name="tmp_81_fu_3121">
<pin_list>
<pin id="3122" dir="0" index="0" bw="1" slack="0"/>
<pin id="3123" dir="0" index="1" bw="576" slack="0"/>
<pin id="3124" dir="0" index="2" bw="10" slack="0"/>
<pin id="3125" dir="1" index="3" bw="1" slack="0"/>
</pin_list>
<bind>
<opcode="bitselect(1000) " fcode="bitselect"/>
<opset="tmp_81/1 "/>
</bind>
</comp>

<comp id="3129" class="1004" name="zext_ln52_16_fu_3129">
<pin_list>
<pin id="3130" dir="0" index="0" bw="1" slack="0"/>
<pin id="3131" dir="1" index="1" bw="6" slack="0"/>
</pin_list>
<bind>
<opcode="zext(34) " fcode="zext"/>
<opset="zext_ln52_16/1 "/>
</bind>
</comp>

<comp id="3133" class="1004" name="add_ln52_16_fu_3133">
<pin_list>
<pin id="3134" dir="0" index="0" bw="6" slack="0"/>
<pin id="3135" dir="0" index="1" bw="1" slack="0"/>
<pin id="3136" dir="1" index="2" bw="6" slack="0"/>
</pin_list>
<bind>
<opcode="add(8) " fcode="add"/>
<opset="add_ln52_16/1 "/>
</bind>
</comp>

<comp id="3139" class="1004" name="tmp_82_fu_3139">
<pin_list>
<pin id="3140" dir="0" index="0" bw="1" slack="0"/>
<pin id="3141" dir="0" index="1" bw="6" slack="0"/>
<pin id="3142" dir="0" index="2" bw="4" slack="0"/>
<pin id="3143" dir="1" index="3" bw="1" slack="0"/>
</pin_list>
<bind>
<opcode="bitselect(1000) " fcode="bitselect"/>
<opset="tmp_82/1 "/>
</bind>
</comp>

<comp id="3147" class="1004" name="tmp_83_fu_3147">
<pin_list>
<pin id="3148" dir="0" index="0" bw="10" slack="0"/>
<pin id="3149" dir="0" index="1" bw="576" slack="0"/>
<pin id="3150" dir="0" index="2" bw="10" slack="0"/>
<pin id="3151" dir="0" index="3" bw="10" slack="0"/>
<pin id="3152" dir="1" index="4" bw="10" slack="0"/>
</pin_list>
<bind>
<opcode="partselect(1002) " fcode="partselect"/>
<opset="tmp_83/1 "/>
</bind>
</comp>

<comp id="3157" class="1004" name="icmp_ln52_16_fu_3157">
<pin_list>
<pin id="3158" dir="0" index="0" bw="10" slack="0"/>
<pin id="3159" dir="0" index="1" bw="10" slack="0"/>
<pin id="3160" dir="1" index="2" bw="1" slack="0"/>
</pin_list>
<bind>
<opcode="icmp(45) " fcode="icmp"/>
<opset="icmp_ln52_16/1 "/>
</bind>
</comp>

<comp id="3163" class="1004" name="xor_ln52_48_fu_3163">
<pin_list>
<pin id="3164" dir="0" index="0" bw="1" slack="0"/>
<pin id="3165" dir="0" index="1" bw="1" slack="0"/>
<pin id="3166" dir="1" index="2" bw="1" slack="0"/>
</pin_list>
<bind>
<opcode="xor(25) " fcode="xor"/>
<opset="xor_ln52_48/1 "/>
</bind>
</comp>

<comp id="3169" class="1004" name="or_ln52_48_fu_3169">
<pin_list>
<pin id="3170" dir="0" index="0" bw="1" slack="0"/>
<pin id="3171" dir="0" index="1" bw="1" slack="0"/>
<pin id="3172" dir="1" index="2" bw="1" slack="0"/>
</pin_list>
<bind>
<opcode="or(24) " fcode="or"/>
<opset="or_ln52_48/1 "/>
</bind>
</comp>

<comp id="3175" class="1004" name="and_ln52_32_fu_3175">
<pin_list>
<pin id="3176" dir="0" index="0" bw="1" slack="0"/>
<pin id="3177" dir="0" index="1" bw="1" slack="0"/>
<pin id="3178" dir="1" index="2" bw="1" slack="0"/>
</pin_list>
<bind>
<opcode="and(23) " fcode="and"/>
<opset="and_ln52_32/1 "/>
</bind>
</comp>

<comp id="3181" class="1004" name="xor_ln52_49_fu_3181">
<pin_list>
<pin id="3182" dir="0" index="0" bw="1" slack="0"/>
<pin id="3183" dir="0" index="1" bw="1" slack="0"/>
<pin id="3184" dir="1" index="2" bw="1" slack="0"/>
</pin_list>
<bind>
<opcode="xor(25) " fcode="xor"/>
<opset="xor_ln52_49/1 "/>
</bind>
</comp>

<comp id="3187" class="1004" name="or_ln52_49_fu_3187">
<pin_list>
<pin id="3188" dir="0" index="0" bw="1" slack="0"/>
<pin id="3189" dir="0" index="1" bw="1" slack="0"/>
<pin id="3190" dir="1" index="2" bw="1" slack="0"/>
</pin_list>
<bind>
<opcode="or(24) " fcode="or"/>
<opset="or_ln52_49/1 "/>
</bind>
</comp>

<comp id="3193" class="1004" name="xor_ln52_50_fu_3193">
<pin_list>
<pin id="3194" dir="0" index="0" bw="1" slack="0"/>
<pin id="3195" dir="0" index="1" bw="1" slack="0"/>
<pin id="3196" dir="1" index="2" bw="1" slack="0"/>
</pin_list>
<bind>
<opcode="xor(25) " fcode="xor"/>
<opset="xor_ln52_50/1 "/>
</bind>
</comp>

<comp id="3199" class="1004" name="and_ln52_33_fu_3199">
<pin_list>
<pin id="3200" dir="0" index="0" bw="1" slack="0"/>
<pin id="3201" dir="0" index="1" bw="1" slack="0"/>
<pin id="3202" dir="1" index="2" bw="1" slack="0"/>
</pin_list>
<bind>
<opcode="and(23) " fcode="and"/>
<opset="and_ln52_33/1 "/>
</bind>
</comp>

<comp id="3205" class="1004" name="select_ln52_32_fu_3205">
<pin_list>
<pin id="3206" dir="0" index="0" bw="1" slack="0"/>
<pin id="3207" dir="0" index="1" bw="6" slack="0"/>
<pin id="3208" dir="0" index="2" bw="6" slack="0"/>
<pin id="3209" dir="1" index="3" bw="6" slack="0"/>
</pin_list>
<bind>
<opcode="select(49) " fcode="select"/>
<opset="select_ln52_32/1 "/>
</bind>
</comp>

<comp id="3213" class="1004" name="or_ln52_50_fu_3213">
<pin_list>
<pin id="3214" dir="0" index="0" bw="1" slack="0"/>
<pin id="3215" dir="0" index="1" bw="1" slack="0"/>
<pin id="3216" dir="1" index="2" bw="1" slack="0"/>
</pin_list>
<bind>
<opcode="or(24) " fcode="or"/>
<opset="or_ln52_50/1 "/>
</bind>
</comp>

<comp id="3219" class="1004" name="select_ln52_33_fu_3219">
<pin_list>
<pin id="3220" dir="0" index="0" bw="1" slack="0"/>
<pin id="3221" dir="0" index="1" bw="6" slack="0"/>
<pin id="3222" dir="0" index="2" bw="6" slack="0"/>
<pin id="3223" dir="1" index="3" bw="6" slack="0"/>
</pin_list>
<bind>
<opcode="select(49) " fcode="select"/>
<opset="select_ln52_33/1 "/>
</bind>
</comp>

<comp id="3227" class="1004" name="out_data_0_16_0_0_0_load_fu_3227">
<pin_list>
<pin id="3228" dir="0" index="0" bw="1" slack="0"/>
<pin id="3229" dir="0" index="1" bw="6" slack="0"/>
<pin id="3230" dir="0" index="2" bw="6" slack="0"/>
<pin id="3231" dir="1" index="3" bw="6" slack="0"/>
</pin_list>
<bind>
<opcode="select(49) " fcode="select"/>
<opset="out_data_0_16_0_0_0_load/1 "/>
</bind>
</comp>

<comp id="3235" class="1004" name="icmp_ln51_17_fu_3235">
<pin_list>
<pin id="3236" dir="0" index="0" bw="18" slack="0"/>
<pin id="3237" dir="0" index="1" bw="18" slack="0"/>
<pin id="3238" dir="1" index="2" bw="1" slack="0"/>
</pin_list>
<bind>
<opcode="icmp(45) " fcode="icmp"/>
<opset="icmp_ln51_17/1 "/>
</bind>
</comp>

<comp id="3241" class="1004" name="tmp_84_fu_3241">
<pin_list>
<pin id="3242" dir="0" index="0" bw="1" slack="0"/>
<pin id="3243" dir="0" index="1" bw="576" slack="0"/>
<pin id="3244" dir="0" index="2" bw="10" slack="0"/>
<pin id="3245" dir="1" index="3" bw="1" slack="0"/>
</pin_list>
<bind>
<opcode="bitselect(1000) " fcode="bitselect"/>
<opset="tmp_84/1 "/>
</bind>
</comp>

<comp id="3249" class="1004" name="trunc_ln52_16_fu_3249">
<pin_list>
<pin id="3250" dir="0" index="0" bw="6" slack="0"/>
<pin id="3251" dir="0" index="1" bw="576" slack="0"/>
<pin id="3252" dir="0" index="2" bw="10" slack="0"/>
<pin id="3253" dir="0" index="3" bw="10" slack="0"/>
<pin id="3254" dir="1" index="4" bw="6" slack="0"/>
</pin_list>
<bind>
<opcode="partselect(1002) " fcode="partselect"/>
<opset="trunc_ln52_16/1 "/>
</bind>
</comp>

<comp id="3259" class="1004" name="tmp_85_fu_3259">
<pin_list>
<pin id="3260" dir="0" index="0" bw="1" slack="0"/>
<pin id="3261" dir="0" index="1" bw="576" slack="0"/>
<pin id="3262" dir="0" index="2" bw="10" slack="0"/>
<pin id="3263" dir="1" index="3" bw="1" slack="0"/>
</pin_list>
<bind>
<opcode="bitselect(1000) " fcode="bitselect"/>
<opset="tmp_85/1 "/>
</bind>
</comp>

<comp id="3267" class="1004" name="tmp_86_fu_3267">
<pin_list>
<pin id="3268" dir="0" index="0" bw="1" slack="0"/>
<pin id="3269" dir="0" index="1" bw="576" slack="0"/>
<pin id="3270" dir="0" index="2" bw="10" slack="0"/>
<pin id="3271" dir="1" index="3" bw="1" slack="0"/>
</pin_list>
<bind>
<opcode="bitselect(1000) " fcode="bitselect"/>
<opset="tmp_86/1 "/>
</bind>
</comp>

<comp id="3275" class="1004" name="zext_ln52_17_fu_3275">
<pin_list>
<pin id="3276" dir="0" index="0" bw="1" slack="0"/>
<pin id="3277" dir="1" index="1" bw="6" slack="0"/>
</pin_list>
<bind>
<opcode="zext(34) " fcode="zext"/>
<opset="zext_ln52_17/1 "/>
</bind>
</comp>

<comp id="3279" class="1004" name="add_ln52_17_fu_3279">
<pin_list>
<pin id="3280" dir="0" index="0" bw="6" slack="0"/>
<pin id="3281" dir="0" index="1" bw="1" slack="0"/>
<pin id="3282" dir="1" index="2" bw="6" slack="0"/>
</pin_list>
<bind>
<opcode="add(8) " fcode="add"/>
<opset="add_ln52_17/1 "/>
</bind>
</comp>

<comp id="3285" class="1004" name="tmp_87_fu_3285">
<pin_list>
<pin id="3286" dir="0" index="0" bw="1" slack="0"/>
<pin id="3287" dir="0" index="1" bw="6" slack="0"/>
<pin id="3288" dir="0" index="2" bw="4" slack="0"/>
<pin id="3289" dir="1" index="3" bw="1" slack="0"/>
</pin_list>
<bind>
<opcode="bitselect(1000) " fcode="bitselect"/>
<opset="tmp_87/1 "/>
</bind>
</comp>

<comp id="3293" class="1004" name="tmp_88_fu_3293">
<pin_list>
<pin id="3294" dir="0" index="0" bw="10" slack="0"/>
<pin id="3295" dir="0" index="1" bw="576" slack="0"/>
<pin id="3296" dir="0" index="2" bw="10" slack="0"/>
<pin id="3297" dir="0" index="3" bw="10" slack="0"/>
<pin id="3298" dir="1" index="4" bw="10" slack="0"/>
</pin_list>
<bind>
<opcode="partselect(1002) " fcode="partselect"/>
<opset="tmp_88/1 "/>
</bind>
</comp>

<comp id="3303" class="1004" name="icmp_ln52_17_fu_3303">
<pin_list>
<pin id="3304" dir="0" index="0" bw="10" slack="0"/>
<pin id="3305" dir="0" index="1" bw="10" slack="0"/>
<pin id="3306" dir="1" index="2" bw="1" slack="0"/>
</pin_list>
<bind>
<opcode="icmp(45) " fcode="icmp"/>
<opset="icmp_ln52_17/1 "/>
</bind>
</comp>

<comp id="3309" class="1004" name="xor_ln52_51_fu_3309">
<pin_list>
<pin id="3310" dir="0" index="0" bw="1" slack="0"/>
<pin id="3311" dir="0" index="1" bw="1" slack="0"/>
<pin id="3312" dir="1" index="2" bw="1" slack="0"/>
</pin_list>
<bind>
<opcode="xor(25) " fcode="xor"/>
<opset="xor_ln52_51/1 "/>
</bind>
</comp>

<comp id="3315" class="1004" name="or_ln52_51_fu_3315">
<pin_list>
<pin id="3316" dir="0" index="0" bw="1" slack="0"/>
<pin id="3317" dir="0" index="1" bw="1" slack="0"/>
<pin id="3318" dir="1" index="2" bw="1" slack="0"/>
</pin_list>
<bind>
<opcode="or(24) " fcode="or"/>
<opset="or_ln52_51/1 "/>
</bind>
</comp>

<comp id="3321" class="1004" name="and_ln52_34_fu_3321">
<pin_list>
<pin id="3322" dir="0" index="0" bw="1" slack="0"/>
<pin id="3323" dir="0" index="1" bw="1" slack="0"/>
<pin id="3324" dir="1" index="2" bw="1" slack="0"/>
</pin_list>
<bind>
<opcode="and(23) " fcode="and"/>
<opset="and_ln52_34/1 "/>
</bind>
</comp>

<comp id="3327" class="1004" name="xor_ln52_52_fu_3327">
<pin_list>
<pin id="3328" dir="0" index="0" bw="1" slack="0"/>
<pin id="3329" dir="0" index="1" bw="1" slack="0"/>
<pin id="3330" dir="1" index="2" bw="1" slack="0"/>
</pin_list>
<bind>
<opcode="xor(25) " fcode="xor"/>
<opset="xor_ln52_52/1 "/>
</bind>
</comp>

<comp id="3333" class="1004" name="or_ln52_52_fu_3333">
<pin_list>
<pin id="3334" dir="0" index="0" bw="1" slack="0"/>
<pin id="3335" dir="0" index="1" bw="1" slack="0"/>
<pin id="3336" dir="1" index="2" bw="1" slack="0"/>
</pin_list>
<bind>
<opcode="or(24) " fcode="or"/>
<opset="or_ln52_52/1 "/>
</bind>
</comp>

<comp id="3339" class="1004" name="xor_ln52_53_fu_3339">
<pin_list>
<pin id="3340" dir="0" index="0" bw="1" slack="0"/>
<pin id="3341" dir="0" index="1" bw="1" slack="0"/>
<pin id="3342" dir="1" index="2" bw="1" slack="0"/>
</pin_list>
<bind>
<opcode="xor(25) " fcode="xor"/>
<opset="xor_ln52_53/1 "/>
</bind>
</comp>

<comp id="3345" class="1004" name="and_ln52_35_fu_3345">
<pin_list>
<pin id="3346" dir="0" index="0" bw="1" slack="0"/>
<pin id="3347" dir="0" index="1" bw="1" slack="0"/>
<pin id="3348" dir="1" index="2" bw="1" slack="0"/>
</pin_list>
<bind>
<opcode="and(23) " fcode="and"/>
<opset="and_ln52_35/1 "/>
</bind>
</comp>

<comp id="3351" class="1004" name="select_ln52_34_fu_3351">
<pin_list>
<pin id="3352" dir="0" index="0" bw="1" slack="0"/>
<pin id="3353" dir="0" index="1" bw="6" slack="0"/>
<pin id="3354" dir="0" index="2" bw="6" slack="0"/>
<pin id="3355" dir="1" index="3" bw="6" slack="0"/>
</pin_list>
<bind>
<opcode="select(49) " fcode="select"/>
<opset="select_ln52_34/1 "/>
</bind>
</comp>

<comp id="3359" class="1004" name="or_ln52_53_fu_3359">
<pin_list>
<pin id="3360" dir="0" index="0" bw="1" slack="0"/>
<pin id="3361" dir="0" index="1" bw="1" slack="0"/>
<pin id="3362" dir="1" index="2" bw="1" slack="0"/>
</pin_list>
<bind>
<opcode="or(24) " fcode="or"/>
<opset="or_ln52_53/1 "/>
</bind>
</comp>

<comp id="3365" class="1004" name="select_ln52_35_fu_3365">
<pin_list>
<pin id="3366" dir="0" index="0" bw="1" slack="0"/>
<pin id="3367" dir="0" index="1" bw="6" slack="0"/>
<pin id="3368" dir="0" index="2" bw="6" slack="0"/>
<pin id="3369" dir="1" index="3" bw="6" slack="0"/>
</pin_list>
<bind>
<opcode="select(49) " fcode="select"/>
<opset="select_ln52_35/1 "/>
</bind>
</comp>

<comp id="3373" class="1004" name="out_data_0_17_0_0_0_load_fu_3373">
<pin_list>
<pin id="3374" dir="0" index="0" bw="1" slack="0"/>
<pin id="3375" dir="0" index="1" bw="6" slack="0"/>
<pin id="3376" dir="0" index="2" bw="6" slack="0"/>
<pin id="3377" dir="1" index="3" bw="6" slack="0"/>
</pin_list>
<bind>
<opcode="select(49) " fcode="select"/>
<opset="out_data_0_17_0_0_0_load/1 "/>
</bind>
</comp>

<comp id="3381" class="1004" name="icmp_ln51_18_fu_3381">
<pin_list>
<pin id="3382" dir="0" index="0" bw="18" slack="0"/>
<pin id="3383" dir="0" index="1" bw="18" slack="0"/>
<pin id="3384" dir="1" index="2" bw="1" slack="0"/>
</pin_list>
<bind>
<opcode="icmp(45) " fcode="icmp"/>
<opset="icmp_ln51_18/1 "/>
</bind>
</comp>

<comp id="3387" class="1004" name="tmp_89_fu_3387">
<pin_list>
<pin id="3388" dir="0" index="0" bw="1" slack="0"/>
<pin id="3389" dir="0" index="1" bw="576" slack="0"/>
<pin id="3390" dir="0" index="2" bw="10" slack="0"/>
<pin id="3391" dir="1" index="3" bw="1" slack="0"/>
</pin_list>
<bind>
<opcode="bitselect(1000) " fcode="bitselect"/>
<opset="tmp_89/1 "/>
</bind>
</comp>

<comp id="3395" class="1004" name="trunc_ln52_17_fu_3395">
<pin_list>
<pin id="3396" dir="0" index="0" bw="6" slack="0"/>
<pin id="3397" dir="0" index="1" bw="576" slack="0"/>
<pin id="3398" dir="0" index="2" bw="10" slack="0"/>
<pin id="3399" dir="0" index="3" bw="10" slack="0"/>
<pin id="3400" dir="1" index="4" bw="6" slack="0"/>
</pin_list>
<bind>
<opcode="partselect(1002) " fcode="partselect"/>
<opset="trunc_ln52_17/1 "/>
</bind>
</comp>

<comp id="3405" class="1004" name="tmp_90_fu_3405">
<pin_list>
<pin id="3406" dir="0" index="0" bw="1" slack="0"/>
<pin id="3407" dir="0" index="1" bw="576" slack="0"/>
<pin id="3408" dir="0" index="2" bw="10" slack="0"/>
<pin id="3409" dir="1" index="3" bw="1" slack="0"/>
</pin_list>
<bind>
<opcode="bitselect(1000) " fcode="bitselect"/>
<opset="tmp_90/1 "/>
</bind>
</comp>

<comp id="3413" class="1004" name="tmp_91_fu_3413">
<pin_list>
<pin id="3414" dir="0" index="0" bw="1" slack="0"/>
<pin id="3415" dir="0" index="1" bw="576" slack="0"/>
<pin id="3416" dir="0" index="2" bw="10" slack="0"/>
<pin id="3417" dir="1" index="3" bw="1" slack="0"/>
</pin_list>
<bind>
<opcode="bitselect(1000) " fcode="bitselect"/>
<opset="tmp_91/1 "/>
</bind>
</comp>

<comp id="3421" class="1004" name="zext_ln52_18_fu_3421">
<pin_list>
<pin id="3422" dir="0" index="0" bw="1" slack="0"/>
<pin id="3423" dir="1" index="1" bw="6" slack="0"/>
</pin_list>
<bind>
<opcode="zext(34) " fcode="zext"/>
<opset="zext_ln52_18/1 "/>
</bind>
</comp>

<comp id="3425" class="1004" name="add_ln52_18_fu_3425">
<pin_list>
<pin id="3426" dir="0" index="0" bw="6" slack="0"/>
<pin id="3427" dir="0" index="1" bw="1" slack="0"/>
<pin id="3428" dir="1" index="2" bw="6" slack="0"/>
</pin_list>
<bind>
<opcode="add(8) " fcode="add"/>
<opset="add_ln52_18/1 "/>
</bind>
</comp>

<comp id="3431" class="1004" name="tmp_92_fu_3431">
<pin_list>
<pin id="3432" dir="0" index="0" bw="1" slack="0"/>
<pin id="3433" dir="0" index="1" bw="6" slack="0"/>
<pin id="3434" dir="0" index="2" bw="4" slack="0"/>
<pin id="3435" dir="1" index="3" bw="1" slack="0"/>
</pin_list>
<bind>
<opcode="bitselect(1000) " fcode="bitselect"/>
<opset="tmp_92/1 "/>
</bind>
</comp>

<comp id="3439" class="1004" name="tmp_93_fu_3439">
<pin_list>
<pin id="3440" dir="0" index="0" bw="10" slack="0"/>
<pin id="3441" dir="0" index="1" bw="576" slack="0"/>
<pin id="3442" dir="0" index="2" bw="10" slack="0"/>
<pin id="3443" dir="0" index="3" bw="10" slack="0"/>
<pin id="3444" dir="1" index="4" bw="10" slack="0"/>
</pin_list>
<bind>
<opcode="partselect(1002) " fcode="partselect"/>
<opset="tmp_93/1 "/>
</bind>
</comp>

<comp id="3449" class="1004" name="icmp_ln52_18_fu_3449">
<pin_list>
<pin id="3450" dir="0" index="0" bw="10" slack="0"/>
<pin id="3451" dir="0" index="1" bw="10" slack="0"/>
<pin id="3452" dir="1" index="2" bw="1" slack="0"/>
</pin_list>
<bind>
<opcode="icmp(45) " fcode="icmp"/>
<opset="icmp_ln52_18/1 "/>
</bind>
</comp>

<comp id="3455" class="1004" name="xor_ln52_54_fu_3455">
<pin_list>
<pin id="3456" dir="0" index="0" bw="1" slack="0"/>
<pin id="3457" dir="0" index="1" bw="1" slack="0"/>
<pin id="3458" dir="1" index="2" bw="1" slack="0"/>
</pin_list>
<bind>
<opcode="xor(25) " fcode="xor"/>
<opset="xor_ln52_54/1 "/>
</bind>
</comp>

<comp id="3461" class="1004" name="or_ln52_54_fu_3461">
<pin_list>
<pin id="3462" dir="0" index="0" bw="1" slack="0"/>
<pin id="3463" dir="0" index="1" bw="1" slack="0"/>
<pin id="3464" dir="1" index="2" bw="1" slack="0"/>
</pin_list>
<bind>
<opcode="or(24) " fcode="or"/>
<opset="or_ln52_54/1 "/>
</bind>
</comp>

<comp id="3467" class="1004" name="and_ln52_36_fu_3467">
<pin_list>
<pin id="3468" dir="0" index="0" bw="1" slack="0"/>
<pin id="3469" dir="0" index="1" bw="1" slack="0"/>
<pin id="3470" dir="1" index="2" bw="1" slack="0"/>
</pin_list>
<bind>
<opcode="and(23) " fcode="and"/>
<opset="and_ln52_36/1 "/>
</bind>
</comp>

<comp id="3473" class="1004" name="xor_ln52_55_fu_3473">
<pin_list>
<pin id="3474" dir="0" index="0" bw="1" slack="0"/>
<pin id="3475" dir="0" index="1" bw="1" slack="0"/>
<pin id="3476" dir="1" index="2" bw="1" slack="0"/>
</pin_list>
<bind>
<opcode="xor(25) " fcode="xor"/>
<opset="xor_ln52_55/1 "/>
</bind>
</comp>

<comp id="3479" class="1004" name="or_ln52_55_fu_3479">
<pin_list>
<pin id="3480" dir="0" index="0" bw="1" slack="0"/>
<pin id="3481" dir="0" index="1" bw="1" slack="0"/>
<pin id="3482" dir="1" index="2" bw="1" slack="0"/>
</pin_list>
<bind>
<opcode="or(24) " fcode="or"/>
<opset="or_ln52_55/1 "/>
</bind>
</comp>

<comp id="3485" class="1004" name="xor_ln52_56_fu_3485">
<pin_list>
<pin id="3486" dir="0" index="0" bw="1" slack="0"/>
<pin id="3487" dir="0" index="1" bw="1" slack="0"/>
<pin id="3488" dir="1" index="2" bw="1" slack="0"/>
</pin_list>
<bind>
<opcode="xor(25) " fcode="xor"/>
<opset="xor_ln52_56/1 "/>
</bind>
</comp>

<comp id="3491" class="1004" name="and_ln52_37_fu_3491">
<pin_list>
<pin id="3492" dir="0" index="0" bw="1" slack="0"/>
<pin id="3493" dir="0" index="1" bw="1" slack="0"/>
<pin id="3494" dir="1" index="2" bw="1" slack="0"/>
</pin_list>
<bind>
<opcode="and(23) " fcode="and"/>
<opset="and_ln52_37/1 "/>
</bind>
</comp>

<comp id="3497" class="1004" name="select_ln52_36_fu_3497">
<pin_list>
<pin id="3498" dir="0" index="0" bw="1" slack="0"/>
<pin id="3499" dir="0" index="1" bw="6" slack="0"/>
<pin id="3500" dir="0" index="2" bw="6" slack="0"/>
<pin id="3501" dir="1" index="3" bw="6" slack="0"/>
</pin_list>
<bind>
<opcode="select(49) " fcode="select"/>
<opset="select_ln52_36/1 "/>
</bind>
</comp>

<comp id="3505" class="1004" name="or_ln52_56_fu_3505">
<pin_list>
<pin id="3506" dir="0" index="0" bw="1" slack="0"/>
<pin id="3507" dir="0" index="1" bw="1" slack="0"/>
<pin id="3508" dir="1" index="2" bw="1" slack="0"/>
</pin_list>
<bind>
<opcode="or(24) " fcode="or"/>
<opset="or_ln52_56/1 "/>
</bind>
</comp>

<comp id="3511" class="1004" name="select_ln52_37_fu_3511">
<pin_list>
<pin id="3512" dir="0" index="0" bw="1" slack="0"/>
<pin id="3513" dir="0" index="1" bw="6" slack="0"/>
<pin id="3514" dir="0" index="2" bw="6" slack="0"/>
<pin id="3515" dir="1" index="3" bw="6" slack="0"/>
</pin_list>
<bind>
<opcode="select(49) " fcode="select"/>
<opset="select_ln52_37/1 "/>
</bind>
</comp>

<comp id="3519" class="1004" name="out_data_0_18_0_0_0_load_fu_3519">
<pin_list>
<pin id="3520" dir="0" index="0" bw="1" slack="0"/>
<pin id="3521" dir="0" index="1" bw="6" slack="0"/>
<pin id="3522" dir="0" index="2" bw="6" slack="0"/>
<pin id="3523" dir="1" index="3" bw="6" slack="0"/>
</pin_list>
<bind>
<opcode="select(49) " fcode="select"/>
<opset="out_data_0_18_0_0_0_load/1 "/>
</bind>
</comp>

<comp id="3527" class="1004" name="icmp_ln51_19_fu_3527">
<pin_list>
<pin id="3528" dir="0" index="0" bw="18" slack="0"/>
<pin id="3529" dir="0" index="1" bw="18" slack="0"/>
<pin id="3530" dir="1" index="2" bw="1" slack="0"/>
</pin_list>
<bind>
<opcode="icmp(45) " fcode="icmp"/>
<opset="icmp_ln51_19/1 "/>
</bind>
</comp>

<comp id="3533" class="1004" name="tmp_94_fu_3533">
<pin_list>
<pin id="3534" dir="0" index="0" bw="1" slack="0"/>
<pin id="3535" dir="0" index="1" bw="576" slack="0"/>
<pin id="3536" dir="0" index="2" bw="10" slack="0"/>
<pin id="3537" dir="1" index="3" bw="1" slack="0"/>
</pin_list>
<bind>
<opcode="bitselect(1000) " fcode="bitselect"/>
<opset="tmp_94/1 "/>
</bind>
</comp>

<comp id="3541" class="1004" name="trunc_ln52_18_fu_3541">
<pin_list>
<pin id="3542" dir="0" index="0" bw="6" slack="0"/>
<pin id="3543" dir="0" index="1" bw="576" slack="0"/>
<pin id="3544" dir="0" index="2" bw="10" slack="0"/>
<pin id="3545" dir="0" index="3" bw="10" slack="0"/>
<pin id="3546" dir="1" index="4" bw="6" slack="0"/>
</pin_list>
<bind>
<opcode="partselect(1002) " fcode="partselect"/>
<opset="trunc_ln52_18/1 "/>
</bind>
</comp>

<comp id="3551" class="1004" name="tmp_95_fu_3551">
<pin_list>
<pin id="3552" dir="0" index="0" bw="1" slack="0"/>
<pin id="3553" dir="0" index="1" bw="576" slack="0"/>
<pin id="3554" dir="0" index="2" bw="10" slack="0"/>
<pin id="3555" dir="1" index="3" bw="1" slack="0"/>
</pin_list>
<bind>
<opcode="bitselect(1000) " fcode="bitselect"/>
<opset="tmp_95/1 "/>
</bind>
</comp>

<comp id="3559" class="1004" name="tmp_96_fu_3559">
<pin_list>
<pin id="3560" dir="0" index="0" bw="1" slack="0"/>
<pin id="3561" dir="0" index="1" bw="576" slack="0"/>
<pin id="3562" dir="0" index="2" bw="10" slack="0"/>
<pin id="3563" dir="1" index="3" bw="1" slack="0"/>
</pin_list>
<bind>
<opcode="bitselect(1000) " fcode="bitselect"/>
<opset="tmp_96/1 "/>
</bind>
</comp>

<comp id="3567" class="1004" name="zext_ln52_19_fu_3567">
<pin_list>
<pin id="3568" dir="0" index="0" bw="1" slack="0"/>
<pin id="3569" dir="1" index="1" bw="6" slack="0"/>
</pin_list>
<bind>
<opcode="zext(34) " fcode="zext"/>
<opset="zext_ln52_19/1 "/>
</bind>
</comp>

<comp id="3571" class="1004" name="add_ln52_19_fu_3571">
<pin_list>
<pin id="3572" dir="0" index="0" bw="6" slack="0"/>
<pin id="3573" dir="0" index="1" bw="1" slack="0"/>
<pin id="3574" dir="1" index="2" bw="6" slack="0"/>
</pin_list>
<bind>
<opcode="add(8) " fcode="add"/>
<opset="add_ln52_19/1 "/>
</bind>
</comp>

<comp id="3577" class="1004" name="tmp_97_fu_3577">
<pin_list>
<pin id="3578" dir="0" index="0" bw="1" slack="0"/>
<pin id="3579" dir="0" index="1" bw="6" slack="0"/>
<pin id="3580" dir="0" index="2" bw="4" slack="0"/>
<pin id="3581" dir="1" index="3" bw="1" slack="0"/>
</pin_list>
<bind>
<opcode="bitselect(1000) " fcode="bitselect"/>
<opset="tmp_97/1 "/>
</bind>
</comp>

<comp id="3585" class="1004" name="tmp_98_fu_3585">
<pin_list>
<pin id="3586" dir="0" index="0" bw="10" slack="0"/>
<pin id="3587" dir="0" index="1" bw="576" slack="0"/>
<pin id="3588" dir="0" index="2" bw="10" slack="0"/>
<pin id="3589" dir="0" index="3" bw="10" slack="0"/>
<pin id="3590" dir="1" index="4" bw="10" slack="0"/>
</pin_list>
<bind>
<opcode="partselect(1002) " fcode="partselect"/>
<opset="tmp_98/1 "/>
</bind>
</comp>

<comp id="3595" class="1004" name="icmp_ln52_19_fu_3595">
<pin_list>
<pin id="3596" dir="0" index="0" bw="10" slack="0"/>
<pin id="3597" dir="0" index="1" bw="10" slack="0"/>
<pin id="3598" dir="1" index="2" bw="1" slack="0"/>
</pin_list>
<bind>
<opcode="icmp(45) " fcode="icmp"/>
<opset="icmp_ln52_19/1 "/>
</bind>
</comp>

<comp id="3601" class="1004" name="xor_ln52_57_fu_3601">
<pin_list>
<pin id="3602" dir="0" index="0" bw="1" slack="0"/>
<pin id="3603" dir="0" index="1" bw="1" slack="0"/>
<pin id="3604" dir="1" index="2" bw="1" slack="0"/>
</pin_list>
<bind>
<opcode="xor(25) " fcode="xor"/>
<opset="xor_ln52_57/1 "/>
</bind>
</comp>

<comp id="3607" class="1004" name="or_ln52_57_fu_3607">
<pin_list>
<pin id="3608" dir="0" index="0" bw="1" slack="0"/>
<pin id="3609" dir="0" index="1" bw="1" slack="0"/>
<pin id="3610" dir="1" index="2" bw="1" slack="0"/>
</pin_list>
<bind>
<opcode="or(24) " fcode="or"/>
<opset="or_ln52_57/1 "/>
</bind>
</comp>

<comp id="3613" class="1004" name="and_ln52_38_fu_3613">
<pin_list>
<pin id="3614" dir="0" index="0" bw="1" slack="0"/>
<pin id="3615" dir="0" index="1" bw="1" slack="0"/>
<pin id="3616" dir="1" index="2" bw="1" slack="0"/>
</pin_list>
<bind>
<opcode="and(23) " fcode="and"/>
<opset="and_ln52_38/1 "/>
</bind>
</comp>

<comp id="3619" class="1004" name="xor_ln52_58_fu_3619">
<pin_list>
<pin id="3620" dir="0" index="0" bw="1" slack="0"/>
<pin id="3621" dir="0" index="1" bw="1" slack="0"/>
<pin id="3622" dir="1" index="2" bw="1" slack="0"/>
</pin_list>
<bind>
<opcode="xor(25) " fcode="xor"/>
<opset="xor_ln52_58/1 "/>
</bind>
</comp>

<comp id="3625" class="1004" name="or_ln52_58_fu_3625">
<pin_list>
<pin id="3626" dir="0" index="0" bw="1" slack="0"/>
<pin id="3627" dir="0" index="1" bw="1" slack="0"/>
<pin id="3628" dir="1" index="2" bw="1" slack="0"/>
</pin_list>
<bind>
<opcode="or(24) " fcode="or"/>
<opset="or_ln52_58/1 "/>
</bind>
</comp>

<comp id="3631" class="1004" name="xor_ln52_59_fu_3631">
<pin_list>
<pin id="3632" dir="0" index="0" bw="1" slack="0"/>
<pin id="3633" dir="0" index="1" bw="1" slack="0"/>
<pin id="3634" dir="1" index="2" bw="1" slack="0"/>
</pin_list>
<bind>
<opcode="xor(25) " fcode="xor"/>
<opset="xor_ln52_59/1 "/>
</bind>
</comp>

<comp id="3637" class="1004" name="and_ln52_39_fu_3637">
<pin_list>
<pin id="3638" dir="0" index="0" bw="1" slack="0"/>
<pin id="3639" dir="0" index="1" bw="1" slack="0"/>
<pin id="3640" dir="1" index="2" bw="1" slack="0"/>
</pin_list>
<bind>
<opcode="and(23) " fcode="and"/>
<opset="and_ln52_39/1 "/>
</bind>
</comp>

<comp id="3643" class="1004" name="select_ln52_38_fu_3643">
<pin_list>
<pin id="3644" dir="0" index="0" bw="1" slack="0"/>
<pin id="3645" dir="0" index="1" bw="6" slack="0"/>
<pin id="3646" dir="0" index="2" bw="6" slack="0"/>
<pin id="3647" dir="1" index="3" bw="6" slack="0"/>
</pin_list>
<bind>
<opcode="select(49) " fcode="select"/>
<opset="select_ln52_38/1 "/>
</bind>
</comp>

<comp id="3651" class="1004" name="or_ln52_59_fu_3651">
<pin_list>
<pin id="3652" dir="0" index="0" bw="1" slack="0"/>
<pin id="3653" dir="0" index="1" bw="1" slack="0"/>
<pin id="3654" dir="1" index="2" bw="1" slack="0"/>
</pin_list>
<bind>
<opcode="or(24) " fcode="or"/>
<opset="or_ln52_59/1 "/>
</bind>
</comp>

<comp id="3657" class="1004" name="select_ln52_39_fu_3657">
<pin_list>
<pin id="3658" dir="0" index="0" bw="1" slack="0"/>
<pin id="3659" dir="0" index="1" bw="6" slack="0"/>
<pin id="3660" dir="0" index="2" bw="6" slack="0"/>
<pin id="3661" dir="1" index="3" bw="6" slack="0"/>
</pin_list>
<bind>
<opcode="select(49) " fcode="select"/>
<opset="select_ln52_39/1 "/>
</bind>
</comp>

<comp id="3665" class="1004" name="out_data_0_19_0_0_0_load_fu_3665">
<pin_list>
<pin id="3666" dir="0" index="0" bw="1" slack="0"/>
<pin id="3667" dir="0" index="1" bw="6" slack="0"/>
<pin id="3668" dir="0" index="2" bw="6" slack="0"/>
<pin id="3669" dir="1" index="3" bw="6" slack="0"/>
</pin_list>
<bind>
<opcode="select(49) " fcode="select"/>
<opset="out_data_0_19_0_0_0_load/1 "/>
</bind>
</comp>

<comp id="3673" class="1004" name="icmp_ln51_20_fu_3673">
<pin_list>
<pin id="3674" dir="0" index="0" bw="18" slack="0"/>
<pin id="3675" dir="0" index="1" bw="18" slack="0"/>
<pin id="3676" dir="1" index="2" bw="1" slack="0"/>
</pin_list>
<bind>
<opcode="icmp(45) " fcode="icmp"/>
<opset="icmp_ln51_20/1 "/>
</bind>
</comp>

<comp id="3679" class="1004" name="tmp_99_fu_3679">
<pin_list>
<pin id="3680" dir="0" index="0" bw="1" slack="0"/>
<pin id="3681" dir="0" index="1" bw="576" slack="0"/>
<pin id="3682" dir="0" index="2" bw="10" slack="0"/>
<pin id="3683" dir="1" index="3" bw="1" slack="0"/>
</pin_list>
<bind>
<opcode="bitselect(1000) " fcode="bitselect"/>
<opset="tmp_99/1 "/>
</bind>
</comp>

<comp id="3687" class="1004" name="trunc_ln52_19_fu_3687">
<pin_list>
<pin id="3688" dir="0" index="0" bw="6" slack="0"/>
<pin id="3689" dir="0" index="1" bw="576" slack="0"/>
<pin id="3690" dir="0" index="2" bw="10" slack="0"/>
<pin id="3691" dir="0" index="3" bw="10" slack="0"/>
<pin id="3692" dir="1" index="4" bw="6" slack="0"/>
</pin_list>
<bind>
<opcode="partselect(1002) " fcode="partselect"/>
<opset="trunc_ln52_19/1 "/>
</bind>
</comp>

<comp id="3697" class="1004" name="tmp_100_fu_3697">
<pin_list>
<pin id="3698" dir="0" index="0" bw="1" slack="0"/>
<pin id="3699" dir="0" index="1" bw="576" slack="0"/>
<pin id="3700" dir="0" index="2" bw="10" slack="0"/>
<pin id="3701" dir="1" index="3" bw="1" slack="0"/>
</pin_list>
<bind>
<opcode="bitselect(1000) " fcode="bitselect"/>
<opset="tmp_100/1 "/>
</bind>
</comp>

<comp id="3705" class="1004" name="tmp_101_fu_3705">
<pin_list>
<pin id="3706" dir="0" index="0" bw="1" slack="0"/>
<pin id="3707" dir="0" index="1" bw="576" slack="0"/>
<pin id="3708" dir="0" index="2" bw="10" slack="0"/>
<pin id="3709" dir="1" index="3" bw="1" slack="0"/>
</pin_list>
<bind>
<opcode="bitselect(1000) " fcode="bitselect"/>
<opset="tmp_101/1 "/>
</bind>
</comp>

<comp id="3713" class="1004" name="zext_ln52_20_fu_3713">
<pin_list>
<pin id="3714" dir="0" index="0" bw="1" slack="0"/>
<pin id="3715" dir="1" index="1" bw="6" slack="0"/>
</pin_list>
<bind>
<opcode="zext(34) " fcode="zext"/>
<opset="zext_ln52_20/1 "/>
</bind>
</comp>

<comp id="3717" class="1004" name="add_ln52_20_fu_3717">
<pin_list>
<pin id="3718" dir="0" index="0" bw="6" slack="0"/>
<pin id="3719" dir="0" index="1" bw="1" slack="0"/>
<pin id="3720" dir="1" index="2" bw="6" slack="0"/>
</pin_list>
<bind>
<opcode="add(8) " fcode="add"/>
<opset="add_ln52_20/1 "/>
</bind>
</comp>

<comp id="3723" class="1004" name="tmp_102_fu_3723">
<pin_list>
<pin id="3724" dir="0" index="0" bw="1" slack="0"/>
<pin id="3725" dir="0" index="1" bw="6" slack="0"/>
<pin id="3726" dir="0" index="2" bw="4" slack="0"/>
<pin id="3727" dir="1" index="3" bw="1" slack="0"/>
</pin_list>
<bind>
<opcode="bitselect(1000) " fcode="bitselect"/>
<opset="tmp_102/1 "/>
</bind>
</comp>

<comp id="3731" class="1004" name="tmp_103_fu_3731">
<pin_list>
<pin id="3732" dir="0" index="0" bw="10" slack="0"/>
<pin id="3733" dir="0" index="1" bw="576" slack="0"/>
<pin id="3734" dir="0" index="2" bw="10" slack="0"/>
<pin id="3735" dir="0" index="3" bw="10" slack="0"/>
<pin id="3736" dir="1" index="4" bw="10" slack="0"/>
</pin_list>
<bind>
<opcode="partselect(1002) " fcode="partselect"/>
<opset="tmp_103/1 "/>
</bind>
</comp>

<comp id="3741" class="1004" name="icmp_ln52_20_fu_3741">
<pin_list>
<pin id="3742" dir="0" index="0" bw="10" slack="0"/>
<pin id="3743" dir="0" index="1" bw="10" slack="0"/>
<pin id="3744" dir="1" index="2" bw="1" slack="0"/>
</pin_list>
<bind>
<opcode="icmp(45) " fcode="icmp"/>
<opset="icmp_ln52_20/1 "/>
</bind>
</comp>

<comp id="3747" class="1004" name="xor_ln52_60_fu_3747">
<pin_list>
<pin id="3748" dir="0" index="0" bw="1" slack="0"/>
<pin id="3749" dir="0" index="1" bw="1" slack="0"/>
<pin id="3750" dir="1" index="2" bw="1" slack="0"/>
</pin_list>
<bind>
<opcode="xor(25) " fcode="xor"/>
<opset="xor_ln52_60/1 "/>
</bind>
</comp>

<comp id="3753" class="1004" name="or_ln52_60_fu_3753">
<pin_list>
<pin id="3754" dir="0" index="0" bw="1" slack="0"/>
<pin id="3755" dir="0" index="1" bw="1" slack="0"/>
<pin id="3756" dir="1" index="2" bw="1" slack="0"/>
</pin_list>
<bind>
<opcode="or(24) " fcode="or"/>
<opset="or_ln52_60/1 "/>
</bind>
</comp>

<comp id="3759" class="1004" name="and_ln52_40_fu_3759">
<pin_list>
<pin id="3760" dir="0" index="0" bw="1" slack="0"/>
<pin id="3761" dir="0" index="1" bw="1" slack="0"/>
<pin id="3762" dir="1" index="2" bw="1" slack="0"/>
</pin_list>
<bind>
<opcode="and(23) " fcode="and"/>
<opset="and_ln52_40/1 "/>
</bind>
</comp>

<comp id="3765" class="1004" name="xor_ln52_61_fu_3765">
<pin_list>
<pin id="3766" dir="0" index="0" bw="1" slack="0"/>
<pin id="3767" dir="0" index="1" bw="1" slack="0"/>
<pin id="3768" dir="1" index="2" bw="1" slack="0"/>
</pin_list>
<bind>
<opcode="xor(25) " fcode="xor"/>
<opset="xor_ln52_61/1 "/>
</bind>
</comp>

<comp id="3771" class="1004" name="or_ln52_61_fu_3771">
<pin_list>
<pin id="3772" dir="0" index="0" bw="1" slack="0"/>
<pin id="3773" dir="0" index="1" bw="1" slack="0"/>
<pin id="3774" dir="1" index="2" bw="1" slack="0"/>
</pin_list>
<bind>
<opcode="or(24) " fcode="or"/>
<opset="or_ln52_61/1 "/>
</bind>
</comp>

<comp id="3777" class="1004" name="xor_ln52_62_fu_3777">
<pin_list>
<pin id="3778" dir="0" index="0" bw="1" slack="0"/>
<pin id="3779" dir="0" index="1" bw="1" slack="0"/>
<pin id="3780" dir="1" index="2" bw="1" slack="0"/>
</pin_list>
<bind>
<opcode="xor(25) " fcode="xor"/>
<opset="xor_ln52_62/1 "/>
</bind>
</comp>

<comp id="3783" class="1004" name="and_ln52_41_fu_3783">
<pin_list>
<pin id="3784" dir="0" index="0" bw="1" slack="0"/>
<pin id="3785" dir="0" index="1" bw="1" slack="0"/>
<pin id="3786" dir="1" index="2" bw="1" slack="0"/>
</pin_list>
<bind>
<opcode="and(23) " fcode="and"/>
<opset="and_ln52_41/1 "/>
</bind>
</comp>

<comp id="3789" class="1004" name="select_ln52_40_fu_3789">
<pin_list>
<pin id="3790" dir="0" index="0" bw="1" slack="0"/>
<pin id="3791" dir="0" index="1" bw="6" slack="0"/>
<pin id="3792" dir="0" index="2" bw="6" slack="0"/>
<pin id="3793" dir="1" index="3" bw="6" slack="0"/>
</pin_list>
<bind>
<opcode="select(49) " fcode="select"/>
<opset="select_ln52_40/1 "/>
</bind>
</comp>

<comp id="3797" class="1004" name="or_ln52_62_fu_3797">
<pin_list>
<pin id="3798" dir="0" index="0" bw="1" slack="0"/>
<pin id="3799" dir="0" index="1" bw="1" slack="0"/>
<pin id="3800" dir="1" index="2" bw="1" slack="0"/>
</pin_list>
<bind>
<opcode="or(24) " fcode="or"/>
<opset="or_ln52_62/1 "/>
</bind>
</comp>

<comp id="3803" class="1004" name="select_ln52_41_fu_3803">
<pin_list>
<pin id="3804" dir="0" index="0" bw="1" slack="0"/>
<pin id="3805" dir="0" index="1" bw="6" slack="0"/>
<pin id="3806" dir="0" index="2" bw="6" slack="0"/>
<pin id="3807" dir="1" index="3" bw="6" slack="0"/>
</pin_list>
<bind>
<opcode="select(49) " fcode="select"/>
<opset="select_ln52_41/1 "/>
</bind>
</comp>

<comp id="3811" class="1004" name="out_data_0_20_0_0_0_load_fu_3811">
<pin_list>
<pin id="3812" dir="0" index="0" bw="1" slack="0"/>
<pin id="3813" dir="0" index="1" bw="6" slack="0"/>
<pin id="3814" dir="0" index="2" bw="6" slack="0"/>
<pin id="3815" dir="1" index="3" bw="6" slack="0"/>
</pin_list>
<bind>
<opcode="select(49) " fcode="select"/>
<opset="out_data_0_20_0_0_0_load/1 "/>
</bind>
</comp>

<comp id="3819" class="1004" name="icmp_ln51_21_fu_3819">
<pin_list>
<pin id="3820" dir="0" index="0" bw="18" slack="0"/>
<pin id="3821" dir="0" index="1" bw="18" slack="0"/>
<pin id="3822" dir="1" index="2" bw="1" slack="0"/>
</pin_list>
<bind>
<opcode="icmp(45) " fcode="icmp"/>
<opset="icmp_ln51_21/1 "/>
</bind>
</comp>

<comp id="3825" class="1004" name="tmp_104_fu_3825">
<pin_list>
<pin id="3826" dir="0" index="0" bw="1" slack="0"/>
<pin id="3827" dir="0" index="1" bw="576" slack="0"/>
<pin id="3828" dir="0" index="2" bw="10" slack="0"/>
<pin id="3829" dir="1" index="3" bw="1" slack="0"/>
</pin_list>
<bind>
<opcode="bitselect(1000) " fcode="bitselect"/>
<opset="tmp_104/1 "/>
</bind>
</comp>

<comp id="3833" class="1004" name="trunc_ln52_20_fu_3833">
<pin_list>
<pin id="3834" dir="0" index="0" bw="6" slack="0"/>
<pin id="3835" dir="0" index="1" bw="576" slack="0"/>
<pin id="3836" dir="0" index="2" bw="10" slack="0"/>
<pin id="3837" dir="0" index="3" bw="10" slack="0"/>
<pin id="3838" dir="1" index="4" bw="6" slack="0"/>
</pin_list>
<bind>
<opcode="partselect(1002) " fcode="partselect"/>
<opset="trunc_ln52_20/1 "/>
</bind>
</comp>

<comp id="3843" class="1004" name="tmp_105_fu_3843">
<pin_list>
<pin id="3844" dir="0" index="0" bw="1" slack="0"/>
<pin id="3845" dir="0" index="1" bw="576" slack="0"/>
<pin id="3846" dir="0" index="2" bw="10" slack="0"/>
<pin id="3847" dir="1" index="3" bw="1" slack="0"/>
</pin_list>
<bind>
<opcode="bitselect(1000) " fcode="bitselect"/>
<opset="tmp_105/1 "/>
</bind>
</comp>

<comp id="3851" class="1004" name="tmp_106_fu_3851">
<pin_list>
<pin id="3852" dir="0" index="0" bw="1" slack="0"/>
<pin id="3853" dir="0" index="1" bw="576" slack="0"/>
<pin id="3854" dir="0" index="2" bw="10" slack="0"/>
<pin id="3855" dir="1" index="3" bw="1" slack="0"/>
</pin_list>
<bind>
<opcode="bitselect(1000) " fcode="bitselect"/>
<opset="tmp_106/1 "/>
</bind>
</comp>

<comp id="3859" class="1004" name="zext_ln52_21_fu_3859">
<pin_list>
<pin id="3860" dir="0" index="0" bw="1" slack="0"/>
<pin id="3861" dir="1" index="1" bw="6" slack="0"/>
</pin_list>
<bind>
<opcode="zext(34) " fcode="zext"/>
<opset="zext_ln52_21/1 "/>
</bind>
</comp>

<comp id="3863" class="1004" name="add_ln52_21_fu_3863">
<pin_list>
<pin id="3864" dir="0" index="0" bw="6" slack="0"/>
<pin id="3865" dir="0" index="1" bw="1" slack="0"/>
<pin id="3866" dir="1" index="2" bw="6" slack="0"/>
</pin_list>
<bind>
<opcode="add(8) " fcode="add"/>
<opset="add_ln52_21/1 "/>
</bind>
</comp>

<comp id="3869" class="1004" name="tmp_107_fu_3869">
<pin_list>
<pin id="3870" dir="0" index="0" bw="1" slack="0"/>
<pin id="3871" dir="0" index="1" bw="6" slack="0"/>
<pin id="3872" dir="0" index="2" bw="4" slack="0"/>
<pin id="3873" dir="1" index="3" bw="1" slack="0"/>
</pin_list>
<bind>
<opcode="bitselect(1000) " fcode="bitselect"/>
<opset="tmp_107/1 "/>
</bind>
</comp>

<comp id="3877" class="1004" name="tmp_108_fu_3877">
<pin_list>
<pin id="3878" dir="0" index="0" bw="10" slack="0"/>
<pin id="3879" dir="0" index="1" bw="576" slack="0"/>
<pin id="3880" dir="0" index="2" bw="10" slack="0"/>
<pin id="3881" dir="0" index="3" bw="10" slack="0"/>
<pin id="3882" dir="1" index="4" bw="10" slack="0"/>
</pin_list>
<bind>
<opcode="partselect(1002) " fcode="partselect"/>
<opset="tmp_108/1 "/>
</bind>
</comp>

<comp id="3887" class="1004" name="icmp_ln52_21_fu_3887">
<pin_list>
<pin id="3888" dir="0" index="0" bw="10" slack="0"/>
<pin id="3889" dir="0" index="1" bw="10" slack="0"/>
<pin id="3890" dir="1" index="2" bw="1" slack="0"/>
</pin_list>
<bind>
<opcode="icmp(45) " fcode="icmp"/>
<opset="icmp_ln52_21/1 "/>
</bind>
</comp>

<comp id="3893" class="1004" name="xor_ln52_63_fu_3893">
<pin_list>
<pin id="3894" dir="0" index="0" bw="1" slack="0"/>
<pin id="3895" dir="0" index="1" bw="1" slack="0"/>
<pin id="3896" dir="1" index="2" bw="1" slack="0"/>
</pin_list>
<bind>
<opcode="xor(25) " fcode="xor"/>
<opset="xor_ln52_63/1 "/>
</bind>
</comp>

<comp id="3899" class="1004" name="or_ln52_63_fu_3899">
<pin_list>
<pin id="3900" dir="0" index="0" bw="1" slack="0"/>
<pin id="3901" dir="0" index="1" bw="1" slack="0"/>
<pin id="3902" dir="1" index="2" bw="1" slack="0"/>
</pin_list>
<bind>
<opcode="or(24) " fcode="or"/>
<opset="or_ln52_63/1 "/>
</bind>
</comp>

<comp id="3905" class="1004" name="and_ln52_42_fu_3905">
<pin_list>
<pin id="3906" dir="0" index="0" bw="1" slack="0"/>
<pin id="3907" dir="0" index="1" bw="1" slack="0"/>
<pin id="3908" dir="1" index="2" bw="1" slack="0"/>
</pin_list>
<bind>
<opcode="and(23) " fcode="and"/>
<opset="and_ln52_42/1 "/>
</bind>
</comp>

<comp id="3911" class="1004" name="xor_ln52_64_fu_3911">
<pin_list>
<pin id="3912" dir="0" index="0" bw="1" slack="0"/>
<pin id="3913" dir="0" index="1" bw="1" slack="0"/>
<pin id="3914" dir="1" index="2" bw="1" slack="0"/>
</pin_list>
<bind>
<opcode="xor(25) " fcode="xor"/>
<opset="xor_ln52_64/1 "/>
</bind>
</comp>

<comp id="3917" class="1004" name="or_ln52_64_fu_3917">
<pin_list>
<pin id="3918" dir="0" index="0" bw="1" slack="0"/>
<pin id="3919" dir="0" index="1" bw="1" slack="0"/>
<pin id="3920" dir="1" index="2" bw="1" slack="0"/>
</pin_list>
<bind>
<opcode="or(24) " fcode="or"/>
<opset="or_ln52_64/1 "/>
</bind>
</comp>

<comp id="3923" class="1004" name="xor_ln52_65_fu_3923">
<pin_list>
<pin id="3924" dir="0" index="0" bw="1" slack="0"/>
<pin id="3925" dir="0" index="1" bw="1" slack="0"/>
<pin id="3926" dir="1" index="2" bw="1" slack="0"/>
</pin_list>
<bind>
<opcode="xor(25) " fcode="xor"/>
<opset="xor_ln52_65/1 "/>
</bind>
</comp>

<comp id="3929" class="1004" name="and_ln52_43_fu_3929">
<pin_list>
<pin id="3930" dir="0" index="0" bw="1" slack="0"/>
<pin id="3931" dir="0" index="1" bw="1" slack="0"/>
<pin id="3932" dir="1" index="2" bw="1" slack="0"/>
</pin_list>
<bind>
<opcode="and(23) " fcode="and"/>
<opset="and_ln52_43/1 "/>
</bind>
</comp>

<comp id="3935" class="1004" name="select_ln52_42_fu_3935">
<pin_list>
<pin id="3936" dir="0" index="0" bw="1" slack="0"/>
<pin id="3937" dir="0" index="1" bw="6" slack="0"/>
<pin id="3938" dir="0" index="2" bw="6" slack="0"/>
<pin id="3939" dir="1" index="3" bw="6" slack="0"/>
</pin_list>
<bind>
<opcode="select(49) " fcode="select"/>
<opset="select_ln52_42/1 "/>
</bind>
</comp>

<comp id="3943" class="1004" name="or_ln52_65_fu_3943">
<pin_list>
<pin id="3944" dir="0" index="0" bw="1" slack="0"/>
<pin id="3945" dir="0" index="1" bw="1" slack="0"/>
<pin id="3946" dir="1" index="2" bw="1" slack="0"/>
</pin_list>
<bind>
<opcode="or(24) " fcode="or"/>
<opset="or_ln52_65/1 "/>
</bind>
</comp>

<comp id="3949" class="1004" name="select_ln52_43_fu_3949">
<pin_list>
<pin id="3950" dir="0" index="0" bw="1" slack="0"/>
<pin id="3951" dir="0" index="1" bw="6" slack="0"/>
<pin id="3952" dir="0" index="2" bw="6" slack="0"/>
<pin id="3953" dir="1" index="3" bw="6" slack="0"/>
</pin_list>
<bind>
<opcode="select(49) " fcode="select"/>
<opset="select_ln52_43/1 "/>
</bind>
</comp>

<comp id="3957" class="1004" name="out_data_0_21_0_0_0_load_fu_3957">
<pin_list>
<pin id="3958" dir="0" index="0" bw="1" slack="0"/>
<pin id="3959" dir="0" index="1" bw="6" slack="0"/>
<pin id="3960" dir="0" index="2" bw="6" slack="0"/>
<pin id="3961" dir="1" index="3" bw="6" slack="0"/>
</pin_list>
<bind>
<opcode="select(49) " fcode="select"/>
<opset="out_data_0_21_0_0_0_load/1 "/>
</bind>
</comp>

<comp id="3965" class="1004" name="icmp_ln51_22_fu_3965">
<pin_list>
<pin id="3966" dir="0" index="0" bw="18" slack="0"/>
<pin id="3967" dir="0" index="1" bw="18" slack="0"/>
<pin id="3968" dir="1" index="2" bw="1" slack="0"/>
</pin_list>
<bind>
<opcode="icmp(45) " fcode="icmp"/>
<opset="icmp_ln51_22/1 "/>
</bind>
</comp>

<comp id="3971" class="1004" name="tmp_109_fu_3971">
<pin_list>
<pin id="3972" dir="0" index="0" bw="1" slack="0"/>
<pin id="3973" dir="0" index="1" bw="576" slack="0"/>
<pin id="3974" dir="0" index="2" bw="10" slack="0"/>
<pin id="3975" dir="1" index="3" bw="1" slack="0"/>
</pin_list>
<bind>
<opcode="bitselect(1000) " fcode="bitselect"/>
<opset="tmp_109/1 "/>
</bind>
</comp>

<comp id="3979" class="1004" name="trunc_ln52_21_fu_3979">
<pin_list>
<pin id="3980" dir="0" index="0" bw="6" slack="0"/>
<pin id="3981" dir="0" index="1" bw="576" slack="0"/>
<pin id="3982" dir="0" index="2" bw="10" slack="0"/>
<pin id="3983" dir="0" index="3" bw="10" slack="0"/>
<pin id="3984" dir="1" index="4" bw="6" slack="0"/>
</pin_list>
<bind>
<opcode="partselect(1002) " fcode="partselect"/>
<opset="trunc_ln52_21/1 "/>
</bind>
</comp>

<comp id="3989" class="1004" name="tmp_110_fu_3989">
<pin_list>
<pin id="3990" dir="0" index="0" bw="1" slack="0"/>
<pin id="3991" dir="0" index="1" bw="576" slack="0"/>
<pin id="3992" dir="0" index="2" bw="10" slack="0"/>
<pin id="3993" dir="1" index="3" bw="1" slack="0"/>
</pin_list>
<bind>
<opcode="bitselect(1000) " fcode="bitselect"/>
<opset="tmp_110/1 "/>
</bind>
</comp>

<comp id="3997" class="1004" name="tmp_111_fu_3997">
<pin_list>
<pin id="3998" dir="0" index="0" bw="1" slack="0"/>
<pin id="3999" dir="0" index="1" bw="576" slack="0"/>
<pin id="4000" dir="0" index="2" bw="10" slack="0"/>
<pin id="4001" dir="1" index="3" bw="1" slack="0"/>
</pin_list>
<bind>
<opcode="bitselect(1000) " fcode="bitselect"/>
<opset="tmp_111/1 "/>
</bind>
</comp>

<comp id="4005" class="1004" name="zext_ln52_22_fu_4005">
<pin_list>
<pin id="4006" dir="0" index="0" bw="1" slack="0"/>
<pin id="4007" dir="1" index="1" bw="6" slack="0"/>
</pin_list>
<bind>
<opcode="zext(34) " fcode="zext"/>
<opset="zext_ln52_22/1 "/>
</bind>
</comp>

<comp id="4009" class="1004" name="add_ln52_22_fu_4009">
<pin_list>
<pin id="4010" dir="0" index="0" bw="6" slack="0"/>
<pin id="4011" dir="0" index="1" bw="1" slack="0"/>
<pin id="4012" dir="1" index="2" bw="6" slack="0"/>
</pin_list>
<bind>
<opcode="add(8) " fcode="add"/>
<opset="add_ln52_22/1 "/>
</bind>
</comp>

<comp id="4015" class="1004" name="tmp_112_fu_4015">
<pin_list>
<pin id="4016" dir="0" index="0" bw="1" slack="0"/>
<pin id="4017" dir="0" index="1" bw="6" slack="0"/>
<pin id="4018" dir="0" index="2" bw="4" slack="0"/>
<pin id="4019" dir="1" index="3" bw="1" slack="0"/>
</pin_list>
<bind>
<opcode="bitselect(1000) " fcode="bitselect"/>
<opset="tmp_112/1 "/>
</bind>
</comp>

<comp id="4023" class="1004" name="tmp_113_fu_4023">
<pin_list>
<pin id="4024" dir="0" index="0" bw="10" slack="0"/>
<pin id="4025" dir="0" index="1" bw="576" slack="0"/>
<pin id="4026" dir="0" index="2" bw="10" slack="0"/>
<pin id="4027" dir="0" index="3" bw="10" slack="0"/>
<pin id="4028" dir="1" index="4" bw="10" slack="0"/>
</pin_list>
<bind>
<opcode="partselect(1002) " fcode="partselect"/>
<opset="tmp_113/1 "/>
</bind>
</comp>

<comp id="4033" class="1004" name="icmp_ln52_22_fu_4033">
<pin_list>
<pin id="4034" dir="0" index="0" bw="10" slack="0"/>
<pin id="4035" dir="0" index="1" bw="10" slack="0"/>
<pin id="4036" dir="1" index="2" bw="1" slack="0"/>
</pin_list>
<bind>
<opcode="icmp(45) " fcode="icmp"/>
<opset="icmp_ln52_22/1 "/>
</bind>
</comp>

<comp id="4039" class="1004" name="xor_ln52_66_fu_4039">
<pin_list>
<pin id="4040" dir="0" index="0" bw="1" slack="0"/>
<pin id="4041" dir="0" index="1" bw="1" slack="0"/>
<pin id="4042" dir="1" index="2" bw="1" slack="0"/>
</pin_list>
<bind>
<opcode="xor(25) " fcode="xor"/>
<opset="xor_ln52_66/1 "/>
</bind>
</comp>

<comp id="4045" class="1004" name="or_ln52_66_fu_4045">
<pin_list>
<pin id="4046" dir="0" index="0" bw="1" slack="0"/>
<pin id="4047" dir="0" index="1" bw="1" slack="0"/>
<pin id="4048" dir="1" index="2" bw="1" slack="0"/>
</pin_list>
<bind>
<opcode="or(24) " fcode="or"/>
<opset="or_ln52_66/1 "/>
</bind>
</comp>

<comp id="4051" class="1004" name="and_ln52_44_fu_4051">
<pin_list>
<pin id="4052" dir="0" index="0" bw="1" slack="0"/>
<pin id="4053" dir="0" index="1" bw="1" slack="0"/>
<pin id="4054" dir="1" index="2" bw="1" slack="0"/>
</pin_list>
<bind>
<opcode="and(23) " fcode="and"/>
<opset="and_ln52_44/1 "/>
</bind>
</comp>

<comp id="4057" class="1004" name="xor_ln52_67_fu_4057">
<pin_list>
<pin id="4058" dir="0" index="0" bw="1" slack="0"/>
<pin id="4059" dir="0" index="1" bw="1" slack="0"/>
<pin id="4060" dir="1" index="2" bw="1" slack="0"/>
</pin_list>
<bind>
<opcode="xor(25) " fcode="xor"/>
<opset="xor_ln52_67/1 "/>
</bind>
</comp>

<comp id="4063" class="1004" name="or_ln52_67_fu_4063">
<pin_list>
<pin id="4064" dir="0" index="0" bw="1" slack="0"/>
<pin id="4065" dir="0" index="1" bw="1" slack="0"/>
<pin id="4066" dir="1" index="2" bw="1" slack="0"/>
</pin_list>
<bind>
<opcode="or(24) " fcode="or"/>
<opset="or_ln52_67/1 "/>
</bind>
</comp>

<comp id="4069" class="1004" name="xor_ln52_68_fu_4069">
<pin_list>
<pin id="4070" dir="0" index="0" bw="1" slack="0"/>
<pin id="4071" dir="0" index="1" bw="1" slack="0"/>
<pin id="4072" dir="1" index="2" bw="1" slack="0"/>
</pin_list>
<bind>
<opcode="xor(25) " fcode="xor"/>
<opset="xor_ln52_68/1 "/>
</bind>
</comp>

<comp id="4075" class="1004" name="and_ln52_45_fu_4075">
<pin_list>
<pin id="4076" dir="0" index="0" bw="1" slack="0"/>
<pin id="4077" dir="0" index="1" bw="1" slack="0"/>
<pin id="4078" dir="1" index="2" bw="1" slack="0"/>
</pin_list>
<bind>
<opcode="and(23) " fcode="and"/>
<opset="and_ln52_45/1 "/>
</bind>
</comp>

<comp id="4081" class="1004" name="select_ln52_44_fu_4081">
<pin_list>
<pin id="4082" dir="0" index="0" bw="1" slack="0"/>
<pin id="4083" dir="0" index="1" bw="6" slack="0"/>
<pin id="4084" dir="0" index="2" bw="6" slack="0"/>
<pin id="4085" dir="1" index="3" bw="6" slack="0"/>
</pin_list>
<bind>
<opcode="select(49) " fcode="select"/>
<opset="select_ln52_44/1 "/>
</bind>
</comp>

<comp id="4089" class="1004" name="or_ln52_68_fu_4089">
<pin_list>
<pin id="4090" dir="0" index="0" bw="1" slack="0"/>
<pin id="4091" dir="0" index="1" bw="1" slack="0"/>
<pin id="4092" dir="1" index="2" bw="1" slack="0"/>
</pin_list>
<bind>
<opcode="or(24) " fcode="or"/>
<opset="or_ln52_68/1 "/>
</bind>
</comp>

<comp id="4095" class="1004" name="select_ln52_45_fu_4095">
<pin_list>
<pin id="4096" dir="0" index="0" bw="1" slack="0"/>
<pin id="4097" dir="0" index="1" bw="6" slack="0"/>
<pin id="4098" dir="0" index="2" bw="6" slack="0"/>
<pin id="4099" dir="1" index="3" bw="6" slack="0"/>
</pin_list>
<bind>
<opcode="select(49) " fcode="select"/>
<opset="select_ln52_45/1 "/>
</bind>
</comp>

<comp id="4103" class="1004" name="out_data_0_22_0_0_0_load_fu_4103">
<pin_list>
<pin id="4104" dir="0" index="0" bw="1" slack="0"/>
<pin id="4105" dir="0" index="1" bw="6" slack="0"/>
<pin id="4106" dir="0" index="2" bw="6" slack="0"/>
<pin id="4107" dir="1" index="3" bw="6" slack="0"/>
</pin_list>
<bind>
<opcode="select(49) " fcode="select"/>
<opset="out_data_0_22_0_0_0_load/1 "/>
</bind>
</comp>

<comp id="4111" class="1004" name="icmp_ln51_23_fu_4111">
<pin_list>
<pin id="4112" dir="0" index="0" bw="18" slack="0"/>
<pin id="4113" dir="0" index="1" bw="18" slack="0"/>
<pin id="4114" dir="1" index="2" bw="1" slack="0"/>
</pin_list>
<bind>
<opcode="icmp(45) " fcode="icmp"/>
<opset="icmp_ln51_23/1 "/>
</bind>
</comp>

<comp id="4117" class="1004" name="tmp_114_fu_4117">
<pin_list>
<pin id="4118" dir="0" index="0" bw="1" slack="0"/>
<pin id="4119" dir="0" index="1" bw="576" slack="0"/>
<pin id="4120" dir="0" index="2" bw="10" slack="0"/>
<pin id="4121" dir="1" index="3" bw="1" slack="0"/>
</pin_list>
<bind>
<opcode="bitselect(1000) " fcode="bitselect"/>
<opset="tmp_114/1 "/>
</bind>
</comp>

<comp id="4125" class="1004" name="trunc_ln52_22_fu_4125">
<pin_list>
<pin id="4126" dir="0" index="0" bw="6" slack="0"/>
<pin id="4127" dir="0" index="1" bw="576" slack="0"/>
<pin id="4128" dir="0" index="2" bw="10" slack="0"/>
<pin id="4129" dir="0" index="3" bw="10" slack="0"/>
<pin id="4130" dir="1" index="4" bw="6" slack="0"/>
</pin_list>
<bind>
<opcode="partselect(1002) " fcode="partselect"/>
<opset="trunc_ln52_22/1 "/>
</bind>
</comp>

<comp id="4135" class="1004" name="tmp_115_fu_4135">
<pin_list>
<pin id="4136" dir="0" index="0" bw="1" slack="0"/>
<pin id="4137" dir="0" index="1" bw="576" slack="0"/>
<pin id="4138" dir="0" index="2" bw="10" slack="0"/>
<pin id="4139" dir="1" index="3" bw="1" slack="0"/>
</pin_list>
<bind>
<opcode="bitselect(1000) " fcode="bitselect"/>
<opset="tmp_115/1 "/>
</bind>
</comp>

<comp id="4143" class="1004" name="tmp_116_fu_4143">
<pin_list>
<pin id="4144" dir="0" index="0" bw="1" slack="0"/>
<pin id="4145" dir="0" index="1" bw="576" slack="0"/>
<pin id="4146" dir="0" index="2" bw="10" slack="0"/>
<pin id="4147" dir="1" index="3" bw="1" slack="0"/>
</pin_list>
<bind>
<opcode="bitselect(1000) " fcode="bitselect"/>
<opset="tmp_116/1 "/>
</bind>
</comp>

<comp id="4151" class="1004" name="zext_ln52_23_fu_4151">
<pin_list>
<pin id="4152" dir="0" index="0" bw="1" slack="0"/>
<pin id="4153" dir="1" index="1" bw="6" slack="0"/>
</pin_list>
<bind>
<opcode="zext(34) " fcode="zext"/>
<opset="zext_ln52_23/1 "/>
</bind>
</comp>

<comp id="4155" class="1004" name="add_ln52_23_fu_4155">
<pin_list>
<pin id="4156" dir="0" index="0" bw="6" slack="0"/>
<pin id="4157" dir="0" index="1" bw="1" slack="0"/>
<pin id="4158" dir="1" index="2" bw="6" slack="0"/>
</pin_list>
<bind>
<opcode="add(8) " fcode="add"/>
<opset="add_ln52_23/1 "/>
</bind>
</comp>

<comp id="4161" class="1004" name="tmp_117_fu_4161">
<pin_list>
<pin id="4162" dir="0" index="0" bw="1" slack="0"/>
<pin id="4163" dir="0" index="1" bw="6" slack="0"/>
<pin id="4164" dir="0" index="2" bw="4" slack="0"/>
<pin id="4165" dir="1" index="3" bw="1" slack="0"/>
</pin_list>
<bind>
<opcode="bitselect(1000) " fcode="bitselect"/>
<opset="tmp_117/1 "/>
</bind>
</comp>

<comp id="4169" class="1004" name="tmp_118_fu_4169">
<pin_list>
<pin id="4170" dir="0" index="0" bw="10" slack="0"/>
<pin id="4171" dir="0" index="1" bw="576" slack="0"/>
<pin id="4172" dir="0" index="2" bw="10" slack="0"/>
<pin id="4173" dir="0" index="3" bw="10" slack="0"/>
<pin id="4174" dir="1" index="4" bw="10" slack="0"/>
</pin_list>
<bind>
<opcode="partselect(1002) " fcode="partselect"/>
<opset="tmp_118/1 "/>
</bind>
</comp>

<comp id="4179" class="1004" name="icmp_ln52_23_fu_4179">
<pin_list>
<pin id="4180" dir="0" index="0" bw="10" slack="0"/>
<pin id="4181" dir="0" index="1" bw="10" slack="0"/>
<pin id="4182" dir="1" index="2" bw="1" slack="0"/>
</pin_list>
<bind>
<opcode="icmp(45) " fcode="icmp"/>
<opset="icmp_ln52_23/1 "/>
</bind>
</comp>

<comp id="4185" class="1004" name="xor_ln52_69_fu_4185">
<pin_list>
<pin id="4186" dir="0" index="0" bw="1" slack="0"/>
<pin id="4187" dir="0" index="1" bw="1" slack="0"/>
<pin id="4188" dir="1" index="2" bw="1" slack="0"/>
</pin_list>
<bind>
<opcode="xor(25) " fcode="xor"/>
<opset="xor_ln52_69/1 "/>
</bind>
</comp>

<comp id="4191" class="1004" name="or_ln52_69_fu_4191">
<pin_list>
<pin id="4192" dir="0" index="0" bw="1" slack="0"/>
<pin id="4193" dir="0" index="1" bw="1" slack="0"/>
<pin id="4194" dir="1" index="2" bw="1" slack="0"/>
</pin_list>
<bind>
<opcode="or(24) " fcode="or"/>
<opset="or_ln52_69/1 "/>
</bind>
</comp>

<comp id="4197" class="1004" name="and_ln52_46_fu_4197">
<pin_list>
<pin id="4198" dir="0" index="0" bw="1" slack="0"/>
<pin id="4199" dir="0" index="1" bw="1" slack="0"/>
<pin id="4200" dir="1" index="2" bw="1" slack="0"/>
</pin_list>
<bind>
<opcode="and(23) " fcode="and"/>
<opset="and_ln52_46/1 "/>
</bind>
</comp>

<comp id="4203" class="1004" name="xor_ln52_70_fu_4203">
<pin_list>
<pin id="4204" dir="0" index="0" bw="1" slack="0"/>
<pin id="4205" dir="0" index="1" bw="1" slack="0"/>
<pin id="4206" dir="1" index="2" bw="1" slack="0"/>
</pin_list>
<bind>
<opcode="xor(25) " fcode="xor"/>
<opset="xor_ln52_70/1 "/>
</bind>
</comp>

<comp id="4209" class="1004" name="or_ln52_70_fu_4209">
<pin_list>
<pin id="4210" dir="0" index="0" bw="1" slack="0"/>
<pin id="4211" dir="0" index="1" bw="1" slack="0"/>
<pin id="4212" dir="1" index="2" bw="1" slack="0"/>
</pin_list>
<bind>
<opcode="or(24) " fcode="or"/>
<opset="or_ln52_70/1 "/>
</bind>
</comp>

<comp id="4215" class="1004" name="xor_ln52_71_fu_4215">
<pin_list>
<pin id="4216" dir="0" index="0" bw="1" slack="0"/>
<pin id="4217" dir="0" index="1" bw="1" slack="0"/>
<pin id="4218" dir="1" index="2" bw="1" slack="0"/>
</pin_list>
<bind>
<opcode="xor(25) " fcode="xor"/>
<opset="xor_ln52_71/1 "/>
</bind>
</comp>

<comp id="4221" class="1004" name="and_ln52_47_fu_4221">
<pin_list>
<pin id="4222" dir="0" index="0" bw="1" slack="0"/>
<pin id="4223" dir="0" index="1" bw="1" slack="0"/>
<pin id="4224" dir="1" index="2" bw="1" slack="0"/>
</pin_list>
<bind>
<opcode="and(23) " fcode="and"/>
<opset="and_ln52_47/1 "/>
</bind>
</comp>

<comp id="4227" class="1004" name="select_ln52_46_fu_4227">
<pin_list>
<pin id="4228" dir="0" index="0" bw="1" slack="0"/>
<pin id="4229" dir="0" index="1" bw="6" slack="0"/>
<pin id="4230" dir="0" index="2" bw="6" slack="0"/>
<pin id="4231" dir="1" index="3" bw="6" slack="0"/>
</pin_list>
<bind>
<opcode="select(49) " fcode="select"/>
<opset="select_ln52_46/1 "/>
</bind>
</comp>

<comp id="4235" class="1004" name="or_ln52_71_fu_4235">
<pin_list>
<pin id="4236" dir="0" index="0" bw="1" slack="0"/>
<pin id="4237" dir="0" index="1" bw="1" slack="0"/>
<pin id="4238" dir="1" index="2" bw="1" slack="0"/>
</pin_list>
<bind>
<opcode="or(24) " fcode="or"/>
<opset="or_ln52_71/1 "/>
</bind>
</comp>

<comp id="4241" class="1004" name="select_ln52_47_fu_4241">
<pin_list>
<pin id="4242" dir="0" index="0" bw="1" slack="0"/>
<pin id="4243" dir="0" index="1" bw="6" slack="0"/>
<pin id="4244" dir="0" index="2" bw="6" slack="0"/>
<pin id="4245" dir="1" index="3" bw="6" slack="0"/>
</pin_list>
<bind>
<opcode="select(49) " fcode="select"/>
<opset="select_ln52_47/1 "/>
</bind>
</comp>

<comp id="4249" class="1004" name="out_data_0_23_0_0_0_load_fu_4249">
<pin_list>
<pin id="4250" dir="0" index="0" bw="1" slack="0"/>
<pin id="4251" dir="0" index="1" bw="6" slack="0"/>
<pin id="4252" dir="0" index="2" bw="6" slack="0"/>
<pin id="4253" dir="1" index="3" bw="6" slack="0"/>
</pin_list>
<bind>
<opcode="select(49) " fcode="select"/>
<opset="out_data_0_23_0_0_0_load/1 "/>
</bind>
</comp>

<comp id="4257" class="1004" name="icmp_ln51_24_fu_4257">
<pin_list>
<pin id="4258" dir="0" index="0" bw="18" slack="0"/>
<pin id="4259" dir="0" index="1" bw="18" slack="0"/>
<pin id="4260" dir="1" index="2" bw="1" slack="0"/>
</pin_list>
<bind>
<opcode="icmp(45) " fcode="icmp"/>
<opset="icmp_ln51_24/1 "/>
</bind>
</comp>

<comp id="4263" class="1004" name="tmp_119_fu_4263">
<pin_list>
<pin id="4264" dir="0" index="0" bw="1" slack="0"/>
<pin id="4265" dir="0" index="1" bw="576" slack="0"/>
<pin id="4266" dir="0" index="2" bw="10" slack="0"/>
<pin id="4267" dir="1" index="3" bw="1" slack="0"/>
</pin_list>
<bind>
<opcode="bitselect(1000) " fcode="bitselect"/>
<opset="tmp_119/1 "/>
</bind>
</comp>

<comp id="4271" class="1004" name="trunc_ln52_23_fu_4271">
<pin_list>
<pin id="4272" dir="0" index="0" bw="6" slack="0"/>
<pin id="4273" dir="0" index="1" bw="576" slack="0"/>
<pin id="4274" dir="0" index="2" bw="10" slack="0"/>
<pin id="4275" dir="0" index="3" bw="10" slack="0"/>
<pin id="4276" dir="1" index="4" bw="6" slack="0"/>
</pin_list>
<bind>
<opcode="partselect(1002) " fcode="partselect"/>
<opset="trunc_ln52_23/1 "/>
</bind>
</comp>

<comp id="4281" class="1004" name="tmp_120_fu_4281">
<pin_list>
<pin id="4282" dir="0" index="0" bw="1" slack="0"/>
<pin id="4283" dir="0" index="1" bw="576" slack="0"/>
<pin id="4284" dir="0" index="2" bw="10" slack="0"/>
<pin id="4285" dir="1" index="3" bw="1" slack="0"/>
</pin_list>
<bind>
<opcode="bitselect(1000) " fcode="bitselect"/>
<opset="tmp_120/1 "/>
</bind>
</comp>

<comp id="4289" class="1004" name="tmp_121_fu_4289">
<pin_list>
<pin id="4290" dir="0" index="0" bw="1" slack="0"/>
<pin id="4291" dir="0" index="1" bw="576" slack="0"/>
<pin id="4292" dir="0" index="2" bw="10" slack="0"/>
<pin id="4293" dir="1" index="3" bw="1" slack="0"/>
</pin_list>
<bind>
<opcode="bitselect(1000) " fcode="bitselect"/>
<opset="tmp_121/1 "/>
</bind>
</comp>

<comp id="4297" class="1004" name="zext_ln52_24_fu_4297">
<pin_list>
<pin id="4298" dir="0" index="0" bw="1" slack="0"/>
<pin id="4299" dir="1" index="1" bw="6" slack="0"/>
</pin_list>
<bind>
<opcode="zext(34) " fcode="zext"/>
<opset="zext_ln52_24/1 "/>
</bind>
</comp>

<comp id="4301" class="1004" name="add_ln52_24_fu_4301">
<pin_list>
<pin id="4302" dir="0" index="0" bw="6" slack="0"/>
<pin id="4303" dir="0" index="1" bw="1" slack="0"/>
<pin id="4304" dir="1" index="2" bw="6" slack="0"/>
</pin_list>
<bind>
<opcode="add(8) " fcode="add"/>
<opset="add_ln52_24/1 "/>
</bind>
</comp>

<comp id="4307" class="1004" name="tmp_122_fu_4307">
<pin_list>
<pin id="4308" dir="0" index="0" bw="1" slack="0"/>
<pin id="4309" dir="0" index="1" bw="6" slack="0"/>
<pin id="4310" dir="0" index="2" bw="4" slack="0"/>
<pin id="4311" dir="1" index="3" bw="1" slack="0"/>
</pin_list>
<bind>
<opcode="bitselect(1000) " fcode="bitselect"/>
<opset="tmp_122/1 "/>
</bind>
</comp>

<comp id="4315" class="1004" name="tmp_123_fu_4315">
<pin_list>
<pin id="4316" dir="0" index="0" bw="10" slack="0"/>
<pin id="4317" dir="0" index="1" bw="576" slack="0"/>
<pin id="4318" dir="0" index="2" bw="10" slack="0"/>
<pin id="4319" dir="0" index="3" bw="10" slack="0"/>
<pin id="4320" dir="1" index="4" bw="10" slack="0"/>
</pin_list>
<bind>
<opcode="partselect(1002) " fcode="partselect"/>
<opset="tmp_123/1 "/>
</bind>
</comp>

<comp id="4325" class="1004" name="icmp_ln52_24_fu_4325">
<pin_list>
<pin id="4326" dir="0" index="0" bw="10" slack="0"/>
<pin id="4327" dir="0" index="1" bw="10" slack="0"/>
<pin id="4328" dir="1" index="2" bw="1" slack="0"/>
</pin_list>
<bind>
<opcode="icmp(45) " fcode="icmp"/>
<opset="icmp_ln52_24/1 "/>
</bind>
</comp>

<comp id="4331" class="1004" name="xor_ln52_72_fu_4331">
<pin_list>
<pin id="4332" dir="0" index="0" bw="1" slack="0"/>
<pin id="4333" dir="0" index="1" bw="1" slack="0"/>
<pin id="4334" dir="1" index="2" bw="1" slack="0"/>
</pin_list>
<bind>
<opcode="xor(25) " fcode="xor"/>
<opset="xor_ln52_72/1 "/>
</bind>
</comp>

<comp id="4337" class="1004" name="or_ln52_72_fu_4337">
<pin_list>
<pin id="4338" dir="0" index="0" bw="1" slack="0"/>
<pin id="4339" dir="0" index="1" bw="1" slack="0"/>
<pin id="4340" dir="1" index="2" bw="1" slack="0"/>
</pin_list>
<bind>
<opcode="or(24) " fcode="or"/>
<opset="or_ln52_72/1 "/>
</bind>
</comp>

<comp id="4343" class="1004" name="and_ln52_48_fu_4343">
<pin_list>
<pin id="4344" dir="0" index="0" bw="1" slack="0"/>
<pin id="4345" dir="0" index="1" bw="1" slack="0"/>
<pin id="4346" dir="1" index="2" bw="1" slack="0"/>
</pin_list>
<bind>
<opcode="and(23) " fcode="and"/>
<opset="and_ln52_48/1 "/>
</bind>
</comp>

<comp id="4349" class="1004" name="xor_ln52_73_fu_4349">
<pin_list>
<pin id="4350" dir="0" index="0" bw="1" slack="0"/>
<pin id="4351" dir="0" index="1" bw="1" slack="0"/>
<pin id="4352" dir="1" index="2" bw="1" slack="0"/>
</pin_list>
<bind>
<opcode="xor(25) " fcode="xor"/>
<opset="xor_ln52_73/1 "/>
</bind>
</comp>

<comp id="4355" class="1004" name="or_ln52_73_fu_4355">
<pin_list>
<pin id="4356" dir="0" index="0" bw="1" slack="0"/>
<pin id="4357" dir="0" index="1" bw="1" slack="0"/>
<pin id="4358" dir="1" index="2" bw="1" slack="0"/>
</pin_list>
<bind>
<opcode="or(24) " fcode="or"/>
<opset="or_ln52_73/1 "/>
</bind>
</comp>

<comp id="4361" class="1004" name="xor_ln52_74_fu_4361">
<pin_list>
<pin id="4362" dir="0" index="0" bw="1" slack="0"/>
<pin id="4363" dir="0" index="1" bw="1" slack="0"/>
<pin id="4364" dir="1" index="2" bw="1" slack="0"/>
</pin_list>
<bind>
<opcode="xor(25) " fcode="xor"/>
<opset="xor_ln52_74/1 "/>
</bind>
</comp>

<comp id="4367" class="1004" name="and_ln52_49_fu_4367">
<pin_list>
<pin id="4368" dir="0" index="0" bw="1" slack="0"/>
<pin id="4369" dir="0" index="1" bw="1" slack="0"/>
<pin id="4370" dir="1" index="2" bw="1" slack="0"/>
</pin_list>
<bind>
<opcode="and(23) " fcode="and"/>
<opset="and_ln52_49/1 "/>
</bind>
</comp>

<comp id="4373" class="1004" name="select_ln52_48_fu_4373">
<pin_list>
<pin id="4374" dir="0" index="0" bw="1" slack="0"/>
<pin id="4375" dir="0" index="1" bw="6" slack="0"/>
<pin id="4376" dir="0" index="2" bw="6" slack="0"/>
<pin id="4377" dir="1" index="3" bw="6" slack="0"/>
</pin_list>
<bind>
<opcode="select(49) " fcode="select"/>
<opset="select_ln52_48/1 "/>
</bind>
</comp>

<comp id="4381" class="1004" name="or_ln52_74_fu_4381">
<pin_list>
<pin id="4382" dir="0" index="0" bw="1" slack="0"/>
<pin id="4383" dir="0" index="1" bw="1" slack="0"/>
<pin id="4384" dir="1" index="2" bw="1" slack="0"/>
</pin_list>
<bind>
<opcode="or(24) " fcode="or"/>
<opset="or_ln52_74/1 "/>
</bind>
</comp>

<comp id="4387" class="1004" name="select_ln52_49_fu_4387">
<pin_list>
<pin id="4388" dir="0" index="0" bw="1" slack="0"/>
<pin id="4389" dir="0" index="1" bw="6" slack="0"/>
<pin id="4390" dir="0" index="2" bw="6" slack="0"/>
<pin id="4391" dir="1" index="3" bw="6" slack="0"/>
</pin_list>
<bind>
<opcode="select(49) " fcode="select"/>
<opset="select_ln52_49/1 "/>
</bind>
</comp>

<comp id="4395" class="1004" name="out_data_0_24_0_0_0_load_fu_4395">
<pin_list>
<pin id="4396" dir="0" index="0" bw="1" slack="0"/>
<pin id="4397" dir="0" index="1" bw="6" slack="0"/>
<pin id="4398" dir="0" index="2" bw="6" slack="0"/>
<pin id="4399" dir="1" index="3" bw="6" slack="0"/>
</pin_list>
<bind>
<opcode="select(49) " fcode="select"/>
<opset="out_data_0_24_0_0_0_load/1 "/>
</bind>
</comp>

<comp id="4403" class="1004" name="icmp_ln51_25_fu_4403">
<pin_list>
<pin id="4404" dir="0" index="0" bw="18" slack="0"/>
<pin id="4405" dir="0" index="1" bw="18" slack="0"/>
<pin id="4406" dir="1" index="2" bw="1" slack="0"/>
</pin_list>
<bind>
<opcode="icmp(45) " fcode="icmp"/>
<opset="icmp_ln51_25/1 "/>
</bind>
</comp>

<comp id="4409" class="1004" name="tmp_124_fu_4409">
<pin_list>
<pin id="4410" dir="0" index="0" bw="1" slack="0"/>
<pin id="4411" dir="0" index="1" bw="576" slack="0"/>
<pin id="4412" dir="0" index="2" bw="10" slack="0"/>
<pin id="4413" dir="1" index="3" bw="1" slack="0"/>
</pin_list>
<bind>
<opcode="bitselect(1000) " fcode="bitselect"/>
<opset="tmp_124/1 "/>
</bind>
</comp>

<comp id="4417" class="1004" name="trunc_ln52_24_fu_4417">
<pin_list>
<pin id="4418" dir="0" index="0" bw="6" slack="0"/>
<pin id="4419" dir="0" index="1" bw="576" slack="0"/>
<pin id="4420" dir="0" index="2" bw="10" slack="0"/>
<pin id="4421" dir="0" index="3" bw="10" slack="0"/>
<pin id="4422" dir="1" index="4" bw="6" slack="0"/>
</pin_list>
<bind>
<opcode="partselect(1002) " fcode="partselect"/>
<opset="trunc_ln52_24/1 "/>
</bind>
</comp>

<comp id="4427" class="1004" name="tmp_125_fu_4427">
<pin_list>
<pin id="4428" dir="0" index="0" bw="1" slack="0"/>
<pin id="4429" dir="0" index="1" bw="576" slack="0"/>
<pin id="4430" dir="0" index="2" bw="10" slack="0"/>
<pin id="4431" dir="1" index="3" bw="1" slack="0"/>
</pin_list>
<bind>
<opcode="bitselect(1000) " fcode="bitselect"/>
<opset="tmp_125/1 "/>
</bind>
</comp>

<comp id="4435" class="1004" name="tmp_126_fu_4435">
<pin_list>
<pin id="4436" dir="0" index="0" bw="1" slack="0"/>
<pin id="4437" dir="0" index="1" bw="576" slack="0"/>
<pin id="4438" dir="0" index="2" bw="10" slack="0"/>
<pin id="4439" dir="1" index="3" bw="1" slack="0"/>
</pin_list>
<bind>
<opcode="bitselect(1000) " fcode="bitselect"/>
<opset="tmp_126/1 "/>
</bind>
</comp>

<comp id="4443" class="1004" name="zext_ln52_25_fu_4443">
<pin_list>
<pin id="4444" dir="0" index="0" bw="1" slack="0"/>
<pin id="4445" dir="1" index="1" bw="6" slack="0"/>
</pin_list>
<bind>
<opcode="zext(34) " fcode="zext"/>
<opset="zext_ln52_25/1 "/>
</bind>
</comp>

<comp id="4447" class="1004" name="add_ln52_25_fu_4447">
<pin_list>
<pin id="4448" dir="0" index="0" bw="6" slack="0"/>
<pin id="4449" dir="0" index="1" bw="1" slack="0"/>
<pin id="4450" dir="1" index="2" bw="6" slack="0"/>
</pin_list>
<bind>
<opcode="add(8) " fcode="add"/>
<opset="add_ln52_25/1 "/>
</bind>
</comp>

<comp id="4453" class="1004" name="tmp_127_fu_4453">
<pin_list>
<pin id="4454" dir="0" index="0" bw="1" slack="0"/>
<pin id="4455" dir="0" index="1" bw="6" slack="0"/>
<pin id="4456" dir="0" index="2" bw="4" slack="0"/>
<pin id="4457" dir="1" index="3" bw="1" slack="0"/>
</pin_list>
<bind>
<opcode="bitselect(1000) " fcode="bitselect"/>
<opset="tmp_127/1 "/>
</bind>
</comp>

<comp id="4461" class="1004" name="tmp_128_fu_4461">
<pin_list>
<pin id="4462" dir="0" index="0" bw="10" slack="0"/>
<pin id="4463" dir="0" index="1" bw="576" slack="0"/>
<pin id="4464" dir="0" index="2" bw="10" slack="0"/>
<pin id="4465" dir="0" index="3" bw="10" slack="0"/>
<pin id="4466" dir="1" index="4" bw="10" slack="0"/>
</pin_list>
<bind>
<opcode="partselect(1002) " fcode="partselect"/>
<opset="tmp_128/1 "/>
</bind>
</comp>

<comp id="4471" class="1004" name="icmp_ln52_25_fu_4471">
<pin_list>
<pin id="4472" dir="0" index="0" bw="10" slack="0"/>
<pin id="4473" dir="0" index="1" bw="10" slack="0"/>
<pin id="4474" dir="1" index="2" bw="1" slack="0"/>
</pin_list>
<bind>
<opcode="icmp(45) " fcode="icmp"/>
<opset="icmp_ln52_25/1 "/>
</bind>
</comp>

<comp id="4477" class="1004" name="xor_ln52_75_fu_4477">
<pin_list>
<pin id="4478" dir="0" index="0" bw="1" slack="0"/>
<pin id="4479" dir="0" index="1" bw="1" slack="0"/>
<pin id="4480" dir="1" index="2" bw="1" slack="0"/>
</pin_list>
<bind>
<opcode="xor(25) " fcode="xor"/>
<opset="xor_ln52_75/1 "/>
</bind>
</comp>

<comp id="4483" class="1004" name="or_ln52_75_fu_4483">
<pin_list>
<pin id="4484" dir="0" index="0" bw="1" slack="0"/>
<pin id="4485" dir="0" index="1" bw="1" slack="0"/>
<pin id="4486" dir="1" index="2" bw="1" slack="0"/>
</pin_list>
<bind>
<opcode="or(24) " fcode="or"/>
<opset="or_ln52_75/1 "/>
</bind>
</comp>

<comp id="4489" class="1004" name="and_ln52_50_fu_4489">
<pin_list>
<pin id="4490" dir="0" index="0" bw="1" slack="0"/>
<pin id="4491" dir="0" index="1" bw="1" slack="0"/>
<pin id="4492" dir="1" index="2" bw="1" slack="0"/>
</pin_list>
<bind>
<opcode="and(23) " fcode="and"/>
<opset="and_ln52_50/1 "/>
</bind>
</comp>

<comp id="4495" class="1004" name="xor_ln52_76_fu_4495">
<pin_list>
<pin id="4496" dir="0" index="0" bw="1" slack="0"/>
<pin id="4497" dir="0" index="1" bw="1" slack="0"/>
<pin id="4498" dir="1" index="2" bw="1" slack="0"/>
</pin_list>
<bind>
<opcode="xor(25) " fcode="xor"/>
<opset="xor_ln52_76/1 "/>
</bind>
</comp>

<comp id="4501" class="1004" name="or_ln52_76_fu_4501">
<pin_list>
<pin id="4502" dir="0" index="0" bw="1" slack="0"/>
<pin id="4503" dir="0" index="1" bw="1" slack="0"/>
<pin id="4504" dir="1" index="2" bw="1" slack="0"/>
</pin_list>
<bind>
<opcode="or(24) " fcode="or"/>
<opset="or_ln52_76/1 "/>
</bind>
</comp>

<comp id="4507" class="1004" name="xor_ln52_77_fu_4507">
<pin_list>
<pin id="4508" dir="0" index="0" bw="1" slack="0"/>
<pin id="4509" dir="0" index="1" bw="1" slack="0"/>
<pin id="4510" dir="1" index="2" bw="1" slack="0"/>
</pin_list>
<bind>
<opcode="xor(25) " fcode="xor"/>
<opset="xor_ln52_77/1 "/>
</bind>
</comp>

<comp id="4513" class="1004" name="and_ln52_51_fu_4513">
<pin_list>
<pin id="4514" dir="0" index="0" bw="1" slack="0"/>
<pin id="4515" dir="0" index="1" bw="1" slack="0"/>
<pin id="4516" dir="1" index="2" bw="1" slack="0"/>
</pin_list>
<bind>
<opcode="and(23) " fcode="and"/>
<opset="and_ln52_51/1 "/>
</bind>
</comp>

<comp id="4519" class="1004" name="select_ln52_50_fu_4519">
<pin_list>
<pin id="4520" dir="0" index="0" bw="1" slack="0"/>
<pin id="4521" dir="0" index="1" bw="6" slack="0"/>
<pin id="4522" dir="0" index="2" bw="6" slack="0"/>
<pin id="4523" dir="1" index="3" bw="6" slack="0"/>
</pin_list>
<bind>
<opcode="select(49) " fcode="select"/>
<opset="select_ln52_50/1 "/>
</bind>
</comp>

<comp id="4527" class="1004" name="or_ln52_77_fu_4527">
<pin_list>
<pin id="4528" dir="0" index="0" bw="1" slack="0"/>
<pin id="4529" dir="0" index="1" bw="1" slack="0"/>
<pin id="4530" dir="1" index="2" bw="1" slack="0"/>
</pin_list>
<bind>
<opcode="or(24) " fcode="or"/>
<opset="or_ln52_77/1 "/>
</bind>
</comp>

<comp id="4533" class="1004" name="select_ln52_51_fu_4533">
<pin_list>
<pin id="4534" dir="0" index="0" bw="1" slack="0"/>
<pin id="4535" dir="0" index="1" bw="6" slack="0"/>
<pin id="4536" dir="0" index="2" bw="6" slack="0"/>
<pin id="4537" dir="1" index="3" bw="6" slack="0"/>
</pin_list>
<bind>
<opcode="select(49) " fcode="select"/>
<opset="select_ln52_51/1 "/>
</bind>
</comp>

<comp id="4541" class="1004" name="out_data_0_25_0_0_0_load_fu_4541">
<pin_list>
<pin id="4542" dir="0" index="0" bw="1" slack="0"/>
<pin id="4543" dir="0" index="1" bw="6" slack="0"/>
<pin id="4544" dir="0" index="2" bw="6" slack="0"/>
<pin id="4545" dir="1" index="3" bw="6" slack="0"/>
</pin_list>
<bind>
<opcode="select(49) " fcode="select"/>
<opset="out_data_0_25_0_0_0_load/1 "/>
</bind>
</comp>

<comp id="4549" class="1004" name="icmp_ln51_26_fu_4549">
<pin_list>
<pin id="4550" dir="0" index="0" bw="18" slack="0"/>
<pin id="4551" dir="0" index="1" bw="18" slack="0"/>
<pin id="4552" dir="1" index="2" bw="1" slack="0"/>
</pin_list>
<bind>
<opcode="icmp(45) " fcode="icmp"/>
<opset="icmp_ln51_26/1 "/>
</bind>
</comp>

<comp id="4555" class="1004" name="tmp_129_fu_4555">
<pin_list>
<pin id="4556" dir="0" index="0" bw="1" slack="0"/>
<pin id="4557" dir="0" index="1" bw="576" slack="0"/>
<pin id="4558" dir="0" index="2" bw="10" slack="0"/>
<pin id="4559" dir="1" index="3" bw="1" slack="0"/>
</pin_list>
<bind>
<opcode="bitselect(1000) " fcode="bitselect"/>
<opset="tmp_129/1 "/>
</bind>
</comp>

<comp id="4563" class="1004" name="trunc_ln52_25_fu_4563">
<pin_list>
<pin id="4564" dir="0" index="0" bw="6" slack="0"/>
<pin id="4565" dir="0" index="1" bw="576" slack="0"/>
<pin id="4566" dir="0" index="2" bw="10" slack="0"/>
<pin id="4567" dir="0" index="3" bw="10" slack="0"/>
<pin id="4568" dir="1" index="4" bw="6" slack="0"/>
</pin_list>
<bind>
<opcode="partselect(1002) " fcode="partselect"/>
<opset="trunc_ln52_25/1 "/>
</bind>
</comp>

<comp id="4573" class="1004" name="tmp_130_fu_4573">
<pin_list>
<pin id="4574" dir="0" index="0" bw="1" slack="0"/>
<pin id="4575" dir="0" index="1" bw="576" slack="0"/>
<pin id="4576" dir="0" index="2" bw="10" slack="0"/>
<pin id="4577" dir="1" index="3" bw="1" slack="0"/>
</pin_list>
<bind>
<opcode="bitselect(1000) " fcode="bitselect"/>
<opset="tmp_130/1 "/>
</bind>
</comp>

<comp id="4581" class="1004" name="tmp_131_fu_4581">
<pin_list>
<pin id="4582" dir="0" index="0" bw="1" slack="0"/>
<pin id="4583" dir="0" index="1" bw="576" slack="0"/>
<pin id="4584" dir="0" index="2" bw="10" slack="0"/>
<pin id="4585" dir="1" index="3" bw="1" slack="0"/>
</pin_list>
<bind>
<opcode="bitselect(1000) " fcode="bitselect"/>
<opset="tmp_131/1 "/>
</bind>
</comp>

<comp id="4589" class="1004" name="zext_ln52_26_fu_4589">
<pin_list>
<pin id="4590" dir="0" index="0" bw="1" slack="0"/>
<pin id="4591" dir="1" index="1" bw="6" slack="0"/>
</pin_list>
<bind>
<opcode="zext(34) " fcode="zext"/>
<opset="zext_ln52_26/1 "/>
</bind>
</comp>

<comp id="4593" class="1004" name="add_ln52_26_fu_4593">
<pin_list>
<pin id="4594" dir="0" index="0" bw="6" slack="0"/>
<pin id="4595" dir="0" index="1" bw="1" slack="0"/>
<pin id="4596" dir="1" index="2" bw="6" slack="0"/>
</pin_list>
<bind>
<opcode="add(8) " fcode="add"/>
<opset="add_ln52_26/1 "/>
</bind>
</comp>

<comp id="4599" class="1004" name="tmp_132_fu_4599">
<pin_list>
<pin id="4600" dir="0" index="0" bw="1" slack="0"/>
<pin id="4601" dir="0" index="1" bw="6" slack="0"/>
<pin id="4602" dir="0" index="2" bw="4" slack="0"/>
<pin id="4603" dir="1" index="3" bw="1" slack="0"/>
</pin_list>
<bind>
<opcode="bitselect(1000) " fcode="bitselect"/>
<opset="tmp_132/1 "/>
</bind>
</comp>

<comp id="4607" class="1004" name="tmp_133_fu_4607">
<pin_list>
<pin id="4608" dir="0" index="0" bw="10" slack="0"/>
<pin id="4609" dir="0" index="1" bw="576" slack="0"/>
<pin id="4610" dir="0" index="2" bw="10" slack="0"/>
<pin id="4611" dir="0" index="3" bw="10" slack="0"/>
<pin id="4612" dir="1" index="4" bw="10" slack="0"/>
</pin_list>
<bind>
<opcode="partselect(1002) " fcode="partselect"/>
<opset="tmp_133/1 "/>
</bind>
</comp>

<comp id="4617" class="1004" name="icmp_ln52_26_fu_4617">
<pin_list>
<pin id="4618" dir="0" index="0" bw="10" slack="0"/>
<pin id="4619" dir="0" index="1" bw="10" slack="0"/>
<pin id="4620" dir="1" index="2" bw="1" slack="0"/>
</pin_list>
<bind>
<opcode="icmp(45) " fcode="icmp"/>
<opset="icmp_ln52_26/1 "/>
</bind>
</comp>

<comp id="4623" class="1004" name="xor_ln52_78_fu_4623">
<pin_list>
<pin id="4624" dir="0" index="0" bw="1" slack="0"/>
<pin id="4625" dir="0" index="1" bw="1" slack="0"/>
<pin id="4626" dir="1" index="2" bw="1" slack="0"/>
</pin_list>
<bind>
<opcode="xor(25) " fcode="xor"/>
<opset="xor_ln52_78/1 "/>
</bind>
</comp>

<comp id="4629" class="1004" name="or_ln52_78_fu_4629">
<pin_list>
<pin id="4630" dir="0" index="0" bw="1" slack="0"/>
<pin id="4631" dir="0" index="1" bw="1" slack="0"/>
<pin id="4632" dir="1" index="2" bw="1" slack="0"/>
</pin_list>
<bind>
<opcode="or(24) " fcode="or"/>
<opset="or_ln52_78/1 "/>
</bind>
</comp>

<comp id="4635" class="1004" name="and_ln52_52_fu_4635">
<pin_list>
<pin id="4636" dir="0" index="0" bw="1" slack="0"/>
<pin id="4637" dir="0" index="1" bw="1" slack="0"/>
<pin id="4638" dir="1" index="2" bw="1" slack="0"/>
</pin_list>
<bind>
<opcode="and(23) " fcode="and"/>
<opset="and_ln52_52/1 "/>
</bind>
</comp>

<comp id="4641" class="1004" name="xor_ln52_79_fu_4641">
<pin_list>
<pin id="4642" dir="0" index="0" bw="1" slack="0"/>
<pin id="4643" dir="0" index="1" bw="1" slack="0"/>
<pin id="4644" dir="1" index="2" bw="1" slack="0"/>
</pin_list>
<bind>
<opcode="xor(25) " fcode="xor"/>
<opset="xor_ln52_79/1 "/>
</bind>
</comp>

<comp id="4647" class="1004" name="or_ln52_79_fu_4647">
<pin_list>
<pin id="4648" dir="0" index="0" bw="1" slack="0"/>
<pin id="4649" dir="0" index="1" bw="1" slack="0"/>
<pin id="4650" dir="1" index="2" bw="1" slack="0"/>
</pin_list>
<bind>
<opcode="or(24) " fcode="or"/>
<opset="or_ln52_79/1 "/>
</bind>
</comp>

<comp id="4653" class="1004" name="xor_ln52_80_fu_4653">
<pin_list>
<pin id="4654" dir="0" index="0" bw="1" slack="0"/>
<pin id="4655" dir="0" index="1" bw="1" slack="0"/>
<pin id="4656" dir="1" index="2" bw="1" slack="0"/>
</pin_list>
<bind>
<opcode="xor(25) " fcode="xor"/>
<opset="xor_ln52_80/1 "/>
</bind>
</comp>

<comp id="4659" class="1004" name="and_ln52_53_fu_4659">
<pin_list>
<pin id="4660" dir="0" index="0" bw="1" slack="0"/>
<pin id="4661" dir="0" index="1" bw="1" slack="0"/>
<pin id="4662" dir="1" index="2" bw="1" slack="0"/>
</pin_list>
<bind>
<opcode="and(23) " fcode="and"/>
<opset="and_ln52_53/1 "/>
</bind>
</comp>

<comp id="4665" class="1004" name="select_ln52_52_fu_4665">
<pin_list>
<pin id="4666" dir="0" index="0" bw="1" slack="0"/>
<pin id="4667" dir="0" index="1" bw="6" slack="0"/>
<pin id="4668" dir="0" index="2" bw="6" slack="0"/>
<pin id="4669" dir="1" index="3" bw="6" slack="0"/>
</pin_list>
<bind>
<opcode="select(49) " fcode="select"/>
<opset="select_ln52_52/1 "/>
</bind>
</comp>

<comp id="4673" class="1004" name="or_ln52_80_fu_4673">
<pin_list>
<pin id="4674" dir="0" index="0" bw="1" slack="0"/>
<pin id="4675" dir="0" index="1" bw="1" slack="0"/>
<pin id="4676" dir="1" index="2" bw="1" slack="0"/>
</pin_list>
<bind>
<opcode="or(24) " fcode="or"/>
<opset="or_ln52_80/1 "/>
</bind>
</comp>

<comp id="4679" class="1004" name="select_ln52_53_fu_4679">
<pin_list>
<pin id="4680" dir="0" index="0" bw="1" slack="0"/>
<pin id="4681" dir="0" index="1" bw="6" slack="0"/>
<pin id="4682" dir="0" index="2" bw="6" slack="0"/>
<pin id="4683" dir="1" index="3" bw="6" slack="0"/>
</pin_list>
<bind>
<opcode="select(49) " fcode="select"/>
<opset="select_ln52_53/1 "/>
</bind>
</comp>

<comp id="4687" class="1004" name="out_data_0_26_0_0_0_load_fu_4687">
<pin_list>
<pin id="4688" dir="0" index="0" bw="1" slack="0"/>
<pin id="4689" dir="0" index="1" bw="6" slack="0"/>
<pin id="4690" dir="0" index="2" bw="6" slack="0"/>
<pin id="4691" dir="1" index="3" bw="6" slack="0"/>
</pin_list>
<bind>
<opcode="select(49) " fcode="select"/>
<opset="out_data_0_26_0_0_0_load/1 "/>
</bind>
</comp>

<comp id="4695" class="1004" name="icmp_ln51_27_fu_4695">
<pin_list>
<pin id="4696" dir="0" index="0" bw="18" slack="0"/>
<pin id="4697" dir="0" index="1" bw="18" slack="0"/>
<pin id="4698" dir="1" index="2" bw="1" slack="0"/>
</pin_list>
<bind>
<opcode="icmp(45) " fcode="icmp"/>
<opset="icmp_ln51_27/1 "/>
</bind>
</comp>

<comp id="4701" class="1004" name="tmp_134_fu_4701">
<pin_list>
<pin id="4702" dir="0" index="0" bw="1" slack="0"/>
<pin id="4703" dir="0" index="1" bw="576" slack="0"/>
<pin id="4704" dir="0" index="2" bw="10" slack="0"/>
<pin id="4705" dir="1" index="3" bw="1" slack="0"/>
</pin_list>
<bind>
<opcode="bitselect(1000) " fcode="bitselect"/>
<opset="tmp_134/1 "/>
</bind>
</comp>

<comp id="4709" class="1004" name="trunc_ln52_26_fu_4709">
<pin_list>
<pin id="4710" dir="0" index="0" bw="6" slack="0"/>
<pin id="4711" dir="0" index="1" bw="576" slack="0"/>
<pin id="4712" dir="0" index="2" bw="10" slack="0"/>
<pin id="4713" dir="0" index="3" bw="10" slack="0"/>
<pin id="4714" dir="1" index="4" bw="6" slack="0"/>
</pin_list>
<bind>
<opcode="partselect(1002) " fcode="partselect"/>
<opset="trunc_ln52_26/1 "/>
</bind>
</comp>

<comp id="4719" class="1004" name="tmp_135_fu_4719">
<pin_list>
<pin id="4720" dir="0" index="0" bw="1" slack="0"/>
<pin id="4721" dir="0" index="1" bw="576" slack="0"/>
<pin id="4722" dir="0" index="2" bw="10" slack="0"/>
<pin id="4723" dir="1" index="3" bw="1" slack="0"/>
</pin_list>
<bind>
<opcode="bitselect(1000) " fcode="bitselect"/>
<opset="tmp_135/1 "/>
</bind>
</comp>

<comp id="4727" class="1004" name="tmp_136_fu_4727">
<pin_list>
<pin id="4728" dir="0" index="0" bw="1" slack="0"/>
<pin id="4729" dir="0" index="1" bw="576" slack="0"/>
<pin id="4730" dir="0" index="2" bw="10" slack="0"/>
<pin id="4731" dir="1" index="3" bw="1" slack="0"/>
</pin_list>
<bind>
<opcode="bitselect(1000) " fcode="bitselect"/>
<opset="tmp_136/1 "/>
</bind>
</comp>

<comp id="4735" class="1004" name="zext_ln52_27_fu_4735">
<pin_list>
<pin id="4736" dir="0" index="0" bw="1" slack="0"/>
<pin id="4737" dir="1" index="1" bw="6" slack="0"/>
</pin_list>
<bind>
<opcode="zext(34) " fcode="zext"/>
<opset="zext_ln52_27/1 "/>
</bind>
</comp>

<comp id="4739" class="1004" name="add_ln52_27_fu_4739">
<pin_list>
<pin id="4740" dir="0" index="0" bw="6" slack="0"/>
<pin id="4741" dir="0" index="1" bw="1" slack="0"/>
<pin id="4742" dir="1" index="2" bw="6" slack="0"/>
</pin_list>
<bind>
<opcode="add(8) " fcode="add"/>
<opset="add_ln52_27/1 "/>
</bind>
</comp>

<comp id="4745" class="1004" name="tmp_137_fu_4745">
<pin_list>
<pin id="4746" dir="0" index="0" bw="1" slack="0"/>
<pin id="4747" dir="0" index="1" bw="6" slack="0"/>
<pin id="4748" dir="0" index="2" bw="4" slack="0"/>
<pin id="4749" dir="1" index="3" bw="1" slack="0"/>
</pin_list>
<bind>
<opcode="bitselect(1000) " fcode="bitselect"/>
<opset="tmp_137/1 "/>
</bind>
</comp>

<comp id="4753" class="1004" name="tmp_138_fu_4753">
<pin_list>
<pin id="4754" dir="0" index="0" bw="10" slack="0"/>
<pin id="4755" dir="0" index="1" bw="576" slack="0"/>
<pin id="4756" dir="0" index="2" bw="10" slack="0"/>
<pin id="4757" dir="0" index="3" bw="10" slack="0"/>
<pin id="4758" dir="1" index="4" bw="10" slack="0"/>
</pin_list>
<bind>
<opcode="partselect(1002) " fcode="partselect"/>
<opset="tmp_138/1 "/>
</bind>
</comp>

<comp id="4763" class="1004" name="icmp_ln52_27_fu_4763">
<pin_list>
<pin id="4764" dir="0" index="0" bw="10" slack="0"/>
<pin id="4765" dir="0" index="1" bw="10" slack="0"/>
<pin id="4766" dir="1" index="2" bw="1" slack="0"/>
</pin_list>
<bind>
<opcode="icmp(45) " fcode="icmp"/>
<opset="icmp_ln52_27/1 "/>
</bind>
</comp>

<comp id="4769" class="1004" name="xor_ln52_81_fu_4769">
<pin_list>
<pin id="4770" dir="0" index="0" bw="1" slack="0"/>
<pin id="4771" dir="0" index="1" bw="1" slack="0"/>
<pin id="4772" dir="1" index="2" bw="1" slack="0"/>
</pin_list>
<bind>
<opcode="xor(25) " fcode="xor"/>
<opset="xor_ln52_81/1 "/>
</bind>
</comp>

<comp id="4775" class="1004" name="or_ln52_81_fu_4775">
<pin_list>
<pin id="4776" dir="0" index="0" bw="1" slack="0"/>
<pin id="4777" dir="0" index="1" bw="1" slack="0"/>
<pin id="4778" dir="1" index="2" bw="1" slack="0"/>
</pin_list>
<bind>
<opcode="or(24) " fcode="or"/>
<opset="or_ln52_81/1 "/>
</bind>
</comp>

<comp id="4781" class="1004" name="and_ln52_54_fu_4781">
<pin_list>
<pin id="4782" dir="0" index="0" bw="1" slack="0"/>
<pin id="4783" dir="0" index="1" bw="1" slack="0"/>
<pin id="4784" dir="1" index="2" bw="1" slack="0"/>
</pin_list>
<bind>
<opcode="and(23) " fcode="and"/>
<opset="and_ln52_54/1 "/>
</bind>
</comp>

<comp id="4787" class="1004" name="xor_ln52_82_fu_4787">
<pin_list>
<pin id="4788" dir="0" index="0" bw="1" slack="0"/>
<pin id="4789" dir="0" index="1" bw="1" slack="0"/>
<pin id="4790" dir="1" index="2" bw="1" slack="0"/>
</pin_list>
<bind>
<opcode="xor(25) " fcode="xor"/>
<opset="xor_ln52_82/1 "/>
</bind>
</comp>

<comp id="4793" class="1004" name="or_ln52_82_fu_4793">
<pin_list>
<pin id="4794" dir="0" index="0" bw="1" slack="0"/>
<pin id="4795" dir="0" index="1" bw="1" slack="0"/>
<pin id="4796" dir="1" index="2" bw="1" slack="0"/>
</pin_list>
<bind>
<opcode="or(24) " fcode="or"/>
<opset="or_ln52_82/1 "/>
</bind>
</comp>

<comp id="4799" class="1004" name="xor_ln52_83_fu_4799">
<pin_list>
<pin id="4800" dir="0" index="0" bw="1" slack="0"/>
<pin id="4801" dir="0" index="1" bw="1" slack="0"/>
<pin id="4802" dir="1" index="2" bw="1" slack="0"/>
</pin_list>
<bind>
<opcode="xor(25) " fcode="xor"/>
<opset="xor_ln52_83/1 "/>
</bind>
</comp>

<comp id="4805" class="1004" name="and_ln52_55_fu_4805">
<pin_list>
<pin id="4806" dir="0" index="0" bw="1" slack="0"/>
<pin id="4807" dir="0" index="1" bw="1" slack="0"/>
<pin id="4808" dir="1" index="2" bw="1" slack="0"/>
</pin_list>
<bind>
<opcode="and(23) " fcode="and"/>
<opset="and_ln52_55/1 "/>
</bind>
</comp>

<comp id="4811" class="1004" name="select_ln52_54_fu_4811">
<pin_list>
<pin id="4812" dir="0" index="0" bw="1" slack="0"/>
<pin id="4813" dir="0" index="1" bw="6" slack="0"/>
<pin id="4814" dir="0" index="2" bw="6" slack="0"/>
<pin id="4815" dir="1" index="3" bw="6" slack="0"/>
</pin_list>
<bind>
<opcode="select(49) " fcode="select"/>
<opset="select_ln52_54/1 "/>
</bind>
</comp>

<comp id="4819" class="1004" name="or_ln52_83_fu_4819">
<pin_list>
<pin id="4820" dir="0" index="0" bw="1" slack="0"/>
<pin id="4821" dir="0" index="1" bw="1" slack="0"/>
<pin id="4822" dir="1" index="2" bw="1" slack="0"/>
</pin_list>
<bind>
<opcode="or(24) " fcode="or"/>
<opset="or_ln52_83/1 "/>
</bind>
</comp>

<comp id="4825" class="1004" name="select_ln52_55_fu_4825">
<pin_list>
<pin id="4826" dir="0" index="0" bw="1" slack="0"/>
<pin id="4827" dir="0" index="1" bw="6" slack="0"/>
<pin id="4828" dir="0" index="2" bw="6" slack="0"/>
<pin id="4829" dir="1" index="3" bw="6" slack="0"/>
</pin_list>
<bind>
<opcode="select(49) " fcode="select"/>
<opset="select_ln52_55/1 "/>
</bind>
</comp>

<comp id="4833" class="1004" name="out_data_0_27_0_0_0_load_fu_4833">
<pin_list>
<pin id="4834" dir="0" index="0" bw="1" slack="0"/>
<pin id="4835" dir="0" index="1" bw="6" slack="0"/>
<pin id="4836" dir="0" index="2" bw="6" slack="0"/>
<pin id="4837" dir="1" index="3" bw="6" slack="0"/>
</pin_list>
<bind>
<opcode="select(49) " fcode="select"/>
<opset="out_data_0_27_0_0_0_load/1 "/>
</bind>
</comp>

<comp id="4841" class="1004" name="icmp_ln51_28_fu_4841">
<pin_list>
<pin id="4842" dir="0" index="0" bw="18" slack="0"/>
<pin id="4843" dir="0" index="1" bw="18" slack="0"/>
<pin id="4844" dir="1" index="2" bw="1" slack="0"/>
</pin_list>
<bind>
<opcode="icmp(45) " fcode="icmp"/>
<opset="icmp_ln51_28/1 "/>
</bind>
</comp>

<comp id="4847" class="1004" name="tmp_139_fu_4847">
<pin_list>
<pin id="4848" dir="0" index="0" bw="1" slack="0"/>
<pin id="4849" dir="0" index="1" bw="576" slack="0"/>
<pin id="4850" dir="0" index="2" bw="11" slack="0"/>
<pin id="4851" dir="1" index="3" bw="1" slack="0"/>
</pin_list>
<bind>
<opcode="bitselect(1000) " fcode="bitselect"/>
<opset="tmp_139/1 "/>
</bind>
</comp>

<comp id="4855" class="1004" name="trunc_ln52_27_fu_4855">
<pin_list>
<pin id="4856" dir="0" index="0" bw="6" slack="0"/>
<pin id="4857" dir="0" index="1" bw="576" slack="0"/>
<pin id="4858" dir="0" index="2" bw="10" slack="0"/>
<pin id="4859" dir="0" index="3" bw="10" slack="0"/>
<pin id="4860" dir="1" index="4" bw="6" slack="0"/>
</pin_list>
<bind>
<opcode="partselect(1002) " fcode="partselect"/>
<opset="trunc_ln52_27/1 "/>
</bind>
</comp>

<comp id="4865" class="1004" name="tmp_140_fu_4865">
<pin_list>
<pin id="4866" dir="0" index="0" bw="1" slack="0"/>
<pin id="4867" dir="0" index="1" bw="576" slack="0"/>
<pin id="4868" dir="0" index="2" bw="10" slack="0"/>
<pin id="4869" dir="1" index="3" bw="1" slack="0"/>
</pin_list>
<bind>
<opcode="bitselect(1000) " fcode="bitselect"/>
<opset="tmp_140/1 "/>
</bind>
</comp>

<comp id="4873" class="1004" name="tmp_141_fu_4873">
<pin_list>
<pin id="4874" dir="0" index="0" bw="1" slack="0"/>
<pin id="4875" dir="0" index="1" bw="576" slack="0"/>
<pin id="4876" dir="0" index="2" bw="10" slack="0"/>
<pin id="4877" dir="1" index="3" bw="1" slack="0"/>
</pin_list>
<bind>
<opcode="bitselect(1000) " fcode="bitselect"/>
<opset="tmp_141/1 "/>
</bind>
</comp>

<comp id="4881" class="1004" name="zext_ln52_28_fu_4881">
<pin_list>
<pin id="4882" dir="0" index="0" bw="1" slack="0"/>
<pin id="4883" dir="1" index="1" bw="6" slack="0"/>
</pin_list>
<bind>
<opcode="zext(34) " fcode="zext"/>
<opset="zext_ln52_28/1 "/>
</bind>
</comp>

<comp id="4885" class="1004" name="add_ln52_28_fu_4885">
<pin_list>
<pin id="4886" dir="0" index="0" bw="6" slack="0"/>
<pin id="4887" dir="0" index="1" bw="1" slack="0"/>
<pin id="4888" dir="1" index="2" bw="6" slack="0"/>
</pin_list>
<bind>
<opcode="add(8) " fcode="add"/>
<opset="add_ln52_28/1 "/>
</bind>
</comp>

<comp id="4891" class="1004" name="tmp_142_fu_4891">
<pin_list>
<pin id="4892" dir="0" index="0" bw="1" slack="0"/>
<pin id="4893" dir="0" index="1" bw="6" slack="0"/>
<pin id="4894" dir="0" index="2" bw="4" slack="0"/>
<pin id="4895" dir="1" index="3" bw="1" slack="0"/>
</pin_list>
<bind>
<opcode="bitselect(1000) " fcode="bitselect"/>
<opset="tmp_142/1 "/>
</bind>
</comp>

<comp id="4899" class="1004" name="tmp_143_fu_4899">
<pin_list>
<pin id="4900" dir="0" index="0" bw="10" slack="0"/>
<pin id="4901" dir="0" index="1" bw="576" slack="0"/>
<pin id="4902" dir="0" index="2" bw="11" slack="0"/>
<pin id="4903" dir="0" index="3" bw="11" slack="0"/>
<pin id="4904" dir="1" index="4" bw="10" slack="0"/>
</pin_list>
<bind>
<opcode="partselect(1002) " fcode="partselect"/>
<opset="tmp_143/1 "/>
</bind>
</comp>

<comp id="4909" class="1004" name="icmp_ln52_28_fu_4909">
<pin_list>
<pin id="4910" dir="0" index="0" bw="10" slack="0"/>
<pin id="4911" dir="0" index="1" bw="10" slack="0"/>
<pin id="4912" dir="1" index="2" bw="1" slack="0"/>
</pin_list>
<bind>
<opcode="icmp(45) " fcode="icmp"/>
<opset="icmp_ln52_28/1 "/>
</bind>
</comp>

<comp id="4915" class="1004" name="xor_ln52_84_fu_4915">
<pin_list>
<pin id="4916" dir="0" index="0" bw="1" slack="0"/>
<pin id="4917" dir="0" index="1" bw="1" slack="0"/>
<pin id="4918" dir="1" index="2" bw="1" slack="0"/>
</pin_list>
<bind>
<opcode="xor(25) " fcode="xor"/>
<opset="xor_ln52_84/1 "/>
</bind>
</comp>

<comp id="4921" class="1004" name="or_ln52_84_fu_4921">
<pin_list>
<pin id="4922" dir="0" index="0" bw="1" slack="0"/>
<pin id="4923" dir="0" index="1" bw="1" slack="0"/>
<pin id="4924" dir="1" index="2" bw="1" slack="0"/>
</pin_list>
<bind>
<opcode="or(24) " fcode="or"/>
<opset="or_ln52_84/1 "/>
</bind>
</comp>

<comp id="4927" class="1004" name="and_ln52_56_fu_4927">
<pin_list>
<pin id="4928" dir="0" index="0" bw="1" slack="0"/>
<pin id="4929" dir="0" index="1" bw="1" slack="0"/>
<pin id="4930" dir="1" index="2" bw="1" slack="0"/>
</pin_list>
<bind>
<opcode="and(23) " fcode="and"/>
<opset="and_ln52_56/1 "/>
</bind>
</comp>

<comp id="4933" class="1004" name="xor_ln52_85_fu_4933">
<pin_list>
<pin id="4934" dir="0" index="0" bw="1" slack="0"/>
<pin id="4935" dir="0" index="1" bw="1" slack="0"/>
<pin id="4936" dir="1" index="2" bw="1" slack="0"/>
</pin_list>
<bind>
<opcode="xor(25) " fcode="xor"/>
<opset="xor_ln52_85/1 "/>
</bind>
</comp>

<comp id="4939" class="1004" name="or_ln52_85_fu_4939">
<pin_list>
<pin id="4940" dir="0" index="0" bw="1" slack="0"/>
<pin id="4941" dir="0" index="1" bw="1" slack="0"/>
<pin id="4942" dir="1" index="2" bw="1" slack="0"/>
</pin_list>
<bind>
<opcode="or(24) " fcode="or"/>
<opset="or_ln52_85/1 "/>
</bind>
</comp>

<comp id="4945" class="1004" name="xor_ln52_86_fu_4945">
<pin_list>
<pin id="4946" dir="0" index="0" bw="1" slack="0"/>
<pin id="4947" dir="0" index="1" bw="1" slack="0"/>
<pin id="4948" dir="1" index="2" bw="1" slack="0"/>
</pin_list>
<bind>
<opcode="xor(25) " fcode="xor"/>
<opset="xor_ln52_86/1 "/>
</bind>
</comp>

<comp id="4951" class="1004" name="and_ln52_57_fu_4951">
<pin_list>
<pin id="4952" dir="0" index="0" bw="1" slack="0"/>
<pin id="4953" dir="0" index="1" bw="1" slack="0"/>
<pin id="4954" dir="1" index="2" bw="1" slack="0"/>
</pin_list>
<bind>
<opcode="and(23) " fcode="and"/>
<opset="and_ln52_57/1 "/>
</bind>
</comp>

<comp id="4957" class="1004" name="select_ln52_56_fu_4957">
<pin_list>
<pin id="4958" dir="0" index="0" bw="1" slack="0"/>
<pin id="4959" dir="0" index="1" bw="6" slack="0"/>
<pin id="4960" dir="0" index="2" bw="6" slack="0"/>
<pin id="4961" dir="1" index="3" bw="6" slack="0"/>
</pin_list>
<bind>
<opcode="select(49) " fcode="select"/>
<opset="select_ln52_56/1 "/>
</bind>
</comp>

<comp id="4965" class="1004" name="or_ln52_86_fu_4965">
<pin_list>
<pin id="4966" dir="0" index="0" bw="1" slack="0"/>
<pin id="4967" dir="0" index="1" bw="1" slack="0"/>
<pin id="4968" dir="1" index="2" bw="1" slack="0"/>
</pin_list>
<bind>
<opcode="or(24) " fcode="or"/>
<opset="or_ln52_86/1 "/>
</bind>
</comp>

<comp id="4971" class="1004" name="select_ln52_57_fu_4971">
<pin_list>
<pin id="4972" dir="0" index="0" bw="1" slack="0"/>
<pin id="4973" dir="0" index="1" bw="6" slack="0"/>
<pin id="4974" dir="0" index="2" bw="6" slack="0"/>
<pin id="4975" dir="1" index="3" bw="6" slack="0"/>
</pin_list>
<bind>
<opcode="select(49) " fcode="select"/>
<opset="select_ln52_57/1 "/>
</bind>
</comp>

<comp id="4979" class="1004" name="out_data_0_28_0_0_0_load_fu_4979">
<pin_list>
<pin id="4980" dir="0" index="0" bw="1" slack="0"/>
<pin id="4981" dir="0" index="1" bw="6" slack="0"/>
<pin id="4982" dir="0" index="2" bw="6" slack="0"/>
<pin id="4983" dir="1" index="3" bw="6" slack="0"/>
</pin_list>
<bind>
<opcode="select(49) " fcode="select"/>
<opset="out_data_0_28_0_0_0_load/1 "/>
</bind>
</comp>

<comp id="4987" class="1004" name="icmp_ln51_29_fu_4987">
<pin_list>
<pin id="4988" dir="0" index="0" bw="18" slack="0"/>
<pin id="4989" dir="0" index="1" bw="18" slack="0"/>
<pin id="4990" dir="1" index="2" bw="1" slack="0"/>
</pin_list>
<bind>
<opcode="icmp(45) " fcode="icmp"/>
<opset="icmp_ln51_29/1 "/>
</bind>
</comp>

<comp id="4993" class="1004" name="tmp_144_fu_4993">
<pin_list>
<pin id="4994" dir="0" index="0" bw="1" slack="0"/>
<pin id="4995" dir="0" index="1" bw="576" slack="0"/>
<pin id="4996" dir="0" index="2" bw="11" slack="0"/>
<pin id="4997" dir="1" index="3" bw="1" slack="0"/>
</pin_list>
<bind>
<opcode="bitselect(1000) " fcode="bitselect"/>
<opset="tmp_144/1 "/>
</bind>
</comp>

<comp id="5001" class="1004" name="trunc_ln52_28_fu_5001">
<pin_list>
<pin id="5002" dir="0" index="0" bw="6" slack="0"/>
<pin id="5003" dir="0" index="1" bw="576" slack="0"/>
<pin id="5004" dir="0" index="2" bw="11" slack="0"/>
<pin id="5005" dir="0" index="3" bw="11" slack="0"/>
<pin id="5006" dir="1" index="4" bw="6" slack="0"/>
</pin_list>
<bind>
<opcode="partselect(1002) " fcode="partselect"/>
<opset="trunc_ln52_28/1 "/>
</bind>
</comp>

<comp id="5011" class="1004" name="tmp_145_fu_5011">
<pin_list>
<pin id="5012" dir="0" index="0" bw="1" slack="0"/>
<pin id="5013" dir="0" index="1" bw="576" slack="0"/>
<pin id="5014" dir="0" index="2" bw="11" slack="0"/>
<pin id="5015" dir="1" index="3" bw="1" slack="0"/>
</pin_list>
<bind>
<opcode="bitselect(1000) " fcode="bitselect"/>
<opset="tmp_145/1 "/>
</bind>
</comp>

<comp id="5019" class="1004" name="tmp_146_fu_5019">
<pin_list>
<pin id="5020" dir="0" index="0" bw="1" slack="0"/>
<pin id="5021" dir="0" index="1" bw="576" slack="0"/>
<pin id="5022" dir="0" index="2" bw="11" slack="0"/>
<pin id="5023" dir="1" index="3" bw="1" slack="0"/>
</pin_list>
<bind>
<opcode="bitselect(1000) " fcode="bitselect"/>
<opset="tmp_146/1 "/>
</bind>
</comp>

<comp id="5027" class="1004" name="zext_ln52_29_fu_5027">
<pin_list>
<pin id="5028" dir="0" index="0" bw="1" slack="0"/>
<pin id="5029" dir="1" index="1" bw="6" slack="0"/>
</pin_list>
<bind>
<opcode="zext(34) " fcode="zext"/>
<opset="zext_ln52_29/1 "/>
</bind>
</comp>

<comp id="5031" class="1004" name="add_ln52_29_fu_5031">
<pin_list>
<pin id="5032" dir="0" index="0" bw="6" slack="0"/>
<pin id="5033" dir="0" index="1" bw="1" slack="0"/>
<pin id="5034" dir="1" index="2" bw="6" slack="0"/>
</pin_list>
<bind>
<opcode="add(8) " fcode="add"/>
<opset="add_ln52_29/1 "/>
</bind>
</comp>

<comp id="5037" class="1004" name="tmp_147_fu_5037">
<pin_list>
<pin id="5038" dir="0" index="0" bw="1" slack="0"/>
<pin id="5039" dir="0" index="1" bw="6" slack="0"/>
<pin id="5040" dir="0" index="2" bw="4" slack="0"/>
<pin id="5041" dir="1" index="3" bw="1" slack="0"/>
</pin_list>
<bind>
<opcode="bitselect(1000) " fcode="bitselect"/>
<opset="tmp_147/1 "/>
</bind>
</comp>

<comp id="5045" class="1004" name="tmp_148_fu_5045">
<pin_list>
<pin id="5046" dir="0" index="0" bw="10" slack="0"/>
<pin id="5047" dir="0" index="1" bw="576" slack="0"/>
<pin id="5048" dir="0" index="2" bw="11" slack="0"/>
<pin id="5049" dir="0" index="3" bw="11" slack="0"/>
<pin id="5050" dir="1" index="4" bw="10" slack="0"/>
</pin_list>
<bind>
<opcode="partselect(1002) " fcode="partselect"/>
<opset="tmp_148/1 "/>
</bind>
</comp>

<comp id="5055" class="1004" name="icmp_ln52_29_fu_5055">
<pin_list>
<pin id="5056" dir="0" index="0" bw="10" slack="0"/>
<pin id="5057" dir="0" index="1" bw="10" slack="0"/>
<pin id="5058" dir="1" index="2" bw="1" slack="0"/>
</pin_list>
<bind>
<opcode="icmp(45) " fcode="icmp"/>
<opset="icmp_ln52_29/1 "/>
</bind>
</comp>

<comp id="5061" class="1004" name="xor_ln52_87_fu_5061">
<pin_list>
<pin id="5062" dir="0" index="0" bw="1" slack="0"/>
<pin id="5063" dir="0" index="1" bw="1" slack="0"/>
<pin id="5064" dir="1" index="2" bw="1" slack="0"/>
</pin_list>
<bind>
<opcode="xor(25) " fcode="xor"/>
<opset="xor_ln52_87/1 "/>
</bind>
</comp>

<comp id="5067" class="1004" name="or_ln52_87_fu_5067">
<pin_list>
<pin id="5068" dir="0" index="0" bw="1" slack="0"/>
<pin id="5069" dir="0" index="1" bw="1" slack="0"/>
<pin id="5070" dir="1" index="2" bw="1" slack="0"/>
</pin_list>
<bind>
<opcode="or(24) " fcode="or"/>
<opset="or_ln52_87/1 "/>
</bind>
</comp>

<comp id="5073" class="1004" name="and_ln52_58_fu_5073">
<pin_list>
<pin id="5074" dir="0" index="0" bw="1" slack="0"/>
<pin id="5075" dir="0" index="1" bw="1" slack="0"/>
<pin id="5076" dir="1" index="2" bw="1" slack="0"/>
</pin_list>
<bind>
<opcode="and(23) " fcode="and"/>
<opset="and_ln52_58/1 "/>
</bind>
</comp>

<comp id="5079" class="1004" name="xor_ln52_88_fu_5079">
<pin_list>
<pin id="5080" dir="0" index="0" bw="1" slack="0"/>
<pin id="5081" dir="0" index="1" bw="1" slack="0"/>
<pin id="5082" dir="1" index="2" bw="1" slack="0"/>
</pin_list>
<bind>
<opcode="xor(25) " fcode="xor"/>
<opset="xor_ln52_88/1 "/>
</bind>
</comp>

<comp id="5085" class="1004" name="or_ln52_88_fu_5085">
<pin_list>
<pin id="5086" dir="0" index="0" bw="1" slack="0"/>
<pin id="5087" dir="0" index="1" bw="1" slack="0"/>
<pin id="5088" dir="1" index="2" bw="1" slack="0"/>
</pin_list>
<bind>
<opcode="or(24) " fcode="or"/>
<opset="or_ln52_88/1 "/>
</bind>
</comp>

<comp id="5091" class="1004" name="xor_ln52_89_fu_5091">
<pin_list>
<pin id="5092" dir="0" index="0" bw="1" slack="0"/>
<pin id="5093" dir="0" index="1" bw="1" slack="0"/>
<pin id="5094" dir="1" index="2" bw="1" slack="0"/>
</pin_list>
<bind>
<opcode="xor(25) " fcode="xor"/>
<opset="xor_ln52_89/1 "/>
</bind>
</comp>

<comp id="5097" class="1004" name="and_ln52_59_fu_5097">
<pin_list>
<pin id="5098" dir="0" index="0" bw="1" slack="0"/>
<pin id="5099" dir="0" index="1" bw="1" slack="0"/>
<pin id="5100" dir="1" index="2" bw="1" slack="0"/>
</pin_list>
<bind>
<opcode="and(23) " fcode="and"/>
<opset="and_ln52_59/1 "/>
</bind>
</comp>

<comp id="5103" class="1004" name="select_ln52_58_fu_5103">
<pin_list>
<pin id="5104" dir="0" index="0" bw="1" slack="0"/>
<pin id="5105" dir="0" index="1" bw="6" slack="0"/>
<pin id="5106" dir="0" index="2" bw="6" slack="0"/>
<pin id="5107" dir="1" index="3" bw="6" slack="0"/>
</pin_list>
<bind>
<opcode="select(49) " fcode="select"/>
<opset="select_ln52_58/1 "/>
</bind>
</comp>

<comp id="5111" class="1004" name="or_ln52_89_fu_5111">
<pin_list>
<pin id="5112" dir="0" index="0" bw="1" slack="0"/>
<pin id="5113" dir="0" index="1" bw="1" slack="0"/>
<pin id="5114" dir="1" index="2" bw="1" slack="0"/>
</pin_list>
<bind>
<opcode="or(24) " fcode="or"/>
<opset="or_ln52_89/1 "/>
</bind>
</comp>

<comp id="5117" class="1004" name="select_ln52_59_fu_5117">
<pin_list>
<pin id="5118" dir="0" index="0" bw="1" slack="0"/>
<pin id="5119" dir="0" index="1" bw="6" slack="0"/>
<pin id="5120" dir="0" index="2" bw="6" slack="0"/>
<pin id="5121" dir="1" index="3" bw="6" slack="0"/>
</pin_list>
<bind>
<opcode="select(49) " fcode="select"/>
<opset="select_ln52_59/1 "/>
</bind>
</comp>

<comp id="5125" class="1004" name="out_data_0_29_0_0_0_load_fu_5125">
<pin_list>
<pin id="5126" dir="0" index="0" bw="1" slack="0"/>
<pin id="5127" dir="0" index="1" bw="6" slack="0"/>
<pin id="5128" dir="0" index="2" bw="6" slack="0"/>
<pin id="5129" dir="1" index="3" bw="6" slack="0"/>
</pin_list>
<bind>
<opcode="select(49) " fcode="select"/>
<opset="out_data_0_29_0_0_0_load/1 "/>
</bind>
</comp>

<comp id="5133" class="1004" name="icmp_ln51_30_fu_5133">
<pin_list>
<pin id="5134" dir="0" index="0" bw="18" slack="0"/>
<pin id="5135" dir="0" index="1" bw="18" slack="0"/>
<pin id="5136" dir="1" index="2" bw="1" slack="0"/>
</pin_list>
<bind>
<opcode="icmp(45) " fcode="icmp"/>
<opset="icmp_ln51_30/1 "/>
</bind>
</comp>

<comp id="5139" class="1004" name="tmp_149_fu_5139">
<pin_list>
<pin id="5140" dir="0" index="0" bw="1" slack="0"/>
<pin id="5141" dir="0" index="1" bw="576" slack="0"/>
<pin id="5142" dir="0" index="2" bw="11" slack="0"/>
<pin id="5143" dir="1" index="3" bw="1" slack="0"/>
</pin_list>
<bind>
<opcode="bitselect(1000) " fcode="bitselect"/>
<opset="tmp_149/1 "/>
</bind>
</comp>

<comp id="5147" class="1004" name="trunc_ln52_29_fu_5147">
<pin_list>
<pin id="5148" dir="0" index="0" bw="6" slack="0"/>
<pin id="5149" dir="0" index="1" bw="576" slack="0"/>
<pin id="5150" dir="0" index="2" bw="11" slack="0"/>
<pin id="5151" dir="0" index="3" bw="11" slack="0"/>
<pin id="5152" dir="1" index="4" bw="6" slack="0"/>
</pin_list>
<bind>
<opcode="partselect(1002) " fcode="partselect"/>
<opset="trunc_ln52_29/1 "/>
</bind>
</comp>

<comp id="5157" class="1004" name="tmp_150_fu_5157">
<pin_list>
<pin id="5158" dir="0" index="0" bw="1" slack="0"/>
<pin id="5159" dir="0" index="1" bw="576" slack="0"/>
<pin id="5160" dir="0" index="2" bw="11" slack="0"/>
<pin id="5161" dir="1" index="3" bw="1" slack="0"/>
</pin_list>
<bind>
<opcode="bitselect(1000) " fcode="bitselect"/>
<opset="tmp_150/1 "/>
</bind>
</comp>

<comp id="5165" class="1004" name="tmp_151_fu_5165">
<pin_list>
<pin id="5166" dir="0" index="0" bw="1" slack="0"/>
<pin id="5167" dir="0" index="1" bw="576" slack="0"/>
<pin id="5168" dir="0" index="2" bw="11" slack="0"/>
<pin id="5169" dir="1" index="3" bw="1" slack="0"/>
</pin_list>
<bind>
<opcode="bitselect(1000) " fcode="bitselect"/>
<opset="tmp_151/1 "/>
</bind>
</comp>

<comp id="5173" class="1004" name="zext_ln52_30_fu_5173">
<pin_list>
<pin id="5174" dir="0" index="0" bw="1" slack="0"/>
<pin id="5175" dir="1" index="1" bw="6" slack="0"/>
</pin_list>
<bind>
<opcode="zext(34) " fcode="zext"/>
<opset="zext_ln52_30/1 "/>
</bind>
</comp>

<comp id="5177" class="1004" name="add_ln52_30_fu_5177">
<pin_list>
<pin id="5178" dir="0" index="0" bw="6" slack="0"/>
<pin id="5179" dir="0" index="1" bw="1" slack="0"/>
<pin id="5180" dir="1" index="2" bw="6" slack="0"/>
</pin_list>
<bind>
<opcode="add(8) " fcode="add"/>
<opset="add_ln52_30/1 "/>
</bind>
</comp>

<comp id="5183" class="1004" name="tmp_152_fu_5183">
<pin_list>
<pin id="5184" dir="0" index="0" bw="1" slack="0"/>
<pin id="5185" dir="0" index="1" bw="6" slack="0"/>
<pin id="5186" dir="0" index="2" bw="4" slack="0"/>
<pin id="5187" dir="1" index="3" bw="1" slack="0"/>
</pin_list>
<bind>
<opcode="bitselect(1000) " fcode="bitselect"/>
<opset="tmp_152/1 "/>
</bind>
</comp>

<comp id="5191" class="1004" name="tmp_153_fu_5191">
<pin_list>
<pin id="5192" dir="0" index="0" bw="10" slack="0"/>
<pin id="5193" dir="0" index="1" bw="576" slack="0"/>
<pin id="5194" dir="0" index="2" bw="11" slack="0"/>
<pin id="5195" dir="0" index="3" bw="11" slack="0"/>
<pin id="5196" dir="1" index="4" bw="10" slack="0"/>
</pin_list>
<bind>
<opcode="partselect(1002) " fcode="partselect"/>
<opset="tmp_153/1 "/>
</bind>
</comp>

<comp id="5201" class="1004" name="icmp_ln52_30_fu_5201">
<pin_list>
<pin id="5202" dir="0" index="0" bw="10" slack="0"/>
<pin id="5203" dir="0" index="1" bw="10" slack="0"/>
<pin id="5204" dir="1" index="2" bw="1" slack="0"/>
</pin_list>
<bind>
<opcode="icmp(45) " fcode="icmp"/>
<opset="icmp_ln52_30/1 "/>
</bind>
</comp>

<comp id="5207" class="1004" name="xor_ln52_90_fu_5207">
<pin_list>
<pin id="5208" dir="0" index="0" bw="1" slack="0"/>
<pin id="5209" dir="0" index="1" bw="1" slack="0"/>
<pin id="5210" dir="1" index="2" bw="1" slack="0"/>
</pin_list>
<bind>
<opcode="xor(25) " fcode="xor"/>
<opset="xor_ln52_90/1 "/>
</bind>
</comp>

<comp id="5213" class="1004" name="or_ln52_90_fu_5213">
<pin_list>
<pin id="5214" dir="0" index="0" bw="1" slack="0"/>
<pin id="5215" dir="0" index="1" bw="1" slack="0"/>
<pin id="5216" dir="1" index="2" bw="1" slack="0"/>
</pin_list>
<bind>
<opcode="or(24) " fcode="or"/>
<opset="or_ln52_90/1 "/>
</bind>
</comp>

<comp id="5219" class="1004" name="and_ln52_60_fu_5219">
<pin_list>
<pin id="5220" dir="0" index="0" bw="1" slack="0"/>
<pin id="5221" dir="0" index="1" bw="1" slack="0"/>
<pin id="5222" dir="1" index="2" bw="1" slack="0"/>
</pin_list>
<bind>
<opcode="and(23) " fcode="and"/>
<opset="and_ln52_60/1 "/>
</bind>
</comp>

<comp id="5225" class="1004" name="xor_ln52_91_fu_5225">
<pin_list>
<pin id="5226" dir="0" index="0" bw="1" slack="0"/>
<pin id="5227" dir="0" index="1" bw="1" slack="0"/>
<pin id="5228" dir="1" index="2" bw="1" slack="0"/>
</pin_list>
<bind>
<opcode="xor(25) " fcode="xor"/>
<opset="xor_ln52_91/1 "/>
</bind>
</comp>

<comp id="5231" class="1004" name="or_ln52_91_fu_5231">
<pin_list>
<pin id="5232" dir="0" index="0" bw="1" slack="0"/>
<pin id="5233" dir="0" index="1" bw="1" slack="0"/>
<pin id="5234" dir="1" index="2" bw="1" slack="0"/>
</pin_list>
<bind>
<opcode="or(24) " fcode="or"/>
<opset="or_ln52_91/1 "/>
</bind>
</comp>

<comp id="5237" class="1004" name="xor_ln52_92_fu_5237">
<pin_list>
<pin id="5238" dir="0" index="0" bw="1" slack="0"/>
<pin id="5239" dir="0" index="1" bw="1" slack="0"/>
<pin id="5240" dir="1" index="2" bw="1" slack="0"/>
</pin_list>
<bind>
<opcode="xor(25) " fcode="xor"/>
<opset="xor_ln52_92/1 "/>
</bind>
</comp>

<comp id="5243" class="1004" name="and_ln52_61_fu_5243">
<pin_list>
<pin id="5244" dir="0" index="0" bw="1" slack="0"/>
<pin id="5245" dir="0" index="1" bw="1" slack="0"/>
<pin id="5246" dir="1" index="2" bw="1" slack="0"/>
</pin_list>
<bind>
<opcode="and(23) " fcode="and"/>
<opset="and_ln52_61/1 "/>
</bind>
</comp>

<comp id="5249" class="1004" name="select_ln52_60_fu_5249">
<pin_list>
<pin id="5250" dir="0" index="0" bw="1" slack="0"/>
<pin id="5251" dir="0" index="1" bw="6" slack="0"/>
<pin id="5252" dir="0" index="2" bw="6" slack="0"/>
<pin id="5253" dir="1" index="3" bw="6" slack="0"/>
</pin_list>
<bind>
<opcode="select(49) " fcode="select"/>
<opset="select_ln52_60/1 "/>
</bind>
</comp>

<comp id="5257" class="1004" name="or_ln52_92_fu_5257">
<pin_list>
<pin id="5258" dir="0" index="0" bw="1" slack="0"/>
<pin id="5259" dir="0" index="1" bw="1" slack="0"/>
<pin id="5260" dir="1" index="2" bw="1" slack="0"/>
</pin_list>
<bind>
<opcode="or(24) " fcode="or"/>
<opset="or_ln52_92/1 "/>
</bind>
</comp>

<comp id="5263" class="1004" name="select_ln52_61_fu_5263">
<pin_list>
<pin id="5264" dir="0" index="0" bw="1" slack="0"/>
<pin id="5265" dir="0" index="1" bw="6" slack="0"/>
<pin id="5266" dir="0" index="2" bw="6" slack="0"/>
<pin id="5267" dir="1" index="3" bw="6" slack="0"/>
</pin_list>
<bind>
<opcode="select(49) " fcode="select"/>
<opset="select_ln52_61/1 "/>
</bind>
</comp>

<comp id="5271" class="1004" name="out_data_0_30_0_0_0_load_fu_5271">
<pin_list>
<pin id="5272" dir="0" index="0" bw="1" slack="0"/>
<pin id="5273" dir="0" index="1" bw="6" slack="0"/>
<pin id="5274" dir="0" index="2" bw="6" slack="0"/>
<pin id="5275" dir="1" index="3" bw="6" slack="0"/>
</pin_list>
<bind>
<opcode="select(49) " fcode="select"/>
<opset="out_data_0_30_0_0_0_load/1 "/>
</bind>
</comp>

<comp id="5279" class="1004" name="icmp_ln51_31_fu_5279">
<pin_list>
<pin id="5280" dir="0" index="0" bw="18" slack="0"/>
<pin id="5281" dir="0" index="1" bw="18" slack="0"/>
<pin id="5282" dir="1" index="2" bw="1" slack="0"/>
</pin_list>
<bind>
<opcode="icmp(45) " fcode="icmp"/>
<opset="icmp_ln51_31/1 "/>
</bind>
</comp>

<comp id="5285" class="1004" name="tmp_154_fu_5285">
<pin_list>
<pin id="5286" dir="0" index="0" bw="1" slack="0"/>
<pin id="5287" dir="0" index="1" bw="576" slack="0"/>
<pin id="5288" dir="0" index="2" bw="11" slack="0"/>
<pin id="5289" dir="1" index="3" bw="1" slack="0"/>
</pin_list>
<bind>
<opcode="bitselect(1000) " fcode="bitselect"/>
<opset="tmp_154/1 "/>
</bind>
</comp>

<comp id="5293" class="1004" name="trunc_ln52_30_fu_5293">
<pin_list>
<pin id="5294" dir="0" index="0" bw="6" slack="0"/>
<pin id="5295" dir="0" index="1" bw="576" slack="0"/>
<pin id="5296" dir="0" index="2" bw="11" slack="0"/>
<pin id="5297" dir="0" index="3" bw="11" slack="0"/>
<pin id="5298" dir="1" index="4" bw="6" slack="0"/>
</pin_list>
<bind>
<opcode="partselect(1002) " fcode="partselect"/>
<opset="trunc_ln52_30/1 "/>
</bind>
</comp>

<comp id="5303" class="1004" name="tmp_155_fu_5303">
<pin_list>
<pin id="5304" dir="0" index="0" bw="1" slack="0"/>
<pin id="5305" dir="0" index="1" bw="576" slack="0"/>
<pin id="5306" dir="0" index="2" bw="11" slack="0"/>
<pin id="5307" dir="1" index="3" bw="1" slack="0"/>
</pin_list>
<bind>
<opcode="bitselect(1000) " fcode="bitselect"/>
<opset="tmp_155/1 "/>
</bind>
</comp>

<comp id="5311" class="1004" name="tmp_156_fu_5311">
<pin_list>
<pin id="5312" dir="0" index="0" bw="1" slack="0"/>
<pin id="5313" dir="0" index="1" bw="576" slack="0"/>
<pin id="5314" dir="0" index="2" bw="11" slack="0"/>
<pin id="5315" dir="1" index="3" bw="1" slack="0"/>
</pin_list>
<bind>
<opcode="bitselect(1000) " fcode="bitselect"/>
<opset="tmp_156/1 "/>
</bind>
</comp>

<comp id="5319" class="1004" name="zext_ln52_31_fu_5319">
<pin_list>
<pin id="5320" dir="0" index="0" bw="1" slack="0"/>
<pin id="5321" dir="1" index="1" bw="6" slack="0"/>
</pin_list>
<bind>
<opcode="zext(34) " fcode="zext"/>
<opset="zext_ln52_31/1 "/>
</bind>
</comp>

<comp id="5323" class="1004" name="add_ln52_31_fu_5323">
<pin_list>
<pin id="5324" dir="0" index="0" bw="6" slack="0"/>
<pin id="5325" dir="0" index="1" bw="1" slack="0"/>
<pin id="5326" dir="1" index="2" bw="6" slack="0"/>
</pin_list>
<bind>
<opcode="add(8) " fcode="add"/>
<opset="add_ln52_31/1 "/>
</bind>
</comp>

<comp id="5329" class="1004" name="tmp_157_fu_5329">
<pin_list>
<pin id="5330" dir="0" index="0" bw="1" slack="0"/>
<pin id="5331" dir="0" index="1" bw="6" slack="0"/>
<pin id="5332" dir="0" index="2" bw="4" slack="0"/>
<pin id="5333" dir="1" index="3" bw="1" slack="0"/>
</pin_list>
<bind>
<opcode="bitselect(1000) " fcode="bitselect"/>
<opset="tmp_157/1 "/>
</bind>
</comp>

<comp id="5337" class="1004" name="tmp_158_fu_5337">
<pin_list>
<pin id="5338" dir="0" index="0" bw="10" slack="0"/>
<pin id="5339" dir="0" index="1" bw="576" slack="0"/>
<pin id="5340" dir="0" index="2" bw="11" slack="0"/>
<pin id="5341" dir="0" index="3" bw="11" slack="0"/>
<pin id="5342" dir="1" index="4" bw="10" slack="0"/>
</pin_list>
<bind>
<opcode="partselect(1002) " fcode="partselect"/>
<opset="tmp_158/1 "/>
</bind>
</comp>

<comp id="5347" class="1004" name="icmp_ln52_31_fu_5347">
<pin_list>
<pin id="5348" dir="0" index="0" bw="10" slack="0"/>
<pin id="5349" dir="0" index="1" bw="10" slack="0"/>
<pin id="5350" dir="1" index="2" bw="1" slack="0"/>
</pin_list>
<bind>
<opcode="icmp(45) " fcode="icmp"/>
<opset="icmp_ln52_31/1 "/>
</bind>
</comp>

<comp id="5353" class="1004" name="xor_ln52_93_fu_5353">
<pin_list>
<pin id="5354" dir="0" index="0" bw="1" slack="0"/>
<pin id="5355" dir="0" index="1" bw="1" slack="0"/>
<pin id="5356" dir="1" index="2" bw="1" slack="0"/>
</pin_list>
<bind>
<opcode="xor(25) " fcode="xor"/>
<opset="xor_ln52_93/1 "/>
</bind>
</comp>

<comp id="5359" class="1004" name="or_ln52_93_fu_5359">
<pin_list>
<pin id="5360" dir="0" index="0" bw="1" slack="0"/>
<pin id="5361" dir="0" index="1" bw="1" slack="0"/>
<pin id="5362" dir="1" index="2" bw="1" slack="0"/>
</pin_list>
<bind>
<opcode="or(24) " fcode="or"/>
<opset="or_ln52_93/1 "/>
</bind>
</comp>

<comp id="5365" class="1004" name="and_ln52_62_fu_5365">
<pin_list>
<pin id="5366" dir="0" index="0" bw="1" slack="0"/>
<pin id="5367" dir="0" index="1" bw="1" slack="0"/>
<pin id="5368" dir="1" index="2" bw="1" slack="0"/>
</pin_list>
<bind>
<opcode="and(23) " fcode="and"/>
<opset="and_ln52_62/1 "/>
</bind>
</comp>

<comp id="5371" class="1004" name="xor_ln52_94_fu_5371">
<pin_list>
<pin id="5372" dir="0" index="0" bw="1" slack="0"/>
<pin id="5373" dir="0" index="1" bw="1" slack="0"/>
<pin id="5374" dir="1" index="2" bw="1" slack="0"/>
</pin_list>
<bind>
<opcode="xor(25) " fcode="xor"/>
<opset="xor_ln52_94/1 "/>
</bind>
</comp>

<comp id="5377" class="1004" name="or_ln52_94_fu_5377">
<pin_list>
<pin id="5378" dir="0" index="0" bw="1" slack="0"/>
<pin id="5379" dir="0" index="1" bw="1" slack="0"/>
<pin id="5380" dir="1" index="2" bw="1" slack="0"/>
</pin_list>
<bind>
<opcode="or(24) " fcode="or"/>
<opset="or_ln52_94/1 "/>
</bind>
</comp>

<comp id="5383" class="1004" name="xor_ln52_95_fu_5383">
<pin_list>
<pin id="5384" dir="0" index="0" bw="1" slack="0"/>
<pin id="5385" dir="0" index="1" bw="1" slack="0"/>
<pin id="5386" dir="1" index="2" bw="1" slack="0"/>
</pin_list>
<bind>
<opcode="xor(25) " fcode="xor"/>
<opset="xor_ln52_95/1 "/>
</bind>
</comp>

<comp id="5389" class="1004" name="and_ln52_63_fu_5389">
<pin_list>
<pin id="5390" dir="0" index="0" bw="1" slack="0"/>
<pin id="5391" dir="0" index="1" bw="1" slack="0"/>
<pin id="5392" dir="1" index="2" bw="1" slack="0"/>
</pin_list>
<bind>
<opcode="and(23) " fcode="and"/>
<opset="and_ln52_63/1 "/>
</bind>
</comp>

<comp id="5395" class="1004" name="select_ln52_62_fu_5395">
<pin_list>
<pin id="5396" dir="0" index="0" bw="1" slack="0"/>
<pin id="5397" dir="0" index="1" bw="6" slack="0"/>
<pin id="5398" dir="0" index="2" bw="6" slack="0"/>
<pin id="5399" dir="1" index="3" bw="6" slack="0"/>
</pin_list>
<bind>
<opcode="select(49) " fcode="select"/>
<opset="select_ln52_62/1 "/>
</bind>
</comp>

<comp id="5403" class="1004" name="or_ln52_95_fu_5403">
<pin_list>
<pin id="5404" dir="0" index="0" bw="1" slack="0"/>
<pin id="5405" dir="0" index="1" bw="1" slack="0"/>
<pin id="5406" dir="1" index="2" bw="1" slack="0"/>
</pin_list>
<bind>
<opcode="or(24) " fcode="or"/>
<opset="or_ln52_95/1 "/>
</bind>
</comp>

<comp id="5409" class="1004" name="select_ln52_63_fu_5409">
<pin_list>
<pin id="5410" dir="0" index="0" bw="1" slack="0"/>
<pin id="5411" dir="0" index="1" bw="6" slack="0"/>
<pin id="5412" dir="0" index="2" bw="6" slack="0"/>
<pin id="5413" dir="1" index="3" bw="6" slack="0"/>
</pin_list>
<bind>
<opcode="select(49) " fcode="select"/>
<opset="select_ln52_63/1 "/>
</bind>
</comp>

<comp id="5417" class="1004" name="out_data_0_31_0_0_0_load_fu_5417">
<pin_list>
<pin id="5418" dir="0" index="0" bw="1" slack="0"/>
<pin id="5419" dir="0" index="1" bw="6" slack="0"/>
<pin id="5420" dir="0" index="2" bw="6" slack="0"/>
<pin id="5421" dir="1" index="3" bw="6" slack="0"/>
</pin_list>
<bind>
<opcode="select(49) " fcode="select"/>
<opset="out_data_0_31_0_0_0_load/1 "/>
</bind>
</comp>

<comp id="5425" class="1004" name="p_s_fu_5425">
<pin_list>
<pin id="5426" dir="0" index="0" bw="192" slack="0"/>
<pin id="5427" dir="0" index="1" bw="6" slack="0"/>
<pin id="5428" dir="0" index="2" bw="6" slack="0"/>
<pin id="5429" dir="0" index="3" bw="6" slack="0"/>
<pin id="5430" dir="0" index="4" bw="6" slack="0"/>
<pin id="5431" dir="0" index="5" bw="6" slack="0"/>
<pin id="5432" dir="0" index="6" bw="6" slack="0"/>
<pin id="5433" dir="0" index="7" bw="6" slack="0"/>
<pin id="5434" dir="0" index="8" bw="6" slack="0"/>
<pin id="5435" dir="0" index="9" bw="6" slack="0"/>
<pin id="5436" dir="0" index="10" bw="6" slack="0"/>
<pin id="5437" dir="0" index="11" bw="6" slack="0"/>
<pin id="5438" dir="0" index="12" bw="6" slack="0"/>
<pin id="5439" dir="0" index="13" bw="6" slack="0"/>
<pin id="5440" dir="0" index="14" bw="6" slack="0"/>
<pin id="5441" dir="0" index="15" bw="6" slack="0"/>
<pin id="5442" dir="0" index="16" bw="6" slack="0"/>
<pin id="5443" dir="0" index="17" bw="6" slack="0"/>
<pin id="5444" dir="0" index="18" bw="6" slack="0"/>
<pin id="5445" dir="0" index="19" bw="6" slack="0"/>
<pin id="5446" dir="0" index="20" bw="6" slack="0"/>
<pin id="5447" dir="0" index="21" bw="6" slack="0"/>
<pin id="5448" dir="0" index="22" bw="6" slack="0"/>
<pin id="5449" dir="0" index="23" bw="6" slack="0"/>
<pin id="5450" dir="0" index="24" bw="6" slack="0"/>
<pin id="5451" dir="0" index="25" bw="6" slack="0"/>
<pin id="5452" dir="0" index="26" bw="6" slack="0"/>
<pin id="5453" dir="0" index="27" bw="6" slack="0"/>
<pin id="5454" dir="0" index="28" bw="6" slack="0"/>
<pin id="5455" dir="0" index="29" bw="6" slack="0"/>
<pin id="5456" dir="0" index="30" bw="6" slack="0"/>
<pin id="5457" dir="0" index="31" bw="6" slack="0"/>
<pin id="5458" dir="0" index="32" bw="6" slack="0"/>
<pin id="5459" dir="1" index="33" bw="192" slack="0"/>
</pin_list>
<bind>
<opcode="bitconcatenate(1004) " fcode="bitconcatenate"/>
<opset="p_s/1 "/>
</bind>
</comp>

</comp_list>

<net_list>
<net id="430"><net_src comp="14" pin="0"/><net_sink comp="426" pin=0"/></net>

<net id="431"><net_src comp="0" pin="0"/><net_sink comp="426" pin=1"/></net>

<net id="437"><net_src comp="424" pin="0"/><net_sink comp="432" pin=0"/></net>

<net id="438"><net_src comp="2" pin="0"/><net_sink comp="432" pin=1"/></net>

<net id="442"><net_src comp="426" pin="2"/><net_sink comp="439" pin=0"/></net>

<net id="449"><net_src comp="16" pin="0"/><net_sink comp="443" pin=0"/></net>

<net id="450"><net_src comp="426" pin="2"/><net_sink comp="443" pin=1"/></net>

<net id="451"><net_src comp="18" pin="0"/><net_sink comp="443" pin=2"/></net>

<net id="452"><net_src comp="20" pin="0"/><net_sink comp="443" pin=3"/></net>

<net id="459"><net_src comp="16" pin="0"/><net_sink comp="453" pin=0"/></net>

<net id="460"><net_src comp="426" pin="2"/><net_sink comp="453" pin=1"/></net>

<net id="461"><net_src comp="22" pin="0"/><net_sink comp="453" pin=2"/></net>

<net id="462"><net_src comp="24" pin="0"/><net_sink comp="453" pin=3"/></net>

<net id="469"><net_src comp="16" pin="0"/><net_sink comp="463" pin=0"/></net>

<net id="470"><net_src comp="426" pin="2"/><net_sink comp="463" pin=1"/></net>

<net id="471"><net_src comp="26" pin="0"/><net_sink comp="463" pin=2"/></net>

<net id="472"><net_src comp="28" pin="0"/><net_sink comp="463" pin=3"/></net>

<net id="479"><net_src comp="16" pin="0"/><net_sink comp="473" pin=0"/></net>

<net id="480"><net_src comp="426" pin="2"/><net_sink comp="473" pin=1"/></net>

<net id="481"><net_src comp="30" pin="0"/><net_sink comp="473" pin=2"/></net>

<net id="482"><net_src comp="32" pin="0"/><net_sink comp="473" pin=3"/></net>

<net id="489"><net_src comp="16" pin="0"/><net_sink comp="483" pin=0"/></net>

<net id="490"><net_src comp="426" pin="2"/><net_sink comp="483" pin=1"/></net>

<net id="491"><net_src comp="34" pin="0"/><net_sink comp="483" pin=2"/></net>

<net id="492"><net_src comp="36" pin="0"/><net_sink comp="483" pin=3"/></net>

<net id="499"><net_src comp="16" pin="0"/><net_sink comp="493" pin=0"/></net>

<net id="500"><net_src comp="426" pin="2"/><net_sink comp="493" pin=1"/></net>

<net id="501"><net_src comp="38" pin="0"/><net_sink comp="493" pin=2"/></net>

<net id="502"><net_src comp="40" pin="0"/><net_sink comp="493" pin=3"/></net>

<net id="509"><net_src comp="16" pin="0"/><net_sink comp="503" pin=0"/></net>

<net id="510"><net_src comp="426" pin="2"/><net_sink comp="503" pin=1"/></net>

<net id="511"><net_src comp="42" pin="0"/><net_sink comp="503" pin=2"/></net>

<net id="512"><net_src comp="44" pin="0"/><net_sink comp="503" pin=3"/></net>

<net id="519"><net_src comp="16" pin="0"/><net_sink comp="513" pin=0"/></net>

<net id="520"><net_src comp="426" pin="2"/><net_sink comp="513" pin=1"/></net>

<net id="521"><net_src comp="46" pin="0"/><net_sink comp="513" pin=2"/></net>

<net id="522"><net_src comp="48" pin="0"/><net_sink comp="513" pin=3"/></net>

<net id="529"><net_src comp="16" pin="0"/><net_sink comp="523" pin=0"/></net>

<net id="530"><net_src comp="426" pin="2"/><net_sink comp="523" pin=1"/></net>

<net id="531"><net_src comp="50" pin="0"/><net_sink comp="523" pin=2"/></net>

<net id="532"><net_src comp="52" pin="0"/><net_sink comp="523" pin=3"/></net>

<net id="539"><net_src comp="16" pin="0"/><net_sink comp="533" pin=0"/></net>

<net id="540"><net_src comp="426" pin="2"/><net_sink comp="533" pin=1"/></net>

<net id="541"><net_src comp="54" pin="0"/><net_sink comp="533" pin=2"/></net>

<net id="542"><net_src comp="56" pin="0"/><net_sink comp="533" pin=3"/></net>

<net id="549"><net_src comp="16" pin="0"/><net_sink comp="543" pin=0"/></net>

<net id="550"><net_src comp="426" pin="2"/><net_sink comp="543" pin=1"/></net>

<net id="551"><net_src comp="58" pin="0"/><net_sink comp="543" pin=2"/></net>

<net id="552"><net_src comp="60" pin="0"/><net_sink comp="543" pin=3"/></net>

<net id="559"><net_src comp="16" pin="0"/><net_sink comp="553" pin=0"/></net>

<net id="560"><net_src comp="426" pin="2"/><net_sink comp="553" pin=1"/></net>

<net id="561"><net_src comp="62" pin="0"/><net_sink comp="553" pin=2"/></net>

<net id="562"><net_src comp="64" pin="0"/><net_sink comp="553" pin=3"/></net>

<net id="569"><net_src comp="16" pin="0"/><net_sink comp="563" pin=0"/></net>

<net id="570"><net_src comp="426" pin="2"/><net_sink comp="563" pin=1"/></net>

<net id="571"><net_src comp="66" pin="0"/><net_sink comp="563" pin=2"/></net>

<net id="572"><net_src comp="68" pin="0"/><net_sink comp="563" pin=3"/></net>

<net id="579"><net_src comp="16" pin="0"/><net_sink comp="573" pin=0"/></net>

<net id="580"><net_src comp="426" pin="2"/><net_sink comp="573" pin=1"/></net>

<net id="581"><net_src comp="70" pin="0"/><net_sink comp="573" pin=2"/></net>

<net id="582"><net_src comp="72" pin="0"/><net_sink comp="573" pin=3"/></net>

<net id="589"><net_src comp="16" pin="0"/><net_sink comp="583" pin=0"/></net>

<net id="590"><net_src comp="426" pin="2"/><net_sink comp="583" pin=1"/></net>

<net id="591"><net_src comp="74" pin="0"/><net_sink comp="583" pin=2"/></net>

<net id="592"><net_src comp="76" pin="0"/><net_sink comp="583" pin=3"/></net>

<net id="599"><net_src comp="16" pin="0"/><net_sink comp="593" pin=0"/></net>

<net id="600"><net_src comp="426" pin="2"/><net_sink comp="593" pin=1"/></net>

<net id="601"><net_src comp="78" pin="0"/><net_sink comp="593" pin=2"/></net>

<net id="602"><net_src comp="80" pin="0"/><net_sink comp="593" pin=3"/></net>

<net id="609"><net_src comp="16" pin="0"/><net_sink comp="603" pin=0"/></net>

<net id="610"><net_src comp="426" pin="2"/><net_sink comp="603" pin=1"/></net>

<net id="611"><net_src comp="82" pin="0"/><net_sink comp="603" pin=2"/></net>

<net id="612"><net_src comp="84" pin="0"/><net_sink comp="603" pin=3"/></net>

<net id="619"><net_src comp="16" pin="0"/><net_sink comp="613" pin=0"/></net>

<net id="620"><net_src comp="426" pin="2"/><net_sink comp="613" pin=1"/></net>

<net id="621"><net_src comp="86" pin="0"/><net_sink comp="613" pin=2"/></net>

<net id="622"><net_src comp="88" pin="0"/><net_sink comp="613" pin=3"/></net>

<net id="629"><net_src comp="16" pin="0"/><net_sink comp="623" pin=0"/></net>

<net id="630"><net_src comp="426" pin="2"/><net_sink comp="623" pin=1"/></net>

<net id="631"><net_src comp="90" pin="0"/><net_sink comp="623" pin=2"/></net>

<net id="632"><net_src comp="92" pin="0"/><net_sink comp="623" pin=3"/></net>

<net id="639"><net_src comp="16" pin="0"/><net_sink comp="633" pin=0"/></net>

<net id="640"><net_src comp="426" pin="2"/><net_sink comp="633" pin=1"/></net>

<net id="641"><net_src comp="94" pin="0"/><net_sink comp="633" pin=2"/></net>

<net id="642"><net_src comp="96" pin="0"/><net_sink comp="633" pin=3"/></net>

<net id="649"><net_src comp="16" pin="0"/><net_sink comp="643" pin=0"/></net>

<net id="650"><net_src comp="426" pin="2"/><net_sink comp="643" pin=1"/></net>

<net id="651"><net_src comp="98" pin="0"/><net_sink comp="643" pin=2"/></net>

<net id="652"><net_src comp="100" pin="0"/><net_sink comp="643" pin=3"/></net>

<net id="659"><net_src comp="16" pin="0"/><net_sink comp="653" pin=0"/></net>

<net id="660"><net_src comp="426" pin="2"/><net_sink comp="653" pin=1"/></net>

<net id="661"><net_src comp="102" pin="0"/><net_sink comp="653" pin=2"/></net>

<net id="662"><net_src comp="104" pin="0"/><net_sink comp="653" pin=3"/></net>

<net id="669"><net_src comp="16" pin="0"/><net_sink comp="663" pin=0"/></net>

<net id="670"><net_src comp="426" pin="2"/><net_sink comp="663" pin=1"/></net>

<net id="671"><net_src comp="106" pin="0"/><net_sink comp="663" pin=2"/></net>

<net id="672"><net_src comp="108" pin="0"/><net_sink comp="663" pin=3"/></net>

<net id="679"><net_src comp="16" pin="0"/><net_sink comp="673" pin=0"/></net>

<net id="680"><net_src comp="426" pin="2"/><net_sink comp="673" pin=1"/></net>

<net id="681"><net_src comp="110" pin="0"/><net_sink comp="673" pin=2"/></net>

<net id="682"><net_src comp="112" pin="0"/><net_sink comp="673" pin=3"/></net>

<net id="689"><net_src comp="16" pin="0"/><net_sink comp="683" pin=0"/></net>

<net id="690"><net_src comp="426" pin="2"/><net_sink comp="683" pin=1"/></net>

<net id="691"><net_src comp="114" pin="0"/><net_sink comp="683" pin=2"/></net>

<net id="692"><net_src comp="116" pin="0"/><net_sink comp="683" pin=3"/></net>

<net id="699"><net_src comp="16" pin="0"/><net_sink comp="693" pin=0"/></net>

<net id="700"><net_src comp="426" pin="2"/><net_sink comp="693" pin=1"/></net>

<net id="701"><net_src comp="118" pin="0"/><net_sink comp="693" pin=2"/></net>

<net id="702"><net_src comp="120" pin="0"/><net_sink comp="693" pin=3"/></net>

<net id="709"><net_src comp="16" pin="0"/><net_sink comp="703" pin=0"/></net>

<net id="710"><net_src comp="426" pin="2"/><net_sink comp="703" pin=1"/></net>

<net id="711"><net_src comp="122" pin="0"/><net_sink comp="703" pin=2"/></net>

<net id="712"><net_src comp="124" pin="0"/><net_sink comp="703" pin=3"/></net>

<net id="719"><net_src comp="16" pin="0"/><net_sink comp="713" pin=0"/></net>

<net id="720"><net_src comp="426" pin="2"/><net_sink comp="713" pin=1"/></net>

<net id="721"><net_src comp="126" pin="0"/><net_sink comp="713" pin=2"/></net>

<net id="722"><net_src comp="128" pin="0"/><net_sink comp="713" pin=3"/></net>

<net id="729"><net_src comp="16" pin="0"/><net_sink comp="723" pin=0"/></net>

<net id="730"><net_src comp="426" pin="2"/><net_sink comp="723" pin=1"/></net>

<net id="731"><net_src comp="130" pin="0"/><net_sink comp="723" pin=2"/></net>

<net id="732"><net_src comp="132" pin="0"/><net_sink comp="723" pin=3"/></net>

<net id="739"><net_src comp="16" pin="0"/><net_sink comp="733" pin=0"/></net>

<net id="740"><net_src comp="426" pin="2"/><net_sink comp="733" pin=1"/></net>

<net id="741"><net_src comp="134" pin="0"/><net_sink comp="733" pin=2"/></net>

<net id="742"><net_src comp="136" pin="0"/><net_sink comp="733" pin=3"/></net>

<net id="749"><net_src comp="16" pin="0"/><net_sink comp="743" pin=0"/></net>

<net id="750"><net_src comp="426" pin="2"/><net_sink comp="743" pin=1"/></net>

<net id="751"><net_src comp="138" pin="0"/><net_sink comp="743" pin=2"/></net>

<net id="752"><net_src comp="140" pin="0"/><net_sink comp="743" pin=3"/></net>

<net id="757"><net_src comp="439" pin="1"/><net_sink comp="753" pin=0"/></net>

<net id="758"><net_src comp="142" pin="0"/><net_sink comp="753" pin=1"/></net>

<net id="764"><net_src comp="144" pin="0"/><net_sink comp="759" pin=0"/></net>

<net id="765"><net_src comp="426" pin="2"/><net_sink comp="759" pin=1"/></net>

<net id="766"><net_src comp="146" pin="0"/><net_sink comp="759" pin=2"/></net>

<net id="773"><net_src comp="148" pin="0"/><net_sink comp="767" pin=0"/></net>

<net id="774"><net_src comp="426" pin="2"/><net_sink comp="767" pin=1"/></net>

<net id="775"><net_src comp="150" pin="0"/><net_sink comp="767" pin=2"/></net>

<net id="776"><net_src comp="152" pin="0"/><net_sink comp="767" pin=3"/></net>

<net id="782"><net_src comp="144" pin="0"/><net_sink comp="777" pin=0"/></net>

<net id="783"><net_src comp="426" pin="2"/><net_sink comp="777" pin=1"/></net>

<net id="784"><net_src comp="154" pin="0"/><net_sink comp="777" pin=2"/></net>

<net id="790"><net_src comp="144" pin="0"/><net_sink comp="785" pin=0"/></net>

<net id="791"><net_src comp="426" pin="2"/><net_sink comp="785" pin=1"/></net>

<net id="792"><net_src comp="152" pin="0"/><net_sink comp="785" pin=2"/></net>

<net id="796"><net_src comp="777" pin="3"/><net_sink comp="793" pin=0"/></net>

<net id="801"><net_src comp="767" pin="4"/><net_sink comp="797" pin=0"/></net>

<net id="802"><net_src comp="793" pin="1"/><net_sink comp="797" pin=1"/></net>

<net id="808"><net_src comp="156" pin="0"/><net_sink comp="803" pin=0"/></net>

<net id="809"><net_src comp="797" pin="2"/><net_sink comp="803" pin=1"/></net>

<net id="810"><net_src comp="158" pin="0"/><net_sink comp="803" pin=2"/></net>

<net id="817"><net_src comp="160" pin="0"/><net_sink comp="811" pin=0"/></net>

<net id="818"><net_src comp="426" pin="2"/><net_sink comp="811" pin=1"/></net>

<net id="819"><net_src comp="162" pin="0"/><net_sink comp="811" pin=2"/></net>

<net id="820"><net_src comp="146" pin="0"/><net_sink comp="811" pin=3"/></net>

<net id="825"><net_src comp="811" pin="4"/><net_sink comp="821" pin=0"/></net>

<net id="826"><net_src comp="164" pin="0"/><net_sink comp="821" pin=1"/></net>

<net id="831"><net_src comp="785" pin="3"/><net_sink comp="827" pin=0"/></net>

<net id="832"><net_src comp="166" pin="0"/><net_sink comp="827" pin=1"/></net>

<net id="837"><net_src comp="803" pin="3"/><net_sink comp="833" pin=0"/></net>

<net id="838"><net_src comp="827" pin="2"/><net_sink comp="833" pin=1"/></net>

<net id="843"><net_src comp="821" pin="2"/><net_sink comp="839" pin=0"/></net>

<net id="844"><net_src comp="833" pin="2"/><net_sink comp="839" pin=1"/></net>

<net id="849"><net_src comp="839" pin="2"/><net_sink comp="845" pin=0"/></net>

<net id="850"><net_src comp="166" pin="0"/><net_sink comp="845" pin=1"/></net>

<net id="855"><net_src comp="803" pin="3"/><net_sink comp="851" pin=0"/></net>

<net id="856"><net_src comp="845" pin="2"/><net_sink comp="851" pin=1"/></net>

<net id="861"><net_src comp="759" pin="3"/><net_sink comp="857" pin=0"/></net>

<net id="862"><net_src comp="166" pin="0"/><net_sink comp="857" pin=1"/></net>

<net id="867"><net_src comp="851" pin="2"/><net_sink comp="863" pin=0"/></net>

<net id="868"><net_src comp="857" pin="2"/><net_sink comp="863" pin=1"/></net>

<net id="874"><net_src comp="863" pin="2"/><net_sink comp="869" pin=0"/></net>

<net id="875"><net_src comp="168" pin="0"/><net_sink comp="869" pin=1"/></net>

<net id="876"><net_src comp="170" pin="0"/><net_sink comp="869" pin=2"/></net>

<net id="881"><net_src comp="863" pin="2"/><net_sink comp="877" pin=0"/></net>

<net id="882"><net_src comp="759" pin="3"/><net_sink comp="877" pin=1"/></net>

<net id="888"><net_src comp="877" pin="2"/><net_sink comp="883" pin=0"/></net>

<net id="889"><net_src comp="869" pin="3"/><net_sink comp="883" pin=1"/></net>

<net id="890"><net_src comp="797" pin="2"/><net_sink comp="883" pin=2"/></net>

<net id="896"><net_src comp="753" pin="2"/><net_sink comp="891" pin=0"/></net>

<net id="897"><net_src comp="883" pin="3"/><net_sink comp="891" pin=1"/></net>

<net id="898"><net_src comp="172" pin="0"/><net_sink comp="891" pin=2"/></net>

<net id="903"><net_src comp="443" pin="4"/><net_sink comp="899" pin=0"/></net>

<net id="904"><net_src comp="142" pin="0"/><net_sink comp="899" pin=1"/></net>

<net id="910"><net_src comp="144" pin="0"/><net_sink comp="905" pin=0"/></net>

<net id="911"><net_src comp="426" pin="2"/><net_sink comp="905" pin=1"/></net>

<net id="912"><net_src comp="20" pin="0"/><net_sink comp="905" pin=2"/></net>

<net id="919"><net_src comp="148" pin="0"/><net_sink comp="913" pin=0"/></net>

<net id="920"><net_src comp="426" pin="2"/><net_sink comp="913" pin=1"/></net>

<net id="921"><net_src comp="174" pin="0"/><net_sink comp="913" pin=2"/></net>

<net id="922"><net_src comp="176" pin="0"/><net_sink comp="913" pin=3"/></net>

<net id="928"><net_src comp="144" pin="0"/><net_sink comp="923" pin=0"/></net>

<net id="929"><net_src comp="426" pin="2"/><net_sink comp="923" pin=1"/></net>

<net id="930"><net_src comp="178" pin="0"/><net_sink comp="923" pin=2"/></net>

<net id="936"><net_src comp="144" pin="0"/><net_sink comp="931" pin=0"/></net>

<net id="937"><net_src comp="426" pin="2"/><net_sink comp="931" pin=1"/></net>

<net id="938"><net_src comp="176" pin="0"/><net_sink comp="931" pin=2"/></net>

<net id="942"><net_src comp="923" pin="3"/><net_sink comp="939" pin=0"/></net>

<net id="947"><net_src comp="913" pin="4"/><net_sink comp="943" pin=0"/></net>

<net id="948"><net_src comp="939" pin="1"/><net_sink comp="943" pin=1"/></net>

<net id="954"><net_src comp="156" pin="0"/><net_sink comp="949" pin=0"/></net>

<net id="955"><net_src comp="943" pin="2"/><net_sink comp="949" pin=1"/></net>

<net id="956"><net_src comp="158" pin="0"/><net_sink comp="949" pin=2"/></net>

<net id="963"><net_src comp="160" pin="0"/><net_sink comp="957" pin=0"/></net>

<net id="964"><net_src comp="426" pin="2"/><net_sink comp="957" pin=1"/></net>

<net id="965"><net_src comp="180" pin="0"/><net_sink comp="957" pin=2"/></net>

<net id="966"><net_src comp="20" pin="0"/><net_sink comp="957" pin=3"/></net>

<net id="971"><net_src comp="957" pin="4"/><net_sink comp="967" pin=0"/></net>

<net id="972"><net_src comp="164" pin="0"/><net_sink comp="967" pin=1"/></net>

<net id="977"><net_src comp="931" pin="3"/><net_sink comp="973" pin=0"/></net>

<net id="978"><net_src comp="166" pin="0"/><net_sink comp="973" pin=1"/></net>

<net id="983"><net_src comp="949" pin="3"/><net_sink comp="979" pin=0"/></net>

<net id="984"><net_src comp="973" pin="2"/><net_sink comp="979" pin=1"/></net>

<net id="989"><net_src comp="967" pin="2"/><net_sink comp="985" pin=0"/></net>

<net id="990"><net_src comp="979" pin="2"/><net_sink comp="985" pin=1"/></net>

<net id="995"><net_src comp="985" pin="2"/><net_sink comp="991" pin=0"/></net>

<net id="996"><net_src comp="166" pin="0"/><net_sink comp="991" pin=1"/></net>

<net id="1001"><net_src comp="949" pin="3"/><net_sink comp="997" pin=0"/></net>

<net id="1002"><net_src comp="991" pin="2"/><net_sink comp="997" pin=1"/></net>

<net id="1007"><net_src comp="905" pin="3"/><net_sink comp="1003" pin=0"/></net>

<net id="1008"><net_src comp="166" pin="0"/><net_sink comp="1003" pin=1"/></net>

<net id="1013"><net_src comp="997" pin="2"/><net_sink comp="1009" pin=0"/></net>

<net id="1014"><net_src comp="1003" pin="2"/><net_sink comp="1009" pin=1"/></net>

<net id="1020"><net_src comp="1009" pin="2"/><net_sink comp="1015" pin=0"/></net>

<net id="1021"><net_src comp="168" pin="0"/><net_sink comp="1015" pin=1"/></net>

<net id="1022"><net_src comp="170" pin="0"/><net_sink comp="1015" pin=2"/></net>

<net id="1027"><net_src comp="1009" pin="2"/><net_sink comp="1023" pin=0"/></net>

<net id="1028"><net_src comp="905" pin="3"/><net_sink comp="1023" pin=1"/></net>

<net id="1034"><net_src comp="1023" pin="2"/><net_sink comp="1029" pin=0"/></net>

<net id="1035"><net_src comp="1015" pin="3"/><net_sink comp="1029" pin=1"/></net>

<net id="1036"><net_src comp="943" pin="2"/><net_sink comp="1029" pin=2"/></net>

<net id="1042"><net_src comp="899" pin="2"/><net_sink comp="1037" pin=0"/></net>

<net id="1043"><net_src comp="1029" pin="3"/><net_sink comp="1037" pin=1"/></net>

<net id="1044"><net_src comp="172" pin="0"/><net_sink comp="1037" pin=2"/></net>

<net id="1049"><net_src comp="453" pin="4"/><net_sink comp="1045" pin=0"/></net>

<net id="1050"><net_src comp="142" pin="0"/><net_sink comp="1045" pin=1"/></net>

<net id="1056"><net_src comp="144" pin="0"/><net_sink comp="1051" pin=0"/></net>

<net id="1057"><net_src comp="426" pin="2"/><net_sink comp="1051" pin=1"/></net>

<net id="1058"><net_src comp="24" pin="0"/><net_sink comp="1051" pin=2"/></net>

<net id="1065"><net_src comp="148" pin="0"/><net_sink comp="1059" pin=0"/></net>

<net id="1066"><net_src comp="426" pin="2"/><net_sink comp="1059" pin=1"/></net>

<net id="1067"><net_src comp="182" pin="0"/><net_sink comp="1059" pin=2"/></net>

<net id="1068"><net_src comp="184" pin="0"/><net_sink comp="1059" pin=3"/></net>

<net id="1074"><net_src comp="144" pin="0"/><net_sink comp="1069" pin=0"/></net>

<net id="1075"><net_src comp="426" pin="2"/><net_sink comp="1069" pin=1"/></net>

<net id="1076"><net_src comp="186" pin="0"/><net_sink comp="1069" pin=2"/></net>

<net id="1082"><net_src comp="144" pin="0"/><net_sink comp="1077" pin=0"/></net>

<net id="1083"><net_src comp="426" pin="2"/><net_sink comp="1077" pin=1"/></net>

<net id="1084"><net_src comp="184" pin="0"/><net_sink comp="1077" pin=2"/></net>

<net id="1088"><net_src comp="1069" pin="3"/><net_sink comp="1085" pin=0"/></net>

<net id="1093"><net_src comp="1059" pin="4"/><net_sink comp="1089" pin=0"/></net>

<net id="1094"><net_src comp="1085" pin="1"/><net_sink comp="1089" pin=1"/></net>

<net id="1100"><net_src comp="156" pin="0"/><net_sink comp="1095" pin=0"/></net>

<net id="1101"><net_src comp="1089" pin="2"/><net_sink comp="1095" pin=1"/></net>

<net id="1102"><net_src comp="158" pin="0"/><net_sink comp="1095" pin=2"/></net>

<net id="1109"><net_src comp="160" pin="0"/><net_sink comp="1103" pin=0"/></net>

<net id="1110"><net_src comp="426" pin="2"/><net_sink comp="1103" pin=1"/></net>

<net id="1111"><net_src comp="188" pin="0"/><net_sink comp="1103" pin=2"/></net>

<net id="1112"><net_src comp="24" pin="0"/><net_sink comp="1103" pin=3"/></net>

<net id="1117"><net_src comp="1103" pin="4"/><net_sink comp="1113" pin=0"/></net>

<net id="1118"><net_src comp="164" pin="0"/><net_sink comp="1113" pin=1"/></net>

<net id="1123"><net_src comp="1077" pin="3"/><net_sink comp="1119" pin=0"/></net>

<net id="1124"><net_src comp="166" pin="0"/><net_sink comp="1119" pin=1"/></net>

<net id="1129"><net_src comp="1095" pin="3"/><net_sink comp="1125" pin=0"/></net>

<net id="1130"><net_src comp="1119" pin="2"/><net_sink comp="1125" pin=1"/></net>

<net id="1135"><net_src comp="1113" pin="2"/><net_sink comp="1131" pin=0"/></net>

<net id="1136"><net_src comp="1125" pin="2"/><net_sink comp="1131" pin=1"/></net>

<net id="1141"><net_src comp="1131" pin="2"/><net_sink comp="1137" pin=0"/></net>

<net id="1142"><net_src comp="166" pin="0"/><net_sink comp="1137" pin=1"/></net>

<net id="1147"><net_src comp="1095" pin="3"/><net_sink comp="1143" pin=0"/></net>

<net id="1148"><net_src comp="1137" pin="2"/><net_sink comp="1143" pin=1"/></net>

<net id="1153"><net_src comp="1051" pin="3"/><net_sink comp="1149" pin=0"/></net>

<net id="1154"><net_src comp="166" pin="0"/><net_sink comp="1149" pin=1"/></net>

<net id="1159"><net_src comp="1143" pin="2"/><net_sink comp="1155" pin=0"/></net>

<net id="1160"><net_src comp="1149" pin="2"/><net_sink comp="1155" pin=1"/></net>

<net id="1166"><net_src comp="1155" pin="2"/><net_sink comp="1161" pin=0"/></net>

<net id="1167"><net_src comp="168" pin="0"/><net_sink comp="1161" pin=1"/></net>

<net id="1168"><net_src comp="170" pin="0"/><net_sink comp="1161" pin=2"/></net>

<net id="1173"><net_src comp="1155" pin="2"/><net_sink comp="1169" pin=0"/></net>

<net id="1174"><net_src comp="1051" pin="3"/><net_sink comp="1169" pin=1"/></net>

<net id="1180"><net_src comp="1169" pin="2"/><net_sink comp="1175" pin=0"/></net>

<net id="1181"><net_src comp="1161" pin="3"/><net_sink comp="1175" pin=1"/></net>

<net id="1182"><net_src comp="1089" pin="2"/><net_sink comp="1175" pin=2"/></net>

<net id="1188"><net_src comp="1045" pin="2"/><net_sink comp="1183" pin=0"/></net>

<net id="1189"><net_src comp="1175" pin="3"/><net_sink comp="1183" pin=1"/></net>

<net id="1190"><net_src comp="172" pin="0"/><net_sink comp="1183" pin=2"/></net>

<net id="1195"><net_src comp="463" pin="4"/><net_sink comp="1191" pin=0"/></net>

<net id="1196"><net_src comp="142" pin="0"/><net_sink comp="1191" pin=1"/></net>

<net id="1202"><net_src comp="144" pin="0"/><net_sink comp="1197" pin=0"/></net>

<net id="1203"><net_src comp="426" pin="2"/><net_sink comp="1197" pin=1"/></net>

<net id="1204"><net_src comp="28" pin="0"/><net_sink comp="1197" pin=2"/></net>

<net id="1211"><net_src comp="148" pin="0"/><net_sink comp="1205" pin=0"/></net>

<net id="1212"><net_src comp="426" pin="2"/><net_sink comp="1205" pin=1"/></net>

<net id="1213"><net_src comp="190" pin="0"/><net_sink comp="1205" pin=2"/></net>

<net id="1214"><net_src comp="192" pin="0"/><net_sink comp="1205" pin=3"/></net>

<net id="1220"><net_src comp="144" pin="0"/><net_sink comp="1215" pin=0"/></net>

<net id="1221"><net_src comp="426" pin="2"/><net_sink comp="1215" pin=1"/></net>

<net id="1222"><net_src comp="194" pin="0"/><net_sink comp="1215" pin=2"/></net>

<net id="1228"><net_src comp="144" pin="0"/><net_sink comp="1223" pin=0"/></net>

<net id="1229"><net_src comp="426" pin="2"/><net_sink comp="1223" pin=1"/></net>

<net id="1230"><net_src comp="192" pin="0"/><net_sink comp="1223" pin=2"/></net>

<net id="1234"><net_src comp="1215" pin="3"/><net_sink comp="1231" pin=0"/></net>

<net id="1239"><net_src comp="1205" pin="4"/><net_sink comp="1235" pin=0"/></net>

<net id="1240"><net_src comp="1231" pin="1"/><net_sink comp="1235" pin=1"/></net>

<net id="1246"><net_src comp="156" pin="0"/><net_sink comp="1241" pin=0"/></net>

<net id="1247"><net_src comp="1235" pin="2"/><net_sink comp="1241" pin=1"/></net>

<net id="1248"><net_src comp="158" pin="0"/><net_sink comp="1241" pin=2"/></net>

<net id="1255"><net_src comp="160" pin="0"/><net_sink comp="1249" pin=0"/></net>

<net id="1256"><net_src comp="426" pin="2"/><net_sink comp="1249" pin=1"/></net>

<net id="1257"><net_src comp="196" pin="0"/><net_sink comp="1249" pin=2"/></net>

<net id="1258"><net_src comp="28" pin="0"/><net_sink comp="1249" pin=3"/></net>

<net id="1263"><net_src comp="1249" pin="4"/><net_sink comp="1259" pin=0"/></net>

<net id="1264"><net_src comp="164" pin="0"/><net_sink comp="1259" pin=1"/></net>

<net id="1269"><net_src comp="1223" pin="3"/><net_sink comp="1265" pin=0"/></net>

<net id="1270"><net_src comp="166" pin="0"/><net_sink comp="1265" pin=1"/></net>

<net id="1275"><net_src comp="1241" pin="3"/><net_sink comp="1271" pin=0"/></net>

<net id="1276"><net_src comp="1265" pin="2"/><net_sink comp="1271" pin=1"/></net>

<net id="1281"><net_src comp="1259" pin="2"/><net_sink comp="1277" pin=0"/></net>

<net id="1282"><net_src comp="1271" pin="2"/><net_sink comp="1277" pin=1"/></net>

<net id="1287"><net_src comp="1277" pin="2"/><net_sink comp="1283" pin=0"/></net>

<net id="1288"><net_src comp="166" pin="0"/><net_sink comp="1283" pin=1"/></net>

<net id="1293"><net_src comp="1241" pin="3"/><net_sink comp="1289" pin=0"/></net>

<net id="1294"><net_src comp="1283" pin="2"/><net_sink comp="1289" pin=1"/></net>

<net id="1299"><net_src comp="1197" pin="3"/><net_sink comp="1295" pin=0"/></net>

<net id="1300"><net_src comp="166" pin="0"/><net_sink comp="1295" pin=1"/></net>

<net id="1305"><net_src comp="1289" pin="2"/><net_sink comp="1301" pin=0"/></net>

<net id="1306"><net_src comp="1295" pin="2"/><net_sink comp="1301" pin=1"/></net>

<net id="1312"><net_src comp="1301" pin="2"/><net_sink comp="1307" pin=0"/></net>

<net id="1313"><net_src comp="168" pin="0"/><net_sink comp="1307" pin=1"/></net>

<net id="1314"><net_src comp="170" pin="0"/><net_sink comp="1307" pin=2"/></net>

<net id="1319"><net_src comp="1301" pin="2"/><net_sink comp="1315" pin=0"/></net>

<net id="1320"><net_src comp="1197" pin="3"/><net_sink comp="1315" pin=1"/></net>

<net id="1326"><net_src comp="1315" pin="2"/><net_sink comp="1321" pin=0"/></net>

<net id="1327"><net_src comp="1307" pin="3"/><net_sink comp="1321" pin=1"/></net>

<net id="1328"><net_src comp="1235" pin="2"/><net_sink comp="1321" pin=2"/></net>

<net id="1334"><net_src comp="1191" pin="2"/><net_sink comp="1329" pin=0"/></net>

<net id="1335"><net_src comp="1321" pin="3"/><net_sink comp="1329" pin=1"/></net>

<net id="1336"><net_src comp="172" pin="0"/><net_sink comp="1329" pin=2"/></net>

<net id="1341"><net_src comp="473" pin="4"/><net_sink comp="1337" pin=0"/></net>

<net id="1342"><net_src comp="142" pin="0"/><net_sink comp="1337" pin=1"/></net>

<net id="1348"><net_src comp="144" pin="0"/><net_sink comp="1343" pin=0"/></net>

<net id="1349"><net_src comp="426" pin="2"/><net_sink comp="1343" pin=1"/></net>

<net id="1350"><net_src comp="32" pin="0"/><net_sink comp="1343" pin=2"/></net>

<net id="1357"><net_src comp="148" pin="0"/><net_sink comp="1351" pin=0"/></net>

<net id="1358"><net_src comp="426" pin="2"/><net_sink comp="1351" pin=1"/></net>

<net id="1359"><net_src comp="198" pin="0"/><net_sink comp="1351" pin=2"/></net>

<net id="1360"><net_src comp="200" pin="0"/><net_sink comp="1351" pin=3"/></net>

<net id="1366"><net_src comp="144" pin="0"/><net_sink comp="1361" pin=0"/></net>

<net id="1367"><net_src comp="426" pin="2"/><net_sink comp="1361" pin=1"/></net>

<net id="1368"><net_src comp="202" pin="0"/><net_sink comp="1361" pin=2"/></net>

<net id="1374"><net_src comp="144" pin="0"/><net_sink comp="1369" pin=0"/></net>

<net id="1375"><net_src comp="426" pin="2"/><net_sink comp="1369" pin=1"/></net>

<net id="1376"><net_src comp="200" pin="0"/><net_sink comp="1369" pin=2"/></net>

<net id="1380"><net_src comp="1361" pin="3"/><net_sink comp="1377" pin=0"/></net>

<net id="1385"><net_src comp="1351" pin="4"/><net_sink comp="1381" pin=0"/></net>

<net id="1386"><net_src comp="1377" pin="1"/><net_sink comp="1381" pin=1"/></net>

<net id="1392"><net_src comp="156" pin="0"/><net_sink comp="1387" pin=0"/></net>

<net id="1393"><net_src comp="1381" pin="2"/><net_sink comp="1387" pin=1"/></net>

<net id="1394"><net_src comp="158" pin="0"/><net_sink comp="1387" pin=2"/></net>

<net id="1401"><net_src comp="160" pin="0"/><net_sink comp="1395" pin=0"/></net>

<net id="1402"><net_src comp="426" pin="2"/><net_sink comp="1395" pin=1"/></net>

<net id="1403"><net_src comp="204" pin="0"/><net_sink comp="1395" pin=2"/></net>

<net id="1404"><net_src comp="32" pin="0"/><net_sink comp="1395" pin=3"/></net>

<net id="1409"><net_src comp="1395" pin="4"/><net_sink comp="1405" pin=0"/></net>

<net id="1410"><net_src comp="164" pin="0"/><net_sink comp="1405" pin=1"/></net>

<net id="1415"><net_src comp="1369" pin="3"/><net_sink comp="1411" pin=0"/></net>

<net id="1416"><net_src comp="166" pin="0"/><net_sink comp="1411" pin=1"/></net>

<net id="1421"><net_src comp="1387" pin="3"/><net_sink comp="1417" pin=0"/></net>

<net id="1422"><net_src comp="1411" pin="2"/><net_sink comp="1417" pin=1"/></net>

<net id="1427"><net_src comp="1405" pin="2"/><net_sink comp="1423" pin=0"/></net>

<net id="1428"><net_src comp="1417" pin="2"/><net_sink comp="1423" pin=1"/></net>

<net id="1433"><net_src comp="1423" pin="2"/><net_sink comp="1429" pin=0"/></net>

<net id="1434"><net_src comp="166" pin="0"/><net_sink comp="1429" pin=1"/></net>

<net id="1439"><net_src comp="1387" pin="3"/><net_sink comp="1435" pin=0"/></net>

<net id="1440"><net_src comp="1429" pin="2"/><net_sink comp="1435" pin=1"/></net>

<net id="1445"><net_src comp="1343" pin="3"/><net_sink comp="1441" pin=0"/></net>

<net id="1446"><net_src comp="166" pin="0"/><net_sink comp="1441" pin=1"/></net>

<net id="1451"><net_src comp="1435" pin="2"/><net_sink comp="1447" pin=0"/></net>

<net id="1452"><net_src comp="1441" pin="2"/><net_sink comp="1447" pin=1"/></net>

<net id="1458"><net_src comp="1447" pin="2"/><net_sink comp="1453" pin=0"/></net>

<net id="1459"><net_src comp="168" pin="0"/><net_sink comp="1453" pin=1"/></net>

<net id="1460"><net_src comp="170" pin="0"/><net_sink comp="1453" pin=2"/></net>

<net id="1465"><net_src comp="1447" pin="2"/><net_sink comp="1461" pin=0"/></net>

<net id="1466"><net_src comp="1343" pin="3"/><net_sink comp="1461" pin=1"/></net>

<net id="1472"><net_src comp="1461" pin="2"/><net_sink comp="1467" pin=0"/></net>

<net id="1473"><net_src comp="1453" pin="3"/><net_sink comp="1467" pin=1"/></net>

<net id="1474"><net_src comp="1381" pin="2"/><net_sink comp="1467" pin=2"/></net>

<net id="1480"><net_src comp="1337" pin="2"/><net_sink comp="1475" pin=0"/></net>

<net id="1481"><net_src comp="1467" pin="3"/><net_sink comp="1475" pin=1"/></net>

<net id="1482"><net_src comp="172" pin="0"/><net_sink comp="1475" pin=2"/></net>

<net id="1487"><net_src comp="483" pin="4"/><net_sink comp="1483" pin=0"/></net>

<net id="1488"><net_src comp="142" pin="0"/><net_sink comp="1483" pin=1"/></net>

<net id="1494"><net_src comp="144" pin="0"/><net_sink comp="1489" pin=0"/></net>

<net id="1495"><net_src comp="426" pin="2"/><net_sink comp="1489" pin=1"/></net>

<net id="1496"><net_src comp="36" pin="0"/><net_sink comp="1489" pin=2"/></net>

<net id="1503"><net_src comp="148" pin="0"/><net_sink comp="1497" pin=0"/></net>

<net id="1504"><net_src comp="426" pin="2"/><net_sink comp="1497" pin=1"/></net>

<net id="1505"><net_src comp="206" pin="0"/><net_sink comp="1497" pin=2"/></net>

<net id="1506"><net_src comp="208" pin="0"/><net_sink comp="1497" pin=3"/></net>

<net id="1512"><net_src comp="144" pin="0"/><net_sink comp="1507" pin=0"/></net>

<net id="1513"><net_src comp="426" pin="2"/><net_sink comp="1507" pin=1"/></net>

<net id="1514"><net_src comp="210" pin="0"/><net_sink comp="1507" pin=2"/></net>

<net id="1520"><net_src comp="144" pin="0"/><net_sink comp="1515" pin=0"/></net>

<net id="1521"><net_src comp="426" pin="2"/><net_sink comp="1515" pin=1"/></net>

<net id="1522"><net_src comp="208" pin="0"/><net_sink comp="1515" pin=2"/></net>

<net id="1526"><net_src comp="1507" pin="3"/><net_sink comp="1523" pin=0"/></net>

<net id="1531"><net_src comp="1497" pin="4"/><net_sink comp="1527" pin=0"/></net>

<net id="1532"><net_src comp="1523" pin="1"/><net_sink comp="1527" pin=1"/></net>

<net id="1538"><net_src comp="156" pin="0"/><net_sink comp="1533" pin=0"/></net>

<net id="1539"><net_src comp="1527" pin="2"/><net_sink comp="1533" pin=1"/></net>

<net id="1540"><net_src comp="158" pin="0"/><net_sink comp="1533" pin=2"/></net>

<net id="1547"><net_src comp="160" pin="0"/><net_sink comp="1541" pin=0"/></net>

<net id="1548"><net_src comp="426" pin="2"/><net_sink comp="1541" pin=1"/></net>

<net id="1549"><net_src comp="212" pin="0"/><net_sink comp="1541" pin=2"/></net>

<net id="1550"><net_src comp="36" pin="0"/><net_sink comp="1541" pin=3"/></net>

<net id="1555"><net_src comp="1541" pin="4"/><net_sink comp="1551" pin=0"/></net>

<net id="1556"><net_src comp="164" pin="0"/><net_sink comp="1551" pin=1"/></net>

<net id="1561"><net_src comp="1515" pin="3"/><net_sink comp="1557" pin=0"/></net>

<net id="1562"><net_src comp="166" pin="0"/><net_sink comp="1557" pin=1"/></net>

<net id="1567"><net_src comp="1533" pin="3"/><net_sink comp="1563" pin=0"/></net>

<net id="1568"><net_src comp="1557" pin="2"/><net_sink comp="1563" pin=1"/></net>

<net id="1573"><net_src comp="1551" pin="2"/><net_sink comp="1569" pin=0"/></net>

<net id="1574"><net_src comp="1563" pin="2"/><net_sink comp="1569" pin=1"/></net>

<net id="1579"><net_src comp="1569" pin="2"/><net_sink comp="1575" pin=0"/></net>

<net id="1580"><net_src comp="166" pin="0"/><net_sink comp="1575" pin=1"/></net>

<net id="1585"><net_src comp="1533" pin="3"/><net_sink comp="1581" pin=0"/></net>

<net id="1586"><net_src comp="1575" pin="2"/><net_sink comp="1581" pin=1"/></net>

<net id="1591"><net_src comp="1489" pin="3"/><net_sink comp="1587" pin=0"/></net>

<net id="1592"><net_src comp="166" pin="0"/><net_sink comp="1587" pin=1"/></net>

<net id="1597"><net_src comp="1581" pin="2"/><net_sink comp="1593" pin=0"/></net>

<net id="1598"><net_src comp="1587" pin="2"/><net_sink comp="1593" pin=1"/></net>

<net id="1604"><net_src comp="1593" pin="2"/><net_sink comp="1599" pin=0"/></net>

<net id="1605"><net_src comp="168" pin="0"/><net_sink comp="1599" pin=1"/></net>

<net id="1606"><net_src comp="170" pin="0"/><net_sink comp="1599" pin=2"/></net>

<net id="1611"><net_src comp="1593" pin="2"/><net_sink comp="1607" pin=0"/></net>

<net id="1612"><net_src comp="1489" pin="3"/><net_sink comp="1607" pin=1"/></net>

<net id="1618"><net_src comp="1607" pin="2"/><net_sink comp="1613" pin=0"/></net>

<net id="1619"><net_src comp="1599" pin="3"/><net_sink comp="1613" pin=1"/></net>

<net id="1620"><net_src comp="1527" pin="2"/><net_sink comp="1613" pin=2"/></net>

<net id="1626"><net_src comp="1483" pin="2"/><net_sink comp="1621" pin=0"/></net>

<net id="1627"><net_src comp="1613" pin="3"/><net_sink comp="1621" pin=1"/></net>

<net id="1628"><net_src comp="172" pin="0"/><net_sink comp="1621" pin=2"/></net>

<net id="1633"><net_src comp="493" pin="4"/><net_sink comp="1629" pin=0"/></net>

<net id="1634"><net_src comp="142" pin="0"/><net_sink comp="1629" pin=1"/></net>

<net id="1640"><net_src comp="144" pin="0"/><net_sink comp="1635" pin=0"/></net>

<net id="1641"><net_src comp="426" pin="2"/><net_sink comp="1635" pin=1"/></net>

<net id="1642"><net_src comp="40" pin="0"/><net_sink comp="1635" pin=2"/></net>

<net id="1649"><net_src comp="148" pin="0"/><net_sink comp="1643" pin=0"/></net>

<net id="1650"><net_src comp="426" pin="2"/><net_sink comp="1643" pin=1"/></net>

<net id="1651"><net_src comp="214" pin="0"/><net_sink comp="1643" pin=2"/></net>

<net id="1652"><net_src comp="216" pin="0"/><net_sink comp="1643" pin=3"/></net>

<net id="1658"><net_src comp="144" pin="0"/><net_sink comp="1653" pin=0"/></net>

<net id="1659"><net_src comp="426" pin="2"/><net_sink comp="1653" pin=1"/></net>

<net id="1660"><net_src comp="218" pin="0"/><net_sink comp="1653" pin=2"/></net>

<net id="1666"><net_src comp="144" pin="0"/><net_sink comp="1661" pin=0"/></net>

<net id="1667"><net_src comp="426" pin="2"/><net_sink comp="1661" pin=1"/></net>

<net id="1668"><net_src comp="216" pin="0"/><net_sink comp="1661" pin=2"/></net>

<net id="1672"><net_src comp="1653" pin="3"/><net_sink comp="1669" pin=0"/></net>

<net id="1677"><net_src comp="1643" pin="4"/><net_sink comp="1673" pin=0"/></net>

<net id="1678"><net_src comp="1669" pin="1"/><net_sink comp="1673" pin=1"/></net>

<net id="1684"><net_src comp="156" pin="0"/><net_sink comp="1679" pin=0"/></net>

<net id="1685"><net_src comp="1673" pin="2"/><net_sink comp="1679" pin=1"/></net>

<net id="1686"><net_src comp="158" pin="0"/><net_sink comp="1679" pin=2"/></net>

<net id="1693"><net_src comp="160" pin="0"/><net_sink comp="1687" pin=0"/></net>

<net id="1694"><net_src comp="426" pin="2"/><net_sink comp="1687" pin=1"/></net>

<net id="1695"><net_src comp="220" pin="0"/><net_sink comp="1687" pin=2"/></net>

<net id="1696"><net_src comp="40" pin="0"/><net_sink comp="1687" pin=3"/></net>

<net id="1701"><net_src comp="1687" pin="4"/><net_sink comp="1697" pin=0"/></net>

<net id="1702"><net_src comp="164" pin="0"/><net_sink comp="1697" pin=1"/></net>

<net id="1707"><net_src comp="1661" pin="3"/><net_sink comp="1703" pin=0"/></net>

<net id="1708"><net_src comp="166" pin="0"/><net_sink comp="1703" pin=1"/></net>

<net id="1713"><net_src comp="1679" pin="3"/><net_sink comp="1709" pin=0"/></net>

<net id="1714"><net_src comp="1703" pin="2"/><net_sink comp="1709" pin=1"/></net>

<net id="1719"><net_src comp="1697" pin="2"/><net_sink comp="1715" pin=0"/></net>

<net id="1720"><net_src comp="1709" pin="2"/><net_sink comp="1715" pin=1"/></net>

<net id="1725"><net_src comp="1715" pin="2"/><net_sink comp="1721" pin=0"/></net>

<net id="1726"><net_src comp="166" pin="0"/><net_sink comp="1721" pin=1"/></net>

<net id="1731"><net_src comp="1679" pin="3"/><net_sink comp="1727" pin=0"/></net>

<net id="1732"><net_src comp="1721" pin="2"/><net_sink comp="1727" pin=1"/></net>

<net id="1737"><net_src comp="1635" pin="3"/><net_sink comp="1733" pin=0"/></net>

<net id="1738"><net_src comp="166" pin="0"/><net_sink comp="1733" pin=1"/></net>

<net id="1743"><net_src comp="1727" pin="2"/><net_sink comp="1739" pin=0"/></net>

<net id="1744"><net_src comp="1733" pin="2"/><net_sink comp="1739" pin=1"/></net>

<net id="1750"><net_src comp="1739" pin="2"/><net_sink comp="1745" pin=0"/></net>

<net id="1751"><net_src comp="168" pin="0"/><net_sink comp="1745" pin=1"/></net>

<net id="1752"><net_src comp="170" pin="0"/><net_sink comp="1745" pin=2"/></net>

<net id="1757"><net_src comp="1739" pin="2"/><net_sink comp="1753" pin=0"/></net>

<net id="1758"><net_src comp="1635" pin="3"/><net_sink comp="1753" pin=1"/></net>

<net id="1764"><net_src comp="1753" pin="2"/><net_sink comp="1759" pin=0"/></net>

<net id="1765"><net_src comp="1745" pin="3"/><net_sink comp="1759" pin=1"/></net>

<net id="1766"><net_src comp="1673" pin="2"/><net_sink comp="1759" pin=2"/></net>

<net id="1772"><net_src comp="1629" pin="2"/><net_sink comp="1767" pin=0"/></net>

<net id="1773"><net_src comp="1759" pin="3"/><net_sink comp="1767" pin=1"/></net>

<net id="1774"><net_src comp="172" pin="0"/><net_sink comp="1767" pin=2"/></net>

<net id="1779"><net_src comp="503" pin="4"/><net_sink comp="1775" pin=0"/></net>

<net id="1780"><net_src comp="142" pin="0"/><net_sink comp="1775" pin=1"/></net>

<net id="1786"><net_src comp="144" pin="0"/><net_sink comp="1781" pin=0"/></net>

<net id="1787"><net_src comp="426" pin="2"/><net_sink comp="1781" pin=1"/></net>

<net id="1788"><net_src comp="44" pin="0"/><net_sink comp="1781" pin=2"/></net>

<net id="1795"><net_src comp="148" pin="0"/><net_sink comp="1789" pin=0"/></net>

<net id="1796"><net_src comp="426" pin="2"/><net_sink comp="1789" pin=1"/></net>

<net id="1797"><net_src comp="222" pin="0"/><net_sink comp="1789" pin=2"/></net>

<net id="1798"><net_src comp="224" pin="0"/><net_sink comp="1789" pin=3"/></net>

<net id="1804"><net_src comp="144" pin="0"/><net_sink comp="1799" pin=0"/></net>

<net id="1805"><net_src comp="426" pin="2"/><net_sink comp="1799" pin=1"/></net>

<net id="1806"><net_src comp="226" pin="0"/><net_sink comp="1799" pin=2"/></net>

<net id="1812"><net_src comp="144" pin="0"/><net_sink comp="1807" pin=0"/></net>

<net id="1813"><net_src comp="426" pin="2"/><net_sink comp="1807" pin=1"/></net>

<net id="1814"><net_src comp="224" pin="0"/><net_sink comp="1807" pin=2"/></net>

<net id="1818"><net_src comp="1799" pin="3"/><net_sink comp="1815" pin=0"/></net>

<net id="1823"><net_src comp="1789" pin="4"/><net_sink comp="1819" pin=0"/></net>

<net id="1824"><net_src comp="1815" pin="1"/><net_sink comp="1819" pin=1"/></net>

<net id="1830"><net_src comp="156" pin="0"/><net_sink comp="1825" pin=0"/></net>

<net id="1831"><net_src comp="1819" pin="2"/><net_sink comp="1825" pin=1"/></net>

<net id="1832"><net_src comp="158" pin="0"/><net_sink comp="1825" pin=2"/></net>

<net id="1839"><net_src comp="160" pin="0"/><net_sink comp="1833" pin=0"/></net>

<net id="1840"><net_src comp="426" pin="2"/><net_sink comp="1833" pin=1"/></net>

<net id="1841"><net_src comp="228" pin="0"/><net_sink comp="1833" pin=2"/></net>

<net id="1842"><net_src comp="44" pin="0"/><net_sink comp="1833" pin=3"/></net>

<net id="1847"><net_src comp="1833" pin="4"/><net_sink comp="1843" pin=0"/></net>

<net id="1848"><net_src comp="164" pin="0"/><net_sink comp="1843" pin=1"/></net>

<net id="1853"><net_src comp="1807" pin="3"/><net_sink comp="1849" pin=0"/></net>

<net id="1854"><net_src comp="166" pin="0"/><net_sink comp="1849" pin=1"/></net>

<net id="1859"><net_src comp="1825" pin="3"/><net_sink comp="1855" pin=0"/></net>

<net id="1860"><net_src comp="1849" pin="2"/><net_sink comp="1855" pin=1"/></net>

<net id="1865"><net_src comp="1843" pin="2"/><net_sink comp="1861" pin=0"/></net>

<net id="1866"><net_src comp="1855" pin="2"/><net_sink comp="1861" pin=1"/></net>

<net id="1871"><net_src comp="1861" pin="2"/><net_sink comp="1867" pin=0"/></net>

<net id="1872"><net_src comp="166" pin="0"/><net_sink comp="1867" pin=1"/></net>

<net id="1877"><net_src comp="1825" pin="3"/><net_sink comp="1873" pin=0"/></net>

<net id="1878"><net_src comp="1867" pin="2"/><net_sink comp="1873" pin=1"/></net>

<net id="1883"><net_src comp="1781" pin="3"/><net_sink comp="1879" pin=0"/></net>

<net id="1884"><net_src comp="166" pin="0"/><net_sink comp="1879" pin=1"/></net>

<net id="1889"><net_src comp="1873" pin="2"/><net_sink comp="1885" pin=0"/></net>

<net id="1890"><net_src comp="1879" pin="2"/><net_sink comp="1885" pin=1"/></net>

<net id="1896"><net_src comp="1885" pin="2"/><net_sink comp="1891" pin=0"/></net>

<net id="1897"><net_src comp="168" pin="0"/><net_sink comp="1891" pin=1"/></net>

<net id="1898"><net_src comp="170" pin="0"/><net_sink comp="1891" pin=2"/></net>

<net id="1903"><net_src comp="1885" pin="2"/><net_sink comp="1899" pin=0"/></net>

<net id="1904"><net_src comp="1781" pin="3"/><net_sink comp="1899" pin=1"/></net>

<net id="1910"><net_src comp="1899" pin="2"/><net_sink comp="1905" pin=0"/></net>

<net id="1911"><net_src comp="1891" pin="3"/><net_sink comp="1905" pin=1"/></net>

<net id="1912"><net_src comp="1819" pin="2"/><net_sink comp="1905" pin=2"/></net>

<net id="1918"><net_src comp="1775" pin="2"/><net_sink comp="1913" pin=0"/></net>

<net id="1919"><net_src comp="1905" pin="3"/><net_sink comp="1913" pin=1"/></net>

<net id="1920"><net_src comp="172" pin="0"/><net_sink comp="1913" pin=2"/></net>

<net id="1925"><net_src comp="513" pin="4"/><net_sink comp="1921" pin=0"/></net>

<net id="1926"><net_src comp="142" pin="0"/><net_sink comp="1921" pin=1"/></net>

<net id="1932"><net_src comp="144" pin="0"/><net_sink comp="1927" pin=0"/></net>

<net id="1933"><net_src comp="426" pin="2"/><net_sink comp="1927" pin=1"/></net>

<net id="1934"><net_src comp="48" pin="0"/><net_sink comp="1927" pin=2"/></net>

<net id="1941"><net_src comp="148" pin="0"/><net_sink comp="1935" pin=0"/></net>

<net id="1942"><net_src comp="426" pin="2"/><net_sink comp="1935" pin=1"/></net>

<net id="1943"><net_src comp="230" pin="0"/><net_sink comp="1935" pin=2"/></net>

<net id="1944"><net_src comp="232" pin="0"/><net_sink comp="1935" pin=3"/></net>

<net id="1950"><net_src comp="144" pin="0"/><net_sink comp="1945" pin=0"/></net>

<net id="1951"><net_src comp="426" pin="2"/><net_sink comp="1945" pin=1"/></net>

<net id="1952"><net_src comp="234" pin="0"/><net_sink comp="1945" pin=2"/></net>

<net id="1958"><net_src comp="144" pin="0"/><net_sink comp="1953" pin=0"/></net>

<net id="1959"><net_src comp="426" pin="2"/><net_sink comp="1953" pin=1"/></net>

<net id="1960"><net_src comp="232" pin="0"/><net_sink comp="1953" pin=2"/></net>

<net id="1964"><net_src comp="1945" pin="3"/><net_sink comp="1961" pin=0"/></net>

<net id="1969"><net_src comp="1935" pin="4"/><net_sink comp="1965" pin=0"/></net>

<net id="1970"><net_src comp="1961" pin="1"/><net_sink comp="1965" pin=1"/></net>

<net id="1976"><net_src comp="156" pin="0"/><net_sink comp="1971" pin=0"/></net>

<net id="1977"><net_src comp="1965" pin="2"/><net_sink comp="1971" pin=1"/></net>

<net id="1978"><net_src comp="158" pin="0"/><net_sink comp="1971" pin=2"/></net>

<net id="1985"><net_src comp="160" pin="0"/><net_sink comp="1979" pin=0"/></net>

<net id="1986"><net_src comp="426" pin="2"/><net_sink comp="1979" pin=1"/></net>

<net id="1987"><net_src comp="236" pin="0"/><net_sink comp="1979" pin=2"/></net>

<net id="1988"><net_src comp="48" pin="0"/><net_sink comp="1979" pin=3"/></net>

<net id="1993"><net_src comp="1979" pin="4"/><net_sink comp="1989" pin=0"/></net>

<net id="1994"><net_src comp="164" pin="0"/><net_sink comp="1989" pin=1"/></net>

<net id="1999"><net_src comp="1953" pin="3"/><net_sink comp="1995" pin=0"/></net>

<net id="2000"><net_src comp="166" pin="0"/><net_sink comp="1995" pin=1"/></net>

<net id="2005"><net_src comp="1971" pin="3"/><net_sink comp="2001" pin=0"/></net>

<net id="2006"><net_src comp="1995" pin="2"/><net_sink comp="2001" pin=1"/></net>

<net id="2011"><net_src comp="1989" pin="2"/><net_sink comp="2007" pin=0"/></net>

<net id="2012"><net_src comp="2001" pin="2"/><net_sink comp="2007" pin=1"/></net>

<net id="2017"><net_src comp="2007" pin="2"/><net_sink comp="2013" pin=0"/></net>

<net id="2018"><net_src comp="166" pin="0"/><net_sink comp="2013" pin=1"/></net>

<net id="2023"><net_src comp="1971" pin="3"/><net_sink comp="2019" pin=0"/></net>

<net id="2024"><net_src comp="2013" pin="2"/><net_sink comp="2019" pin=1"/></net>

<net id="2029"><net_src comp="1927" pin="3"/><net_sink comp="2025" pin=0"/></net>

<net id="2030"><net_src comp="166" pin="0"/><net_sink comp="2025" pin=1"/></net>

<net id="2035"><net_src comp="2019" pin="2"/><net_sink comp="2031" pin=0"/></net>

<net id="2036"><net_src comp="2025" pin="2"/><net_sink comp="2031" pin=1"/></net>

<net id="2042"><net_src comp="2031" pin="2"/><net_sink comp="2037" pin=0"/></net>

<net id="2043"><net_src comp="168" pin="0"/><net_sink comp="2037" pin=1"/></net>

<net id="2044"><net_src comp="170" pin="0"/><net_sink comp="2037" pin=2"/></net>

<net id="2049"><net_src comp="2031" pin="2"/><net_sink comp="2045" pin=0"/></net>

<net id="2050"><net_src comp="1927" pin="3"/><net_sink comp="2045" pin=1"/></net>

<net id="2056"><net_src comp="2045" pin="2"/><net_sink comp="2051" pin=0"/></net>

<net id="2057"><net_src comp="2037" pin="3"/><net_sink comp="2051" pin=1"/></net>

<net id="2058"><net_src comp="1965" pin="2"/><net_sink comp="2051" pin=2"/></net>

<net id="2064"><net_src comp="1921" pin="2"/><net_sink comp="2059" pin=0"/></net>

<net id="2065"><net_src comp="2051" pin="3"/><net_sink comp="2059" pin=1"/></net>

<net id="2066"><net_src comp="172" pin="0"/><net_sink comp="2059" pin=2"/></net>

<net id="2071"><net_src comp="523" pin="4"/><net_sink comp="2067" pin=0"/></net>

<net id="2072"><net_src comp="142" pin="0"/><net_sink comp="2067" pin=1"/></net>

<net id="2078"><net_src comp="144" pin="0"/><net_sink comp="2073" pin=0"/></net>

<net id="2079"><net_src comp="426" pin="2"/><net_sink comp="2073" pin=1"/></net>

<net id="2080"><net_src comp="52" pin="0"/><net_sink comp="2073" pin=2"/></net>

<net id="2087"><net_src comp="148" pin="0"/><net_sink comp="2081" pin=0"/></net>

<net id="2088"><net_src comp="426" pin="2"/><net_sink comp="2081" pin=1"/></net>

<net id="2089"><net_src comp="238" pin="0"/><net_sink comp="2081" pin=2"/></net>

<net id="2090"><net_src comp="240" pin="0"/><net_sink comp="2081" pin=3"/></net>

<net id="2096"><net_src comp="144" pin="0"/><net_sink comp="2091" pin=0"/></net>

<net id="2097"><net_src comp="426" pin="2"/><net_sink comp="2091" pin=1"/></net>

<net id="2098"><net_src comp="242" pin="0"/><net_sink comp="2091" pin=2"/></net>

<net id="2104"><net_src comp="144" pin="0"/><net_sink comp="2099" pin=0"/></net>

<net id="2105"><net_src comp="426" pin="2"/><net_sink comp="2099" pin=1"/></net>

<net id="2106"><net_src comp="240" pin="0"/><net_sink comp="2099" pin=2"/></net>

<net id="2110"><net_src comp="2091" pin="3"/><net_sink comp="2107" pin=0"/></net>

<net id="2115"><net_src comp="2081" pin="4"/><net_sink comp="2111" pin=0"/></net>

<net id="2116"><net_src comp="2107" pin="1"/><net_sink comp="2111" pin=1"/></net>

<net id="2122"><net_src comp="156" pin="0"/><net_sink comp="2117" pin=0"/></net>

<net id="2123"><net_src comp="2111" pin="2"/><net_sink comp="2117" pin=1"/></net>

<net id="2124"><net_src comp="158" pin="0"/><net_sink comp="2117" pin=2"/></net>

<net id="2131"><net_src comp="160" pin="0"/><net_sink comp="2125" pin=0"/></net>

<net id="2132"><net_src comp="426" pin="2"/><net_sink comp="2125" pin=1"/></net>

<net id="2133"><net_src comp="244" pin="0"/><net_sink comp="2125" pin=2"/></net>

<net id="2134"><net_src comp="52" pin="0"/><net_sink comp="2125" pin=3"/></net>

<net id="2139"><net_src comp="2125" pin="4"/><net_sink comp="2135" pin=0"/></net>

<net id="2140"><net_src comp="164" pin="0"/><net_sink comp="2135" pin=1"/></net>

<net id="2145"><net_src comp="2099" pin="3"/><net_sink comp="2141" pin=0"/></net>

<net id="2146"><net_src comp="166" pin="0"/><net_sink comp="2141" pin=1"/></net>

<net id="2151"><net_src comp="2117" pin="3"/><net_sink comp="2147" pin=0"/></net>

<net id="2152"><net_src comp="2141" pin="2"/><net_sink comp="2147" pin=1"/></net>

<net id="2157"><net_src comp="2135" pin="2"/><net_sink comp="2153" pin=0"/></net>

<net id="2158"><net_src comp="2147" pin="2"/><net_sink comp="2153" pin=1"/></net>

<net id="2163"><net_src comp="2153" pin="2"/><net_sink comp="2159" pin=0"/></net>

<net id="2164"><net_src comp="166" pin="0"/><net_sink comp="2159" pin=1"/></net>

<net id="2169"><net_src comp="2117" pin="3"/><net_sink comp="2165" pin=0"/></net>

<net id="2170"><net_src comp="2159" pin="2"/><net_sink comp="2165" pin=1"/></net>

<net id="2175"><net_src comp="2073" pin="3"/><net_sink comp="2171" pin=0"/></net>

<net id="2176"><net_src comp="166" pin="0"/><net_sink comp="2171" pin=1"/></net>

<net id="2181"><net_src comp="2165" pin="2"/><net_sink comp="2177" pin=0"/></net>

<net id="2182"><net_src comp="2171" pin="2"/><net_sink comp="2177" pin=1"/></net>

<net id="2188"><net_src comp="2177" pin="2"/><net_sink comp="2183" pin=0"/></net>

<net id="2189"><net_src comp="168" pin="0"/><net_sink comp="2183" pin=1"/></net>

<net id="2190"><net_src comp="170" pin="0"/><net_sink comp="2183" pin=2"/></net>

<net id="2195"><net_src comp="2177" pin="2"/><net_sink comp="2191" pin=0"/></net>

<net id="2196"><net_src comp="2073" pin="3"/><net_sink comp="2191" pin=1"/></net>

<net id="2202"><net_src comp="2191" pin="2"/><net_sink comp="2197" pin=0"/></net>

<net id="2203"><net_src comp="2183" pin="3"/><net_sink comp="2197" pin=1"/></net>

<net id="2204"><net_src comp="2111" pin="2"/><net_sink comp="2197" pin=2"/></net>

<net id="2210"><net_src comp="2067" pin="2"/><net_sink comp="2205" pin=0"/></net>

<net id="2211"><net_src comp="2197" pin="3"/><net_sink comp="2205" pin=1"/></net>

<net id="2212"><net_src comp="172" pin="0"/><net_sink comp="2205" pin=2"/></net>

<net id="2217"><net_src comp="533" pin="4"/><net_sink comp="2213" pin=0"/></net>

<net id="2218"><net_src comp="142" pin="0"/><net_sink comp="2213" pin=1"/></net>

<net id="2224"><net_src comp="144" pin="0"/><net_sink comp="2219" pin=0"/></net>

<net id="2225"><net_src comp="426" pin="2"/><net_sink comp="2219" pin=1"/></net>

<net id="2226"><net_src comp="56" pin="0"/><net_sink comp="2219" pin=2"/></net>

<net id="2233"><net_src comp="148" pin="0"/><net_sink comp="2227" pin=0"/></net>

<net id="2234"><net_src comp="426" pin="2"/><net_sink comp="2227" pin=1"/></net>

<net id="2235"><net_src comp="246" pin="0"/><net_sink comp="2227" pin=2"/></net>

<net id="2236"><net_src comp="248" pin="0"/><net_sink comp="2227" pin=3"/></net>

<net id="2242"><net_src comp="144" pin="0"/><net_sink comp="2237" pin=0"/></net>

<net id="2243"><net_src comp="426" pin="2"/><net_sink comp="2237" pin=1"/></net>

<net id="2244"><net_src comp="250" pin="0"/><net_sink comp="2237" pin=2"/></net>

<net id="2250"><net_src comp="144" pin="0"/><net_sink comp="2245" pin=0"/></net>

<net id="2251"><net_src comp="426" pin="2"/><net_sink comp="2245" pin=1"/></net>

<net id="2252"><net_src comp="248" pin="0"/><net_sink comp="2245" pin=2"/></net>

<net id="2256"><net_src comp="2237" pin="3"/><net_sink comp="2253" pin=0"/></net>

<net id="2261"><net_src comp="2227" pin="4"/><net_sink comp="2257" pin=0"/></net>

<net id="2262"><net_src comp="2253" pin="1"/><net_sink comp="2257" pin=1"/></net>

<net id="2268"><net_src comp="156" pin="0"/><net_sink comp="2263" pin=0"/></net>

<net id="2269"><net_src comp="2257" pin="2"/><net_sink comp="2263" pin=1"/></net>

<net id="2270"><net_src comp="158" pin="0"/><net_sink comp="2263" pin=2"/></net>

<net id="2277"><net_src comp="160" pin="0"/><net_sink comp="2271" pin=0"/></net>

<net id="2278"><net_src comp="426" pin="2"/><net_sink comp="2271" pin=1"/></net>

<net id="2279"><net_src comp="252" pin="0"/><net_sink comp="2271" pin=2"/></net>

<net id="2280"><net_src comp="56" pin="0"/><net_sink comp="2271" pin=3"/></net>

<net id="2285"><net_src comp="2271" pin="4"/><net_sink comp="2281" pin=0"/></net>

<net id="2286"><net_src comp="164" pin="0"/><net_sink comp="2281" pin=1"/></net>

<net id="2291"><net_src comp="2245" pin="3"/><net_sink comp="2287" pin=0"/></net>

<net id="2292"><net_src comp="166" pin="0"/><net_sink comp="2287" pin=1"/></net>

<net id="2297"><net_src comp="2263" pin="3"/><net_sink comp="2293" pin=0"/></net>

<net id="2298"><net_src comp="2287" pin="2"/><net_sink comp="2293" pin=1"/></net>

<net id="2303"><net_src comp="2281" pin="2"/><net_sink comp="2299" pin=0"/></net>

<net id="2304"><net_src comp="2293" pin="2"/><net_sink comp="2299" pin=1"/></net>

<net id="2309"><net_src comp="2299" pin="2"/><net_sink comp="2305" pin=0"/></net>

<net id="2310"><net_src comp="166" pin="0"/><net_sink comp="2305" pin=1"/></net>

<net id="2315"><net_src comp="2263" pin="3"/><net_sink comp="2311" pin=0"/></net>

<net id="2316"><net_src comp="2305" pin="2"/><net_sink comp="2311" pin=1"/></net>

<net id="2321"><net_src comp="2219" pin="3"/><net_sink comp="2317" pin=0"/></net>

<net id="2322"><net_src comp="166" pin="0"/><net_sink comp="2317" pin=1"/></net>

<net id="2327"><net_src comp="2311" pin="2"/><net_sink comp="2323" pin=0"/></net>

<net id="2328"><net_src comp="2317" pin="2"/><net_sink comp="2323" pin=1"/></net>

<net id="2334"><net_src comp="2323" pin="2"/><net_sink comp="2329" pin=0"/></net>

<net id="2335"><net_src comp="168" pin="0"/><net_sink comp="2329" pin=1"/></net>

<net id="2336"><net_src comp="170" pin="0"/><net_sink comp="2329" pin=2"/></net>

<net id="2341"><net_src comp="2323" pin="2"/><net_sink comp="2337" pin=0"/></net>

<net id="2342"><net_src comp="2219" pin="3"/><net_sink comp="2337" pin=1"/></net>

<net id="2348"><net_src comp="2337" pin="2"/><net_sink comp="2343" pin=0"/></net>

<net id="2349"><net_src comp="2329" pin="3"/><net_sink comp="2343" pin=1"/></net>

<net id="2350"><net_src comp="2257" pin="2"/><net_sink comp="2343" pin=2"/></net>

<net id="2356"><net_src comp="2213" pin="2"/><net_sink comp="2351" pin=0"/></net>

<net id="2357"><net_src comp="2343" pin="3"/><net_sink comp="2351" pin=1"/></net>

<net id="2358"><net_src comp="172" pin="0"/><net_sink comp="2351" pin=2"/></net>

<net id="2363"><net_src comp="543" pin="4"/><net_sink comp="2359" pin=0"/></net>

<net id="2364"><net_src comp="142" pin="0"/><net_sink comp="2359" pin=1"/></net>

<net id="2370"><net_src comp="144" pin="0"/><net_sink comp="2365" pin=0"/></net>

<net id="2371"><net_src comp="426" pin="2"/><net_sink comp="2365" pin=1"/></net>

<net id="2372"><net_src comp="60" pin="0"/><net_sink comp="2365" pin=2"/></net>

<net id="2379"><net_src comp="148" pin="0"/><net_sink comp="2373" pin=0"/></net>

<net id="2380"><net_src comp="426" pin="2"/><net_sink comp="2373" pin=1"/></net>

<net id="2381"><net_src comp="254" pin="0"/><net_sink comp="2373" pin=2"/></net>

<net id="2382"><net_src comp="256" pin="0"/><net_sink comp="2373" pin=3"/></net>

<net id="2388"><net_src comp="144" pin="0"/><net_sink comp="2383" pin=0"/></net>

<net id="2389"><net_src comp="426" pin="2"/><net_sink comp="2383" pin=1"/></net>

<net id="2390"><net_src comp="258" pin="0"/><net_sink comp="2383" pin=2"/></net>

<net id="2396"><net_src comp="144" pin="0"/><net_sink comp="2391" pin=0"/></net>

<net id="2397"><net_src comp="426" pin="2"/><net_sink comp="2391" pin=1"/></net>

<net id="2398"><net_src comp="256" pin="0"/><net_sink comp="2391" pin=2"/></net>

<net id="2402"><net_src comp="2383" pin="3"/><net_sink comp="2399" pin=0"/></net>

<net id="2407"><net_src comp="2373" pin="4"/><net_sink comp="2403" pin=0"/></net>

<net id="2408"><net_src comp="2399" pin="1"/><net_sink comp="2403" pin=1"/></net>

<net id="2414"><net_src comp="156" pin="0"/><net_sink comp="2409" pin=0"/></net>

<net id="2415"><net_src comp="2403" pin="2"/><net_sink comp="2409" pin=1"/></net>

<net id="2416"><net_src comp="158" pin="0"/><net_sink comp="2409" pin=2"/></net>

<net id="2423"><net_src comp="160" pin="0"/><net_sink comp="2417" pin=0"/></net>

<net id="2424"><net_src comp="426" pin="2"/><net_sink comp="2417" pin=1"/></net>

<net id="2425"><net_src comp="260" pin="0"/><net_sink comp="2417" pin=2"/></net>

<net id="2426"><net_src comp="60" pin="0"/><net_sink comp="2417" pin=3"/></net>

<net id="2431"><net_src comp="2417" pin="4"/><net_sink comp="2427" pin=0"/></net>

<net id="2432"><net_src comp="164" pin="0"/><net_sink comp="2427" pin=1"/></net>

<net id="2437"><net_src comp="2391" pin="3"/><net_sink comp="2433" pin=0"/></net>

<net id="2438"><net_src comp="166" pin="0"/><net_sink comp="2433" pin=1"/></net>

<net id="2443"><net_src comp="2409" pin="3"/><net_sink comp="2439" pin=0"/></net>

<net id="2444"><net_src comp="2433" pin="2"/><net_sink comp="2439" pin=1"/></net>

<net id="2449"><net_src comp="2427" pin="2"/><net_sink comp="2445" pin=0"/></net>

<net id="2450"><net_src comp="2439" pin="2"/><net_sink comp="2445" pin=1"/></net>

<net id="2455"><net_src comp="2445" pin="2"/><net_sink comp="2451" pin=0"/></net>

<net id="2456"><net_src comp="166" pin="0"/><net_sink comp="2451" pin=1"/></net>

<net id="2461"><net_src comp="2409" pin="3"/><net_sink comp="2457" pin=0"/></net>

<net id="2462"><net_src comp="2451" pin="2"/><net_sink comp="2457" pin=1"/></net>

<net id="2467"><net_src comp="2365" pin="3"/><net_sink comp="2463" pin=0"/></net>

<net id="2468"><net_src comp="166" pin="0"/><net_sink comp="2463" pin=1"/></net>

<net id="2473"><net_src comp="2457" pin="2"/><net_sink comp="2469" pin=0"/></net>

<net id="2474"><net_src comp="2463" pin="2"/><net_sink comp="2469" pin=1"/></net>

<net id="2480"><net_src comp="2469" pin="2"/><net_sink comp="2475" pin=0"/></net>

<net id="2481"><net_src comp="168" pin="0"/><net_sink comp="2475" pin=1"/></net>

<net id="2482"><net_src comp="170" pin="0"/><net_sink comp="2475" pin=2"/></net>

<net id="2487"><net_src comp="2469" pin="2"/><net_sink comp="2483" pin=0"/></net>

<net id="2488"><net_src comp="2365" pin="3"/><net_sink comp="2483" pin=1"/></net>

<net id="2494"><net_src comp="2483" pin="2"/><net_sink comp="2489" pin=0"/></net>

<net id="2495"><net_src comp="2475" pin="3"/><net_sink comp="2489" pin=1"/></net>

<net id="2496"><net_src comp="2403" pin="2"/><net_sink comp="2489" pin=2"/></net>

<net id="2502"><net_src comp="2359" pin="2"/><net_sink comp="2497" pin=0"/></net>

<net id="2503"><net_src comp="2489" pin="3"/><net_sink comp="2497" pin=1"/></net>

<net id="2504"><net_src comp="172" pin="0"/><net_sink comp="2497" pin=2"/></net>

<net id="2509"><net_src comp="553" pin="4"/><net_sink comp="2505" pin=0"/></net>

<net id="2510"><net_src comp="142" pin="0"/><net_sink comp="2505" pin=1"/></net>

<net id="2516"><net_src comp="144" pin="0"/><net_sink comp="2511" pin=0"/></net>

<net id="2517"><net_src comp="426" pin="2"/><net_sink comp="2511" pin=1"/></net>

<net id="2518"><net_src comp="64" pin="0"/><net_sink comp="2511" pin=2"/></net>

<net id="2525"><net_src comp="148" pin="0"/><net_sink comp="2519" pin=0"/></net>

<net id="2526"><net_src comp="426" pin="2"/><net_sink comp="2519" pin=1"/></net>

<net id="2527"><net_src comp="262" pin="0"/><net_sink comp="2519" pin=2"/></net>

<net id="2528"><net_src comp="264" pin="0"/><net_sink comp="2519" pin=3"/></net>

<net id="2534"><net_src comp="144" pin="0"/><net_sink comp="2529" pin=0"/></net>

<net id="2535"><net_src comp="426" pin="2"/><net_sink comp="2529" pin=1"/></net>

<net id="2536"><net_src comp="266" pin="0"/><net_sink comp="2529" pin=2"/></net>

<net id="2542"><net_src comp="144" pin="0"/><net_sink comp="2537" pin=0"/></net>

<net id="2543"><net_src comp="426" pin="2"/><net_sink comp="2537" pin=1"/></net>

<net id="2544"><net_src comp="264" pin="0"/><net_sink comp="2537" pin=2"/></net>

<net id="2548"><net_src comp="2529" pin="3"/><net_sink comp="2545" pin=0"/></net>

<net id="2553"><net_src comp="2519" pin="4"/><net_sink comp="2549" pin=0"/></net>

<net id="2554"><net_src comp="2545" pin="1"/><net_sink comp="2549" pin=1"/></net>

<net id="2560"><net_src comp="156" pin="0"/><net_sink comp="2555" pin=0"/></net>

<net id="2561"><net_src comp="2549" pin="2"/><net_sink comp="2555" pin=1"/></net>

<net id="2562"><net_src comp="158" pin="0"/><net_sink comp="2555" pin=2"/></net>

<net id="2569"><net_src comp="160" pin="0"/><net_sink comp="2563" pin=0"/></net>

<net id="2570"><net_src comp="426" pin="2"/><net_sink comp="2563" pin=1"/></net>

<net id="2571"><net_src comp="268" pin="0"/><net_sink comp="2563" pin=2"/></net>

<net id="2572"><net_src comp="64" pin="0"/><net_sink comp="2563" pin=3"/></net>

<net id="2577"><net_src comp="2563" pin="4"/><net_sink comp="2573" pin=0"/></net>

<net id="2578"><net_src comp="164" pin="0"/><net_sink comp="2573" pin=1"/></net>

<net id="2583"><net_src comp="2537" pin="3"/><net_sink comp="2579" pin=0"/></net>

<net id="2584"><net_src comp="166" pin="0"/><net_sink comp="2579" pin=1"/></net>

<net id="2589"><net_src comp="2555" pin="3"/><net_sink comp="2585" pin=0"/></net>

<net id="2590"><net_src comp="2579" pin="2"/><net_sink comp="2585" pin=1"/></net>

<net id="2595"><net_src comp="2573" pin="2"/><net_sink comp="2591" pin=0"/></net>

<net id="2596"><net_src comp="2585" pin="2"/><net_sink comp="2591" pin=1"/></net>

<net id="2601"><net_src comp="2591" pin="2"/><net_sink comp="2597" pin=0"/></net>

<net id="2602"><net_src comp="166" pin="0"/><net_sink comp="2597" pin=1"/></net>

<net id="2607"><net_src comp="2555" pin="3"/><net_sink comp="2603" pin=0"/></net>

<net id="2608"><net_src comp="2597" pin="2"/><net_sink comp="2603" pin=1"/></net>

<net id="2613"><net_src comp="2511" pin="3"/><net_sink comp="2609" pin=0"/></net>

<net id="2614"><net_src comp="166" pin="0"/><net_sink comp="2609" pin=1"/></net>

<net id="2619"><net_src comp="2603" pin="2"/><net_sink comp="2615" pin=0"/></net>

<net id="2620"><net_src comp="2609" pin="2"/><net_sink comp="2615" pin=1"/></net>

<net id="2626"><net_src comp="2615" pin="2"/><net_sink comp="2621" pin=0"/></net>

<net id="2627"><net_src comp="168" pin="0"/><net_sink comp="2621" pin=1"/></net>

<net id="2628"><net_src comp="170" pin="0"/><net_sink comp="2621" pin=2"/></net>

<net id="2633"><net_src comp="2615" pin="2"/><net_sink comp="2629" pin=0"/></net>

<net id="2634"><net_src comp="2511" pin="3"/><net_sink comp="2629" pin=1"/></net>

<net id="2640"><net_src comp="2629" pin="2"/><net_sink comp="2635" pin=0"/></net>

<net id="2641"><net_src comp="2621" pin="3"/><net_sink comp="2635" pin=1"/></net>

<net id="2642"><net_src comp="2549" pin="2"/><net_sink comp="2635" pin=2"/></net>

<net id="2648"><net_src comp="2505" pin="2"/><net_sink comp="2643" pin=0"/></net>

<net id="2649"><net_src comp="2635" pin="3"/><net_sink comp="2643" pin=1"/></net>

<net id="2650"><net_src comp="172" pin="0"/><net_sink comp="2643" pin=2"/></net>

<net id="2655"><net_src comp="563" pin="4"/><net_sink comp="2651" pin=0"/></net>

<net id="2656"><net_src comp="142" pin="0"/><net_sink comp="2651" pin=1"/></net>

<net id="2662"><net_src comp="144" pin="0"/><net_sink comp="2657" pin=0"/></net>

<net id="2663"><net_src comp="426" pin="2"/><net_sink comp="2657" pin=1"/></net>

<net id="2664"><net_src comp="68" pin="0"/><net_sink comp="2657" pin=2"/></net>

<net id="2671"><net_src comp="148" pin="0"/><net_sink comp="2665" pin=0"/></net>

<net id="2672"><net_src comp="426" pin="2"/><net_sink comp="2665" pin=1"/></net>

<net id="2673"><net_src comp="270" pin="0"/><net_sink comp="2665" pin=2"/></net>

<net id="2674"><net_src comp="272" pin="0"/><net_sink comp="2665" pin=3"/></net>

<net id="2680"><net_src comp="144" pin="0"/><net_sink comp="2675" pin=0"/></net>

<net id="2681"><net_src comp="426" pin="2"/><net_sink comp="2675" pin=1"/></net>

<net id="2682"><net_src comp="274" pin="0"/><net_sink comp="2675" pin=2"/></net>

<net id="2688"><net_src comp="144" pin="0"/><net_sink comp="2683" pin=0"/></net>

<net id="2689"><net_src comp="426" pin="2"/><net_sink comp="2683" pin=1"/></net>

<net id="2690"><net_src comp="272" pin="0"/><net_sink comp="2683" pin=2"/></net>

<net id="2694"><net_src comp="2675" pin="3"/><net_sink comp="2691" pin=0"/></net>

<net id="2699"><net_src comp="2665" pin="4"/><net_sink comp="2695" pin=0"/></net>

<net id="2700"><net_src comp="2691" pin="1"/><net_sink comp="2695" pin=1"/></net>

<net id="2706"><net_src comp="156" pin="0"/><net_sink comp="2701" pin=0"/></net>

<net id="2707"><net_src comp="2695" pin="2"/><net_sink comp="2701" pin=1"/></net>

<net id="2708"><net_src comp="158" pin="0"/><net_sink comp="2701" pin=2"/></net>

<net id="2715"><net_src comp="160" pin="0"/><net_sink comp="2709" pin=0"/></net>

<net id="2716"><net_src comp="426" pin="2"/><net_sink comp="2709" pin=1"/></net>

<net id="2717"><net_src comp="276" pin="0"/><net_sink comp="2709" pin=2"/></net>

<net id="2718"><net_src comp="68" pin="0"/><net_sink comp="2709" pin=3"/></net>

<net id="2723"><net_src comp="2709" pin="4"/><net_sink comp="2719" pin=0"/></net>

<net id="2724"><net_src comp="164" pin="0"/><net_sink comp="2719" pin=1"/></net>

<net id="2729"><net_src comp="2683" pin="3"/><net_sink comp="2725" pin=0"/></net>

<net id="2730"><net_src comp="166" pin="0"/><net_sink comp="2725" pin=1"/></net>

<net id="2735"><net_src comp="2701" pin="3"/><net_sink comp="2731" pin=0"/></net>

<net id="2736"><net_src comp="2725" pin="2"/><net_sink comp="2731" pin=1"/></net>

<net id="2741"><net_src comp="2719" pin="2"/><net_sink comp="2737" pin=0"/></net>

<net id="2742"><net_src comp="2731" pin="2"/><net_sink comp="2737" pin=1"/></net>

<net id="2747"><net_src comp="2737" pin="2"/><net_sink comp="2743" pin=0"/></net>

<net id="2748"><net_src comp="166" pin="0"/><net_sink comp="2743" pin=1"/></net>

<net id="2753"><net_src comp="2701" pin="3"/><net_sink comp="2749" pin=0"/></net>

<net id="2754"><net_src comp="2743" pin="2"/><net_sink comp="2749" pin=1"/></net>

<net id="2759"><net_src comp="2657" pin="3"/><net_sink comp="2755" pin=0"/></net>

<net id="2760"><net_src comp="166" pin="0"/><net_sink comp="2755" pin=1"/></net>

<net id="2765"><net_src comp="2749" pin="2"/><net_sink comp="2761" pin=0"/></net>

<net id="2766"><net_src comp="2755" pin="2"/><net_sink comp="2761" pin=1"/></net>

<net id="2772"><net_src comp="2761" pin="2"/><net_sink comp="2767" pin=0"/></net>

<net id="2773"><net_src comp="168" pin="0"/><net_sink comp="2767" pin=1"/></net>

<net id="2774"><net_src comp="170" pin="0"/><net_sink comp="2767" pin=2"/></net>

<net id="2779"><net_src comp="2761" pin="2"/><net_sink comp="2775" pin=0"/></net>

<net id="2780"><net_src comp="2657" pin="3"/><net_sink comp="2775" pin=1"/></net>

<net id="2786"><net_src comp="2775" pin="2"/><net_sink comp="2781" pin=0"/></net>

<net id="2787"><net_src comp="2767" pin="3"/><net_sink comp="2781" pin=1"/></net>

<net id="2788"><net_src comp="2695" pin="2"/><net_sink comp="2781" pin=2"/></net>

<net id="2794"><net_src comp="2651" pin="2"/><net_sink comp="2789" pin=0"/></net>

<net id="2795"><net_src comp="2781" pin="3"/><net_sink comp="2789" pin=1"/></net>

<net id="2796"><net_src comp="172" pin="0"/><net_sink comp="2789" pin=2"/></net>

<net id="2801"><net_src comp="573" pin="4"/><net_sink comp="2797" pin=0"/></net>

<net id="2802"><net_src comp="142" pin="0"/><net_sink comp="2797" pin=1"/></net>

<net id="2808"><net_src comp="144" pin="0"/><net_sink comp="2803" pin=0"/></net>

<net id="2809"><net_src comp="426" pin="2"/><net_sink comp="2803" pin=1"/></net>

<net id="2810"><net_src comp="72" pin="0"/><net_sink comp="2803" pin=2"/></net>

<net id="2817"><net_src comp="148" pin="0"/><net_sink comp="2811" pin=0"/></net>

<net id="2818"><net_src comp="426" pin="2"/><net_sink comp="2811" pin=1"/></net>

<net id="2819"><net_src comp="278" pin="0"/><net_sink comp="2811" pin=2"/></net>

<net id="2820"><net_src comp="280" pin="0"/><net_sink comp="2811" pin=3"/></net>

<net id="2826"><net_src comp="144" pin="0"/><net_sink comp="2821" pin=0"/></net>

<net id="2827"><net_src comp="426" pin="2"/><net_sink comp="2821" pin=1"/></net>

<net id="2828"><net_src comp="282" pin="0"/><net_sink comp="2821" pin=2"/></net>

<net id="2834"><net_src comp="144" pin="0"/><net_sink comp="2829" pin=0"/></net>

<net id="2835"><net_src comp="426" pin="2"/><net_sink comp="2829" pin=1"/></net>

<net id="2836"><net_src comp="280" pin="0"/><net_sink comp="2829" pin=2"/></net>

<net id="2840"><net_src comp="2821" pin="3"/><net_sink comp="2837" pin=0"/></net>

<net id="2845"><net_src comp="2811" pin="4"/><net_sink comp="2841" pin=0"/></net>

<net id="2846"><net_src comp="2837" pin="1"/><net_sink comp="2841" pin=1"/></net>

<net id="2852"><net_src comp="156" pin="0"/><net_sink comp="2847" pin=0"/></net>

<net id="2853"><net_src comp="2841" pin="2"/><net_sink comp="2847" pin=1"/></net>

<net id="2854"><net_src comp="158" pin="0"/><net_sink comp="2847" pin=2"/></net>

<net id="2861"><net_src comp="160" pin="0"/><net_sink comp="2855" pin=0"/></net>

<net id="2862"><net_src comp="426" pin="2"/><net_sink comp="2855" pin=1"/></net>

<net id="2863"><net_src comp="284" pin="0"/><net_sink comp="2855" pin=2"/></net>

<net id="2864"><net_src comp="72" pin="0"/><net_sink comp="2855" pin=3"/></net>

<net id="2869"><net_src comp="2855" pin="4"/><net_sink comp="2865" pin=0"/></net>

<net id="2870"><net_src comp="164" pin="0"/><net_sink comp="2865" pin=1"/></net>

<net id="2875"><net_src comp="2829" pin="3"/><net_sink comp="2871" pin=0"/></net>

<net id="2876"><net_src comp="166" pin="0"/><net_sink comp="2871" pin=1"/></net>

<net id="2881"><net_src comp="2847" pin="3"/><net_sink comp="2877" pin=0"/></net>

<net id="2882"><net_src comp="2871" pin="2"/><net_sink comp="2877" pin=1"/></net>

<net id="2887"><net_src comp="2865" pin="2"/><net_sink comp="2883" pin=0"/></net>

<net id="2888"><net_src comp="2877" pin="2"/><net_sink comp="2883" pin=1"/></net>

<net id="2893"><net_src comp="2883" pin="2"/><net_sink comp="2889" pin=0"/></net>

<net id="2894"><net_src comp="166" pin="0"/><net_sink comp="2889" pin=1"/></net>

<net id="2899"><net_src comp="2847" pin="3"/><net_sink comp="2895" pin=0"/></net>

<net id="2900"><net_src comp="2889" pin="2"/><net_sink comp="2895" pin=1"/></net>

<net id="2905"><net_src comp="2803" pin="3"/><net_sink comp="2901" pin=0"/></net>

<net id="2906"><net_src comp="166" pin="0"/><net_sink comp="2901" pin=1"/></net>

<net id="2911"><net_src comp="2895" pin="2"/><net_sink comp="2907" pin=0"/></net>

<net id="2912"><net_src comp="2901" pin="2"/><net_sink comp="2907" pin=1"/></net>

<net id="2918"><net_src comp="2907" pin="2"/><net_sink comp="2913" pin=0"/></net>

<net id="2919"><net_src comp="168" pin="0"/><net_sink comp="2913" pin=1"/></net>

<net id="2920"><net_src comp="170" pin="0"/><net_sink comp="2913" pin=2"/></net>

<net id="2925"><net_src comp="2907" pin="2"/><net_sink comp="2921" pin=0"/></net>

<net id="2926"><net_src comp="2803" pin="3"/><net_sink comp="2921" pin=1"/></net>

<net id="2932"><net_src comp="2921" pin="2"/><net_sink comp="2927" pin=0"/></net>

<net id="2933"><net_src comp="2913" pin="3"/><net_sink comp="2927" pin=1"/></net>

<net id="2934"><net_src comp="2841" pin="2"/><net_sink comp="2927" pin=2"/></net>

<net id="2940"><net_src comp="2797" pin="2"/><net_sink comp="2935" pin=0"/></net>

<net id="2941"><net_src comp="2927" pin="3"/><net_sink comp="2935" pin=1"/></net>

<net id="2942"><net_src comp="172" pin="0"/><net_sink comp="2935" pin=2"/></net>

<net id="2947"><net_src comp="583" pin="4"/><net_sink comp="2943" pin=0"/></net>

<net id="2948"><net_src comp="142" pin="0"/><net_sink comp="2943" pin=1"/></net>

<net id="2954"><net_src comp="144" pin="0"/><net_sink comp="2949" pin=0"/></net>

<net id="2955"><net_src comp="426" pin="2"/><net_sink comp="2949" pin=1"/></net>

<net id="2956"><net_src comp="76" pin="0"/><net_sink comp="2949" pin=2"/></net>

<net id="2963"><net_src comp="148" pin="0"/><net_sink comp="2957" pin=0"/></net>

<net id="2964"><net_src comp="426" pin="2"/><net_sink comp="2957" pin=1"/></net>

<net id="2965"><net_src comp="286" pin="0"/><net_sink comp="2957" pin=2"/></net>

<net id="2966"><net_src comp="288" pin="0"/><net_sink comp="2957" pin=3"/></net>

<net id="2972"><net_src comp="144" pin="0"/><net_sink comp="2967" pin=0"/></net>

<net id="2973"><net_src comp="426" pin="2"/><net_sink comp="2967" pin=1"/></net>

<net id="2974"><net_src comp="290" pin="0"/><net_sink comp="2967" pin=2"/></net>

<net id="2980"><net_src comp="144" pin="0"/><net_sink comp="2975" pin=0"/></net>

<net id="2981"><net_src comp="426" pin="2"/><net_sink comp="2975" pin=1"/></net>

<net id="2982"><net_src comp="288" pin="0"/><net_sink comp="2975" pin=2"/></net>

<net id="2986"><net_src comp="2967" pin="3"/><net_sink comp="2983" pin=0"/></net>

<net id="2991"><net_src comp="2957" pin="4"/><net_sink comp="2987" pin=0"/></net>

<net id="2992"><net_src comp="2983" pin="1"/><net_sink comp="2987" pin=1"/></net>

<net id="2998"><net_src comp="156" pin="0"/><net_sink comp="2993" pin=0"/></net>

<net id="2999"><net_src comp="2987" pin="2"/><net_sink comp="2993" pin=1"/></net>

<net id="3000"><net_src comp="158" pin="0"/><net_sink comp="2993" pin=2"/></net>

<net id="3007"><net_src comp="160" pin="0"/><net_sink comp="3001" pin=0"/></net>

<net id="3008"><net_src comp="426" pin="2"/><net_sink comp="3001" pin=1"/></net>

<net id="3009"><net_src comp="292" pin="0"/><net_sink comp="3001" pin=2"/></net>

<net id="3010"><net_src comp="76" pin="0"/><net_sink comp="3001" pin=3"/></net>

<net id="3015"><net_src comp="3001" pin="4"/><net_sink comp="3011" pin=0"/></net>

<net id="3016"><net_src comp="164" pin="0"/><net_sink comp="3011" pin=1"/></net>

<net id="3021"><net_src comp="2975" pin="3"/><net_sink comp="3017" pin=0"/></net>

<net id="3022"><net_src comp="166" pin="0"/><net_sink comp="3017" pin=1"/></net>

<net id="3027"><net_src comp="2993" pin="3"/><net_sink comp="3023" pin=0"/></net>

<net id="3028"><net_src comp="3017" pin="2"/><net_sink comp="3023" pin=1"/></net>

<net id="3033"><net_src comp="3011" pin="2"/><net_sink comp="3029" pin=0"/></net>

<net id="3034"><net_src comp="3023" pin="2"/><net_sink comp="3029" pin=1"/></net>

<net id="3039"><net_src comp="3029" pin="2"/><net_sink comp="3035" pin=0"/></net>

<net id="3040"><net_src comp="166" pin="0"/><net_sink comp="3035" pin=1"/></net>

<net id="3045"><net_src comp="2993" pin="3"/><net_sink comp="3041" pin=0"/></net>

<net id="3046"><net_src comp="3035" pin="2"/><net_sink comp="3041" pin=1"/></net>

<net id="3051"><net_src comp="2949" pin="3"/><net_sink comp="3047" pin=0"/></net>

<net id="3052"><net_src comp="166" pin="0"/><net_sink comp="3047" pin=1"/></net>

<net id="3057"><net_src comp="3041" pin="2"/><net_sink comp="3053" pin=0"/></net>

<net id="3058"><net_src comp="3047" pin="2"/><net_sink comp="3053" pin=1"/></net>

<net id="3064"><net_src comp="3053" pin="2"/><net_sink comp="3059" pin=0"/></net>

<net id="3065"><net_src comp="168" pin="0"/><net_sink comp="3059" pin=1"/></net>

<net id="3066"><net_src comp="170" pin="0"/><net_sink comp="3059" pin=2"/></net>

<net id="3071"><net_src comp="3053" pin="2"/><net_sink comp="3067" pin=0"/></net>

<net id="3072"><net_src comp="2949" pin="3"/><net_sink comp="3067" pin=1"/></net>

<net id="3078"><net_src comp="3067" pin="2"/><net_sink comp="3073" pin=0"/></net>

<net id="3079"><net_src comp="3059" pin="3"/><net_sink comp="3073" pin=1"/></net>

<net id="3080"><net_src comp="2987" pin="2"/><net_sink comp="3073" pin=2"/></net>

<net id="3086"><net_src comp="2943" pin="2"/><net_sink comp="3081" pin=0"/></net>

<net id="3087"><net_src comp="3073" pin="3"/><net_sink comp="3081" pin=1"/></net>

<net id="3088"><net_src comp="172" pin="0"/><net_sink comp="3081" pin=2"/></net>

<net id="3093"><net_src comp="593" pin="4"/><net_sink comp="3089" pin=0"/></net>

<net id="3094"><net_src comp="142" pin="0"/><net_sink comp="3089" pin=1"/></net>

<net id="3100"><net_src comp="144" pin="0"/><net_sink comp="3095" pin=0"/></net>

<net id="3101"><net_src comp="426" pin="2"/><net_sink comp="3095" pin=1"/></net>

<net id="3102"><net_src comp="80" pin="0"/><net_sink comp="3095" pin=2"/></net>

<net id="3109"><net_src comp="148" pin="0"/><net_sink comp="3103" pin=0"/></net>

<net id="3110"><net_src comp="426" pin="2"/><net_sink comp="3103" pin=1"/></net>

<net id="3111"><net_src comp="294" pin="0"/><net_sink comp="3103" pin=2"/></net>

<net id="3112"><net_src comp="296" pin="0"/><net_sink comp="3103" pin=3"/></net>

<net id="3118"><net_src comp="144" pin="0"/><net_sink comp="3113" pin=0"/></net>

<net id="3119"><net_src comp="426" pin="2"/><net_sink comp="3113" pin=1"/></net>

<net id="3120"><net_src comp="298" pin="0"/><net_sink comp="3113" pin=2"/></net>

<net id="3126"><net_src comp="144" pin="0"/><net_sink comp="3121" pin=0"/></net>

<net id="3127"><net_src comp="426" pin="2"/><net_sink comp="3121" pin=1"/></net>

<net id="3128"><net_src comp="296" pin="0"/><net_sink comp="3121" pin=2"/></net>

<net id="3132"><net_src comp="3113" pin="3"/><net_sink comp="3129" pin=0"/></net>

<net id="3137"><net_src comp="3103" pin="4"/><net_sink comp="3133" pin=0"/></net>

<net id="3138"><net_src comp="3129" pin="1"/><net_sink comp="3133" pin=1"/></net>

<net id="3144"><net_src comp="156" pin="0"/><net_sink comp="3139" pin=0"/></net>

<net id="3145"><net_src comp="3133" pin="2"/><net_sink comp="3139" pin=1"/></net>

<net id="3146"><net_src comp="158" pin="0"/><net_sink comp="3139" pin=2"/></net>

<net id="3153"><net_src comp="160" pin="0"/><net_sink comp="3147" pin=0"/></net>

<net id="3154"><net_src comp="426" pin="2"/><net_sink comp="3147" pin=1"/></net>

<net id="3155"><net_src comp="300" pin="0"/><net_sink comp="3147" pin=2"/></net>

<net id="3156"><net_src comp="80" pin="0"/><net_sink comp="3147" pin=3"/></net>

<net id="3161"><net_src comp="3147" pin="4"/><net_sink comp="3157" pin=0"/></net>

<net id="3162"><net_src comp="164" pin="0"/><net_sink comp="3157" pin=1"/></net>

<net id="3167"><net_src comp="3121" pin="3"/><net_sink comp="3163" pin=0"/></net>

<net id="3168"><net_src comp="166" pin="0"/><net_sink comp="3163" pin=1"/></net>

<net id="3173"><net_src comp="3139" pin="3"/><net_sink comp="3169" pin=0"/></net>

<net id="3174"><net_src comp="3163" pin="2"/><net_sink comp="3169" pin=1"/></net>

<net id="3179"><net_src comp="3157" pin="2"/><net_sink comp="3175" pin=0"/></net>

<net id="3180"><net_src comp="3169" pin="2"/><net_sink comp="3175" pin=1"/></net>

<net id="3185"><net_src comp="3175" pin="2"/><net_sink comp="3181" pin=0"/></net>

<net id="3186"><net_src comp="166" pin="0"/><net_sink comp="3181" pin=1"/></net>

<net id="3191"><net_src comp="3139" pin="3"/><net_sink comp="3187" pin=0"/></net>

<net id="3192"><net_src comp="3181" pin="2"/><net_sink comp="3187" pin=1"/></net>

<net id="3197"><net_src comp="3095" pin="3"/><net_sink comp="3193" pin=0"/></net>

<net id="3198"><net_src comp="166" pin="0"/><net_sink comp="3193" pin=1"/></net>

<net id="3203"><net_src comp="3187" pin="2"/><net_sink comp="3199" pin=0"/></net>

<net id="3204"><net_src comp="3193" pin="2"/><net_sink comp="3199" pin=1"/></net>

<net id="3210"><net_src comp="3199" pin="2"/><net_sink comp="3205" pin=0"/></net>

<net id="3211"><net_src comp="168" pin="0"/><net_sink comp="3205" pin=1"/></net>

<net id="3212"><net_src comp="170" pin="0"/><net_sink comp="3205" pin=2"/></net>

<net id="3217"><net_src comp="3199" pin="2"/><net_sink comp="3213" pin=0"/></net>

<net id="3218"><net_src comp="3095" pin="3"/><net_sink comp="3213" pin=1"/></net>

<net id="3224"><net_src comp="3213" pin="2"/><net_sink comp="3219" pin=0"/></net>

<net id="3225"><net_src comp="3205" pin="3"/><net_sink comp="3219" pin=1"/></net>

<net id="3226"><net_src comp="3133" pin="2"/><net_sink comp="3219" pin=2"/></net>

<net id="3232"><net_src comp="3089" pin="2"/><net_sink comp="3227" pin=0"/></net>

<net id="3233"><net_src comp="3219" pin="3"/><net_sink comp="3227" pin=1"/></net>

<net id="3234"><net_src comp="172" pin="0"/><net_sink comp="3227" pin=2"/></net>

<net id="3239"><net_src comp="603" pin="4"/><net_sink comp="3235" pin=0"/></net>

<net id="3240"><net_src comp="142" pin="0"/><net_sink comp="3235" pin=1"/></net>

<net id="3246"><net_src comp="144" pin="0"/><net_sink comp="3241" pin=0"/></net>

<net id="3247"><net_src comp="426" pin="2"/><net_sink comp="3241" pin=1"/></net>

<net id="3248"><net_src comp="84" pin="0"/><net_sink comp="3241" pin=2"/></net>

<net id="3255"><net_src comp="148" pin="0"/><net_sink comp="3249" pin=0"/></net>

<net id="3256"><net_src comp="426" pin="2"/><net_sink comp="3249" pin=1"/></net>

<net id="3257"><net_src comp="302" pin="0"/><net_sink comp="3249" pin=2"/></net>

<net id="3258"><net_src comp="304" pin="0"/><net_sink comp="3249" pin=3"/></net>

<net id="3264"><net_src comp="144" pin="0"/><net_sink comp="3259" pin=0"/></net>

<net id="3265"><net_src comp="426" pin="2"/><net_sink comp="3259" pin=1"/></net>

<net id="3266"><net_src comp="306" pin="0"/><net_sink comp="3259" pin=2"/></net>

<net id="3272"><net_src comp="144" pin="0"/><net_sink comp="3267" pin=0"/></net>

<net id="3273"><net_src comp="426" pin="2"/><net_sink comp="3267" pin=1"/></net>

<net id="3274"><net_src comp="304" pin="0"/><net_sink comp="3267" pin=2"/></net>

<net id="3278"><net_src comp="3259" pin="3"/><net_sink comp="3275" pin=0"/></net>

<net id="3283"><net_src comp="3249" pin="4"/><net_sink comp="3279" pin=0"/></net>

<net id="3284"><net_src comp="3275" pin="1"/><net_sink comp="3279" pin=1"/></net>

<net id="3290"><net_src comp="156" pin="0"/><net_sink comp="3285" pin=0"/></net>

<net id="3291"><net_src comp="3279" pin="2"/><net_sink comp="3285" pin=1"/></net>

<net id="3292"><net_src comp="158" pin="0"/><net_sink comp="3285" pin=2"/></net>

<net id="3299"><net_src comp="160" pin="0"/><net_sink comp="3293" pin=0"/></net>

<net id="3300"><net_src comp="426" pin="2"/><net_sink comp="3293" pin=1"/></net>

<net id="3301"><net_src comp="308" pin="0"/><net_sink comp="3293" pin=2"/></net>

<net id="3302"><net_src comp="84" pin="0"/><net_sink comp="3293" pin=3"/></net>

<net id="3307"><net_src comp="3293" pin="4"/><net_sink comp="3303" pin=0"/></net>

<net id="3308"><net_src comp="164" pin="0"/><net_sink comp="3303" pin=1"/></net>

<net id="3313"><net_src comp="3267" pin="3"/><net_sink comp="3309" pin=0"/></net>

<net id="3314"><net_src comp="166" pin="0"/><net_sink comp="3309" pin=1"/></net>

<net id="3319"><net_src comp="3285" pin="3"/><net_sink comp="3315" pin=0"/></net>

<net id="3320"><net_src comp="3309" pin="2"/><net_sink comp="3315" pin=1"/></net>

<net id="3325"><net_src comp="3303" pin="2"/><net_sink comp="3321" pin=0"/></net>

<net id="3326"><net_src comp="3315" pin="2"/><net_sink comp="3321" pin=1"/></net>

<net id="3331"><net_src comp="3321" pin="2"/><net_sink comp="3327" pin=0"/></net>

<net id="3332"><net_src comp="166" pin="0"/><net_sink comp="3327" pin=1"/></net>

<net id="3337"><net_src comp="3285" pin="3"/><net_sink comp="3333" pin=0"/></net>

<net id="3338"><net_src comp="3327" pin="2"/><net_sink comp="3333" pin=1"/></net>

<net id="3343"><net_src comp="3241" pin="3"/><net_sink comp="3339" pin=0"/></net>

<net id="3344"><net_src comp="166" pin="0"/><net_sink comp="3339" pin=1"/></net>

<net id="3349"><net_src comp="3333" pin="2"/><net_sink comp="3345" pin=0"/></net>

<net id="3350"><net_src comp="3339" pin="2"/><net_sink comp="3345" pin=1"/></net>

<net id="3356"><net_src comp="3345" pin="2"/><net_sink comp="3351" pin=0"/></net>

<net id="3357"><net_src comp="168" pin="0"/><net_sink comp="3351" pin=1"/></net>

<net id="3358"><net_src comp="170" pin="0"/><net_sink comp="3351" pin=2"/></net>

<net id="3363"><net_src comp="3345" pin="2"/><net_sink comp="3359" pin=0"/></net>

<net id="3364"><net_src comp="3241" pin="3"/><net_sink comp="3359" pin=1"/></net>

<net id="3370"><net_src comp="3359" pin="2"/><net_sink comp="3365" pin=0"/></net>

<net id="3371"><net_src comp="3351" pin="3"/><net_sink comp="3365" pin=1"/></net>

<net id="3372"><net_src comp="3279" pin="2"/><net_sink comp="3365" pin=2"/></net>

<net id="3378"><net_src comp="3235" pin="2"/><net_sink comp="3373" pin=0"/></net>

<net id="3379"><net_src comp="3365" pin="3"/><net_sink comp="3373" pin=1"/></net>

<net id="3380"><net_src comp="172" pin="0"/><net_sink comp="3373" pin=2"/></net>

<net id="3385"><net_src comp="613" pin="4"/><net_sink comp="3381" pin=0"/></net>

<net id="3386"><net_src comp="142" pin="0"/><net_sink comp="3381" pin=1"/></net>

<net id="3392"><net_src comp="144" pin="0"/><net_sink comp="3387" pin=0"/></net>

<net id="3393"><net_src comp="426" pin="2"/><net_sink comp="3387" pin=1"/></net>

<net id="3394"><net_src comp="88" pin="0"/><net_sink comp="3387" pin=2"/></net>

<net id="3401"><net_src comp="148" pin="0"/><net_sink comp="3395" pin=0"/></net>

<net id="3402"><net_src comp="426" pin="2"/><net_sink comp="3395" pin=1"/></net>

<net id="3403"><net_src comp="310" pin="0"/><net_sink comp="3395" pin=2"/></net>

<net id="3404"><net_src comp="312" pin="0"/><net_sink comp="3395" pin=3"/></net>

<net id="3410"><net_src comp="144" pin="0"/><net_sink comp="3405" pin=0"/></net>

<net id="3411"><net_src comp="426" pin="2"/><net_sink comp="3405" pin=1"/></net>

<net id="3412"><net_src comp="314" pin="0"/><net_sink comp="3405" pin=2"/></net>

<net id="3418"><net_src comp="144" pin="0"/><net_sink comp="3413" pin=0"/></net>

<net id="3419"><net_src comp="426" pin="2"/><net_sink comp="3413" pin=1"/></net>

<net id="3420"><net_src comp="312" pin="0"/><net_sink comp="3413" pin=2"/></net>

<net id="3424"><net_src comp="3405" pin="3"/><net_sink comp="3421" pin=0"/></net>

<net id="3429"><net_src comp="3395" pin="4"/><net_sink comp="3425" pin=0"/></net>

<net id="3430"><net_src comp="3421" pin="1"/><net_sink comp="3425" pin=1"/></net>

<net id="3436"><net_src comp="156" pin="0"/><net_sink comp="3431" pin=0"/></net>

<net id="3437"><net_src comp="3425" pin="2"/><net_sink comp="3431" pin=1"/></net>

<net id="3438"><net_src comp="158" pin="0"/><net_sink comp="3431" pin=2"/></net>

<net id="3445"><net_src comp="160" pin="0"/><net_sink comp="3439" pin=0"/></net>

<net id="3446"><net_src comp="426" pin="2"/><net_sink comp="3439" pin=1"/></net>

<net id="3447"><net_src comp="316" pin="0"/><net_sink comp="3439" pin=2"/></net>

<net id="3448"><net_src comp="88" pin="0"/><net_sink comp="3439" pin=3"/></net>

<net id="3453"><net_src comp="3439" pin="4"/><net_sink comp="3449" pin=0"/></net>

<net id="3454"><net_src comp="164" pin="0"/><net_sink comp="3449" pin=1"/></net>

<net id="3459"><net_src comp="3413" pin="3"/><net_sink comp="3455" pin=0"/></net>

<net id="3460"><net_src comp="166" pin="0"/><net_sink comp="3455" pin=1"/></net>

<net id="3465"><net_src comp="3431" pin="3"/><net_sink comp="3461" pin=0"/></net>

<net id="3466"><net_src comp="3455" pin="2"/><net_sink comp="3461" pin=1"/></net>

<net id="3471"><net_src comp="3449" pin="2"/><net_sink comp="3467" pin=0"/></net>

<net id="3472"><net_src comp="3461" pin="2"/><net_sink comp="3467" pin=1"/></net>

<net id="3477"><net_src comp="3467" pin="2"/><net_sink comp="3473" pin=0"/></net>

<net id="3478"><net_src comp="166" pin="0"/><net_sink comp="3473" pin=1"/></net>

<net id="3483"><net_src comp="3431" pin="3"/><net_sink comp="3479" pin=0"/></net>

<net id="3484"><net_src comp="3473" pin="2"/><net_sink comp="3479" pin=1"/></net>

<net id="3489"><net_src comp="3387" pin="3"/><net_sink comp="3485" pin=0"/></net>

<net id="3490"><net_src comp="166" pin="0"/><net_sink comp="3485" pin=1"/></net>

<net id="3495"><net_src comp="3479" pin="2"/><net_sink comp="3491" pin=0"/></net>

<net id="3496"><net_src comp="3485" pin="2"/><net_sink comp="3491" pin=1"/></net>

<net id="3502"><net_src comp="3491" pin="2"/><net_sink comp="3497" pin=0"/></net>

<net id="3503"><net_src comp="168" pin="0"/><net_sink comp="3497" pin=1"/></net>

<net id="3504"><net_src comp="170" pin="0"/><net_sink comp="3497" pin=2"/></net>

<net id="3509"><net_src comp="3491" pin="2"/><net_sink comp="3505" pin=0"/></net>

<net id="3510"><net_src comp="3387" pin="3"/><net_sink comp="3505" pin=1"/></net>

<net id="3516"><net_src comp="3505" pin="2"/><net_sink comp="3511" pin=0"/></net>

<net id="3517"><net_src comp="3497" pin="3"/><net_sink comp="3511" pin=1"/></net>

<net id="3518"><net_src comp="3425" pin="2"/><net_sink comp="3511" pin=2"/></net>

<net id="3524"><net_src comp="3381" pin="2"/><net_sink comp="3519" pin=0"/></net>

<net id="3525"><net_src comp="3511" pin="3"/><net_sink comp="3519" pin=1"/></net>

<net id="3526"><net_src comp="172" pin="0"/><net_sink comp="3519" pin=2"/></net>

<net id="3531"><net_src comp="623" pin="4"/><net_sink comp="3527" pin=0"/></net>

<net id="3532"><net_src comp="142" pin="0"/><net_sink comp="3527" pin=1"/></net>

<net id="3538"><net_src comp="144" pin="0"/><net_sink comp="3533" pin=0"/></net>

<net id="3539"><net_src comp="426" pin="2"/><net_sink comp="3533" pin=1"/></net>

<net id="3540"><net_src comp="92" pin="0"/><net_sink comp="3533" pin=2"/></net>

<net id="3547"><net_src comp="148" pin="0"/><net_sink comp="3541" pin=0"/></net>

<net id="3548"><net_src comp="426" pin="2"/><net_sink comp="3541" pin=1"/></net>

<net id="3549"><net_src comp="318" pin="0"/><net_sink comp="3541" pin=2"/></net>

<net id="3550"><net_src comp="320" pin="0"/><net_sink comp="3541" pin=3"/></net>

<net id="3556"><net_src comp="144" pin="0"/><net_sink comp="3551" pin=0"/></net>

<net id="3557"><net_src comp="426" pin="2"/><net_sink comp="3551" pin=1"/></net>

<net id="3558"><net_src comp="322" pin="0"/><net_sink comp="3551" pin=2"/></net>

<net id="3564"><net_src comp="144" pin="0"/><net_sink comp="3559" pin=0"/></net>

<net id="3565"><net_src comp="426" pin="2"/><net_sink comp="3559" pin=1"/></net>

<net id="3566"><net_src comp="320" pin="0"/><net_sink comp="3559" pin=2"/></net>

<net id="3570"><net_src comp="3551" pin="3"/><net_sink comp="3567" pin=0"/></net>

<net id="3575"><net_src comp="3541" pin="4"/><net_sink comp="3571" pin=0"/></net>

<net id="3576"><net_src comp="3567" pin="1"/><net_sink comp="3571" pin=1"/></net>

<net id="3582"><net_src comp="156" pin="0"/><net_sink comp="3577" pin=0"/></net>

<net id="3583"><net_src comp="3571" pin="2"/><net_sink comp="3577" pin=1"/></net>

<net id="3584"><net_src comp="158" pin="0"/><net_sink comp="3577" pin=2"/></net>

<net id="3591"><net_src comp="160" pin="0"/><net_sink comp="3585" pin=0"/></net>

<net id="3592"><net_src comp="426" pin="2"/><net_sink comp="3585" pin=1"/></net>

<net id="3593"><net_src comp="324" pin="0"/><net_sink comp="3585" pin=2"/></net>

<net id="3594"><net_src comp="92" pin="0"/><net_sink comp="3585" pin=3"/></net>

<net id="3599"><net_src comp="3585" pin="4"/><net_sink comp="3595" pin=0"/></net>

<net id="3600"><net_src comp="164" pin="0"/><net_sink comp="3595" pin=1"/></net>

<net id="3605"><net_src comp="3559" pin="3"/><net_sink comp="3601" pin=0"/></net>

<net id="3606"><net_src comp="166" pin="0"/><net_sink comp="3601" pin=1"/></net>

<net id="3611"><net_src comp="3577" pin="3"/><net_sink comp="3607" pin=0"/></net>

<net id="3612"><net_src comp="3601" pin="2"/><net_sink comp="3607" pin=1"/></net>

<net id="3617"><net_src comp="3595" pin="2"/><net_sink comp="3613" pin=0"/></net>

<net id="3618"><net_src comp="3607" pin="2"/><net_sink comp="3613" pin=1"/></net>

<net id="3623"><net_src comp="3613" pin="2"/><net_sink comp="3619" pin=0"/></net>

<net id="3624"><net_src comp="166" pin="0"/><net_sink comp="3619" pin=1"/></net>

<net id="3629"><net_src comp="3577" pin="3"/><net_sink comp="3625" pin=0"/></net>

<net id="3630"><net_src comp="3619" pin="2"/><net_sink comp="3625" pin=1"/></net>

<net id="3635"><net_src comp="3533" pin="3"/><net_sink comp="3631" pin=0"/></net>

<net id="3636"><net_src comp="166" pin="0"/><net_sink comp="3631" pin=1"/></net>

<net id="3641"><net_src comp="3625" pin="2"/><net_sink comp="3637" pin=0"/></net>

<net id="3642"><net_src comp="3631" pin="2"/><net_sink comp="3637" pin=1"/></net>

<net id="3648"><net_src comp="3637" pin="2"/><net_sink comp="3643" pin=0"/></net>

<net id="3649"><net_src comp="168" pin="0"/><net_sink comp="3643" pin=1"/></net>

<net id="3650"><net_src comp="170" pin="0"/><net_sink comp="3643" pin=2"/></net>

<net id="3655"><net_src comp="3637" pin="2"/><net_sink comp="3651" pin=0"/></net>

<net id="3656"><net_src comp="3533" pin="3"/><net_sink comp="3651" pin=1"/></net>

<net id="3662"><net_src comp="3651" pin="2"/><net_sink comp="3657" pin=0"/></net>

<net id="3663"><net_src comp="3643" pin="3"/><net_sink comp="3657" pin=1"/></net>

<net id="3664"><net_src comp="3571" pin="2"/><net_sink comp="3657" pin=2"/></net>

<net id="3670"><net_src comp="3527" pin="2"/><net_sink comp="3665" pin=0"/></net>

<net id="3671"><net_src comp="3657" pin="3"/><net_sink comp="3665" pin=1"/></net>

<net id="3672"><net_src comp="172" pin="0"/><net_sink comp="3665" pin=2"/></net>

<net id="3677"><net_src comp="633" pin="4"/><net_sink comp="3673" pin=0"/></net>

<net id="3678"><net_src comp="142" pin="0"/><net_sink comp="3673" pin=1"/></net>

<net id="3684"><net_src comp="144" pin="0"/><net_sink comp="3679" pin=0"/></net>

<net id="3685"><net_src comp="426" pin="2"/><net_sink comp="3679" pin=1"/></net>

<net id="3686"><net_src comp="96" pin="0"/><net_sink comp="3679" pin=2"/></net>

<net id="3693"><net_src comp="148" pin="0"/><net_sink comp="3687" pin=0"/></net>

<net id="3694"><net_src comp="426" pin="2"/><net_sink comp="3687" pin=1"/></net>

<net id="3695"><net_src comp="326" pin="0"/><net_sink comp="3687" pin=2"/></net>

<net id="3696"><net_src comp="328" pin="0"/><net_sink comp="3687" pin=3"/></net>

<net id="3702"><net_src comp="144" pin="0"/><net_sink comp="3697" pin=0"/></net>

<net id="3703"><net_src comp="426" pin="2"/><net_sink comp="3697" pin=1"/></net>

<net id="3704"><net_src comp="330" pin="0"/><net_sink comp="3697" pin=2"/></net>

<net id="3710"><net_src comp="144" pin="0"/><net_sink comp="3705" pin=0"/></net>

<net id="3711"><net_src comp="426" pin="2"/><net_sink comp="3705" pin=1"/></net>

<net id="3712"><net_src comp="328" pin="0"/><net_sink comp="3705" pin=2"/></net>

<net id="3716"><net_src comp="3697" pin="3"/><net_sink comp="3713" pin=0"/></net>

<net id="3721"><net_src comp="3687" pin="4"/><net_sink comp="3717" pin=0"/></net>

<net id="3722"><net_src comp="3713" pin="1"/><net_sink comp="3717" pin=1"/></net>

<net id="3728"><net_src comp="156" pin="0"/><net_sink comp="3723" pin=0"/></net>

<net id="3729"><net_src comp="3717" pin="2"/><net_sink comp="3723" pin=1"/></net>

<net id="3730"><net_src comp="158" pin="0"/><net_sink comp="3723" pin=2"/></net>

<net id="3737"><net_src comp="160" pin="0"/><net_sink comp="3731" pin=0"/></net>

<net id="3738"><net_src comp="426" pin="2"/><net_sink comp="3731" pin=1"/></net>

<net id="3739"><net_src comp="332" pin="0"/><net_sink comp="3731" pin=2"/></net>

<net id="3740"><net_src comp="96" pin="0"/><net_sink comp="3731" pin=3"/></net>

<net id="3745"><net_src comp="3731" pin="4"/><net_sink comp="3741" pin=0"/></net>

<net id="3746"><net_src comp="164" pin="0"/><net_sink comp="3741" pin=1"/></net>

<net id="3751"><net_src comp="3705" pin="3"/><net_sink comp="3747" pin=0"/></net>

<net id="3752"><net_src comp="166" pin="0"/><net_sink comp="3747" pin=1"/></net>

<net id="3757"><net_src comp="3723" pin="3"/><net_sink comp="3753" pin=0"/></net>

<net id="3758"><net_src comp="3747" pin="2"/><net_sink comp="3753" pin=1"/></net>

<net id="3763"><net_src comp="3741" pin="2"/><net_sink comp="3759" pin=0"/></net>

<net id="3764"><net_src comp="3753" pin="2"/><net_sink comp="3759" pin=1"/></net>

<net id="3769"><net_src comp="3759" pin="2"/><net_sink comp="3765" pin=0"/></net>

<net id="3770"><net_src comp="166" pin="0"/><net_sink comp="3765" pin=1"/></net>

<net id="3775"><net_src comp="3723" pin="3"/><net_sink comp="3771" pin=0"/></net>

<net id="3776"><net_src comp="3765" pin="2"/><net_sink comp="3771" pin=1"/></net>

<net id="3781"><net_src comp="3679" pin="3"/><net_sink comp="3777" pin=0"/></net>

<net id="3782"><net_src comp="166" pin="0"/><net_sink comp="3777" pin=1"/></net>

<net id="3787"><net_src comp="3771" pin="2"/><net_sink comp="3783" pin=0"/></net>

<net id="3788"><net_src comp="3777" pin="2"/><net_sink comp="3783" pin=1"/></net>

<net id="3794"><net_src comp="3783" pin="2"/><net_sink comp="3789" pin=0"/></net>

<net id="3795"><net_src comp="168" pin="0"/><net_sink comp="3789" pin=1"/></net>

<net id="3796"><net_src comp="170" pin="0"/><net_sink comp="3789" pin=2"/></net>

<net id="3801"><net_src comp="3783" pin="2"/><net_sink comp="3797" pin=0"/></net>

<net id="3802"><net_src comp="3679" pin="3"/><net_sink comp="3797" pin=1"/></net>

<net id="3808"><net_src comp="3797" pin="2"/><net_sink comp="3803" pin=0"/></net>

<net id="3809"><net_src comp="3789" pin="3"/><net_sink comp="3803" pin=1"/></net>

<net id="3810"><net_src comp="3717" pin="2"/><net_sink comp="3803" pin=2"/></net>

<net id="3816"><net_src comp="3673" pin="2"/><net_sink comp="3811" pin=0"/></net>

<net id="3817"><net_src comp="3803" pin="3"/><net_sink comp="3811" pin=1"/></net>

<net id="3818"><net_src comp="172" pin="0"/><net_sink comp="3811" pin=2"/></net>

<net id="3823"><net_src comp="643" pin="4"/><net_sink comp="3819" pin=0"/></net>

<net id="3824"><net_src comp="142" pin="0"/><net_sink comp="3819" pin=1"/></net>

<net id="3830"><net_src comp="144" pin="0"/><net_sink comp="3825" pin=0"/></net>

<net id="3831"><net_src comp="426" pin="2"/><net_sink comp="3825" pin=1"/></net>

<net id="3832"><net_src comp="100" pin="0"/><net_sink comp="3825" pin=2"/></net>

<net id="3839"><net_src comp="148" pin="0"/><net_sink comp="3833" pin=0"/></net>

<net id="3840"><net_src comp="426" pin="2"/><net_sink comp="3833" pin=1"/></net>

<net id="3841"><net_src comp="334" pin="0"/><net_sink comp="3833" pin=2"/></net>

<net id="3842"><net_src comp="336" pin="0"/><net_sink comp="3833" pin=3"/></net>

<net id="3848"><net_src comp="144" pin="0"/><net_sink comp="3843" pin=0"/></net>

<net id="3849"><net_src comp="426" pin="2"/><net_sink comp="3843" pin=1"/></net>

<net id="3850"><net_src comp="338" pin="0"/><net_sink comp="3843" pin=2"/></net>

<net id="3856"><net_src comp="144" pin="0"/><net_sink comp="3851" pin=0"/></net>

<net id="3857"><net_src comp="426" pin="2"/><net_sink comp="3851" pin=1"/></net>

<net id="3858"><net_src comp="336" pin="0"/><net_sink comp="3851" pin=2"/></net>

<net id="3862"><net_src comp="3843" pin="3"/><net_sink comp="3859" pin=0"/></net>

<net id="3867"><net_src comp="3833" pin="4"/><net_sink comp="3863" pin=0"/></net>

<net id="3868"><net_src comp="3859" pin="1"/><net_sink comp="3863" pin=1"/></net>

<net id="3874"><net_src comp="156" pin="0"/><net_sink comp="3869" pin=0"/></net>

<net id="3875"><net_src comp="3863" pin="2"/><net_sink comp="3869" pin=1"/></net>

<net id="3876"><net_src comp="158" pin="0"/><net_sink comp="3869" pin=2"/></net>

<net id="3883"><net_src comp="160" pin="0"/><net_sink comp="3877" pin=0"/></net>

<net id="3884"><net_src comp="426" pin="2"/><net_sink comp="3877" pin=1"/></net>

<net id="3885"><net_src comp="340" pin="0"/><net_sink comp="3877" pin=2"/></net>

<net id="3886"><net_src comp="100" pin="0"/><net_sink comp="3877" pin=3"/></net>

<net id="3891"><net_src comp="3877" pin="4"/><net_sink comp="3887" pin=0"/></net>

<net id="3892"><net_src comp="164" pin="0"/><net_sink comp="3887" pin=1"/></net>

<net id="3897"><net_src comp="3851" pin="3"/><net_sink comp="3893" pin=0"/></net>

<net id="3898"><net_src comp="166" pin="0"/><net_sink comp="3893" pin=1"/></net>

<net id="3903"><net_src comp="3869" pin="3"/><net_sink comp="3899" pin=0"/></net>

<net id="3904"><net_src comp="3893" pin="2"/><net_sink comp="3899" pin=1"/></net>

<net id="3909"><net_src comp="3887" pin="2"/><net_sink comp="3905" pin=0"/></net>

<net id="3910"><net_src comp="3899" pin="2"/><net_sink comp="3905" pin=1"/></net>

<net id="3915"><net_src comp="3905" pin="2"/><net_sink comp="3911" pin=0"/></net>

<net id="3916"><net_src comp="166" pin="0"/><net_sink comp="3911" pin=1"/></net>

<net id="3921"><net_src comp="3869" pin="3"/><net_sink comp="3917" pin=0"/></net>

<net id="3922"><net_src comp="3911" pin="2"/><net_sink comp="3917" pin=1"/></net>

<net id="3927"><net_src comp="3825" pin="3"/><net_sink comp="3923" pin=0"/></net>

<net id="3928"><net_src comp="166" pin="0"/><net_sink comp="3923" pin=1"/></net>

<net id="3933"><net_src comp="3917" pin="2"/><net_sink comp="3929" pin=0"/></net>

<net id="3934"><net_src comp="3923" pin="2"/><net_sink comp="3929" pin=1"/></net>

<net id="3940"><net_src comp="3929" pin="2"/><net_sink comp="3935" pin=0"/></net>

<net id="3941"><net_src comp="168" pin="0"/><net_sink comp="3935" pin=1"/></net>

<net id="3942"><net_src comp="170" pin="0"/><net_sink comp="3935" pin=2"/></net>

<net id="3947"><net_src comp="3929" pin="2"/><net_sink comp="3943" pin=0"/></net>

<net id="3948"><net_src comp="3825" pin="3"/><net_sink comp="3943" pin=1"/></net>

<net id="3954"><net_src comp="3943" pin="2"/><net_sink comp="3949" pin=0"/></net>

<net id="3955"><net_src comp="3935" pin="3"/><net_sink comp="3949" pin=1"/></net>

<net id="3956"><net_src comp="3863" pin="2"/><net_sink comp="3949" pin=2"/></net>

<net id="3962"><net_src comp="3819" pin="2"/><net_sink comp="3957" pin=0"/></net>

<net id="3963"><net_src comp="3949" pin="3"/><net_sink comp="3957" pin=1"/></net>

<net id="3964"><net_src comp="172" pin="0"/><net_sink comp="3957" pin=2"/></net>

<net id="3969"><net_src comp="653" pin="4"/><net_sink comp="3965" pin=0"/></net>

<net id="3970"><net_src comp="142" pin="0"/><net_sink comp="3965" pin=1"/></net>

<net id="3976"><net_src comp="144" pin="0"/><net_sink comp="3971" pin=0"/></net>

<net id="3977"><net_src comp="426" pin="2"/><net_sink comp="3971" pin=1"/></net>

<net id="3978"><net_src comp="104" pin="0"/><net_sink comp="3971" pin=2"/></net>

<net id="3985"><net_src comp="148" pin="0"/><net_sink comp="3979" pin=0"/></net>

<net id="3986"><net_src comp="426" pin="2"/><net_sink comp="3979" pin=1"/></net>

<net id="3987"><net_src comp="342" pin="0"/><net_sink comp="3979" pin=2"/></net>

<net id="3988"><net_src comp="344" pin="0"/><net_sink comp="3979" pin=3"/></net>

<net id="3994"><net_src comp="144" pin="0"/><net_sink comp="3989" pin=0"/></net>

<net id="3995"><net_src comp="426" pin="2"/><net_sink comp="3989" pin=1"/></net>

<net id="3996"><net_src comp="346" pin="0"/><net_sink comp="3989" pin=2"/></net>

<net id="4002"><net_src comp="144" pin="0"/><net_sink comp="3997" pin=0"/></net>

<net id="4003"><net_src comp="426" pin="2"/><net_sink comp="3997" pin=1"/></net>

<net id="4004"><net_src comp="344" pin="0"/><net_sink comp="3997" pin=2"/></net>

<net id="4008"><net_src comp="3989" pin="3"/><net_sink comp="4005" pin=0"/></net>

<net id="4013"><net_src comp="3979" pin="4"/><net_sink comp="4009" pin=0"/></net>

<net id="4014"><net_src comp="4005" pin="1"/><net_sink comp="4009" pin=1"/></net>

<net id="4020"><net_src comp="156" pin="0"/><net_sink comp="4015" pin=0"/></net>

<net id="4021"><net_src comp="4009" pin="2"/><net_sink comp="4015" pin=1"/></net>

<net id="4022"><net_src comp="158" pin="0"/><net_sink comp="4015" pin=2"/></net>

<net id="4029"><net_src comp="160" pin="0"/><net_sink comp="4023" pin=0"/></net>

<net id="4030"><net_src comp="426" pin="2"/><net_sink comp="4023" pin=1"/></net>

<net id="4031"><net_src comp="348" pin="0"/><net_sink comp="4023" pin=2"/></net>

<net id="4032"><net_src comp="104" pin="0"/><net_sink comp="4023" pin=3"/></net>

<net id="4037"><net_src comp="4023" pin="4"/><net_sink comp="4033" pin=0"/></net>

<net id="4038"><net_src comp="164" pin="0"/><net_sink comp="4033" pin=1"/></net>

<net id="4043"><net_src comp="3997" pin="3"/><net_sink comp="4039" pin=0"/></net>

<net id="4044"><net_src comp="166" pin="0"/><net_sink comp="4039" pin=1"/></net>

<net id="4049"><net_src comp="4015" pin="3"/><net_sink comp="4045" pin=0"/></net>

<net id="4050"><net_src comp="4039" pin="2"/><net_sink comp="4045" pin=1"/></net>

<net id="4055"><net_src comp="4033" pin="2"/><net_sink comp="4051" pin=0"/></net>

<net id="4056"><net_src comp="4045" pin="2"/><net_sink comp="4051" pin=1"/></net>

<net id="4061"><net_src comp="4051" pin="2"/><net_sink comp="4057" pin=0"/></net>

<net id="4062"><net_src comp="166" pin="0"/><net_sink comp="4057" pin=1"/></net>

<net id="4067"><net_src comp="4015" pin="3"/><net_sink comp="4063" pin=0"/></net>

<net id="4068"><net_src comp="4057" pin="2"/><net_sink comp="4063" pin=1"/></net>

<net id="4073"><net_src comp="3971" pin="3"/><net_sink comp="4069" pin=0"/></net>

<net id="4074"><net_src comp="166" pin="0"/><net_sink comp="4069" pin=1"/></net>

<net id="4079"><net_src comp="4063" pin="2"/><net_sink comp="4075" pin=0"/></net>

<net id="4080"><net_src comp="4069" pin="2"/><net_sink comp="4075" pin=1"/></net>

<net id="4086"><net_src comp="4075" pin="2"/><net_sink comp="4081" pin=0"/></net>

<net id="4087"><net_src comp="168" pin="0"/><net_sink comp="4081" pin=1"/></net>

<net id="4088"><net_src comp="170" pin="0"/><net_sink comp="4081" pin=2"/></net>

<net id="4093"><net_src comp="4075" pin="2"/><net_sink comp="4089" pin=0"/></net>

<net id="4094"><net_src comp="3971" pin="3"/><net_sink comp="4089" pin=1"/></net>

<net id="4100"><net_src comp="4089" pin="2"/><net_sink comp="4095" pin=0"/></net>

<net id="4101"><net_src comp="4081" pin="3"/><net_sink comp="4095" pin=1"/></net>

<net id="4102"><net_src comp="4009" pin="2"/><net_sink comp="4095" pin=2"/></net>

<net id="4108"><net_src comp="3965" pin="2"/><net_sink comp="4103" pin=0"/></net>

<net id="4109"><net_src comp="4095" pin="3"/><net_sink comp="4103" pin=1"/></net>

<net id="4110"><net_src comp="172" pin="0"/><net_sink comp="4103" pin=2"/></net>

<net id="4115"><net_src comp="663" pin="4"/><net_sink comp="4111" pin=0"/></net>

<net id="4116"><net_src comp="142" pin="0"/><net_sink comp="4111" pin=1"/></net>

<net id="4122"><net_src comp="144" pin="0"/><net_sink comp="4117" pin=0"/></net>

<net id="4123"><net_src comp="426" pin="2"/><net_sink comp="4117" pin=1"/></net>

<net id="4124"><net_src comp="108" pin="0"/><net_sink comp="4117" pin=2"/></net>

<net id="4131"><net_src comp="148" pin="0"/><net_sink comp="4125" pin=0"/></net>

<net id="4132"><net_src comp="426" pin="2"/><net_sink comp="4125" pin=1"/></net>

<net id="4133"><net_src comp="350" pin="0"/><net_sink comp="4125" pin=2"/></net>

<net id="4134"><net_src comp="352" pin="0"/><net_sink comp="4125" pin=3"/></net>

<net id="4140"><net_src comp="144" pin="0"/><net_sink comp="4135" pin=0"/></net>

<net id="4141"><net_src comp="426" pin="2"/><net_sink comp="4135" pin=1"/></net>

<net id="4142"><net_src comp="354" pin="0"/><net_sink comp="4135" pin=2"/></net>

<net id="4148"><net_src comp="144" pin="0"/><net_sink comp="4143" pin=0"/></net>

<net id="4149"><net_src comp="426" pin="2"/><net_sink comp="4143" pin=1"/></net>

<net id="4150"><net_src comp="352" pin="0"/><net_sink comp="4143" pin=2"/></net>

<net id="4154"><net_src comp="4135" pin="3"/><net_sink comp="4151" pin=0"/></net>

<net id="4159"><net_src comp="4125" pin="4"/><net_sink comp="4155" pin=0"/></net>

<net id="4160"><net_src comp="4151" pin="1"/><net_sink comp="4155" pin=1"/></net>

<net id="4166"><net_src comp="156" pin="0"/><net_sink comp="4161" pin=0"/></net>

<net id="4167"><net_src comp="4155" pin="2"/><net_sink comp="4161" pin=1"/></net>

<net id="4168"><net_src comp="158" pin="0"/><net_sink comp="4161" pin=2"/></net>

<net id="4175"><net_src comp="160" pin="0"/><net_sink comp="4169" pin=0"/></net>

<net id="4176"><net_src comp="426" pin="2"/><net_sink comp="4169" pin=1"/></net>

<net id="4177"><net_src comp="356" pin="0"/><net_sink comp="4169" pin=2"/></net>

<net id="4178"><net_src comp="108" pin="0"/><net_sink comp="4169" pin=3"/></net>

<net id="4183"><net_src comp="4169" pin="4"/><net_sink comp="4179" pin=0"/></net>

<net id="4184"><net_src comp="164" pin="0"/><net_sink comp="4179" pin=1"/></net>

<net id="4189"><net_src comp="4143" pin="3"/><net_sink comp="4185" pin=0"/></net>

<net id="4190"><net_src comp="166" pin="0"/><net_sink comp="4185" pin=1"/></net>

<net id="4195"><net_src comp="4161" pin="3"/><net_sink comp="4191" pin=0"/></net>

<net id="4196"><net_src comp="4185" pin="2"/><net_sink comp="4191" pin=1"/></net>

<net id="4201"><net_src comp="4179" pin="2"/><net_sink comp="4197" pin=0"/></net>

<net id="4202"><net_src comp="4191" pin="2"/><net_sink comp="4197" pin=1"/></net>

<net id="4207"><net_src comp="4197" pin="2"/><net_sink comp="4203" pin=0"/></net>

<net id="4208"><net_src comp="166" pin="0"/><net_sink comp="4203" pin=1"/></net>

<net id="4213"><net_src comp="4161" pin="3"/><net_sink comp="4209" pin=0"/></net>

<net id="4214"><net_src comp="4203" pin="2"/><net_sink comp="4209" pin=1"/></net>

<net id="4219"><net_src comp="4117" pin="3"/><net_sink comp="4215" pin=0"/></net>

<net id="4220"><net_src comp="166" pin="0"/><net_sink comp="4215" pin=1"/></net>

<net id="4225"><net_src comp="4209" pin="2"/><net_sink comp="4221" pin=0"/></net>

<net id="4226"><net_src comp="4215" pin="2"/><net_sink comp="4221" pin=1"/></net>

<net id="4232"><net_src comp="4221" pin="2"/><net_sink comp="4227" pin=0"/></net>

<net id="4233"><net_src comp="168" pin="0"/><net_sink comp="4227" pin=1"/></net>

<net id="4234"><net_src comp="170" pin="0"/><net_sink comp="4227" pin=2"/></net>

<net id="4239"><net_src comp="4221" pin="2"/><net_sink comp="4235" pin=0"/></net>

<net id="4240"><net_src comp="4117" pin="3"/><net_sink comp="4235" pin=1"/></net>

<net id="4246"><net_src comp="4235" pin="2"/><net_sink comp="4241" pin=0"/></net>

<net id="4247"><net_src comp="4227" pin="3"/><net_sink comp="4241" pin=1"/></net>

<net id="4248"><net_src comp="4155" pin="2"/><net_sink comp="4241" pin=2"/></net>

<net id="4254"><net_src comp="4111" pin="2"/><net_sink comp="4249" pin=0"/></net>

<net id="4255"><net_src comp="4241" pin="3"/><net_sink comp="4249" pin=1"/></net>

<net id="4256"><net_src comp="172" pin="0"/><net_sink comp="4249" pin=2"/></net>

<net id="4261"><net_src comp="673" pin="4"/><net_sink comp="4257" pin=0"/></net>

<net id="4262"><net_src comp="142" pin="0"/><net_sink comp="4257" pin=1"/></net>

<net id="4268"><net_src comp="144" pin="0"/><net_sink comp="4263" pin=0"/></net>

<net id="4269"><net_src comp="426" pin="2"/><net_sink comp="4263" pin=1"/></net>

<net id="4270"><net_src comp="112" pin="0"/><net_sink comp="4263" pin=2"/></net>

<net id="4277"><net_src comp="148" pin="0"/><net_sink comp="4271" pin=0"/></net>

<net id="4278"><net_src comp="426" pin="2"/><net_sink comp="4271" pin=1"/></net>

<net id="4279"><net_src comp="358" pin="0"/><net_sink comp="4271" pin=2"/></net>

<net id="4280"><net_src comp="360" pin="0"/><net_sink comp="4271" pin=3"/></net>

<net id="4286"><net_src comp="144" pin="0"/><net_sink comp="4281" pin=0"/></net>

<net id="4287"><net_src comp="426" pin="2"/><net_sink comp="4281" pin=1"/></net>

<net id="4288"><net_src comp="362" pin="0"/><net_sink comp="4281" pin=2"/></net>

<net id="4294"><net_src comp="144" pin="0"/><net_sink comp="4289" pin=0"/></net>

<net id="4295"><net_src comp="426" pin="2"/><net_sink comp="4289" pin=1"/></net>

<net id="4296"><net_src comp="360" pin="0"/><net_sink comp="4289" pin=2"/></net>

<net id="4300"><net_src comp="4281" pin="3"/><net_sink comp="4297" pin=0"/></net>

<net id="4305"><net_src comp="4271" pin="4"/><net_sink comp="4301" pin=0"/></net>

<net id="4306"><net_src comp="4297" pin="1"/><net_sink comp="4301" pin=1"/></net>

<net id="4312"><net_src comp="156" pin="0"/><net_sink comp="4307" pin=0"/></net>

<net id="4313"><net_src comp="4301" pin="2"/><net_sink comp="4307" pin=1"/></net>

<net id="4314"><net_src comp="158" pin="0"/><net_sink comp="4307" pin=2"/></net>

<net id="4321"><net_src comp="160" pin="0"/><net_sink comp="4315" pin=0"/></net>

<net id="4322"><net_src comp="426" pin="2"/><net_sink comp="4315" pin=1"/></net>

<net id="4323"><net_src comp="364" pin="0"/><net_sink comp="4315" pin=2"/></net>

<net id="4324"><net_src comp="112" pin="0"/><net_sink comp="4315" pin=3"/></net>

<net id="4329"><net_src comp="4315" pin="4"/><net_sink comp="4325" pin=0"/></net>

<net id="4330"><net_src comp="164" pin="0"/><net_sink comp="4325" pin=1"/></net>

<net id="4335"><net_src comp="4289" pin="3"/><net_sink comp="4331" pin=0"/></net>

<net id="4336"><net_src comp="166" pin="0"/><net_sink comp="4331" pin=1"/></net>

<net id="4341"><net_src comp="4307" pin="3"/><net_sink comp="4337" pin=0"/></net>

<net id="4342"><net_src comp="4331" pin="2"/><net_sink comp="4337" pin=1"/></net>

<net id="4347"><net_src comp="4325" pin="2"/><net_sink comp="4343" pin=0"/></net>

<net id="4348"><net_src comp="4337" pin="2"/><net_sink comp="4343" pin=1"/></net>

<net id="4353"><net_src comp="4343" pin="2"/><net_sink comp="4349" pin=0"/></net>

<net id="4354"><net_src comp="166" pin="0"/><net_sink comp="4349" pin=1"/></net>

<net id="4359"><net_src comp="4307" pin="3"/><net_sink comp="4355" pin=0"/></net>

<net id="4360"><net_src comp="4349" pin="2"/><net_sink comp="4355" pin=1"/></net>

<net id="4365"><net_src comp="4263" pin="3"/><net_sink comp="4361" pin=0"/></net>

<net id="4366"><net_src comp="166" pin="0"/><net_sink comp="4361" pin=1"/></net>

<net id="4371"><net_src comp="4355" pin="2"/><net_sink comp="4367" pin=0"/></net>

<net id="4372"><net_src comp="4361" pin="2"/><net_sink comp="4367" pin=1"/></net>

<net id="4378"><net_src comp="4367" pin="2"/><net_sink comp="4373" pin=0"/></net>

<net id="4379"><net_src comp="168" pin="0"/><net_sink comp="4373" pin=1"/></net>

<net id="4380"><net_src comp="170" pin="0"/><net_sink comp="4373" pin=2"/></net>

<net id="4385"><net_src comp="4367" pin="2"/><net_sink comp="4381" pin=0"/></net>

<net id="4386"><net_src comp="4263" pin="3"/><net_sink comp="4381" pin=1"/></net>

<net id="4392"><net_src comp="4381" pin="2"/><net_sink comp="4387" pin=0"/></net>

<net id="4393"><net_src comp="4373" pin="3"/><net_sink comp="4387" pin=1"/></net>

<net id="4394"><net_src comp="4301" pin="2"/><net_sink comp="4387" pin=2"/></net>

<net id="4400"><net_src comp="4257" pin="2"/><net_sink comp="4395" pin=0"/></net>

<net id="4401"><net_src comp="4387" pin="3"/><net_sink comp="4395" pin=1"/></net>

<net id="4402"><net_src comp="172" pin="0"/><net_sink comp="4395" pin=2"/></net>

<net id="4407"><net_src comp="683" pin="4"/><net_sink comp="4403" pin=0"/></net>

<net id="4408"><net_src comp="142" pin="0"/><net_sink comp="4403" pin=1"/></net>

<net id="4414"><net_src comp="144" pin="0"/><net_sink comp="4409" pin=0"/></net>

<net id="4415"><net_src comp="426" pin="2"/><net_sink comp="4409" pin=1"/></net>

<net id="4416"><net_src comp="116" pin="0"/><net_sink comp="4409" pin=2"/></net>

<net id="4423"><net_src comp="148" pin="0"/><net_sink comp="4417" pin=0"/></net>

<net id="4424"><net_src comp="426" pin="2"/><net_sink comp="4417" pin=1"/></net>

<net id="4425"><net_src comp="366" pin="0"/><net_sink comp="4417" pin=2"/></net>

<net id="4426"><net_src comp="368" pin="0"/><net_sink comp="4417" pin=3"/></net>

<net id="4432"><net_src comp="144" pin="0"/><net_sink comp="4427" pin=0"/></net>

<net id="4433"><net_src comp="426" pin="2"/><net_sink comp="4427" pin=1"/></net>

<net id="4434"><net_src comp="370" pin="0"/><net_sink comp="4427" pin=2"/></net>

<net id="4440"><net_src comp="144" pin="0"/><net_sink comp="4435" pin=0"/></net>

<net id="4441"><net_src comp="426" pin="2"/><net_sink comp="4435" pin=1"/></net>

<net id="4442"><net_src comp="368" pin="0"/><net_sink comp="4435" pin=2"/></net>

<net id="4446"><net_src comp="4427" pin="3"/><net_sink comp="4443" pin=0"/></net>

<net id="4451"><net_src comp="4417" pin="4"/><net_sink comp="4447" pin=0"/></net>

<net id="4452"><net_src comp="4443" pin="1"/><net_sink comp="4447" pin=1"/></net>

<net id="4458"><net_src comp="156" pin="0"/><net_sink comp="4453" pin=0"/></net>

<net id="4459"><net_src comp="4447" pin="2"/><net_sink comp="4453" pin=1"/></net>

<net id="4460"><net_src comp="158" pin="0"/><net_sink comp="4453" pin=2"/></net>

<net id="4467"><net_src comp="160" pin="0"/><net_sink comp="4461" pin=0"/></net>

<net id="4468"><net_src comp="426" pin="2"/><net_sink comp="4461" pin=1"/></net>

<net id="4469"><net_src comp="372" pin="0"/><net_sink comp="4461" pin=2"/></net>

<net id="4470"><net_src comp="116" pin="0"/><net_sink comp="4461" pin=3"/></net>

<net id="4475"><net_src comp="4461" pin="4"/><net_sink comp="4471" pin=0"/></net>

<net id="4476"><net_src comp="164" pin="0"/><net_sink comp="4471" pin=1"/></net>

<net id="4481"><net_src comp="4435" pin="3"/><net_sink comp="4477" pin=0"/></net>

<net id="4482"><net_src comp="166" pin="0"/><net_sink comp="4477" pin=1"/></net>

<net id="4487"><net_src comp="4453" pin="3"/><net_sink comp="4483" pin=0"/></net>

<net id="4488"><net_src comp="4477" pin="2"/><net_sink comp="4483" pin=1"/></net>

<net id="4493"><net_src comp="4471" pin="2"/><net_sink comp="4489" pin=0"/></net>

<net id="4494"><net_src comp="4483" pin="2"/><net_sink comp="4489" pin=1"/></net>

<net id="4499"><net_src comp="4489" pin="2"/><net_sink comp="4495" pin=0"/></net>

<net id="4500"><net_src comp="166" pin="0"/><net_sink comp="4495" pin=1"/></net>

<net id="4505"><net_src comp="4453" pin="3"/><net_sink comp="4501" pin=0"/></net>

<net id="4506"><net_src comp="4495" pin="2"/><net_sink comp="4501" pin=1"/></net>

<net id="4511"><net_src comp="4409" pin="3"/><net_sink comp="4507" pin=0"/></net>

<net id="4512"><net_src comp="166" pin="0"/><net_sink comp="4507" pin=1"/></net>

<net id="4517"><net_src comp="4501" pin="2"/><net_sink comp="4513" pin=0"/></net>

<net id="4518"><net_src comp="4507" pin="2"/><net_sink comp="4513" pin=1"/></net>

<net id="4524"><net_src comp="4513" pin="2"/><net_sink comp="4519" pin=0"/></net>

<net id="4525"><net_src comp="168" pin="0"/><net_sink comp="4519" pin=1"/></net>

<net id="4526"><net_src comp="170" pin="0"/><net_sink comp="4519" pin=2"/></net>

<net id="4531"><net_src comp="4513" pin="2"/><net_sink comp="4527" pin=0"/></net>

<net id="4532"><net_src comp="4409" pin="3"/><net_sink comp="4527" pin=1"/></net>

<net id="4538"><net_src comp="4527" pin="2"/><net_sink comp="4533" pin=0"/></net>

<net id="4539"><net_src comp="4519" pin="3"/><net_sink comp="4533" pin=1"/></net>

<net id="4540"><net_src comp="4447" pin="2"/><net_sink comp="4533" pin=2"/></net>

<net id="4546"><net_src comp="4403" pin="2"/><net_sink comp="4541" pin=0"/></net>

<net id="4547"><net_src comp="4533" pin="3"/><net_sink comp="4541" pin=1"/></net>

<net id="4548"><net_src comp="172" pin="0"/><net_sink comp="4541" pin=2"/></net>

<net id="4553"><net_src comp="693" pin="4"/><net_sink comp="4549" pin=0"/></net>

<net id="4554"><net_src comp="142" pin="0"/><net_sink comp="4549" pin=1"/></net>

<net id="4560"><net_src comp="144" pin="0"/><net_sink comp="4555" pin=0"/></net>

<net id="4561"><net_src comp="426" pin="2"/><net_sink comp="4555" pin=1"/></net>

<net id="4562"><net_src comp="120" pin="0"/><net_sink comp="4555" pin=2"/></net>

<net id="4569"><net_src comp="148" pin="0"/><net_sink comp="4563" pin=0"/></net>

<net id="4570"><net_src comp="426" pin="2"/><net_sink comp="4563" pin=1"/></net>

<net id="4571"><net_src comp="374" pin="0"/><net_sink comp="4563" pin=2"/></net>

<net id="4572"><net_src comp="376" pin="0"/><net_sink comp="4563" pin=3"/></net>

<net id="4578"><net_src comp="144" pin="0"/><net_sink comp="4573" pin=0"/></net>

<net id="4579"><net_src comp="426" pin="2"/><net_sink comp="4573" pin=1"/></net>

<net id="4580"><net_src comp="378" pin="0"/><net_sink comp="4573" pin=2"/></net>

<net id="4586"><net_src comp="144" pin="0"/><net_sink comp="4581" pin=0"/></net>

<net id="4587"><net_src comp="426" pin="2"/><net_sink comp="4581" pin=1"/></net>

<net id="4588"><net_src comp="376" pin="0"/><net_sink comp="4581" pin=2"/></net>

<net id="4592"><net_src comp="4573" pin="3"/><net_sink comp="4589" pin=0"/></net>

<net id="4597"><net_src comp="4563" pin="4"/><net_sink comp="4593" pin=0"/></net>

<net id="4598"><net_src comp="4589" pin="1"/><net_sink comp="4593" pin=1"/></net>

<net id="4604"><net_src comp="156" pin="0"/><net_sink comp="4599" pin=0"/></net>

<net id="4605"><net_src comp="4593" pin="2"/><net_sink comp="4599" pin=1"/></net>

<net id="4606"><net_src comp="158" pin="0"/><net_sink comp="4599" pin=2"/></net>

<net id="4613"><net_src comp="160" pin="0"/><net_sink comp="4607" pin=0"/></net>

<net id="4614"><net_src comp="426" pin="2"/><net_sink comp="4607" pin=1"/></net>

<net id="4615"><net_src comp="380" pin="0"/><net_sink comp="4607" pin=2"/></net>

<net id="4616"><net_src comp="120" pin="0"/><net_sink comp="4607" pin=3"/></net>

<net id="4621"><net_src comp="4607" pin="4"/><net_sink comp="4617" pin=0"/></net>

<net id="4622"><net_src comp="164" pin="0"/><net_sink comp="4617" pin=1"/></net>

<net id="4627"><net_src comp="4581" pin="3"/><net_sink comp="4623" pin=0"/></net>

<net id="4628"><net_src comp="166" pin="0"/><net_sink comp="4623" pin=1"/></net>

<net id="4633"><net_src comp="4599" pin="3"/><net_sink comp="4629" pin=0"/></net>

<net id="4634"><net_src comp="4623" pin="2"/><net_sink comp="4629" pin=1"/></net>

<net id="4639"><net_src comp="4617" pin="2"/><net_sink comp="4635" pin=0"/></net>

<net id="4640"><net_src comp="4629" pin="2"/><net_sink comp="4635" pin=1"/></net>

<net id="4645"><net_src comp="4635" pin="2"/><net_sink comp="4641" pin=0"/></net>

<net id="4646"><net_src comp="166" pin="0"/><net_sink comp="4641" pin=1"/></net>

<net id="4651"><net_src comp="4599" pin="3"/><net_sink comp="4647" pin=0"/></net>

<net id="4652"><net_src comp="4641" pin="2"/><net_sink comp="4647" pin=1"/></net>

<net id="4657"><net_src comp="4555" pin="3"/><net_sink comp="4653" pin=0"/></net>

<net id="4658"><net_src comp="166" pin="0"/><net_sink comp="4653" pin=1"/></net>

<net id="4663"><net_src comp="4647" pin="2"/><net_sink comp="4659" pin=0"/></net>

<net id="4664"><net_src comp="4653" pin="2"/><net_sink comp="4659" pin=1"/></net>

<net id="4670"><net_src comp="4659" pin="2"/><net_sink comp="4665" pin=0"/></net>

<net id="4671"><net_src comp="168" pin="0"/><net_sink comp="4665" pin=1"/></net>

<net id="4672"><net_src comp="170" pin="0"/><net_sink comp="4665" pin=2"/></net>

<net id="4677"><net_src comp="4659" pin="2"/><net_sink comp="4673" pin=0"/></net>

<net id="4678"><net_src comp="4555" pin="3"/><net_sink comp="4673" pin=1"/></net>

<net id="4684"><net_src comp="4673" pin="2"/><net_sink comp="4679" pin=0"/></net>

<net id="4685"><net_src comp="4665" pin="3"/><net_sink comp="4679" pin=1"/></net>

<net id="4686"><net_src comp="4593" pin="2"/><net_sink comp="4679" pin=2"/></net>

<net id="4692"><net_src comp="4549" pin="2"/><net_sink comp="4687" pin=0"/></net>

<net id="4693"><net_src comp="4679" pin="3"/><net_sink comp="4687" pin=1"/></net>

<net id="4694"><net_src comp="172" pin="0"/><net_sink comp="4687" pin=2"/></net>

<net id="4699"><net_src comp="703" pin="4"/><net_sink comp="4695" pin=0"/></net>

<net id="4700"><net_src comp="142" pin="0"/><net_sink comp="4695" pin=1"/></net>

<net id="4706"><net_src comp="144" pin="0"/><net_sink comp="4701" pin=0"/></net>

<net id="4707"><net_src comp="426" pin="2"/><net_sink comp="4701" pin=1"/></net>

<net id="4708"><net_src comp="124" pin="0"/><net_sink comp="4701" pin=2"/></net>

<net id="4715"><net_src comp="148" pin="0"/><net_sink comp="4709" pin=0"/></net>

<net id="4716"><net_src comp="426" pin="2"/><net_sink comp="4709" pin=1"/></net>

<net id="4717"><net_src comp="382" pin="0"/><net_sink comp="4709" pin=2"/></net>

<net id="4718"><net_src comp="384" pin="0"/><net_sink comp="4709" pin=3"/></net>

<net id="4724"><net_src comp="144" pin="0"/><net_sink comp="4719" pin=0"/></net>

<net id="4725"><net_src comp="426" pin="2"/><net_sink comp="4719" pin=1"/></net>

<net id="4726"><net_src comp="386" pin="0"/><net_sink comp="4719" pin=2"/></net>

<net id="4732"><net_src comp="144" pin="0"/><net_sink comp="4727" pin=0"/></net>

<net id="4733"><net_src comp="426" pin="2"/><net_sink comp="4727" pin=1"/></net>

<net id="4734"><net_src comp="384" pin="0"/><net_sink comp="4727" pin=2"/></net>

<net id="4738"><net_src comp="4719" pin="3"/><net_sink comp="4735" pin=0"/></net>

<net id="4743"><net_src comp="4709" pin="4"/><net_sink comp="4739" pin=0"/></net>

<net id="4744"><net_src comp="4735" pin="1"/><net_sink comp="4739" pin=1"/></net>

<net id="4750"><net_src comp="156" pin="0"/><net_sink comp="4745" pin=0"/></net>

<net id="4751"><net_src comp="4739" pin="2"/><net_sink comp="4745" pin=1"/></net>

<net id="4752"><net_src comp="158" pin="0"/><net_sink comp="4745" pin=2"/></net>

<net id="4759"><net_src comp="160" pin="0"/><net_sink comp="4753" pin=0"/></net>

<net id="4760"><net_src comp="426" pin="2"/><net_sink comp="4753" pin=1"/></net>

<net id="4761"><net_src comp="388" pin="0"/><net_sink comp="4753" pin=2"/></net>

<net id="4762"><net_src comp="124" pin="0"/><net_sink comp="4753" pin=3"/></net>

<net id="4767"><net_src comp="4753" pin="4"/><net_sink comp="4763" pin=0"/></net>

<net id="4768"><net_src comp="164" pin="0"/><net_sink comp="4763" pin=1"/></net>

<net id="4773"><net_src comp="4727" pin="3"/><net_sink comp="4769" pin=0"/></net>

<net id="4774"><net_src comp="166" pin="0"/><net_sink comp="4769" pin=1"/></net>

<net id="4779"><net_src comp="4745" pin="3"/><net_sink comp="4775" pin=0"/></net>

<net id="4780"><net_src comp="4769" pin="2"/><net_sink comp="4775" pin=1"/></net>

<net id="4785"><net_src comp="4763" pin="2"/><net_sink comp="4781" pin=0"/></net>

<net id="4786"><net_src comp="4775" pin="2"/><net_sink comp="4781" pin=1"/></net>

<net id="4791"><net_src comp="4781" pin="2"/><net_sink comp="4787" pin=0"/></net>

<net id="4792"><net_src comp="166" pin="0"/><net_sink comp="4787" pin=1"/></net>

<net id="4797"><net_src comp="4745" pin="3"/><net_sink comp="4793" pin=0"/></net>

<net id="4798"><net_src comp="4787" pin="2"/><net_sink comp="4793" pin=1"/></net>

<net id="4803"><net_src comp="4701" pin="3"/><net_sink comp="4799" pin=0"/></net>

<net id="4804"><net_src comp="166" pin="0"/><net_sink comp="4799" pin=1"/></net>

<net id="4809"><net_src comp="4793" pin="2"/><net_sink comp="4805" pin=0"/></net>

<net id="4810"><net_src comp="4799" pin="2"/><net_sink comp="4805" pin=1"/></net>

<net id="4816"><net_src comp="4805" pin="2"/><net_sink comp="4811" pin=0"/></net>

<net id="4817"><net_src comp="168" pin="0"/><net_sink comp="4811" pin=1"/></net>

<net id="4818"><net_src comp="170" pin="0"/><net_sink comp="4811" pin=2"/></net>

<net id="4823"><net_src comp="4805" pin="2"/><net_sink comp="4819" pin=0"/></net>

<net id="4824"><net_src comp="4701" pin="3"/><net_sink comp="4819" pin=1"/></net>

<net id="4830"><net_src comp="4819" pin="2"/><net_sink comp="4825" pin=0"/></net>

<net id="4831"><net_src comp="4811" pin="3"/><net_sink comp="4825" pin=1"/></net>

<net id="4832"><net_src comp="4739" pin="2"/><net_sink comp="4825" pin=2"/></net>

<net id="4838"><net_src comp="4695" pin="2"/><net_sink comp="4833" pin=0"/></net>

<net id="4839"><net_src comp="4825" pin="3"/><net_sink comp="4833" pin=1"/></net>

<net id="4840"><net_src comp="172" pin="0"/><net_sink comp="4833" pin=2"/></net>

<net id="4845"><net_src comp="713" pin="4"/><net_sink comp="4841" pin=0"/></net>

<net id="4846"><net_src comp="142" pin="0"/><net_sink comp="4841" pin=1"/></net>

<net id="4852"><net_src comp="144" pin="0"/><net_sink comp="4847" pin=0"/></net>

<net id="4853"><net_src comp="426" pin="2"/><net_sink comp="4847" pin=1"/></net>

<net id="4854"><net_src comp="128" pin="0"/><net_sink comp="4847" pin=2"/></net>

<net id="4861"><net_src comp="148" pin="0"/><net_sink comp="4855" pin=0"/></net>

<net id="4862"><net_src comp="426" pin="2"/><net_sink comp="4855" pin=1"/></net>

<net id="4863"><net_src comp="390" pin="0"/><net_sink comp="4855" pin=2"/></net>

<net id="4864"><net_src comp="392" pin="0"/><net_sink comp="4855" pin=3"/></net>

<net id="4870"><net_src comp="144" pin="0"/><net_sink comp="4865" pin=0"/></net>

<net id="4871"><net_src comp="426" pin="2"/><net_sink comp="4865" pin=1"/></net>

<net id="4872"><net_src comp="394" pin="0"/><net_sink comp="4865" pin=2"/></net>

<net id="4878"><net_src comp="144" pin="0"/><net_sink comp="4873" pin=0"/></net>

<net id="4879"><net_src comp="426" pin="2"/><net_sink comp="4873" pin=1"/></net>

<net id="4880"><net_src comp="392" pin="0"/><net_sink comp="4873" pin=2"/></net>

<net id="4884"><net_src comp="4865" pin="3"/><net_sink comp="4881" pin=0"/></net>

<net id="4889"><net_src comp="4855" pin="4"/><net_sink comp="4885" pin=0"/></net>

<net id="4890"><net_src comp="4881" pin="1"/><net_sink comp="4885" pin=1"/></net>

<net id="4896"><net_src comp="156" pin="0"/><net_sink comp="4891" pin=0"/></net>

<net id="4897"><net_src comp="4885" pin="2"/><net_sink comp="4891" pin=1"/></net>

<net id="4898"><net_src comp="158" pin="0"/><net_sink comp="4891" pin=2"/></net>

<net id="4905"><net_src comp="160" pin="0"/><net_sink comp="4899" pin=0"/></net>

<net id="4906"><net_src comp="426" pin="2"/><net_sink comp="4899" pin=1"/></net>

<net id="4907"><net_src comp="396" pin="0"/><net_sink comp="4899" pin=2"/></net>

<net id="4908"><net_src comp="128" pin="0"/><net_sink comp="4899" pin=3"/></net>

<net id="4913"><net_src comp="4899" pin="4"/><net_sink comp="4909" pin=0"/></net>

<net id="4914"><net_src comp="164" pin="0"/><net_sink comp="4909" pin=1"/></net>

<net id="4919"><net_src comp="4873" pin="3"/><net_sink comp="4915" pin=0"/></net>

<net id="4920"><net_src comp="166" pin="0"/><net_sink comp="4915" pin=1"/></net>

<net id="4925"><net_src comp="4891" pin="3"/><net_sink comp="4921" pin=0"/></net>

<net id="4926"><net_src comp="4915" pin="2"/><net_sink comp="4921" pin=1"/></net>

<net id="4931"><net_src comp="4909" pin="2"/><net_sink comp="4927" pin=0"/></net>

<net id="4932"><net_src comp="4921" pin="2"/><net_sink comp="4927" pin=1"/></net>

<net id="4937"><net_src comp="4927" pin="2"/><net_sink comp="4933" pin=0"/></net>

<net id="4938"><net_src comp="166" pin="0"/><net_sink comp="4933" pin=1"/></net>

<net id="4943"><net_src comp="4891" pin="3"/><net_sink comp="4939" pin=0"/></net>

<net id="4944"><net_src comp="4933" pin="2"/><net_sink comp="4939" pin=1"/></net>

<net id="4949"><net_src comp="4847" pin="3"/><net_sink comp="4945" pin=0"/></net>

<net id="4950"><net_src comp="166" pin="0"/><net_sink comp="4945" pin=1"/></net>

<net id="4955"><net_src comp="4939" pin="2"/><net_sink comp="4951" pin=0"/></net>

<net id="4956"><net_src comp="4945" pin="2"/><net_sink comp="4951" pin=1"/></net>

<net id="4962"><net_src comp="4951" pin="2"/><net_sink comp="4957" pin=0"/></net>

<net id="4963"><net_src comp="168" pin="0"/><net_sink comp="4957" pin=1"/></net>

<net id="4964"><net_src comp="170" pin="0"/><net_sink comp="4957" pin=2"/></net>

<net id="4969"><net_src comp="4951" pin="2"/><net_sink comp="4965" pin=0"/></net>

<net id="4970"><net_src comp="4847" pin="3"/><net_sink comp="4965" pin=1"/></net>

<net id="4976"><net_src comp="4965" pin="2"/><net_sink comp="4971" pin=0"/></net>

<net id="4977"><net_src comp="4957" pin="3"/><net_sink comp="4971" pin=1"/></net>

<net id="4978"><net_src comp="4885" pin="2"/><net_sink comp="4971" pin=2"/></net>

<net id="4984"><net_src comp="4841" pin="2"/><net_sink comp="4979" pin=0"/></net>

<net id="4985"><net_src comp="4971" pin="3"/><net_sink comp="4979" pin=1"/></net>

<net id="4986"><net_src comp="172" pin="0"/><net_sink comp="4979" pin=2"/></net>

<net id="4991"><net_src comp="723" pin="4"/><net_sink comp="4987" pin=0"/></net>

<net id="4992"><net_src comp="142" pin="0"/><net_sink comp="4987" pin=1"/></net>

<net id="4998"><net_src comp="144" pin="0"/><net_sink comp="4993" pin=0"/></net>

<net id="4999"><net_src comp="426" pin="2"/><net_sink comp="4993" pin=1"/></net>

<net id="5000"><net_src comp="132" pin="0"/><net_sink comp="4993" pin=2"/></net>

<net id="5007"><net_src comp="148" pin="0"/><net_sink comp="5001" pin=0"/></net>

<net id="5008"><net_src comp="426" pin="2"/><net_sink comp="5001" pin=1"/></net>

<net id="5009"><net_src comp="398" pin="0"/><net_sink comp="5001" pin=2"/></net>

<net id="5010"><net_src comp="400" pin="0"/><net_sink comp="5001" pin=3"/></net>

<net id="5016"><net_src comp="144" pin="0"/><net_sink comp="5011" pin=0"/></net>

<net id="5017"><net_src comp="426" pin="2"/><net_sink comp="5011" pin=1"/></net>

<net id="5018"><net_src comp="402" pin="0"/><net_sink comp="5011" pin=2"/></net>

<net id="5024"><net_src comp="144" pin="0"/><net_sink comp="5019" pin=0"/></net>

<net id="5025"><net_src comp="426" pin="2"/><net_sink comp="5019" pin=1"/></net>

<net id="5026"><net_src comp="400" pin="0"/><net_sink comp="5019" pin=2"/></net>

<net id="5030"><net_src comp="5011" pin="3"/><net_sink comp="5027" pin=0"/></net>

<net id="5035"><net_src comp="5001" pin="4"/><net_sink comp="5031" pin=0"/></net>

<net id="5036"><net_src comp="5027" pin="1"/><net_sink comp="5031" pin=1"/></net>

<net id="5042"><net_src comp="156" pin="0"/><net_sink comp="5037" pin=0"/></net>

<net id="5043"><net_src comp="5031" pin="2"/><net_sink comp="5037" pin=1"/></net>

<net id="5044"><net_src comp="158" pin="0"/><net_sink comp="5037" pin=2"/></net>

<net id="5051"><net_src comp="160" pin="0"/><net_sink comp="5045" pin=0"/></net>

<net id="5052"><net_src comp="426" pin="2"/><net_sink comp="5045" pin=1"/></net>

<net id="5053"><net_src comp="404" pin="0"/><net_sink comp="5045" pin=2"/></net>

<net id="5054"><net_src comp="132" pin="0"/><net_sink comp="5045" pin=3"/></net>

<net id="5059"><net_src comp="5045" pin="4"/><net_sink comp="5055" pin=0"/></net>

<net id="5060"><net_src comp="164" pin="0"/><net_sink comp="5055" pin=1"/></net>

<net id="5065"><net_src comp="5019" pin="3"/><net_sink comp="5061" pin=0"/></net>

<net id="5066"><net_src comp="166" pin="0"/><net_sink comp="5061" pin=1"/></net>

<net id="5071"><net_src comp="5037" pin="3"/><net_sink comp="5067" pin=0"/></net>

<net id="5072"><net_src comp="5061" pin="2"/><net_sink comp="5067" pin=1"/></net>

<net id="5077"><net_src comp="5055" pin="2"/><net_sink comp="5073" pin=0"/></net>

<net id="5078"><net_src comp="5067" pin="2"/><net_sink comp="5073" pin=1"/></net>

<net id="5083"><net_src comp="5073" pin="2"/><net_sink comp="5079" pin=0"/></net>

<net id="5084"><net_src comp="166" pin="0"/><net_sink comp="5079" pin=1"/></net>

<net id="5089"><net_src comp="5037" pin="3"/><net_sink comp="5085" pin=0"/></net>

<net id="5090"><net_src comp="5079" pin="2"/><net_sink comp="5085" pin=1"/></net>

<net id="5095"><net_src comp="4993" pin="3"/><net_sink comp="5091" pin=0"/></net>

<net id="5096"><net_src comp="166" pin="0"/><net_sink comp="5091" pin=1"/></net>

<net id="5101"><net_src comp="5085" pin="2"/><net_sink comp="5097" pin=0"/></net>

<net id="5102"><net_src comp="5091" pin="2"/><net_sink comp="5097" pin=1"/></net>

<net id="5108"><net_src comp="5097" pin="2"/><net_sink comp="5103" pin=0"/></net>

<net id="5109"><net_src comp="168" pin="0"/><net_sink comp="5103" pin=1"/></net>

<net id="5110"><net_src comp="170" pin="0"/><net_sink comp="5103" pin=2"/></net>

<net id="5115"><net_src comp="5097" pin="2"/><net_sink comp="5111" pin=0"/></net>

<net id="5116"><net_src comp="4993" pin="3"/><net_sink comp="5111" pin=1"/></net>

<net id="5122"><net_src comp="5111" pin="2"/><net_sink comp="5117" pin=0"/></net>

<net id="5123"><net_src comp="5103" pin="3"/><net_sink comp="5117" pin=1"/></net>

<net id="5124"><net_src comp="5031" pin="2"/><net_sink comp="5117" pin=2"/></net>

<net id="5130"><net_src comp="4987" pin="2"/><net_sink comp="5125" pin=0"/></net>

<net id="5131"><net_src comp="5117" pin="3"/><net_sink comp="5125" pin=1"/></net>

<net id="5132"><net_src comp="172" pin="0"/><net_sink comp="5125" pin=2"/></net>

<net id="5137"><net_src comp="733" pin="4"/><net_sink comp="5133" pin=0"/></net>

<net id="5138"><net_src comp="142" pin="0"/><net_sink comp="5133" pin=1"/></net>

<net id="5144"><net_src comp="144" pin="0"/><net_sink comp="5139" pin=0"/></net>

<net id="5145"><net_src comp="426" pin="2"/><net_sink comp="5139" pin=1"/></net>

<net id="5146"><net_src comp="136" pin="0"/><net_sink comp="5139" pin=2"/></net>

<net id="5153"><net_src comp="148" pin="0"/><net_sink comp="5147" pin=0"/></net>

<net id="5154"><net_src comp="426" pin="2"/><net_sink comp="5147" pin=1"/></net>

<net id="5155"><net_src comp="406" pin="0"/><net_sink comp="5147" pin=2"/></net>

<net id="5156"><net_src comp="408" pin="0"/><net_sink comp="5147" pin=3"/></net>

<net id="5162"><net_src comp="144" pin="0"/><net_sink comp="5157" pin=0"/></net>

<net id="5163"><net_src comp="426" pin="2"/><net_sink comp="5157" pin=1"/></net>

<net id="5164"><net_src comp="410" pin="0"/><net_sink comp="5157" pin=2"/></net>

<net id="5170"><net_src comp="144" pin="0"/><net_sink comp="5165" pin=0"/></net>

<net id="5171"><net_src comp="426" pin="2"/><net_sink comp="5165" pin=1"/></net>

<net id="5172"><net_src comp="408" pin="0"/><net_sink comp="5165" pin=2"/></net>

<net id="5176"><net_src comp="5157" pin="3"/><net_sink comp="5173" pin=0"/></net>

<net id="5181"><net_src comp="5147" pin="4"/><net_sink comp="5177" pin=0"/></net>

<net id="5182"><net_src comp="5173" pin="1"/><net_sink comp="5177" pin=1"/></net>

<net id="5188"><net_src comp="156" pin="0"/><net_sink comp="5183" pin=0"/></net>

<net id="5189"><net_src comp="5177" pin="2"/><net_sink comp="5183" pin=1"/></net>

<net id="5190"><net_src comp="158" pin="0"/><net_sink comp="5183" pin=2"/></net>

<net id="5197"><net_src comp="160" pin="0"/><net_sink comp="5191" pin=0"/></net>

<net id="5198"><net_src comp="426" pin="2"/><net_sink comp="5191" pin=1"/></net>

<net id="5199"><net_src comp="412" pin="0"/><net_sink comp="5191" pin=2"/></net>

<net id="5200"><net_src comp="136" pin="0"/><net_sink comp="5191" pin=3"/></net>

<net id="5205"><net_src comp="5191" pin="4"/><net_sink comp="5201" pin=0"/></net>

<net id="5206"><net_src comp="164" pin="0"/><net_sink comp="5201" pin=1"/></net>

<net id="5211"><net_src comp="5165" pin="3"/><net_sink comp="5207" pin=0"/></net>

<net id="5212"><net_src comp="166" pin="0"/><net_sink comp="5207" pin=1"/></net>

<net id="5217"><net_src comp="5183" pin="3"/><net_sink comp="5213" pin=0"/></net>

<net id="5218"><net_src comp="5207" pin="2"/><net_sink comp="5213" pin=1"/></net>

<net id="5223"><net_src comp="5201" pin="2"/><net_sink comp="5219" pin=0"/></net>

<net id="5224"><net_src comp="5213" pin="2"/><net_sink comp="5219" pin=1"/></net>

<net id="5229"><net_src comp="5219" pin="2"/><net_sink comp="5225" pin=0"/></net>

<net id="5230"><net_src comp="166" pin="0"/><net_sink comp="5225" pin=1"/></net>

<net id="5235"><net_src comp="5183" pin="3"/><net_sink comp="5231" pin=0"/></net>

<net id="5236"><net_src comp="5225" pin="2"/><net_sink comp="5231" pin=1"/></net>

<net id="5241"><net_src comp="5139" pin="3"/><net_sink comp="5237" pin=0"/></net>

<net id="5242"><net_src comp="166" pin="0"/><net_sink comp="5237" pin=1"/></net>

<net id="5247"><net_src comp="5231" pin="2"/><net_sink comp="5243" pin=0"/></net>

<net id="5248"><net_src comp="5237" pin="2"/><net_sink comp="5243" pin=1"/></net>

<net id="5254"><net_src comp="5243" pin="2"/><net_sink comp="5249" pin=0"/></net>

<net id="5255"><net_src comp="168" pin="0"/><net_sink comp="5249" pin=1"/></net>

<net id="5256"><net_src comp="170" pin="0"/><net_sink comp="5249" pin=2"/></net>

<net id="5261"><net_src comp="5243" pin="2"/><net_sink comp="5257" pin=0"/></net>

<net id="5262"><net_src comp="5139" pin="3"/><net_sink comp="5257" pin=1"/></net>

<net id="5268"><net_src comp="5257" pin="2"/><net_sink comp="5263" pin=0"/></net>

<net id="5269"><net_src comp="5249" pin="3"/><net_sink comp="5263" pin=1"/></net>

<net id="5270"><net_src comp="5177" pin="2"/><net_sink comp="5263" pin=2"/></net>

<net id="5276"><net_src comp="5133" pin="2"/><net_sink comp="5271" pin=0"/></net>

<net id="5277"><net_src comp="5263" pin="3"/><net_sink comp="5271" pin=1"/></net>

<net id="5278"><net_src comp="172" pin="0"/><net_sink comp="5271" pin=2"/></net>

<net id="5283"><net_src comp="743" pin="4"/><net_sink comp="5279" pin=0"/></net>

<net id="5284"><net_src comp="142" pin="0"/><net_sink comp="5279" pin=1"/></net>

<net id="5290"><net_src comp="144" pin="0"/><net_sink comp="5285" pin=0"/></net>

<net id="5291"><net_src comp="426" pin="2"/><net_sink comp="5285" pin=1"/></net>

<net id="5292"><net_src comp="140" pin="0"/><net_sink comp="5285" pin=2"/></net>

<net id="5299"><net_src comp="148" pin="0"/><net_sink comp="5293" pin=0"/></net>

<net id="5300"><net_src comp="426" pin="2"/><net_sink comp="5293" pin=1"/></net>

<net id="5301"><net_src comp="414" pin="0"/><net_sink comp="5293" pin=2"/></net>

<net id="5302"><net_src comp="416" pin="0"/><net_sink comp="5293" pin=3"/></net>

<net id="5308"><net_src comp="144" pin="0"/><net_sink comp="5303" pin=0"/></net>

<net id="5309"><net_src comp="426" pin="2"/><net_sink comp="5303" pin=1"/></net>

<net id="5310"><net_src comp="418" pin="0"/><net_sink comp="5303" pin=2"/></net>

<net id="5316"><net_src comp="144" pin="0"/><net_sink comp="5311" pin=0"/></net>

<net id="5317"><net_src comp="426" pin="2"/><net_sink comp="5311" pin=1"/></net>

<net id="5318"><net_src comp="416" pin="0"/><net_sink comp="5311" pin=2"/></net>

<net id="5322"><net_src comp="5303" pin="3"/><net_sink comp="5319" pin=0"/></net>

<net id="5327"><net_src comp="5293" pin="4"/><net_sink comp="5323" pin=0"/></net>

<net id="5328"><net_src comp="5319" pin="1"/><net_sink comp="5323" pin=1"/></net>

<net id="5334"><net_src comp="156" pin="0"/><net_sink comp="5329" pin=0"/></net>

<net id="5335"><net_src comp="5323" pin="2"/><net_sink comp="5329" pin=1"/></net>

<net id="5336"><net_src comp="158" pin="0"/><net_sink comp="5329" pin=2"/></net>

<net id="5343"><net_src comp="160" pin="0"/><net_sink comp="5337" pin=0"/></net>

<net id="5344"><net_src comp="426" pin="2"/><net_sink comp="5337" pin=1"/></net>

<net id="5345"><net_src comp="420" pin="0"/><net_sink comp="5337" pin=2"/></net>

<net id="5346"><net_src comp="140" pin="0"/><net_sink comp="5337" pin=3"/></net>

<net id="5351"><net_src comp="5337" pin="4"/><net_sink comp="5347" pin=0"/></net>

<net id="5352"><net_src comp="164" pin="0"/><net_sink comp="5347" pin=1"/></net>

<net id="5357"><net_src comp="5311" pin="3"/><net_sink comp="5353" pin=0"/></net>

<net id="5358"><net_src comp="166" pin="0"/><net_sink comp="5353" pin=1"/></net>

<net id="5363"><net_src comp="5329" pin="3"/><net_sink comp="5359" pin=0"/></net>

<net id="5364"><net_src comp="5353" pin="2"/><net_sink comp="5359" pin=1"/></net>

<net id="5369"><net_src comp="5347" pin="2"/><net_sink comp="5365" pin=0"/></net>

<net id="5370"><net_src comp="5359" pin="2"/><net_sink comp="5365" pin=1"/></net>

<net id="5375"><net_src comp="5365" pin="2"/><net_sink comp="5371" pin=0"/></net>

<net id="5376"><net_src comp="166" pin="0"/><net_sink comp="5371" pin=1"/></net>

<net id="5381"><net_src comp="5329" pin="3"/><net_sink comp="5377" pin=0"/></net>

<net id="5382"><net_src comp="5371" pin="2"/><net_sink comp="5377" pin=1"/></net>

<net id="5387"><net_src comp="5285" pin="3"/><net_sink comp="5383" pin=0"/></net>

<net id="5388"><net_src comp="166" pin="0"/><net_sink comp="5383" pin=1"/></net>

<net id="5393"><net_src comp="5377" pin="2"/><net_sink comp="5389" pin=0"/></net>

<net id="5394"><net_src comp="5383" pin="2"/><net_sink comp="5389" pin=1"/></net>

<net id="5400"><net_src comp="5389" pin="2"/><net_sink comp="5395" pin=0"/></net>

<net id="5401"><net_src comp="168" pin="0"/><net_sink comp="5395" pin=1"/></net>

<net id="5402"><net_src comp="170" pin="0"/><net_sink comp="5395" pin=2"/></net>

<net id="5407"><net_src comp="5389" pin="2"/><net_sink comp="5403" pin=0"/></net>

<net id="5408"><net_src comp="5285" pin="3"/><net_sink comp="5403" pin=1"/></net>

<net id="5414"><net_src comp="5403" pin="2"/><net_sink comp="5409" pin=0"/></net>

<net id="5415"><net_src comp="5395" pin="3"/><net_sink comp="5409" pin=1"/></net>

<net id="5416"><net_src comp="5323" pin="2"/><net_sink comp="5409" pin=2"/></net>

<net id="5422"><net_src comp="5279" pin="2"/><net_sink comp="5417" pin=0"/></net>

<net id="5423"><net_src comp="5409" pin="3"/><net_sink comp="5417" pin=1"/></net>

<net id="5424"><net_src comp="172" pin="0"/><net_sink comp="5417" pin=2"/></net>

<net id="5460"><net_src comp="422" pin="0"/><net_sink comp="5425" pin=0"/></net>

<net id="5461"><net_src comp="5417" pin="3"/><net_sink comp="5425" pin=1"/></net>

<net id="5462"><net_src comp="5271" pin="3"/><net_sink comp="5425" pin=2"/></net>

<net id="5463"><net_src comp="5125" pin="3"/><net_sink comp="5425" pin=3"/></net>

<net id="5464"><net_src comp="4979" pin="3"/><net_sink comp="5425" pin=4"/></net>

<net id="5465"><net_src comp="4833" pin="3"/><net_sink comp="5425" pin=5"/></net>

<net id="5466"><net_src comp="4687" pin="3"/><net_sink comp="5425" pin=6"/></net>

<net id="5467"><net_src comp="4541" pin="3"/><net_sink comp="5425" pin=7"/></net>

<net id="5468"><net_src comp="4395" pin="3"/><net_sink comp="5425" pin=8"/></net>

<net id="5469"><net_src comp="4249" pin="3"/><net_sink comp="5425" pin=9"/></net>

<net id="5470"><net_src comp="4103" pin="3"/><net_sink comp="5425" pin=10"/></net>

<net id="5471"><net_src comp="3957" pin="3"/><net_sink comp="5425" pin=11"/></net>

<net id="5472"><net_src comp="3811" pin="3"/><net_sink comp="5425" pin=12"/></net>

<net id="5473"><net_src comp="3665" pin="3"/><net_sink comp="5425" pin=13"/></net>

<net id="5474"><net_src comp="3519" pin="3"/><net_sink comp="5425" pin=14"/></net>

<net id="5475"><net_src comp="3373" pin="3"/><net_sink comp="5425" pin=15"/></net>

<net id="5476"><net_src comp="3227" pin="3"/><net_sink comp="5425" pin=16"/></net>

<net id="5477"><net_src comp="3081" pin="3"/><net_sink comp="5425" pin=17"/></net>

<net id="5478"><net_src comp="2935" pin="3"/><net_sink comp="5425" pin=18"/></net>

<net id="5479"><net_src comp="2789" pin="3"/><net_sink comp="5425" pin=19"/></net>

<net id="5480"><net_src comp="2643" pin="3"/><net_sink comp="5425" pin=20"/></net>

<net id="5481"><net_src comp="2497" pin="3"/><net_sink comp="5425" pin=21"/></net>

<net id="5482"><net_src comp="2351" pin="3"/><net_sink comp="5425" pin=22"/></net>

<net id="5483"><net_src comp="2205" pin="3"/><net_sink comp="5425" pin=23"/></net>

<net id="5484"><net_src comp="2059" pin="3"/><net_sink comp="5425" pin=24"/></net>

<net id="5485"><net_src comp="1913" pin="3"/><net_sink comp="5425" pin=25"/></net>

<net id="5486"><net_src comp="1767" pin="3"/><net_sink comp="5425" pin=26"/></net>

<net id="5487"><net_src comp="1621" pin="3"/><net_sink comp="5425" pin=27"/></net>

<net id="5488"><net_src comp="1475" pin="3"/><net_sink comp="5425" pin=28"/></net>

<net id="5489"><net_src comp="1329" pin="3"/><net_sink comp="5425" pin=29"/></net>

<net id="5490"><net_src comp="1183" pin="3"/><net_sink comp="5425" pin=30"/></net>

<net id="5491"><net_src comp="1037" pin="3"/><net_sink comp="5425" pin=31"/></net>

<net id="5492"><net_src comp="891" pin="3"/><net_sink comp="5425" pin=32"/></net>

<net id="5493"><net_src comp="5425" pin="33"/><net_sink comp="432" pin=2"/></net>

</net_list>

</model> 
---------------- Datapath Model END ------------------

* FSMD analyzer results:
  - Output states:
	Port: layer6_out | {1 }
 - Input state : 
	Port: relu<array<ap_fixed,32u>,array<ap_fixed<6,4,0,0,0>,32u>,relu_config6> : layer5_out | {1 }
	Port: relu<array<ap_fixed,32u>,array<ap_fixed<6,4,0,0,0>,32u>,relu_config6> : layer6_out | {}
  - Chain level:
	State 1
		icmp_ln51 : 1
		zext_ln52 : 1
		add_ln52 : 2
		tmp_3 : 3
		icmp_ln52 : 1
		xor_ln52 : 1
		or_ln52_1 : 4
		and_ln52 : 4
		xor_ln52_1 : 4
		or_ln52 : 4
		xor_ln52_2 : 1
		and_ln52_1 : 4
		select_ln52 : 4
		or_ln52_2 : 4
		select_ln52_1 : 4
		out_data_0_0_0_0_0_load : 5
		icmp_ln51_1 : 1
		zext_ln52_1 : 1
		add_ln52_1 : 2
		tmp_8 : 3
		icmp_ln52_1 : 1
		xor_ln52_3 : 1
		or_ln52_3 : 4
		and_ln52_2 : 4
		xor_ln52_4 : 4
		or_ln52_4 : 4
		xor_ln52_5 : 1
		and_ln52_3 : 4
		select_ln52_2 : 4
		or_ln52_5 : 4
		select_ln52_3 : 4
		out_data_0_1_0_0_0_load : 5
		icmp_ln51_2 : 1
		zext_ln52_2 : 1
		add_ln52_2 : 2
		tmp_13 : 3
		icmp_ln52_2 : 1
		xor_ln52_6 : 1
		or_ln52_6 : 4
		and_ln52_4 : 4
		xor_ln52_7 : 4
		or_ln52_7 : 4
		xor_ln52_8 : 1
		and_ln52_5 : 4
		select_ln52_4 : 4
		or_ln52_8 : 4
		select_ln52_5 : 4
		out_data_0_2_0_0_0_load : 5
		icmp_ln51_3 : 1
		zext_ln52_3 : 1
		add_ln52_3 : 2
		tmp_17 : 3
		icmp_ln52_3 : 1
		xor_ln52_9 : 1
		or_ln52_9 : 4
		and_ln52_6 : 4
		xor_ln52_10 : 4
		or_ln52_10 : 4
		xor_ln52_11 : 1
		and_ln52_7 : 4
		select_ln52_6 : 4
		or_ln52_11 : 4
		select_ln52_7 : 4
		out_data_0_3_0_0_0_load : 5
		icmp_ln51_4 : 1
		zext_ln52_4 : 1
		add_ln52_4 : 2
		tmp_22 : 3
		icmp_ln52_4 : 1
		xor_ln52_12 : 1
		or_ln52_12 : 4
		and_ln52_8 : 4
		xor_ln52_13 : 4
		or_ln52_13 : 4
		xor_ln52_14 : 1
		and_ln52_9 : 4
		select_ln52_8 : 4
		or_ln52_14 : 4
		select_ln52_9 : 4
		out_data_0_4_0_0_0_load : 5
		icmp_ln51_5 : 1
		zext_ln52_5 : 1
		add_ln52_5 : 2
		tmp_27 : 3
		icmp_ln52_5 : 1
		xor_ln52_15 : 1
		or_ln52_15 : 4
		and_ln52_10 : 4
		xor_ln52_16 : 4
		or_ln52_16 : 4
		xor_ln52_17 : 1
		and_ln52_11 : 4
		select_ln52_10 : 4
		or_ln52_17 : 4
		select_ln52_11 : 4
		out_data_0_5_0_0_0_load : 5
		icmp_ln51_6 : 1
		zext_ln52_6 : 1
		add_ln52_6 : 2
		tmp_32 : 3
		icmp_ln52_6 : 1
		xor_ln52_18 : 1
		or_ln52_18 : 4
		and_ln52_12 : 4
		xor_ln52_19 : 4
		or_ln52_19 : 4
		xor_ln52_20 : 1
		and_ln52_13 : 4
		select_ln52_12 : 4
		or_ln52_20 : 4
		select_ln52_13 : 4
		out_data_0_6_0_0_0_load : 5
		icmp_ln51_7 : 1
		zext_ln52_7 : 1
		add_ln52_7 : 2
		tmp_37 : 3
		icmp_ln52_7 : 1
		xor_ln52_21 : 1
		or_ln52_21 : 4
		and_ln52_14 : 4
		xor_ln52_22 : 4
		or_ln52_22 : 4
		xor_ln52_23 : 1
		and_ln52_15 : 4
		select_ln52_14 : 4
		or_ln52_23 : 4
		select_ln52_15 : 4
		out_data_0_7_0_0_0_load : 5
		icmp_ln51_8 : 1
		zext_ln52_8 : 1
		add_ln52_8 : 2
		tmp_42 : 3
		icmp_ln52_8 : 1
		xor_ln52_24 : 1
		or_ln52_24 : 4
		and_ln52_16 : 4
		xor_ln52_25 : 4
		or_ln52_25 : 4
		xor_ln52_26 : 1
		and_ln52_17 : 4
		select_ln52_16 : 4
		or_ln52_26 : 4
		select_ln52_17 : 4
		out_data_0_8_0_0_0_load : 5
		icmp_ln51_9 : 1
		zext_ln52_9 : 1
		add_ln52_9 : 2
		tmp_47 : 3
		icmp_ln52_9 : 1
		xor_ln52_27 : 1
		or_ln52_27 : 4
		and_ln52_18 : 4
		xor_ln52_28 : 4
		or_ln52_28 : 4
		xor_ln52_29 : 1
		and_ln52_19 : 4
		select_ln52_18 : 4
		or_ln52_29 : 4
		select_ln52_19 : 4
		out_data_0_9_0_0_0_load : 5
		icmp_ln51_10 : 1
		zext_ln52_10 : 1
		add_ln52_10 : 2
		tmp_52 : 3
		icmp_ln52_10 : 1
		xor_ln52_30 : 1
		or_ln52_30 : 4
		and_ln52_20 : 4
		xor_ln52_31 : 4
		or_ln52_31 : 4
		xor_ln52_32 : 1
		and_ln52_21 : 4
		select_ln52_20 : 4
		or_ln52_32 : 4
		select_ln52_21 : 4
		out_data_0_10_0_0_0_load : 5
		icmp_ln51_11 : 1
		zext_ln52_11 : 1
		add_ln52_11 : 2
		tmp_57 : 3
		icmp_ln52_11 : 1
		xor_ln52_33 : 1
		or_ln52_33 : 4
		and_ln52_22 : 4
		xor_ln52_34 : 4
		or_ln52_34 : 4
		xor_ln52_35 : 1
		and_ln52_23 : 4
		select_ln52_22 : 4
		or_ln52_35 : 4
		select_ln52_23 : 4
		out_data_0_11_0_0_0_load : 5
		icmp_ln51_12 : 1
		zext_ln52_12 : 1
		add_ln52_12 : 2
		tmp_62 : 3
		icmp_ln52_12 : 1
		xor_ln52_36 : 1
		or_ln52_36 : 4
		and_ln52_24 : 4
		xor_ln52_37 : 4
		or_ln52_37 : 4
		xor_ln52_38 : 1
		and_ln52_25 : 4
		select_ln52_24 : 4
		or_ln52_38 : 4
		select_ln52_25 : 4
		out_data_0_12_0_0_0_load : 5
		icmp_ln51_13 : 1
		zext_ln52_13 : 1
		add_ln52_13 : 2
		tmp_67 : 3
		icmp_ln52_13 : 1
		xor_ln52_39 : 1
		or_ln52_39 : 4
		and_ln52_26 : 4
		xor_ln52_40 : 4
		or_ln52_40 : 4
		xor_ln52_41 : 1
		and_ln52_27 : 4
		select_ln52_26 : 4
		or_ln52_41 : 4
		select_ln52_27 : 4
		out_data_0_13_0_0_0_load : 5
		icmp_ln51_14 : 1
		zext_ln52_14 : 1
		add_ln52_14 : 2
		tmp_72 : 3
		icmp_ln52_14 : 1
		xor_ln52_42 : 1
		or_ln52_42 : 4
		and_ln52_28 : 4
		xor_ln52_43 : 4
		or_ln52_43 : 4
		xor_ln52_44 : 1
		and_ln52_29 : 4
		select_ln52_28 : 4
		or_ln52_44 : 4
		select_ln52_29 : 4
		out_data_0_14_0_0_0_load : 5
		icmp_ln51_15 : 1
		zext_ln52_15 : 1
		add_ln52_15 : 2
		tmp_77 : 3
		icmp_ln52_15 : 1
		xor_ln52_45 : 1
		or_ln52_45 : 4
		and_ln52_30 : 4
		xor_ln52_46 : 4
		or_ln52_46 : 4
		xor_ln52_47 : 1
		and_ln52_31 : 4
		select_ln52_30 : 4
		or_ln52_47 : 4
		select_ln52_31 : 4
		out_data_0_15_0_0_0_load : 5
		icmp_ln51_16 : 1
		zext_ln52_16 : 1
		add_ln52_16 : 2
		tmp_82 : 3
		icmp_ln52_16 : 1
		xor_ln52_48 : 1
		or_ln52_48 : 4
		and_ln52_32 : 4
		xor_ln52_49 : 4
		or_ln52_49 : 4
		xor_ln52_50 : 1
		and_ln52_33 : 4
		select_ln52_32 : 4
		or_ln52_50 : 4
		select_ln52_33 : 4
		out_data_0_16_0_0_0_load : 5
		icmp_ln51_17 : 1
		zext_ln52_17 : 1
		add_ln52_17 : 2
		tmp_87 : 3
		icmp_ln52_17 : 1
		xor_ln52_51 : 1
		or_ln52_51 : 4
		and_ln52_34 : 4
		xor_ln52_52 : 4
		or_ln52_52 : 4
		xor_ln52_53 : 1
		and_ln52_35 : 4
		select_ln52_34 : 4
		or_ln52_53 : 4
		select_ln52_35 : 4
		out_data_0_17_0_0_0_load : 5
		icmp_ln51_18 : 1
		zext_ln52_18 : 1
		add_ln52_18 : 2
		tmp_92 : 3
		icmp_ln52_18 : 1
		xor_ln52_54 : 1
		or_ln52_54 : 4
		and_ln52_36 : 4
		xor_ln52_55 : 4
		or_ln52_55 : 4
		xor_ln52_56 : 1
		and_ln52_37 : 4
		select_ln52_36 : 4
		or_ln52_56 : 4
		select_ln52_37 : 4
		out_data_0_18_0_0_0_load : 5
		icmp_ln51_19 : 1
		zext_ln52_19 : 1
		add_ln52_19 : 2
		tmp_97 : 3
		icmp_ln52_19 : 1
		xor_ln52_57 : 1
		or_ln52_57 : 4
		and_ln52_38 : 4
		xor_ln52_58 : 4
		or_ln52_58 : 4
		xor_ln52_59 : 1
		and_ln52_39 : 4
		select_ln52_38 : 4
		or_ln52_59 : 4
		select_ln52_39 : 4
		out_data_0_19_0_0_0_load : 5
		icmp_ln51_20 : 1
		zext_ln52_20 : 1
		add_ln52_20 : 2
		tmp_102 : 3
		icmp_ln52_20 : 1
		xor_ln52_60 : 1
		or_ln52_60 : 4
		and_ln52_40 : 4
		xor_ln52_61 : 4
		or_ln52_61 : 4
		xor_ln52_62 : 1
		and_ln52_41 : 4
		select_ln52_40 : 4
		or_ln52_62 : 4
		select_ln52_41 : 4
		out_data_0_20_0_0_0_load : 5
		icmp_ln51_21 : 1
		zext_ln52_21 : 1
		add_ln52_21 : 2
		tmp_107 : 3
		icmp_ln52_21 : 1
		xor_ln52_63 : 1
		or_ln52_63 : 4
		and_ln52_42 : 4
		xor_ln52_64 : 4
		or_ln52_64 : 4
		xor_ln52_65 : 1
		and_ln52_43 : 4
		select_ln52_42 : 4
		or_ln52_65 : 4
		select_ln52_43 : 4
		out_data_0_21_0_0_0_load : 5
		icmp_ln51_22 : 1
		zext_ln52_22 : 1
		add_ln52_22 : 2
		tmp_112 : 3
		icmp_ln52_22 : 1
		xor_ln52_66 : 1
		or_ln52_66 : 4
		and_ln52_44 : 4
		xor_ln52_67 : 4
		or_ln52_67 : 4
		xor_ln52_68 : 1
		and_ln52_45 : 4
		select_ln52_44 : 4
		or_ln52_68 : 4
		select_ln52_45 : 4
		out_data_0_22_0_0_0_load : 5
		icmp_ln51_23 : 1
		zext_ln52_23 : 1
		add_ln52_23 : 2
		tmp_117 : 3
		icmp_ln52_23 : 1
		xor_ln52_69 : 1
		or_ln52_69 : 4
		and_ln52_46 : 4
		xor_ln52_70 : 4
		or_ln52_70 : 4
		xor_ln52_71 : 1
		and_ln52_47 : 4
		select_ln52_46 : 4
		or_ln52_71 : 4
		select_ln52_47 : 4
		out_data_0_23_0_0_0_load : 5
		icmp_ln51_24 : 1
		zext_ln52_24 : 1
		add_ln52_24 : 2
		tmp_122 : 3
		icmp_ln52_24 : 1
		xor_ln52_72 : 1
		or_ln52_72 : 4
		and_ln52_48 : 4
		xor_ln52_73 : 4
		or_ln52_73 : 4
		xor_ln52_74 : 1
		and_ln52_49 : 4
		select_ln52_48 : 4
		or_ln52_74 : 4
		select_ln52_49 : 4
		out_data_0_24_0_0_0_load : 5
		icmp_ln51_25 : 1
		zext_ln52_25 : 1
		add_ln52_25 : 2
		tmp_127 : 3
		icmp_ln52_25 : 1
		xor_ln52_75 : 1
		or_ln52_75 : 4
		and_ln52_50 : 4
		xor_ln52_76 : 4
		or_ln52_76 : 4
		xor_ln52_77 : 1
		and_ln52_51 : 4
		select_ln52_50 : 4
		or_ln52_77 : 4
		select_ln52_51 : 4
		out_data_0_25_0_0_0_load : 5
		icmp_ln51_26 : 1
		zext_ln52_26 : 1
		add_ln52_26 : 2
		tmp_132 : 3
		icmp_ln52_26 : 1
		xor_ln52_78 : 1
		or_ln52_78 : 4
		and_ln52_52 : 4
		xor_ln52_79 : 4
		or_ln52_79 : 4
		xor_ln52_80 : 1
		and_ln52_53 : 4
		select_ln52_52 : 4
		or_ln52_80 : 4
		select_ln52_53 : 4
		out_data_0_26_0_0_0_load : 5
		icmp_ln51_27 : 1
		zext_ln52_27 : 1
		add_ln52_27 : 2
		tmp_137 : 3
		icmp_ln52_27 : 1
		xor_ln52_81 : 1
		or_ln52_81 : 4
		and_ln52_54 : 4
		xor_ln52_82 : 4
		or_ln52_82 : 4
		xor_ln52_83 : 1
		and_ln52_55 : 4
		select_ln52_54 : 4
		or_ln52_83 : 4
		select_ln52_55 : 4
		out_data_0_27_0_0_0_load : 5
		icmp_ln51_28 : 1
		zext_ln52_28 : 1
		add_ln52_28 : 2
		tmp_142 : 3
		icmp_ln52_28 : 1
		xor_ln52_84 : 1
		or_ln52_84 : 4
		and_ln52_56 : 4
		xor_ln52_85 : 4
		or_ln52_85 : 4
		xor_ln52_86 : 1
		and_ln52_57 : 4
		select_ln52_56 : 4
		or_ln52_86 : 4
		select_ln52_57 : 4
		out_data_0_28_0_0_0_load : 5
		icmp_ln51_29 : 1
		zext_ln52_29 : 1
		add_ln52_29 : 2
		tmp_147 : 3
		icmp_ln52_29 : 1
		xor_ln52_87 : 1
		or_ln52_87 : 4
		and_ln52_58 : 4
		xor_ln52_88 : 4
		or_ln52_88 : 4
		xor_ln52_89 : 1
		and_ln52_59 : 4
		select_ln52_58 : 4
		or_ln52_89 : 4
		select_ln52_59 : 4
		out_data_0_29_0_0_0_load : 5
		icmp_ln51_30 : 1
		zext_ln52_30 : 1
		add_ln52_30 : 2
		tmp_152 : 3
		icmp_ln52_30 : 1
		xor_ln52_90 : 1
		or_ln52_90 : 4
		and_ln52_60 : 4
		xor_ln52_91 : 4
		or_ln52_91 : 4
		xor_ln52_92 : 1
		and_ln52_61 : 4
		select_ln52_60 : 4
		or_ln52_92 : 4
		select_ln52_61 : 4
		out_data_0_30_0_0_0_load : 5
		icmp_ln51_31 : 1
		zext_ln52_31 : 1
		add_ln52_31 : 2
		tmp_157 : 3
		icmp_ln52_31 : 1
		xor_ln52_93 : 1
		or_ln52_93 : 4
		and_ln52_62 : 4
		xor_ln52_94 : 4
		or_ln52_94 : 4
		xor_ln52_95 : 1
		and_ln52_63 : 4
		select_ln52_62 : 4
		or_ln52_95 : 4
		select_ln52_63 : 4
		out_data_0_31_0_0_0_load : 5
		p_s : 6
		write_ln57 : 7


============================================================
+ Verbose Summary: Datapath Resource usage 
============================================================

* Functional unit list:
|----------|----------------------------------|---------|---------|
| Operation|          Functional Unit         |    FF   |   LUT   |
|----------|----------------------------------|---------|---------|
|          |         icmp_ln51_fu_753         |    0    |    25   |
|          |         icmp_ln52_fu_821         |    0    |    13   |
|          |        icmp_ln51_1_fu_899        |    0    |    25   |
|          |        icmp_ln52_1_fu_967        |    0    |    13   |
|          |        icmp_ln51_2_fu_1045       |    0    |    25   |
|          |        icmp_ln52_2_fu_1113       |    0    |    13   |
|          |        icmp_ln51_3_fu_1191       |    0    |    25   |
|          |        icmp_ln52_3_fu_1259       |    0    |    13   |
|          |        icmp_ln51_4_fu_1337       |    0    |    25   |
|          |        icmp_ln52_4_fu_1405       |    0    |    13   |
|          |        icmp_ln51_5_fu_1483       |    0    |    25   |
|          |        icmp_ln52_5_fu_1551       |    0    |    13   |
|          |        icmp_ln51_6_fu_1629       |    0    |    25   |
|          |        icmp_ln52_6_fu_1697       |    0    |    13   |
|          |        icmp_ln51_7_fu_1775       |    0    |    25   |
|          |        icmp_ln52_7_fu_1843       |    0    |    13   |
|          |        icmp_ln51_8_fu_1921       |    0    |    25   |
|          |        icmp_ln52_8_fu_1989       |    0    |    13   |
|          |        icmp_ln51_9_fu_2067       |    0    |    25   |
|          |        icmp_ln52_9_fu_2135       |    0    |    13   |
|          |       icmp_ln51_10_fu_2213       |    0    |    25   |
|          |       icmp_ln52_10_fu_2281       |    0    |    13   |
|          |       icmp_ln51_11_fu_2359       |    0    |    25   |
|          |       icmp_ln52_11_fu_2427       |    0    |    13   |
|          |       icmp_ln51_12_fu_2505       |    0    |    25   |
|          |       icmp_ln52_12_fu_2573       |    0    |    13   |
|          |       icmp_ln51_13_fu_2651       |    0    |    25   |
|          |       icmp_ln52_13_fu_2719       |    0    |    13   |
|          |       icmp_ln51_14_fu_2797       |    0    |    25   |
|          |       icmp_ln52_14_fu_2865       |    0    |    13   |
|          |       icmp_ln51_15_fu_2943       |    0    |    25   |
|   icmp   |       icmp_ln52_15_fu_3011       |    0    |    13   |
|          |       icmp_ln51_16_fu_3089       |    0    |    25   |
|          |       icmp_ln52_16_fu_3157       |    0    |    13   |
|          |       icmp_ln51_17_fu_3235       |    0    |    25   |
|          |       icmp_ln52_17_fu_3303       |    0    |    13   |
|          |       icmp_ln51_18_fu_3381       |    0    |    25   |
|          |       icmp_ln52_18_fu_3449       |    0    |    13   |
|          |       icmp_ln51_19_fu_3527       |    0    |    25   |
|          |       icmp_ln52_19_fu_3595       |    0    |    13   |
|          |       icmp_ln51_20_fu_3673       |    0    |    25   |
|          |       icmp_ln52_20_fu_3741       |    0    |    13   |
|          |       icmp_ln51_21_fu_3819       |    0    |    25   |
|          |       icmp_ln52_21_fu_3887       |    0    |    13   |
|          |       icmp_ln51_22_fu_3965       |    0    |    25   |
|          |       icmp_ln52_22_fu_4033       |    0    |    13   |
|          |       icmp_ln51_23_fu_4111       |    0    |    25   |
|          |       icmp_ln52_23_fu_4179       |    0    |    13   |
|          |       icmp_ln51_24_fu_4257       |    0    |    25   |
|          |       icmp_ln52_24_fu_4325       |    0    |    13   |
|          |       icmp_ln51_25_fu_4403       |    0    |    25   |
|          |       icmp_ln52_25_fu_4471       |    0    |    13   |
|          |       icmp_ln51_26_fu_4549       |    0    |    25   |
|          |       icmp_ln52_26_fu_4617       |    0    |    13   |
|          |       icmp_ln51_27_fu_4695       |    0    |    25   |
|          |       icmp_ln52_27_fu_4763       |    0    |    13   |
|          |       icmp_ln51_28_fu_4841       |    0    |    25   |
|          |       icmp_ln52_28_fu_4909       |    0    |    13   |
|          |       icmp_ln51_29_fu_4987       |    0    |    25   |
|          |       icmp_ln52_29_fu_5055       |    0    |    13   |
|          |       icmp_ln51_30_fu_5133       |    0    |    25   |
|          |       icmp_ln52_30_fu_5201       |    0    |    13   |
|          |       icmp_ln51_31_fu_5279       |    0    |    25   |
|          |       icmp_ln52_31_fu_5347       |    0    |    13   |
|----------|----------------------------------|---------|---------|
|          |        select_ln52_fu_869        |    0    |    6    |
|          |       select_ln52_1_fu_883       |    0    |    6    |
|          |  out_data_0_0_0_0_0_load_fu_891  |    0    |    6    |
|          |       select_ln52_2_fu_1015      |    0    |    6    |
|          |       select_ln52_3_fu_1029      |    0    |    6    |
|          |  out_data_0_1_0_0_0_load_fu_1037 |    0    |    6    |
|          |       select_ln52_4_fu_1161      |    0    |    6    |
|          |       select_ln52_5_fu_1175      |    0    |    6    |
|          |  out_data_0_2_0_0_0_load_fu_1183 |    0    |    6    |
|          |       select_ln52_6_fu_1307      |    0    |    6    |
|          |       select_ln52_7_fu_1321      |    0    |    6    |
|          |  out_data_0_3_0_0_0_load_fu_1329 |    0    |    6    |
|          |       select_ln52_8_fu_1453      |    0    |    6    |
|          |       select_ln52_9_fu_1467      |    0    |    6    |
|          |  out_data_0_4_0_0_0_load_fu_1475 |    0    |    6    |
|          |      select_ln52_10_fu_1599      |    0    |    6    |
|          |      select_ln52_11_fu_1613      |    0    |    6    |
|          |  out_data_0_5_0_0_0_load_fu_1621 |    0    |    6    |
|          |      select_ln52_12_fu_1745      |    0    |    6    |
|          |      select_ln52_13_fu_1759      |    0    |    6    |
|          |  out_data_0_6_0_0_0_load_fu_1767 |    0    |    6    |
|          |      select_ln52_14_fu_1891      |    0    |    6    |
|          |      select_ln52_15_fu_1905      |    0    |    6    |
|          |  out_data_0_7_0_0_0_load_fu_1913 |    0    |    6    |
|          |      select_ln52_16_fu_2037      |    0    |    6    |
|          |      select_ln52_17_fu_2051      |    0    |    6    |
|          |  out_data_0_8_0_0_0_load_fu_2059 |    0    |    6    |
|          |      select_ln52_18_fu_2183      |    0    |    6    |
|          |      select_ln52_19_fu_2197      |    0    |    6    |
|          |  out_data_0_9_0_0_0_load_fu_2205 |    0    |    6    |
|          |      select_ln52_20_fu_2329      |    0    |    6    |
|          |      select_ln52_21_fu_2343      |    0    |    6    |
|          | out_data_0_10_0_0_0_load_fu_2351 |    0    |    6    |
|          |      select_ln52_22_fu_2475      |    0    |    6    |
|          |      select_ln52_23_fu_2489      |    0    |    6    |
|          | out_data_0_11_0_0_0_load_fu_2497 |    0    |    6    |
|          |      select_ln52_24_fu_2621      |    0    |    6    |
|          |      select_ln52_25_fu_2635      |    0    |    6    |
|          | out_data_0_12_0_0_0_load_fu_2643 |    0    |    6    |
|          |      select_ln52_26_fu_2767      |    0    |    6    |
|          |      select_ln52_27_fu_2781      |    0    |    6    |
|          | out_data_0_13_0_0_0_load_fu_2789 |    0    |    6    |
|          |      select_ln52_28_fu_2913      |    0    |    6    |
|          |      select_ln52_29_fu_2927      |    0    |    6    |
|          | out_data_0_14_0_0_0_load_fu_2935 |    0    |    6    |
|          |      select_ln52_30_fu_3059      |    0    |    6    |
|          |      select_ln52_31_fu_3073      |    0    |    6    |
|  select  | out_data_0_15_0_0_0_load_fu_3081 |    0    |    6    |
|          |      select_ln52_32_fu_3205      |    0    |    6    |
|          |      select_ln52_33_fu_3219      |    0    |    6    |
|          | out_data_0_16_0_0_0_load_fu_3227 |    0    |    6    |
|          |      select_ln52_34_fu_3351      |    0    |    6    |
|          |      select_ln52_35_fu_3365      |    0    |    6    |
|          | out_data_0_17_0_0_0_load_fu_3373 |    0    |    6    |
|          |      select_ln52_36_fu_3497      |    0    |    6    |
|          |      select_ln52_37_fu_3511      |    0    |    6    |
|          | out_data_0_18_0_0_0_load_fu_3519 |    0    |    6    |
|          |      select_ln52_38_fu_3643      |    0    |    6    |
|          |      select_ln52_39_fu_3657      |    0    |    6    |
|          | out_data_0_19_0_0_0_load_fu_3665 |    0    |    6    |
|          |      select_ln52_40_fu_3789      |    0    |    6    |
|          |      select_ln52_41_fu_3803      |    0    |    6    |
|          | out_data_0_20_0_0_0_load_fu_3811 |    0    |    6    |
|          |      select_ln52_42_fu_3935      |    0    |    6    |
|          |      select_ln52_43_fu_3949      |    0    |    6    |
|          | out_data_0_21_0_0_0_load_fu_3957 |    0    |    6    |
|          |      select_ln52_44_fu_4081      |    0    |    6    |
|          |      select_ln52_45_fu_4095      |    0    |    6    |
|          | out_data_0_22_0_0_0_load_fu_4103 |    0    |    6    |
|          |      select_ln52_46_fu_4227      |    0    |    6    |
|          |      select_ln52_47_fu_4241      |    0    |    6    |
|          | out_data_0_23_0_0_0_load_fu_4249 |    0    |    6    |
|          |      select_ln52_48_fu_4373      |    0    |    6    |
|          |      select_ln52_49_fu_4387      |    0    |    6    |
|          | out_data_0_24_0_0_0_load_fu_4395 |    0    |    6    |
|          |      select_ln52_50_fu_4519      |    0    |    6    |
|          |      select_ln52_51_fu_4533      |    0    |    6    |
|          | out_data_0_25_0_0_0_load_fu_4541 |    0    |    6    |
|          |      select_ln52_52_fu_4665      |    0    |    6    |
|          |      select_ln52_53_fu_4679      |    0    |    6    |
|          | out_data_0_26_0_0_0_load_fu_4687 |    0    |    6    |
|          |      select_ln52_54_fu_4811      |    0    |    6    |
|          |      select_ln52_55_fu_4825      |    0    |    6    |
|          | out_data_0_27_0_0_0_load_fu_4833 |    0    |    6    |
|          |      select_ln52_56_fu_4957      |    0    |    6    |
|          |      select_ln52_57_fu_4971      |    0    |    6    |
|          | out_data_0_28_0_0_0_load_fu_4979 |    0    |    6    |
|          |      select_ln52_58_fu_5103      |    0    |    6    |
|          |      select_ln52_59_fu_5117      |    0    |    6    |
|          | out_data_0_29_0_0_0_load_fu_5125 |    0    |    6    |
|          |      select_ln52_60_fu_5249      |    0    |    6    |
|          |      select_ln52_61_fu_5263      |    0    |    6    |
|          | out_data_0_30_0_0_0_load_fu_5271 |    0    |    6    |
|          |      select_ln52_62_fu_5395      |    0    |    6    |
|          |      select_ln52_63_fu_5409      |    0    |    6    |
|          | out_data_0_31_0_0_0_load_fu_5417 |    0    |    6    |
|----------|----------------------------------|---------|---------|
|          |          add_ln52_fu_797         |    0    |    14   |
|          |         add_ln52_1_fu_943        |    0    |    14   |
|          |        add_ln52_2_fu_1089        |    0    |    14   |
|          |        add_ln52_3_fu_1235        |    0    |    14   |
|          |        add_ln52_4_fu_1381        |    0    |    14   |
|          |        add_ln52_5_fu_1527        |    0    |    14   |
|          |        add_ln52_6_fu_1673        |    0    |    14   |
|          |        add_ln52_7_fu_1819        |    0    |    14   |
|          |        add_ln52_8_fu_1965        |    0    |    14   |
|          |        add_ln52_9_fu_2111        |    0    |    14   |
|          |        add_ln52_10_fu_2257       |    0    |    14   |
|          |        add_ln52_11_fu_2403       |    0    |    14   |
|          |        add_ln52_12_fu_2549       |    0    |    14   |
|          |        add_ln52_13_fu_2695       |    0    |    14   |
|          |        add_ln52_14_fu_2841       |    0    |    14   |
|    add   |        add_ln52_15_fu_2987       |    0    |    14   |
|          |        add_ln52_16_fu_3133       |    0    |    14   |
|          |        add_ln52_17_fu_3279       |    0    |    14   |
|          |        add_ln52_18_fu_3425       |    0    |    14   |
|          |        add_ln52_19_fu_3571       |    0    |    14   |
|          |        add_ln52_20_fu_3717       |    0    |    14   |
|          |        add_ln52_21_fu_3863       |    0    |    14   |
|          |        add_ln52_22_fu_4009       |    0    |    14   |
|          |        add_ln52_23_fu_4155       |    0    |    14   |
|          |        add_ln52_24_fu_4301       |    0    |    14   |
|          |        add_ln52_25_fu_4447       |    0    |    14   |
|          |        add_ln52_26_fu_4593       |    0    |    14   |
|          |        add_ln52_27_fu_4739       |    0    |    14   |
|          |        add_ln52_28_fu_4885       |    0    |    14   |
|          |        add_ln52_29_fu_5031       |    0    |    14   |
|          |        add_ln52_30_fu_5177       |    0    |    14   |
|          |        add_ln52_31_fu_5323       |    0    |    14   |
|----------|----------------------------------|---------|---------|
|          |          xor_ln52_fu_827         |    0    |    2    |
|          |         xor_ln52_1_fu_845        |    0    |    2    |
|          |         xor_ln52_2_fu_857        |    0    |    2    |
|          |         xor_ln52_3_fu_973        |    0    |    2    |
|          |         xor_ln52_4_fu_991        |    0    |    2    |
|          |        xor_ln52_5_fu_1003        |    0    |    2    |
|          |        xor_ln52_6_fu_1119        |    0    |    2    |
|          |        xor_ln52_7_fu_1137        |    0    |    2    |
|          |        xor_ln52_8_fu_1149        |    0    |    2    |
|          |        xor_ln52_9_fu_1265        |    0    |    2    |
|          |        xor_ln52_10_fu_1283       |    0    |    2    |
|          |        xor_ln52_11_fu_1295       |    0    |    2    |
|          |        xor_ln52_12_fu_1411       |    0    |    2    |
|          |        xor_ln52_13_fu_1429       |    0    |    2    |
|          |        xor_ln52_14_fu_1441       |    0    |    2    |
|          |        xor_ln52_15_fu_1557       |    0    |    2    |
|          |        xor_ln52_16_fu_1575       |    0    |    2    |
|          |        xor_ln52_17_fu_1587       |    0    |    2    |
|          |        xor_ln52_18_fu_1703       |    0    |    2    |
|          |        xor_ln52_19_fu_1721       |    0    |    2    |
|          |        xor_ln52_20_fu_1733       |    0    |    2    |
|          |        xor_ln52_21_fu_1849       |    0    |    2    |
|          |        xor_ln52_22_fu_1867       |    0    |    2    |
|          |        xor_ln52_23_fu_1879       |    0    |    2    |
|          |        xor_ln52_24_fu_1995       |    0    |    2    |
|          |        xor_ln52_25_fu_2013       |    0    |    2    |
|          |        xor_ln52_26_fu_2025       |    0    |    2    |
|          |        xor_ln52_27_fu_2141       |    0    |    2    |
|          |        xor_ln52_28_fu_2159       |    0    |    2    |
|          |        xor_ln52_29_fu_2171       |    0    |    2    |
|          |        xor_ln52_30_fu_2287       |    0    |    2    |
|          |        xor_ln52_31_fu_2305       |    0    |    2    |
|          |        xor_ln52_32_fu_2317       |    0    |    2    |
|          |        xor_ln52_33_fu_2433       |    0    |    2    |
|          |        xor_ln52_34_fu_2451       |    0    |    2    |
|          |        xor_ln52_35_fu_2463       |    0    |    2    |
|          |        xor_ln52_36_fu_2579       |    0    |    2    |
|          |        xor_ln52_37_fu_2597       |    0    |    2    |
|          |        xor_ln52_38_fu_2609       |    0    |    2    |
|          |        xor_ln52_39_fu_2725       |    0    |    2    |
|          |        xor_ln52_40_fu_2743       |    0    |    2    |
|          |        xor_ln52_41_fu_2755       |    0    |    2    |
|          |        xor_ln52_42_fu_2871       |    0    |    2    |
|          |        xor_ln52_43_fu_2889       |    0    |    2    |
|          |        xor_ln52_44_fu_2901       |    0    |    2    |
|          |        xor_ln52_45_fu_3017       |    0    |    2    |
|          |        xor_ln52_46_fu_3035       |    0    |    2    |
|    xor   |        xor_ln52_47_fu_3047       |    0    |    2    |
|          |        xor_ln52_48_fu_3163       |    0    |    2    |
|          |        xor_ln52_49_fu_3181       |    0    |    2    |
|          |        xor_ln52_50_fu_3193       |    0    |    2    |
|          |        xor_ln52_51_fu_3309       |    0    |    2    |
|          |        xor_ln52_52_fu_3327       |    0    |    2    |
|          |        xor_ln52_53_fu_3339       |    0    |    2    |
|          |        xor_ln52_54_fu_3455       |    0    |    2    |
|          |        xor_ln52_55_fu_3473       |    0    |    2    |
|          |        xor_ln52_56_fu_3485       |    0    |    2    |
|          |        xor_ln52_57_fu_3601       |    0    |    2    |
|          |        xor_ln52_58_fu_3619       |    0    |    2    |
|          |        xor_ln52_59_fu_3631       |    0    |    2    |
|          |        xor_ln52_60_fu_3747       |    0    |    2    |
|          |        xor_ln52_61_fu_3765       |    0    |    2    |
|          |        xor_ln52_62_fu_3777       |    0    |    2    |
|          |        xor_ln52_63_fu_3893       |    0    |    2    |
|          |        xor_ln52_64_fu_3911       |    0    |    2    |
|          |        xor_ln52_65_fu_3923       |    0    |    2    |
|          |        xor_ln52_66_fu_4039       |    0    |    2    |
|          |        xor_ln52_67_fu_4057       |    0    |    2    |
|          |        xor_ln52_68_fu_4069       |    0    |    2    |
|          |        xor_ln52_69_fu_4185       |    0    |    2    |
|          |        xor_ln52_70_fu_4203       |    0    |    2    |
|          |        xor_ln52_71_fu_4215       |    0    |    2    |
|          |        xor_ln52_72_fu_4331       |    0    |    2    |
|          |        xor_ln52_73_fu_4349       |    0    |    2    |
|          |        xor_ln52_74_fu_4361       |    0    |    2    |
|          |        xor_ln52_75_fu_4477       |    0    |    2    |
|          |        xor_ln52_76_fu_4495       |    0    |    2    |
|          |        xor_ln52_77_fu_4507       |    0    |    2    |
|          |        xor_ln52_78_fu_4623       |    0    |    2    |
|          |        xor_ln52_79_fu_4641       |    0    |    2    |
|          |        xor_ln52_80_fu_4653       |    0    |    2    |
|          |        xor_ln52_81_fu_4769       |    0    |    2    |
|          |        xor_ln52_82_fu_4787       |    0    |    2    |
|          |        xor_ln52_83_fu_4799       |    0    |    2    |
|          |        xor_ln52_84_fu_4915       |    0    |    2    |
|          |        xor_ln52_85_fu_4933       |    0    |    2    |
|          |        xor_ln52_86_fu_4945       |    0    |    2    |
|          |        xor_ln52_87_fu_5061       |    0    |    2    |
|          |        xor_ln52_88_fu_5079       |    0    |    2    |
|          |        xor_ln52_89_fu_5091       |    0    |    2    |
|          |        xor_ln52_90_fu_5207       |    0    |    2    |
|          |        xor_ln52_91_fu_5225       |    0    |    2    |
|          |        xor_ln52_92_fu_5237       |    0    |    2    |
|          |        xor_ln52_93_fu_5353       |    0    |    2    |
|          |        xor_ln52_94_fu_5371       |    0    |    2    |
|          |        xor_ln52_95_fu_5383       |    0    |    2    |
|----------|----------------------------------|---------|---------|
|          |         or_ln52_1_fu_833         |    0    |    2    |
|          |          or_ln52_fu_851          |    0    |    2    |
|          |         or_ln52_2_fu_877         |    0    |    2    |
|          |         or_ln52_3_fu_979         |    0    |    2    |
|          |         or_ln52_4_fu_997         |    0    |    2    |
|          |         or_ln52_5_fu_1023        |    0    |    2    |
|          |         or_ln52_6_fu_1125        |    0    |    2    |
|          |         or_ln52_7_fu_1143        |    0    |    2    |
|          |         or_ln52_8_fu_1169        |    0    |    2    |
|          |         or_ln52_9_fu_1271        |    0    |    2    |
|          |        or_ln52_10_fu_1289        |    0    |    2    |
|          |        or_ln52_11_fu_1315        |    0    |    2    |
|          |        or_ln52_12_fu_1417        |    0    |    2    |
|          |        or_ln52_13_fu_1435        |    0    |    2    |
|          |        or_ln52_14_fu_1461        |    0    |    2    |
|          |        or_ln52_15_fu_1563        |    0    |    2    |
|          |        or_ln52_16_fu_1581        |    0    |    2    |
|          |        or_ln52_17_fu_1607        |    0    |    2    |
|          |        or_ln52_18_fu_1709        |    0    |    2    |
|          |        or_ln52_19_fu_1727        |    0    |    2    |
|          |        or_ln52_20_fu_1753        |    0    |    2    |
|          |        or_ln52_21_fu_1855        |    0    |    2    |
|          |        or_ln52_22_fu_1873        |    0    |    2    |
|          |        or_ln52_23_fu_1899        |    0    |    2    |
|          |        or_ln52_24_fu_2001        |    0    |    2    |
|          |        or_ln52_25_fu_2019        |    0    |    2    |
|          |        or_ln52_26_fu_2045        |    0    |    2    |
|          |        or_ln52_27_fu_2147        |    0    |    2    |
|          |        or_ln52_28_fu_2165        |    0    |    2    |
|          |        or_ln52_29_fu_2191        |    0    |    2    |
|          |        or_ln52_30_fu_2293        |    0    |    2    |
|          |        or_ln52_31_fu_2311        |    0    |    2    |
|          |        or_ln52_32_fu_2337        |    0    |    2    |
|          |        or_ln52_33_fu_2439        |    0    |    2    |
|          |        or_ln52_34_fu_2457        |    0    |    2    |
|          |        or_ln52_35_fu_2483        |    0    |    2    |
|          |        or_ln52_36_fu_2585        |    0    |    2    |
|          |        or_ln52_37_fu_2603        |    0    |    2    |
|          |        or_ln52_38_fu_2629        |    0    |    2    |
|          |        or_ln52_39_fu_2731        |    0    |    2    |
|          |        or_ln52_40_fu_2749        |    0    |    2    |
|          |        or_ln52_41_fu_2775        |    0    |    2    |
|          |        or_ln52_42_fu_2877        |    0    |    2    |
|          |        or_ln52_43_fu_2895        |    0    |    2    |
|          |        or_ln52_44_fu_2921        |    0    |    2    |
|          |        or_ln52_45_fu_3023        |    0    |    2    |
|          |        or_ln52_46_fu_3041        |    0    |    2    |
|    or    |        or_ln52_47_fu_3067        |    0    |    2    |
|          |        or_ln52_48_fu_3169        |    0    |    2    |
|          |        or_ln52_49_fu_3187        |    0    |    2    |
|          |        or_ln52_50_fu_3213        |    0    |    2    |
|          |        or_ln52_51_fu_3315        |    0    |    2    |
|          |        or_ln52_52_fu_3333        |    0    |    2    |
|          |        or_ln52_53_fu_3359        |    0    |    2    |
|          |        or_ln52_54_fu_3461        |    0    |    2    |
|          |        or_ln52_55_fu_3479        |    0    |    2    |
|          |        or_ln52_56_fu_3505        |    0    |    2    |
|          |        or_ln52_57_fu_3607        |    0    |    2    |
|          |        or_ln52_58_fu_3625        |    0    |    2    |
|          |        or_ln52_59_fu_3651        |    0    |    2    |
|          |        or_ln52_60_fu_3753        |    0    |    2    |
|          |        or_ln52_61_fu_3771        |    0    |    2    |
|          |        or_ln52_62_fu_3797        |    0    |    2    |
|          |        or_ln52_63_fu_3899        |    0    |    2    |
|          |        or_ln52_64_fu_3917        |    0    |    2    |
|          |        or_ln52_65_fu_3943        |    0    |    2    |
|          |        or_ln52_66_fu_4045        |    0    |    2    |
|          |        or_ln52_67_fu_4063        |    0    |    2    |
|          |        or_ln52_68_fu_4089        |    0    |    2    |
|          |        or_ln52_69_fu_4191        |    0    |    2    |
|          |        or_ln52_70_fu_4209        |    0    |    2    |
|          |        or_ln52_71_fu_4235        |    0    |    2    |
|          |        or_ln52_72_fu_4337        |    0    |    2    |
|          |        or_ln52_73_fu_4355        |    0    |    2    |
|          |        or_ln52_74_fu_4381        |    0    |    2    |
|          |        or_ln52_75_fu_4483        |    0    |    2    |
|          |        or_ln52_76_fu_4501        |    0    |    2    |
|          |        or_ln52_77_fu_4527        |    0    |    2    |
|          |        or_ln52_78_fu_4629        |    0    |    2    |
|          |        or_ln52_79_fu_4647        |    0    |    2    |
|          |        or_ln52_80_fu_4673        |    0    |    2    |
|          |        or_ln52_81_fu_4775        |    0    |    2    |
|          |        or_ln52_82_fu_4793        |    0    |    2    |
|          |        or_ln52_83_fu_4819        |    0    |    2    |
|          |        or_ln52_84_fu_4921        |    0    |    2    |
|          |        or_ln52_85_fu_4939        |    0    |    2    |
|          |        or_ln52_86_fu_4965        |    0    |    2    |
|          |        or_ln52_87_fu_5067        |    0    |    2    |
|          |        or_ln52_88_fu_5085        |    0    |    2    |
|          |        or_ln52_89_fu_5111        |    0    |    2    |
|          |        or_ln52_90_fu_5213        |    0    |    2    |
|          |        or_ln52_91_fu_5231        |    0    |    2    |
|          |        or_ln52_92_fu_5257        |    0    |    2    |
|          |        or_ln52_93_fu_5359        |    0    |    2    |
|          |        or_ln52_94_fu_5377        |    0    |    2    |
|          |        or_ln52_95_fu_5403        |    0    |    2    |
|----------|----------------------------------|---------|---------|
|          |          and_ln52_fu_839         |    0    |    2    |
|          |         and_ln52_1_fu_863        |    0    |    2    |
|          |         and_ln52_2_fu_985        |    0    |    2    |
|          |        and_ln52_3_fu_1009        |    0    |    2    |
|          |        and_ln52_4_fu_1131        |    0    |    2    |
|          |        and_ln52_5_fu_1155        |    0    |    2    |
|          |        and_ln52_6_fu_1277        |    0    |    2    |
|          |        and_ln52_7_fu_1301        |    0    |    2    |
|          |        and_ln52_8_fu_1423        |    0    |    2    |
|          |        and_ln52_9_fu_1447        |    0    |    2    |
|          |        and_ln52_10_fu_1569       |    0    |    2    |
|          |        and_ln52_11_fu_1593       |    0    |    2    |
|          |        and_ln52_12_fu_1715       |    0    |    2    |
|          |        and_ln52_13_fu_1739       |    0    |    2    |
|          |        and_ln52_14_fu_1861       |    0    |    2    |
|          |        and_ln52_15_fu_1885       |    0    |    2    |
|          |        and_ln52_16_fu_2007       |    0    |    2    |
|          |        and_ln52_17_fu_2031       |    0    |    2    |
|          |        and_ln52_18_fu_2153       |    0    |    2    |
|          |        and_ln52_19_fu_2177       |    0    |    2    |
|          |        and_ln52_20_fu_2299       |    0    |    2    |
|          |        and_ln52_21_fu_2323       |    0    |    2    |
|          |        and_ln52_22_fu_2445       |    0    |    2    |
|          |        and_ln52_23_fu_2469       |    0    |    2    |
|          |        and_ln52_24_fu_2591       |    0    |    2    |
|          |        and_ln52_25_fu_2615       |    0    |    2    |
|          |        and_ln52_26_fu_2737       |    0    |    2    |
|          |        and_ln52_27_fu_2761       |    0    |    2    |
|          |        and_ln52_28_fu_2883       |    0    |    2    |
|          |        and_ln52_29_fu_2907       |    0    |    2    |
|          |        and_ln52_30_fu_3029       |    0    |    2    |
|    and   |        and_ln52_31_fu_3053       |    0    |    2    |
|          |        and_ln52_32_fu_3175       |    0    |    2    |
|          |        and_ln52_33_fu_3199       |    0    |    2    |
|          |        and_ln52_34_fu_3321       |    0    |    2    |
|          |        and_ln52_35_fu_3345       |    0    |    2    |
|          |        and_ln52_36_fu_3467       |    0    |    2    |
|          |        and_ln52_37_fu_3491       |    0    |    2    |
|          |        and_ln52_38_fu_3613       |    0    |    2    |
|          |        and_ln52_39_fu_3637       |    0    |    2    |
|          |        and_ln52_40_fu_3759       |    0    |    2    |
|          |        and_ln52_41_fu_3783       |    0    |    2    |
|          |        and_ln52_42_fu_3905       |    0    |    2    |
|          |        and_ln52_43_fu_3929       |    0    |    2    |
|          |        and_ln52_44_fu_4051       |    0    |    2    |
|          |        and_ln52_45_fu_4075       |    0    |    2    |
|          |        and_ln52_46_fu_4197       |    0    |    2    |
|          |        and_ln52_47_fu_4221       |    0    |    2    |
|          |        and_ln52_48_fu_4343       |    0    |    2    |
|          |        and_ln52_49_fu_4367       |    0    |    2    |
|          |        and_ln52_50_fu_4489       |    0    |    2    |
|          |        and_ln52_51_fu_4513       |    0    |    2    |
|          |        and_ln52_52_fu_4635       |    0    |    2    |
|          |        and_ln52_53_fu_4659       |    0    |    2    |
|          |        and_ln52_54_fu_4781       |    0    |    2    |
|          |        and_ln52_55_fu_4805       |    0    |    2    |
|          |        and_ln52_56_fu_4927       |    0    |    2    |
|          |        and_ln52_57_fu_4951       |    0    |    2    |
|          |        and_ln52_58_fu_5073       |    0    |    2    |
|          |        and_ln52_59_fu_5097       |    0    |    2    |
|          |        and_ln52_60_fu_5219       |    0    |    2    |
|          |        and_ln52_61_fu_5243       |    0    |    2    |
|          |        and_ln52_62_fu_5365       |    0    |    2    |
|          |        and_ln52_63_fu_5389       |    0    |    2    |
|----------|----------------------------------|---------|---------|
|   read   |    layer5_out_read_read_fu_426   |    0    |    0    |
|----------|----------------------------------|---------|---------|
|   write  |      write_ln57_write_fu_432     |    0    |    0    |
|----------|----------------------------------|---------|---------|
|   trunc  |         trunc_ln44_fu_439        |    0    |    0    |
|----------|----------------------------------|---------|---------|
|          |        trunc_ln44_s_fu_443       |    0    |    0    |
|          |        trunc_ln44_1_fu_453       |    0    |    0    |
|          |        trunc_ln44_2_fu_463       |    0    |    0    |
|          |        trunc_ln44_3_fu_473       |    0    |    0    |
|          |        trunc_ln44_4_fu_483       |    0    |    0    |
|          |        trunc_ln44_5_fu_493       |    0    |    0    |
|          |        trunc_ln44_6_fu_503       |    0    |    0    |
|          |        trunc_ln44_7_fu_513       |    0    |    0    |
|          |        trunc_ln44_8_fu_523       |    0    |    0    |
|          |        trunc_ln44_9_fu_533       |    0    |    0    |
|          |       trunc_ln44_10_fu_543       |    0    |    0    |
|          |       trunc_ln44_11_fu_553       |    0    |    0    |
|          |       trunc_ln44_12_fu_563       |    0    |    0    |
|          |       trunc_ln44_13_fu_573       |    0    |    0    |
|          |       trunc_ln44_14_fu_583       |    0    |    0    |
|          |       trunc_ln44_15_fu_593       |    0    |    0    |
|          |       trunc_ln44_16_fu_603       |    0    |    0    |
|          |       trunc_ln44_17_fu_613       |    0    |    0    |
|          |       trunc_ln44_18_fu_623       |    0    |    0    |
|          |       trunc_ln44_19_fu_633       |    0    |    0    |
|          |       trunc_ln44_20_fu_643       |    0    |    0    |
|          |       trunc_ln44_21_fu_653       |    0    |    0    |
|          |       trunc_ln44_22_fu_663       |    0    |    0    |
|          |       trunc_ln44_23_fu_673       |    0    |    0    |
|          |       trunc_ln44_24_fu_683       |    0    |    0    |
|          |       trunc_ln44_25_fu_693       |    0    |    0    |
|          |       trunc_ln44_26_fu_703       |    0    |    0    |
|          |       trunc_ln44_27_fu_713       |    0    |    0    |
|          |       trunc_ln44_28_fu_723       |    0    |    0    |
|          |       trunc_ln44_29_fu_733       |    0    |    0    |
|          |       trunc_ln44_30_fu_743       |    0    |    0    |
|          |         trunc_ln1_fu_767         |    0    |    0    |
|          |           tmp_4_fu_811           |    0    |    0    |
|          |        trunc_ln52_s_fu_913       |    0    |    0    |
|          |           tmp_9_fu_957           |    0    |    0    |
|          |       trunc_ln52_1_fu_1059       |    0    |    0    |
|          |           tmp_s_fu_1103          |    0    |    0    |
|          |       trunc_ln52_2_fu_1205       |    0    |    0    |
|          |          tmp_18_fu_1249          |    0    |    0    |
|          |       trunc_ln52_3_fu_1351       |    0    |    0    |
|          |          tmp_23_fu_1395          |    0    |    0    |
|          |       trunc_ln52_4_fu_1497       |    0    |    0    |
|          |          tmp_28_fu_1541          |    0    |    0    |
|          |       trunc_ln52_5_fu_1643       |    0    |    0    |
|          |          tmp_33_fu_1687          |    0    |    0    |
|          |       trunc_ln52_6_fu_1789       |    0    |    0    |
|          |          tmp_38_fu_1833          |    0    |    0    |
|partselect|       trunc_ln52_7_fu_1935       |    0    |    0    |
|          |          tmp_43_fu_1979          |    0    |    0    |
|          |       trunc_ln52_8_fu_2081       |    0    |    0    |
|          |          tmp_48_fu_2125          |    0    |    0    |
|          |       trunc_ln52_9_fu_2227       |    0    |    0    |
|          |          tmp_53_fu_2271          |    0    |    0    |
|          |       trunc_ln52_10_fu_2373      |    0    |    0    |
|          |          tmp_58_fu_2417          |    0    |    0    |
|          |       trunc_ln52_11_fu_2519      |    0    |    0    |
|          |          tmp_63_fu_2563          |    0    |    0    |
|          |       trunc_ln52_12_fu_2665      |    0    |    0    |
|          |          tmp_68_fu_2709          |    0    |    0    |
|          |       trunc_ln52_13_fu_2811      |    0    |    0    |
|          |          tmp_73_fu_2855          |    0    |    0    |
|          |       trunc_ln52_14_fu_2957      |    0    |    0    |
|          |          tmp_78_fu_3001          |    0    |    0    |
|          |       trunc_ln52_15_fu_3103      |    0    |    0    |
|          |          tmp_83_fu_3147          |    0    |    0    |
|          |       trunc_ln52_16_fu_3249      |    0    |    0    |
|          |          tmp_88_fu_3293          |    0    |    0    |
|          |       trunc_ln52_17_fu_3395      |    0    |    0    |
|          |          tmp_93_fu_3439          |    0    |    0    |
|          |       trunc_ln52_18_fu_3541      |    0    |    0    |
|          |          tmp_98_fu_3585          |    0    |    0    |
|          |       trunc_ln52_19_fu_3687      |    0    |    0    |
|          |          tmp_103_fu_3731         |    0    |    0    |
|          |       trunc_ln52_20_fu_3833      |    0    |    0    |
|          |          tmp_108_fu_3877         |    0    |    0    |
|          |       trunc_ln52_21_fu_3979      |    0    |    0    |
|          |          tmp_113_fu_4023         |    0    |    0    |
|          |       trunc_ln52_22_fu_4125      |    0    |    0    |
|          |          tmp_118_fu_4169         |    0    |    0    |
|          |       trunc_ln52_23_fu_4271      |    0    |    0    |
|          |          tmp_123_fu_4315         |    0    |    0    |
|          |       trunc_ln52_24_fu_4417      |    0    |    0    |
|          |          tmp_128_fu_4461         |    0    |    0    |
|          |       trunc_ln52_25_fu_4563      |    0    |    0    |
|          |          tmp_133_fu_4607         |    0    |    0    |
|          |       trunc_ln52_26_fu_4709      |    0    |    0    |
|          |          tmp_138_fu_4753         |    0    |    0    |
|          |       trunc_ln52_27_fu_4855      |    0    |    0    |
|          |          tmp_143_fu_4899         |    0    |    0    |
|          |       trunc_ln52_28_fu_5001      |    0    |    0    |
|          |          tmp_148_fu_5045         |    0    |    0    |
|          |       trunc_ln52_29_fu_5147      |    0    |    0    |
|          |          tmp_153_fu_5191         |    0    |    0    |
|          |       trunc_ln52_30_fu_5293      |    0    |    0    |
|          |          tmp_158_fu_5337         |    0    |    0    |
|----------|----------------------------------|---------|---------|
|          |            tmp_fu_759            |    0    |    0    |
|          |           tmp_1_fu_777           |    0    |    0    |
|          |           tmp_2_fu_785           |    0    |    0    |
|          |           tmp_3_fu_803           |    0    |    0    |
|          |           tmp_5_fu_905           |    0    |    0    |
|          |           tmp_6_fu_923           |    0    |    0    |
|          |           tmp_7_fu_931           |    0    |    0    |
|          |           tmp_8_fu_949           |    0    |    0    |
|          |          tmp_10_fu_1051          |    0    |    0    |
|          |          tmp_11_fu_1069          |    0    |    0    |
|          |          tmp_12_fu_1077          |    0    |    0    |
|          |          tmp_13_fu_1095          |    0    |    0    |
|          |          tmp_14_fu_1197          |    0    |    0    |
|          |          tmp_15_fu_1215          |    0    |    0    |
|          |          tmp_16_fu_1223          |    0    |    0    |
|          |          tmp_17_fu_1241          |    0    |    0    |
|          |          tmp_19_fu_1343          |    0    |    0    |
|          |          tmp_20_fu_1361          |    0    |    0    |
|          |          tmp_21_fu_1369          |    0    |    0    |
|          |          tmp_22_fu_1387          |    0    |    0    |
|          |          tmp_24_fu_1489          |    0    |    0    |
|          |          tmp_25_fu_1507          |    0    |    0    |
|          |          tmp_26_fu_1515          |    0    |    0    |
|          |          tmp_27_fu_1533          |    0    |    0    |
|          |          tmp_29_fu_1635          |    0    |    0    |
|          |          tmp_30_fu_1653          |    0    |    0    |
|          |          tmp_31_fu_1661          |    0    |    0    |
|          |          tmp_32_fu_1679          |    0    |    0    |
|          |          tmp_34_fu_1781          |    0    |    0    |
|          |          tmp_35_fu_1799          |    0    |    0    |
|          |          tmp_36_fu_1807          |    0    |    0    |
|          |          tmp_37_fu_1825          |    0    |    0    |
|          |          tmp_39_fu_1927          |    0    |    0    |
|          |          tmp_40_fu_1945          |    0    |    0    |
|          |          tmp_41_fu_1953          |    0    |    0    |
|          |          tmp_42_fu_1971          |    0    |    0    |
|          |          tmp_44_fu_2073          |    0    |    0    |
|          |          tmp_45_fu_2091          |    0    |    0    |
|          |          tmp_46_fu_2099          |    0    |    0    |
|          |          tmp_47_fu_2117          |    0    |    0    |
|          |          tmp_49_fu_2219          |    0    |    0    |
|          |          tmp_50_fu_2237          |    0    |    0    |
|          |          tmp_51_fu_2245          |    0    |    0    |
|          |          tmp_52_fu_2263          |    0    |    0    |
|          |          tmp_54_fu_2365          |    0    |    0    |
|          |          tmp_55_fu_2383          |    0    |    0    |
|          |          tmp_56_fu_2391          |    0    |    0    |
|          |          tmp_57_fu_2409          |    0    |    0    |
|          |          tmp_59_fu_2511          |    0    |    0    |
|          |          tmp_60_fu_2529          |    0    |    0    |
|          |          tmp_61_fu_2537          |    0    |    0    |
|          |          tmp_62_fu_2555          |    0    |    0    |
|          |          tmp_64_fu_2657          |    0    |    0    |
|          |          tmp_65_fu_2675          |    0    |    0    |
|          |          tmp_66_fu_2683          |    0    |    0    |
|          |          tmp_67_fu_2701          |    0    |    0    |
|          |          tmp_69_fu_2803          |    0    |    0    |
|          |          tmp_70_fu_2821          |    0    |    0    |
|          |          tmp_71_fu_2829          |    0    |    0    |
|          |          tmp_72_fu_2847          |    0    |    0    |
|          |          tmp_74_fu_2949          |    0    |    0    |
|          |          tmp_75_fu_2967          |    0    |    0    |
|          |          tmp_76_fu_2975          |    0    |    0    |
| bitselect|          tmp_77_fu_2993          |    0    |    0    |
|          |          tmp_79_fu_3095          |    0    |    0    |
|          |          tmp_80_fu_3113          |    0    |    0    |
|          |          tmp_81_fu_3121          |    0    |    0    |
|          |          tmp_82_fu_3139          |    0    |    0    |
|          |          tmp_84_fu_3241          |    0    |    0    |
|          |          tmp_85_fu_3259          |    0    |    0    |
|          |          tmp_86_fu_3267          |    0    |    0    |
|          |          tmp_87_fu_3285          |    0    |    0    |
|          |          tmp_89_fu_3387          |    0    |    0    |
|          |          tmp_90_fu_3405          |    0    |    0    |
|          |          tmp_91_fu_3413          |    0    |    0    |
|          |          tmp_92_fu_3431          |    0    |    0    |
|          |          tmp_94_fu_3533          |    0    |    0    |
|          |          tmp_95_fu_3551          |    0    |    0    |
|          |          tmp_96_fu_3559          |    0    |    0    |
|          |          tmp_97_fu_3577          |    0    |    0    |
|          |          tmp_99_fu_3679          |    0    |    0    |
|          |          tmp_100_fu_3697         |    0    |    0    |
|          |          tmp_101_fu_3705         |    0    |    0    |
|          |          tmp_102_fu_3723         |    0    |    0    |
|          |          tmp_104_fu_3825         |    0    |    0    |
|          |          tmp_105_fu_3843         |    0    |    0    |
|          |          tmp_106_fu_3851         |    0    |    0    |
|          |          tmp_107_fu_3869         |    0    |    0    |
|          |          tmp_109_fu_3971         |    0    |    0    |
|          |          tmp_110_fu_3989         |    0    |    0    |
|          |          tmp_111_fu_3997         |    0    |    0    |
|          |          tmp_112_fu_4015         |    0    |    0    |
|          |          tmp_114_fu_4117         |    0    |    0    |
|          |          tmp_115_fu_4135         |    0    |    0    |
|          |          tmp_116_fu_4143         |    0    |    0    |
|          |          tmp_117_fu_4161         |    0    |    0    |
|          |          tmp_119_fu_4263         |    0    |    0    |
|          |          tmp_120_fu_4281         |    0    |    0    |
|          |          tmp_121_fu_4289         |    0    |    0    |
|          |          tmp_122_fu_4307         |    0    |    0    |
|          |          tmp_124_fu_4409         |    0    |    0    |
|          |          tmp_125_fu_4427         |    0    |    0    |
|          |          tmp_126_fu_4435         |    0    |    0    |
|          |          tmp_127_fu_4453         |    0    |    0    |
|          |          tmp_129_fu_4555         |    0    |    0    |
|          |          tmp_130_fu_4573         |    0    |    0    |
|          |          tmp_131_fu_4581         |    0    |    0    |
|          |          tmp_132_fu_4599         |    0    |    0    |
|          |          tmp_134_fu_4701         |    0    |    0    |
|          |          tmp_135_fu_4719         |    0    |    0    |
|          |          tmp_136_fu_4727         |    0    |    0    |
|          |          tmp_137_fu_4745         |    0    |    0    |
|          |          tmp_139_fu_4847         |    0    |    0    |
|          |          tmp_140_fu_4865         |    0    |    0    |
|          |          tmp_141_fu_4873         |    0    |    0    |
|          |          tmp_142_fu_4891         |    0    |    0    |
|          |          tmp_144_fu_4993         |    0    |    0    |
|          |          tmp_145_fu_5011         |    0    |    0    |
|          |          tmp_146_fu_5019         |    0    |    0    |
|          |          tmp_147_fu_5037         |    0    |    0    |
|          |          tmp_149_fu_5139         |    0    |    0    |
|          |          tmp_150_fu_5157         |    0    |    0    |
|          |          tmp_151_fu_5165         |    0    |    0    |
|          |          tmp_152_fu_5183         |    0    |    0    |
|          |          tmp_154_fu_5285         |    0    |    0    |
|          |          tmp_155_fu_5303         |    0    |    0    |
|          |          tmp_156_fu_5311         |    0    |    0    |
|          |          tmp_157_fu_5329         |    0    |    0    |
|----------|----------------------------------|---------|---------|
|          |         zext_ln52_fu_793         |    0    |    0    |
|          |        zext_ln52_1_fu_939        |    0    |    0    |
|          |        zext_ln52_2_fu_1085       |    0    |    0    |
|          |        zext_ln52_3_fu_1231       |    0    |    0    |
|          |        zext_ln52_4_fu_1377       |    0    |    0    |
|          |        zext_ln52_5_fu_1523       |    0    |    0    |
|          |        zext_ln52_6_fu_1669       |    0    |    0    |
|          |        zext_ln52_7_fu_1815       |    0    |    0    |
|          |        zext_ln52_8_fu_1961       |    0    |    0    |
|          |        zext_ln52_9_fu_2107       |    0    |    0    |
|          |       zext_ln52_10_fu_2253       |    0    |    0    |
|          |       zext_ln52_11_fu_2399       |    0    |    0    |
|          |       zext_ln52_12_fu_2545       |    0    |    0    |
|          |       zext_ln52_13_fu_2691       |    0    |    0    |
|          |       zext_ln52_14_fu_2837       |    0    |    0    |
|   zext   |       zext_ln52_15_fu_2983       |    0    |    0    |
|          |       zext_ln52_16_fu_3129       |    0    |    0    |
|          |       zext_ln52_17_fu_3275       |    0    |    0    |
|          |       zext_ln52_18_fu_3421       |    0    |    0    |
|          |       zext_ln52_19_fu_3567       |    0    |    0    |
|          |       zext_ln52_20_fu_3713       |    0    |    0    |
|          |       zext_ln52_21_fu_3859       |    0    |    0    |
|          |       zext_ln52_22_fu_4005       |    0    |    0    |
|          |       zext_ln52_23_fu_4151       |    0    |    0    |
|          |       zext_ln52_24_fu_4297       |    0    |    0    |
|          |       zext_ln52_25_fu_4443       |    0    |    0    |
|          |       zext_ln52_26_fu_4589       |    0    |    0    |
|          |       zext_ln52_27_fu_4735       |    0    |    0    |
|          |       zext_ln52_28_fu_4881       |    0    |    0    |
|          |       zext_ln52_29_fu_5027       |    0    |    0    |
|          |       zext_ln52_30_fu_5173       |    0    |    0    |
|          |       zext_ln52_31_fu_5319       |    0    |    0    |
|----------|----------------------------------|---------|---------|
|bitconcatenate|            p_s_fu_5425           |    0    |    0    |
|----------|----------------------------------|---------|---------|
|   Total  |                                  |    0    |   2752  |
|----------|----------------------------------|---------|---------|

Memories:
N/A

* Register list:
N/A

* Multiplexer (MUX) list: 
|--------|------|------|------|--------|
|  Comp  |  Pin | Size |  BW  | S x BW |
|--------|------|------|------|--------|
|  Total |      |      |      |    0   |
|--------|------|------|------|--------|



* Summary:
+-----------+--------+--------+
|           |   FF   |   LUT  |
+-----------+--------+--------+
|  Function |    0   |  2752  |
|   Memory  |    -   |    -   |
|Multiplexer|    -   |    -   |
|  Register |    -   |    -   |
+-----------+--------+--------+
|   Total   |    0   |  2752  |
+-----------+--------+--------+
