

================================================================
== Synthesis Summary Report of 'wedrowiec_hls_axi'
================================================================
+ General Information: 
    * Date:           Fri May 15 14:04:35 2026
    * Version:        2024.2 (Build 5238294 on Nov  8 2024)
    * Project:        wedrowiec_hls_prj
    * Solution:       solution1 (Vivado IP Flow Target)
    * Product family: zynq
    * Target device:  xc7z020-clg400-1
    

+ Performance & Resource Estimates: 
    
    PS: '+' for module; 'o' for loop; '*' for dataflow
    +------------------------------------------------------------------------------+------+-------+---------+-----------+----------+---------+------+----------+---------+---------+-------------+-------------+-----+
    |                                    Modules                                   | Issue|       | Latency |  Latency  | Iteration|         | Trip |          |         |         |             |             |     |
    |                                    & Loops                                   | Type | Slack | (cycles)|    (ns)   |  Latency | Interval| Count| Pipelined|  BRAM   |   DSP   |      FF     |     LUT     | URAM|
    +------------------------------------------------------------------------------+------+-------+---------+-----------+----------+---------+------+----------+---------+---------+-------------+-------------+-----+
    |+ wedrowiec_hls_axi                                                           |     -|   0.01|     2152|  4.304e+04|         -|     2153|     -|        no|   7 (2%)|   4 (1%)|  12012 (11%)|  29334 (55%)|    -|
    | + wedrowiec_hls_axi_Pipeline_VITIS_LOOP_16_1                                 |     -|   0.01|       73|  1.460e+03|         -|       73|     -|        no|        -|        -|    388 (~0%)|  10426 (19%)|    -|
    |  o VITIS_LOOP_16_1                                                           |    II|  17.50|       71|  1.420e+03|        11|        8|     8|       yes|        -|        -|            -|            -|    -|
    | + wedrowiec_hls*                                                             |     -|   0.55|     2063|  4.126e+04|         -|     2064|     -|  dataflow|   7 (2%)|   4 (1%)|  11241 (10%)|  17797 (33%)|    -|
    |  + dense_array_ap_ufixed_8u_array_ap_fixed_25_12_5_3_0_32u_config3_s         |     -|   0.65|     2063|  4.126e+04|         -|     2063|     -|        no|  2 (~0%)|  1 (~0%)|    4014 (3%)|    3410 (6%)|    -|
    |   + dense_array_array_ap_fixed_25_12_5_3_0_32u_config3_Pipeline_DataPrepare  |     -|  12.59|       10|    200.000|         -|       10|     -|        no|        -|        -|    522 (~0%)|     75 (~0%)|    -|
    |    o DataPrepare                                                             |     -|  17.50|        8|    160.000|         2|        1|     8|       yes|        -|        -|            -|            -|    -|
    |   + dense_resource_rf_gt_nin_rem0_ap_ufixed_ap_fixed_25_12_5_3_0_config3_s   |    II|   0.65|     2049|  4.098e+04|         -|     2048|     -|    rewind|  2 (~0%)|  1 (~0%)|    2683 (2%)|    3275 (6%)|    -|
    |    o ReuseLoop                                                               |     -|  17.50|     2048|  4.096e+04|         2|        1|  2048|       yes|        -|        -|            -|            -|    -|
    |  + relu_array_ap_fixed_32u_array_ap_fixed_10_4_0_0_0_32u_relu_config4_s      |     -|   6.36|        0|      0.000|         -|        0|     -|        no|        -|        -|      3 (~0%)|    3462 (6%)|    -|
    |  + dense_array_ap_fixed_32u_array_ap_fixed_26_14_5_3_0_32u_config5_s         |     -|   0.55|     1027|  2.054e+04|         -|     1027|     -|        no|  2 (~0%)|  1 (~0%)|    3519 (3%)|    2630 (4%)|    -|
    |   + dense_resource_rf_gt_nin_rem0_ap_fixed_ap_fixed_26_14_5_3_0_config5_s    |    II|   0.55|     1025|  2.050e+04|         -|     1024|     -|    rewind|  2 (~0%)|  1 (~0%)|    2361 (2%)|    2572 (4%)|    -|
    |    o ReuseLoop                                                               |     -|  17.50|     1024|  2.048e+04|         2|        1|  1024|       yes|        -|        -|            -|            -|    -|
    |  + relu_array_ap_fixed_32u_array_ap_fixed_10_4_0_0_0_32u_relu_config6_s      |     -|   6.54|        0|      0.000|         -|        0|     -|        no|        -|        -|      3 (~0%)|    3430 (6%)|    -|
    |  + dense_array_ap_fixed_32u_array_ap_fixed_26_14_5_3_0_16u_config7_s         |     -|   0.60|      515|  1.030e+04|         -|      515|     -|        no|  2 (~0%)|  1 (~0%)|    2269 (2%)|    1819 (3%)|    -|
    |   + dense_resource_rf_gt_nin_rem0_ap_fixed_ap_fixed_26_14_5_3_0_config7_s    |    II|   0.60|      513|  1.026e+04|         -|      512|     -|    rewind|  2 (~0%)|  1 (~0%)|    1527 (1%)|    1761 (3%)|    -|
    |    o ReuseLoop                                                               |     -|  17.50|      512|  1.024e+04|         2|        1|   512|       yes|        -|        -|            -|            -|    -|
    |  + relu_array_ap_fixed_16u_array_ap_fixed_10_4_0_0_0_16u_relu_config8_s      |     -|   6.54|        0|      0.000|         -|        0|     -|        no|        -|        -|      3 (~0%)|    1734 (3%)|    -|
    |  + dense_array_ap_fixed_16u_array_ap_fixed_25_13_5_3_0_4u_config9_s          |     -|   3.14|       67|  1.340e+03|         -|       67|     -|        no|  1 (~0%)|  1 (~0%)|    836 (~0%)|     902 (1%)|    -|
    |   + dense_resource_rf_gt_nin_rem0_ap_fixed_ap_fixed_25_13_5_3_0_config9_s    |    II|   3.14|       65|  1.300e+03|         -|       64|     -|    rewind|  1 (~0%)|  1 (~0%)|    571 (~0%)|     853 (1%)|    -|
    |    o ReuseLoop                                                               |     -|  17.50|       64|  1.280e+03|         2|        1|    64|       yes|        -|        -|            -|            -|    -|
    | + wedrowiec_hls_axi_Pipeline_VITIS_LOOP_31_4                                 |     -|   0.55|        7|    140.000|         -|        7|     -|        no|        -|        -|     37 (~0%)|     783 (1%)|    -|
    |  o VITIS_LOOP_31_4                                                           |     -|  17.50|        5|    100.000|         3|        1|     4|       yes|        -|        -|            -|            -|    -|
    +------------------------------------------------------------------------------+------+-------+---------+-----------+----------+---------+------+----------+---------+---------+-------------+-------------+-----+


================================================================
== HW Interfaces
================================================================
* AXIS
+-----------+-----------+---------------+-------+-------+--------+--------+
| Interface | Direction | Register Mode | TDATA | TLAST | TREADY | TVALID |
+-----------+-----------+---------------+-------+-------+--------+--------+
| in_r      | in        | both          | 32    | 1     | 1      | 1      |
| out_r     | out       | both          | 32    | 1     | 1      | 1      |
+-----------+-----------+---------------+-------+-------+--------+--------+

* TOP LEVEL CONTROL
+-----------+--------------+----------+
| Interface | Type         | Ports    |
+-----------+--------------+----------+
| ap_clk    | clock        | ap_clk   |
| ap_rst_n  | reset        | ap_rst_n |
| ap_ctrl   | ap_ctrl_none |          |
+-----------+--------------+----------+


================================================================
== SW I/O Information
================================================================
* Top Function Arguments
+----------+-----------+-----------------------------------------------------+
| Argument | Direction | Datatype                                            |
+----------+-----------+-----------------------------------------------------+
| in       | in        | stream<hls::axis<float, 0, 0, 0, '\x11', true>, 0>& |
| out      | out       | stream<hls::axis<float, 0, 0, 0, '\x11', true>, 0>& |
+----------+-----------+-----------------------------------------------------+

* SW-to-HW Mapping
+----------+--------------+-----------+
| Argument | HW Interface | HW Type   |
+----------+--------------+-----------+
| in       | in_r         | interface |
| out      | out_r        | interface |
+----------+--------------+-----------+


================================================================
== Bind Op Report
================================================================
+------------------------------------------------------------------------------+-----+--------+--------------------------+-----------+--------------------------+---------+
| Name                                                                         | DSP | Pragma | Variable                 | Op        | Impl                     | Latency |
+------------------------------------------------------------------------------+-----+--------+--------------------------+-----------+--------------------------+---------+
| + wedrowiec_hls_axi                                                          | 4   |        |                          |           |                          |         |
|  + wedrowiec_hls_axi_Pipeline_VITIS_LOOP_16_1                                | 0   |        |                          |           |                          |         |
|    icmp_ln16_fu_186_p2                                                       |     |        | icmp_ln16                | seteq     | auto                     | 0       |
|    i_2_fu_192_p2                                                             |     |        | i_2                      | add       | fabric                   | 0       |
|    fpext_32ns_64_2_no_dsp_1_U1                                               |     |        | pf                       | fpext     | auto                     | 1       |
|    sub_ln21_fu_252_p2                                                        |     |        | sub_ln21                 | sub       | fabric                   | 0       |
|    select_ln21_fu_258_p3                                                     |     |        | select_ln21              | select    | auto_sel                 | 0       |
|    icmp_ln21_fu_266_p2                                                       |     |        | icmp_ln21                | seteq     | auto                     | 0       |
|    sub_ln21_1_fu_272_p2                                                      |     |        | sub_ln21_1               | sub       | fabric                   | 0       |
|    icmp_ln21_1_fu_292_p2                                                     |     |        | icmp_ln21_1              | setgt     | auto                     | 0       |
|    add_ln21_fu_298_p2                                                        |     |        | add_ln21                 | add       | fabric                   | 0       |
|    sub_ln21_2_fu_308_p2                                                      |     |        | sub_ln21_2               | sub       | fabric                   | 0       |
|    select_ln21_1_fu_314_p3                                                   |     |        | select_ln21_1            | select    | auto_sel                 | 0       |
|    icmp_ln21_2_fu_322_p2                                                     |     |        | icmp_ln21_2              | seteq     | auto                     | 0       |
|    icmp_ln21_3_fu_332_p2                                                     |     |        | icmp_ln21_3              | setlt     | auto                     | 0       |
|    select_ln21_48_fu_338_p3                                                  |     |        | select_ln21_48           | select    | auto_sel                 | 0       |
|    ashr_ln21_fu_350_p2                                                       |     |        | ashr_ln21                | ashr      | auto_pipe                | 0       |
|    select_ln21_2_fu_360_p3                                                   |     |        | select_ln21_2            | select    | auto_sel                 | 0       |
|    icmp_ln21_4_fu_368_p2                                                     |     |        | icmp_ln21_4              | setgt     | auto                     | 0       |
|    icmp_ln21_5_fu_384_p2                                                     |     |        | icmp_ln21_5              | seteq     | auto                     | 0       |
|    shl_ln21_fu_394_p2                                                        |     |        | shl_ln21                 | shl       | auto_pipe                | 0       |
|    select_ln21_3_fu_400_p3                                                   |     |        | select_ln21_3            | select    | auto_sel                 | 0       |
|    add_ln21_1_fu_408_p2                                                      |     |        | add_ln21_1               | add       | fabric                   | 0       |
|    bitselect_1ns_54ns_32ns_1_1_1_U2                                          |     |        | tmp_7                    | bitselect | auto                     | 0       |
|    cond64_i_fu_426_p3                                                        |     |        | cond64_i                 | select    | auto_sel                 | 0       |
|    add_ln21_2_fu_446_p2                                                      |     |        | add_ln21_2               | add       | fabric                   | 0       |
|    xor_ln21_fu_460_p2                                                        |     |        | xor_ln21                 | xor       | auto                     | 0       |
|    xor_ln21_2_fu_466_p2                                                      |     |        | xor_ln21_2               | xor       | auto                     | 0       |
|    and_ln21_40_fu_472_p2                                                     |     |        | and_ln21_40              | and       | auto                     | 0       |
|    sparsemux_7_2_8_1_1_U4                                                    |     |        | ref_tmp_i_i              | sparsemux | onehotencoding_realdef   | 0       |
|    and_ln21_41_fu_478_p2                                                     |     |        | and_ln21_41              | and       | auto                     | 0       |
|    carry_1_i_fu_484_p2                                                       |     |        | carry_1_i                | and       | auto                     | 0       |
|    add_ln21_3_fu_490_p2                                                      |     |        | add_ln21_3               | add       | fabric                   | 0       |
|    add_ln21_4_fu_500_p2                                                      |     |        | add_ln21_4               | add       | fabric                   | 0       |
|    icmp_ln21_6_fu_506_p2                                                     |     |        | icmp_ln21_6              | setlt     | auto                     | 0       |
|    xor_ln21_64_fu_660_p2                                                     |     |        | xor_ln21_64              | xor       | auto                     | 0       |
|    icmp_ln21_7_fu_520_p2                                                     |     |        | icmp_ln21_7              | setlt     | auto                     | 0       |
|    bitselect_1ns_54ns_32s_1_1_1_U3                                           |     |        | tobool134_i              | bitselect | auto                     | 0       |
|    lD_0_i_fu_534_p2                                                          |     |        | lD_0_i                   | and       | auto                     | 0       |
|    icmp_ln21_8_fu_540_p2                                                     |     |        | icmp_ln21_8              | setlt     | auto                     | 0       |
|    icmp_ln21_9_fu_546_p2                                                     |     |        | icmp_ln21_9              | setlt     | auto                     | 0       |
|    neg_src_0_i_fu_792_p2                                                     |     |        | and_ln21                 | and       | auto                     | 0       |
|    lshr_ln21_fu_560_p2                                                       |     |        | lshr_ln21                | lshr      | auto_pipe                | 0       |
|    lshr_ln21_1_fu_566_p2                                                     |     |        | lshr_ln21_1              | lshr      | auto_pipe                | 0       |
|    icmp_ln21_10_fu_572_p2                                                    |     |        | icmp_ln21_10             | seteq     | auto                     | 0       |
|    xor_ln21_65_fu_586_p2                                                     |     |        | xor_ln21_65              | xor       | auto                     | 0       |
|    Range2_all_ones_1_i_fu_592_p3                                             |     |        | Range2_all_ones_1_i      | select    | auto_sel                 | 0       |
|    and_ln21_1_fu_670_p2                                                      |     |        | and_ln21_1               | and       | auto                     | 0       |
|    and_ln21_2_fu_600_p2                                                      |     |        | and_ln21_2               | and       | auto                     | 0       |
|    xor_ln21_1_fu_675_p2                                                      |     |        | xor_ln21_1               | xor       | auto                     | 0       |
|    icmp_ln21_11_fu_606_p2                                                    |     |        | icmp_ln21_11             | seteq     | auto                     | 0       |
|    Range1_all_zeros_2_i_fu_731_p2                                            |     |        | and_ln21_3               | and       | auto                     | 0       |
|    icmp_ln21_12_fu_612_p2                                                    |     |        | icmp_ln21_12             | seteq     | auto                     | 0       |
|    icmp_ln21_13_fu_618_p2                                                    |     |        | icmp_ln21_13             | seteq     | auto                     | 0       |
|    Range1_all_zeros_2_i_fu_731_p6                                            |     |        | or_ln21                  | or        | auto                     | 0       |
|    xor_ln21_66_fu_690_p2                                                     |     |        | xor_ln21_66              | xor       | auto                     | 0       |
|    or_ln21_32_fu_695_p2                                                      |     |        | or_ln21_32               | or        | auto                     | 0       |
|    and_ln21_42_fu_700_p2                                                     |     |        | and_ln21_42              | and       | auto                     | 0       |
|    sparsemux_7_2_1_1_1_U5                                                    |     |        | Range1_all_ones_2_i      | sparsemux | onehotencoding_realdef   | 0       |
|    sparsemux_7_2_1_1_1_U6                                                    |     |        | Range1_all_zeros_2_i     | sparsemux | onehotencoding_realdef   | 0       |
|    select_ln21_4_fu_751_p3                                                   |     |        | select_ln21_4            | select    | auto_sel                 | 0       |
|    and_ln21_4_fu_758_p2                                                      |     |        | and_ln21_4               | and       | auto                     | 0       |
|    xor_ln21_3_fu_763_p2                                                      |     |        | xor_ln21_3               | xor       | auto                     | 0       |
|    xor_ln21_10_fu_769_p2                                                     |     |        | xor_ln21_10              | xor       | auto                     | 0       |
|    and_ln21_43_fu_774_p2                                                     |     |        | and_ln21_43              | and       | auto                     | 0       |
|    and_ln21_44_fu_778_p2                                                     |     |        | and_ln21_44              | and       | auto                     | 0       |
|    sparsemux_7_2_1_1_1_U7                                                    |     |        | neg_src_0_i              | sparsemux | onehotencoding_realdef   | 0       |
|    xor_ln21_14_fu_812_p2                                                     |     |        | xor_ln21_14              | xor       | auto                     | 0       |
|    and_ln21_45_fu_818_p2                                                     |     |        | and_ln21_45              | and       | auto                     | 0       |
|    xor_ln21_18_fu_824_p2                                                     |     |        | xor_ln21_18              | xor       | auto                     | 0       |
|    and_ln21_46_fu_829_p2                                                     |     |        | and_ln21_46              | and       | auto                     | 0       |
|    and_ln21_47_fu_835_p2                                                     |     |        | and_ln21_47              | and       | auto                     | 0       |
|    sparsemux_7_2_1_1_1_U8                                                    |     |        | neg_src_0_i1             | sparsemux | onehotencoding_realdef   | 0       |
|    or_ln21_16_fu_868_p2                                                      |     |        | or_ln21_16               | or        | auto                     | 0       |
|    or_ln21_17_fu_874_p2                                                      |     |        | or_ln21_17               | or        | auto                     | 0       |
|    not_sel_tmp36_fu_879_p2                                                   |     |        | not_sel_tmp36            | xor       | auto                     | 0       |
|    or_ln21_1_fu_885_p2                                                       |     |        | or_ln21_1                | or        | auto                     | 0       |
|    select_ln21_49_fu_891_p3                                                  |     |        | select_ln21_49           | select    | auto_sel                 | 0       |
|    select_ln21_5_fu_899_p3                                                   |     |        | select_ln21_5            | select    | auto_sel                 | 0       |
|    ctype_fu_907_p3                                                           |     |        | ctype                    | select    | auto_sel                 | 0       |
|    fpext_32ns_64_2_no_dsp_1_U1                                               |     |        | pf_1                     | fpext     | auto                     | 1       |
|    sub_ln21_3_fu_958_p2                                                      |     |        | sub_ln21_3               | sub       | fabric                   | 0       |
|    select_ln21_6_fu_964_p3                                                   |     |        | select_ln21_6            | select    | auto_sel                 | 0       |
|    icmp_ln21_14_fu_972_p2                                                    |     |        | icmp_ln21_14             | seteq     | auto                     | 0       |
|    sub_ln21_4_fu_978_p2                                                      |     |        | sub_ln21_4               | sub       | fabric                   | 0       |
|    icmp_ln21_15_fu_998_p2                                                    |     |        | icmp_ln21_15             | setgt     | auto                     | 0       |
|    add_ln21_5_fu_1004_p2                                                     |     |        | add_ln21_5               | add       | fabric                   | 0       |
|    sub_ln21_5_fu_1014_p2                                                     |     |        | sub_ln21_5               | sub       | fabric                   | 0       |
|    select_ln21_7_fu_1020_p3                                                  |     |        | select_ln21_7            | select    | auto_sel                 | 0       |
|    icmp_ln21_16_fu_1028_p2                                                   |     |        | icmp_ln21_16             | seteq     | auto                     | 0       |
|    icmp_ln21_17_fu_1038_p2                                                   |     |        | icmp_ln21_17             | setlt     | auto                     | 0       |
|    select_ln21_50_fu_1044_p3                                                 |     |        | select_ln21_50           | select    | auto_sel                 | 0       |
|    ashr_ln21_1_fu_1056_p2                                                    |     |        | ashr_ln21_1              | ashr      | auto_pipe                | 0       |
|    select_ln21_8_fu_1066_p3                                                  |     |        | select_ln21_8            | select    | auto_sel                 | 0       |
|    icmp_ln21_18_fu_1074_p2                                                   |     |        | icmp_ln21_18             | setgt     | auto                     | 0       |
|    icmp_ln21_19_fu_1090_p2                                                   |     |        | icmp_ln21_19             | seteq     | auto                     | 0       |
|    shl_ln21_1_fu_1100_p2                                                     |     |        | shl_ln21_1               | shl       | auto_pipe                | 0       |
|    select_ln21_9_fu_1106_p3                                                  |     |        | select_ln21_9            | select    | auto_sel                 | 0       |
|    add_ln21_6_fu_1114_p2                                                     |     |        | add_ln21_6               | add       | fabric                   | 0       |
|    bitselect_1ns_54ns_32ns_1_1_1_U9                                          |     |        | tmp_17                   | bitselect | auto                     | 0       |
|    cond64_i_1_fu_1132_p3                                                     |     |        | cond64_i_1               | select    | auto_sel                 | 0       |
|    add_ln21_7_fu_1152_p2                                                     |     |        | add_ln21_7               | add       | fabric                   | 0       |
|    xor_ln21_4_fu_1166_p2                                                     |     |        | xor_ln21_4               | xor       | auto                     | 0       |
|    xor_ln21_22_fu_1172_p2                                                    |     |        | xor_ln21_22              | xor       | auto                     | 0       |
|    and_ln21_48_fu_1178_p2                                                    |     |        | and_ln21_48              | and       | auto                     | 0       |
|    sparsemux_7_2_8_1_1_U11                                                   |     |        | ref_tmp_i_i_0_1          | sparsemux | onehotencoding_realdef   | 0       |
|    and_ln21_49_fu_1184_p2                                                    |     |        | and_ln21_49              | and       | auto                     | 0       |
|    carry_1_i_1_fu_1190_p2                                                    |     |        | carry_1_i_1              | and       | auto                     | 0       |
|    add_ln21_8_fu_1196_p2                                                     |     |        | add_ln21_8               | add       | fabric                   | 0       |
|    add_ln21_9_fu_1206_p2                                                     |     |        | add_ln21_9               | add       | fabric                   | 0       |
|    icmp_ln21_20_fu_1212_p2                                                   |     |        | icmp_ln21_20             | setlt     | auto                     | 0       |
|    xor_ln21_67_fu_1390_p2                                                    |     |        | xor_ln21_67              | xor       | auto                     | 0       |
|    icmp_ln21_21_fu_1226_p2                                                   |     |        | icmp_ln21_21             | setlt     | auto                     | 0       |
|    bitselect_1ns_54ns_32s_1_1_1_U10                                          |     |        | tobool134_i_1            | bitselect | auto                     | 0       |
|    lD_0_i_1_fu_1240_p2                                                       |     |        | lD_0_i_1                 | and       | auto                     | 0       |
|    icmp_ln21_22_fu_1246_p2                                                   |     |        | icmp_ln21_22             | setlt     | auto                     | 0       |
|    icmp_ln21_23_fu_1252_p2                                                   |     |        | icmp_ln21_23             | setlt     | auto                     | 0       |
|    neg_src_0_i106_1_fu_1506_p2                                               |     |        | and_ln21_5               | and       | auto                     | 0       |
|    lshr_ln21_2_fu_1266_p2                                                    |     |        | lshr_ln21_2              | lshr      | auto_pipe                | 0       |
|    lshr_ln21_3_fu_1272_p2                                                    |     |        | lshr_ln21_3              | lshr      | auto_pipe                | 0       |
|    icmp_ln21_24_fu_1278_p2                                                   |     |        | icmp_ln21_24             | seteq     | auto                     | 0       |
|    xor_ln21_68_fu_1292_p2                                                    |     |        | xor_ln21_68              | xor       | auto                     | 0       |
|    Range2_all_ones_1_i_1_fu_1298_p3                                          |     |        | Range2_all_ones_1_i_1    | select    | auto_sel                 | 0       |
|    and_ln21_6_fu_1400_p2                                                     |     |        | and_ln21_6               | and       | auto                     | 0       |
|    and_ln21_7_fu_1306_p2                                                     |     |        | and_ln21_7               | and       | auto                     | 0       |
|    xor_ln21_5_fu_1405_p2                                                     |     |        | xor_ln21_5               | xor       | auto                     | 0       |
|    icmp_ln21_25_fu_1312_p2                                                   |     |        | icmp_ln21_25             | seteq     | auto                     | 0       |
|    Range1_all_zeros_2_i_1_fu_1445_p2                                         |     |        | and_ln21_8               | and       | auto                     | 0       |
|    icmp_ln21_26_fu_1318_p2                                                   |     |        | icmp_ln21_26             | seteq     | auto                     | 0       |
|    icmp_ln21_27_fu_1324_p2                                                   |     |        | icmp_ln21_27             | seteq     | auto                     | 0       |
|    Range1_all_zeros_2_i_1_fu_1445_p6                                         |     |        | or_ln21_2                | or        | auto                     | 0       |
|    xor_ln21_69_fu_1330_p2                                                    |     |        | xor_ln21_69              | xor       | auto                     | 0       |
|    or_ln21_33_fu_1336_p2                                                     |     |        | or_ln21_33               | or        | auto                     | 0       |
|    and_ln21_50_fu_1342_p2                                                    |     |        | and_ln21_50              | and       | auto                     | 0       |
|    sparsemux_7_2_1_1_1_U12                                                   |     |        | Range1_all_ones_2_i_1    | sparsemux | onehotencoding_realdef   | 0       |
|    sparsemux_7_2_1_1_1_U13                                                   |     |        | Range1_all_zeros_2_i_1   | sparsemux | onehotencoding_realdef   | 0       |
|    select_ln21_10_fu_1465_p3                                                 |     |        | select_ln21_10           | select    | auto_sel                 | 0       |
|    and_ln21_9_fu_1472_p2                                                     |     |        | and_ln21_9               | and       | auto                     | 0       |
|    xor_ln21_7_fu_1477_p2                                                     |     |        | xor_ln21_7               | xor       | auto                     | 0       |
|    xor_ln21_30_fu_1483_p2                                                    |     |        | xor_ln21_30              | xor       | auto                     | 0       |
|    and_ln21_51_fu_1488_p2                                                    |     |        | and_ln21_51              | and       | auto                     | 0       |
|    and_ln21_52_fu_1492_p2                                                    |     |        | and_ln21_52              | and       | auto                     | 0       |
|    sparsemux_7_2_1_1_1_U14                                                   |     |        | neg_src_0_i106_1         | sparsemux | onehotencoding_realdef   | 0       |
|    xor_ln21_32_fu_1526_p2                                                    |     |        | xor_ln21_32              | xor       | auto                     | 0       |
|    and_ln21_53_fu_1532_p2                                                    |     |        | and_ln21_53              | and       | auto                     | 0       |
|    xor_ln21_33_fu_1538_p2                                                    |     |        | xor_ln21_33              | xor       | auto                     | 0       |
|    and_ln21_54_fu_1543_p2                                                    |     |        | and_ln21_54              | and       | auto                     | 0       |
|    and_ln21_55_fu_1549_p2                                                    |     |        | and_ln21_55              | and       | auto                     | 0       |
|    sparsemux_7_2_1_1_1_U15                                                   |     |        | neg_src_0_i105_1         | sparsemux | onehotencoding_realdef   | 0       |
|    or_ln21_18_fu_1582_p2                                                     |     |        | or_ln21_18               | or        | auto                     | 0       |
|    or_ln21_19_fu_1588_p2                                                     |     |        | or_ln21_19               | or        | auto                     | 0       |
|    not_sel_tmp75_fu_1593_p2                                                  |     |        | not_sel_tmp75            | xor       | auto                     | 0       |
|    or_ln21_3_fu_1599_p2                                                      |     |        | or_ln21_3                | or        | auto                     | 0       |
|    select_ln21_51_fu_1605_p3                                                 |     |        | select_ln21_51           | select    | auto_sel                 | 0       |
|    select_ln21_11_fu_1613_p3                                                 |     |        | select_ln21_11           | select    | auto_sel                 | 0       |
|    ctype_1_fu_1621_p3                                                        |     |        | ctype_1                  | select    | auto_sel                 | 0       |
|    fpext_32ns_64_2_no_dsp_1_U1                                               |     |        | pf_2                     | fpext     | auto                     | 1       |
|    sub_ln21_6_fu_1675_p2                                                     |     |        | sub_ln21_6               | sub       | fabric                   | 0       |
|    select_ln21_12_fu_1681_p3                                                 |     |        | select_ln21_12           | select    | auto_sel                 | 0       |
|    icmp_ln21_28_fu_1689_p2                                                   |     |        | icmp_ln21_28             | seteq     | auto                     | 0       |
|    sub_ln21_7_fu_1695_p2                                                     |     |        | sub_ln21_7               | sub       | fabric                   | 0       |
|    icmp_ln21_29_fu_1715_p2                                                   |     |        | icmp_ln21_29             | setgt     | auto                     | 0       |
|    add_ln21_10_fu_1721_p2                                                    |     |        | add_ln21_10              | add       | fabric                   | 0       |
|    sub_ln21_8_fu_1731_p2                                                     |     |        | sub_ln21_8               | sub       | fabric                   | 0       |
|    select_ln21_13_fu_1737_p3                                                 |     |        | select_ln21_13           | select    | auto_sel                 | 0       |
|    icmp_ln21_30_fu_1745_p2                                                   |     |        | icmp_ln21_30             | seteq     | auto                     | 0       |
|    icmp_ln21_31_fu_1755_p2                                                   |     |        | icmp_ln21_31             | setlt     | auto                     | 0       |
|    select_ln21_52_fu_1761_p3                                                 |     |        | select_ln21_52           | select    | auto_sel                 | 0       |
|    ashr_ln21_2_fu_1773_p2                                                    |     |        | ashr_ln21_2              | ashr      | auto_pipe                | 0       |
|    select_ln21_14_fu_1783_p3                                                 |     |        | select_ln21_14           | select    | auto_sel                 | 0       |
|    icmp_ln21_32_fu_1791_p2                                                   |     |        | icmp_ln21_32             | setgt     | auto                     | 0       |
|    icmp_ln21_33_fu_1807_p2                                                   |     |        | icmp_ln21_33             | seteq     | auto                     | 0       |
|    shl_ln21_2_fu_1817_p2                                                     |     |        | shl_ln21_2               | shl       | auto_pipe                | 0       |
|    select_ln21_15_fu_1823_p3                                                 |     |        | select_ln21_15           | select    | auto_sel                 | 0       |
|    add_ln21_11_fu_1831_p2                                                    |     |        | add_ln21_11              | add       | fabric                   | 0       |
|    bitselect_1ns_54ns_32ns_1_1_1_U16                                         |     |        | tmp_28                   | bitselect | auto                     | 0       |
|    cond64_i_2_fu_1849_p3                                                     |     |        | cond64_i_2               | select    | auto_sel                 | 0       |
|    add_ln21_12_fu_1869_p2                                                    |     |        | add_ln21_12              | add       | fabric                   | 0       |
|    xor_ln21_8_fu_1883_p2                                                     |     |        | xor_ln21_8               | xor       | auto                     | 0       |
|    xor_ln21_34_fu_1889_p2                                                    |     |        | xor_ln21_34              | xor       | auto                     | 0       |
|    and_ln21_56_fu_1895_p2                                                    |     |        | and_ln21_56              | and       | auto                     | 0       |
|    sparsemux_7_2_8_1_1_U18                                                   |     |        | ref_tmp_i_i_0_2          | sparsemux | onehotencoding_realdef   | 0       |
|    and_ln21_57_fu_1901_p2                                                    |     |        | and_ln21_57              | and       | auto                     | 0       |
|    carry_1_i_2_fu_1907_p2                                                    |     |        | carry_1_i_2              | and       | auto                     | 0       |
|    add_ln21_13_fu_1913_p2                                                    |     |        | add_ln21_13              | add       | fabric                   | 0       |
|    add_ln21_14_fu_1923_p2                                                    |     |        | add_ln21_14              | add       | fabric                   | 0       |
|    icmp_ln21_34_fu_1929_p2                                                   |     |        | icmp_ln21_34             | setlt     | auto                     | 0       |
|    xor_ln21_70_fu_2105_p2                                                    |     |        | xor_ln21_70              | xor       | auto                     | 0       |
|    icmp_ln21_35_fu_1943_p2                                                   |     |        | icmp_ln21_35             | setlt     | auto                     | 0       |
|    bitselect_1ns_54ns_32s_1_1_1_U17                                          |     |        | tobool134_i_2            | bitselect | auto                     | 0       |
|    lD_0_i_2_fu_1957_p2                                                       |     |        | lD_0_i_2                 | and       | auto                     | 0       |
|    icmp_ln21_36_fu_1963_p2                                                   |     |        | icmp_ln21_36             | setlt     | auto                     | 0       |
|    icmp_ln21_37_fu_1969_p2                                                   |     |        | icmp_ln21_37             | setlt     | auto                     | 0       |
|    neg_src_0_i106_2_fu_2237_p2                                               |     |        | and_ln21_10              | and       | auto                     | 0       |
|    lshr_ln21_4_fu_1983_p2                                                    |     |        | lshr_ln21_4              | lshr      | auto_pipe                | 0       |
|    lshr_ln21_5_fu_1989_p2                                                    |     |        | lshr_ln21_5              | lshr      | auto_pipe                | 0       |
|    icmp_ln21_38_fu_1995_p2                                                   |     |        | icmp_ln21_38             | seteq     | auto                     | 0       |
|    xor_ln21_71_fu_2009_p2                                                    |     |        | xor_ln21_71              | xor       | auto                     | 0       |
|    Range2_all_ones_1_i_2_fu_2015_p3                                          |     |        | Range2_all_ones_1_i_2    | select    | auto_sel                 | 0       |
|    and_ln21_11_fu_2115_p2                                                    |     |        | and_ln21_11              | and       | auto                     | 0       |
|    and_ln21_12_fu_2023_p2                                                    |     |        | and_ln21_12              | and       | auto                     | 0       |
|    xor_ln21_9_fu_2120_p2                                                     |     |        | xor_ln21_9               | xor       | auto                     | 0       |
|    icmp_ln21_39_fu_2029_p2                                                   |     |        | icmp_ln21_39             | seteq     | auto                     | 0       |
|    Range1_all_zeros_2_i_2_fu_2176_p2                                         |     |        | and_ln21_13              | and       | auto                     | 0       |
|    icmp_ln21_40_fu_2035_p2                                                   |     |        | icmp_ln21_40             | seteq     | auto                     | 0       |
|    icmp_ln21_41_fu_2041_p2                                                   |     |        | icmp_ln21_41             | seteq     | auto                     | 0       |
|    Range1_all_zeros_2_i_2_fu_2176_p6                                         |     |        | or_ln21_4                | or        | auto                     | 0       |
|    xor_ln21_72_fu_2135_p2                                                    |     |        | xor_ln21_72              | xor       | auto                     | 0       |
|    or_ln21_34_fu_2140_p2                                                     |     |        | or_ln21_34               | or        | auto                     | 0       |
|    and_ln21_58_fu_2145_p2                                                    |     |        | and_ln21_58              | and       | auto                     | 0       |
|    sparsemux_7_2_1_1_1_U19                                                   |     |        | Range1_all_ones_2_i_2    | sparsemux | onehotencoding_realdef   | 0       |
|    sparsemux_7_2_1_1_1_U20                                                   |     |        | Range1_all_zeros_2_i_2   | sparsemux | onehotencoding_realdef   | 0       |
|    select_ln21_16_fu_2196_p3                                                 |     |        | select_ln21_16           | select    | auto_sel                 | 0       |
|    and_ln21_14_fu_2203_p2                                                    |     |        | and_ln21_14              | and       | auto                     | 0       |
|    xor_ln21_11_fu_2208_p2                                                    |     |        | xor_ln21_11              | xor       | auto                     | 0       |
|    xor_ln21_36_fu_2214_p2                                                    |     |        | xor_ln21_36              | xor       | auto                     | 0       |
|    and_ln21_59_fu_2219_p2                                                    |     |        | and_ln21_59              | and       | auto                     | 0       |
|    and_ln21_60_fu_2223_p2                                                    |     |        | and_ln21_60              | and       | auto                     | 0       |
|    sparsemux_7_2_1_1_1_U21                                                   |     |        | neg_src_0_i106_2         | sparsemux | onehotencoding_realdef   | 0       |
|    xor_ln21_37_fu_2257_p2                                                    |     |        | xor_ln21_37              | xor       | auto                     | 0       |
|    and_ln21_61_fu_2263_p2                                                    |     |        | and_ln21_61              | and       | auto                     | 0       |
|    xor_ln21_38_fu_2269_p2                                                    |     |        | xor_ln21_38              | xor       | auto                     | 0       |
|    and_ln21_62_fu_2274_p2                                                    |     |        | and_ln21_62              | and       | auto                     | 0       |
|    and_ln21_63_fu_2280_p2                                                    |     |        | and_ln21_63              | and       | auto                     | 0       |
|    sparsemux_7_2_1_1_1_U22                                                   |     |        | neg_src_0_i105_2         | sparsemux | onehotencoding_realdef   | 0       |
|    or_ln21_20_fu_2313_p2                                                     |     |        | or_ln21_20               | or        | auto                     | 0       |
|    or_ln21_21_fu_2319_p2                                                     |     |        | or_ln21_21               | or        | auto                     | 0       |
|    not_sel_tmp114_fu_2324_p2                                                 |     |        | not_sel_tmp114           | xor       | auto                     | 0       |
|    or_ln21_5_fu_2330_p2                                                      |     |        | or_ln21_5                | or        | auto                     | 0       |
|    select_ln21_53_fu_2336_p3                                                 |     |        | select_ln21_53           | select    | auto_sel                 | 0       |
|    select_ln21_17_fu_2344_p3                                                 |     |        | select_ln21_17           | select    | auto_sel                 | 0       |
|    ctype_2_fu_2352_p3                                                        |     |        | ctype_2                  | select    | auto_sel                 | 0       |
|    fpext_32ns_64_2_no_dsp_1_U1                                               |     |        | pf_3                     | fpext     | auto                     | 1       |
|    sub_ln21_9_fu_2403_p2                                                     |     |        | sub_ln21_9               | sub       | fabric                   | 0       |
|    select_ln21_18_fu_2409_p3                                                 |     |        | select_ln21_18           | select    | auto_sel                 | 0       |
|    icmp_ln21_42_fu_2417_p2                                                   |     |        | icmp_ln21_42             | seteq     | auto                     | 0       |
|    sub_ln21_10_fu_2423_p2                                                    |     |        | sub_ln21_10              | sub       | fabric                   | 0       |
|    icmp_ln21_43_fu_2443_p2                                                   |     |        | icmp_ln21_43             | setgt     | auto                     | 0       |
|    add_ln21_15_fu_2449_p2                                                    |     |        | add_ln21_15              | add       | fabric                   | 0       |
|    sub_ln21_11_fu_2459_p2                                                    |     |        | sub_ln21_11              | sub       | fabric                   | 0       |
|    select_ln21_19_fu_2465_p3                                                 |     |        | select_ln21_19           | select    | auto_sel                 | 0       |
|    icmp_ln21_44_fu_2473_p2                                                   |     |        | icmp_ln21_44             | seteq     | auto                     | 0       |
|    icmp_ln21_45_fu_2483_p2                                                   |     |        | icmp_ln21_45             | setlt     | auto                     | 0       |
|    select_ln21_54_fu_2489_p3                                                 |     |        | select_ln21_54           | select    | auto_sel                 | 0       |
|    ashr_ln21_3_fu_2501_p2                                                    |     |        | ashr_ln21_3              | ashr      | auto_pipe                | 0       |
|    select_ln21_20_fu_2511_p3                                                 |     |        | select_ln21_20           | select    | auto_sel                 | 0       |
|    icmp_ln21_46_fu_2519_p2                                                   |     |        | icmp_ln21_46             | setgt     | auto                     | 0       |
|    icmp_ln21_47_fu_2535_p2                                                   |     |        | icmp_ln21_47             | seteq     | auto                     | 0       |
|    shl_ln21_3_fu_2545_p2                                                     |     |        | shl_ln21_3               | shl       | auto_pipe                | 0       |
|    select_ln21_21_fu_2551_p3                                                 |     |        | select_ln21_21           | select    | auto_sel                 | 0       |
|    add_ln21_16_fu_2559_p2                                                    |     |        | add_ln21_16              | add       | fabric                   | 0       |
|    bitselect_1ns_54ns_32ns_1_1_1_U23                                         |     |        | tmp_38                   | bitselect | auto                     | 0       |
|    cond64_i_3_fu_2577_p3                                                     |     |        | cond64_i_3               | select    | auto_sel                 | 0       |
|    add_ln21_17_fu_2597_p2                                                    |     |        | add_ln21_17              | add       | fabric                   | 0       |
|    xor_ln21_12_fu_2611_p2                                                    |     |        | xor_ln21_12              | xor       | auto                     | 0       |
|    xor_ln21_39_fu_2617_p2                                                    |     |        | xor_ln21_39              | xor       | auto                     | 0       |
|    and_ln21_64_fu_2623_p2                                                    |     |        | and_ln21_64              | and       | auto                     | 0       |
|    sparsemux_7_2_8_1_1_U25                                                   |     |        | ref_tmp_i_i_0_3          | sparsemux | onehotencoding_realdef   | 0       |
|    and_ln21_65_fu_2629_p2                                                    |     |        | and_ln21_65              | and       | auto                     | 0       |
|    carry_1_i_3_fu_2635_p2                                                    |     |        | carry_1_i_3              | and       | auto                     | 0       |
|    add_ln21_18_fu_2641_p2                                                    |     |        | add_ln21_18              | add       | fabric                   | 0       |
|    add_ln21_19_fu_2651_p2                                                    |     |        | add_ln21_19              | add       | fabric                   | 0       |
|    icmp_ln21_48_fu_2657_p2                                                   |     |        | icmp_ln21_48             | setlt     | auto                     | 0       |
|    xor_ln21_73_fu_2811_p2                                                    |     |        | xor_ln21_73              | xor       | auto                     | 0       |
|    icmp_ln21_49_fu_2671_p2                                                   |     |        | icmp_ln21_49             | setlt     | auto                     | 0       |
|    bitselect_1ns_54ns_32s_1_1_1_U24                                          |     |        | tobool134_i_3            | bitselect | auto                     | 0       |
|    lD_0_i_3_fu_2685_p2                                                       |     |        | lD_0_i_3                 | and       | auto                     | 0       |
|    icmp_ln21_50_fu_2691_p2                                                   |     |        | icmp_ln21_50             | setlt     | auto                     | 0       |
|    icmp_ln21_51_fu_2697_p2                                                   |     |        | icmp_ln21_51             | setlt     | auto                     | 0       |
|    neg_src_0_i106_3_fu_2943_p2                                               |     |        | and_ln21_15              | and       | auto                     | 0       |
|    lshr_ln21_6_fu_2711_p2                                                    |     |        | lshr_ln21_6              | lshr      | auto_pipe                | 0       |
|    lshr_ln21_7_fu_2717_p2                                                    |     |        | lshr_ln21_7              | lshr      | auto_pipe                | 0       |
|    icmp_ln21_52_fu_2723_p2                                                   |     |        | icmp_ln21_52             | seteq     | auto                     | 0       |
|    xor_ln21_74_fu_2737_p2                                                    |     |        | xor_ln21_74              | xor       | auto                     | 0       |
|    Range2_all_ones_1_i_3_fu_2743_p3                                          |     |        | Range2_all_ones_1_i_3    | select    | auto_sel                 | 0       |
|    and_ln21_16_fu_2821_p2                                                    |     |        | and_ln21_16              | and       | auto                     | 0       |
|    and_ln21_17_fu_2751_p2                                                    |     |        | and_ln21_17              | and       | auto                     | 0       |
|    xor_ln21_13_fu_2826_p2                                                    |     |        | xor_ln21_13              | xor       | auto                     | 0       |
|    icmp_ln21_53_fu_2757_p2                                                   |     |        | icmp_ln21_53             | seteq     | auto                     | 0       |
|    Range1_all_zeros_2_i_3_fu_2882_p2                                         |     |        | and_ln21_18              | and       | auto                     | 0       |
|    icmp_ln21_54_fu_2763_p2                                                   |     |        | icmp_ln21_54             | seteq     | auto                     | 0       |
|    icmp_ln21_55_fu_2769_p2                                                   |     |        | icmp_ln21_55             | seteq     | auto                     | 0       |
|    Range1_all_zeros_2_i_3_fu_2882_p6                                         |     |        | or_ln21_6                | or        | auto                     | 0       |
|    xor_ln21_75_fu_2841_p2                                                    |     |        | xor_ln21_75              | xor       | auto                     | 0       |
|    or_ln21_35_fu_2846_p2                                                     |     |        | or_ln21_35               | or        | auto                     | 0       |
|    and_ln21_66_fu_2851_p2                                                    |     |        | and_ln21_66              | and       | auto                     | 0       |
|    sparsemux_7_2_1_1_1_U26                                                   |     |        | Range1_all_ones_2_i_3    | sparsemux | onehotencoding_realdef   | 0       |
|    sparsemux_7_2_1_1_1_U27                                                   |     |        | Range1_all_zeros_2_i_3   | sparsemux | onehotencoding_realdef   | 0       |
|    select_ln21_22_fu_2902_p3                                                 |     |        | select_ln21_22           | select    | auto_sel                 | 0       |
|    and_ln21_19_fu_2909_p2                                                    |     |        | and_ln21_19              | and       | auto                     | 0       |
|    xor_ln21_15_fu_2914_p2                                                    |     |        | xor_ln21_15              | xor       | auto                     | 0       |
|    xor_ln21_41_fu_2920_p2                                                    |     |        | xor_ln21_41              | xor       | auto                     | 0       |
|    and_ln21_67_fu_2925_p2                                                    |     |        | and_ln21_67              | and       | auto                     | 0       |
|    and_ln21_68_fu_2929_p2                                                    |     |        | and_ln21_68              | and       | auto                     | 0       |
|    sparsemux_7_2_1_1_1_U28                                                   |     |        | neg_src_0_i106_3         | sparsemux | onehotencoding_realdef   | 0       |
|    xor_ln21_42_fu_2963_p2                                                    |     |        | xor_ln21_42              | xor       | auto                     | 0       |
|    and_ln21_69_fu_2969_p2                                                    |     |        | and_ln21_69              | and       | auto                     | 0       |
|    xor_ln21_43_fu_2975_p2                                                    |     |        | xor_ln21_43              | xor       | auto                     | 0       |
|    and_ln21_70_fu_2980_p2                                                    |     |        | and_ln21_70              | and       | auto                     | 0       |
|    and_ln21_71_fu_2986_p2                                                    |     |        | and_ln21_71              | and       | auto                     | 0       |
|    sparsemux_7_2_1_1_1_U29                                                   |     |        | neg_src_0_i105_3         | sparsemux | onehotencoding_realdef   | 0       |
|    or_ln21_22_fu_3019_p2                                                     |     |        | or_ln21_22               | or        | auto                     | 0       |
|    or_ln21_23_fu_3025_p2                                                     |     |        | or_ln21_23               | or        | auto                     | 0       |
|    not_sel_tmp153_fu_3030_p2                                                 |     |        | not_sel_tmp153           | xor       | auto                     | 0       |
|    or_ln21_7_fu_3036_p2                                                      |     |        | or_ln21_7                | or        | auto                     | 0       |
|    select_ln21_55_fu_3042_p3                                                 |     |        | select_ln21_55           | select    | auto_sel                 | 0       |
|    select_ln21_23_fu_3050_p3                                                 |     |        | select_ln21_23           | select    | auto_sel                 | 0       |
|    ctype_3_fu_3058_p3                                                        |     |        | ctype_3                  | select    | auto_sel                 | 0       |
|    fpext_32ns_64_2_no_dsp_1_U1                                               |     |        | pf_4                     | fpext     | auto                     | 1       |
|    sub_ln21_12_fu_3109_p2                                                    |     |        | sub_ln21_12              | sub       | fabric                   | 0       |
|    select_ln21_24_fu_3115_p3                                                 |     |        | select_ln21_24           | select    | auto_sel                 | 0       |
|    icmp_ln21_56_fu_3123_p2                                                   |     |        | icmp_ln21_56             | seteq     | auto                     | 0       |
|    sub_ln21_13_fu_3129_p2                                                    |     |        | sub_ln21_13              | sub       | fabric                   | 0       |
|    icmp_ln21_57_fu_3149_p2                                                   |     |        | icmp_ln21_57             | setgt     | auto                     | 0       |
|    add_ln21_20_fu_3155_p2                                                    |     |        | add_ln21_20              | add       | fabric                   | 0       |
|    sub_ln21_14_fu_3165_p2                                                    |     |        | sub_ln21_14              | sub       | fabric                   | 0       |
|    select_ln21_25_fu_3171_p3                                                 |     |        | select_ln21_25           | select    | auto_sel                 | 0       |
|    icmp_ln21_58_fu_3179_p2                                                   |     |        | icmp_ln21_58             | seteq     | auto                     | 0       |
|    icmp_ln21_59_fu_3189_p2                                                   |     |        | icmp_ln21_59             | setlt     | auto                     | 0       |
|    select_ln21_56_fu_3195_p3                                                 |     |        | select_ln21_56           | select    | auto_sel                 | 0       |
|    ashr_ln21_4_fu_3207_p2                                                    |     |        | ashr_ln21_4              | ashr      | auto_pipe                | 0       |
|    select_ln21_26_fu_3217_p3                                                 |     |        | select_ln21_26           | select    | auto_sel                 | 0       |
|    icmp_ln21_60_fu_3225_p2                                                   |     |        | icmp_ln21_60             | setgt     | auto                     | 0       |
|    icmp_ln21_61_fu_3241_p2                                                   |     |        | icmp_ln21_61             | seteq     | auto                     | 0       |
|    shl_ln21_4_fu_3251_p2                                                     |     |        | shl_ln21_4               | shl       | auto_pipe                | 0       |
|    select_ln21_27_fu_3257_p3                                                 |     |        | select_ln21_27           | select    | auto_sel                 | 0       |
|    add_ln21_21_fu_3265_p2                                                    |     |        | add_ln21_21              | add       | fabric                   | 0       |
|    bitselect_1ns_54ns_32ns_1_1_1_U30                                         |     |        | tmp_49                   | bitselect | auto                     | 0       |
|    cond64_i_4_fu_3283_p3                                                     |     |        | cond64_i_4               | select    | auto_sel                 | 0       |
|    add_ln21_22_fu_3303_p2                                                    |     |        | add_ln21_22              | add       | fabric                   | 0       |
|    xor_ln21_16_fu_3317_p2                                                    |     |        | xor_ln21_16              | xor       | auto                     | 0       |
|    xor_ln21_44_fu_3323_p2                                                    |     |        | xor_ln21_44              | xor       | auto                     | 0       |
|    and_ln21_72_fu_3329_p2                                                    |     |        | and_ln21_72              | and       | auto                     | 0       |
|    sparsemux_7_2_8_1_1_U32                                                   |     |        | ref_tmp_i_i_0_4          | sparsemux | onehotencoding_realdef   | 0       |
|    and_ln21_73_fu_3335_p2                                                    |     |        | and_ln21_73              | and       | auto                     | 0       |
|    carry_1_i_4_fu_3341_p2                                                    |     |        | carry_1_i_4              | and       | auto                     | 0       |
|    add_ln21_23_fu_3347_p2                                                    |     |        | add_ln21_23              | add       | fabric                   | 0       |
|    add_ln21_24_fu_3357_p2                                                    |     |        | add_ln21_24              | add       | fabric                   | 0       |
|    icmp_ln21_62_fu_3363_p2                                                   |     |        | icmp_ln21_62             | setlt     | auto                     | 0       |
|    xor_ln21_76_fu_3517_p2                                                    |     |        | xor_ln21_76              | xor       | auto                     | 0       |
|    icmp_ln21_63_fu_3377_p2                                                   |     |        | icmp_ln21_63             | setlt     | auto                     | 0       |
|    bitselect_1ns_54ns_32s_1_1_1_U31                                          |     |        | tobool134_i_4            | bitselect | auto                     | 0       |
|    lD_0_i_4_fu_3391_p2                                                       |     |        | lD_0_i_4                 | and       | auto                     | 0       |
|    icmp_ln21_64_fu_3397_p2                                                   |     |        | icmp_ln21_64             | setlt     | auto                     | 0       |
|    icmp_ln21_65_fu_3403_p2                                                   |     |        | icmp_ln21_65             | setlt     | auto                     | 0       |
|    neg_src_0_i106_4_fu_3649_p2                                               |     |        | and_ln21_20              | and       | auto                     | 0       |
|    lshr_ln21_8_fu_3417_p2                                                    |     |        | lshr_ln21_8              | lshr      | auto_pipe                | 0       |
|    lshr_ln21_9_fu_3423_p2                                                    |     |        | lshr_ln21_9              | lshr      | auto_pipe                | 0       |
|    icmp_ln21_66_fu_3429_p2                                                   |     |        | icmp_ln21_66             | seteq     | auto                     | 0       |
|    xor_ln21_77_fu_3443_p2                                                    |     |        | xor_ln21_77              | xor       | auto                     | 0       |
|    Range2_all_ones_1_i_4_fu_3449_p3                                          |     |        | Range2_all_ones_1_i_4    | select    | auto_sel                 | 0       |
|    and_ln21_21_fu_3527_p2                                                    |     |        | and_ln21_21              | and       | auto                     | 0       |
|    and_ln21_22_fu_3457_p2                                                    |     |        | and_ln21_22              | and       | auto                     | 0       |
|    xor_ln21_17_fu_3532_p2                                                    |     |        | xor_ln21_17              | xor       | auto                     | 0       |
|    icmp_ln21_67_fu_3463_p2                                                   |     |        | icmp_ln21_67             | seteq     | auto                     | 0       |
|    Range1_all_zeros_2_i_4_fu_3588_p2                                         |     |        | and_ln21_23              | and       | auto                     | 0       |
|    icmp_ln21_68_fu_3469_p2                                                   |     |        | icmp_ln21_68             | seteq     | auto                     | 0       |
|    icmp_ln21_69_fu_3475_p2                                                   |     |        | icmp_ln21_69             | seteq     | auto                     | 0       |
|    Range1_all_zeros_2_i_4_fu_3588_p6                                         |     |        | or_ln21_8                | or        | auto                     | 0       |
|    xor_ln21_78_fu_3547_p2                                                    |     |        | xor_ln21_78              | xor       | auto                     | 0       |
|    or_ln21_36_fu_3552_p2                                                     |     |        | or_ln21_36               | or        | auto                     | 0       |
|    and_ln21_74_fu_3557_p2                                                    |     |        | and_ln21_74              | and       | auto                     | 0       |
|    sparsemux_7_2_1_1_1_U33                                                   |     |        | Range1_all_ones_2_i_4    | sparsemux | onehotencoding_realdef   | 0       |
|    sparsemux_7_2_1_1_1_U34                                                   |     |        | Range1_all_zeros_2_i_4   | sparsemux | onehotencoding_realdef   | 0       |
|    select_ln21_28_fu_3608_p3                                                 |     |        | select_ln21_28           | select    | auto_sel                 | 0       |
|    and_ln21_24_fu_3615_p2                                                    |     |        | and_ln21_24              | and       | auto                     | 0       |
|    xor_ln21_19_fu_3620_p2                                                    |     |        | xor_ln21_19              | xor       | auto                     | 0       |
|    xor_ln21_46_fu_3626_p2                                                    |     |        | xor_ln21_46              | xor       | auto                     | 0       |
|    and_ln21_75_fu_3631_p2                                                    |     |        | and_ln21_75              | and       | auto                     | 0       |
|    and_ln21_76_fu_3635_p2                                                    |     |        | and_ln21_76              | and       | auto                     | 0       |
|    sparsemux_7_2_1_1_1_U35                                                   |     |        | neg_src_0_i106_4         | sparsemux | onehotencoding_realdef   | 0       |
|    xor_ln21_47_fu_3669_p2                                                    |     |        | xor_ln21_47              | xor       | auto                     | 0       |
|    and_ln21_77_fu_3675_p2                                                    |     |        | and_ln21_77              | and       | auto                     | 0       |
|    xor_ln21_48_fu_3681_p2                                                    |     |        | xor_ln21_48              | xor       | auto                     | 0       |
|    and_ln21_78_fu_3686_p2                                                    |     |        | and_ln21_78              | and       | auto                     | 0       |
|    and_ln21_79_fu_3692_p2                                                    |     |        | and_ln21_79              | and       | auto                     | 0       |
|    sparsemux_7_2_1_1_1_U36                                                   |     |        | neg_src_0_i105_4         | sparsemux | onehotencoding_realdef   | 0       |
|    or_ln21_24_fu_3725_p2                                                     |     |        | or_ln21_24               | or        | auto                     | 0       |
|    or_ln21_25_fu_3731_p2                                                     |     |        | or_ln21_25               | or        | auto                     | 0       |
|    not_sel_tmp192_fu_3736_p2                                                 |     |        | not_sel_tmp192           | xor       | auto                     | 0       |
|    or_ln21_9_fu_3742_p2                                                      |     |        | or_ln21_9                | or        | auto                     | 0       |
|    select_ln21_57_fu_3748_p3                                                 |     |        | select_ln21_57           | select    | auto_sel                 | 0       |
|    select_ln21_29_fu_3756_p3                                                 |     |        | select_ln21_29           | select    | auto_sel                 | 0       |
|    ctype_4_fu_3764_p3                                                        |     |        | ctype_4                  | select    | auto_sel                 | 0       |
|    fpext_32ns_64_2_no_dsp_1_U1                                               |     |        | pf_5                     | fpext     | auto                     | 1       |
|    sub_ln21_15_fu_3815_p2                                                    |     |        | sub_ln21_15              | sub       | fabric                   | 0       |
|    select_ln21_30_fu_3821_p3                                                 |     |        | select_ln21_30           | select    | auto_sel                 | 0       |
|    icmp_ln21_70_fu_3829_p2                                                   |     |        | icmp_ln21_70             | seteq     | auto                     | 0       |
|    sub_ln21_16_fu_3835_p2                                                    |     |        | sub_ln21_16              | sub       | fabric                   | 0       |
|    icmp_ln21_71_fu_3855_p2                                                   |     |        | icmp_ln21_71             | setgt     | auto                     | 0       |
|    add_ln21_25_fu_3861_p2                                                    |     |        | add_ln21_25              | add       | fabric                   | 0       |
|    sub_ln21_17_fu_3871_p2                                                    |     |        | sub_ln21_17              | sub       | fabric                   | 0       |
|    select_ln21_31_fu_3877_p3                                                 |     |        | select_ln21_31           | select    | auto_sel                 | 0       |
|    icmp_ln21_72_fu_3885_p2                                                   |     |        | icmp_ln21_72             | seteq     | auto                     | 0       |
|    icmp_ln21_73_fu_3895_p2                                                   |     |        | icmp_ln21_73             | setlt     | auto                     | 0       |
|    select_ln21_58_fu_3901_p3                                                 |     |        | select_ln21_58           | select    | auto_sel                 | 0       |
|    ashr_ln21_5_fu_3913_p2                                                    |     |        | ashr_ln21_5              | ashr      | auto_pipe                | 0       |
|    select_ln21_32_fu_3923_p3                                                 |     |        | select_ln21_32           | select    | auto_sel                 | 0       |
|    icmp_ln21_74_fu_3931_p2                                                   |     |        | icmp_ln21_74             | setgt     | auto                     | 0       |
|    icmp_ln21_75_fu_3947_p2                                                   |     |        | icmp_ln21_75             | seteq     | auto                     | 0       |
|    shl_ln21_5_fu_3957_p2                                                     |     |        | shl_ln21_5               | shl       | auto_pipe                | 0       |
|    select_ln21_33_fu_3963_p3                                                 |     |        | select_ln21_33           | select    | auto_sel                 | 0       |
|    add_ln21_26_fu_3971_p2                                                    |     |        | add_ln21_26              | add       | fabric                   | 0       |
|    bitselect_1ns_54ns_32ns_1_1_1_U37                                         |     |        | tmp_59                   | bitselect | auto                     | 0       |
|    cond64_i_5_fu_3989_p3                                                     |     |        | cond64_i_5               | select    | auto_sel                 | 0       |
|    add_ln21_27_fu_4009_p2                                                    |     |        | add_ln21_27              | add       | fabric                   | 0       |
|    xor_ln21_20_fu_4023_p2                                                    |     |        | xor_ln21_20              | xor       | auto                     | 0       |
|    xor_ln21_49_fu_4029_p2                                                    |     |        | xor_ln21_49              | xor       | auto                     | 0       |
|    and_ln21_80_fu_4035_p2                                                    |     |        | and_ln21_80              | and       | auto                     | 0       |
|    sparsemux_7_2_8_1_1_U39                                                   |     |        | ref_tmp_i_i_0_5          | sparsemux | onehotencoding_realdef   | 0       |
|    and_ln21_81_fu_4041_p2                                                    |     |        | and_ln21_81              | and       | auto                     | 0       |
|    carry_1_i_5_fu_4047_p2                                                    |     |        | carry_1_i_5              | and       | auto                     | 0       |
|    add_ln21_28_fu_4053_p2                                                    |     |        | add_ln21_28              | add       | fabric                   | 0       |
|    add_ln21_29_fu_4063_p2                                                    |     |        | add_ln21_29              | add       | fabric                   | 0       |
|    icmp_ln21_76_fu_4069_p2                                                   |     |        | icmp_ln21_76             | setlt     | auto                     | 0       |
|    xor_ln21_79_fu_4229_p2                                                    |     |        | xor_ln21_79              | xor       | auto                     | 0       |
|    icmp_ln21_77_fu_4083_p2                                                   |     |        | icmp_ln21_77             | setlt     | auto                     | 0       |
|    bitselect_1ns_54ns_32s_1_1_1_U38                                          |     |        | tobool134_i_5            | bitselect | auto                     | 0       |
|    lD_0_i_5_fu_4097_p2                                                       |     |        | lD_0_i_5                 | and       | auto                     | 0       |
|    icmp_ln21_78_fu_4103_p2                                                   |     |        | icmp_ln21_78             | setlt     | auto                     | 0       |
|    icmp_ln21_79_fu_4109_p2                                                   |     |        | icmp_ln21_79             | setlt     | auto                     | 0       |
|    neg_src_0_i106_5_fu_4361_p2                                               |     |        | and_ln21_25              | and       | auto                     | 0       |
|    lshr_ln21_10_fu_4123_p2                                                   |     |        | lshr_ln21_10             | lshr      | auto_pipe                | 0       |
|    lshr_ln21_11_fu_4129_p2                                                   |     |        | lshr_ln21_11             | lshr      | auto_pipe                | 0       |
|    icmp_ln21_80_fu_4135_p2                                                   |     |        | icmp_ln21_80             | seteq     | auto                     | 0       |
|    xor_ln21_80_fu_4149_p2                                                    |     |        | xor_ln21_80              | xor       | auto                     | 0       |
|    Range2_all_ones_1_i_5_fu_4155_p3                                          |     |        | Range2_all_ones_1_i_5    | select    | auto_sel                 | 0       |
|    and_ln21_26_fu_4239_p2                                                    |     |        | and_ln21_26              | and       | auto                     | 0       |
|    and_ln21_27_fu_4163_p2                                                    |     |        | and_ln21_27              | and       | auto                     | 0       |
|    xor_ln21_21_fu_4244_p2                                                    |     |        | xor_ln21_21              | xor       | auto                     | 0       |
|    icmp_ln21_81_fu_4169_p2                                                   |     |        | icmp_ln21_81             | seteq     | auto                     | 0       |
|    Range1_all_zeros_2_i_5_fu_4300_p2                                         |     |        | and_ln21_28              | and       | auto                     | 0       |
|    icmp_ln21_82_fu_4175_p2                                                   |     |        | icmp_ln21_82             | seteq     | auto                     | 0       |
|    icmp_ln21_83_fu_4181_p2                                                   |     |        | icmp_ln21_83             | seteq     | auto                     | 0       |
|    Range1_all_zeros_2_i_5_fu_4300_p6                                         |     |        | or_ln21_10               | or        | auto                     | 0       |
|    xor_ln21_81_fu_4259_p2                                                    |     |        | xor_ln21_81              | xor       | auto                     | 0       |
|    or_ln21_37_fu_4264_p2                                                     |     |        | or_ln21_37               | or        | auto                     | 0       |
|    and_ln21_82_fu_4269_p2                                                    |     |        | and_ln21_82              | and       | auto                     | 0       |
|    sparsemux_7_2_1_1_1_U40                                                   |     |        | Range1_all_ones_2_i_5    | sparsemux | onehotencoding_realdef   | 0       |
|    sparsemux_7_2_1_1_1_U41                                                   |     |        | Range1_all_zeros_2_i_5   | sparsemux | onehotencoding_realdef   | 0       |
|    select_ln21_34_fu_4320_p3                                                 |     |        | select_ln21_34           | select    | auto_sel                 | 0       |
|    and_ln21_29_fu_4327_p2                                                    |     |        | and_ln21_29              | and       | auto                     | 0       |
|    xor_ln21_23_fu_4332_p2                                                    |     |        | xor_ln21_23              | xor       | auto                     | 0       |
|    xor_ln21_51_fu_4338_p2                                                    |     |        | xor_ln21_51              | xor       | auto                     | 0       |
|    and_ln21_83_fu_4343_p2                                                    |     |        | and_ln21_83              | and       | auto                     | 0       |
|    and_ln21_84_fu_4347_p2                                                    |     |        | and_ln21_84              | and       | auto                     | 0       |
|    sparsemux_7_2_1_1_1_U42                                                   |     |        | neg_src_0_i106_5         | sparsemux | onehotencoding_realdef   | 0       |
|    xor_ln21_52_fu_4381_p2                                                    |     |        | xor_ln21_52              | xor       | auto                     | 0       |
|    and_ln21_85_fu_4387_p2                                                    |     |        | and_ln21_85              | and       | auto                     | 0       |
|    xor_ln21_53_fu_4393_p2                                                    |     |        | xor_ln21_53              | xor       | auto                     | 0       |
|    and_ln21_86_fu_4398_p2                                                    |     |        | and_ln21_86              | and       | auto                     | 0       |
|    and_ln21_87_fu_4404_p2                                                    |     |        | and_ln21_87              | and       | auto                     | 0       |
|    sparsemux_7_2_1_1_1_U43                                                   |     |        | neg_src_0_i105_5         | sparsemux | onehotencoding_realdef   | 0       |
|    or_ln21_26_fu_4437_p2                                                     |     |        | or_ln21_26               | or        | auto                     | 0       |
|    or_ln21_27_fu_4443_p2                                                     |     |        | or_ln21_27               | or        | auto                     | 0       |
|    not_sel_tmp231_fu_4448_p2                                                 |     |        | not_sel_tmp231           | xor       | auto                     | 0       |
|    or_ln21_11_fu_4454_p2                                                     |     |        | or_ln21_11               | or        | auto                     | 0       |
|    select_ln21_59_fu_4460_p3                                                 |     |        | select_ln21_59           | select    | auto_sel                 | 0       |
|    select_ln21_35_fu_4468_p3                                                 |     |        | select_ln21_35           | select    | auto_sel                 | 0       |
|    ctype_5_fu_4476_p3                                                        |     |        | ctype_5                  | select    | auto_sel                 | 0       |
|    fpext_32ns_64_2_no_dsp_1_U1                                               |     |        | pf_6                     | fpext     | auto                     | 1       |
|    sub_ln21_18_fu_4530_p2                                                    |     |        | sub_ln21_18              | sub       | fabric                   | 0       |
|    select_ln21_36_fu_4536_p3                                                 |     |        | select_ln21_36           | select    | auto_sel                 | 0       |
|    icmp_ln21_84_fu_4544_p2                                                   |     |        | icmp_ln21_84             | seteq     | auto                     | 0       |
|    sub_ln21_19_fu_4550_p2                                                    |     |        | sub_ln21_19              | sub       | fabric                   | 0       |
|    icmp_ln21_85_fu_4570_p2                                                   |     |        | icmp_ln21_85             | setgt     | auto                     | 0       |
|    add_ln21_30_fu_4576_p2                                                    |     |        | add_ln21_30              | add       | fabric                   | 0       |
|    sub_ln21_20_fu_4586_p2                                                    |     |        | sub_ln21_20              | sub       | fabric                   | 0       |
|    select_ln21_37_fu_4592_p3                                                 |     |        | select_ln21_37           | select    | auto_sel                 | 0       |
|    icmp_ln21_86_fu_4600_p2                                                   |     |        | icmp_ln21_86             | seteq     | auto                     | 0       |
|    icmp_ln21_87_fu_4610_p2                                                   |     |        | icmp_ln21_87             | setlt     | auto                     | 0       |
|    select_ln21_60_fu_4616_p3                                                 |     |        | select_ln21_60           | select    | auto_sel                 | 0       |
|    ashr_ln21_6_fu_4628_p2                                                    |     |        | ashr_ln21_6              | ashr      | auto_pipe                | 0       |
|    select_ln21_38_fu_4638_p3                                                 |     |        | select_ln21_38           | select    | auto_sel                 | 0       |
|    icmp_ln21_88_fu_4646_p2                                                   |     |        | icmp_ln21_88             | setgt     | auto                     | 0       |
|    icmp_ln21_89_fu_4662_p2                                                   |     |        | icmp_ln21_89             | seteq     | auto                     | 0       |
|    shl_ln21_6_fu_4672_p2                                                     |     |        | shl_ln21_6               | shl       | auto_pipe                | 0       |
|    select_ln21_39_fu_4678_p3                                                 |     |        | select_ln21_39           | select    | auto_sel                 | 0       |
|    add_ln21_31_fu_4686_p2                                                    |     |        | add_ln21_31              | add       | fabric                   | 0       |
|    bitselect_1ns_54ns_32ns_1_1_1_U44                                         |     |        | tmp_68                   | bitselect | auto                     | 0       |
|    cond64_i_6_fu_4704_p3                                                     |     |        | cond64_i_6               | select    | auto_sel                 | 0       |
|    add_ln21_32_fu_4724_p2                                                    |     |        | add_ln21_32              | add       | fabric                   | 0       |
|    xor_ln21_24_fu_4738_p2                                                    |     |        | xor_ln21_24              | xor       | auto                     | 0       |
|    xor_ln21_54_fu_4744_p2                                                    |     |        | xor_ln21_54              | xor       | auto                     | 0       |
|    and_ln21_88_fu_4750_p2                                                    |     |        | and_ln21_88              | and       | auto                     | 0       |
|    sparsemux_7_2_8_1_1_U46                                                   |     |        | ref_tmp_i_i_0_6          | sparsemux | onehotencoding_realdef   | 0       |
|    and_ln21_89_fu_4756_p2                                                    |     |        | and_ln21_89              | and       | auto                     | 0       |
|    carry_1_i_6_fu_4762_p2                                                    |     |        | carry_1_i_6              | and       | auto                     | 0       |
|    add_ln21_33_fu_4768_p2                                                    |     |        | add_ln21_33              | add       | fabric                   | 0       |
|    add_ln21_34_fu_4778_p2                                                    |     |        | add_ln21_34              | add       | fabric                   | 0       |
|    icmp_ln21_90_fu_4784_p2                                                   |     |        | icmp_ln21_90             | setlt     | auto                     | 0       |
|    xor_ln21_82_fu_4971_p2                                                    |     |        | xor_ln21_82              | xor       | auto                     | 0       |
|    icmp_ln21_91_fu_4798_p2                                                   |     |        | icmp_ln21_91             | setlt     | auto                     | 0       |
|    bitselect_1ns_54ns_32s_1_1_1_U45                                          |     |        | tobool134_i_6            | bitselect | auto                     | 0       |
|    lD_0_i_6_fu_4812_p2                                                       |     |        | lD_0_i_6                 | and       | auto                     | 0       |
|    icmp_ln21_92_fu_4818_p2                                                   |     |        | icmp_ln21_92             | setlt     | auto                     | 0       |
|    icmp_ln21_93_fu_4824_p2                                                   |     |        | icmp_ln21_93             | setlt     | auto                     | 0       |
|    neg_src_0_i106_6_fu_5103_p2                                               |     |        | and_ln21_30              | and       | auto                     | 0       |
|    lshr_ln21_12_fu_4838_p2                                                   |     |        | lshr_ln21_12             | lshr      | auto_pipe                | 0       |
|    lshr_ln21_13_fu_4844_p2                                                   |     |        | lshr_ln21_13             | lshr      | auto_pipe                | 0       |
|    icmp_ln21_94_fu_4850_p2                                                   |     |        | icmp_ln21_94             | seteq     | auto                     | 0       |
|    xor_ln21_83_fu_4864_p2                                                    |     |        | xor_ln21_83              | xor       | auto                     | 0       |
|    Range2_all_ones_1_i_6_fu_4870_p3                                          |     |        | Range2_all_ones_1_i_6    | select    | auto_sel                 | 0       |
|    and_ln21_31_fu_4981_p2                                                    |     |        | and_ln21_31              | and       | auto                     | 0       |
|    and_ln21_32_fu_4878_p2                                                    |     |        | and_ln21_32              | and       | auto                     | 0       |
|    xor_ln21_25_fu_4986_p2                                                    |     |        | xor_ln21_25              | xor       | auto                     | 0       |
|    icmp_ln21_95_fu_4884_p2                                                   |     |        | icmp_ln21_95             | seteq     | auto                     | 0       |
|    Range1_all_zeros_2_i_6_fu_5042_p2                                         |     |        | and_ln21_33              | and       | auto                     | 0       |
|    icmp_ln21_96_fu_4890_p2                                                   |     |        | icmp_ln21_96             | seteq     | auto                     | 0       |
|    icmp_ln21_97_fu_4896_p2                                                   |     |        | icmp_ln21_97             | seteq     | auto                     | 0       |
|    Range1_all_zeros_2_i_6_fu_5042_p6                                         |     |        | or_ln21_12               | or        | auto                     | 0       |
|    xor_ln21_84_fu_5001_p2                                                    |     |        | xor_ln21_84              | xor       | auto                     | 0       |
|    or_ln21_38_fu_5006_p2                                                     |     |        | or_ln21_38               | or        | auto                     | 0       |
|    and_ln21_90_fu_5011_p2                                                    |     |        | and_ln21_90              | and       | auto                     | 0       |
|    sparsemux_7_2_1_1_1_U47                                                   |     |        | Range1_all_ones_2_i_6    | sparsemux | onehotencoding_realdef   | 0       |
|    sparsemux_7_2_1_1_1_U48                                                   |     |        | Range1_all_zeros_2_i_6   | sparsemux | onehotencoding_realdef   | 0       |
|    select_ln21_40_fu_5062_p3                                                 |     |        | select_ln21_40           | select    | auto_sel                 | 0       |
|    and_ln21_34_fu_5069_p2                                                    |     |        | and_ln21_34              | and       | auto                     | 0       |
|    xor_ln21_27_fu_5074_p2                                                    |     |        | xor_ln21_27              | xor       | auto                     | 0       |
|    xor_ln21_56_fu_5080_p2                                                    |     |        | xor_ln21_56              | xor       | auto                     | 0       |
|    and_ln21_91_fu_5085_p2                                                    |     |        | and_ln21_91              | and       | auto                     | 0       |
|    and_ln21_92_fu_5089_p2                                                    |     |        | and_ln21_92              | and       | auto                     | 0       |
|    sparsemux_7_2_1_1_1_U49                                                   |     |        | neg_src_0_i106_6         | sparsemux | onehotencoding_realdef   | 0       |
|    xor_ln21_57_fu_5123_p2                                                    |     |        | xor_ln21_57              | xor       | auto                     | 0       |
|    and_ln21_93_fu_5129_p2                                                    |     |        | and_ln21_93              | and       | auto                     | 0       |
|    xor_ln21_58_fu_5135_p2                                                    |     |        | xor_ln21_58              | xor       | auto                     | 0       |
|    and_ln21_94_fu_5140_p2                                                    |     |        | and_ln21_94              | and       | auto                     | 0       |
|    and_ln21_95_fu_5146_p2                                                    |     |        | and_ln21_95              | and       | auto                     | 0       |
|    sparsemux_7_2_1_1_1_U50                                                   |     |        | neg_src_0_i105_6         | sparsemux | onehotencoding_realdef   | 0       |
|    or_ln21_28_fu_5179_p2                                                     |     |        | or_ln21_28               | or        | auto                     | 0       |
|    or_ln21_29_fu_5185_p2                                                     |     |        | or_ln21_29               | or        | auto                     | 0       |
|    not_sel_tmp270_fu_5190_p2                                                 |     |        | not_sel_tmp270           | xor       | auto                     | 0       |
|    or_ln21_13_fu_5196_p2                                                     |     |        | or_ln21_13               | or        | auto                     | 0       |
|    select_ln21_61_fu_5202_p3                                                 |     |        | select_ln21_61           | select    | auto_sel                 | 0       |
|    select_ln21_41_fu_5210_p3                                                 |     |        | select_ln21_41           | select    | auto_sel                 | 0       |
|    ctype_6_fu_5218_p3                                                        |     |        | ctype_6                  | select    | auto_sel                 | 0       |
|    fpext_32ns_64_2_no_dsp_1_U1                                               |     |        | pf_7                     | fpext     | auto                     | 1       |
|    sub_ln21_21_fu_5269_p2                                                    |     |        | sub_ln21_21              | sub       | fabric                   | 0       |
|    select_ln21_42_fu_5275_p3                                                 |     |        | select_ln21_42           | select    | auto_sel                 | 0       |
|    icmp_ln21_98_fu_5283_p2                                                   |     |        | icmp_ln21_98             | seteq     | auto                     | 0       |
|    sub_ln21_22_fu_5289_p2                                                    |     |        | sub_ln21_22              | sub       | fabric                   | 0       |
|    icmp_ln21_99_fu_5309_p2                                                   |     |        | icmp_ln21_99             | setgt     | auto                     | 0       |
|    add_ln21_35_fu_5315_p2                                                    |     |        | add_ln21_35              | add       | fabric                   | 0       |
|    sub_ln21_23_fu_5325_p2                                                    |     |        | sub_ln21_23              | sub       | fabric                   | 0       |
|    select_ln21_43_fu_5331_p3                                                 |     |        | select_ln21_43           | select    | auto_sel                 | 0       |
|    icmp_ln21_100_fu_5339_p2                                                  |     |        | icmp_ln21_100            | seteq     | auto                     | 0       |
|    icmp_ln21_101_fu_5349_p2                                                  |     |        | icmp_ln21_101            | setlt     | auto                     | 0       |
|    select_ln21_62_fu_5355_p3                                                 |     |        | select_ln21_62           | select    | auto_sel                 | 0       |
|    ashr_ln21_7_fu_5367_p2                                                    |     |        | ashr_ln21_7              | ashr      | auto_pipe                | 0       |
|    select_ln21_44_fu_5377_p3                                                 |     |        | select_ln21_44           | select    | auto_sel                 | 0       |
|    icmp_ln21_102_fu_5385_p2                                                  |     |        | icmp_ln21_102            | setgt     | auto                     | 0       |
|    icmp_ln21_103_fu_5401_p2                                                  |     |        | icmp_ln21_103            | seteq     | auto                     | 0       |
|    shl_ln21_7_fu_5411_p2                                                     |     |        | shl_ln21_7               | shl       | auto_pipe                | 0       |
|    select_ln21_45_fu_5417_p3                                                 |     |        | select_ln21_45           | select    | auto_sel                 | 0       |
|    add_ln21_36_fu_5425_p2                                                    |     |        | add_ln21_36              | add       | fabric                   | 0       |
|    bitselect_1ns_54ns_32ns_1_1_1_U51                                         |     |        | tmp_77                   | bitselect | auto                     | 0       |
|    cond64_i_7_fu_5443_p3                                                     |     |        | cond64_i_7               | select    | auto_sel                 | 0       |
|    add_ln21_37_fu_5463_p2                                                    |     |        | add_ln21_37              | add       | fabric                   | 0       |
|    xor_ln21_28_fu_5477_p2                                                    |     |        | xor_ln21_28              | xor       | auto                     | 0       |
|    xor_ln21_59_fu_5483_p2                                                    |     |        | xor_ln21_59              | xor       | auto                     | 0       |
|    and_ln21_96_fu_5489_p2                                                    |     |        | and_ln21_96              | and       | auto                     | 0       |
|    sparsemux_7_2_8_1_1_U53                                                   |     |        | ref_tmp_i_i_0_7          | sparsemux | onehotencoding_realdef   | 0       |
|    and_ln21_97_fu_5495_p2                                                    |     |        | and_ln21_97              | and       | auto                     | 0       |
|    carry_1_i_7_fu_5501_p2                                                    |     |        | carry_1_i_7              | and       | auto                     | 0       |
|    add_ln21_38_fu_5507_p2                                                    |     |        | add_ln21_38              | add       | fabric                   | 0       |
|    add_ln21_39_fu_5517_p2                                                    |     |        | add_ln21_39              | add       | fabric                   | 0       |
|    icmp_ln21_104_fu_5523_p2                                                  |     |        | icmp_ln21_104            | setlt     | auto                     | 0       |
|    xor_ln21_85_fu_5672_p2                                                    |     |        | xor_ln21_85              | xor       | auto                     | 0       |
|    icmp_ln21_105_fu_5537_p2                                                  |     |        | icmp_ln21_105            | setlt     | auto                     | 0       |
|    bitselect_1ns_54ns_32s_1_1_1_U52                                          |     |        | tobool134_i_7            | bitselect | auto                     | 0       |
|    lD_0_i_7_fu_5551_p2                                                       |     |        | lD_0_i_7                 | and       | auto                     | 0       |
|    icmp_ln21_106_fu_5557_p2                                                  |     |        | icmp_ln21_106            | setlt     | auto                     | 0       |
|    icmp_ln21_107_fu_5563_p2                                                  |     |        | icmp_ln21_107            | setlt     | auto                     | 0       |
|    neg_src_0_i106_7_fu_5804_p2                                               |     |        | and_ln21_35              | and       | auto                     | 0       |
|    lshr_ln21_14_fu_5577_p2                                                   |     |        | lshr_ln21_14             | lshr      | auto_pipe                | 0       |
|    lshr_ln21_15_fu_5583_p2                                                   |     |        | lshr_ln21_15             | lshr      | auto_pipe                | 0       |
|    icmp_ln21_108_fu_5589_p2                                                  |     |        | icmp_ln21_108            | seteq     | auto                     | 0       |
|    xor_ln21_86_fu_5603_p2                                                    |     |        | xor_ln21_86              | xor       | auto                     | 0       |
|    Range2_all_ones_1_i_7_fu_5609_p3                                          |     |        | Range2_all_ones_1_i_7    | select    | auto_sel                 | 0       |
|    and_ln21_36_fu_5682_p2                                                    |     |        | and_ln21_36              | and       | auto                     | 0       |
|    and_ln21_37_fu_5617_p2                                                    |     |        | and_ln21_37              | and       | auto                     | 0       |
|    xor_ln21_29_fu_5687_p2                                                    |     |        | xor_ln21_29              | xor       | auto                     | 0       |
|    icmp_ln21_109_fu_5623_p2                                                  |     |        | icmp_ln21_109            | seteq     | auto                     | 0       |
|    Range1_all_zeros_2_i_7_fu_5743_p2                                         |     |        | and_ln21_38              | and       | auto                     | 0       |
|    icmp_ln21_110_fu_5629_p2                                                  |     |        | icmp_ln21_110            | seteq     | auto                     | 0       |
|    icmp_ln21_111_fu_5635_p2                                                  |     |        | icmp_ln21_111            | seteq     | auto                     | 0       |
|    Range1_all_zeros_2_i_7_fu_5743_p6                                         |     |        | or_ln21_14               | or        | auto                     | 0       |
|    xor_ln21_87_fu_5702_p2                                                    |     |        | xor_ln21_87              | xor       | auto                     | 0       |
|    or_ln21_39_fu_5707_p2                                                     |     |        | or_ln21_39               | or        | auto                     | 0       |
|    and_ln21_98_fu_5712_p2                                                    |     |        | and_ln21_98              | and       | auto                     | 0       |
|    sparsemux_7_2_1_1_1_U54                                                   |     |        | Range1_all_ones_2_i_7    | sparsemux | onehotencoding_realdef   | 0       |
|    sparsemux_7_2_1_1_1_U55                                                   |     |        | Range1_all_zeros_2_i_7   | sparsemux | onehotencoding_realdef   | 0       |
|    select_ln21_46_fu_5763_p3                                                 |     |        | select_ln21_46           | select    | auto_sel                 | 0       |
|    and_ln21_39_fu_5770_p2                                                    |     |        | and_ln21_39              | and       | auto                     | 0       |
|    xor_ln21_31_fu_5775_p2                                                    |     |        | xor_ln21_31              | xor       | auto                     | 0       |
|    xor_ln21_61_fu_5781_p2                                                    |     |        | xor_ln21_61              | xor       | auto                     | 0       |
|    and_ln21_99_fu_5786_p2                                                    |     |        | and_ln21_99              | and       | auto                     | 0       |
|    and_ln21_100_fu_5790_p2                                                   |     |        | and_ln21_100             | and       | auto                     | 0       |
|    sparsemux_7_2_1_1_1_U56                                                   |     |        | neg_src_0_i106_7         | sparsemux | onehotencoding_realdef   | 0       |
|    xor_ln21_62_fu_5824_p2                                                    |     |        | xor_ln21_62              | xor       | auto                     | 0       |
|    and_ln21_101_fu_5830_p2                                                   |     |        | and_ln21_101             | and       | auto                     | 0       |
|    xor_ln21_63_fu_5836_p2                                                    |     |        | xor_ln21_63              | xor       | auto                     | 0       |
|    and_ln21_102_fu_5841_p2                                                   |     |        | and_ln21_102             | and       | auto                     | 0       |
|    and_ln21_103_fu_5847_p2                                                   |     |        | and_ln21_103             | and       | auto                     | 0       |
|    sparsemux_7_2_1_1_1_U57                                                   |     |        | neg_src_0_i105_7         | sparsemux | onehotencoding_realdef   | 0       |
|    or_ln21_30_fu_5880_p2                                                     |     |        | or_ln21_30               | or        | auto                     | 0       |
|    or_ln21_31_fu_5886_p2                                                     |     |        | or_ln21_31               | or        | auto                     | 0       |
|    not_sel_tmp309_fu_5891_p2                                                 |     |        | not_sel_tmp309           | xor       | auto                     | 0       |
|    or_ln21_15_fu_5897_p2                                                     |     |        | or_ln21_15               | or        | auto                     | 0       |
|    select_ln21_63_fu_5903_p3                                                 |     |        | select_ln21_63           | select    | auto_sel                 | 0       |
|    select_ln21_47_fu_5911_p3                                                 |     |        | select_ln21_47           | select    | auto_sel                 | 0       |
|    ref_tmp_i_i_3_7_fu_5919_p3                                                |     |        | ref_tmp_i_i_3_7          | select    | auto_sel                 | 0       |
|    or_ln22_fu_2056_p2                                                        |     |        | or_ln22                  | or        | auto                     | 0       |
|    or_ln22_1_fu_2062_p2                                                      |     |        | or_ln22_1                | or        | auto                     | 0       |
|    or_ln22_2_fu_2068_p2                                                      |     |        | or_ln22_2                | or        | auto                     | 0       |
|    or_ln22_3_fu_4911_p2                                                      |     |        | or_ln22_3                | or        | auto                     | 0       |
|    or_ln22_4_fu_4917_p2                                                      |     |        | or_ln22_4                | or        | auto                     | 0       |
|    or_ln22_5_fu_4923_p2                                                      |     |        | or_ln22_5                | or        | auto                     | 0       |
|    or_ln22_6_fu_4929_p2                                                      |     |        | or_ln22_6                | or        | auto                     | 0       |
|    is_last_1_fu_4934_p2                                                      |     |        | is_last_1                | or        | auto                     | 0       |
|  + wedrowiec_hls                                                             | 4   |        |                          |           |                          |         |
|   + dense_array_ap_ufixed_8u_array_ap_fixed_25_12_5_3_0_32u_config3_s        | 1   |        |                          |           |                          |         |
|    + dense_array_array_ap_fixed_25_12_5_3_0_32u_config3_Pipeline_DataPrepare | 0   |        |                          |           |                          |         |
|      icmp_ln34_fu_928_p2                                                     |     |        | icmp_ln34                | seteq     | auto                     | 0       |
|      add_ln34_fu_934_p2                                                      |     |        | add_ln34                 | add       | fabric                   | 0       |
|    + dense_resource_rf_gt_nin_rem0_ap_ufixed_ap_fixed_25_12_5_3_0_config3_s  | 1   |        |                          |           |                          |         |
|      sparsemux_129_6_8_1_1_U132                                              |     |        | a                        | sparsemux | compactencoding_dontcare | 0       |
|      mac_muladd_8ns_7s_25s_26_1_1_U134                                       | 1   |        | mul_ln73                 | mul       | dsp_slice                | 0       |
|      sparsemux_65_5_25_1_1_U133                                              |     |        | tmp                      | sparsemux | compactencoding_dontcare | 0       |
|      mac_muladd_8ns_7s_25s_26_1_1_U134                                       | 1   |        | sext_ln144_1             | sext      | dsp_slice                | 0       |
|      mac_muladd_8ns_7s_25s_26_1_1_U134                                       | 1   |        | add_ln144                | add       | dsp_slice                | 0       |
|      icmp_ln144_fu_9994_p2                                                   |     |        | icmp_ln144               | seteq     | auto                     | 0       |
|      w_index_fu_9566_p2                                                      |     |        | w_index                  | add       | fabric                   | 0       |
|      in_index_1_fu_10034_p2                                                  |     |        | in_index_1               | add       | fabric                   | 0       |
|      icmp_ln154_fu_10050_p2                                                  |     |        | icmp_ln154               | setgt     | auto                     | 0       |
|      in_index_fu_10056_p3                                                    |     |        | in_index                 | select    | auto_sel                 | 0       |
|      icmp_ln135_fu_9572_p2                                                   |     |        | icmp_ln135               | seteq     | auto                     | 0       |
|   + relu_array_ap_fixed_32u_array_ap_fixed_10_4_0_0_0_32u_relu_config4_s     | 0   |        |                          |           |                          |         |
|     icmp_ln51_fu_753_p2                                                      |     |        | icmp_ln51                | setgt     | auto                     | 0       |
|     add_ln52_fu_797_p2                                                       |     |        | add_ln52                 | add       | fabric                   | 0       |
|     icmp_ln52_fu_821_p2                                                      |     |        | icmp_ln52                | seteq     | auto                     | 0       |
|     xor_ln52_fu_827_p2                                                       |     |        | xor_ln52                 | xor       | auto                     | 0       |
|     or_ln52_97_fu_833_p2                                                     |     |        | or_ln52_97               | or        | auto                     | 0       |
|     and_ln52_fu_839_p2                                                       |     |        | and_ln52                 | and       | auto                     | 0       |
|     xor_ln52_96_fu_845_p2                                                    |     |        | xor_ln52_96              | xor       | auto                     | 0       |
|     or_ln52_fu_851_p2                                                        |     |        | or_ln52                  | or        | auto                     | 0       |
|     xor_ln52_97_fu_857_p2                                                    |     |        | xor_ln52_97              | xor       | auto                     | 0       |
|     and_ln52_64_fu_863_p2                                                    |     |        | and_ln52_64              | and       | auto                     | 0       |
|     select_ln52_fu_869_p3                                                    |     |        | select_ln52              | select    | auto_sel                 | 0       |
|     or_ln52_99_fu_877_p2                                                     |     |        | or_ln52_99               | or        | auto                     | 0       |
|     select_ln52_64_fu_883_p3                                                 |     |        | select_ln52_64           | select    | auto_sel                 | 0       |
|     out_data_0_0_0_0_0_load_fu_891_p3                                        |     |        | out_data_0_0_0_0_0_load  | select    | auto_sel                 | 0       |
|     icmp_ln51_32_fu_899_p2                                                   |     |        | icmp_ln51_32             | setgt     | auto                     | 0       |
|     add_ln52_32_fu_943_p2                                                    |     |        | add_ln52_32              | add       | fabric                   | 0       |
|     icmp_ln52_32_fu_967_p2                                                   |     |        | icmp_ln52_32             | seteq     | auto                     | 0       |
|     xor_ln52_98_fu_973_p2                                                    |     |        | xor_ln52_98              | xor       | auto                     | 0       |
|     or_ln52_101_fu_979_p2                                                    |     |        | or_ln52_101              | or        | auto                     | 0       |
|     and_ln52_65_fu_985_p2                                                    |     |        | and_ln52_65              | and       | auto                     | 0       |
|     xor_ln52_99_fu_991_p2                                                    |     |        | xor_ln52_99              | xor       | auto                     | 0       |
|     or_ln52_96_fu_997_p2                                                     |     |        | or_ln52_96               | or        | auto                     | 0       |
|     xor_ln52_100_fu_1003_p2                                                  |     |        | xor_ln52_100             | xor       | auto                     | 0       |
|     and_ln52_66_fu_1009_p2                                                   |     |        | and_ln52_66              | and       | auto                     | 0       |
|     select_ln52_65_fu_1015_p3                                                |     |        | select_ln52_65           | select    | auto_sel                 | 0       |
|     or_ln52_103_fu_1023_p2                                                   |     |        | or_ln52_103              | or        | auto                     | 0       |
|     select_ln52_66_fu_1029_p3                                                |     |        | select_ln52_66           | select    | auto_sel                 | 0       |
|     out_data_0_1_0_0_0_load_fu_1037_p3                                       |     |        | out_data_0_1_0_0_0_load  | select    | auto_sel                 | 0       |
|     icmp_ln51_33_fu_1045_p2                                                  |     |        | icmp_ln51_33             | setgt     | auto                     | 0       |
|     add_ln52_33_fu_1089_p2                                                   |     |        | add_ln52_33              | add       | fabric                   | 0       |
|     icmp_ln52_33_fu_1113_p2                                                  |     |        | icmp_ln52_33             | seteq     | auto                     | 0       |
|     xor_ln52_101_fu_1119_p2                                                  |     |        | xor_ln52_101             | xor       | auto                     | 0       |
|     or_ln52_105_fu_1125_p2                                                   |     |        | or_ln52_105              | or        | auto                     | 0       |
|     and_ln52_67_fu_1131_p2                                                   |     |        | and_ln52_67              | and       | auto                     | 0       |
|     xor_ln52_102_fu_1137_p2                                                  |     |        | xor_ln52_102             | xor       | auto                     | 0       |
|     or_ln52_98_fu_1143_p2                                                    |     |        | or_ln52_98               | or        | auto                     | 0       |
|     xor_ln52_103_fu_1149_p2                                                  |     |        | xor_ln52_103             | xor       | auto                     | 0       |
|     and_ln52_68_fu_1155_p2                                                   |     |        | and_ln52_68              | and       | auto                     | 0       |
|     select_ln52_67_fu_1161_p3                                                |     |        | select_ln52_67           | select    | auto_sel                 | 0       |
|     or_ln52_107_fu_1169_p2                                                   |     |        | or_ln52_107              | or        | auto                     | 0       |
|     select_ln52_68_fu_1175_p3                                                |     |        | select_ln52_68           | select    | auto_sel                 | 0       |
|     out_data_0_2_0_0_0_load_fu_1183_p3                                       |     |        | out_data_0_2_0_0_0_load  | select    | auto_sel                 | 0       |
|     icmp_ln51_34_fu_1191_p2                                                  |     |        | icmp_ln51_34             | setgt     | auto                     | 0       |
|     add_ln52_34_fu_1235_p2                                                   |     |        | add_ln52_34              | add       | fabric                   | 0       |
|     icmp_ln52_34_fu_1259_p2                                                  |     |        | icmp_ln52_34             | seteq     | auto                     | 0       |
|     xor_ln52_104_fu_1265_p2                                                  |     |        | xor_ln52_104             | xor       | auto                     | 0       |
|     or_ln52_109_fu_1271_p2                                                   |     |        | or_ln52_109              | or        | auto                     | 0       |
|     and_ln52_69_fu_1277_p2                                                   |     |        | and_ln52_69              | and       | auto                     | 0       |
|     xor_ln52_105_fu_1283_p2                                                  |     |        | xor_ln52_105             | xor       | auto                     | 0       |
|     or_ln52_100_fu_1289_p2                                                   |     |        | or_ln52_100              | or        | auto                     | 0       |
|     xor_ln52_106_fu_1295_p2                                                  |     |        | xor_ln52_106             | xor       | auto                     | 0       |
|     and_ln52_70_fu_1301_p2                                                   |     |        | and_ln52_70              | and       | auto                     | 0       |
|     select_ln52_69_fu_1307_p3                                                |     |        | select_ln52_69           | select    | auto_sel                 | 0       |
|     or_ln52_111_fu_1315_p2                                                   |     |        | or_ln52_111              | or        | auto                     | 0       |
|     select_ln52_70_fu_1321_p3                                                |     |        | select_ln52_70           | select    | auto_sel                 | 0       |
|     out_data_0_3_0_0_0_load_fu_1329_p3                                       |     |        | out_data_0_3_0_0_0_load  | select    | auto_sel                 | 0       |
|     icmp_ln51_35_fu_1337_p2                                                  |     |        | icmp_ln51_35             | setgt     | auto                     | 0       |
|     add_ln52_35_fu_1381_p2                                                   |     |        | add_ln52_35              | add       | fabric                   | 0       |
|     icmp_ln52_35_fu_1405_p2                                                  |     |        | icmp_ln52_35             | seteq     | auto                     | 0       |
|     xor_ln52_107_fu_1411_p2                                                  |     |        | xor_ln52_107             | xor       | auto                     | 0       |
|     or_ln52_113_fu_1417_p2                                                   |     |        | or_ln52_113              | or        | auto                     | 0       |
|     and_ln52_71_fu_1423_p2                                                   |     |        | and_ln52_71              | and       | auto                     | 0       |
|     xor_ln52_108_fu_1429_p2                                                  |     |        | xor_ln52_108             | xor       | auto                     | 0       |
|     or_ln52_102_fu_1435_p2                                                   |     |        | or_ln52_102              | or        | auto                     | 0       |
|     xor_ln52_109_fu_1441_p2                                                  |     |        | xor_ln52_109             | xor       | auto                     | 0       |
|     and_ln52_72_fu_1447_p2                                                   |     |        | and_ln52_72              | and       | auto                     | 0       |
|     select_ln52_71_fu_1453_p3                                                |     |        | select_ln52_71           | select    | auto_sel                 | 0       |
|     or_ln52_115_fu_1461_p2                                                   |     |        | or_ln52_115              | or        | auto                     | 0       |
|     select_ln52_72_fu_1467_p3                                                |     |        | select_ln52_72           | select    | auto_sel                 | 0       |
|     out_data_0_4_0_0_0_load_fu_1475_p3                                       |     |        | out_data_0_4_0_0_0_load  | select    | auto_sel                 | 0       |
|     icmp_ln51_36_fu_1483_p2                                                  |     |        | icmp_ln51_36             | setgt     | auto                     | 0       |
|     add_ln52_36_fu_1527_p2                                                   |     |        | add_ln52_36              | add       | fabric                   | 0       |
|     icmp_ln52_36_fu_1551_p2                                                  |     |        | icmp_ln52_36             | seteq     | auto                     | 0       |
|     xor_ln52_110_fu_1557_p2                                                  |     |        | xor_ln52_110             | xor       | auto                     | 0       |
|     or_ln52_117_fu_1563_p2                                                   |     |        | or_ln52_117              | or        | auto                     | 0       |
|     and_ln52_73_fu_1569_p2                                                   |     |        | and_ln52_73              | and       | auto                     | 0       |
|     xor_ln52_111_fu_1575_p2                                                  |     |        | xor_ln52_111             | xor       | auto                     | 0       |
|     or_ln52_104_fu_1581_p2                                                   |     |        | or_ln52_104              | or        | auto                     | 0       |
|     xor_ln52_112_fu_1587_p2                                                  |     |        | xor_ln52_112             | xor       | auto                     | 0       |
|     and_ln52_74_fu_1593_p2                                                   |     |        | and_ln52_74              | and       | auto                     | 0       |
|     select_ln52_73_fu_1599_p3                                                |     |        | select_ln52_73           | select    | auto_sel                 | 0       |
|     or_ln52_119_fu_1607_p2                                                   |     |        | or_ln52_119              | or        | auto                     | 0       |
|     select_ln52_74_fu_1613_p3                                                |     |        | select_ln52_74           | select    | auto_sel                 | 0       |
|     out_data_0_5_0_0_0_load_fu_1621_p3                                       |     |        | out_data_0_5_0_0_0_load  | select    | auto_sel                 | 0       |
|     icmp_ln51_37_fu_1629_p2                                                  |     |        | icmp_ln51_37             | setgt     | auto                     | 0       |
|     add_ln52_37_fu_1673_p2                                                   |     |        | add_ln52_37              | add       | fabric                   | 0       |
|     icmp_ln52_37_fu_1697_p2                                                  |     |        | icmp_ln52_37             | seteq     | auto                     | 0       |
|     xor_ln52_113_fu_1703_p2                                                  |     |        | xor_ln52_113             | xor       | auto                     | 0       |
|     or_ln52_121_fu_1709_p2                                                   |     |        | or_ln52_121              | or        | auto                     | 0       |
|     and_ln52_75_fu_1715_p2                                                   |     |        | and_ln52_75              | and       | auto                     | 0       |
|     xor_ln52_114_fu_1721_p2                                                  |     |        | xor_ln52_114             | xor       | auto                     | 0       |
|     or_ln52_106_fu_1727_p2                                                   |     |        | or_ln52_106              | or        | auto                     | 0       |
|     xor_ln52_115_fu_1733_p2                                                  |     |        | xor_ln52_115             | xor       | auto                     | 0       |
|     and_ln52_76_fu_1739_p2                                                   |     |        | and_ln52_76              | and       | auto                     | 0       |
|     select_ln52_75_fu_1745_p3                                                |     |        | select_ln52_75           | select    | auto_sel                 | 0       |
|     or_ln52_123_fu_1753_p2                                                   |     |        | or_ln52_123              | or        | auto                     | 0       |
|     select_ln52_76_fu_1759_p3                                                |     |        | select_ln52_76           | select    | auto_sel                 | 0       |
|     out_data_0_6_0_0_0_load_fu_1767_p3                                       |     |        | out_data_0_6_0_0_0_load  | select    | auto_sel                 | 0       |
|     icmp_ln51_38_fu_1775_p2                                                  |     |        | icmp_ln51_38             | setgt     | auto                     | 0       |
|     add_ln52_38_fu_1819_p2                                                   |     |        | add_ln52_38              | add       | fabric                   | 0       |
|     icmp_ln52_38_fu_1843_p2                                                  |     |        | icmp_ln52_38             | seteq     | auto                     | 0       |
|     xor_ln52_116_fu_1849_p2                                                  |     |        | xor_ln52_116             | xor       | auto                     | 0       |
|     or_ln52_125_fu_1855_p2                                                   |     |        | or_ln52_125              | or        | auto                     | 0       |
|     and_ln52_77_fu_1861_p2                                                   |     |        | and_ln52_77              | and       | auto                     | 0       |
|     xor_ln52_117_fu_1867_p2                                                  |     |        | xor_ln52_117             | xor       | auto                     | 0       |
|     or_ln52_108_fu_1873_p2                                                   |     |        | or_ln52_108              | or        | auto                     | 0       |
|     xor_ln52_118_fu_1879_p2                                                  |     |        | xor_ln52_118             | xor       | auto                     | 0       |
|     and_ln52_78_fu_1885_p2                                                   |     |        | and_ln52_78              | and       | auto                     | 0       |
|     select_ln52_77_fu_1891_p3                                                |     |        | select_ln52_77           | select    | auto_sel                 | 0       |
|     or_ln52_127_fu_1899_p2                                                   |     |        | or_ln52_127              | or        | auto                     | 0       |
|     select_ln52_78_fu_1905_p3                                                |     |        | select_ln52_78           | select    | auto_sel                 | 0       |
|     out_data_0_7_0_0_0_load_fu_1913_p3                                       |     |        | out_data_0_7_0_0_0_load  | select    | auto_sel                 | 0       |
|     icmp_ln51_39_fu_1921_p2                                                  |     |        | icmp_ln51_39             | setgt     | auto                     | 0       |
|     add_ln52_39_fu_1965_p2                                                   |     |        | add_ln52_39              | add       | fabric                   | 0       |
|     icmp_ln52_39_fu_1989_p2                                                  |     |        | icmp_ln52_39             | seteq     | auto                     | 0       |
|     xor_ln52_119_fu_1995_p2                                                  |     |        | xor_ln52_119             | xor       | auto                     | 0       |
|     or_ln52_129_fu_2001_p2                                                   |     |        | or_ln52_129              | or        | auto                     | 0       |
|     and_ln52_79_fu_2007_p2                                                   |     |        | and_ln52_79              | and       | auto                     | 0       |
|     xor_ln52_120_fu_2013_p2                                                  |     |        | xor_ln52_120             | xor       | auto                     | 0       |
|     or_ln52_110_fu_2019_p2                                                   |     |        | or_ln52_110              | or        | auto                     | 0       |
|     xor_ln52_121_fu_2025_p2                                                  |     |        | xor_ln52_121             | xor       | auto                     | 0       |
|     and_ln52_80_fu_2031_p2                                                   |     |        | and_ln52_80              | and       | auto                     | 0       |
|     select_ln52_79_fu_2037_p3                                                |     |        | select_ln52_79           | select    | auto_sel                 | 0       |
|     or_ln52_131_fu_2045_p2                                                   |     |        | or_ln52_131              | or        | auto                     | 0       |
|     select_ln52_80_fu_2051_p3                                                |     |        | select_ln52_80           | select    | auto_sel                 | 0       |
|     out_data_0_8_0_0_0_load_fu_2059_p3                                       |     |        | out_data_0_8_0_0_0_load  | select    | auto_sel                 | 0       |
|     icmp_ln51_40_fu_2067_p2                                                  |     |        | icmp_ln51_40             | setgt     | auto                     | 0       |
|     add_ln52_40_fu_2111_p2                                                   |     |        | add_ln52_40              | add       | fabric                   | 0       |
|     icmp_ln52_40_fu_2135_p2                                                  |     |        | icmp_ln52_40             | seteq     | auto                     | 0       |
|     xor_ln52_122_fu_2141_p2                                                  |     |        | xor_ln52_122             | xor       | auto                     | 0       |
|     or_ln52_133_fu_2147_p2                                                   |     |        | or_ln52_133              | or        | auto                     | 0       |
|     and_ln52_81_fu_2153_p2                                                   |     |        | and_ln52_81              | and       | auto                     | 0       |
|     xor_ln52_123_fu_2159_p2                                                  |     |        | xor_ln52_123             | xor       | auto                     | 0       |
|     or_ln52_112_fu_2165_p2                                                   |     |        | or_ln52_112              | or        | auto                     | 0       |
|     xor_ln52_124_fu_2171_p2                                                  |     |        | xor_ln52_124             | xor       | auto                     | 0       |
|     and_ln52_82_fu_2177_p2                                                   |     |        | and_ln52_82              | and       | auto                     | 0       |
|     select_ln52_81_fu_2183_p3                                                |     |        | select_ln52_81           | select    | auto_sel                 | 0       |
|     or_ln52_135_fu_2191_p2                                                   |     |        | or_ln52_135              | or        | auto                     | 0       |
|     select_ln52_82_fu_2197_p3                                                |     |        | select_ln52_82           | select    | auto_sel                 | 0       |
|     out_data_0_9_0_0_0_load_fu_2205_p3                                       |     |        | out_data_0_9_0_0_0_load  | select    | auto_sel                 | 0       |
|     icmp_ln51_41_fu_2213_p2                                                  |     |        | icmp_ln51_41             | setgt     | auto                     | 0       |
|     add_ln52_41_fu_2257_p2                                                   |     |        | add_ln52_41              | add       | fabric                   | 0       |
|     icmp_ln52_41_fu_2281_p2                                                  |     |        | icmp_ln52_41             | seteq     | auto                     | 0       |
|     xor_ln52_125_fu_2287_p2                                                  |     |        | xor_ln52_125             | xor       | auto                     | 0       |
|     or_ln52_137_fu_2293_p2                                                   |     |        | or_ln52_137              | or        | auto                     | 0       |
|     and_ln52_83_fu_2299_p2                                                   |     |        | and_ln52_83              | and       | auto                     | 0       |
|     xor_ln52_126_fu_2305_p2                                                  |     |        | xor_ln52_126             | xor       | auto                     | 0       |
|     or_ln52_114_fu_2311_p2                                                   |     |        | or_ln52_114              | or        | auto                     | 0       |
|     xor_ln52_127_fu_2317_p2                                                  |     |        | xor_ln52_127             | xor       | auto                     | 0       |
|     and_ln52_84_fu_2323_p2                                                   |     |        | and_ln52_84              | and       | auto                     | 0       |
|     select_ln52_83_fu_2329_p3                                                |     |        | select_ln52_83           | select    | auto_sel                 | 0       |
|     or_ln52_139_fu_2337_p2                                                   |     |        | or_ln52_139              | or        | auto                     | 0       |
|     select_ln52_84_fu_2343_p3                                                |     |        | select_ln52_84           | select    | auto_sel                 | 0       |
|     out_data_0_10_0_0_0_load_fu_2351_p3                                      |     |        | out_data_0_10_0_0_0_load | select    | auto_sel                 | 0       |
|     icmp_ln51_42_fu_2359_p2                                                  |     |        | icmp_ln51_42             | setgt     | auto                     | 0       |
|     add_ln52_42_fu_2403_p2                                                   |     |        | add_ln52_42              | add       | fabric                   | 0       |
|     icmp_ln52_42_fu_2427_p2                                                  |     |        | icmp_ln52_42             | seteq     | auto                     | 0       |
|     xor_ln52_128_fu_2433_p2                                                  |     |        | xor_ln52_128             | xor       | auto                     | 0       |
|     or_ln52_141_fu_2439_p2                                                   |     |        | or_ln52_141              | or        | auto                     | 0       |
|     and_ln52_85_fu_2445_p2                                                   |     |        | and_ln52_85              | and       | auto                     | 0       |
|     xor_ln52_129_fu_2451_p2                                                  |     |        | xor_ln52_129             | xor       | auto                     | 0       |
|     or_ln52_116_fu_2457_p2                                                   |     |        | or_ln52_116              | or        | auto                     | 0       |
|     xor_ln52_130_fu_2463_p2                                                  |     |        | xor_ln52_130             | xor       | auto                     | 0       |
|     and_ln52_86_fu_2469_p2                                                   |     |        | and_ln52_86              | and       | auto                     | 0       |
|     select_ln52_85_fu_2475_p3                                                |     |        | select_ln52_85           | select    | auto_sel                 | 0       |
|     or_ln52_143_fu_2483_p2                                                   |     |        | or_ln52_143              | or        | auto                     | 0       |
|     select_ln52_86_fu_2489_p3                                                |     |        | select_ln52_86           | select    | auto_sel                 | 0       |
|     out_data_0_11_0_0_0_load_fu_2497_p3                                      |     |        | out_data_0_11_0_0_0_load | select    | auto_sel                 | 0       |
|     icmp_ln51_43_fu_2505_p2                                                  |     |        | icmp_ln51_43             | setgt     | auto                     | 0       |
|     add_ln52_43_fu_2549_p2                                                   |     |        | add_ln52_43              | add       | fabric                   | 0       |
|     icmp_ln52_43_fu_2573_p2                                                  |     |        | icmp_ln52_43             | seteq     | auto                     | 0       |
|     xor_ln52_131_fu_2579_p2                                                  |     |        | xor_ln52_131             | xor       | auto                     | 0       |
|     or_ln52_145_fu_2585_p2                                                   |     |        | or_ln52_145              | or        | auto                     | 0       |
|     and_ln52_87_fu_2591_p2                                                   |     |        | and_ln52_87              | and       | auto                     | 0       |
|     xor_ln52_132_fu_2597_p2                                                  |     |        | xor_ln52_132             | xor       | auto                     | 0       |
|     or_ln52_118_fu_2603_p2                                                   |     |        | or_ln52_118              | or        | auto                     | 0       |
|     xor_ln52_133_fu_2609_p2                                                  |     |        | xor_ln52_133             | xor       | auto                     | 0       |
|     and_ln52_88_fu_2615_p2                                                   |     |        | and_ln52_88              | and       | auto                     | 0       |
|     select_ln52_87_fu_2621_p3                                                |     |        | select_ln52_87           | select    | auto_sel                 | 0       |
|     or_ln52_147_fu_2629_p2                                                   |     |        | or_ln52_147              | or        | auto                     | 0       |
|     select_ln52_88_fu_2635_p3                                                |     |        | select_ln52_88           | select    | auto_sel                 | 0       |
|     out_data_0_12_0_0_0_load_fu_2643_p3                                      |     |        | out_data_0_12_0_0_0_load | select    | auto_sel                 | 0       |
|     icmp_ln51_44_fu_2651_p2                                                  |     |        | icmp_ln51_44             | setgt     | auto                     | 0       |
|     add_ln52_44_fu_2695_p2                                                   |     |        | add_ln52_44              | add       | fabric                   | 0       |
|     icmp_ln52_44_fu_2719_p2                                                  |     |        | icmp_ln52_44             | seteq     | auto                     | 0       |
|     xor_ln52_134_fu_2725_p2                                                  |     |        | xor_ln52_134             | xor       | auto                     | 0       |
|     or_ln52_149_fu_2731_p2                                                   |     |        | or_ln52_149              | or        | auto                     | 0       |
|     and_ln52_89_fu_2737_p2                                                   |     |        | and_ln52_89              | and       | auto                     | 0       |
|     xor_ln52_135_fu_2743_p2                                                  |     |        | xor_ln52_135             | xor       | auto                     | 0       |
|     or_ln52_120_fu_2749_p2                                                   |     |        | or_ln52_120              | or        | auto                     | 0       |
|     xor_ln52_136_fu_2755_p2                                                  |     |        | xor_ln52_136             | xor       | auto                     | 0       |
|     and_ln52_90_fu_2761_p2                                                   |     |        | and_ln52_90              | and       | auto                     | 0       |
|     select_ln52_89_fu_2767_p3                                                |     |        | select_ln52_89           | select    | auto_sel                 | 0       |
|     or_ln52_151_fu_2775_p2                                                   |     |        | or_ln52_151              | or        | auto                     | 0       |
|     select_ln52_90_fu_2781_p3                                                |     |        | select_ln52_90           | select    | auto_sel                 | 0       |
|     out_data_0_13_0_0_0_load_fu_2789_p3                                      |     |        | out_data_0_13_0_0_0_load | select    | auto_sel                 | 0       |
|     icmp_ln51_45_fu_2797_p2                                                  |     |        | icmp_ln51_45             | setgt     | auto                     | 0       |
|     add_ln52_45_fu_2841_p2                                                   |     |        | add_ln52_45              | add       | fabric                   | 0       |
|     icmp_ln52_45_fu_2865_p2                                                  |     |        | icmp_ln52_45             | seteq     | auto                     | 0       |
|     xor_ln52_137_fu_2871_p2                                                  |     |        | xor_ln52_137             | xor       | auto                     | 0       |
|     or_ln52_153_fu_2877_p2                                                   |     |        | or_ln52_153              | or        | auto                     | 0       |
|     and_ln52_91_fu_2883_p2                                                   |     |        | and_ln52_91              | and       | auto                     | 0       |
|     xor_ln52_138_fu_2889_p2                                                  |     |        | xor_ln52_138             | xor       | auto                     | 0       |
|     or_ln52_122_fu_2895_p2                                                   |     |        | or_ln52_122              | or        | auto                     | 0       |
|     xor_ln52_139_fu_2901_p2                                                  |     |        | xor_ln52_139             | xor       | auto                     | 0       |
|     and_ln52_92_fu_2907_p2                                                   |     |        | and_ln52_92              | and       | auto                     | 0       |
|     select_ln52_91_fu_2913_p3                                                |     |        | select_ln52_91           | select    | auto_sel                 | 0       |
|     or_ln52_155_fu_2921_p2                                                   |     |        | or_ln52_155              | or        | auto                     | 0       |
|     select_ln52_92_fu_2927_p3                                                |     |        | select_ln52_92           | select    | auto_sel                 | 0       |
|     out_data_0_14_0_0_0_load_fu_2935_p3                                      |     |        | out_data_0_14_0_0_0_load | select    | auto_sel                 | 0       |
|     icmp_ln51_46_fu_2943_p2                                                  |     |        | icmp_ln51_46             | setgt     | auto                     | 0       |
|     add_ln52_46_fu_2987_p2                                                   |     |        | add_ln52_46              | add       | fabric                   | 0       |
|     icmp_ln52_46_fu_3011_p2                                                  |     |        | icmp_ln52_46             | seteq     | auto                     | 0       |
|     xor_ln52_140_fu_3017_p2                                                  |     |        | xor_ln52_140             | xor       | auto                     | 0       |
|     or_ln52_157_fu_3023_p2                                                   |     |        | or_ln52_157              | or        | auto                     | 0       |
|     and_ln52_93_fu_3029_p2                                                   |     |        | and_ln52_93              | and       | auto                     | 0       |
|     xor_ln52_141_fu_3035_p2                                                  |     |        | xor_ln52_141             | xor       | auto                     | 0       |
|     or_ln52_124_fu_3041_p2                                                   |     |        | or_ln52_124              | or        | auto                     | 0       |
|     xor_ln52_142_fu_3047_p2                                                  |     |        | xor_ln52_142             | xor       | auto                     | 0       |
|     and_ln52_94_fu_3053_p2                                                   |     |        | and_ln52_94              | and       | auto                     | 0       |
|     select_ln52_93_fu_3059_p3                                                |     |        | select_ln52_93           | select    | auto_sel                 | 0       |
|     or_ln52_158_fu_3067_p2                                                   |     |        | or_ln52_158              | or        | auto                     | 0       |
|     select_ln52_94_fu_3073_p3                                                |     |        | select_ln52_94           | select    | auto_sel                 | 0       |
|     out_data_0_15_0_0_0_load_fu_3081_p3                                      |     |        | out_data_0_15_0_0_0_load | select    | auto_sel                 | 0       |
|     icmp_ln51_47_fu_3089_p2                                                  |     |        | icmp_ln51_47             | setgt     | auto                     | 0       |
|     add_ln52_47_fu_3133_p2                                                   |     |        | add_ln52_47              | add       | fabric                   | 0       |
|     icmp_ln52_47_fu_3157_p2                                                  |     |        | icmp_ln52_47             | seteq     | auto                     | 0       |
|     xor_ln52_143_fu_3163_p2                                                  |     |        | xor_ln52_143             | xor       | auto                     | 0       |
|     or_ln52_159_fu_3169_p2                                                   |     |        | or_ln52_159              | or        | auto                     | 0       |
|     and_ln52_95_fu_3175_p2                                                   |     |        | and_ln52_95              | and       | auto                     | 0       |
|     xor_ln52_144_fu_3181_p2                                                  |     |        | xor_ln52_144             | xor       | auto                     | 0       |
|     or_ln52_126_fu_3187_p2                                                   |     |        | or_ln52_126              | or        | auto                     | 0       |
|     xor_ln52_145_fu_3193_p2                                                  |     |        | xor_ln52_145             | xor       | auto                     | 0       |
|     and_ln52_96_fu_3199_p2                                                   |     |        | and_ln52_96              | and       | auto                     | 0       |
|     select_ln52_95_fu_3205_p3                                                |     |        | select_ln52_95           | select    | auto_sel                 | 0       |
|     or_ln52_160_fu_3213_p2                                                   |     |        | or_ln52_160              | or        | auto                     | 0       |
|     select_ln52_96_fu_3219_p3                                                |     |        | select_ln52_96           | select    | auto_sel                 | 0       |
|     out_data_0_16_0_0_0_load_fu_3227_p3                                      |     |        | out_data_0_16_0_0_0_load | select    | auto_sel                 | 0       |
|     icmp_ln51_48_fu_3235_p2                                                  |     |        | icmp_ln51_48             | setgt     | auto                     | 0       |
|     add_ln52_48_fu_3279_p2                                                   |     |        | add_ln52_48              | add       | fabric                   | 0       |
|     icmp_ln52_48_fu_3303_p2                                                  |     |        | icmp_ln52_48             | seteq     | auto                     | 0       |
|     xor_ln52_146_fu_3309_p2                                                  |     |        | xor_ln52_146             | xor       | auto                     | 0       |
|     or_ln52_161_fu_3315_p2                                                   |     |        | or_ln52_161              | or        | auto                     | 0       |
|     and_ln52_97_fu_3321_p2                                                   |     |        | and_ln52_97              | and       | auto                     | 0       |
|     xor_ln52_147_fu_3327_p2                                                  |     |        | xor_ln52_147             | xor       | auto                     | 0       |
|     or_ln52_128_fu_3333_p2                                                   |     |        | or_ln52_128              | or        | auto                     | 0       |
|     xor_ln52_148_fu_3339_p2                                                  |     |        | xor_ln52_148             | xor       | auto                     | 0       |
|     and_ln52_98_fu_3345_p2                                                   |     |        | and_ln52_98              | and       | auto                     | 0       |
|     select_ln52_97_fu_3351_p3                                                |     |        | select_ln52_97           | select    | auto_sel                 | 0       |
|     or_ln52_162_fu_3359_p2                                                   |     |        | or_ln52_162              | or        | auto                     | 0       |
|     select_ln52_98_fu_3365_p3                                                |     |        | select_ln52_98           | select    | auto_sel                 | 0       |
|     out_data_0_17_0_0_0_load_fu_3373_p3                                      |     |        | out_data_0_17_0_0_0_load | select    | auto_sel                 | 0       |
|     icmp_ln51_49_fu_3381_p2                                                  |     |        | icmp_ln51_49             | setgt     | auto                     | 0       |
|     add_ln52_49_fu_3425_p2                                                   |     |        | add_ln52_49              | add       | fabric                   | 0       |
|     icmp_ln52_49_fu_3449_p2                                                  |     |        | icmp_ln52_49             | seteq     | auto                     | 0       |
|     xor_ln52_149_fu_3455_p2                                                  |     |        | xor_ln52_149             | xor       | auto                     | 0       |
|     or_ln52_163_fu_3461_p2                                                   |     |        | or_ln52_163              | or        | auto                     | 0       |
|     and_ln52_99_fu_3467_p2                                                   |     |        | and_ln52_99              | and       | auto                     | 0       |
|     xor_ln52_150_fu_3473_p2                                                  |     |        | xor_ln52_150             | xor       | auto                     | 0       |
|     or_ln52_130_fu_3479_p2                                                   |     |        | or_ln52_130              | or        | auto                     | 0       |
|     xor_ln52_151_fu_3485_p2                                                  |     |        | xor_ln52_151             | xor       | auto                     | 0       |
|     and_ln52_100_fu_3491_p2                                                  |     |        | and_ln52_100             | and       | auto                     | 0       |
|     select_ln52_99_fu_3497_p3                                                |     |        | select_ln52_99           | select    | auto_sel                 | 0       |
|     or_ln52_164_fu_3505_p2                                                   |     |        | or_ln52_164              | or        | auto                     | 0       |
|     select_ln52_100_fu_3511_p3                                               |     |        | select_ln52_100          | select    | auto_sel                 | 0       |
|     out_data_0_18_0_0_0_load_fu_3519_p3                                      |     |        | out_data_0_18_0_0_0_load | select    | auto_sel                 | 0       |
|     icmp_ln51_50_fu_3527_p2                                                  |     |        | icmp_ln51_50             | setgt     | auto                     | 0       |
|     add_ln52_50_fu_3571_p2                                                   |     |        | add_ln52_50              | add       | fabric                   | 0       |
|     icmp_ln52_50_fu_3595_p2                                                  |     |        | icmp_ln52_50             | seteq     | auto                     | 0       |
|     xor_ln52_152_fu_3601_p2                                                  |     |        | xor_ln52_152             | xor       | auto                     | 0       |
|     or_ln52_165_fu_3607_p2                                                   |     |        | or_ln52_165              | or        | auto                     | 0       |
|     and_ln52_101_fu_3613_p2                                                  |     |        | and_ln52_101             | and       | auto                     | 0       |
|     xor_ln52_153_fu_3619_p2                                                  |     |        | xor_ln52_153             | xor       | auto                     | 0       |
|     or_ln52_132_fu_3625_p2                                                   |     |        | or_ln52_132              | or        | auto                     | 0       |
|     xor_ln52_154_fu_3631_p2                                                  |     |        | xor_ln52_154             | xor       | auto                     | 0       |
|     and_ln52_102_fu_3637_p2                                                  |     |        | and_ln52_102             | and       | auto                     | 0       |
|     select_ln52_101_fu_3643_p3                                               |     |        | select_ln52_101          | select    | auto_sel                 | 0       |
|     or_ln52_166_fu_3651_p2                                                   |     |        | or_ln52_166              | or        | auto                     | 0       |
|     select_ln52_102_fu_3657_p3                                               |     |        | select_ln52_102          | select    | auto_sel                 | 0       |
|     out_data_0_19_0_0_0_load_fu_3665_p3                                      |     |        | out_data_0_19_0_0_0_load | select    | auto_sel                 | 0       |
|     icmp_ln51_51_fu_3673_p2                                                  |     |        | icmp_ln51_51             | setgt     | auto                     | 0       |
|     add_ln52_51_fu_3717_p2                                                   |     |        | add_ln52_51              | add       | fabric                   | 0       |
|     icmp_ln52_51_fu_3741_p2                                                  |     |        | icmp_ln52_51             | seteq     | auto                     | 0       |
|     xor_ln52_155_fu_3747_p2                                                  |     |        | xor_ln52_155             | xor       | auto                     | 0       |
|     or_ln52_167_fu_3753_p2                                                   |     |        | or_ln52_167              | or        | auto                     | 0       |
|     and_ln52_103_fu_3759_p2                                                  |     |        | and_ln52_103             | and       | auto                     | 0       |
|     xor_ln52_156_fu_3765_p2                                                  |     |        | xor_ln52_156             | xor       | auto                     | 0       |
|     or_ln52_134_fu_3771_p2                                                   |     |        | or_ln52_134              | or        | auto                     | 0       |
|     xor_ln52_157_fu_3777_p2                                                  |     |        | xor_ln52_157             | xor       | auto                     | 0       |
|     and_ln52_104_fu_3783_p2                                                  |     |        | and_ln52_104             | and       | auto                     | 0       |
|     select_ln52_103_fu_3789_p3                                               |     |        | select_ln52_103          | select    | auto_sel                 | 0       |
|     or_ln52_168_fu_3797_p2                                                   |     |        | or_ln52_168              | or        | auto                     | 0       |
|     select_ln52_104_fu_3803_p3                                               |     |        | select_ln52_104          | select    | auto_sel                 | 0       |
|     out_data_0_20_0_0_0_load_fu_3811_p3                                      |     |        | out_data_0_20_0_0_0_load | select    | auto_sel                 | 0       |
|     icmp_ln51_52_fu_3819_p2                                                  |     |        | icmp_ln51_52             | setgt     | auto                     | 0       |
|     add_ln52_52_fu_3863_p2                                                   |     |        | add_ln52_52              | add       | fabric                   | 0       |
|     icmp_ln52_52_fu_3887_p2                                                  |     |        | icmp_ln52_52             | seteq     | auto                     | 0       |
|     xor_ln52_158_fu_3893_p2                                                  |     |        | xor_ln52_158             | xor       | auto                     | 0       |
|     or_ln52_169_fu_3899_p2                                                   |     |        | or_ln52_169              | or        | auto                     | 0       |
|     and_ln52_105_fu_3905_p2                                                  |     |        | and_ln52_105             | and       | auto                     | 0       |
|     xor_ln52_159_fu_3911_p2                                                  |     |        | xor_ln52_159             | xor       | auto                     | 0       |
|     or_ln52_136_fu_3917_p2                                                   |     |        | or_ln52_136              | or        | auto                     | 0       |
|     xor_ln52_160_fu_3923_p2                                                  |     |        | xor_ln52_160             | xor       | auto                     | 0       |
|     and_ln52_106_fu_3929_p2                                                  |     |        | and_ln52_106             | and       | auto                     | 0       |
|     select_ln52_105_fu_3935_p3                                               |     |        | select_ln52_105          | select    | auto_sel                 | 0       |
|     or_ln52_170_fu_3943_p2                                                   |     |        | or_ln52_170              | or        | auto                     | 0       |
|     select_ln52_106_fu_3949_p3                                               |     |        | select_ln52_106          | select    | auto_sel                 | 0       |
|     out_data_0_21_0_0_0_load_fu_3957_p3                                      |     |        | out_data_0_21_0_0_0_load | select    | auto_sel                 | 0       |
|     icmp_ln51_53_fu_3965_p2                                                  |     |        | icmp_ln51_53             | setgt     | auto                     | 0       |
|     add_ln52_53_fu_4009_p2                                                   |     |        | add_ln52_53              | add       | fabric                   | 0       |
|     icmp_ln52_53_fu_4033_p2                                                  |     |        | icmp_ln52_53             | seteq     | auto                     | 0       |
|     xor_ln52_161_fu_4039_p2                                                  |     |        | xor_ln52_161             | xor       | auto                     | 0       |
|     or_ln52_171_fu_4045_p2                                                   |     |        | or_ln52_171              | or        | auto                     | 0       |
|     and_ln52_107_fu_4051_p2                                                  |     |        | and_ln52_107             | and       | auto                     | 0       |
|     xor_ln52_162_fu_4057_p2                                                  |     |        | xor_ln52_162             | xor       | auto                     | 0       |
|     or_ln52_138_fu_4063_p2                                                   |     |        | or_ln52_138              | or        | auto                     | 0       |
|     xor_ln52_163_fu_4069_p2                                                  |     |        | xor_ln52_163             | xor       | auto                     | 0       |
|     and_ln52_108_fu_4075_p2                                                  |     |        | and_ln52_108             | and       | auto                     | 0       |
|     select_ln52_107_fu_4081_p3                                               |     |        | select_ln52_107          | select    | auto_sel                 | 0       |
|     or_ln52_172_fu_4089_p2                                                   |     |        | or_ln52_172              | or        | auto                     | 0       |
|     select_ln52_108_fu_4095_p3                                               |     |        | select_ln52_108          | select    | auto_sel                 | 0       |
|     out_data_0_22_0_0_0_load_fu_4103_p3                                      |     |        | out_data_0_22_0_0_0_load | select    | auto_sel                 | 0       |
|     icmp_ln51_54_fu_4111_p2                                                  |     |        | icmp_ln51_54             | setgt     | auto                     | 0       |
|     add_ln52_54_fu_4155_p2                                                   |     |        | add_ln52_54              | add       | fabric                   | 0       |
|     icmp_ln52_54_fu_4179_p2                                                  |     |        | icmp_ln52_54             | seteq     | auto                     | 0       |
|     xor_ln52_164_fu_4185_p2                                                  |     |        | xor_ln52_164             | xor       | auto                     | 0       |
|     or_ln52_173_fu_4191_p2                                                   |     |        | or_ln52_173              | or        | auto                     | 0       |
|     and_ln52_109_fu_4197_p2                                                  |     |        | and_ln52_109             | and       | auto                     | 0       |
|     xor_ln52_165_fu_4203_p2                                                  |     |        | xor_ln52_165             | xor       | auto                     | 0       |
|     or_ln52_140_fu_4209_p2                                                   |     |        | or_ln52_140              | or        | auto                     | 0       |
|     xor_ln52_166_fu_4215_p2                                                  |     |        | xor_ln52_166             | xor       | auto                     | 0       |
|     and_ln52_110_fu_4221_p2                                                  |     |        | and_ln52_110             | and       | auto                     | 0       |
|     select_ln52_109_fu_4227_p3                                               |     |        | select_ln52_109          | select    | auto_sel                 | 0       |
|     or_ln52_174_fu_4235_p2                                                   |     |        | or_ln52_174              | or        | auto                     | 0       |
|     select_ln52_110_fu_4241_p3                                               |     |        | select_ln52_110          | select    | auto_sel                 | 0       |
|     out_data_0_23_0_0_0_load_fu_4249_p3                                      |     |        | out_data_0_23_0_0_0_load | select    | auto_sel                 | 0       |
|     icmp_ln51_55_fu_4257_p2                                                  |     |        | icmp_ln51_55             | setgt     | auto                     | 0       |
|     add_ln52_55_fu_4301_p2                                                   |     |        | add_ln52_55              | add       | fabric                   | 0       |
|     icmp_ln52_55_fu_4325_p2                                                  |     |        | icmp_ln52_55             | seteq     | auto                     | 0       |
|     xor_ln52_167_fu_4331_p2                                                  |     |        | xor_ln52_167             | xor       | auto                     | 0       |
|     or_ln52_175_fu_4337_p2                                                   |     |        | or_ln52_175              | or        | auto                     | 0       |
|     and_ln52_111_fu_4343_p2                                                  |     |        | and_ln52_111             | and       | auto                     | 0       |
|     xor_ln52_168_fu_4349_p2                                                  |     |        | xor_ln52_168             | xor       | auto                     | 0       |
|     or_ln52_142_fu_4355_p2                                                   |     |        | or_ln52_142              | or        | auto                     | 0       |
|     xor_ln52_169_fu_4361_p2                                                  |     |        | xor_ln52_169             | xor       | auto                     | 0       |
|     and_ln52_112_fu_4367_p2                                                  |     |        | and_ln52_112             | and       | auto                     | 0       |
|     select_ln52_111_fu_4373_p3                                               |     |        | select_ln52_111          | select    | auto_sel                 | 0       |
|     or_ln52_176_fu_4381_p2                                                   |     |        | or_ln52_176              | or        | auto                     | 0       |
|     select_ln52_112_fu_4387_p3                                               |     |        | select_ln52_112          | select    | auto_sel                 | 0       |
|     out_data_0_24_0_0_0_load_fu_4395_p3                                      |     |        | out_data_0_24_0_0_0_load | select    | auto_sel                 | 0       |
|     icmp_ln51_56_fu_4403_p2                                                  |     |        | icmp_ln51_56             | setgt     | auto                     | 0       |
|     add_ln52_56_fu_4447_p2                                                   |     |        | add_ln52_56              | add       | fabric                   | 0       |
|     icmp_ln52_56_fu_4471_p2                                                  |     |        | icmp_ln52_56             | seteq     | auto                     | 0       |
|     xor_ln52_170_fu_4477_p2                                                  |     |        | xor_ln52_170             | xor       | auto                     | 0       |
|     or_ln52_177_fu_4483_p2                                                   |     |        | or_ln52_177              | or        | auto                     | 0       |
|     and_ln52_113_fu_4489_p2                                                  |     |        | and_ln52_113             | and       | auto                     | 0       |
|     xor_ln52_171_fu_4495_p2                                                  |     |        | xor_ln52_171             | xor       | auto                     | 0       |
|     or_ln52_144_fu_4501_p2                                                   |     |        | or_ln52_144              | or        | auto                     | 0       |
|     xor_ln52_172_fu_4507_p2                                                  |     |        | xor_ln52_172             | xor       | auto                     | 0       |
|     and_ln52_114_fu_4513_p2                                                  |     |        | and_ln52_114             | and       | auto                     | 0       |
|     select_ln52_113_fu_4519_p3                                               |     |        | select_ln52_113          | select    | auto_sel                 | 0       |
|     or_ln52_178_fu_4527_p2                                                   |     |        | or_ln52_178              | or        | auto                     | 0       |
|     select_ln52_114_fu_4533_p3                                               |     |        | select_ln52_114          | select    | auto_sel                 | 0       |
|     out_data_0_25_0_0_0_load_fu_4541_p3                                      |     |        | out_data_0_25_0_0_0_load | select    | auto_sel                 | 0       |
|     icmp_ln51_57_fu_4549_p2                                                  |     |        | icmp_ln51_57             | setgt     | auto                     | 0       |
|     add_ln52_57_fu_4593_p2                                                   |     |        | add_ln52_57              | add       | fabric                   | 0       |
|     icmp_ln52_57_fu_4617_p2                                                  |     |        | icmp_ln52_57             | seteq     | auto                     | 0       |
|     xor_ln52_173_fu_4623_p2                                                  |     |        | xor_ln52_173             | xor       | auto                     | 0       |
|     or_ln52_179_fu_4629_p2                                                   |     |        | or_ln52_179              | or        | auto                     | 0       |
|     and_ln52_115_fu_4635_p2                                                  |     |        | and_ln52_115             | and       | auto                     | 0       |
|     xor_ln52_174_fu_4641_p2                                                  |     |        | xor_ln52_174             | xor       | auto                     | 0       |
|     or_ln52_146_fu_4647_p2                                                   |     |        | or_ln52_146              | or        | auto                     | 0       |
|     xor_ln52_175_fu_4653_p2                                                  |     |        | xor_ln52_175             | xor       | auto                     | 0       |
|     and_ln52_116_fu_4659_p2                                                  |     |        | and_ln52_116             | and       | auto                     | 0       |
|     select_ln52_115_fu_4665_p3                                               |     |        | select_ln52_115          | select    | auto_sel                 | 0       |
|     or_ln52_180_fu_4673_p2                                                   |     |        | or_ln52_180              | or        | auto                     | 0       |
|     select_ln52_116_fu_4679_p3                                               |     |        | select_ln52_116          | select    | auto_sel                 | 0       |
|     out_data_0_26_0_0_0_load_fu_4687_p3                                      |     |        | out_data_0_26_0_0_0_load | select    | auto_sel                 | 0       |
|     icmp_ln51_58_fu_4695_p2                                                  |     |        | icmp_ln51_58             | setgt     | auto                     | 0       |
|     add_ln52_58_fu_4739_p2                                                   |     |        | add_ln52_58              | add       | fabric                   | 0       |
|     icmp_ln52_58_fu_4763_p2                                                  |     |        | icmp_ln52_58             | seteq     | auto                     | 0       |
|     xor_ln52_176_fu_4769_p2                                                  |     |        | xor_ln52_176             | xor       | auto                     | 0       |
|     or_ln52_181_fu_4775_p2                                                   |     |        | or_ln52_181              | or        | auto                     | 0       |
|     and_ln52_117_fu_4781_p2                                                  |     |        | and_ln52_117             | and       | auto                     | 0       |
|     xor_ln52_177_fu_4787_p2                                                  |     |        | xor_ln52_177             | xor       | auto                     | 0       |
|     or_ln52_148_fu_4793_p2                                                   |     |        | or_ln52_148              | or        | auto                     | 0       |
|     xor_ln52_178_fu_4799_p2                                                  |     |        | xor_ln52_178             | xor       | auto                     | 0       |
|     and_ln52_118_fu_4805_p2                                                  |     |        | and_ln52_118             | and       | auto                     | 0       |
|     select_ln52_117_fu_4811_p3                                               |     |        | select_ln52_117          | select    | auto_sel                 | 0       |
|     or_ln52_182_fu_4819_p2                                                   |     |        | or_ln52_182              | or        | auto                     | 0       |
|     select_ln52_118_fu_4825_p3                                               |     |        | select_ln52_118          | select    | auto_sel                 | 0       |
|     out_data_0_27_0_0_0_load_fu_4833_p3                                      |     |        | out_data_0_27_0_0_0_load | select    | auto_sel                 | 0       |
|     icmp_ln51_59_fu_4841_p2                                                  |     |        | icmp_ln51_59             | setgt     | auto                     | 0       |
|     add_ln52_59_fu_4885_p2                                                   |     |        | add_ln52_59              | add       | fabric                   | 0       |
|     icmp_ln52_59_fu_4909_p2                                                  |     |        | icmp_ln52_59             | seteq     | auto                     | 0       |
|     xor_ln52_179_fu_4915_p2                                                  |     |        | xor_ln52_179             | xor       | auto                     | 0       |
|     or_ln52_183_fu_4921_p2                                                   |     |        | or_ln52_183              | or        | auto                     | 0       |
|     and_ln52_119_fu_4927_p2                                                  |     |        | and_ln52_119             | and       | auto                     | 0       |
|     xor_ln52_180_fu_4933_p2                                                  |     |        | xor_ln52_180             | xor       | auto                     | 0       |
|     or_ln52_150_fu_4939_p2                                                   |     |        | or_ln52_150              | or        | auto                     | 0       |
|     xor_ln52_181_fu_4945_p2                                                  |     |        | xor_ln52_181             | xor       | auto                     | 0       |
|     and_ln52_120_fu_4951_p2                                                  |     |        | and_ln52_120             | and       | auto                     | 0       |
|     select_ln52_119_fu_4957_p3                                               |     |        | select_ln52_119          | select    | auto_sel                 | 0       |
|     or_ln52_184_fu_4965_p2                                                   |     |        | or_ln52_184              | or        | auto                     | 0       |
|     select_ln52_120_fu_4971_p3                                               |     |        | select_ln52_120          | select    | auto_sel                 | 0       |
|     out_data_0_28_0_0_0_load_fu_4979_p3                                      |     |        | out_data_0_28_0_0_0_load | select    | auto_sel                 | 0       |
|     icmp_ln51_60_fu_4987_p2                                                  |     |        | icmp_ln51_60             | setgt     | auto                     | 0       |
|     add_ln52_60_fu_5031_p2                                                   |     |        | add_ln52_60              | add       | fabric                   | 0       |
|     icmp_ln52_60_fu_5055_p2                                                  |     |        | icmp_ln52_60             | seteq     | auto                     | 0       |
|     xor_ln52_182_fu_5061_p2                                                  |     |        | xor_ln52_182             | xor       | auto                     | 0       |
|     or_ln52_185_fu_5067_p2                                                   |     |        | or_ln52_185              | or        | auto                     | 0       |
|     and_ln52_121_fu_5073_p2                                                  |     |        | and_ln52_121             | and       | auto                     | 0       |
|     xor_ln52_183_fu_5079_p2                                                  |     |        | xor_ln52_183             | xor       | auto                     | 0       |
|     or_ln52_152_fu_5085_p2                                                   |     |        | or_ln52_152              | or        | auto                     | 0       |
|     xor_ln52_184_fu_5091_p2                                                  |     |        | xor_ln52_184             | xor       | auto                     | 0       |
|     and_ln52_122_fu_5097_p2                                                  |     |        | and_ln52_122             | and       | auto                     | 0       |
|     select_ln52_121_fu_5103_p3                                               |     |        | select_ln52_121          | select    | auto_sel                 | 0       |
|     or_ln52_186_fu_5111_p2                                                   |     |        | or_ln52_186              | or        | auto                     | 0       |
|     select_ln52_122_fu_5117_p3                                               |     |        | select_ln52_122          | select    | auto_sel                 | 0       |
|     out_data_0_29_0_0_0_load_fu_5125_p3                                      |     |        | out_data_0_29_0_0_0_load | select    | auto_sel                 | 0       |
|     icmp_ln51_61_fu_5133_p2                                                  |     |        | icmp_ln51_61             | setgt     | auto                     | 0       |
|     add_ln52_61_fu_5177_p2                                                   |     |        | add_ln52_61              | add       | fabric                   | 0       |
|     icmp_ln52_61_fu_5201_p2                                                  |     |        | icmp_ln52_61             | seteq     | auto                     | 0       |
|     xor_ln52_185_fu_5207_p2                                                  |     |        | xor_ln52_185             | xor       | auto                     | 0       |
|     or_ln52_187_fu_5213_p2                                                   |     |        | or_ln52_187              | or        | auto                     | 0       |
|     and_ln52_123_fu_5219_p2                                                  |     |        | and_ln52_123             | and       | auto                     | 0       |
|     xor_ln52_186_fu_5225_p2                                                  |     |        | xor_ln52_186             | xor       | auto                     | 0       |
|     or_ln52_154_fu_5231_p2                                                   |     |        | or_ln52_154              | or        | auto                     | 0       |
|     xor_ln52_187_fu_5237_p2                                                  |     |        | xor_ln52_187             | xor       | auto                     | 0       |
|     and_ln52_124_fu_5243_p2                                                  |     |        | and_ln52_124             | and       | auto                     | 0       |
|     select_ln52_123_fu_5249_p3                                               |     |        | select_ln52_123          | select    | auto_sel                 | 0       |
|     or_ln52_188_fu_5257_p2                                                   |     |        | or_ln52_188              | or        | auto                     | 0       |
|     select_ln52_124_fu_5263_p3                                               |     |        | select_ln52_124          | select    | auto_sel                 | 0       |
|     out_data_0_30_0_0_0_load_fu_5271_p3                                      |     |        | out_data_0_30_0_0_0_load | select    | auto_sel                 | 0       |
|     icmp_ln51_62_fu_5279_p2                                                  |     |        | icmp_ln51_62             | setgt     | auto                     | 0       |
|     add_ln52_62_fu_5323_p2                                                   |     |        | add_ln52_62              | add       | fabric                   | 0       |
|     icmp_ln52_62_fu_5347_p2                                                  |     |        | icmp_ln52_62             | seteq     | auto                     | 0       |
|     xor_ln52_188_fu_5353_p2                                                  |     |        | xor_ln52_188             | xor       | auto                     | 0       |
|     or_ln52_189_fu_5359_p2                                                   |     |        | or_ln52_189              | or        | auto                     | 0       |
|     and_ln52_125_fu_5365_p2                                                  |     |        | and_ln52_125             | and       | auto                     | 0       |
|     xor_ln52_189_fu_5371_p2                                                  |     |        | xor_ln52_189             | xor       | auto                     | 0       |
|     or_ln52_156_fu_5377_p2                                                   |     |        | or_ln52_156              | or        | auto                     | 0       |
|     xor_ln52_190_fu_5383_p2                                                  |     |        | xor_ln52_190             | xor       | auto                     | 0       |
|     and_ln52_126_fu_5389_p2                                                  |     |        | and_ln52_126             | and       | auto                     | 0       |
|     select_ln52_125_fu_5395_p3                                               |     |        | select_ln52_125          | select    | auto_sel                 | 0       |
|     or_ln52_190_fu_5403_p2                                                   |     |        | or_ln52_190              | or        | auto                     | 0       |
|     select_ln52_126_fu_5409_p3                                               |     |        | select_ln52_126          | select    | auto_sel                 | 0       |
|     out_data_0_31_0_0_0_load_fu_5417_p3                                      |     |        | out_data_0_31_0_0_0_load | select    | auto_sel                 | 0       |
|   + dense_array_ap_fixed_32u_array_ap_fixed_26_14_5_3_0_32u_config5_s        | 1   |        |                          |           |                          |         |
|    + dense_resource_rf_gt_nin_rem0_ap_fixed_ap_fixed_26_14_5_3_0_config5_s   | 1   |        |                          |           |                          |         |
|      sparsemux_65_5_10_1_1_U208                                              |     |        | a                        | sparsemux | compactencoding_dontcare | 0       |
|      mac_muladd_10s_7s_26s_27_1_1_U210                                       | 1   |        | mul_ln73                 | mul       | dsp_slice                | 0       |
|      sparsemux_65_5_26_1_1_U209                                              |     |        | tmp                      | sparsemux | compactencoding_dontcare | 0       |
|      mac_muladd_10s_7s_26s_27_1_1_U210                                       | 1   |        | sext_ln144_3             | sext      | dsp_slice                | 0       |
|      mac_muladd_10s_7s_26s_27_1_1_U210                                       | 1   |        | add_ln144                | add       | dsp_slice                | 0       |
|      icmp_ln144_fu_8654_p2                                                   |     |        | icmp_ln144               | seteq     | auto                     | 0       |
|      w_index_fu_8354_p2                                                      |     |        | w_index                  | add       | fabric                   | 0       |
|      in_index_fu_8694_p2                                                     |     |        | in_index                 | add       | fabric                   | 0       |
|      icmp_ln154_fu_8710_p2                                                   |     |        | icmp_ln154               | setgt     | auto                     | 0       |
|      in_index_4_fu_8716_p3                                                   |     |        | in_index_4               | select    | auto_sel                 | 0       |
|      icmp_ln135_fu_8360_p2                                                   |     |        | icmp_ln135               | seteq     | auto                     | 0       |
|   + relu_array_ap_fixed_32u_array_ap_fixed_10_4_0_0_0_32u_relu_config6_s     | 0   |        |                          |           |                          |         |
|     icmp_ln51_fu_749_p2                                                      |     |        | icmp_ln51                | setgt     | auto                     | 0       |
|     add_ln52_fu_793_p2                                                       |     |        | add_ln52                 | add       | fabric                   | 0       |
|     icmp_ln52_fu_817_p2                                                      |     |        | icmp_ln52                | seteq     | auto                     | 0       |
|     xor_ln52_fu_823_p2                                                       |     |        | xor_ln52                 | xor       | auto                     | 0       |
|     or_ln52_1_fu_829_p2                                                      |     |        | or_ln52_1                | or        | auto                     | 0       |
|     and_ln52_fu_835_p2                                                       |     |        | and_ln52                 | and       | auto                     | 0       |
|     xor_ln52_1_fu_841_p2                                                     |     |        | xor_ln52_1               | xor       | auto                     | 0       |
|     or_ln52_fu_847_p2                                                        |     |        | or_ln52                  | or        | auto                     | 0       |
|     xor_ln52_2_fu_853_p2                                                     |     |        | xor_ln52_2               | xor       | auto                     | 0       |
|     and_ln52_1_fu_859_p2                                                     |     |        | and_ln52_1               | and       | auto                     | 0       |
|     select_ln52_fu_865_p3                                                    |     |        | select_ln52              | select    | auto_sel                 | 0       |
|     or_ln52_3_fu_873_p2                                                      |     |        | or_ln52_3                | or        | auto                     | 0       |
|     select_ln52_1_fu_879_p3                                                  |     |        | select_ln52_1            | select    | auto_sel                 | 0       |
|     out_data_0_0_0_0_0_load_fu_887_p3                                        |     |        | out_data_0_0_0_0_0_load  | select    | auto_sel                 | 0       |
|     icmp_ln51_1_fu_895_p2                                                    |     |        | icmp_ln51_1              | setgt     | auto                     | 0       |
|     add_ln52_1_fu_939_p2                                                     |     |        | add_ln52_1               | add       | fabric                   | 0       |
|     icmp_ln52_1_fu_963_p2                                                    |     |        | icmp_ln52_1              | seteq     | auto                     | 0       |
|     xor_ln52_3_fu_969_p2                                                     |     |        | xor_ln52_3               | xor       | auto                     | 0       |
|     or_ln52_5_fu_975_p2                                                      |     |        | or_ln52_5                | or        | auto                     | 0       |
|     and_ln52_2_fu_981_p2                                                     |     |        | and_ln52_2               | and       | auto                     | 0       |
|     xor_ln52_4_fu_987_p2                                                     |     |        | xor_ln52_4               | xor       | auto                     | 0       |
|     or_ln52_2_fu_993_p2                                                      |     |        | or_ln52_2                | or        | auto                     | 0       |
|     xor_ln52_5_fu_999_p2                                                     |     |        | xor_ln52_5               | xor       | auto                     | 0       |
|     and_ln52_3_fu_1005_p2                                                    |     |        | and_ln52_3               | and       | auto                     | 0       |
|     select_ln52_2_fu_1011_p3                                                 |     |        | select_ln52_2            | select    | auto_sel                 | 0       |
|     or_ln52_7_fu_1019_p2                                                     |     |        | or_ln52_7                | or        | auto                     | 0       |
|     select_ln52_3_fu_1025_p3                                                 |     |        | select_ln52_3            | select    | auto_sel                 | 0       |
|     out_data_0_1_0_0_0_load_fu_1033_p3                                       |     |        | out_data_0_1_0_0_0_load  | select    | auto_sel                 | 0       |
|     icmp_ln51_2_fu_1041_p2                                                   |     |        | icmp_ln51_2              | setgt     | auto                     | 0       |
|     add_ln52_2_fu_1085_p2                                                    |     |        | add_ln52_2               | add       | fabric                   | 0       |
|     icmp_ln52_2_fu_1109_p2                                                   |     |        | icmp_ln52_2              | seteq     | auto                     | 0       |
|     xor_ln52_6_fu_1115_p2                                                    |     |        | xor_ln52_6               | xor       | auto                     | 0       |
|     or_ln52_9_fu_1121_p2                                                     |     |        | or_ln52_9                | or        | auto                     | 0       |
|     and_ln52_4_fu_1127_p2                                                    |     |        | and_ln52_4               | and       | auto                     | 0       |
|     xor_ln52_7_fu_1133_p2                                                    |     |        | xor_ln52_7               | xor       | auto                     | 0       |
|     or_ln52_4_fu_1139_p2                                                     |     |        | or_ln52_4                | or        | auto                     | 0       |
|     xor_ln52_8_fu_1145_p2                                                    |     |        | xor_ln52_8               | xor       | auto                     | 0       |
|     and_ln52_5_fu_1151_p2                                                    |     |        | and_ln52_5               | and       | auto                     | 0       |
|     select_ln52_4_fu_1157_p3                                                 |     |        | select_ln52_4            | select    | auto_sel                 | 0       |
|     or_ln52_11_fu_1165_p2                                                    |     |        | or_ln52_11               | or        | auto                     | 0       |
|     select_ln52_5_fu_1171_p3                                                 |     |        | select_ln52_5            | select    | auto_sel                 | 0       |
|     out_data_0_2_0_0_0_load_fu_1179_p3                                       |     |        | out_data_0_2_0_0_0_load  | select    | auto_sel                 | 0       |
|     icmp_ln51_3_fu_1187_p2                                                   |     |        | icmp_ln51_3              | setgt     | auto                     | 0       |
|     add_ln52_3_fu_1231_p2                                                    |     |        | add_ln52_3               | add       | fabric                   | 0       |
|     icmp_ln52_3_fu_1255_p2                                                   |     |        | icmp_ln52_3              | seteq     | auto                     | 0       |
|     xor_ln52_9_fu_1261_p2                                                    |     |        | xor_ln52_9               | xor       | auto                     | 0       |
|     or_ln52_13_fu_1267_p2                                                    |     |        | or_ln52_13               | or        | auto                     | 0       |
|     and_ln52_6_fu_1273_p2                                                    |     |        | and_ln52_6               | and       | auto                     | 0       |
|     xor_ln52_10_fu_1279_p2                                                   |     |        | xor_ln52_10              | xor       | auto                     | 0       |
|     or_ln52_6_fu_1285_p2                                                     |     |        | or_ln52_6                | or        | auto                     | 0       |
|     xor_ln52_11_fu_1291_p2                                                   |     |        | xor_ln52_11              | xor       | auto                     | 0       |
|     and_ln52_7_fu_1297_p2                                                    |     |        | and_ln52_7               | and       | auto                     | 0       |
|     select_ln52_6_fu_1303_p3                                                 |     |        | select_ln52_6            | select    | auto_sel                 | 0       |
|     or_ln52_15_fu_1311_p2                                                    |     |        | or_ln52_15               | or        | auto                     | 0       |
|     select_ln52_7_fu_1317_p3                                                 |     |        | select_ln52_7            | select    | auto_sel                 | 0       |
|     out_data_0_3_0_0_0_load_fu_1325_p3                                       |     |        | out_data_0_3_0_0_0_load  | select    | auto_sel                 | 0       |
|     icmp_ln51_4_fu_1333_p2                                                   |     |        | icmp_ln51_4              | setgt     | auto                     | 0       |
|     add_ln52_4_fu_1377_p2                                                    |     |        | add_ln52_4               | add       | fabric                   | 0       |
|     icmp_ln52_4_fu_1401_p2                                                   |     |        | icmp_ln52_4              | seteq     | auto                     | 0       |
|     xor_ln52_12_fu_1407_p2                                                   |     |        | xor_ln52_12              | xor       | auto                     | 0       |
|     or_ln52_17_fu_1413_p2                                                    |     |        | or_ln52_17               | or        | auto                     | 0       |
|     and_ln52_8_fu_1419_p2                                                    |     |        | and_ln52_8               | and       | auto                     | 0       |
|     xor_ln52_13_fu_1425_p2                                                   |     |        | xor_ln52_13              | xor       | auto                     | 0       |
|     or_ln52_8_fu_1431_p2                                                     |     |        | or_ln52_8                | or        | auto                     | 0       |
|     xor_ln52_14_fu_1437_p2                                                   |     |        | xor_ln52_14              | xor       | auto                     | 0       |
|     and_ln52_9_fu_1443_p2                                                    |     |        | and_ln52_9               | and       | auto                     | 0       |
|     select_ln52_8_fu_1449_p3                                                 |     |        | select_ln52_8            | select    | auto_sel                 | 0       |
|     or_ln52_19_fu_1457_p2                                                    |     |        | or_ln52_19               | or        | auto                     | 0       |
|     select_ln52_9_fu_1463_p3                                                 |     |        | select_ln52_9            | select    | auto_sel                 | 0       |
|     out_data_0_4_0_0_0_load_fu_1471_p3                                       |     |        | out_data_0_4_0_0_0_load  | select    | auto_sel                 | 0       |
|     icmp_ln51_5_fu_1479_p2                                                   |     |        | icmp_ln51_5              | setgt     | auto                     | 0       |
|     add_ln52_5_fu_1523_p2                                                    |     |        | add_ln52_5               | add       | fabric                   | 0       |
|     icmp_ln52_5_fu_1547_p2                                                   |     |        | icmp_ln52_5              | seteq     | auto                     | 0       |
|     xor_ln52_15_fu_1553_p2                                                   |     |        | xor_ln52_15              | xor       | auto                     | 0       |
|     or_ln52_21_fu_1559_p2                                                    |     |        | or_ln52_21               | or        | auto                     | 0       |
|     and_ln52_10_fu_1565_p2                                                   |     |        | and_ln52_10              | and       | auto                     | 0       |
|     xor_ln52_16_fu_1571_p2                                                   |     |        | xor_ln52_16              | xor       | auto                     | 0       |
|     or_ln52_10_fu_1577_p2                                                    |     |        | or_ln52_10               | or        | auto                     | 0       |
|     xor_ln52_17_fu_1583_p2                                                   |     |        | xor_ln52_17              | xor       | auto                     | 0       |
|     and_ln52_11_fu_1589_p2                                                   |     |        | and_ln52_11              | and       | auto                     | 0       |
|     select_ln52_10_fu_1595_p3                                                |     |        | select_ln52_10           | select    | auto_sel                 | 0       |
|     or_ln52_23_fu_1603_p2                                                    |     |        | or_ln52_23               | or        | auto                     | 0       |
|     select_ln52_11_fu_1609_p3                                                |     |        | select_ln52_11           | select    | auto_sel                 | 0       |
|     out_data_0_5_0_0_0_load_fu_1617_p3                                       |     |        | out_data_0_5_0_0_0_load  | select    | auto_sel                 | 0       |
|     icmp_ln51_6_fu_1625_p2                                                   |     |        | icmp_ln51_6              | setgt     | auto                     | 0       |
|     add_ln52_6_fu_1669_p2                                                    |     |        | add_ln52_6               | add       | fabric                   | 0       |
|     icmp_ln52_6_fu_1693_p2                                                   |     |        | icmp_ln52_6              | seteq     | auto                     | 0       |
|     xor_ln52_18_fu_1699_p2                                                   |     |        | xor_ln52_18              | xor       | auto                     | 0       |
|     or_ln52_25_fu_1705_p2                                                    |     |        | or_ln52_25               | or        | auto                     | 0       |
|     and_ln52_12_fu_1711_p2                                                   |     |        | and_ln52_12              | and       | auto                     | 0       |
|     xor_ln52_19_fu_1717_p2                                                   |     |        | xor_ln52_19              | xor       | auto                     | 0       |
|     or_ln52_12_fu_1723_p2                                                    |     |        | or_ln52_12               | or        | auto                     | 0       |
|     xor_ln52_20_fu_1729_p2                                                   |     |        | xor_ln52_20              | xor       | auto                     | 0       |
|     and_ln52_13_fu_1735_p2                                                   |     |        | and_ln52_13              | and       | auto                     | 0       |
|     select_ln52_12_fu_1741_p3                                                |     |        | select_ln52_12           | select    | auto_sel                 | 0       |
|     or_ln52_27_fu_1749_p2                                                    |     |        | or_ln52_27               | or        | auto                     | 0       |
|     select_ln52_13_fu_1755_p3                                                |     |        | select_ln52_13           | select    | auto_sel                 | 0       |
|     out_data_0_6_0_0_0_load_fu_1763_p3                                       |     |        | out_data_0_6_0_0_0_load  | select    | auto_sel                 | 0       |
|     icmp_ln51_7_fu_1771_p2                                                   |     |        | icmp_ln51_7              | setgt     | auto                     | 0       |
|     add_ln52_7_fu_1815_p2                                                    |     |        | add_ln52_7               | add       | fabric                   | 0       |
|     icmp_ln52_7_fu_1839_p2                                                   |     |        | icmp_ln52_7              | seteq     | auto                     | 0       |
|     xor_ln52_21_fu_1845_p2                                                   |     |        | xor_ln52_21              | xor       | auto                     | 0       |
|     or_ln52_29_fu_1851_p2                                                    |     |        | or_ln52_29               | or        | auto                     | 0       |
|     and_ln52_14_fu_1857_p2                                                   |     |        | and_ln52_14              | and       | auto                     | 0       |
|     xor_ln52_22_fu_1863_p2                                                   |     |        | xor_ln52_22              | xor       | auto                     | 0       |
|     or_ln52_14_fu_1869_p2                                                    |     |        | or_ln52_14               | or        | auto                     | 0       |
|     xor_ln52_23_fu_1875_p2                                                   |     |        | xor_ln52_23              | xor       | auto                     | 0       |
|     and_ln52_15_fu_1881_p2                                                   |     |        | and_ln52_15              | and       | auto                     | 0       |
|     select_ln52_14_fu_1887_p3                                                |     |        | select_ln52_14           | select    | auto_sel                 | 0       |
|     or_ln52_31_fu_1895_p2                                                    |     |        | or_ln52_31               | or        | auto                     | 0       |
|     select_ln52_15_fu_1901_p3                                                |     |        | select_ln52_15           | select    | auto_sel                 | 0       |
|     out_data_0_7_0_0_0_load_fu_1909_p3                                       |     |        | out_data_0_7_0_0_0_load  | select    | auto_sel                 | 0       |
|     icmp_ln51_8_fu_1917_p2                                                   |     |        | icmp_ln51_8              | setgt     | auto                     | 0       |
|     add_ln52_8_fu_1961_p2                                                    |     |        | add_ln52_8               | add       | fabric                   | 0       |
|     icmp_ln52_8_fu_1985_p2                                                   |     |        | icmp_ln52_8              | seteq     | auto                     | 0       |
|     xor_ln52_24_fu_1991_p2                                                   |     |        | xor_ln52_24              | xor       | auto                     | 0       |
|     or_ln52_33_fu_1997_p2                                                    |     |        | or_ln52_33               | or        | auto                     | 0       |
|     and_ln52_16_fu_2003_p2                                                   |     |        | and_ln52_16              | and       | auto                     | 0       |
|     xor_ln52_25_fu_2009_p2                                                   |     |        | xor_ln52_25              | xor       | auto                     | 0       |
|     or_ln52_16_fu_2015_p2                                                    |     |        | or_ln52_16               | or        | auto                     | 0       |
|     xor_ln52_26_fu_2021_p2                                                   |     |        | xor_ln52_26              | xor       | auto                     | 0       |
|     and_ln52_17_fu_2027_p2                                                   |     |        | and_ln52_17              | and       | auto                     | 0       |
|     select_ln52_16_fu_2033_p3                                                |     |        | select_ln52_16           | select    | auto_sel                 | 0       |
|     or_ln52_35_fu_2041_p2                                                    |     |        | or_ln52_35               | or        | auto                     | 0       |
|     select_ln52_17_fu_2047_p3                                                |     |        | select_ln52_17           | select    | auto_sel                 | 0       |
|     out_data_0_8_0_0_0_load_fu_2055_p3                                       |     |        | out_data_0_8_0_0_0_load  | select    | auto_sel                 | 0       |
|     icmp_ln51_9_fu_2063_p2                                                   |     |        | icmp_ln51_9              | setgt     | auto                     | 0       |
|     add_ln52_9_fu_2107_p2                                                    |     |        | add_ln52_9               | add       | fabric                   | 0       |
|     icmp_ln52_9_fu_2131_p2                                                   |     |        | icmp_ln52_9              | seteq     | auto                     | 0       |
|     xor_ln52_27_fu_2137_p2                                                   |     |        | xor_ln52_27              | xor       | auto                     | 0       |
|     or_ln52_37_fu_2143_p2                                                    |     |        | or_ln52_37               | or        | auto                     | 0       |
|     and_ln52_18_fu_2149_p2                                                   |     |        | and_ln52_18              | and       | auto                     | 0       |
|     xor_ln52_28_fu_2155_p2                                                   |     |        | xor_ln52_28              | xor       | auto                     | 0       |
|     or_ln52_18_fu_2161_p2                                                    |     |        | or_ln52_18               | or        | auto                     | 0       |
|     xor_ln52_29_fu_2167_p2                                                   |     |        | xor_ln52_29              | xor       | auto                     | 0       |
|     and_ln52_19_fu_2173_p2                                                   |     |        | and_ln52_19              | and       | auto                     | 0       |
|     select_ln52_18_fu_2179_p3                                                |     |        | select_ln52_18           | select    | auto_sel                 | 0       |
|     or_ln52_39_fu_2187_p2                                                    |     |        | or_ln52_39               | or        | auto                     | 0       |
|     select_ln52_19_fu_2193_p3                                                |     |        | select_ln52_19           | select    | auto_sel                 | 0       |
|     out_data_0_9_0_0_0_load_fu_2201_p3                                       |     |        | out_data_0_9_0_0_0_load  | select    | auto_sel                 | 0       |
|     icmp_ln51_10_fu_2209_p2                                                  |     |        | icmp_ln51_10             | setgt     | auto                     | 0       |
|     add_ln52_10_fu_2253_p2                                                   |     |        | add_ln52_10              | add       | fabric                   | 0       |
|     icmp_ln52_10_fu_2277_p2                                                  |     |        | icmp_ln52_10             | seteq     | auto                     | 0       |
|     xor_ln52_30_fu_2283_p2                                                   |     |        | xor_ln52_30              | xor       | auto                     | 0       |
|     or_ln52_41_fu_2289_p2                                                    |     |        | or_ln52_41               | or        | auto                     | 0       |
|     and_ln52_20_fu_2295_p2                                                   |     |        | and_ln52_20              | and       | auto                     | 0       |
|     xor_ln52_31_fu_2301_p2                                                   |     |        | xor_ln52_31              | xor       | auto                     | 0       |
|     or_ln52_20_fu_2307_p2                                                    |     |        | or_ln52_20               | or        | auto                     | 0       |
|     xor_ln52_32_fu_2313_p2                                                   |     |        | xor_ln52_32              | xor       | auto                     | 0       |
|     and_ln52_21_fu_2319_p2                                                   |     |        | and_ln52_21              | and       | auto                     | 0       |
|     select_ln52_20_fu_2325_p3                                                |     |        | select_ln52_20           | select    | auto_sel                 | 0       |
|     or_ln52_43_fu_2333_p2                                                    |     |        | or_ln52_43               | or        | auto                     | 0       |
|     select_ln52_21_fu_2339_p3                                                |     |        | select_ln52_21           | select    | auto_sel                 | 0       |
|     out_data_0_10_0_0_0_load_fu_2347_p3                                      |     |        | out_data_0_10_0_0_0_load | select    | auto_sel                 | 0       |
|     icmp_ln51_11_fu_2355_p2                                                  |     |        | icmp_ln51_11             | setgt     | auto                     | 0       |
|     add_ln52_11_fu_2399_p2                                                   |     |        | add_ln52_11              | add       | fabric                   | 0       |
|     icmp_ln52_11_fu_2423_p2                                                  |     |        | icmp_ln52_11             | seteq     | auto                     | 0       |
|     xor_ln52_33_fu_2429_p2                                                   |     |        | xor_ln52_33              | xor       | auto                     | 0       |
|     or_ln52_45_fu_2435_p2                                                    |     |        | or_ln52_45               | or        | auto                     | 0       |
|     and_ln52_22_fu_2441_p2                                                   |     |        | and_ln52_22              | and       | auto                     | 0       |
|     xor_ln52_34_fu_2447_p2                                                   |     |        | xor_ln52_34              | xor       | auto                     | 0       |
|     or_ln52_22_fu_2453_p2                                                    |     |        | or_ln52_22               | or        | auto                     | 0       |
|     xor_ln52_35_fu_2459_p2                                                   |     |        | xor_ln52_35              | xor       | auto                     | 0       |
|     and_ln52_23_fu_2465_p2                                                   |     |        | and_ln52_23              | and       | auto                     | 0       |
|     select_ln52_22_fu_2471_p3                                                |     |        | select_ln52_22           | select    | auto_sel                 | 0       |
|     or_ln52_47_fu_2479_p2                                                    |     |        | or_ln52_47               | or        | auto                     | 0       |
|     select_ln52_23_fu_2485_p3                                                |     |        | select_ln52_23           | select    | auto_sel                 | 0       |
|     out_data_0_11_0_0_0_load_fu_2493_p3                                      |     |        | out_data_0_11_0_0_0_load | select    | auto_sel                 | 0       |
|     icmp_ln51_12_fu_2501_p2                                                  |     |        | icmp_ln51_12             | setgt     | auto                     | 0       |
|     add_ln52_12_fu_2545_p2                                                   |     |        | add_ln52_12              | add       | fabric                   | 0       |
|     icmp_ln52_12_fu_2569_p2                                                  |     |        | icmp_ln52_12             | seteq     | auto                     | 0       |
|     xor_ln52_36_fu_2575_p2                                                   |     |        | xor_ln52_36              | xor       | auto                     | 0       |
|     or_ln52_49_fu_2581_p2                                                    |     |        | or_ln52_49               | or        | auto                     | 0       |
|     and_ln52_24_fu_2587_p2                                                   |     |        | and_ln52_24              | and       | auto                     | 0       |
|     xor_ln52_37_fu_2593_p2                                                   |     |        | xor_ln52_37              | xor       | auto                     | 0       |
|     or_ln52_24_fu_2599_p2                                                    |     |        | or_ln52_24               | or        | auto                     | 0       |
|     xor_ln52_38_fu_2605_p2                                                   |     |        | xor_ln52_38              | xor       | auto                     | 0       |
|     and_ln52_25_fu_2611_p2                                                   |     |        | and_ln52_25              | and       | auto                     | 0       |
|     select_ln52_24_fu_2617_p3                                                |     |        | select_ln52_24           | select    | auto_sel                 | 0       |
|     or_ln52_51_fu_2625_p2                                                    |     |        | or_ln52_51               | or        | auto                     | 0       |
|     select_ln52_25_fu_2631_p3                                                |     |        | select_ln52_25           | select    | auto_sel                 | 0       |
|     out_data_0_12_0_0_0_load_fu_2639_p3                                      |     |        | out_data_0_12_0_0_0_load | select    | auto_sel                 | 0       |
|     icmp_ln51_13_fu_2647_p2                                                  |     |        | icmp_ln51_13             | setgt     | auto                     | 0       |
|     add_ln52_13_fu_2691_p2                                                   |     |        | add_ln52_13              | add       | fabric                   | 0       |
|     icmp_ln52_13_fu_2715_p2                                                  |     |        | icmp_ln52_13             | seteq     | auto                     | 0       |
|     xor_ln52_39_fu_2721_p2                                                   |     |        | xor_ln52_39              | xor       | auto                     | 0       |
|     or_ln52_53_fu_2727_p2                                                    |     |        | or_ln52_53               | or        | auto                     | 0       |
|     and_ln52_26_fu_2733_p2                                                   |     |        | and_ln52_26              | and       | auto                     | 0       |
|     xor_ln52_40_fu_2739_p2                                                   |     |        | xor_ln52_40              | xor       | auto                     | 0       |
|     or_ln52_26_fu_2745_p2                                                    |     |        | or_ln52_26               | or        | auto                     | 0       |
|     xor_ln52_41_fu_2751_p2                                                   |     |        | xor_ln52_41              | xor       | auto                     | 0       |
|     and_ln52_27_fu_2757_p2                                                   |     |        | and_ln52_27              | and       | auto                     | 0       |
|     select_ln52_26_fu_2763_p3                                                |     |        | select_ln52_26           | select    | auto_sel                 | 0       |
|     or_ln52_55_fu_2771_p2                                                    |     |        | or_ln52_55               | or        | auto                     | 0       |
|     select_ln52_27_fu_2777_p3                                                |     |        | select_ln52_27           | select    | auto_sel                 | 0       |
|     out_data_0_13_0_0_0_load_fu_2785_p3                                      |     |        | out_data_0_13_0_0_0_load | select    | auto_sel                 | 0       |
|     icmp_ln51_14_fu_2793_p2                                                  |     |        | icmp_ln51_14             | setgt     | auto                     | 0       |
|     add_ln52_14_fu_2837_p2                                                   |     |        | add_ln52_14              | add       | fabric                   | 0       |
|     icmp_ln52_14_fu_2861_p2                                                  |     |        | icmp_ln52_14             | seteq     | auto                     | 0       |
|     xor_ln52_42_fu_2867_p2                                                   |     |        | xor_ln52_42              | xor       | auto                     | 0       |
|     or_ln52_57_fu_2873_p2                                                    |     |        | or_ln52_57               | or        | auto                     | 0       |
|     and_ln52_28_fu_2879_p2                                                   |     |        | and_ln52_28              | and       | auto                     | 0       |
|     xor_ln52_43_fu_2885_p2                                                   |     |        | xor_ln52_43              | xor       | auto                     | 0       |
|     or_ln52_28_fu_2891_p2                                                    |     |        | or_ln52_28               | or        | auto                     | 0       |
|     xor_ln52_44_fu_2897_p2                                                   |     |        | xor_ln52_44              | xor       | auto                     | 0       |
|     and_ln52_29_fu_2903_p2                                                   |     |        | and_ln52_29              | and       | auto                     | 0       |
|     select_ln52_28_fu_2909_p3                                                |     |        | select_ln52_28           | select    | auto_sel                 | 0       |
|     or_ln52_59_fu_2917_p2                                                    |     |        | or_ln52_59               | or        | auto                     | 0       |
|     select_ln52_29_fu_2923_p3                                                |     |        | select_ln52_29           | select    | auto_sel                 | 0       |
|     out_data_0_14_0_0_0_load_fu_2931_p3                                      |     |        | out_data_0_14_0_0_0_load | select    | auto_sel                 | 0       |
|     icmp_ln51_15_fu_2939_p2                                                  |     |        | icmp_ln51_15             | setgt     | auto                     | 0       |
|     add_ln52_15_fu_2983_p2                                                   |     |        | add_ln52_15              | add       | fabric                   | 0       |
|     icmp_ln52_15_fu_3007_p2                                                  |     |        | icmp_ln52_15             | seteq     | auto                     | 0       |
|     xor_ln52_45_fu_3013_p2                                                   |     |        | xor_ln52_45              | xor       | auto                     | 0       |
|     or_ln52_61_fu_3019_p2                                                    |     |        | or_ln52_61               | or        | auto                     | 0       |
|     and_ln52_30_fu_3025_p2                                                   |     |        | and_ln52_30              | and       | auto                     | 0       |
|     xor_ln52_46_fu_3031_p2                                                   |     |        | xor_ln52_46              | xor       | auto                     | 0       |
|     or_ln52_30_fu_3037_p2                                                    |     |        | or_ln52_30               | or        | auto                     | 0       |
|     xor_ln52_47_fu_3043_p2                                                   |     |        | xor_ln52_47              | xor       | auto                     | 0       |
|     and_ln52_31_fu_3049_p2                                                   |     |        | and_ln52_31              | and       | auto                     | 0       |
|     select_ln52_30_fu_3055_p3                                                |     |        | select_ln52_30           | select    | auto_sel                 | 0       |
|     or_ln52_63_fu_3063_p2                                                    |     |        | or_ln52_63               | or        | auto                     | 0       |
|     select_ln52_31_fu_3069_p3                                                |     |        | select_ln52_31           | select    | auto_sel                 | 0       |
|     out_data_0_15_0_0_0_load_fu_3077_p3                                      |     |        | out_data_0_15_0_0_0_load | select    | auto_sel                 | 0       |
|     icmp_ln51_16_fu_3085_p2                                                  |     |        | icmp_ln51_16             | setgt     | auto                     | 0       |
|     add_ln52_16_fu_3129_p2                                                   |     |        | add_ln52_16              | add       | fabric                   | 0       |
|     icmp_ln52_16_fu_3153_p2                                                  |     |        | icmp_ln52_16             | seteq     | auto                     | 0       |
|     xor_ln52_48_fu_3159_p2                                                   |     |        | xor_ln52_48              | xor       | auto                     | 0       |
|     or_ln52_64_fu_3165_p2                                                    |     |        | or_ln52_64               | or        | auto                     | 0       |
|     and_ln52_32_fu_3171_p2                                                   |     |        | and_ln52_32              | and       | auto                     | 0       |
|     xor_ln52_49_fu_3177_p2                                                   |     |        | xor_ln52_49              | xor       | auto                     | 0       |
|     or_ln52_32_fu_3183_p2                                                    |     |        | or_ln52_32               | or        | auto                     | 0       |
|     xor_ln52_50_fu_3189_p2                                                   |     |        | xor_ln52_50              | xor       | auto                     | 0       |
|     and_ln52_33_fu_3195_p2                                                   |     |        | and_ln52_33              | and       | auto                     | 0       |
|     select_ln52_32_fu_3201_p3                                                |     |        | select_ln52_32           | select    | auto_sel                 | 0       |
|     or_ln52_65_fu_3209_p2                                                    |     |        | or_ln52_65               | or        | auto                     | 0       |
|     select_ln52_33_fu_3215_p3                                                |     |        | select_ln52_33           | select    | auto_sel                 | 0       |
|     out_data_0_16_0_0_0_load_fu_3223_p3                                      |     |        | out_data_0_16_0_0_0_load | select    | auto_sel                 | 0       |
|     icmp_ln51_17_fu_3231_p2                                                  |     |        | icmp_ln51_17             | setgt     | auto                     | 0       |
|     add_ln52_17_fu_3275_p2                                                   |     |        | add_ln52_17              | add       | fabric                   | 0       |
|     icmp_ln52_17_fu_3299_p2                                                  |     |        | icmp_ln52_17             | seteq     | auto                     | 0       |
|     xor_ln52_51_fu_3305_p2                                                   |     |        | xor_ln52_51              | xor       | auto                     | 0       |
|     or_ln52_66_fu_3311_p2                                                    |     |        | or_ln52_66               | or        | auto                     | 0       |
|     and_ln52_34_fu_3317_p2                                                   |     |        | and_ln52_34              | and       | auto                     | 0       |
|     xor_ln52_52_fu_3323_p2                                                   |     |        | xor_ln52_52              | xor       | auto                     | 0       |
|     or_ln52_34_fu_3329_p2                                                    |     |        | or_ln52_34               | or        | auto                     | 0       |
|     xor_ln52_53_fu_3335_p2                                                   |     |        | xor_ln52_53              | xor       | auto                     | 0       |
|     and_ln52_35_fu_3341_p2                                                   |     |        | and_ln52_35              | and       | auto                     | 0       |
|     select_ln52_34_fu_3347_p3                                                |     |        | select_ln52_34           | select    | auto_sel                 | 0       |
|     or_ln52_67_fu_3355_p2                                                    |     |        | or_ln52_67               | or        | auto                     | 0       |
|     select_ln52_35_fu_3361_p3                                                |     |        | select_ln52_35           | select    | auto_sel                 | 0       |
|     out_data_0_17_0_0_0_load_fu_3369_p3                                      |     |        | out_data_0_17_0_0_0_load | select    | auto_sel                 | 0       |
|     icmp_ln51_18_fu_3377_p2                                                  |     |        | icmp_ln51_18             | setgt     | auto                     | 0       |
|     add_ln52_18_fu_3421_p2                                                   |     |        | add_ln52_18              | add       | fabric                   | 0       |
|     icmp_ln52_18_fu_3445_p2                                                  |     |        | icmp_ln52_18             | seteq     | auto                     | 0       |
|     xor_ln52_54_fu_3451_p2                                                   |     |        | xor_ln52_54              | xor       | auto                     | 0       |
|     or_ln52_68_fu_3457_p2                                                    |     |        | or_ln52_68               | or        | auto                     | 0       |
|     and_ln52_36_fu_3463_p2                                                   |     |        | and_ln52_36              | and       | auto                     | 0       |
|     xor_ln52_55_fu_3469_p2                                                   |     |        | xor_ln52_55              | xor       | auto                     | 0       |
|     or_ln52_36_fu_3475_p2                                                    |     |        | or_ln52_36               | or        | auto                     | 0       |
|     xor_ln52_56_fu_3481_p2                                                   |     |        | xor_ln52_56              | xor       | auto                     | 0       |
|     and_ln52_37_fu_3487_p2                                                   |     |        | and_ln52_37              | and       | auto                     | 0       |
|     select_ln52_36_fu_3493_p3                                                |     |        | select_ln52_36           | select    | auto_sel                 | 0       |
|     or_ln52_69_fu_3501_p2                                                    |     |        | or_ln52_69               | or        | auto                     | 0       |
|     select_ln52_37_fu_3507_p3                                                |     |        | select_ln52_37           | select    | auto_sel                 | 0       |
|     out_data_0_18_0_0_0_load_fu_3515_p3                                      |     |        | out_data_0_18_0_0_0_load | select    | auto_sel                 | 0       |
|     icmp_ln51_19_fu_3523_p2                                                  |     |        | icmp_ln51_19             | setgt     | auto                     | 0       |
|     add_ln52_19_fu_3567_p2                                                   |     |        | add_ln52_19              | add       | fabric                   | 0       |
|     icmp_ln52_19_fu_3591_p2                                                  |     |        | icmp_ln52_19             | seteq     | auto                     | 0       |
|     xor_ln52_57_fu_3597_p2                                                   |     |        | xor_ln52_57              | xor       | auto                     | 0       |
|     or_ln52_70_fu_3603_p2                                                    |     |        | or_ln52_70               | or        | auto                     | 0       |
|     and_ln52_38_fu_3609_p2                                                   |     |        | and_ln52_38              | and       | auto                     | 0       |
|     xor_ln52_58_fu_3615_p2                                                   |     |        | xor_ln52_58              | xor       | auto                     | 0       |
|     or_ln52_38_fu_3621_p2                                                    |     |        | or_ln52_38               | or        | auto                     | 0       |
|     xor_ln52_59_fu_3627_p2                                                   |     |        | xor_ln52_59              | xor       | auto                     | 0       |
|     and_ln52_39_fu_3633_p2                                                   |     |        | and_ln52_39              | and       | auto                     | 0       |
|     select_ln52_38_fu_3639_p3                                                |     |        | select_ln52_38           | select    | auto_sel                 | 0       |
|     or_ln52_71_fu_3647_p2                                                    |     |        | or_ln52_71               | or        | auto                     | 0       |
|     select_ln52_39_fu_3653_p3                                                |     |        | select_ln52_39           | select    | auto_sel                 | 0       |
|     out_data_0_19_0_0_0_load_fu_3661_p3                                      |     |        | out_data_0_19_0_0_0_load | select    | auto_sel                 | 0       |
|     icmp_ln51_20_fu_3669_p2                                                  |     |        | icmp_ln51_20             | setgt     | auto                     | 0       |
|     add_ln52_20_fu_3713_p2                                                   |     |        | add_ln52_20              | add       | fabric                   | 0       |
|     icmp_ln52_20_fu_3737_p2                                                  |     |        | icmp_ln52_20             | seteq     | auto                     | 0       |
|     xor_ln52_60_fu_3743_p2                                                   |     |        | xor_ln52_60              | xor       | auto                     | 0       |
|     or_ln52_72_fu_3749_p2                                                    |     |        | or_ln52_72               | or        | auto                     | 0       |
|     and_ln52_40_fu_3755_p2                                                   |     |        | and_ln52_40              | and       | auto                     | 0       |
|     xor_ln52_61_fu_3761_p2                                                   |     |        | xor_ln52_61              | xor       | auto                     | 0       |
|     or_ln52_40_fu_3767_p2                                                    |     |        | or_ln52_40               | or        | auto                     | 0       |
|     xor_ln52_62_fu_3773_p2                                                   |     |        | xor_ln52_62              | xor       | auto                     | 0       |
|     and_ln52_41_fu_3779_p2                                                   |     |        | and_ln52_41              | and       | auto                     | 0       |
|     select_ln52_40_fu_3785_p3                                                |     |        | select_ln52_40           | select    | auto_sel                 | 0       |
|     or_ln52_73_fu_3793_p2                                                    |     |        | or_ln52_73               | or        | auto                     | 0       |
|     select_ln52_41_fu_3799_p3                                                |     |        | select_ln52_41           | select    | auto_sel                 | 0       |
|     out_data_0_20_0_0_0_load_fu_3807_p3                                      |     |        | out_data_0_20_0_0_0_load | select    | auto_sel                 | 0       |
|     icmp_ln51_21_fu_3815_p2                                                  |     |        | icmp_ln51_21             | setgt     | auto                     | 0       |
|     add_ln52_21_fu_3859_p2                                                   |     |        | add_ln52_21              | add       | fabric                   | 0       |
|     icmp_ln52_21_fu_3883_p2                                                  |     |        | icmp_ln52_21             | seteq     | auto                     | 0       |
|     xor_ln52_63_fu_3889_p2                                                   |     |        | xor_ln52_63              | xor       | auto                     | 0       |
|     or_ln52_74_fu_3895_p2                                                    |     |        | or_ln52_74               | or        | auto                     | 0       |
|     and_ln52_42_fu_3901_p2                                                   |     |        | and_ln52_42              | and       | auto                     | 0       |
|     xor_ln52_64_fu_3907_p2                                                   |     |        | xor_ln52_64              | xor       | auto                     | 0       |
|     or_ln52_42_fu_3913_p2                                                    |     |        | or_ln52_42               | or        | auto                     | 0       |
|     xor_ln52_65_fu_3919_p2                                                   |     |        | xor_ln52_65              | xor       | auto                     | 0       |
|     and_ln52_43_fu_3925_p2                                                   |     |        | and_ln52_43              | and       | auto                     | 0       |
|     select_ln52_42_fu_3931_p3                                                |     |        | select_ln52_42           | select    | auto_sel                 | 0       |
|     or_ln52_75_fu_3939_p2                                                    |     |        | or_ln52_75               | or        | auto                     | 0       |
|     select_ln52_43_fu_3945_p3                                                |     |        | select_ln52_43           | select    | auto_sel                 | 0       |
|     out_data_0_21_0_0_0_load_fu_3953_p3                                      |     |        | out_data_0_21_0_0_0_load | select    | auto_sel                 | 0       |
|     icmp_ln51_22_fu_3961_p2                                                  |     |        | icmp_ln51_22             | setgt     | auto                     | 0       |
|     add_ln52_22_fu_4005_p2                                                   |     |        | add_ln52_22              | add       | fabric                   | 0       |
|     icmp_ln52_22_fu_4029_p2                                                  |     |        | icmp_ln52_22             | seteq     | auto                     | 0       |
|     xor_ln52_66_fu_4035_p2                                                   |     |        | xor_ln52_66              | xor       | auto                     | 0       |
|     or_ln52_76_fu_4041_p2                                                    |     |        | or_ln52_76               | or        | auto                     | 0       |
|     and_ln52_44_fu_4047_p2                                                   |     |        | and_ln52_44              | and       | auto                     | 0       |
|     xor_ln52_67_fu_4053_p2                                                   |     |        | xor_ln52_67              | xor       | auto                     | 0       |
|     or_ln52_44_fu_4059_p2                                                    |     |        | or_ln52_44               | or        | auto                     | 0       |
|     xor_ln52_68_fu_4065_p2                                                   |     |        | xor_ln52_68              | xor       | auto                     | 0       |
|     and_ln52_45_fu_4071_p2                                                   |     |        | and_ln52_45              | and       | auto                     | 0       |
|     select_ln52_44_fu_4077_p3                                                |     |        | select_ln52_44           | select    | auto_sel                 | 0       |
|     or_ln52_77_fu_4085_p2                                                    |     |        | or_ln52_77               | or        | auto                     | 0       |
|     select_ln52_45_fu_4091_p3                                                |     |        | select_ln52_45           | select    | auto_sel                 | 0       |
|     out_data_0_22_0_0_0_load_fu_4099_p3                                      |     |        | out_data_0_22_0_0_0_load | select    | auto_sel                 | 0       |
|     icmp_ln51_23_fu_4107_p2                                                  |     |        | icmp_ln51_23             | setgt     | auto                     | 0       |
|     add_ln52_23_fu_4151_p2                                                   |     |        | add_ln52_23              | add       | fabric                   | 0       |
|     icmp_ln52_23_fu_4175_p2                                                  |     |        | icmp_ln52_23             | seteq     | auto                     | 0       |
|     xor_ln52_69_fu_4181_p2                                                   |     |        | xor_ln52_69              | xor       | auto                     | 0       |
|     or_ln52_78_fu_4187_p2                                                    |     |        | or_ln52_78               | or        | auto                     | 0       |
|     and_ln52_46_fu_4193_p2                                                   |     |        | and_ln52_46              | and       | auto                     | 0       |
|     xor_ln52_70_fu_4199_p2                                                   |     |        | xor_ln52_70              | xor       | auto                     | 0       |
|     or_ln52_46_fu_4205_p2                                                    |     |        | or_ln52_46               | or        | auto                     | 0       |
|     xor_ln52_71_fu_4211_p2                                                   |     |        | xor_ln52_71              | xor       | auto                     | 0       |
|     and_ln52_47_fu_4217_p2                                                   |     |        | and_ln52_47              | and       | auto                     | 0       |
|     select_ln52_46_fu_4223_p3                                                |     |        | select_ln52_46           | select    | auto_sel                 | 0       |
|     or_ln52_79_fu_4231_p2                                                    |     |        | or_ln52_79               | or        | auto                     | 0       |
|     select_ln52_47_fu_4237_p3                                                |     |        | select_ln52_47           | select    | auto_sel                 | 0       |
|     out_data_0_23_0_0_0_load_fu_4245_p3                                      |     |        | out_data_0_23_0_0_0_load | select    | auto_sel                 | 0       |
|     icmp_ln51_24_fu_4253_p2                                                  |     |        | icmp_ln51_24             | setgt     | auto                     | 0       |
|     add_ln52_24_fu_4297_p2                                                   |     |        | add_ln52_24              | add       | fabric                   | 0       |
|     icmp_ln52_24_fu_4321_p2                                                  |     |        | icmp_ln52_24             | seteq     | auto                     | 0       |
|     xor_ln52_72_fu_4327_p2                                                   |     |        | xor_ln52_72              | xor       | auto                     | 0       |
|     or_ln52_80_fu_4333_p2                                                    |     |        | or_ln52_80               | or        | auto                     | 0       |
|     and_ln52_48_fu_4339_p2                                                   |     |        | and_ln52_48              | and       | auto                     | 0       |
|     xor_ln52_73_fu_4345_p2                                                   |     |        | xor_ln52_73              | xor       | auto                     | 0       |
|     or_ln52_48_fu_4351_p2                                                    |     |        | or_ln52_48               | or        | auto                     | 0       |
|     xor_ln52_74_fu_4357_p2                                                   |     |        | xor_ln52_74              | xor       | auto                     | 0       |
|     and_ln52_49_fu_4363_p2                                                   |     |        | and_ln52_49              | and       | auto                     | 0       |
|     select_ln52_48_fu_4369_p3                                                |     |        | select_ln52_48           | select    | auto_sel                 | 0       |
|     or_ln52_81_fu_4377_p2                                                    |     |        | or_ln52_81               | or        | auto                     | 0       |
|     select_ln52_49_fu_4383_p3                                                |     |        | select_ln52_49           | select    | auto_sel                 | 0       |
|     out_data_0_24_0_0_0_load_fu_4391_p3                                      |     |        | out_data_0_24_0_0_0_load | select    | auto_sel                 | 0       |
|     icmp_ln51_25_fu_4399_p2                                                  |     |        | icmp_ln51_25             | setgt     | auto                     | 0       |
|     add_ln52_25_fu_4443_p2                                                   |     |        | add_ln52_25              | add       | fabric                   | 0       |
|     icmp_ln52_25_fu_4467_p2                                                  |     |        | icmp_ln52_25             | seteq     | auto                     | 0       |
|     xor_ln52_75_fu_4473_p2                                                   |     |        | xor_ln52_75              | xor       | auto                     | 0       |
|     or_ln52_82_fu_4479_p2                                                    |     |        | or_ln52_82               | or        | auto                     | 0       |
|     and_ln52_50_fu_4485_p2                                                   |     |        | and_ln52_50              | and       | auto                     | 0       |
|     xor_ln52_76_fu_4491_p2                                                   |     |        | xor_ln52_76              | xor       | auto                     | 0       |
|     or_ln52_50_fu_4497_p2                                                    |     |        | or_ln52_50               | or        | auto                     | 0       |
|     xor_ln52_77_fu_4503_p2                                                   |     |        | xor_ln52_77              | xor       | auto                     | 0       |
|     and_ln52_51_fu_4509_p2                                                   |     |        | and_ln52_51              | and       | auto                     | 0       |
|     select_ln52_50_fu_4515_p3                                                |     |        | select_ln52_50           | select    | auto_sel                 | 0       |
|     or_ln52_83_fu_4523_p2                                                    |     |        | or_ln52_83               | or        | auto                     | 0       |
|     select_ln52_51_fu_4529_p3                                                |     |        | select_ln52_51           | select    | auto_sel                 | 0       |
|     out_data_0_25_0_0_0_load_fu_4537_p3                                      |     |        | out_data_0_25_0_0_0_load | select    | auto_sel                 | 0       |
|     icmp_ln51_26_fu_4545_p2                                                  |     |        | icmp_ln51_26             | setgt     | auto                     | 0       |
|     add_ln52_26_fu_4589_p2                                                   |     |        | add_ln52_26              | add       | fabric                   | 0       |
|     icmp_ln52_26_fu_4613_p2                                                  |     |        | icmp_ln52_26             | seteq     | auto                     | 0       |
|     xor_ln52_78_fu_4619_p2                                                   |     |        | xor_ln52_78              | xor       | auto                     | 0       |
|     or_ln52_84_fu_4625_p2                                                    |     |        | or_ln52_84               | or        | auto                     | 0       |
|     and_ln52_52_fu_4631_p2                                                   |     |        | and_ln52_52              | and       | auto                     | 0       |
|     xor_ln52_79_fu_4637_p2                                                   |     |        | xor_ln52_79              | xor       | auto                     | 0       |
|     or_ln52_52_fu_4643_p2                                                    |     |        | or_ln52_52               | or        | auto                     | 0       |
|     xor_ln52_80_fu_4649_p2                                                   |     |        | xor_ln52_80              | xor       | auto                     | 0       |
|     and_ln52_53_fu_4655_p2                                                   |     |        | and_ln52_53              | and       | auto                     | 0       |
|     select_ln52_52_fu_4661_p3                                                |     |        | select_ln52_52           | select    | auto_sel                 | 0       |
|     or_ln52_85_fu_4669_p2                                                    |     |        | or_ln52_85               | or        | auto                     | 0       |
|     select_ln52_53_fu_4675_p3                                                |     |        | select_ln52_53           | select    | auto_sel                 | 0       |
|     out_data_0_26_0_0_0_load_fu_4683_p3                                      |     |        | out_data_0_26_0_0_0_load | select    | auto_sel                 | 0       |
|     icmp_ln51_27_fu_4691_p2                                                  |     |        | icmp_ln51_27             | setgt     | auto                     | 0       |
|     add_ln52_27_fu_4735_p2                                                   |     |        | add_ln52_27              | add       | fabric                   | 0       |
|     icmp_ln52_27_fu_4759_p2                                                  |     |        | icmp_ln52_27             | seteq     | auto                     | 0       |
|     xor_ln52_81_fu_4765_p2                                                   |     |        | xor_ln52_81              | xor       | auto                     | 0       |
|     or_ln52_86_fu_4771_p2                                                    |     |        | or_ln52_86               | or        | auto                     | 0       |
|     and_ln52_54_fu_4777_p2                                                   |     |        | and_ln52_54              | and       | auto                     | 0       |
|     xor_ln52_82_fu_4783_p2                                                   |     |        | xor_ln52_82              | xor       | auto                     | 0       |
|     or_ln52_54_fu_4789_p2                                                    |     |        | or_ln52_54               | or        | auto                     | 0       |
|     xor_ln52_83_fu_4795_p2                                                   |     |        | xor_ln52_83              | xor       | auto                     | 0       |
|     and_ln52_55_fu_4801_p2                                                   |     |        | and_ln52_55              | and       | auto                     | 0       |
|     select_ln52_54_fu_4807_p3                                                |     |        | select_ln52_54           | select    | auto_sel                 | 0       |
|     or_ln52_87_fu_4815_p2                                                    |     |        | or_ln52_87               | or        | auto                     | 0       |
|     select_ln52_55_fu_4821_p3                                                |     |        | select_ln52_55           | select    | auto_sel                 | 0       |
|     out_data_0_27_0_0_0_load_fu_4829_p3                                      |     |        | out_data_0_27_0_0_0_load | select    | auto_sel                 | 0       |
|     icmp_ln51_28_fu_4837_p2                                                  |     |        | icmp_ln51_28             | setgt     | auto                     | 0       |
|     add_ln52_28_fu_4881_p2                                                   |     |        | add_ln52_28              | add       | fabric                   | 0       |
|     icmp_ln52_28_fu_4905_p2                                                  |     |        | icmp_ln52_28             | seteq     | auto                     | 0       |
|     xor_ln52_84_fu_4911_p2                                                   |     |        | xor_ln52_84              | xor       | auto                     | 0       |
|     or_ln52_88_fu_4917_p2                                                    |     |        | or_ln52_88               | or        | auto                     | 0       |
|     and_ln52_56_fu_4923_p2                                                   |     |        | and_ln52_56              | and       | auto                     | 0       |
|     xor_ln52_85_fu_4929_p2                                                   |     |        | xor_ln52_85              | xor       | auto                     | 0       |
|     or_ln52_56_fu_4935_p2                                                    |     |        | or_ln52_56               | or        | auto                     | 0       |
|     xor_ln52_86_fu_4941_p2                                                   |     |        | xor_ln52_86              | xor       | auto                     | 0       |
|     and_ln52_57_fu_4947_p2                                                   |     |        | and_ln52_57              | and       | auto                     | 0       |
|     select_ln52_56_fu_4953_p3                                                |     |        | select_ln52_56           | select    | auto_sel                 | 0       |
|     or_ln52_89_fu_4961_p2                                                    |     |        | or_ln52_89               | or        | auto                     | 0       |
|     select_ln52_57_fu_4967_p3                                                |     |        | select_ln52_57           | select    | auto_sel                 | 0       |
|     out_data_0_28_0_0_0_load_fu_4975_p3                                      |     |        | out_data_0_28_0_0_0_load | select    | auto_sel                 | 0       |
|     icmp_ln51_29_fu_4983_p2                                                  |     |        | icmp_ln51_29             | setgt     | auto                     | 0       |
|     add_ln52_29_fu_5027_p2                                                   |     |        | add_ln52_29              | add       | fabric                   | 0       |
|     icmp_ln52_29_fu_5051_p2                                                  |     |        | icmp_ln52_29             | seteq     | auto                     | 0       |
|     xor_ln52_87_fu_5057_p2                                                   |     |        | xor_ln52_87              | xor       | auto                     | 0       |
|     or_ln52_90_fu_5063_p2                                                    |     |        | or_ln52_90               | or        | auto                     | 0       |
|     and_ln52_58_fu_5069_p2                                                   |     |        | and_ln52_58              | and       | auto                     | 0       |
|     xor_ln52_88_fu_5075_p2                                                   |     |        | xor_ln52_88              | xor       | auto                     | 0       |
|     or_ln52_58_fu_5081_p2                                                    |     |        | or_ln52_58               | or        | auto                     | 0       |
|     xor_ln52_89_fu_5087_p2                                                   |     |        | xor_ln52_89              | xor       | auto                     | 0       |
|     and_ln52_59_fu_5093_p2                                                   |     |        | and_ln52_59              | and       | auto                     | 0       |
|     select_ln52_58_fu_5099_p3                                                |     |        | select_ln52_58           | select    | auto_sel                 | 0       |
|     or_ln52_91_fu_5107_p2                                                    |     |        | or_ln52_91               | or        | auto                     | 0       |
|     select_ln52_59_fu_5113_p3                                                |     |        | select_ln52_59           | select    | auto_sel                 | 0       |
|     out_data_0_29_0_0_0_load_fu_5121_p3                                      |     |        | out_data_0_29_0_0_0_load | select    | auto_sel                 | 0       |
|     icmp_ln51_30_fu_5129_p2                                                  |     |        | icmp_ln51_30             | setgt     | auto                     | 0       |
|     add_ln52_30_fu_5173_p2                                                   |     |        | add_ln52_30              | add       | fabric                   | 0       |
|     icmp_ln52_30_fu_5197_p2                                                  |     |        | icmp_ln52_30             | seteq     | auto                     | 0       |
|     xor_ln52_90_fu_5203_p2                                                   |     |        | xor_ln52_90              | xor       | auto                     | 0       |
|     or_ln52_92_fu_5209_p2                                                    |     |        | or_ln52_92               | or        | auto                     | 0       |
|     and_ln52_60_fu_5215_p2                                                   |     |        | and_ln52_60              | and       | auto                     | 0       |
|     xor_ln52_91_fu_5221_p2                                                   |     |        | xor_ln52_91              | xor       | auto                     | 0       |
|     or_ln52_60_fu_5227_p2                                                    |     |        | or_ln52_60               | or        | auto                     | 0       |
|     xor_ln52_92_fu_5233_p2                                                   |     |        | xor_ln52_92              | xor       | auto                     | 0       |
|     and_ln52_61_fu_5239_p2                                                   |     |        | and_ln52_61              | and       | auto                     | 0       |
|     select_ln52_60_fu_5245_p3                                                |     |        | select_ln52_60           | select    | auto_sel                 | 0       |
|     or_ln52_93_fu_5253_p2                                                    |     |        | or_ln52_93               | or        | auto                     | 0       |
|     select_ln52_61_fu_5259_p3                                                |     |        | select_ln52_61           | select    | auto_sel                 | 0       |
|     out_data_0_30_0_0_0_load_fu_5267_p3                                      |     |        | out_data_0_30_0_0_0_load | select    | auto_sel                 | 0       |
|     icmp_ln51_31_fu_5275_p2                                                  |     |        | icmp_ln51_31             | setgt     | auto                     | 0       |
|     add_ln52_31_fu_5319_p2                                                   |     |        | add_ln52_31              | add       | fabric                   | 0       |
|     icmp_ln52_31_fu_5343_p2                                                  |     |        | icmp_ln52_31             | seteq     | auto                     | 0       |
|     xor_ln52_93_fu_5349_p2                                                   |     |        | xor_ln52_93              | xor       | auto                     | 0       |
|     or_ln52_94_fu_5355_p2                                                    |     |        | or_ln52_94               | or        | auto                     | 0       |
|     and_ln52_62_fu_5361_p2                                                   |     |        | and_ln52_62              | and       | auto                     | 0       |
|     xor_ln52_94_fu_5367_p2                                                   |     |        | xor_ln52_94              | xor       | auto                     | 0       |
|     or_ln52_62_fu_5373_p2                                                    |     |        | or_ln52_62               | or        | auto                     | 0       |
|     xor_ln52_95_fu_5379_p2                                                   |     |        | xor_ln52_95              | xor       | auto                     | 0       |
|     and_ln52_63_fu_5385_p2                                                   |     |        | and_ln52_63              | and       | auto                     | 0       |
|     select_ln52_62_fu_5391_p3                                                |     |        | select_ln52_62           | select    | auto_sel                 | 0       |
|     or_ln52_95_fu_5399_p2                                                    |     |        | or_ln52_95               | or        | auto                     | 0       |
|     select_ln52_63_fu_5405_p3                                                |     |        | select_ln52_63           | select    | auto_sel                 | 0       |
|     out_data_0_31_0_0_0_load_fu_5413_p3                                      |     |        | out_data_0_31_0_0_0_load | select    | auto_sel                 | 0       |
|   + dense_array_ap_fixed_32u_array_ap_fixed_26_14_5_3_0_16u_config7_s        | 1   |        |                          |           |                          |         |
|    + dense_resource_rf_gt_nin_rem0_ap_fixed_ap_fixed_26_14_5_3_0_config7_s   | 1   |        |                          |           |                          |         |
|      sparsemux_65_5_10_1_1_U252                                              |     |        | a                        | sparsemux | compactencoding_dontcare | 0       |
|      mac_muladd_10s_7s_26s_27_1_1_U254                                       | 1   |        | mul_ln73                 | mul       | dsp_slice                | 0       |
|      sparsemux_33_4_26_1_1_U253                                              |     |        | tmp                      | sparsemux | compactencoding_dontcare | 0       |
|      mac_muladd_10s_7s_26s_27_1_1_U254                                       | 1   |        | sext_ln144_2             | sext      | dsp_slice                | 0       |
|      mac_muladd_10s_7s_26s_27_1_1_U254                                       | 1   |        | add_ln144                | add       | dsp_slice                | 0       |
|      icmp_ln144_fu_3560_p2                                                   |     |        | icmp_ln144               | seteq     | auto                     | 0       |
|      w_index_fu_3324_p2                                                      |     |        | w_index                  | add       | fabric                   | 0       |
|      in_index_2_fu_3584_p2                                                   |     |        | in_index_2               | add       | fabric                   | 0       |
|      icmp_ln154_fu_3600_p2                                                   |     |        | icmp_ln154               | setgt     | auto                     | 0       |
|      in_index_fu_3606_p3                                                     |     |        | in_index                 | select    | auto_sel                 | 0       |
|      icmp_ln135_fu_3330_p2                                                   |     |        | icmp_ln135               | seteq     | auto                     | 0       |
|   + relu_array_ap_fixed_16u_array_ap_fixed_10_4_0_0_0_16u_relu_config8_s     | 0   |        |                          |           |                          |         |
|     icmp_ln51_fu_397_p2                                                      |     |        | icmp_ln51                | setgt     | auto                     | 0       |
|     add_ln52_fu_441_p2                                                       |     |        | add_ln52                 | add       | fabric                   | 0       |
|     icmp_ln52_fu_465_p2                                                      |     |        | icmp_ln52                | seteq     | auto                     | 0       |
|     xor_ln52_fu_471_p2                                                       |     |        | xor_ln52                 | xor       | auto                     | 0       |
|     or_ln52_96_fu_477_p2                                                     |     |        | or_ln52_96               | or        | auto                     | 0       |
|     and_ln52_fu_483_p2                                                       |     |        | and_ln52                 | and       | auto                     | 0       |
|     xor_ln52_96_fu_489_p2                                                    |     |        | xor_ln52_96              | xor       | auto                     | 0       |
|     or_ln52_fu_495_p2                                                        |     |        | or_ln52                  | or        | auto                     | 0       |
|     xor_ln52_97_fu_501_p2                                                    |     |        | xor_ln52_97              | xor       | auto                     | 0       |
|     and_ln52_64_fu_507_p2                                                    |     |        | and_ln52_64              | and       | auto                     | 0       |
|     select_ln52_fu_513_p3                                                    |     |        | select_ln52              | select    | auto_sel                 | 0       |
|     or_ln52_97_fu_521_p2                                                     |     |        | or_ln52_97               | or        | auto                     | 0       |
|     select_ln52_64_fu_527_p3                                                 |     |        | select_ln52_64           | select    | auto_sel                 | 0       |
|     out_data_0_0_0_0_0_load_fu_535_p3                                        |     |        | out_data_0_0_0_0_0_load  | select    | auto_sel                 | 0       |
|     icmp_ln51_32_fu_543_p2                                                   |     |        | icmp_ln51_32             | setgt     | auto                     | 0       |
|     add_ln52_32_fu_587_p2                                                    |     |        | add_ln52_32              | add       | fabric                   | 0       |
|     icmp_ln52_32_fu_611_p2                                                   |     |        | icmp_ln52_32             | seteq     | auto                     | 0       |
|     xor_ln52_98_fu_617_p2                                                    |     |        | xor_ln52_98              | xor       | auto                     | 0       |
|     or_ln52_98_fu_623_p2                                                     |     |        | or_ln52_98               | or        | auto                     | 0       |
|     and_ln52_65_fu_629_p2                                                    |     |        | and_ln52_65              | and       | auto                     | 0       |
|     xor_ln52_99_fu_635_p2                                                    |     |        | xor_ln52_99              | xor       | auto                     | 0       |
|     or_ln52_65_fu_641_p2                                                     |     |        | or_ln52_65               | or        | auto                     | 0       |
|     xor_ln52_100_fu_647_p2                                                   |     |        | xor_ln52_100             | xor       | auto                     | 0       |
|     and_ln52_66_fu_653_p2                                                    |     |        | and_ln52_66              | and       | auto                     | 0       |
|     select_ln52_65_fu_659_p3                                                 |     |        | select_ln52_65           | select    | auto_sel                 | 0       |
|     or_ln52_99_fu_667_p2                                                     |     |        | or_ln52_99               | or        | auto                     | 0       |
|     select_ln52_66_fu_673_p3                                                 |     |        | select_ln52_66           | select    | auto_sel                 | 0       |
|     out_data_0_1_0_0_0_load_fu_681_p3                                        |     |        | out_data_0_1_0_0_0_load  | select    | auto_sel                 | 0       |
|     icmp_ln51_33_fu_689_p2                                                   |     |        | icmp_ln51_33             | setgt     | auto                     | 0       |
|     add_ln52_33_fu_733_p2                                                    |     |        | add_ln52_33              | add       | fabric                   | 0       |
|     icmp_ln52_33_fu_757_p2                                                   |     |        | icmp_ln52_33             | seteq     | auto                     | 0       |
|     xor_ln52_101_fu_763_p2                                                   |     |        | xor_ln52_101             | xor       | auto                     | 0       |
|     or_ln52_100_fu_769_p2                                                    |     |        | or_ln52_100              | or        | auto                     | 0       |
|     and_ln52_67_fu_775_p2                                                    |     |        | and_ln52_67              | and       | auto                     | 0       |
|     xor_ln52_102_fu_781_p2                                                   |     |        | xor_ln52_102             | xor       | auto                     | 0       |
|     or_ln52_67_fu_787_p2                                                     |     |        | or_ln52_67               | or        | auto                     | 0       |
|     xor_ln52_103_fu_793_p2                                                   |     |        | xor_ln52_103             | xor       | auto                     | 0       |
|     and_ln52_68_fu_799_p2                                                    |     |        | and_ln52_68              | and       | auto                     | 0       |
|     select_ln52_67_fu_805_p3                                                 |     |        | select_ln52_67           | select    | auto_sel                 | 0       |
|     or_ln52_101_fu_813_p2                                                    |     |        | or_ln52_101              | or        | auto                     | 0       |
|     select_ln52_68_fu_819_p3                                                 |     |        | select_ln52_68           | select    | auto_sel                 | 0       |
|     out_data_0_2_0_0_0_load_fu_827_p3                                        |     |        | out_data_0_2_0_0_0_load  | select    | auto_sel                 | 0       |
|     icmp_ln51_34_fu_835_p2                                                   |     |        | icmp_ln51_34             | setgt     | auto                     | 0       |
|     add_ln52_34_fu_879_p2                                                    |     |        | add_ln52_34              | add       | fabric                   | 0       |
|     icmp_ln52_34_fu_903_p2                                                   |     |        | icmp_ln52_34             | seteq     | auto                     | 0       |
|     xor_ln52_104_fu_909_p2                                                   |     |        | xor_ln52_104             | xor       | auto                     | 0       |
|     or_ln52_102_fu_915_p2                                                    |     |        | or_ln52_102              | or        | auto                     | 0       |
|     and_ln52_69_fu_921_p2                                                    |     |        | and_ln52_69              | and       | auto                     | 0       |
|     xor_ln52_105_fu_927_p2                                                   |     |        | xor_ln52_105             | xor       | auto                     | 0       |
|     or_ln52_69_fu_933_p2                                                     |     |        | or_ln52_69               | or        | auto                     | 0       |
|     xor_ln52_106_fu_939_p2                                                   |     |        | xor_ln52_106             | xor       | auto                     | 0       |
|     and_ln52_70_fu_945_p2                                                    |     |        | and_ln52_70              | and       | auto                     | 0       |
|     select_ln52_69_fu_951_p3                                                 |     |        | select_ln52_69           | select    | auto_sel                 | 0       |
|     or_ln52_103_fu_959_p2                                                    |     |        | or_ln52_103              | or        | auto                     | 0       |
|     select_ln52_70_fu_965_p3                                                 |     |        | select_ln52_70           | select    | auto_sel                 | 0       |
|     out_data_0_3_0_0_0_load_fu_973_p3                                        |     |        | out_data_0_3_0_0_0_load  | select    | auto_sel                 | 0       |
|     icmp_ln51_35_fu_981_p2                                                   |     |        | icmp_ln51_35             | setgt     | auto                     | 0       |
|     add_ln52_35_fu_1025_p2                                                   |     |        | add_ln52_35              | add       | fabric                   | 0       |
|     icmp_ln52_35_fu_1049_p2                                                  |     |        | icmp_ln52_35             | seteq     | auto                     | 0       |
|     xor_ln52_107_fu_1055_p2                                                  |     |        | xor_ln52_107             | xor       | auto                     | 0       |
|     or_ln52_104_fu_1061_p2                                                   |     |        | or_ln52_104              | or        | auto                     | 0       |
|     and_ln52_71_fu_1067_p2                                                   |     |        | and_ln52_71              | and       | auto                     | 0       |
|     xor_ln52_108_fu_1073_p2                                                  |     |        | xor_ln52_108             | xor       | auto                     | 0       |
|     or_ln52_71_fu_1079_p2                                                    |     |        | or_ln52_71               | or        | auto                     | 0       |
|     xor_ln52_109_fu_1085_p2                                                  |     |        | xor_ln52_109             | xor       | auto                     | 0       |
|     and_ln52_72_fu_1091_p2                                                   |     |        | and_ln52_72              | and       | auto                     | 0       |
|     select_ln52_71_fu_1097_p3                                                |     |        | select_ln52_71           | select    | auto_sel                 | 0       |
|     or_ln52_105_fu_1105_p2                                                   |     |        | or_ln52_105              | or        | auto                     | 0       |
|     select_ln52_72_fu_1111_p3                                                |     |        | select_ln52_72           | select    | auto_sel                 | 0       |
|     out_data_0_4_0_0_0_load_fu_1119_p3                                       |     |        | out_data_0_4_0_0_0_load  | select    | auto_sel                 | 0       |
|     icmp_ln51_36_fu_1127_p2                                                  |     |        | icmp_ln51_36             | setgt     | auto                     | 0       |
|     add_ln52_36_fu_1171_p2                                                   |     |        | add_ln52_36              | add       | fabric                   | 0       |
|     icmp_ln52_36_fu_1195_p2                                                  |     |        | icmp_ln52_36             | seteq     | auto                     | 0       |
|     xor_ln52_110_fu_1201_p2                                                  |     |        | xor_ln52_110             | xor       | auto                     | 0       |
|     or_ln52_106_fu_1207_p2                                                   |     |        | or_ln52_106              | or        | auto                     | 0       |
|     and_ln52_73_fu_1213_p2                                                   |     |        | and_ln52_73              | and       | auto                     | 0       |
|     xor_ln52_111_fu_1219_p2                                                  |     |        | xor_ln52_111             | xor       | auto                     | 0       |
|     or_ln52_73_fu_1225_p2                                                    |     |        | or_ln52_73               | or        | auto                     | 0       |
|     xor_ln52_112_fu_1231_p2                                                  |     |        | xor_ln52_112             | xor       | auto                     | 0       |
|     and_ln52_74_fu_1237_p2                                                   |     |        | and_ln52_74              | and       | auto                     | 0       |
|     select_ln52_73_fu_1243_p3                                                |     |        | select_ln52_73           | select    | auto_sel                 | 0       |
|     or_ln52_107_fu_1251_p2                                                   |     |        | or_ln52_107              | or        | auto                     | 0       |
|     select_ln52_74_fu_1257_p3                                                |     |        | select_ln52_74           | select    | auto_sel                 | 0       |
|     out_data_0_5_0_0_0_load_fu_1265_p3                                       |     |        | out_data_0_5_0_0_0_load  | select    | auto_sel                 | 0       |
|     icmp_ln51_37_fu_1273_p2                                                  |     |        | icmp_ln51_37             | setgt     | auto                     | 0       |
|     add_ln52_37_fu_1317_p2                                                   |     |        | add_ln52_37              | add       | fabric                   | 0       |
|     icmp_ln52_37_fu_1341_p2                                                  |     |        | icmp_ln52_37             | seteq     | auto                     | 0       |
|     xor_ln52_113_fu_1347_p2                                                  |     |        | xor_ln52_113             | xor       | auto                     | 0       |
|     or_ln52_108_fu_1353_p2                                                   |     |        | or_ln52_108              | or        | auto                     | 0       |
|     and_ln52_75_fu_1359_p2                                                   |     |        | and_ln52_75              | and       | auto                     | 0       |
|     xor_ln52_114_fu_1365_p2                                                  |     |        | xor_ln52_114             | xor       | auto                     | 0       |
|     or_ln52_75_fu_1371_p2                                                    |     |        | or_ln52_75               | or        | auto                     | 0       |
|     xor_ln52_115_fu_1377_p2                                                  |     |        | xor_ln52_115             | xor       | auto                     | 0       |
|     and_ln52_76_fu_1383_p2                                                   |     |        | and_ln52_76              | and       | auto                     | 0       |
|     select_ln52_75_fu_1389_p3                                                |     |        | select_ln52_75           | select    | auto_sel                 | 0       |
|     or_ln52_109_fu_1397_p2                                                   |     |        | or_ln52_109              | or        | auto                     | 0       |
|     select_ln52_76_fu_1403_p3                                                |     |        | select_ln52_76           | select    | auto_sel                 | 0       |
|     out_data_0_6_0_0_0_load_fu_1411_p3                                       |     |        | out_data_0_6_0_0_0_load  | select    | auto_sel                 | 0       |
|     icmp_ln51_38_fu_1419_p2                                                  |     |        | icmp_ln51_38             | setgt     | auto                     | 0       |
|     add_ln52_38_fu_1463_p2                                                   |     |        | add_ln52_38              | add       | fabric                   | 0       |
|     icmp_ln52_38_fu_1487_p2                                                  |     |        | icmp_ln52_38             | seteq     | auto                     | 0       |
|     xor_ln52_116_fu_1493_p2                                                  |     |        | xor_ln52_116             | xor       | auto                     | 0       |
|     or_ln52_110_fu_1499_p2                                                   |     |        | or_ln52_110              | or        | auto                     | 0       |
|     and_ln52_77_fu_1505_p2                                                   |     |        | and_ln52_77              | and       | auto                     | 0       |
|     xor_ln52_117_fu_1511_p2                                                  |     |        | xor_ln52_117             | xor       | auto                     | 0       |
|     or_ln52_77_fu_1517_p2                                                    |     |        | or_ln52_77               | or        | auto                     | 0       |
|     xor_ln52_118_fu_1523_p2                                                  |     |        | xor_ln52_118             | xor       | auto                     | 0       |
|     and_ln52_78_fu_1529_p2                                                   |     |        | and_ln52_78              | and       | auto                     | 0       |
|     select_ln52_77_fu_1535_p3                                                |     |        | select_ln52_77           | select    | auto_sel                 | 0       |
|     or_ln52_111_fu_1543_p2                                                   |     |        | or_ln52_111              | or        | auto                     | 0       |
|     select_ln52_78_fu_1549_p3                                                |     |        | select_ln52_78           | select    | auto_sel                 | 0       |
|     out_data_0_7_0_0_0_load_fu_1557_p3                                       |     |        | out_data_0_7_0_0_0_load  | select    | auto_sel                 | 0       |
|     icmp_ln51_39_fu_1565_p2                                                  |     |        | icmp_ln51_39             | setgt     | auto                     | 0       |
|     add_ln52_39_fu_1609_p2                                                   |     |        | add_ln52_39              | add       | fabric                   | 0       |
|     icmp_ln52_39_fu_1633_p2                                                  |     |        | icmp_ln52_39             | seteq     | auto                     | 0       |
|     xor_ln52_119_fu_1639_p2                                                  |     |        | xor_ln52_119             | xor       | auto                     | 0       |
|     or_ln52_112_fu_1645_p2                                                   |     |        | or_ln52_112              | or        | auto                     | 0       |
|     and_ln52_79_fu_1651_p2                                                   |     |        | and_ln52_79              | and       | auto                     | 0       |
|     xor_ln52_120_fu_1657_p2                                                  |     |        | xor_ln52_120             | xor       | auto                     | 0       |
|     or_ln52_79_fu_1663_p2                                                    |     |        | or_ln52_79               | or        | auto                     | 0       |
|     xor_ln52_121_fu_1669_p2                                                  |     |        | xor_ln52_121             | xor       | auto                     | 0       |
|     and_ln52_80_fu_1675_p2                                                   |     |        | and_ln52_80              | and       | auto                     | 0       |
|     select_ln52_79_fu_1681_p3                                                |     |        | select_ln52_79           | select    | auto_sel                 | 0       |
|     or_ln52_113_fu_1689_p2                                                   |     |        | or_ln52_113              | or        | auto                     | 0       |
|     select_ln52_80_fu_1695_p3                                                |     |        | select_ln52_80           | select    | auto_sel                 | 0       |
|     out_data_0_8_0_0_0_load_fu_1703_p3                                       |     |        | out_data_0_8_0_0_0_load  | select    | auto_sel                 | 0       |
|     icmp_ln51_40_fu_1711_p2                                                  |     |        | icmp_ln51_40             | setgt     | auto                     | 0       |
|     add_ln52_40_fu_1755_p2                                                   |     |        | add_ln52_40              | add       | fabric                   | 0       |
|     icmp_ln52_40_fu_1779_p2                                                  |     |        | icmp_ln52_40             | seteq     | auto                     | 0       |
|     xor_ln52_122_fu_1785_p2                                                  |     |        | xor_ln52_122             | xor       | auto                     | 0       |
|     or_ln52_114_fu_1791_p2                                                   |     |        | or_ln52_114              | or        | auto                     | 0       |
|     and_ln52_81_fu_1797_p2                                                   |     |        | and_ln52_81              | and       | auto                     | 0       |
|     xor_ln52_123_fu_1803_p2                                                  |     |        | xor_ln52_123             | xor       | auto                     | 0       |
|     or_ln52_81_fu_1809_p2                                                    |     |        | or_ln52_81               | or        | auto                     | 0       |
|     xor_ln52_124_fu_1815_p2                                                  |     |        | xor_ln52_124             | xor       | auto                     | 0       |
|     and_ln52_82_fu_1821_p2                                                   |     |        | and_ln52_82              | and       | auto                     | 0       |
|     select_ln52_81_fu_1827_p3                                                |     |        | select_ln52_81           | select    | auto_sel                 | 0       |
|     or_ln52_115_fu_1835_p2                                                   |     |        | or_ln52_115              | or        | auto                     | 0       |
|     select_ln52_82_fu_1841_p3                                                |     |        | select_ln52_82           | select    | auto_sel                 | 0       |
|     out_data_0_9_0_0_0_load_fu_1849_p3                                       |     |        | out_data_0_9_0_0_0_load  | select    | auto_sel                 | 0       |
|     icmp_ln51_41_fu_1857_p2                                                  |     |        | icmp_ln51_41             | setgt     | auto                     | 0       |
|     add_ln52_41_fu_1901_p2                                                   |     |        | add_ln52_41              | add       | fabric                   | 0       |
|     icmp_ln52_41_fu_1925_p2                                                  |     |        | icmp_ln52_41             | seteq     | auto                     | 0       |
|     xor_ln52_125_fu_1931_p2                                                  |     |        | xor_ln52_125             | xor       | auto                     | 0       |
|     or_ln52_116_fu_1937_p2                                                   |     |        | or_ln52_116              | or        | auto                     | 0       |
|     and_ln52_83_fu_1943_p2                                                   |     |        | and_ln52_83              | and       | auto                     | 0       |
|     xor_ln52_126_fu_1949_p2                                                  |     |        | xor_ln52_126             | xor       | auto                     | 0       |
|     or_ln52_83_fu_1955_p2                                                    |     |        | or_ln52_83               | or        | auto                     | 0       |
|     xor_ln52_127_fu_1961_p2                                                  |     |        | xor_ln52_127             | xor       | auto                     | 0       |
|     and_ln52_84_fu_1967_p2                                                   |     |        | and_ln52_84              | and       | auto                     | 0       |
|     select_ln52_83_fu_1973_p3                                                |     |        | select_ln52_83           | select    | auto_sel                 | 0       |
|     or_ln52_117_fu_1981_p2                                                   |     |        | or_ln52_117              | or        | auto                     | 0       |
|     select_ln52_84_fu_1987_p3                                                |     |        | select_ln52_84           | select    | auto_sel                 | 0       |
|     out_data_0_10_0_0_0_load_fu_1995_p3                                      |     |        | out_data_0_10_0_0_0_load | select    | auto_sel                 | 0       |
|     icmp_ln51_42_fu_2003_p2                                                  |     |        | icmp_ln51_42             | setgt     | auto                     | 0       |
|     add_ln52_42_fu_2047_p2                                                   |     |        | add_ln52_42              | add       | fabric                   | 0       |
|     icmp_ln52_42_fu_2071_p2                                                  |     |        | icmp_ln52_42             | seteq     | auto                     | 0       |
|     xor_ln52_128_fu_2077_p2                                                  |     |        | xor_ln52_128             | xor       | auto                     | 0       |
|     or_ln52_118_fu_2083_p2                                                   |     |        | or_ln52_118              | or        | auto                     | 0       |
|     and_ln52_85_fu_2089_p2                                                   |     |        | and_ln52_85              | and       | auto                     | 0       |
|     xor_ln52_129_fu_2095_p2                                                  |     |        | xor_ln52_129             | xor       | auto                     | 0       |
|     or_ln52_85_fu_2101_p2                                                    |     |        | or_ln52_85               | or        | auto                     | 0       |
|     xor_ln52_130_fu_2107_p2                                                  |     |        | xor_ln52_130             | xor       | auto                     | 0       |
|     and_ln52_86_fu_2113_p2                                                   |     |        | and_ln52_86              | and       | auto                     | 0       |
|     select_ln52_85_fu_2119_p3                                                |     |        | select_ln52_85           | select    | auto_sel                 | 0       |
|     or_ln52_119_fu_2127_p2                                                   |     |        | or_ln52_119              | or        | auto                     | 0       |
|     select_ln52_86_fu_2133_p3                                                |     |        | select_ln52_86           | select    | auto_sel                 | 0       |
|     out_data_0_11_0_0_0_load_fu_2141_p3                                      |     |        | out_data_0_11_0_0_0_load | select    | auto_sel                 | 0       |
|     icmp_ln51_43_fu_2149_p2                                                  |     |        | icmp_ln51_43             | setgt     | auto                     | 0       |
|     add_ln52_43_fu_2193_p2                                                   |     |        | add_ln52_43              | add       | fabric                   | 0       |
|     icmp_ln52_43_fu_2217_p2                                                  |     |        | icmp_ln52_43             | seteq     | auto                     | 0       |
|     xor_ln52_131_fu_2223_p2                                                  |     |        | xor_ln52_131             | xor       | auto                     | 0       |
|     or_ln52_120_fu_2229_p2                                                   |     |        | or_ln52_120              | or        | auto                     | 0       |
|     and_ln52_87_fu_2235_p2                                                   |     |        | and_ln52_87              | and       | auto                     | 0       |
|     xor_ln52_132_fu_2241_p2                                                  |     |        | xor_ln52_132             | xor       | auto                     | 0       |
|     or_ln52_87_fu_2247_p2                                                    |     |        | or_ln52_87               | or        | auto                     | 0       |
|     xor_ln52_133_fu_2253_p2                                                  |     |        | xor_ln52_133             | xor       | auto                     | 0       |
|     and_ln52_88_fu_2259_p2                                                   |     |        | and_ln52_88              | and       | auto                     | 0       |
|     select_ln52_87_fu_2265_p3                                                |     |        | select_ln52_87           | select    | auto_sel                 | 0       |
|     or_ln52_121_fu_2273_p2                                                   |     |        | or_ln52_121              | or        | auto                     | 0       |
|     select_ln52_88_fu_2279_p3                                                |     |        | select_ln52_88           | select    | auto_sel                 | 0       |
|     out_data_0_12_0_0_0_load_fu_2287_p3                                      |     |        | out_data_0_12_0_0_0_load | select    | auto_sel                 | 0       |
|     icmp_ln51_44_fu_2295_p2                                                  |     |        | icmp_ln51_44             | setgt     | auto                     | 0       |
|     add_ln52_44_fu_2339_p2                                                   |     |        | add_ln52_44              | add       | fabric                   | 0       |
|     icmp_ln52_44_fu_2363_p2                                                  |     |        | icmp_ln52_44             | seteq     | auto                     | 0       |
|     xor_ln52_134_fu_2369_p2                                                  |     |        | xor_ln52_134             | xor       | auto                     | 0       |
|     or_ln52_122_fu_2375_p2                                                   |     |        | or_ln52_122              | or        | auto                     | 0       |
|     and_ln52_89_fu_2381_p2                                                   |     |        | and_ln52_89              | and       | auto                     | 0       |
|     xor_ln52_135_fu_2387_p2                                                  |     |        | xor_ln52_135             | xor       | auto                     | 0       |
|     or_ln52_89_fu_2393_p2                                                    |     |        | or_ln52_89               | or        | auto                     | 0       |
|     xor_ln52_136_fu_2399_p2                                                  |     |        | xor_ln52_136             | xor       | auto                     | 0       |
|     and_ln52_90_fu_2405_p2                                                   |     |        | and_ln52_90              | and       | auto                     | 0       |
|     select_ln52_89_fu_2411_p3                                                |     |        | select_ln52_89           | select    | auto_sel                 | 0       |
|     or_ln52_123_fu_2419_p2                                                   |     |        | or_ln52_123              | or        | auto                     | 0       |
|     select_ln52_90_fu_2425_p3                                                |     |        | select_ln52_90           | select    | auto_sel                 | 0       |
|     out_data_0_13_0_0_0_load_fu_2433_p3                                      |     |        | out_data_0_13_0_0_0_load | select    | auto_sel                 | 0       |
|     icmp_ln51_45_fu_2441_p2                                                  |     |        | icmp_ln51_45             | setgt     | auto                     | 0       |
|     add_ln52_45_fu_2485_p2                                                   |     |        | add_ln52_45              | add       | fabric                   | 0       |
|     icmp_ln52_45_fu_2509_p2                                                  |     |        | icmp_ln52_45             | seteq     | auto                     | 0       |
|     xor_ln52_137_fu_2515_p2                                                  |     |        | xor_ln52_137             | xor       | auto                     | 0       |
|     or_ln52_124_fu_2521_p2                                                   |     |        | or_ln52_124              | or        | auto                     | 0       |
|     and_ln52_91_fu_2527_p2                                                   |     |        | and_ln52_91              | and       | auto                     | 0       |
|     xor_ln52_138_fu_2533_p2                                                  |     |        | xor_ln52_138             | xor       | auto                     | 0       |
|     or_ln52_91_fu_2539_p2                                                    |     |        | or_ln52_91               | or        | auto                     | 0       |
|     xor_ln52_139_fu_2545_p2                                                  |     |        | xor_ln52_139             | xor       | auto                     | 0       |
|     and_ln52_92_fu_2551_p2                                                   |     |        | and_ln52_92              | and       | auto                     | 0       |
|     select_ln52_91_fu_2557_p3                                                |     |        | select_ln52_91           | select    | auto_sel                 | 0       |
|     or_ln52_125_fu_2565_p2                                                   |     |        | or_ln52_125              | or        | auto                     | 0       |
|     select_ln52_92_fu_2571_p3                                                |     |        | select_ln52_92           | select    | auto_sel                 | 0       |
|     out_data_0_14_0_0_0_load_fu_2579_p3                                      |     |        | out_data_0_14_0_0_0_load | select    | auto_sel                 | 0       |
|     icmp_ln51_46_fu_2587_p2                                                  |     |        | icmp_ln51_46             | setgt     | auto                     | 0       |
|     add_ln52_46_fu_2631_p2                                                   |     |        | add_ln52_46              | add       | fabric                   | 0       |
|     icmp_ln52_46_fu_2655_p2                                                  |     |        | icmp_ln52_46             | seteq     | auto                     | 0       |
|     xor_ln52_140_fu_2661_p2                                                  |     |        | xor_ln52_140             | xor       | auto                     | 0       |
|     or_ln52_126_fu_2667_p2                                                   |     |        | or_ln52_126              | or        | auto                     | 0       |
|     and_ln52_93_fu_2673_p2                                                   |     |        | and_ln52_93              | and       | auto                     | 0       |
|     xor_ln52_141_fu_2679_p2                                                  |     |        | xor_ln52_141             | xor       | auto                     | 0       |
|     or_ln52_93_fu_2685_p2                                                    |     |        | or_ln52_93               | or        | auto                     | 0       |
|     xor_ln52_142_fu_2691_p2                                                  |     |        | xor_ln52_142             | xor       | auto                     | 0       |
|     and_ln52_94_fu_2697_p2                                                   |     |        | and_ln52_94              | and       | auto                     | 0       |
|     select_ln52_93_fu_2703_p3                                                |     |        | select_ln52_93           | select    | auto_sel                 | 0       |
|     or_ln52_127_fu_2711_p2                                                   |     |        | or_ln52_127              | or        | auto                     | 0       |
|     select_ln52_94_fu_2717_p3                                                |     |        | select_ln52_94           | select    | auto_sel                 | 0       |
|     out_data_0_15_0_0_0_load_fu_2725_p3                                      |     |        | out_data_0_15_0_0_0_load | select    | auto_sel                 | 0       |
|   + dense_array_ap_fixed_16u_array_ap_fixed_25_13_5_3_0_4u_config9_s         | 1   |        |                          |           |                          |         |
|    + dense_resource_rf_gt_nin_rem0_ap_fixed_ap_fixed_25_13_5_3_0_config9_s   | 1   |        |                          |           |                          |         |
|      sparsemux_33_4_10_1_1_U294                                              |     |        | a                        | sparsemux | compactencoding_dontcare | 0       |
|      mac_muladd_10s_7s_25s_26_1_1_U296                                       | 1   |        | mul_ln73                 | mul       | dsp_slice                | 0       |
|      sparsemux_9_2_25_1_1_U295                                               |     |        | tmp                      | sparsemux | compactencoding_dontcare | 0       |
|      mac_muladd_10s_7s_25s_26_1_1_U296                                       | 1   |        | sext_ln144_4             | sext      | dsp_slice                | 0       |
|      mac_muladd_10s_7s_25s_26_1_1_U296                                       | 1   |        | add_ln144                | add       | dsp_slice                | 0       |
|      icmp_ln144_fu_912_p2                                                    |     |        | icmp_ln144               | seteq     | auto                     | 0       |
|      icmp_ln144_3_fu_918_p2                                                  |     |        | icmp_ln144_3             | seteq     | auto                     | 0       |
|      icmp_ln144_4_fu_924_p2                                                  |     |        | icmp_ln144_4             | seteq     | auto                     | 0       |
|      icmp_ln144_5_fu_930_p2                                                  |     |        | icmp_ln144_5             | setne     | auto                     | 0       |
|      or_ln144_fu_935_p2                                                      |     |        | or_ln144                 | or        | auto                     | 0       |
|      or_ln144_1_fu_941_p2                                                    |     |        | or_ln144_1               | or        | auto                     | 0       |
|      or_ln144_2_fu_947_p2                                                    |     |        | or_ln144_2               | or        | auto                     | 0       |
|      acc_164_fu_953_p3                                                       |     |        | acc_164                  | select    | auto_sel                 | 0       |
|      or_ln144_3_fu_964_p2                                                    |     |        | or_ln144_3               | or        | auto                     | 0       |
|      acc_163_fu_970_p3                                                       |     |        | acc_163                  | select    | auto_sel                 | 0       |
|      acc_162_fu_978_p3                                                       |     |        | acc_162                  | select    | auto_sel                 | 0       |
|      acc_161_fu_986_p3                                                       |     |        | acc_161                  | select    | auto_sel                 | 0       |
|      acc_fu_994_p3                                                           |     |        | acc                      | select    | auto_sel                 | 0       |
|      in_index_fu_1002_p2                                                     |     |        | in_index                 | add       | fabric                   | 0       |
|      icmp_ln154_fu_1018_p2                                                   |     |        | icmp_ln154               | setgt     | auto                     | 0       |
|      in_index_6_fu_1024_p3                                                   |     |        | in_index_6               | select    | auto_sel                 | 0       |
|      w_index_fu_788_p2                                                       |     |        | w_index                  | add       | fabric                   | 0       |
|      icmp_ln135_fu_794_p2                                                    |     |        | icmp_ln135               | seteq     | auto                     | 0       |
|  + wedrowiec_hls_axi_Pipeline_VITIS_LOOP_31_4                                | 0   |        |                          |           |                          |         |
|    icmp_ln31_fu_139_p2                                                       |     |        | icmp_ln31                | seteq     | auto                     | 0       |
|    add_ln31_fu_145_p2                                                        |     |        | add_ln31                 | add       | fabric                   | 0       |
|    icmp_ln32_fu_156_p2                                                       |     |        | icmp_ln32                | seteq     | auto                     | 0       |
|    last_fu_162_p2                                                            |     |        | last                     | and       | auto                     | 0       |
|    icmp_ln33_fu_173_p2                                                       |     |        | icmp_ln33                | seteq     | auto                     | 0       |
|    sub_ln33_fu_187_p2                                                        |     |        | sub_ln33                 | sub       | fabric                   | 0       |
|    select_ln33_fu_193_p3                                                     |     |        | select_ln33              | select    | auto_sel                 | 0       |
|    ctlz_25_25_1_1_U334                                                       |     |        | tmp_8                    | ctlz      | auto                     | 0       |
|    sub_ln33_1_fu_212_p2                                                      |     |        | sub_ln33_1               | sub       | fabric                   | 0       |
|    add_ln33_fu_222_p2                                                        |     |        | add_ln33                 | add       | fabric                   | 0       |
|    xor_ln33_fu_240_p2                                                        |     |        | xor_ln33                 | xor       | auto                     | 0       |
|    bitselect_1ns_25ns_32s_1_1_1_U335                                         |     |        | tmp_2                    | bitselect | auto                     | 0       |
|    phi_ln33_fu_253_p2                                                        |     |        | phi_ln33                 | and       | auto                     | 0       |
|    icmp_ln33_1_fu_265_p2                                                     |     |        | icmp_ln33_1              | setgt     | auto                     | 0       |
|    add_ln33_1_fu_271_p2                                                      |     |        | add_ln33_1               | add       | fabric                   | 0       |
|    lshr_ln33_fu_285_p2                                                       |     |        | lshr_ln33                | lshr      | auto_pipe                | 0       |
|    shl_ln33_fu_299_p2                                                        |     |        | shl_ln33                 | shl       | auto_pipe                | 0       |
|    cond50_i_i_fu_305_p3                                                      |     |        | cond50_i_i               | select    | auto_sel                 | 0       |
|    add_ln33_2_fu_317_p2                                                      |     |        | add_ln33_2               | add       | fabric                   | 0       |
|    select_ln33_1_fu_345_p3                                                   |     |        | select_ln33_1            | select    | auto_sel                 | 0       |
|    sub_ln33_2_fu_353_p2                                                      |     |        | sub_ln33_2               | sub       | fabric                   | 0       |
|    add_ln33_3_fu_363_p2                                                      |     |        | add_ln33_3               | add       | fabric                   | 0       |
|    out_r_TDATA                                                               |     |        | select_ln33_2            | select    | auto_sel                 | 0       |
+------------------------------------------------------------------------------+-----+--------+--------------------------+-----------+--------------------------+---------+


================================================================
== Storage Report
================================================================
+-----------------------------------------------------------------------------+---------------+--------+------+------+--------+------------+------+---------+------------------+
| Name                                                                        | Usage         | Type   | BRAM | URAM | Pragma | Variable   | Impl | Latency | Bitwidth, Depth, |
|                                                                             |               |        |      |      |        |            |      |         | Banks            |
+-----------------------------------------------------------------------------+---------------+--------+------+------+--------+------------+------+---------+------------------+
| + wedrowiec_hls_axi                                                         |               |        | 7    | 0    |        |            |      |         |                  |
|   in_local_fifo_U                                                           | fifo array    |        |      |      |        | in_local   | srl  | 0       | 64, 8, 1         |
|   out_local_fifo_U                                                          | fifo array    |        |      |      |        | out_local  | srl  | 0       | 100, 1, 1        |
|   ctype_U                                                                   | ram_t2p array |        |      |      |        | ctype      | auto | 1       | 25, 4, 1         |
|  + wedrowiec_hls                                                            |               |        | 7    | 0    |        |            |      |         |                  |
|    layer3_out_U                                                             | fifo channel  | stream |      |      |        | layer3_out | srl  | 0       | 800, 1, 1        |
|    layer4_out_U                                                             | fifo channel  | stream |      |      |        | layer4_out | srl  | 0       | 320, 1, 1        |
|    layer5_out_U                                                             | fifo channel  | stream |      |      |        | layer5_out | srl  | 0       | 832, 1, 1        |
|    layer6_out_U                                                             | fifo channel  | stream |      |      |        | layer6_out | srl  | 0       | 320, 1, 1        |
|    layer7_out_U                                                             | fifo channel  | stream |      |      |        | layer7_out | srl  | 0       | 416, 1, 1        |
|    layer8_out_U                                                             | fifo channel  | stream |      |      |        | layer8_out | srl  | 0       | 160, 1, 1        |
|   + dense_array_ap_ufixed_8u_array_ap_fixed_25_12_5_3_0_32u_config3_s       |               |        | 2    | 0    |        |            |      |         |                  |
|    + dense_resource_rf_gt_nin_rem0_ap_ufixed_ap_fixed_25_12_5_3_0_config3_s |               |        | 2    | 0    |        |            |      |         |                  |
|      outidx_U                                                               | rom_1p        |        | 1    |      |        | outidx     | auto | 1       | 5, 2048, 1       |
|      w3_U                                                                   | rom_np        |        | 1    |      | pragma | w3         | bram | 1       | 7, 2048, 1       |
|   + dense_array_ap_fixed_32u_array_ap_fixed_26_14_5_3_0_32u_config5_s       |               |        | 2    | 0    |        |            |      |         |                  |
|    + dense_resource_rf_gt_nin_rem0_ap_fixed_ap_fixed_26_14_5_3_0_config5_s  |               |        | 2    | 0    |        |            |      |         |                  |
|      outidx_9_U                                                             | rom_1p        |        | 1    |      |        | outidx_9   | auto | 1       | 5, 1024, 1       |
|      w5_U                                                                   | rom_np        |        | 1    |      | pragma | w5         | bram | 1       | 7, 1024, 1       |
|   + dense_array_ap_fixed_32u_array_ap_fixed_26_14_5_3_0_16u_config7_s       |               |        | 2    | 0    |        |            |      |         |                  |
|    + dense_resource_rf_gt_nin_rem0_ap_fixed_ap_fixed_26_14_5_3_0_config7_s  |               |        | 2    | 0    |        |            |      |         |                  |
|      outidx_18_U                                                            | rom_1p        |        | 1    |      |        | outidx_18  | auto | 1       | 4, 512, 1        |
|      w7_U                                                                   | rom_np        |        | 1    |      | pragma | w7         | bram | 1       | 7, 512, 1        |
|   + dense_array_ap_fixed_16u_array_ap_fixed_25_13_5_3_0_4u_config9_s        |               |        | 1    | 0    |        |            |      |         |                  |
|    + dense_resource_rf_gt_nin_rem0_ap_fixed_ap_fixed_25_13_5_3_0_config9_s  |               |        | 1    | 0    |        |            |      |         |                  |
|      outidx_27_U                                                            | rom_1p        |        |      |      |        | outidx_27  | auto | 1       | 2, 64, 1         |
|      w9_U                                                                   | rom_np        |        | 1    |      | pragma | w9         | bram | 1       | 7, 64, 1         |
+-----------------------------------------------------------------------------+---------------+--------+------+------+--------+------------+------+---------+------------------+


================================================================
== Pragma Report
================================================================
* Ignored Pragmas
+------------+---------------------+---------------------------------------------------------------+------------------------------------------------------------------+
| Type       | Options             | Location                                                      | Messages                                                         |
+------------+---------------------+---------------------------------------------------------------+------------------------------------------------------------------+
| allocation | instances = softmax | firmware/nnet_utils/nnet_activation.h:402 in softmax_multidim | unexpected pragma argument 'softmax', expects function/operation |
| data_pack  | variable            | firmware/wedrowiec_hls_axi.cpp:18 in wedrowiec_hls_axi        | the pragma is not supported and will be ignored                  |
+------------+---------------------+---------------------------------------------------------------+------------------------------------------------------------------+

* Pragmas with Warnings
+----------+-----------------------------------+-----------------------------------------------------------------------------------------+----------------------------------------------------------------------------+
| Type     | Options                           | Location                                                                                | Messages                                                                   |
+----------+-----------------------------------+-----------------------------------------------------------------------------------------+----------------------------------------------------------------------------+
| resource | variable=weights core=ROM_nP_BRAM | firmware/nnet_utils/nnet_dense_resource.h:33 in dense_resource_rf_leq_nin, weights      | 'Resource pragma' is deprecated, use 'bind_op/bind_storage pragma' instead |
| resource | variable=weights core=ROM_nP_BRAM | firmware/nnet_utils/nnet_dense_resource.h:107 in dense_resource_rf_gt_nin_rem0, weights | 'Resource pragma' is deprecated, use 'bind_op/bind_storage pragma' instead |
| resource | variable=weights core=ROM_nP_BRAM | firmware/nnet_utils/nnet_dense_resource.h:189 in dense_resource_rf_gt_nin, weights      | 'Resource pragma' is deprecated, use 'bind_op/bind_storage pragma' instead |
| pipeline | II=CONFIG_T::reuse_factor         | firmware/nnet_utils/nnet_dense_stream.h:18 in dense_wrapper                             | Only for/while/do loop or function body support the pipeline pragma        |
| pipeline |                                   | firmware/nnet_utils/nnet_dense_stream.h:36 in dense                                     | Only for/while/do loop or function body support the pipeline pragma        |
| pipeline |                                   | firmware/nnet_utils/nnet_dense_stream.h:51 in dense                                     | Only for/while/do loop or function body support the pipeline pragma        |
+----------+-----------------------------------+-----------------------------------------------------------------------------------------+----------------------------------------------------------------------------+

* Valid Pragma Syntax
+----------------------+-----------------------------------------------------------------------+------------------------------------------------------------------------------------------------+
| Type                 | Options                                                               | Location                                                                                       |
+----------------------+-----------------------------------------------------------------------+------------------------------------------------------------------------------------------------+
| pipeline             |                                                                       | firmware/nnet_utils/nnet_activation.h:29 in linear                                             |
| pipeline             |                                                                       | firmware/nnet_utils/nnet_activation.h:40 in relu                                               |
| pipeline             |                                                                       | firmware/nnet_utils/nnet_activation.h:54 in relu_max                                           |
| pipeline             |                                                                       | firmware/nnet_utils/nnet_activation.h:109 in sigmoid                                           |
| pipeline             |                                                                       | firmware/nnet_utils/nnet_activation.h:176 in softmax_latency                                   |
| array_partition      | variable=exp_res complete                                             | firmware/nnet_utils/nnet_activation.h:198 in softmax_latency, exp_res                          |
| unroll               |                                                                       | firmware/nnet_utils/nnet_activation.h:201 in softmax_latency                                   |
| unroll               |                                                                       | firmware/nnet_utils/nnet_activation.h:214 in softmax_latency                                   |
| pipeline             |                                                                       | firmware/nnet_utils/nnet_activation.h:221 in softmax_stable                                    |
| unroll               |                                                                       | firmware/nnet_utils/nnet_activation.h:247 in softmax_stable                                    |
| array_partition      | variable=exp_res complete                                             | firmware/nnet_utils/nnet_activation.h:253 in softmax_stable, exp_res                           |
| unroll               |                                                                       | firmware/nnet_utils/nnet_activation.h:256 in softmax_stable                                    |
| unroll               |                                                                       | firmware/nnet_utils/nnet_activation.h:269 in softmax_stable                                    |
| pipeline             |                                                                       | firmware/nnet_utils/nnet_activation.h:317 in softmax_legacy                                    |
| unroll               |                                                                       | firmware/nnet_utils/nnet_activation.h:362 in softmax_argmax                                    |
| pipeline             |                                                                       | firmware/nnet_utils/nnet_activation.h:370 in softmax_argmax                                    |
| inline               |                                                                       | firmware/nnet_utils/nnet_activation.h:382 in softmax                                           |
| inline               |                                                                       | firmware/nnet_utils/nnet_activation.h:401 in softmax_multidim                                  |
| unroll               |                                                                       | firmware/nnet_utils/nnet_activation.h:406 in softmax_multidim                                  |
| unroll               |                                                                       | firmware/nnet_utils/nnet_activation.h:408 in softmax_multidim                                  |
| unroll               |                                                                       | firmware/nnet_utils/nnet_activation.h:410 in softmax_multidim                                  |
| unroll               |                                                                       | firmware/nnet_utils/nnet_activation.h:415 in softmax_multidim                                  |
| pipeline             |                                                                       | firmware/nnet_utils/nnet_activation.h:452 in tanh                                              |
| function_instantiate | variable=table                                                        | firmware/nnet_utils/nnet_activation.h:481 in unary_lut, table                                  |
| array_partition      | variable=table                                                        | firmware/nnet_utils/nnet_activation.h:482 in unary_lut, table                                  |
| unroll               |                                                                       | firmware/nnet_utils/nnet_activation.h:485 in unary_lut                                         |
| pipeline             |                                                                       | firmware/nnet_utils/nnet_activation.h:496 in hard_sigmoid                                      |
| pipeline             |                                                                       | firmware/nnet_utils/nnet_activation.h:511 in hard_tanh                                         |
| pipeline             |                                                                       | firmware/nnet_utils/nnet_activation.h:529 in leaky_relu                                        |
| pipeline             |                                                                       | firmware/nnet_utils/nnet_activation.h:546 in thresholded_relu                                  |
| pipeline             |                                                                       | firmware/nnet_utils/nnet_activation.h:591 in softplus                                          |
| pipeline             |                                                                       | firmware/nnet_utils/nnet_activation.h:640 in softsign                                          |
| pipeline             |                                                                       | firmware/nnet_utils/nnet_activation.h:689 in elu                                               |
| pipeline             |                                                                       | firmware/nnet_utils/nnet_activation.h:748 in selu                                              |
| pipeline             |                                                                       | firmware/nnet_utils/nnet_activation.h:776 in prelu                                             |
| pipeline             |                                                                       | firmware/nnet_utils/nnet_activation.h:804 in binary_tanh                                       |
| pipeline             |                                                                       | firmware/nnet_utils/nnet_activation.h:824 in ternary_tanh                                      |
| pipeline             |                                                                       | firmware/nnet_utils/nnet_activation_stream.h:20 in linear                                      |
| unroll               |                                                                       | firmware/nnet_utils/nnet_activation_stream.h:28 in linear                                      |
| pipeline             |                                                                       | firmware/nnet_utils/nnet_activation_stream.h:42 in relu                                        |
| unroll               |                                                                       | firmware/nnet_utils/nnet_activation_stream.h:50 in relu                                        |
| pipeline             |                                                                       | firmware/nnet_utils/nnet_activation_stream.h:81 in sigmoid                                     |
| unroll               |                                                                       | firmware/nnet_utils/nnet_activation_stream.h:89 in sigmoid                                     |
| array_partition      | variable=exp_res complete                                             | firmware/nnet_utils/nnet_activation_stream.h:133 in softmax_latency, exp_res                   |
| pipeline             | II=ii                                                                 | firmware/nnet_utils/nnet_activation_stream.h:137 in softmax_latency                            |
| unroll               |                                                                       | firmware/nnet_utils/nnet_activation_stream.h:142 in softmax_latency                            |
| unroll               |                                                                       | firmware/nnet_utils/nnet_activation_stream.h:160 in softmax_latency                            |
| allocation           | operation instances=mul limit=multiplier_limit                        | firmware/nnet_utils/nnet_activation_stream.h:161 in softmax_latency                            |
| array_partition      | variable=data_array complete                                          | firmware/nnet_utils/nnet_activation_stream.h:193 in softmax_stable, data_array                 |
| pipeline             | II=ii                                                                 | firmware/nnet_utils/nnet_activation_stream.h:196 in softmax_stable                             |
| unroll               |                                                                       | firmware/nnet_utils/nnet_activation_stream.h:201 in softmax_stable                             |
| unroll               |                                                                       | firmware/nnet_utils/nnet_activation_stream.h:212 in softmax_stable                             |
| array_partition      | variable=exp_res complete                                             | firmware/nnet_utils/nnet_activation_stream.h:218 in softmax_stable, exp_res                    |
| unroll               |                                                                       | firmware/nnet_utils/nnet_activation_stream.h:221 in softmax_stable                             |
| unroll               |                                                                       | firmware/nnet_utils/nnet_activation_stream.h:239 in softmax_stable                             |
| allocation           | operation instances=mul limit=multiplier_limit                        | firmware/nnet_utils/nnet_activation_stream.h:240 in softmax_stable                             |
| pipeline             |                                                                       | firmware/nnet_utils/nnet_activation_stream.h:272 in softmax_legacy                             |
| unroll               |                                                                       | firmware/nnet_utils/nnet_activation_stream.h:276 in softmax_legacy                             |
| unroll               |                                                                       | firmware/nnet_utils/nnet_activation_stream.h:283 in softmax_legacy                             |
| unroll               |                                                                       | firmware/nnet_utils/nnet_activation_stream.h:286 in softmax_legacy                             |
| unroll               |                                                                       | firmware/nnet_utils/nnet_activation_stream.h:309 in softmax_legacy                             |
| pipeline             |                                                                       | firmware/nnet_utils/nnet_activation_stream.h:326 in softmax_argmax                             |
| unroll               |                                                                       | firmware/nnet_utils/nnet_activation_stream.h:331 in softmax_argmax                             |
| pipeline             |                                                                       | firmware/nnet_utils/nnet_activation_stream.h:339 in softmax_argmax                             |
| pipeline             |                                                                       | firmware/nnet_utils/nnet_activation_stream.h:390 in tanh                                       |
| unroll               |                                                                       | firmware/nnet_utils/nnet_activation_stream.h:398 in tanh                                       |
| function_instantiate | variable=table                                                        | firmware/nnet_utils/nnet_activation_stream.h:418 in unary_lut, table                           |
| array_partition      | variable=table complete                                               | firmware/nnet_utils/nnet_activation_stream.h:419 in unary_lut, table                           |
| pipeline             | II=CONFIG_T::reuse_factor rewind                                      | firmware/nnet_utils/nnet_activation_stream.h:423 in unary_lut                                  |
| unroll               |                                                                       | firmware/nnet_utils/nnet_activation_stream.h:431 in unary_lut                                  |
| pipeline             |                                                                       | firmware/nnet_utils/nnet_activation_stream.h:449 in hard_sigmoid                               |
| unroll               |                                                                       | firmware/nnet_utils/nnet_activation_stream.h:457 in hard_sigmoid                               |
| pipeline             |                                                                       | firmware/nnet_utils/nnet_activation_stream.h:474 in hard_tanh                                  |
| unroll               |                                                                       | firmware/nnet_utils/nnet_activation_stream.h:482 in hard_tanh                                  |
| pipeline             |                                                                       | firmware/nnet_utils/nnet_activation_stream.h:503 in leaky_relu                                 |
| unroll               |                                                                       | firmware/nnet_utils/nnet_activation_stream.h:511 in leaky_relu                                 |
| pipeline             |                                                                       | firmware/nnet_utils/nnet_activation_stream.h:529 in thresholded_relu                           |
| unroll               |                                                                       | firmware/nnet_utils/nnet_activation_stream.h:537 in thresholded_relu                           |
| pipeline             |                                                                       | firmware/nnet_utils/nnet_activation_stream.h:568 in softplus                                   |
| unroll               |                                                                       | firmware/nnet_utils/nnet_activation_stream.h:576 in softplus                                   |
| pipeline             |                                                                       | firmware/nnet_utils/nnet_activation_stream.h:609 in softsign                                   |
| unroll               |                                                                       | firmware/nnet_utils/nnet_activation_stream.h:617 in softsign                                   |
| pipeline             |                                                                       | firmware/nnet_utils/nnet_activation_stream.h:650 in elu                                        |
| unroll               |                                                                       | firmware/nnet_utils/nnet_activation_stream.h:658 in elu                                        |
| pipeline             |                                                                       | firmware/nnet_utils/nnet_activation_stream.h:698 in selu                                       |
| unroll               |                                                                       | firmware/nnet_utils/nnet_activation_stream.h:706 in selu                                       |
| pipeline             |                                                                       | firmware/nnet_utils/nnet_activation_stream.h:730 in prelu                                      |
| unroll               |                                                                       | firmware/nnet_utils/nnet_activation_stream.h:738 in prelu                                      |
| pipeline             |                                                                       | firmware/nnet_utils/nnet_activation_stream.h:756 in binary_tanh                                |
| unroll               |                                                                       | firmware/nnet_utils/nnet_activation_stream.h:765 in binary_tanh                                |
| pipeline             |                                                                       | firmware/nnet_utils/nnet_activation_stream.h:784 in ternary_tanh                               |
| unroll               |                                                                       | firmware/nnet_utils/nnet_activation_stream.h:792 in ternary_tanh                               |
| array_partition      | variable=data_buf complete dim=0                                      | firmware/nnet_utils/nnet_conv1d_latency.h:19 in conv_1d_latency_cl, data_buf                   |
| array_partition      | variable=mult complete                                                | firmware/nnet_utils/nnet_conv1d_latency.h:22 in conv_1d_latency_cl, mult                       |
| array_partition      | variable=acc complete                                                 | firmware/nnet_utils/nnet_conv1d_latency.h:25 in conv_1d_latency_cl, acc                        |
| array_partition      | variable=weights complete                                             | firmware/nnet_utils/nnet_conv1d_latency.h:27 in conv_1d_latency_cl, weights                    |
| array_partition      | variable=biases complete                                              | firmware/nnet_utils/nnet_conv1d_latency.h:28 in conv_1d_latency_cl, biases                     |
| allocation           | operation instances=mul limit=CONFIG_T::mult_config::multiplier_limit | firmware/nnet_utils/nnet_conv1d_latency.h:31 in conv_1d_latency_cl                             |
| pipeline             | II=CONFIG_T::reuse_factor rewind                                      | firmware/nnet_utils/nnet_conv1d_latency.h:35 in conv_1d_latency_cl                             |
| unroll               |                                                                       | firmware/nnet_utils/nnet_conv1d_latency.h:41 in conv_1d_latency_cl                             |
| unroll               |                                                                       | firmware/nnet_utils/nnet_conv1d_latency.h:48 in conv_1d_latency_cl                             |
| unroll               |                                                                       | firmware/nnet_utils/nnet_conv1d_latency.h:52 in conv_1d_latency_cl                             |
| unroll               |                                                                       | firmware/nnet_utils/nnet_conv1d_latency.h:62 in conv_1d_latency_cl                             |
| unroll               |                                                                       | firmware/nnet_utils/nnet_conv1d_latency.h:69 in conv_1d_latency_cl                             |
| unroll               |                                                                       | firmware/nnet_utils/nnet_conv1d_latency.h:72 in conv_1d_latency_cl                             |
| unroll               |                                                                       | firmware/nnet_utils/nnet_conv1d_latency.h:80 in conv_1d_latency_cl                             |
| array_partition      | variable=mult complete dim=0                                          | firmware/nnet_utils/nnet_conv1d_latency.h:97 in pointwise_conv_1d_latency_cl, mult             |
| array_partition      | variable=acc complete dim=0                                           | firmware/nnet_utils/nnet_conv1d_latency.h:98 in pointwise_conv_1d_latency_cl, acc              |
| function_instantiate | variable=weights,biases                                               | firmware/nnet_utils/nnet_conv1d_latency.h:101 in pointwise_conv_1d_latency_cl, weights,biases  |
| pipeline             | II=CONFIG_T::reuse_factor                                             | firmware/nnet_utils/nnet_conv1d_latency.h:104 in pointwise_conv_1d_latency_cl                  |
| array_partition      | variable=weights complete dim=0                                       | firmware/nnet_utils/nnet_conv1d_latency.h:105 in pointwise_conv_1d_latency_cl, weights         |
| array_partition      | variable=biases complete dim=0                                        | firmware/nnet_utils/nnet_conv1d_latency.h:106 in pointwise_conv_1d_latency_cl, biases          |
| allocation           | operation instances=mul limit=CONFIG_T::mult_config::multiplier_limit | firmware/nnet_utils/nnet_conv1d_latency.h:109 in pointwise_conv_1d_latency_cl                  |
| unroll               |                                                                       | firmware/nnet_utils/nnet_conv1d_latency.h:118 in pointwise_conv_1d_latency_cl                  |
| unroll               |                                                                       | firmware/nnet_utils/nnet_conv1d_latency.h:137 in pointwise_conv_1d_latency_cl                  |
| unroll               |                                                                       | firmware/nnet_utils/nnet_conv1d_latency.h:159 in pointwise_conv_1d_latency_cl                  |
| inline               |                                                                       | firmware/nnet_utils/nnet_dense.h:44 in dense                                                   |
| inline               |                                                                       | firmware/nnet_utils/nnet_dense.h:53 in dense                                                   |
| inline               |                                                                       | firmware/nnet_utils/nnet_dense.h:64 in dense                                                   |
| inline               |                                                                       | firmware/nnet_utils/nnet_dense.h:75 in dense                                                   |
| unroll               |                                                                       | firmware/nnet_utils/nnet_dense_compressed.h:15 in fill_mult                                    |
| array_partition      | variable=acc complete                                                 | firmware/nnet_utils/nnet_dense_compressed.h:29 in dense_compressed, acc                        |
| array_partition      | variable=biases complete                                              | firmware/nnet_utils/nnet_dense_compressed.h:30 in dense_compressed, biases                     |
| array_reshape        | variable=weights block factor=multiplier_limit                        | firmware/nnet_utils/nnet_dense_compressed.h:31 in dense_compressed, weights                    |
| aggregate            | variable=weights                                                      | firmware/nnet_utils/nnet_dense_compressed.h:34 in dense_compressed, weights                    |
| unroll               |                                                                       | firmware/nnet_utils/nnet_dense_compressed.h:41 in dense_compressed                             |
| pipeline             | II=1 rewind                                                           | firmware/nnet_utils/nnet_dense_compressed.h:49 in dense_compressed                             |
| array_partition      | variable=mult complete                                                | firmware/nnet_utils/nnet_dense_compressed.h:52 in dense_compressed, mult                       |
| unroll               |                                                                       | firmware/nnet_utils/nnet_dense_compressed.h:56 in dense_compressed                             |
| unroll               |                                                                       | firmware/nnet_utils/nnet_dense_compressed.h:62 in dense_compressed                             |
| unroll               |                                                                       | firmware/nnet_utils/nnet_dense_compressed.h:82 in dense_compressed                             |
| function_instantiate | variable=weights,biases                                               | firmware/nnet_utils/nnet_dense_latency.h:21 in dense_latency, weights,biases                   |
| pipeline             | II=CONFIG_T::reuse_factor                                             | firmware/nnet_utils/nnet_dense_latency.h:26 in dense_latency                                   |
| array_partition      | variable=biases complete                                              | firmware/nnet_utils/nnet_dense_latency.h:29 in dense_latency, biases                           |
| array_partition      | variable=mult complete                                                | firmware/nnet_utils/nnet_dense_latency.h:30 in dense_latency, mult                             |
| array_partition      | variable=acc complete                                                 | firmware/nnet_utils/nnet_dense_latency.h:31 in dense_latency, acc                              |
| allocation           | operation instances=mul limit=CONFIG_T::multiplier_limit              | firmware/nnet_utils/nnet_dense_latency.h:33 in dense_latency                                   |
| function_instantiate | variable=weights,biases                                               | firmware/nnet_utils/nnet_dense_resource.h:28 in dense_resource_rf_leq_nin, weights,biases      |
| array_reshape        | variable=weights block factor=block_factor                            | firmware/nnet_utils/nnet_dense_resource.h:29 in dense_resource_rf_leq_nin, weights             |
| array_partition      | variable=biases complete                                              | firmware/nnet_utils/nnet_dense_resource.h:30 in dense_resource_rf_leq_nin, biases              |
| array_partition      | variable=acc complete                                                 | firmware/nnet_utils/nnet_dense_resource.h:37 in dense_resource_rf_leq_nin, acc                 |
| unroll               |                                                                       | firmware/nnet_utils/nnet_dense_resource.h:41 in dense_resource_rf_leq_nin                      |
| pipeline             | II=1 rewind                                                           | firmware/nnet_utils/nnet_dense_resource.h:47 in dense_resource_rf_leq_nin                      |
| unroll               |                                                                       | firmware/nnet_utils/nnet_dense_resource.h:56 in dense_resource_rf_leq_nin                      |
| unroll               |                                                                       | firmware/nnet_utils/nnet_dense_resource.h:81 in dense_resource_rf_leq_nin                      |
| function_instantiate | variable=weights,biases                                               | firmware/nnet_utils/nnet_dense_resource.h:102 in dense_resource_rf_gt_nin_rem0, weights,biases |
| array_reshape        | variable=weights block factor=block_factor                            | firmware/nnet_utils/nnet_dense_resource.h:103 in dense_resource_rf_gt_nin_rem0, weights        |
| array_partition      | variable=biases complete                                              | firmware/nnet_utils/nnet_dense_resource.h:104 in dense_resource_rf_gt_nin_rem0, biases         |
| array_partition      | variable=acc complete                                                 | firmware/nnet_utils/nnet_dense_resource.h:111 in dense_resource_rf_gt_nin_rem0, acc            |
| unroll               |                                                                       | firmware/nnet_utils/nnet_dense_resource.h:115 in dense_resource_rf_gt_nin_rem0                 |
| pipeline             | II=1 rewind                                                           | firmware/nnet_utils/nnet_dense_resource.h:136 in dense_resource_rf_gt_nin_rem0                 |
| unroll               |                                                                       | firmware/nnet_utils/nnet_dense_resource.h:143 in dense_resource_rf_gt_nin_rem0                 |
| unroll               |                                                                       | firmware/nnet_utils/nnet_dense_resource.h:163 in dense_resource_rf_gt_nin_rem0                 |
| function_instantiate | variable=weights,biases                                               | firmware/nnet_utils/nnet_dense_resource.h:184 in dense_resource_rf_gt_nin, weights,biases      |
| array_reshape        | variable=weights block factor=block_factor                            | firmware/nnet_utils/nnet_dense_resource.h:185 in dense_resource_rf_gt_nin, weights             |
| array_partition      | variable=biases complete                                              | firmware/nnet_utils/nnet_dense_resource.h:186 in dense_resource_rf_gt_nin, biases              |
| array_partition      | variable=acc complete                                                 | firmware/nnet_utils/nnet_dense_resource.h:193 in dense_resource_rf_gt_nin, acc                 |
| unroll               |                                                                       | firmware/nnet_utils/nnet_dense_resource.h:197 in dense_resource_rf_gt_nin                      |
| pipeline             | II=1 rewind                                                           | firmware/nnet_utils/nnet_dense_resource.h:203 in dense_resource_rf_gt_nin                      |
| array_partition      | variable=tmpmult complete                                             | firmware/nnet_utils/nnet_dense_resource.h:205 in dense_resource_rf_gt_nin, tmpmult             |
| unroll               |                                                                       | firmware/nnet_utils/nnet_dense_resource.h:209 in dense_resource_rf_gt_nin                      |
| array_partition      | variable=mult complete                                                | firmware/nnet_utils/nnet_dense_resource.h:219 in dense_resource_rf_gt_nin, mult                |
| unroll               |                                                                       | firmware/nnet_utils/nnet_dense_resource.h:223 in dense_resource_rf_gt_nin                      |
| unroll               |                                                                       | firmware/nnet_utils/nnet_dense_resource.h:229 in dense_resource_rf_gt_nin                      |
| unroll               |                                                                       | firmware/nnet_utils/nnet_dense_resource.h:239 in dense_resource_rf_gt_nin                      |
| unroll               |                                                                       | firmware/nnet_utils/nnet_dense_resource.h:249 in dense_resource_rf_gt_nin                      |
| inline               | recursive                                                             | firmware/nnet_utils/nnet_dense_resource.h:259 in dense_resource                                |
| inline               | recursive                                                             | firmware/nnet_utils/nnet_dense_stream.h:16 in dense_wrapper                                    |
| array_partition      | variable=data complete                                                | firmware/nnet_utils/nnet_dense_stream.h:28 in dense, data                                      |
| array_partition      | variable=res complete                                                 | firmware/nnet_utils/nnet_dense_stream.h:31 in dense, res                                       |
| unroll               |                                                                       | firmware/nnet_utils/nnet_dense_stream.h:41 in dense                                            |
| unroll               |                                                                       | firmware/nnet_utils/nnet_dense_stream.h:57 in dense                                            |
| inline               |                                                                       | firmware/nnet_utils/nnet_function_stubs.h:59 in bit_shift                                      |
| inline               |                                                                       | firmware/nnet_utils/nnet_function_stubs.h:66 in bit_shift                                      |
| inline               |                                                                       | firmware/nnet_utils/nnet_function_stubs.h:73 in bit_shift                                      |
| inline               |                                                                       | firmware/nnet_utils/nnet_function_stubs.h:80 in bit_shift                                      |
| inline               |                                                                       | firmware/nnet_utils/nnet_mult.h:25 in product                                                  |
| inline               |                                                                       | firmware/nnet_utils/nnet_mult.h:34 in product                                                  |
| inline               |                                                                       | firmware/nnet_utils/nnet_mult.h:46 in product                                                  |
| inline               |                                                                       | firmware/nnet_utils/nnet_mult.h:58 in product                                                  |
| inline               |                                                                       | firmware/nnet_utils/nnet_mult.h:72 in product                                                  |
| inline               |                                                                       | firmware/nnet_utils/nnet_mult.h:82 in product                                                  |
| pipeline             |                                                                       | firmware/nnet_utils/nnet_stream.h:23 in clone_stream                                           |
| unroll               |                                                                       | firmware/nnet_utils/nnet_stream.h:33 in clone_stream                                           |
| pipeline             |                                                                       | firmware/nnet_utils/nnet_stream.h:47 in clone_stream                                           |
| unroll               |                                                                       | firmware/nnet_utils/nnet_stream.h:59 in clone_stream                                           |
| pipeline             |                                                                       | firmware/nnet_utils/nnet_stream.h:76 in clone_stream                                           |
| unroll               |                                                                       | firmware/nnet_utils/nnet_stream.h:90 in clone_stream                                           |
| pipeline             |                                                                       | firmware/nnet_utils/nnet_stream.h:109 in clone_stream                                          |
| unroll               |                                                                       | firmware/nnet_utils/nnet_stream.h:125 in clone_stream                                          |
| pipeline             |                                                                       | firmware/nnet_utils/nnet_stream.h:146 in clone_stream                                          |
| unroll               |                                                                       | firmware/nnet_utils/nnet_stream.h:164 in clone_stream                                          |
| pipeline             |                                                                       | firmware/nnet_utils/nnet_stream.h:187 in clone_stream                                          |
| unroll               |                                                                       | firmware/nnet_utils/nnet_stream.h:207 in clone_stream                                          |
| pipeline             |                                                                       | firmware/nnet_utils/nnet_stream.h:230 in repack_stream                                         |
| unroll               |                                                                       | firmware/nnet_utils/nnet_stream.h:237 in repack_stream                                         |
| pipeline             |                                                                       | firmware/nnet_utils/nnet_stream.h:247 in repack_stream                                         |
| pipeline             |                                                                       | firmware/nnet_utils/nnet_stream.h:255 in repack_stream                                         |
| unroll               |                                                                       | firmware/nnet_utils/nnet_stream.h:259 in repack_stream                                         |
| pipeline             |                                                                       | firmware/nnet_utils/nnet_stream.h:270 in repack_stream                                         |
| unroll               |                                                                       | firmware/nnet_utils/nnet_stream.h:274 in repack_stream                                         |
| pipeline             |                                                                       | firmware/nnet_utils/nnet_stream.h:295 in broadcast_stream_1x1xc                                |
| pipeline             |                                                                       | firmware/nnet_utils/nnet_stream.h:298 in broadcast_stream_1x1xc                                |
| unroll               |                                                                       | firmware/nnet_utils/nnet_stream.h:302 in broadcast_stream_1x1xc                                |
| pipeline             |                                                                       | firmware/nnet_utils/nnet_stream.h:316 in broadcast_stream_hxwx1                                |
| unroll               |                                                                       | firmware/nnet_utils/nnet_stream.h:321 in broadcast_stream_hxwx1                                |
| unroll               |                                                                       | firmware/nnet_utils/nnet_types.h:28 in operator=                                               |
| interface            | axis port=input_layer,layer9_out                                      | firmware/wedrowiec_hls.cpp:13 in wedrowiec_hls, input_layer,layer9_out                         |
| dataflow             |                                                                       | firmware/wedrowiec_hls.cpp:14 in wedrowiec_hls                                                 |
| stream               | variable=layer3_out depth=1                                           | firmware/wedrowiec_hls.cpp:38 in wedrowiec_hls, layer3_out                                     |
| stream               | variable=layer4_out depth=1                                           | firmware/wedrowiec_hls.cpp:41 in wedrowiec_hls, layer4_out                                     |
| stream               | variable=layer5_out depth=1                                           | firmware/wedrowiec_hls.cpp:44 in wedrowiec_hls, layer5_out                                     |
| stream               | variable=layer6_out depth=1                                           | firmware/wedrowiec_hls.cpp:47 in wedrowiec_hls, layer6_out                                     |
| stream               | variable=layer7_out depth=1                                           | firmware/wedrowiec_hls.cpp:50 in wedrowiec_hls, layer7_out                                     |
| stream               | variable=layer8_out depth=1                                           | firmware/wedrowiec_hls.cpp:53 in wedrowiec_hls, layer8_out                                     |
| interface            | axis port=in                                                          | firmware/wedrowiec_hls_axi.cpp:5 in wedrowiec_hls_axi, in                                      |
| interface            | axis port=out                                                         | firmware/wedrowiec_hls_axi.cpp:6 in wedrowiec_hls_axi, out                                     |
| interface            | ap_ctrl_none port=return                                              | firmware/wedrowiec_hls_axi.cpp:7 in wedrowiec_hls_axi, return                                  |
| stream               | variable=in_local depth=8                                             | firmware/wedrowiec_hls_axi.cpp:13 in wedrowiec_hls_axi, in_local                               |
| stream               | variable=out_local depth=1                                            | firmware/wedrowiec_hls_axi.cpp:14 in wedrowiec_hls_axi, out_local                              |
+----------------------+-----------------------------------------------------------------------+------------------------------------------------------------------------------------------------+


